adsh,cik,company,ticker,ticker_source,release_date,accepted,timing_basis,reaction_day,drug,phase,condition,trial_name,nct_ids,shares_outstanding,shares_filed,doc_url
0001104659-18-029542,0001434868,"Esperion Therapeutics, Inc.  (ESPR)  (CIK 0001434868)",ESPR,release_text,2018-05-02,2018-05-02T07:55:44,acceptance_time,2018-05-02,bempedoic acid,3,atherosclerotic cardiovascular disease,Study 1 or 1002-040,,26499269,2018-02-20,https://www.sec.gov/Archives/edgar/data/1434868/000110465918029542/a18-12501_28k.htm
0001493152-18-006526,0000764195,VBI Vaccines Inc/BC  (VBIVQ)  (CIK 0000764195),VBIV,release_text,2018-05-10,2018-05-10T08:30:15,acceptance_time,2018-05-10,VBI-1501,1,cytomegalovirus (CMV),,NCT02826798,64215727,2018-05-01,https://www.sec.gov/Archives/edgar/data/764195/000149315218006526/ex99-2.htm
0001437749-18-009447,0001434647,"KEMPHARM, INC  (ZVRA)  (CIK 0001434647)",KMPH,release_text,2018-05-10,2018-05-10T16:33:17,acceptance_time,2018-05-11,KP415,,attention deficit/hyperactivity disorder (ADHD),KP415.A03,,15104848,2018-03-30,https://www.sec.gov/Archives/edgar/data/1434647/000143774918009447/ex_112582.htm
0001564590-18-013520,0001582313,Xenon Pharmaceuticals Inc.  (XENE)  (CIK 0001582313),XENE,release_text,2018-05-15,2018-05-15T07:23:16,acceptance_time,2018-05-15,XEN901,1,epilepsy,,,14172188,2018-05-08,https://www.sec.gov/Archives/edgar/data/1582313/000156459018013520/xene-ex991_6.htm
0001564590-18-013716,0001628738,"Audentes Therapeutics, Inc.  (CIK 0001628738)",BOLD,release_text,2018-05-16,2018-05-16T11:31:38,acceptance_time,2018-05-16,AT132,1/2,X-Linked Myotubular Myopathy,ASPIRO,,36743621,2018-05-10,https://www.sec.gov/Archives/edgar/data/1628738/000156459018013716/bold-8k_20180516.htm
0001171843-18-004015,0001183765,"Molecular Templates, Inc.  (MTEM)  (CIK 0001183765)",MTEM,release_text,2018-05-16,2018-05-16T17:00:15,acceptance_time,2018-05-17,MT-3724,1,B-cell non-Hodgkin's lymphoma,,,27060603,2018-05-14,https://www.sec.gov/Archives/edgar/data/1183765/000117184318004015/exh_991.htm
0001104659-18-033970,0000855654,IMMUNOGEN INC  (CIK 0000855654),IMGN,release_text,2018-05-16,2018-05-17T07:50:46,release_date_only,2018-05-17,mirvetuximab soravtansine,2,ovarian cancer,FORWARD II,,133036946,2018-05-09,https://www.sec.gov/Archives/edgar/data/855654/000110465918033970/a18-13726_1ex99d1.htm
0001628280-18-007001,0000357097,"Fibrocell Science, Inc.  (CIK 0000357097)",FCSC,release_text,2018-05-21,2018-05-21T07:15:13,acceptance_time,2018-05-21,FCX-007,1/2,recessive dystrophic epidermolysis bullosa,,NCT02810951,28356351,2018-05-10,https://www.sec.gov/Archives/edgar/data/357097/000162828018007001/a052118finalfcscfcx007v9.htm
0001485003-18-000075,0001485003,"Sesen Bio, Inc.  (CARM)  (CIK 0001485003)",,missing,2018-05-21,2018-05-21T14:21:33,acceptance_time,2018-05-21,Vicinium,3,BCG-unresponsive non-muscle invasive bladder cancer,VISTA,,48390072,2018-05-15,https://www.sec.gov/Archives/edgar/data/1485003/000148500318000075/vistaauapresentation2018.htm
0001104659-18-034636,0001641640,Nabriva Therapeutics plc  (CIK 0001641640),,missing,2018-05-21,2018-05-21T08:00:47,acceptance_time,2018-05-21,lefamulin,3,CABP,LEAP 2,,40306924,2018-05-08,https://www.sec.gov/Archives/edgar/data/1641640/000110465918034636/a18-13938_18k.htm
0001615774-18-004308,0001430306,Tonix Pharmaceuticals Holding Corp.  (TNXP)  (CIK 0001430306),TNXP,release_text,2018-05-24,2018-05-24T07:06:06,acceptance_time,2018-05-24,TNX-102 SL,1,PTSD and agitation in Alzheimer’s disease,,NCT03062540,8460790,2018-05-11,https://www.sec.gov/Archives/edgar/data/1430306/000161577418004308/s110252_ex99-01.htm
0001193125-18-172007,0001347178,Vanda Pharmaceuticals Inc.  (VNDA)  (CIK 0001347178),VNDA,release_text,2018-05-23,2018-05-23T16:01:56,acceptance_time,2018-05-24,tasimelteon,,Jet Lag Disorder,JET Study,,52110701,2018-05-02,https://www.sec.gov/Archives/edgar/data/1347178/000119312518172007/d564013dex991.htm
0001564590-18-014356,0001358762,REATA PHARMACEUTICALS INC  (CIK 0001358762),RETA,release_text,2018-05-25,2018-05-25T06:03:34,acceptance_time,2018-05-25,bardoxolone methyl,2,autosomal dominant polycystic kidney disease and IgA nephropathy,PHOENIX,,,,https://www.sec.gov/Archives/edgar/data/1358762/000156459018014356/reta-8k_20180525.htm
0001104659-18-036423,0001347613,"SYNERGY PHARMACEUTICALS, INC.  (CIK 0001347613)",SGYP,release_text,2018-05-29,2018-05-29T16:31:24,acceptance_time,2018-05-30,TRULANCE (plecanatide),3,Chronic Idiopathic Constipation (CIC) and Irritable Bowel Syndrome with Constipation (IBS-C),,,246740384,2018-05-10,https://www.sec.gov/Archives/edgar/data/1347613/000110465918036423/a18-14478_1ex99d1.htm
0001193125-18-177717,0001174940,ORAGENICS INC  (OGEN)  (CIK 0001174940),OGEN,release_text,2018-05-30,2018-05-30T09:17:05,acceptance_time,2018-05-30,AG013,2,oral mucositis,,NCT03234465,6086635,2018-05-15,https://www.sec.gov/Archives/edgar/data/1174940/000119312518177717/d596803d8k.htm
0001193125-18-179489,0000921299,FIBROGEN INC  (FGEN)  (CIK 0000921299),FGEN,release_text,2018-05-31,2018-05-31T08:00:33,acceptance_time,2018-05-31,roxadustat,3,anemia in hemodialysis-dependent chronic kidney disease,,,83522252,2018-05-09,https://www.sec.gov/Archives/edgar/data/921299/000119312518179489/d598105d8k.htm
0001104659-18-036933,0001157601,"MADRIGAL PHARMACEUTICALS, INC.  (MDGL)  (CIK 0001157601)",MDGL,release_text,2018-05-31,2018-05-31T07:00:36,acceptance_time,2018-05-31,MGL-3196,2,non-alcoholic steatohepatitis (NASH),,NCT02912260,14250726,2018-05-08,https://www.sec.gov/Archives/edgar/data/1157601/000110465918036933/a18-14602_1ex99d1.htm
0001193125-18-182618,0001439222,AGIOS PHARMACEUTICALS INC  (AGIO)  (CIK 0001439222),AGIO,release_text,2018-06-01,2018-06-04T09:16:05,release_date_only,2018-06-04,AG-881,1,IDH mutant positive advanced glioma and other solid tumors,,,57605621,2018-05-04,https://www.sec.gov/Archives/edgar/data/1439222/000119312518182618/d565101d8k.htm
0001193125-18-185821,0001403752,Zymeworks Inc.  (CIK 0001403752),,missing,2018-06-01,2018-06-06T17:37:35,release_date_only,2018-06-04,ZW25,1,HER2-expressing cancers,,,25464460,2018-05-01,https://www.sec.gov/Archives/edgar/data/1403752/000119312518185821/d596080d8k.htm
0001193125-18-182449,0001654151,"Deciphera Pharmaceuticals, Inc.  (CIK 0001654151)",DCPH,release_text,2018-06-02,2018-06-04T06:30:34,release_date_only,2018-06-04,DCC-2618,1,gastrointestinal stromal tumors,,,32594128,2018-05-08,https://www.sec.gov/Archives/edgar/data/1654151/000119312518182449/d596074dex991.htm
0001640455-18-000064,0001640455,"Jounce Therapeutics, Inc.  (CIK 0001640455)",JNCE,release_text,2018-06-02,2018-06-04T06:13:00,release_date_only,2018-06-04,JTX-2011,1/2,advanced solid tumors,ICONIC,,32483442,2018-05-09,https://www.sec.gov/Archives/edgar/data/1640455/000164045518000064/jnce060420188-k.htm
0001104659-18-037792,0001581720,"Loxo Oncology, Inc.  (CIK 0001581720)",LOXO,release_text,2018-06-02,2018-06-04T06:46:26,release_date_only,2018-06-04,LOXO-292,1,RET-altered cancers,LIBRETTO-001,,30075162,2018-05-08,https://www.sec.gov/Archives/edgar/data/1581720/000110465918037792/a18-14651_18k.htm
0001193125-18-182602,0001501989,"CytomX Therapeutics, Inc.  (CTMX)  (CIK 0001501989)",CYTK,release_text,2018-06-02,2018-06-04T09:05:34,release_date_only,2018-06-04,CX-072,1/2,"advanced, unresectable solid tumors",PROCLAIM-072,,38957509,2018-05-09,https://www.sec.gov/Archives/edgar/data/1501989/000119312518182602/d596961d8k.htm
0001193125-18-182600,0001401667,"PUMA BIOTECHNOLOGY, INC.  (PBYI)  (CIK 0001401667)",PUMA,release_text,2018-06-02,2018-06-04T09:02:34,release_date_only,2018-06-04,PB272 (neratinib),1b/2,HER2-positive metastatic breast cancer,FB-10,,37811611,2018-05-10,https://www.sec.gov/Archives/edgar/data/1401667/000119312518182600/d596483d8k.htm
0001193125-18-182405,0001175505,FIVE PRIME THERAPEUTICS INC  (CIK 0001175505),,missing,2018-06-04,2018-06-04T06:07:37,acceptance_time,2018-06-04,cabiralizumab + nivolumab,1a/1b,advanced solid tumors,NCT02526017,NCT02526017;NCT03336216,35209289,2018-05-08,https://www.sec.gov/Archives/edgar/data/1175505/000119312518182405/d588733dex991.htm
0001193125-18-182512,0000921299,FIBROGEN INC  (FGEN)  (CIK 0000921299),FGEN,release_text,2018-06-03,2018-06-04T07:30:58,release_date_only,2018-06-04,pamrevlumab,1/2,locally advanced unresectable pancreatic cancer,,,83522252,2018-05-09,https://www.sec.gov/Archives/edgar/data/921299/000119312518182512/d590719dex991.htm
0001615774-18-004763,0000906709,NEKTAR THERAPEUTICS  (NKTR)  (CIK 0000906709),NKTR,release_text,2018-06-02,2018-06-04T08:46:58,release_date_only,2018-06-04,NKTR-214,1/2,"metastatic melanoma, renal cell carcinoma, and urothelial cancers",PIVOT,,171402476,2018-05-10,https://www.sec.gov/Archives/edgar/data/906709/000161577418004763/s110616_8k.htm
0001193125-18-182566,0001262104,"MEI Pharma, Inc.  (MEIP)  (CIK 0001262104)",MEIP,release_text,2018-06-04,2018-06-04T08:31:03,acceptance_time,2018-06-04,ME-401,1b,Indolent B-Cell Malignancies,,NCT03151304,37323441,2018-05-09,https://www.sec.gov/Archives/edgar/data/1262104/000119312518182566/d596104d8k.htm
0001171843-18-004400,0001183765,"Molecular Templates, Inc.  (MTEM)  (CIK 0001183765)",MTEM,release_text,2018-06-04,2018-06-04T16:30:16,acceptance_time,2018-06-05,MT-3724 and Evofosfamide,1,B-cell non-Hodgkin Lymphoma,,,27060603,2018-05-14,https://www.sec.gov/Archives/edgar/data/1183765/000117184318004400/exh_991.htm
0001654954-18-006261,0001001316,"TG THERAPEUTICS, INC.  (TGTX)  (CIK 0001001316)",TGTX,release_text,2018-06-04,2018-06-04T16:30:35,acceptance_time,2018-06-05,umbralisib,2,Chronic Lymphocytic Leukemia,KI Intolerance Study,,78010112,2018-05-10,https://www.sec.gov/Archives/edgar/data/1001316/000165495418006261/v060418_8kv1.htm
0001437749-18-011261,0000835887,PROGENICS PHARMACEUTICALS INC  (CIK 0000835887),PGNX,release_text,2018-06-04,2018-06-05T16:02:57,release_date_only,2018-06-05,AZEDRA,2,pheochromocytoma and paraganglioma,,,73718684,2018-05-09,https://www.sec.gov/Archives/edgar/data/835887/000143774918011261/ex_115928.htm
0001193125-18-183849,0001029142,DYNAVAX TECHNOLOGIES CORP  (DVAX)  (CIK 0001029142),DVAX,release_text,2018-06-04,2018-06-05T06:08:54,release_date_only,2018-06-05,SD-101,1b/2,advanced melanoma,,,62274096,2018-05-09,https://www.sec.gov/Archives/edgar/data/1029142/000119312518183849/d775958dex991.htm
0001280600-18-000035,0001280600,ACCELERON PHARMA INC  (CIK 0001280600),XLRN,release_text,2018-06-04,2018-06-05T16:43:45,release_date_only,2018-06-05,luspatercept,2,myelodysplastic syndromes,,,45775325,2018-05-08,https://www.sec.gov/Archives/edgar/data/1280600/000128060018000035/xlrn-20180605form8xkex991.htm
0001104659-18-038489,0001347613,"SYNERGY PHARMACEUTICALS, INC.  (CIK 0001347613)",SGYP,release_text,2018-06-05,2018-06-06T08:13:25,release_date_only,2018-06-06,plecanatide,,Chronic Idiopathic Constipation (CIC) and Irritable Bowel Syndrome with Constipation (IBS-C),,,246740384,2018-05-10,https://www.sec.gov/Archives/edgar/data/1347613/000110465918038489/a18-14478_2ex99d1.htm
0001193125-18-185615,0001445283,"PROTEOSTASIS THERAPEUTICS, INC.  (KA)  (CIK 0001445283)",PTI,release_text,2018-06-06,2018-06-06T16:11:14,acceptance_time,2018-06-07,PTI-801,1,cystic fibrosis,,,36081032,2018-05-09,https://www.sec.gov/Archives/edgar/data/1445283/000119312518185615/d598426d8k.htm
0001171843-18-004545,0000819050,VICAL INC  (FRTX)  (CIK 0000819050),VICL,release_text,2018-06-11,2018-06-11T06:05:16,acceptance_time,2018-06-11,therapeutic bivalent vaccine candidate for herpes simplex virus type 2,2,herpes simplex virus type 2 (HSV-2),,,21815268,2018-05-03,https://www.sec.gov/Archives/edgar/data/819050/000117184318004545/exh_991.htm
0001178913-18-001893,0001158780,PLURISTEM THERAPEUTICS INC  (PLUR)  (CIK 0001158780),PLUR,sec_current,2018-06-12,2018-06-12T15:56:10,acceptance_time,2018-06-12,PLX-PAD,2,Intermittent Claudication (IC),,,110868947,2018-05-09,https://www.sec.gov/Archives/edgar/data/1158780/000117891318001893/zk1821796.htm
0001564590-18-015482,0001641489,vTv Therapeutics Inc.  (VTVT)  (CIK 0001641489),VTVT,release_text,2018-06-12,2018-06-12T16:51:38,acceptance_time,2018-06-13,azeliragon,3,mild Alzheimer’s disease,STEADFAST,,0,2015-11-13,https://www.sec.gov/Archives/edgar/data/1641489/000156459018015482/vtvt-8k_20180612.htm
0001493152-18-008575,0001595097,"Corbus Pharmaceuticals Holdings, Inc.  (CRBP)  (CIK 0001595097)",CRBP,release_text,2018-06-13,2018-06-13T09:29:12,acceptance_time,2018-06-13,lenabasum,2,systemic sclerosis and dermatomyositis,,NCT02466243,57142496,2018-05-10,https://www.sec.gov/Archives/edgar/data/1595097/000149315218008575/ex99-1.htm
0001564590-18-015655,0001293971,"bluebird bio, Inc.  (BLUE)  (CIK 0001293971)",BLUE,release_text,2018-06-15,2018-06-15T08:05:43,acceptance_time,2018-06-15,LentiGlobin,1,severe sickle cell disease,HGB-206,,50119272,2018-05-02,https://www.sec.gov/Archives/edgar/data/1293971/000156459018015655/blue-8k_20180615.htm
0001171843-18-004660,0001629137,"Global Blood Therapeutics, Inc.  (CIK 0001629137)",GBT,release_text,2018-06-15,2018-06-15T06:01:03,acceptance_time,2018-06-15,voxelotor,2a,sickle cell disease,HOPE-KIDS 1,,51825849,2018-05-07,https://www.sec.gov/Archives/edgar/data/1629137/000117184318004660/exh_991.htm
0001171843-18-004688,0001651308,"BeiGene, Ltd.  (BGNE, BEIGF)  (CIK 0001651308)",BGNE,release_text,2018-06-15,2018-06-15T16:05:21,acceptance_time,2018-06-18,zanubrutinib,1,Waldenström macroglobulinemia,,,698883853,2018-05-09,https://www.sec.gov/Archives/edgar/data/1651308/000117184318004688/exh_991.htm
0001171843-18-004697,0001061983,CYTOKINETICS INC  (CYTK)  (CIK 0001061983),CYTK,release_text,2018-06-16,2018-06-18T06:01:01,release_date_only,2018-06-18,reldesemtiv,2,spinal muscular atrophy,,,54197546,2018-05-10,https://www.sec.gov/Archives/edgar/data/1061983/000117184318004697/exh_991.htm
0001564590-18-015793,0000873303,"Sarepta Therapeutics, Inc.  (SRPT)  (CIK 0000873303)",SRPT,release_text,2018-06-19,2018-06-19T10:41:37,acceptance_time,2018-06-19,AAVrh74.MHCK7.micro-Dystrophin,1/2a,Duchenne muscular dystrophy,,,65531046,2018-05-03,https://www.sec.gov/Archives/edgar/data/873303/000156459018015793/srpt-ex991_7.htm
0001193125-18-198673,0000818033,"HERON THERAPEUTICS, INC. /DE/  (HRTX)  (CIK 0000818033)",HRTX,release_text,2018-06-21,2018-06-21T08:11:04,acceptance_time,2018-06-21,HTX-011,2b,total knee arthroplasty and breast augmentation,Study 209 and Study 211,,71951009,2018-05-10,https://www.sec.gov/Archives/edgar/data/818033/000119312518198673/d611150d8k.htm
0001193125-18-201664,0001374690,"ZAFGEN, INC.  (LRMR)  (CIK 0001374690)",ZFGN,release_text,2018-06-23,2018-06-25T07:15:59,release_date_only,2018-06-25,ZGN-1061,2,type 2 diabetes,,,27563346,2018-05-10,https://www.sec.gov/Archives/edgar/data/1374690/000119312518201664/d466524dex991.htm
0001437749-18-012318,0001563855,SOPHIRIS BIO INC.  (CIK 0001563855),SPHS,release_text,2018-06-25,2018-06-25T09:00:28,acceptance_time,2018-06-25,topsalysin,2b,localized prostate cancer,,,30111153,2018-05-14,https://www.sec.gov/Archives/edgar/data/1563855/000143774918012318/ex_116884.htm
0001193125-18-203109,0001339970,aTYR PHARMA INC  (ATYR)  (CIK 0001339970),LIFE,release_text,2018-06-26,2018-06-26T08:05:58,acceptance_time,2018-06-26,ATYR1923,1,interstitial lung diseases,,,29828723,2018-05-15,https://www.sec.gov/Archives/edgar/data/1339970/000119312518203109/d831924d8k.htm
0001193125-18-205087,0001213037,"Trovagene, Inc.  (CRDF)  (CIK 0001213037)",TROV,release_text,2018-06-27,2018-06-27T11:32:34,acceptance_time,2018-06-27,PCM-075,1b/2,relapsed or refractory Acute Myeloid Leukemia,,NCT03303339;NCT03414034,59378162,2018-05-08,https://www.sec.gov/Archives/edgar/data/1213037/000119312518205087/d797957d8k.htm
0001193125-18-204812,0001404644,"AQUINOX PHARMACEUTICALS, INC  (NGNE)  (CIK 0001404644)",AQXP,release_text,2018-06-27,2018-06-27T09:00:57,acceptance_time,2018-06-27,rosiptor (AQX-1125),3,interstitial cystitis/bladder pain syndrome (IC/BPS),LEADERSHIP 301,,23508202,2018-05-08,https://www.sec.gov/Archives/edgar/data/1404644/000119312518204812/d849855dex991.htm
0001193125-18-206538,0001501697,"Arsanis, Inc.  (XFOR, XFOWW)  (CIK 0001501697)",ASNS,release_text,2018-06-28,2018-06-28T07:11:02,acceptance_time,2018-06-28,ASN100,2,S. aureus pneumonia,,,14294421,2018-05-10,https://www.sec.gov/Archives/edgar/data/1501697/000119312518206538/d641974dex991.htm
0001104659-18-042589,0001720893,"BioXcel Therapeutics, Inc.  (BTAI)  (CIK 0001720893)",BTAI,release_text,2018-06-27,2018-06-27T16:17:12,acceptance_time,2018-06-28,dexmedetomidine,1b,agitation,,,15645545,2018-05-14,https://www.sec.gov/Archives/edgar/data/1720893/000110465918042589/a18-16160_18k.htm
0001193125-18-205700,0001346830,"Cara Therapeutics, Inc.  (CARA)  (CIK 0001346830)",CARA,release_text,2018-06-27,2018-06-27T16:06:01,acceptance_time,2018-06-28,I.V. CR845,2/3,abdominal surgery,,,32699943,2018-05-09,https://www.sec.gov/Archives/edgar/data/1346830/000119312518205700/d851937d8k.htm
0001144204-18-036399,0000816284,CELGENE CORP /DE/  (CIK 0000816284),,missing,2018-06-28,2018-06-28T17:13:55,acceptance_time,2018-06-29,luspatercept,3,myelodysplastic syndromes,MEDALIST,,724827113,2018-05-04,https://www.sec.gov/Archives/edgar/data/816284/000114420418036399/tv497569_8k.htm
0001654954-18-007269,0001604191,"AzurRx BioPharma, Inc.  (ENTO)  (CIK 0001604191)",AZRX,release_text,2018-06-29,2018-07-02T19:16:03,release_date_only,2018-07-02,MS1819-SD,2a,exocrine pancreatic insufficiency,,NCT03481803,16762395,2018-05-14,https://www.sec.gov/Archives/edgar/data/1604191/000165495418007269/ex99-1.htm
0001104659-18-043916,0001621443,"Zynerba Pharmaceuticals, Inc.  (CIK 0001621443)",ZYNE,release_text,2018-07-05,2018-07-05T07:30:29,acceptance_time,2018-07-05,ZYN001,1,,,,13561373,2018-05-08,https://www.sec.gov/Archives/edgar/data/1621443/000110465918043916/a18-16397_18k.htm
0001193125-18-214220,0001701108,"Spero Therapeutics, Inc.  (SPRO)  (CIK 0001701108)",SPRO,release_text,2018-07-09,2018-07-09T07:38:57,acceptance_time,2018-07-09,SPR994,1,Gram-negative infections,,,14377753,2018-05-10,https://www.sec.gov/Archives/edgar/data/1701108/000119312518214220/d698178d8k.htm
0001437749-18-013068,0001434647,"KEMPHARM, INC  (ZVRA)  (CIK 0001434647)",KMPH,release_text,2018-07-09,2018-07-09T07:05:25,acceptance_time,2018-07-09,KP415,,attention-deficit/hyperactivity disorder,KP415.E01,,15159843,2018-05-11,https://www.sec.gov/Archives/edgar/data/1434647/000143774918013068/ex_117455.htm
0001280600-18-000046,0001280600,ACCELERON PHARMA INC  (CIK 0001280600),CELG,release_text,2018-07-09,2018-07-09T17:01:38,acceptance_time,2018-07-10,luspatercept,3,transfusion-dependent beta-thalassemia,BELIEVE,,45775325,2018-05-08,https://www.sec.gov/Archives/edgar/data/1280600/000128060018000046/xlrn-20180709ex991.htm
0001104659-18-044447,0000881524,VIVUS INC  (CIK 0000881524),VVUS,release_text,2018-07-10,2018-07-10T07:35:20,acceptance_time,2018-07-10,VI-0106,1,pulmonary arterial hypertension,,,106054094,2018-05-08,https://www.sec.gov/Archives/edgar/data/881524/000110465918044447/a18-17019_18k.htm
0001104659-18-044790,0001621443,"Zynerba Pharmaceuticals, Inc.  (CIK 0001621443)",ZYNE,release_text,2018-07-12,2018-07-12T08:23:33,acceptance_time,2018-07-12,ZYN002,2,Fragile X Syndrome,FAB-C,,13561373,2018-05-08,https://www.sec.gov/Archives/edgar/data/1621443/000110465918044790/a18-16527_28k.htm
0001193125-18-216483,0001375151,"ZOGENIX, INC.  (CIK 0001375151)",,missing,2018-07-12,2018-07-12T08:27:04,acceptance_time,2018-07-12,ZX008,3,Dravet syndrome,Study 1504,,35223373,2018-05-09,https://www.sec.gov/Archives/edgar/data/1375151/000119312518216483/d489105d8k.htm
0001564590-18-016892,0001080709,ARENA PHARMACEUTICALS INC  (CIK 0001080709),,missing,2018-07-17,2018-07-17T09:15:39,acceptance_time,2018-07-17,BELVIQ,,obesity,CAMELLIA-TIMI61,,49234094,2018-05-09,https://www.sec.gov/Archives/edgar/data/1080709/000156459018016892/arna-8k_20180717.htm
0001144204-18-038672,0001279704,"Cellectar Biosciences, Inc.  (CLRB)  (CIK 0001279704)",CLRB,release_text,2018-07-17,2018-07-17T16:05:34,acceptance_time,2018-07-18,CLR 131,2,Waldenstrom macroglobulinemia,CLR 131 Phase 2 trial,NCT02952508,17388344,2018-05-11,https://www.sec.gov/Archives/edgar/data/1279704/000114420418038672/tv498708_ex99-1.htm
0001193125-18-220636,0001124105,"CATALYST BIOSCIENCES, INC.  (GYRE)  (CIK 0001124105)",CBIO,release_text,2018-07-18,2018-07-18T16:28:35,acceptance_time,2018-07-19,marzeptacog alfa (activated),2/3,hemophilia A or B with inhibitors,,,11935169,2018-05-03,https://www.sec.gov/Archives/edgar/data/1124105/000119312518220636/d559464d8k.htm
0001564590-18-017084,0001358762,REATA PHARMACEUTICALS INC  (CIK 0001358762),RETA,release_text,2018-07-23,2018-07-23T07:00:27,acceptance_time,2018-07-23,bardoxolone methyl,2,chronic kidney disease (CKD),CARDINAL and PHOENIX,,,,https://www.sec.gov/Archives/edgar/data/1358762/000156459018017084/reta-ex991_35.htm
0001104659-18-046458,0001583771,"ContraVir Pharmaceuticals, Inc.  (HEPA, CTRVP)  (CIK 0001583771)",CTRV,release_text,2018-07-23,2018-07-23T12:37:32,acceptance_time,2018-07-23,CRV431,1/2A,hepatitis B virus (HBV),,,85451346,2018-05-15,https://www.sec.gov/Archives/edgar/data/1583771/000110465918046458/a18-17590_1ex99d1.htm
0001104659-18-047412,0001651308,"BeiGene, Ltd.  (BGNE, BEIGF)  (CIK 0001651308)",BGNE,release_text,2018-07-22,2018-07-26T16:25:20,release_date_only,2018-07-23,tislelizumab,2,relapsed/refractory classical Hodgkin’s lymphoma,,,698883853,2018-05-09,https://www.sec.gov/Archives/edgar/data/1651308/000110465918047412/a18-17578_28k.htm
0001193125-18-225295,0001720580,"resTORbio, Inc.  (ACET)  (CIK 0001720580)",TORC,release_text,2018-07-25,2018-07-25T08:30:38,acceptance_time,2018-07-25,RTB101,2b,respiratory tract infections,,NCT03373903,28046315,2018-05-10,https://www.sec.gov/Archives/edgar/data/1720580/000119312518225295/d549570d8k.htm
0001654954-18-008007,0001410098,CorMedix Inc.  (CRMD)  (CIK 0001410098),CRMD,release_text,2018-07-25,2018-07-25T08:52:45,acceptance_time,2018-07-25,Neutrolin,3,catheter-related blood stream infections (CRBSI),LOCK-IT-100,,81903027,2018-05-15,https://www.sec.gov/Archives/edgar/data/1410098/000165495418008007/crmd_8k.htm
0001493152-18-010414,0001360214,"Imprimis Pharmaceuticals, Inc.  (HROW, HROWL, HROWM)  (CIK 0001360214)",HROW,sec_current,2018-07-24,2018-07-25T07:30:12,release_date_only,2018-07-25,EM-100,3,ocular itching associated with allergic conjunctivitis,,,20879736.0,2018-05-15,https://www.sec.gov/Archives/edgar/data/1360214/000149315218010414/ex99-1.htm
0001193125-18-224701,0001656328,"Sienna Biopharmaceuticals, Inc.  (CIK 0001656328)",SNNA,release_text,2018-07-24,2018-07-24T16:13:06,acceptance_time,2018-07-25,SNA-120,1b,itch associated with psoriasis,,,20732399,2018-05-14,https://www.sec.gov/Archives/edgar/data/1656328/000119312518224701/d550872dex991.htm
0001564590-18-017423,0001539029,"Clearside Biomedical, Inc.  (CLSD)  (CIK 0001539029)",CLS,release_text,2018-07-25,2018-07-25T16:19:07,acceptance_time,2018-07-26,CLS-TA,3,Noninfectious Uveitis,PEACHTREE,,31947033,2018-05-10,https://www.sec.gov/Archives/edgar/data/1539029/000156459018017423/clsd-8k_20180725.htm
0001171843-18-005403,0000882796,BIOCRYST PHARMACEUTICALS INC  (BCRX)  (CIK 0000882796),BCRX,release_text,2018-07-25,2018-07-25T19:43:30,acceptance_time,2018-07-26,BCX7353,2,hereditary angioedema,APeX-1,,98716856,2018-05-09,https://www.sec.gov/Archives/edgar/data/882796/000117184318005403/exh_991.htm
0001100412-18-000015,0001100412,ARRAY BIOPHARMA INC  (CIK 0001100412),ARRY,release_text,2018-07-26,2018-07-26T08:00:47,acceptance_time,2018-07-26,selumetinib,3,differentiated thyroid cancer,ASTRA,,210637094,2018-05-09,https://www.sec.gov/Archives/edgar/data/1100412/000110041218000015/draft8k726az.htm
0001615774-18-006927,0001430306,Tonix Pharmaceuticals Holding Corp.  (TNXP)  (CIK 0001430306),TNXP,release_text,2018-07-27,2018-07-27T08:05:49,acceptance_time,2018-07-27,Tonmya,3,military-related posttraumatic stress disorder (PTSD),HONOR,,8460790,2018-05-11,https://www.sec.gov/Archives/edgar/data/1430306/000161577418006927/s111593_ex99-01.htm
0001714899-18-000003,0001714899,Denali Therapeutics Inc.  (DNLI)  (CIK 0001714899),DNLI,release_text,2018-08-01,2018-08-01T16:38:00,acceptance_time,2018-08-02,DNL201,1,Parkinson’s disease,,,94441892,2018-05-11,https://www.sec.gov/Archives/edgar/data/1714899/000171489918000003/exh991lrrk2pressrelease.htm
0001564590-18-019277,0001636651,Ovid Therapeutics Inc.  (OVID)  (CIK 0001636651),OVID,release_text,2018-08-06,2018-08-06T07:16:11,acceptance_time,2018-08-06,OV101,2,Angelman syndrome,STARS,,24623467,2018-05-08,https://www.sec.gov/Archives/edgar/data/1636651/000156459018019277/ovid-8k_20180806.htm
0001600132-18-000128,0001600132,"Bellerophon Therapeutics, Inc.  (BLPH)  (CIK 0001600132)",BLPH,release_text,2018-08-07,2018-08-07T08:36:24,acceptance_time,2018-08-07,INOpulse,3,pulmonary arterial hypertension (PAH),INOvation-1,,57798637,2018-08-01,https://www.sec.gov/Archives/edgar/data/1600132/000160013218000128/a8-kaugust2018studydataex9.htm
0001104659-18-050259,0001082554,UNITED THERAPEUTICS Corp  (UTHR)  (CIK 0001082554),UTHR,release_text,2018-08-08,2018-08-08T06:03:03,acceptance_time,2018-08-08,Orenitram,3,pulmonary arterial hypertension,FREEDOM-EV,,43563026,2018-08-01,https://www.sec.gov/Archives/edgar/data/1082554/000110465918050259/a18-18453_18k.htm
0001144204-18-044482,0001053369,ELITE PHARMACEUTICALS INC /NV/  (ELTP)  (CIK 0001053369),ELTP,sec_current,2018-08-14,2018-08-14T13:20:09,acceptance_time,2018-08-14,undisclosed antibiotic generic product,,,,,810126509,2018-08-09,https://www.sec.gov/Archives/edgar/data/1053369/000114420418044482/tv500994_8k.htm
0001144204-18-044009,0001682639,"EYENOVIA, INC.  (EYEN)  (CIK 0001682639)",EYEN,release_text,2018-08-13,2018-08-13T16:12:34,acceptance_time,2018-08-14,latanoprost,,intraocular pressure (IOP),EYN PG21,,9936771,2018-05-09,https://www.sec.gov/Archives/edgar/data/1682639/000114420418044009/tv500728_8k.htm
0001193125-18-249109,0001337553,AERIE PHARMACEUTICALS INC  (CIK 0001337553),AERI,release_text,2018-08-15,2018-08-15T06:40:34,acceptance_time,2018-08-15,Rhopressa,,open-angle glaucoma or ocular hypertension,AR-13324-CS206,NCT02406287;NCT03233308,45222253,2018-08-09,https://www.sec.gov/Archives/edgar/data/1337553/000119312518249109/d604455dex991.htm
0001144204-18-045577,0001279704,"Cellectar Biosciences, Inc.  (CLRB)  (CIK 0001279704)",CLRB,release_text,2018-08-20,2018-08-20T16:00:02,acceptance_time,2018-08-21,CLR 131,1b,relapsed/refractory multiple myeloma,,,3595325,2018-08-10,https://www.sec.gov/Archives/edgar/data/1279704/000114420418045577/tv501378_ex99-1.htm
0001104659-18-053610,0001434868,"Esperion Therapeutics, Inc.  (ESPR)  (CIK 0001434868)",ESPR,release_text,2018-08-27,2018-08-27T07:15:23,acceptance_time,2018-08-27,bempedoic acid / ezetimibe,3,LDL-C,1002-053,,26803675,2018-08-02,https://www.sec.gov/Archives/edgar/data/1434868/000110465918053610/a18-21191_18k.htm
0001012477-18-000025,0001012477,AVADEL PHARMACEUTICALS PLC  (AVDL)  (CIK 0001012477),AVDL,release_text,2018-08-29,2018-08-29T11:13:40,acceptance_time,2018-08-29,AV002,3,nocturia,,,36764564,2018-08-07,https://www.sec.gov/Archives/edgar/data/1012477/000101247718000025/icspressrelease_updatedx08.htm
0001564590-18-022422,0001582313,Xenon Pharmaceuticals Inc.  (XENE)  (CIK 0001582313),XENE,release_text,2018-08-29,2018-08-29T08:34:44,acceptance_time,2018-08-29,XEN1101,1b,epilepsy,,,19261889,2018-08-07,https://www.sec.gov/Archives/edgar/data/1582313/000156459018022422/xene-ex991_7.htm
0001193125-18-265020,0001326190,"Altimmune, Inc.  (ALT)  (CIK 0001326190)",ALT,release_text,2018-08-31,2018-08-31T16:06:12,acceptance_time,2018-09-04,NasoShield,1,anthrax,,,38487482,2018-08-14,https://www.sec.gov/Archives/edgar/data/1326190/000119312518265020/d614112d8k.htm
0001171843-18-006354,0000882796,BIOCRYST PHARMACEUTICALS INC  (BCRX)  (CIK 0000882796),BCRX,release_text,2018-09-04,2018-09-04T07:28:41,acceptance_time,2018-09-04,BCX7353,,Hereditary Angioedema (HAE),ZENITH-1,,98927558,2018-08-09,https://www.sec.gov/Archives/edgar/data/882796/000117184318006354/exh_991.htm
0001144204-18-047702,0001372514,"EYEGATE PHARMACEUTICALS INC  (KPRX, KPHMW)  (CIK 0001372514)",EYEG,release_text,2018-09-04,2018-09-04T08:35:19,acceptance_time,2018-09-04,EGP-437,3,non-infectious anterior segment uveitis,,,43439130,2018-08-03,https://www.sec.gov/Archives/edgar/data/1372514/000114420418047702/tv502229_8k.htm
0001564590-18-022572,0001636282,"Aeglea BioTherapeutics, Inc.  (SYRE)  (CIK 0001636282)",AGLE,release_text,2018-09-04,2018-09-04T07:00:38,acceptance_time,2018-09-04,pegzilarginase,1/2,Arginase 1 Deficiency (ARG1-D),,,21995032,2018-08-09,https://www.sec.gov/Archives/edgar/data/1636282/000156459018022572/agle-ex991_327.htm
0001193125-18-266656,0001399529,Dicerna Pharmaceuticals Inc  (CIK 0001399529),,missing,,2018-09-05T06:22:04,acceptance_time,2018-09-05,DCR-PHXC,1,primary hyperoxaluria type 1 and type 2,PHYOX,NCT03392896,52949660,2018-08-08,https://www.sec.gov/Archives/edgar/data/1399529/000119312518266656/d619088d8k.htm
0001104659-18-055203,0001491576,"TESARO, Inc.  (CIK 0001491576)",TSRO,release_text,2018-09-04,2018-09-05T08:33:00,release_date_only,2018-09-05,ZEJULA,2,non-small cell lung cancer,JASPER,,54910079,2018-08-03,https://www.sec.gov/Archives/edgar/data/1491576/000110465918055203/a18-26058_1ex99d1.htm
0001144204-18-048216,0001651407,"Checkpoint Therapeutics, Inc.  (CKPT)  (CIK 0001651407)",CKPT,release_text,2018-09-06,2018-09-06T07:31:48,acceptance_time,2018-09-06,CK-101,1/2,non-small cell lung cancer (NSCLC),,NCT02926768,25107864,2018-08-07,https://www.sec.gov/Archives/edgar/data/1651407/000114420418048216/tv502388_8k.htm
0001171843-18-006497,0001280776,VITAL THERAPIES INC  (IMUX)  (CIK 0001280776),VTL,release_text,2018-09-12,2018-09-12T06:10:18,acceptance_time,2018-09-12,ELAD,3,acute forms of liver failure,VTL-308,,42369394,2018-08-07,https://www.sec.gov/Archives/edgar/data/1280776/000117184318006497/exh_991.htm
0001437749-18-016923,0000835887,PROGENICS PHARMACEUTICALS INC  (CIK 0000835887),PGNX,release_text,2018-09-12,2018-09-12T16:14:10,acceptance_time,2018-09-13,1404,3,prostate cancer,,,75359211,2018-07-31,https://www.sec.gov/Archives/edgar/data/835887/000143774918016923/ex_123866.htm
0001193125-18-271781,0001660334,Verrica Pharmaceuticals Inc.  (VRCA)  (CIK 0001660334),VRCA,release_text,2018-09-12,2018-09-12T16:14:12,acceptance_time,2018-09-13,VP-102,2,molluscum contagiosum,Innovate,,25696371,2018-08-07,https://www.sec.gov/Archives/edgar/data/1660334/000119312518271781/d630711d8k.htm
0001615774-18-009490,0001488039,ATOSSA GENETICS INC  (ATOS)  (CIK 0001488039),ATOS,release_text,2018-09-13,2018-09-13T08:23:42,acceptance_time,2018-09-13,topical Endoxifen,1,gynecomastia,,,5069599,2018-08-13,https://www.sec.gov/Archives/edgar/data/1488039/000161577418009490/s112679_ex99-1.htm
0001104659-18-057064,0001730430,"Kiniksa Pharmaceuticals, Ltd.  (KNSA)  (CIK 0001730430)",KNSA,release_text,2018-09-15,2018-09-17T08:29:15,release_date_only,2018-09-17,KPL-716,1a/1b,atopic dermatitis,,,,,https://www.sec.gov/Archives/edgar/data/1730430/000110465918057064/a18-30113_18k.htm
0001104659-18-057358,0001583771,"ContraVir Pharmaceuticals, Inc.  (HEPA, CTRVP)  (CIK 0001583771)",CTRV,release_text,2018-09-18,2018-09-18T09:21:35,acceptance_time,2018-09-18,CRV431,1,hepatitis B virus,,,14451918,2018-08-14,https://www.sec.gov/Archives/edgar/data/1583771/000110465918057358/a18-31085_1ex99d1.htm
0001564590-18-023246,0001607678,"Viking Therapeutics, Inc.  (VKTX)  (CIK 0001607678)",VKTX,release_text,2018-09-18,2018-09-18T07:10:28,acceptance_time,2018-09-18,VK2809,2,non-alcoholic fatty liver disease,,,60657794,2018-08-09,https://www.sec.gov/Archives/edgar/data/1607678/000156459018023246/vktx-ex991_6.htm
0001193125-18-278131,0000921299,FIBROGEN INC  (FGEN)  (CIK 0000921299),KYNB,sec_current,2018-09-20,2018-09-20T08:30:35,acceptance_time,2018-09-20,roxadustat,3,anemia in chronic kidney disease,ALPS,,84333402,2018-08-07,https://www.sec.gov/Archives/edgar/data/921299/000119312518278131/d627812d8k.htm
0001104659-18-057922,0001260990,GTX INC /DE/  (ONCT)  (CIK 0001260990),GTXI,release_text,2018-09-21,2018-09-21T08:30:27,acceptance_time,2018-09-21,enobosarm,2,stress urinary incontinence,ASTRID,,24045844,2018-08-14,https://www.sec.gov/Archives/edgar/data/1260990/000110465918057922/a18-31242_18k.htm
0001171843-18-006672,0001651308,"BeiGene, Ltd.  (BGNE, BEIGF)  (CIK 0001651308)",BGNE,release_text,2018-09-20,2018-09-24T06:05:16,release_date_only,2018-09-21,tislelizumab,1/2,microsatellite instability-high or mismatch repair-deficient solid tumors,,,767163184,2018-08-09,https://www.sec.gov/Archives/edgar/data/1651308/000117184318006672/exh_991.htm
0001144204-18-050260,0001006281,"Protalix BioTherapeutics, Inc.  (PLX)  (CIK 0001006281)",PLX,release_text,2018-09-21,2018-09-21T11:08:04,acceptance_time,2018-09-21,pegunigalsidase alfa (PRX-102),,Fabry disease,BRIDGE,,148183591,2018-08-09,https://www.sec.gov/Archives/edgar/data/1006281/000114420418050260/tv503284_8k.htm
0001193125-18-280561,0000897448,AMARIN CORP PLC\UK  (AMRN)  (CIK 0000897448),AMRN,release_text,2018-09-24,2018-09-24T07:53:57,acceptance_time,2018-09-24,Vascepa,,cardiovascular risk,REDUCE-IT,,380694,2013-02-28,https://www.sec.gov/Archives/edgar/data/897448/000119312518280561/d629023d8k.htm
0001193125-18-280420,0001370053,ANAPTYSBIO INC  (ANAB)  (CIK 0001370053),ANAB,release_text,2018-09-24,2018-09-24T06:09:59,acceptance_time,2018-09-24,etokimab,2a,severe eosinophilic asthma,,,24036451,2018-08-07,https://www.sec.gov/Archives/edgar/data/1370053/000119312518280420/d626999dex991.htm
0001564590-18-023519,0001080709,ARENA PHARMACEUTICALS INC  (CIK 0001080709),,missing,2018-09-24,2018-09-24T16:11:31,acceptance_time,2018-09-25,olorinab,2a,abdominal pain associated with Crohn’s disease,,,49348189,2018-08-07,https://www.sec.gov/Archives/edgar/data/1080709/000156459018023519/arna-8k_20180924.htm
0001193125-18-281789,0001341235,"Aldeyra Therapeutics, Inc.  (ALDX)  (CIK 0001341235)",ALDX,release_text,2018-09-25,2018-09-25T08:17:35,acceptance_time,2018-09-25,ADX-1612,1/2,pleural malignant mesothelioma,MESO-2,,20974920,2018-08-09,https://www.sec.gov/Archives/edgar/data/1341235/000119312518281789/d628877dex991.htm
0001564590-18-023539,0001358762,REATA PHARMACEUTICALS INC  (CIK 0001358762),RETA,release_text,2018-09-25,2018-09-25T07:05:09,acceptance_time,2018-09-25,bardoxolone methyl,2,IgA nephropathy and type 1 diabetic chronic kidney disease,PHOENIX,,,,https://www.sec.gov/Archives/edgar/data/1358762/000156459018023539/reta-ex991_33.htm
0001193125-18-288517,0001060736,SEATTLE GENETICS INC /WA  (CIK 0001060736),SGEN,release_text,2018-10-01,2018-10-01T06:58:05,acceptance_time,2018-10-01,ADCETRIS,3,peripheral T-cell lymphoma,ECHELON-2,,158791482,2018-07-26,https://www.sec.gov/Archives/edgar/data/1060736/000119312518288517/d633013d8k.htm
0001104659-18-059771,0001347613,"SYNERGY PHARMACEUTICALS, INC.  (CIK 0001347613)",SGYP,release_text,2018-10-01,2018-10-01T16:59:59,acceptance_time,2018-10-02,TRULANCE,,Chronic Idiopathic Constipation and Irritable Bowel Syndrome with Constipation,,,247988996,2018-08-08,https://www.sec.gov/Archives/edgar/data/1347613/000110465918059771/a18-36108_1ex99d1.htm
0001070081-18-000071,0001070081,"PTC THERAPEUTICS, INC.  (PTCT)  (CIK 0001070081)",PTCT,release_text,2018-10-03,2018-10-05T17:27:36,release_date_only,2018-10-04,risdiplam (RG7916),1,spinal muscular atrophy,FIREFISH and SUNFISH,,46713886,2018-08-07,https://www.sec.gov/Archives/edgar/data/1070081/000107008118000071/a2018-10x03ptct2018wmssmax.htm
0001437749-18-017999,0000835887,PROGENICS PHARMACEUTICALS INC  (CIK 0000835887),PGNX,release_text,2018-10-05,2018-10-05T07:41:09,acceptance_time,2018-10-05,PyL,2/3,prostate cancer,OSPREY 2301 Study,,75359211,2018-07-31,https://www.sec.gov/Archives/edgar/data/835887/000143774918017999/ex_125093.htm
0001104659-18-060642,0001178879,AMICUS THERAPEUTICS INC  (FOLD)  (CIK 0001178879),FOLD,release_text,2018-10-05,2018-10-05T07:00:36,acceptance_time,2018-10-05,AT-GAA,1/2,Pompe disease,ATB200-02,,189134863,2018-08-07,https://www.sec.gov/Archives/edgar/data/1178879/000110465918060642/a18-36411_18k.htm
0001144204-18-052845,0000921114,AmpliPhi Biosciences Corp  (ARMP)  (CIK 0000921114),APHB,release_text,2018-10-05,2018-10-09T07:30:24,release_date_only,2018-10-08,AB-SA01,,S. aureus infections,,,16468308,2018-08-09,https://www.sec.gov/Archives/edgar/data/921114/000114420418052845/tv504502_ex99-1.htm
0001564590-18-024047,0001566044,Menlo Therapeutics Inc.  (VYNE)  (CIK 0001566044),MNLO,release_text,2018-10-08,2018-10-09T07:31:54,release_date_only,2018-10-09,serlopitant,2,refractory chronic cough,MTI-110 (TUSSIX),,22977998,2018-08-01,https://www.sec.gov/Archives/edgar/data/1566044/000156459018024047/mnlo-ex991_6.htm
0001144204-18-053318,0001535955,Lipocine Inc.  (LPCN)  (CIK 0001535955),LPCN,sec_current,2018-10-11,2018-10-11T08:00:44,acceptance_time,2018-10-11,LPCN 1144,,non-alcoholic fatty liver disease (NAFLD) / non-alcoholic steatohepatitis (NASH),,,21264539,2018-08-07,https://www.sec.gov/Archives/edgar/data/1535955/000114420418053318/tv504499_8k.htm
0001654954-18-011171,0001001316,"TG THERAPEUTICS, INC.  (TGTX)  (CIK 0001001316)",TGTX,release_text,2018-10-11,2018-10-15T17:20:15,release_date_only,2018-10-12,ublituximab (TG-1101),2,Multiple Sclerosis,,,82818608,2018-08-09,https://www.sec.gov/Archives/edgar/data/1001316/000165495418011171/v101518_ex991.htm
0001213900-18-013884,0000812796,"SOLIGENIX, INC.  (SNGX)  (CIK 0000812796)",SNGX,release_text,2018-10-15,2018-10-15T07:00:39,acceptance_time,2018-10-15,SGX301,3,Cutaneous T-cell lymphoma,FLASH,,17682839,2018-08-08,https://www.sec.gov/Archives/edgar/data/812796/000121390018013884/f8k101518ex99-1_soligenixinc.htm
0001193125-18-298897,0001711279,"Krystal Biotech, Inc.  (KRYS)  (CIK 0001711279)",KRYS,release_text,2018-10-15,2018-10-15T08:44:05,acceptance_time,2018-10-15,KB103,1/2,Dystrophic Epidermolysis Bullosa,GEM,,10353916,2018-08-06,https://www.sec.gov/Archives/edgar/data/1711279/000119312518298897/d638711dex991.htm
0001564590-18-024362,0001636282,"Aeglea BioTherapeutics, Inc.  (SYRE)  (CIK 0001636282)",AGLE,release_text,2018-10-17,2018-10-17T06:59:56,acceptance_time,2018-10-17,pegzilarginase,1/2,Arginase 1 Deficiency,,,21995032,2018-08-09,https://www.sec.gov/Archives/edgar/data/1636282/000156459018024362/agle-8k_20181017.htm
0001193125-18-301087,0001445283,"PROTEOSTASIS THERAPEUTICS, INC.  (KA)  (CIK 0001445283)",PTI,release_text,2018-10-17,2018-10-17T16:30:13,acceptance_time,2018-10-18,PTI-801 and PTI-808,1,cystic fibrosis,,,36696948,2018-08-08,https://www.sec.gov/Archives/edgar/data/1445283/000119312518301087/d639182d8k.htm
0001193125-18-303052,0001654151,"Deciphera Pharmaceuticals, Inc.  (CIK 0001654151)",,missing,2018-10-19,2018-10-19T16:13:07,acceptance_time,2018-10-22,DCC-2618,1,gastrointestinal stromal tumors,,,37657201,2018-08-07,https://www.sec.gov/Archives/edgar/data/1654151/000119312518303052/d640111dex991.htm
0001193125-18-303690,0001029142,DYNAVAX TECHNOLOGIES CORP  (DVAX)  (CIK 0001029142),DVAX,release_text,2018-10-20,2018-10-22T09:01:06,release_date_only,2018-10-22,SD-101,1b/2,advanced melanoma,SYNERGY-001,,62615586,2018-08-07,https://www.sec.gov/Archives/edgar/data/1029142/000119312518303690/d633065dex991.htm
0001564590-18-024573,0001422143,"Kura Oncology, Inc.  (KURA)  (CIK 0001422143)",KURA,release_text,2018-10-22,2018-10-22T08:50:16,acceptance_time,2018-10-22,tipifarnib,2,squamous cell carcinomas,,,37975302,2018-08-06,https://www.sec.gov/Archives/edgar/data/1422143/000156459018024573/kura-ex991_6.htm
0001453687-18-000069,0001453687,SELECTA BIOSCIENCES INC  (RNAC)  (CIK 0001453687),RNAC,sec_current,,2018-10-22T08:01:05,acceptance_time,2018-10-22,SEL-212,2,symptomatic gout,SEL-212/201,NCT02959918,22396183,2018-08-08,https://www.sec.gov/Archives/edgar/data/1453687/000145368718000069/acrpostergoutflare2018fi.htm
0001104659-18-063175,0001509745,"LEAP THERAPEUTICS, INC.  (LPTX)  (CIK 0001509745)",LPTX,release_text,2018-10-21,2018-10-22T08:14:13,release_date_only,2018-10-22,DKN-01,1/2,esophagogastric cancer,P102,,14700681,2018-08-08,https://www.sec.gov/Archives/edgar/data/1509745/000110465918063175/a18-37030_1ex99d1.htm
0001104659-18-063179,0001621227,Adaptimmune Therapeutics PLC  (ADAP)  (CIK 0001621227),ADAP,release_text,2018-10-20,2018-10-22T08:38:59,release_date_only,2018-10-22,MAGE-A10 and MAGE-A4 SPEAR T-cells,,cancer,,,566496400,2018-08-02,https://www.sec.gov/Archives/edgar/data/1621227/000110465918063179/a18-37038_18k.htm
0001171843-18-007233,0001651308,"BeiGene, Ltd.  (BGNE, BEIGF)  (CIK 0001651308)",BGNE,release_text,2018-10-22,2018-10-25T16:01:18,release_date_only,2018-10-23,pamiparib,1b,locally advanced or metastatic solid tumors,NCT03150810,NCT03150810,767163184,2018-08-09,https://www.sec.gov/Archives/edgar/data/1651308/000117184318007233/exh_991.htm
0001144204-18-054946,0001053369,ELITE PHARMACEUTICALS INC /NV/  (ELTP)  (CIK 0001053369),ELTP,release_text,2018-10-23,2018-10-23T16:19:32,acceptance_time,2018-10-24,undisclosed immediate-release antibiotic generic product,,,,,810126509,2018-08-09,https://www.sec.gov/Archives/edgar/data/1053369/000114420418054946/tv505359_8k.htm
0001140361-18-041664,0001398733,"Aquestive Therapeutics, Inc.  (AQST)  (CIK 0001398733)",AQST,release_text,2018-10-24,2018-10-30T16:01:39,release_date_only,2018-10-25,diazepam buccal film,,epilepsy,Epilepsy Monitoring Unit (EMU) Clinical Study,,24941851,2018-09-04,https://www.sec.gov/Archives/edgar/data/1398733/000114036118041664/ex99_1.htm
0001193125-18-308090,0000921299,FIBROGEN INC  (FGEN)  (CIK 0000921299),FGEN,release_text,2018-10-25,2018-10-25T20:19:34,acceptance_time,2018-10-26,roxadustat,3,anemia associated with chronic kidney disease,,,84333402,2018-08-07,https://www.sec.gov/Archives/edgar/data/921299/000119312518308090/d633501dex991.htm
0001104659-18-064280,0001434868,"Esperion Therapeutics, Inc.  (ESPR)  (CIK 0001434868)",ESPR,release_text,2018-10-28,2018-10-29T07:45:23,release_date_only,2018-10-29,bempedoic acid,3,atherosclerotic cardiovascular disease and/or heterozygous familial hypercholesterolemia,Study 2 or 1002-047,,26803675,2018-08-02,https://www.sec.gov/Archives/edgar/data/1434868/000110465918064280/a18-38164_18k.htm
0001104659-18-064473,0000827871,"EAGLE PHARMACEUTICALS, INC.  (EGRX)  (CIK 0000827871)",EGRX,release_text,2018-10-30,2018-10-30T06:51:43,acceptance_time,2018-10-30,fulvestrant,,,,,15055924,2018-08-07,https://www.sec.gov/Archives/edgar/data/827871/000110465918064473/a18-38166_2ex99d1.htm
0001561743-18-000086,0001561743,"Kindred Biosciences, Inc.  (CIK 0001561743)",,missing,2018-10-30,2018-10-30T16:44:33,acceptance_time,2018-10-31,KIND-016,,atopic dermatitis in dogs,,,33799740,2018-08-09,https://www.sec.gov/Archives/edgar/data/1561743/000156174318000086/a8-koctober302018.htm
0001193125-18-312991,0001070494,ACADIA PHARMACEUTICALS INC  (ACAD)  (CIK 0001070494),ACAD,release_text,2018-10-31,2018-10-31T08:00:58,acceptance_time,2018-10-31,pimavanserin,2,major depressive disorder,CLARITY,,125006723,2018-08-08,https://www.sec.gov/Archives/edgar/data/1070494/000119312518312991/d646498d8k.htm
0001062993-18-004299,0000875622,BIOSPECIFICS TECHNOLOGIES CORP  (CIK 0000875622),BSTC,release_text,2018-10-31,2018-11-01T14:02:54,release_date_only,2018-11-01,Collagenase Clostridium Histolyticum (CCH),1,uterine fibroids,,,7294888,2018-08-09,https://www.sec.gov/Archives/edgar/data/875622/000106299318004299/exhibit99-1.htm
0001193125-18-317364,0001597553,"Sage Therapeutics, Inc.  (SAGE)  (CIK 0001597553)",SAGE,release_text,2018-11-02,2018-11-02T17:26:08,acceptance_time,2018-11-05,ZULRESSO (brexanolone),,postpartum depression,,,46664296,2018-08-07,https://www.sec.gov/Archives/edgar/data/1597553/000119312518317364/d648938dex991.htm
0001493152-18-015235,0001444307,ONCOSEC MEDICAL Inc  (ONCSQ)  (CIK 0001444307),ONCS,release_text,2018-11-06,2018-11-06T08:16:51,acceptance_time,2018-11-06,TAVO (tavokinogene telseplasmid / IL-12),2b,metastatic melanoma,KEYNOTE-695,,59213947,2018-10-19,https://www.sec.gov/Archives/edgar/data/1444307/000149315218015235/ex99-1.htm
0001193125-18-318390,0001325879,AVEO PHARMACEUTICALS INC  (CIK 0001325879),,missing,,2018-11-05T16:18:08,acceptance_time,2018-11-06,tivozanib,3,Renal Cell Carcinoma,TIVO-3,,119030147,2018-08-07,https://www.sec.gov/Archives/edgar/data/1325879/000119312518318390/d647855d8k.htm
0001104659-18-066525,0001614067,"Aridis Pharmaceuticals, Inc.  (ARDS)  (CIK 0001614067)",ARDS,release_text,2018-11-07,2018-11-07T09:25:41,acceptance_time,2018-11-07,AR-301,1/2a,severe pneumonia caused by Staphylococcus aureus,,,8103783,2018-09-26,https://www.sec.gov/Archives/edgar/data/1614067/000110465918066525/a18-39703_18k.htm
0001126234-18-000145,0001126234,NEWLINK GENETICS CORP  (LUMO)  (CIK 0001126234),NLNK,release_text,2018-11-09,2018-11-09T08:22:03,acceptance_time,2018-11-09,NLG802,1a,recurrent advanced solid malignancies,,,37224606,2018-11-02,https://www.sec.gov/Archives/edgar/data/1126234/000112623418000145/nlnk-20181109x8kxex991.htm
0001193125-18-323130,0001435049,"ADURO BIOTECH, INC.  (CIK 0001435049)",ADRO,release_text,2018-11-09,2018-11-09T07:41:06,acceptance_time,2018-11-09,ADU-S100 (MIW815),1,"advanced, metastatic treatment-refractory solid tumors or lymphomas",,NCT02675439;NCT03172936,79404084,2018-10-30,https://www.sec.gov/Archives/edgar/data/1435049/000119312518323130/d649974dex991.htm
0001193125-18-324645,0000897448,AMARIN CORP PLC\UK  (AMRN)  (CIK 0000897448),AMRN,release_text,2018-11-10,2018-11-13T06:16:35,release_date_only,2018-11-12,Vascepa (icosapent ethyl),,cardiovascular risk,REDUCE-IT,,380694,2013-02-28,https://www.sec.gov/Archives/edgar/data/897448/000119312518324645/d601790d8k.htm
0001564590-18-029055,0001731831,"Eidos Therapeutics, Inc.  (CIK 0001731831)",EIDX,release_text,2018-11-10,2018-11-13T06:05:24,release_date_only,2018-11-12,AG10,2,transthyretin (TTR) amyloidosis cardiomyopathy,,,36747182,2018-11-06,https://www.sec.gov/Archives/edgar/data/1731831/000156459018029055/eidx-ex991_6.htm
0001437749-18-020646,0000925741,"BioCardia, Inc.  (BCDA)  (CIK 0000925741)",BCDA,release_text,2018-11-12,2018-11-13T20:10:59,release_date_only,2018-11-13,CardiAMP Cell Therapy System,,heart failure,CardiAMP Heart Failure Trial,,38277908,2018-11-08,https://www.sec.gov/Archives/edgar/data/925741/000143774918020646/ex_129726.htm
0001104659-18-068277,0001720893,"BioXcel Therapeutics, Inc.  (BTAI)  (CIK 0001720893)",BTAI,release_text,2018-11-14,2018-11-14T08:44:55,acceptance_time,2018-11-14,dexmedetomidine,1b,agitation in patients suffering from schizophrenia,,,15645545,2018-11-09,https://www.sec.gov/Archives/edgar/data/1720893/000110465918068277/a18-39574_28k.htm
0001104659-18-068675,0001590560,uniQure N.V.  (QURE)  (CIK 0001590560),QURE,release_text,2018-11-15,2018-11-15T08:53:29,acceptance_time,2018-11-15,AMT-061,2b,hemophilia B,,,,,https://www.sec.gov/Archives/edgar/data/1590560/000110465918068675/a18-40291_18k.htm
0001193125-18-329424,0001631650,"Aimmune Therapeutics, Inc.  (CIK 0001631650)",AIMT,release_text,2018-11-18,2018-11-19T06:12:13,release_date_only,2018-11-19,AR101,3,peanut allergy,PALISADE,NCT02635776,58730708,2018-11-08,https://www.sec.gov/Archives/edgar/data/1631650/000119312518329424/d654912d8k.htm
0001213900-18-016269,0001218683,"Wize Pharma, Inc.  (MIGI)  (CIK 0001218683)",WIZP,release_text,2018-11-20,2018-11-20T09:50:58,acceptance_time,2018-11-20,LO2A,II,dry eye syndrome,,,8462550,2018-11-13,https://www.sec.gov/Archives/edgar/data/1218683/000121390018016269/f8k111518_wizepharma.htm
0001714899-18-000020,0001714899,Denali Therapeutics Inc.  (DNLI)  (CIK 0001714899),DNLI,release_text,2018-11-19,2018-11-19T16:50:24,acceptance_time,2018-11-20,DNL747,1,neurodegenerative diseases,,,94957092,2018-11-08,https://www.sec.gov/Archives/edgar/data/1714899/000171489918000020/ex991pressrelease111918.htm
0001144204-18-061521,0001351288,GW PHARMACEUTICALS PLC  (CIK 0001351288),GWPH,release_text,2018-11-26,2018-11-26T16:15:50,acceptance_time,2018-11-27,EPIDIOLEX,3,Dravet syndrome,,,,,https://www.sec.gov/Archives/edgar/data/1351288/000114420418061521/tv507829_8k.htm
0001193125-18-334098,0001560241,"G1 Therapeutics, Inc.  (GTHX)  (CIK 0001560241)",GTHX,release_text,2018-11-26,2018-11-26T18:06:07,acceptance_time,2018-11-27,trilaciclib,2,small cell lung cancer,,NCT02499770;NCT02514447;NCT02978716;NCT03041311,37185032,2018-11-07,https://www.sec.gov/Archives/edgar/data/1560241/000119312518334098/d660229dex991.htm
0001193125-18-337148,0001520262,Alkermes plc.  (ALKS)  (CIK 0001520262),ALKS,release_text,2018-11-29,2018-11-29T07:17:35,acceptance_time,2018-11-29,ALKS 3831,3,schizophrenia,ENLIGHTEN-2,,155382787,2018-10-23,https://www.sec.gov/Archives/edgar/data/1520262/000119312518337148/d647919d8k.htm
0001193125-18-338506,0001510487,Principia Biopharma Inc.  (CIK 0001510487),PRNB,release_text,2018-11-29,2018-11-29T21:51:04,acceptance_time,2018-11-30,PRN1008,2,pemphigus,,,23860837,2018-11-06,https://www.sec.gov/Archives/edgar/data/1510487/000119312518338506/d612079d8k.htm
0001564590-18-030377,0001422143,"Kura Oncology, Inc.  (KURA)  (CIK 0001422143)",KURA,release_text,2018-12-02,2018-12-03T08:30:20,release_date_only,2018-12-03,tipifarnib,2,angioimmunoblastic T-cell lymphoma and peripheral T-cell lymphoma,,,38036952,2018-11-05,https://www.sec.gov/Archives/edgar/data/1422143/000156459018030377/kura-ex991_6.htm
0001104659-18-070939,0001689813,Biohaven Pharmaceutical Holding Co Ltd.  (CIK 0001689813),BHVN,release_text,2018-12-03,2018-12-03T09:08:01,acceptance_time,2018-12-03,rimegepant,3,migraine,BHV3000-303,NCT01430442;NCT03235479;NCT03237845;NCT03461757,40327610,2018-11-14,https://www.sec.gov/Archives/edgar/data/1689813/000110465918070939/a18-41019_18k.htm
0001193125-18-340357,0001656328,"Sienna Biopharmaceuticals, Inc.  (CIK 0001656328)",SNNA,release_text,2018-12-03,2018-12-03T07:11:10,acceptance_time,2018-12-03,SNA-120,2b,psoriasis,,,21140101,2018-11-08,https://www.sec.gov/Archives/edgar/data/1656328/000119312518340357/d666695d8k.htm
0001558370-18-009542,0001597264,Blueprint Medicines Corp  (BPMC)  (CIK 0001597264),BPMC,release_text,2018-12-02,2018-12-03T16:01:29,release_date_only,2018-12-03,avapritinib,1,systemic mastocytosis,EXPLORER,,43950375,2018-10-30,https://www.sec.gov/Archives/edgar/data/1597264/000155837018009542/ex-99d1.htm
0001104659-18-070938,0001590560,uniQure N.V.  (QURE)  (CIK 0001590560),QURE,release_text,2018-12-03,2018-12-03T09:05:41,acceptance_time,2018-12-03,AMT-060,1/2,hemophilia B,,,,,https://www.sec.gov/Archives/edgar/data/1590560/000110465918070938/a18-41023_18k.htm
0001410578-18-000568,0001556263,"Syros Pharmaceuticals, Inc.  (SYRS)  (CIK 0001556263)",SYRS,release_text,2018-12-02,2018-12-03T08:07:18,release_date_only,2018-12-03,SY-1425,2,acute myeloid leukemia and myelodysplastic syndrome,,NCT02807558,33654604,2018-11-01,https://www.sec.gov/Archives/edgar/data/1556263/000141057818000568/a18-40969_18k.htm
0001193125-18-341091,0001503802,Karyopharm Therapeutics Inc.  (KPTI)  (CIK 0001503802),KPTI,release_text,2018-12-01,2018-12-03T16:06:00,release_date_only,2018-12-03,selinexor,2b,diffuse large B-cell lymphoma,SADAL,,60707876,2018-11-08,https://www.sec.gov/Archives/edgar/data/1503802/000119312518341091/d655035d8k.htm
0001171843-18-008354,0001651308,"BeiGene, Ltd.  (BGNE, BEIGF)  (CIK 0001651308)",BGNE,release_text,2018-12-01,2018-12-06T16:05:32,release_date_only,2018-12-03,zanubrutinib,2,mantle cell lymphoma,,NCT02343120;NCT03206970,772363184,2018-11-08,https://www.sec.gov/Archives/edgar/data/1651308/000117184318008354/exh_991.htm
0001280600-18-000065,0001280600,ACCELERON PHARMA INC  (CIK 0001280600),,missing,,2018-12-03T08:34:54,acceptance_time,2018-12-03,Luspatercept,3,Beta-Thalassemia,BELIEVE,,46190344,2018-10-30,https://www.sec.gov/Archives/edgar/data/1280600/000128060018000065/xlrn-20181203form8xk.htm
0001193125-18-341242,0001262104,"MEI Pharma, Inc.  (MEIP)  (CIK 0001262104)",MEIP,release_text,2018-12-02,2018-12-03T17:27:06,release_date_only,2018-12-03,ME-401,1b,Indolent B-Cell Malignancies,,,71125444,2018-11-08,https://www.sec.gov/Archives/edgar/data/1262104/000119312518341242/d667507d8k.htm
0001410578-18-000570,0001130598,"Onconova Therapeutics, Inc.  (TRAW)  (CIK 0001130598)",ONTX,release_text,2018-12-03,2018-12-03T08:08:11,acceptance_time,2018-12-03,oral rigosertib,2,Myelodysplastic Syndromes,,NCT02562443,5674220,2018-11-14,https://www.sec.gov/Archives/edgar/data/1130598/000141057818000570/a18-41020_1ex99d1.htm
0001126234-18-000149,0001126234,NEWLINK GENETICS CORP  (LUMO)  (CIK 0001126234),NLNK,release_text,2018-12-02,2018-12-03T16:35:07,release_date_only,2018-12-03,indoximod,1,acute myeloid leukemia,,,37224606,2018-11-02,https://www.sec.gov/Archives/edgar/data/1126234/000112623418000149/nlnk-20181203x8kxex991.htm
0001564590-18-030395,0001061027,SUNESIS PHARMACEUTICALS INC  (VIRX)  (CIK 0001061027),SNSS,release_text,2018-12-02,2018-12-03T14:10:45,release_date_only,2018-12-03,vecabrutinib,1b/2,chronic lymphocytic leukemia and other B-cell malignancies,,,37421509,2018-11-05,https://www.sec.gov/Archives/edgar/data/1061027/000156459018030395/snss-8k_20181202.htm
0001193125-18-341161,0001347178,Vanda Pharmaceuticals Inc.  (VNDA)  (CIK 0001347178),VNDA,release_text,2018-12-03,2018-12-03T16:32:05,acceptance_time,2018-12-04,tradipitant,2,gastroparesis,VLY686-2301,,52449880,2018-11-07,https://www.sec.gov/Archives/edgar/data/1347178/000119312518341161/d666078dex991.htm
0001654954-18-013524,0001001316,"TG THERAPEUTICS, INC.  (TGTX)  (CIK 0001001316)",TGTX,release_text,2018-12-03,2018-12-04T07:36:58,release_date_only,2018-12-04,"ublituximab, umbralisib, and pembrolizumab",1/2,Relapsed/Refractory Chronic Lymphocytic Leukemia (CLL) and Richter’s Transformation (RT),,,82897273,2018-11-09,https://www.sec.gov/Archives/edgar/data/1001316/000165495418013524/v120318_ex991.htm
0001193125-18-341083,0001439222,AGIOS PHARMACEUTICALS INC  (AGIO)  (CIK 0001439222),AGIO,release_text,2018-12-03,2018-12-03T16:03:06,acceptance_time,2018-12-04,ivosidenib or enasidenib,1,acute myeloid leukemia,,,58178676,2018-11-01,https://www.sec.gov/Archives/edgar/data/1439222/000119312518341083/d642700d8k.htm
0001193125-18-341645,0001479290,"Revance Therapeutics, Inc.  (RVNC)  (CIK 0001479290)",RVNC,release_text,2018-12-04,2018-12-04T08:14:11,acceptance_time,2018-12-04,DaxibotulinumtoxinA for Injection (RT002),3,glabellar (frown) lines,SAKURA 3,,36987667,2018-11-02,https://www.sec.gov/Archives/edgar/data/1479290/000119312518341645/d668154d8k.htm
0001193125-18-342992,0001631574,Wave Life Sciences Ltd.  (WVE)  (CIK 0001631574),WVE,release_text,2018-12-06,2018-12-06T07:39:58,acceptance_time,2018-12-06,WVE-210201,1,Duchenne muscular dystrophy (DMD),,,29463722,2018-11-09,https://www.sec.gov/Archives/edgar/data/1631574/000119312518342992/d661400dex991.htm
0001171843-18-008331,0001383701,Conatus Pharmaceuticals Inc.  (CIK 0001383701),,missing,2018-12-05,2018-12-06T07:30:15,release_date_only,2018-12-06,emricasan,2b,nonalcoholic steatohepatitis (NASH) cirrhosis,ENCORE-PH,,30261547,2018-11-01,https://www.sec.gov/Archives/edgar/data/1383701/000117184318008331/f8k_120618.htm
0001104659-18-071355,0001267813,MARINUS PHARMACEUTICALS INC  (MRNS)  (CIK 0001267813),MRNS,release_text,2018-12-04,2018-12-04T16:05:13,acceptance_time,2018-12-06,ganaxolone,2,CDKL5 Deficiency Disorder (CDD) and PCDH19-related pediatric epilepsy,,,40525013,2018-10-29,https://www.sec.gov/Archives/edgar/data/1267813/000110465918071355/a18-41111_1ex99d1.htm
0001564590-18-030709,0001080709,ARENA PHARMACEUTICALS INC  (CIK 0001080709),,missing,2018-12-10,2018-12-10T09:24:52,acceptance_time,2018-12-10,nelotanserin,2,Lewy Body Dementia,,,49406452,2018-11-08,https://www.sec.gov/Archives/edgar/data/1080709/000156459018030709/arna-8k_20181210.htm
0001104659-18-071959,0001579428,"Axsome Therapeutics, Inc.  (AXSM)  (CIK 0001579428)",AXSM,release_text,2018-12-10,2018-12-10T07:06:14,acceptance_time,2018-12-10,AXS-05,2/3,agitation associated with Alzheimer’s disease,ADVANCE-1,,29813168,2018-11-09,https://www.sec.gov/Archives/edgar/data/1579428/000110465918071959/a18-41321_1ex99d1.htm
0001193125-18-346177,0001347178,Vanda Pharmaceuticals Inc.  (VNDA)  (CIK 0001347178),VNDA,release_text,2018-12-10,2018-12-10T16:31:57,acceptance_time,2018-12-11,HETLIOZ (tasimelteon),,Smith-Magenis Syndrome,VEC-162-2401,,52449880,2018-11-07,https://www.sec.gov/Archives/edgar/data/1347178/000119312518346177/d666968dex991.htm
0001104659-18-072101,0001481512,"Ra Pharmaceuticals, Inc.  (CIK 0001481512)",,missing,2018-12-10,2018-12-10T16:15:31,acceptance_time,2018-12-11,zilucoplan,2,generalized myasthenia gravis,,,32398026,2018-11-07,https://www.sec.gov/Archives/edgar/data/1481512/000110465918072101/a18-41344_38k.htm
0001564590-18-030737,0001566044,Menlo Therapeutics Inc.  (VYNE)  (CIK 0001566044),MNLO,release_text,2018-12-10,2018-12-10T16:43:06,acceptance_time,2018-12-11,serlopitant,2,pruritus associated with psoriasis,MTI-109,,23232184,2018-11-07,https://www.sec.gov/Archives/edgar/data/1566044/000156459018030737/mnlo-ex991_6.htm
0001193125-18-347337,0000914475,NEUROCRINE BIOSCIENCES INC  (NBIX)  (CIK 0000914475),NBIX,release_text,2018-12-12,2018-12-12T08:00:56,acceptance_time,2018-12-12,valbenazine,2b,Tourette syndrome,T-Force GOLD,,90682182,2018-11-05,https://www.sec.gov/Archives/edgar/data/914475/000119312518347337/d670203dex991.htm
0001104659-18-072585,0001621443,"Zynerba Pharmaceuticals, Inc.  (CIK 0001621443)",ZYNE,release_text,2018-12-12,2018-12-12T17:16:17,acceptance_time,2018-12-13,ZYN002,2,Fragile X Syndrome,FAB-C,,17626873,2018-11-08,https://www.sec.gov/Archives/edgar/data/1621443/000110465918072585/a18-41469_18k.htm
0001193125-18-348318,0001273636,APPLIED GENETIC TECHNOLOGIES CORP  (CIK 0001273636),AGTC,release_text,2018-12-12,2018-12-13T08:26:35,release_date_only,2018-12-13,rAAV2tYF-CB-hRS1,1/2,X-linked retinoschisis,,,18133993,2018-11-09,https://www.sec.gov/Archives/edgar/data/1273636/000119312518348318/d644374d8k.htm
0001104659-18-072952,0001509745,"LEAP THERAPEUTICS, INC.  (LPTX)  (CIK 0001509745)",LPTX,release_text,2018-12-14,2018-12-14T07:20:09,acceptance_time,2018-12-14,TRX518,1/2,advanced solid tumors,,,14703159,2018-11-09,https://www.sec.gov/Archives/edgar/data/1509745/000110465918072952/a18-41600_1ex99d1.htm
0001477932-18-006009,0001355250,Innovation Pharmaceuticals Inc.  (IPIX)  (CIK 0001355250),,missing,2018-12-14,2018-12-17T07:00:19,release_date_only,2018-12-17,Prurisol,2b,moderate-to-severe chronic plaque psoriasis,,,163676190,2018-11-08,https://www.sec.gov/Archives/edgar/data/1355250/000147793218006009/ipix_8k.htm
0001437749-18-022078,0001563855,SOPHIRIS BIO INC.  (CIK 0001563855),SPHS,release_text,2018-12-17,2018-12-17T08:05:47,acceptance_time,2018-12-17,topsalysin (PRX302),2b,localized prostate cancer,,,30111153,2018-11-13,https://www.sec.gov/Archives/edgar/data/1563855/000143774918022078/ex_131739.htm
0001618835-18-000135,0001618835,"Evofem Biosciences, Inc.  (EVFM)  (CIK 0001618835)",EVFM,release_text,2018-12-17,2018-12-17T06:05:35,acceptance_time,2018-12-17,Amphora,3,prevention of pregnancy,AMPOWER,,25867248,2018-11-07,https://www.sec.gov/Archives/edgar/data/1618835/000161883518000135/evfm8-ktoplinedata.htm
0001564590-18-030969,0001636651,Ovid Therapeutics Inc.  (OVID)  (CIK 0001636651),OVID,release_text,2018-12-17,2018-12-17T08:05:32,acceptance_time,2018-12-17,OV935/TAK-935,1b/2a,rare developmental and epileptic encephalopathies (DEE),,,24654114,2018-11-08,https://www.sec.gov/Archives/edgar/data/1636651/000156459018030969/ovid-ex991_6.htm
0001558370-18-009730,0001557746,"Aclaris Therapeutics, Inc.  (ACRS)  (CIK 0001557746)",ACRS,release_text,2018-12-17,2018-12-17T16:15:40,acceptance_time,2018-12-18,ATI-502,2,alopecia areata,AA-202 Topical,,40936191,2018-11-06,https://www.sec.gov/Archives/edgar/data/1557746/000155837018009730/ex-99d1.htm
0001193125-18-351272,0001401667,"PUMA BIOTECHNOLOGY, INC.  (PBYI)  (CIK 0001401667)",PBYI,sec_current,2018-12-17,2018-12-17T20:28:35,acceptance_time,2018-12-18,PB272 (neratinib),3,HER2-positive metastatic breast cancer,NALA,,38134994,2018-11-05,https://www.sec.gov/Archives/edgar/data/1401667/000119312518351272/d676700d8k.htm
0001193125-18-351544,0001567514,"Intra-Cellular Therapies, Inc.  (ITCI)  (CIK 0001567514)",ITCI,release_text,2018-12-18,2018-12-18T08:39:56,acceptance_time,2018-12-18,lumateperone (9 mg ITI-007),3,agitation in patients with probable Alzheimer’s disease,Study 201,,54726331,2018-11-07,https://www.sec.gov/Archives/edgar/data/1567514/000119312518351544/d673708dex991.htm
0001193125-18-352716,0001160308,Savara Inc  (SVRA)  (CIK 0001160308),SVRA,release_text,2018-12-19,2018-12-19T08:26:35,acceptance_time,2018-12-19,Molgradex,2a,nontuberculous mycobacterial (NTM) lung infection,OPTIMA,,35128771,2018-11-07,https://www.sec.gov/Archives/edgar/data/1160308/000119312518352716/d675989dex991.htm
0001193125-18-353929,0000921299,FIBROGEN INC  (FGEN)  (CIK 0000921299),FGEN,release_text,2018-12-20,2018-12-20T08:30:56,acceptance_time,2018-12-20,roxadustat,3,anemia in patients with chronic kidney disease,"ANDES, HIMALAYAS, SIERRAS",NCT02174627;NCT02174731,84978056,2018-11-08,https://www.sec.gov/Archives/edgar/data/921299/000119312518353929/d676533d8k.htm
0001144204-18-065510,0001535955,Lipocine Inc.  (LPCN)  (CIK 0001535955),LPCN,sec_current,2018-12-20,2018-12-20T08:00:36,acceptance_time,2018-12-20,LPCN 1144,,non-alcoholic fatty liver disease,,,21464030,2018-11-07,https://www.sec.gov/Archives/edgar/data/1535955/000114420418065510/tv509532_8k.htm
0001104659-18-074466,0001356576,SUPERNUS PHARMACEUTICALS INC  (SUPN)  (CIK 0001356576),SUPN,release_text,2018-12-20,2018-12-21T16:37:03,release_date_only,2018-12-21,SPN-812,3,attention deficit hyperactivity disorder (ADHD),P302,,52257013,2018-11-09,https://www.sec.gov/Archives/edgar/data/1356576/000110465918074466/a18-41980_18k.htm
0001564590-18-031301,0001394319,"Tracon Pharmaceuticals, Inc.  (TCON)  (CIK 0001394319)",TCON,release_text,2018-12-21,2018-12-21T16:06:02,acceptance_time,2018-12-24,TRC105,2,renal cell carcinoma,TRAXAR,,29871327,2018-11-07,https://www.sec.gov/Archives/edgar/data/1394319/000156459018031301/tcon-8k_20181220.htm
0001193125-18-362273,0001445283,"PROTEOSTASIS THERAPEUTICS, INC.  (KA)  (CIK 0001445283)",,missing,2018-12-31,2018-12-31T16:05:33,acceptance_time,2019-01-02,PTI-428,1,cystic fibrosis,,,49158422,2018-11-06,https://www.sec.gov/Archives/edgar/data/1445283/000119312518362273/d672527d8k.htm
0001144204-19-000147,0001138776,"Aevi Genomic Medicine, Inc.  (CIK 0001138776)",GNMX,release_text,2019-01-02,2019-01-02T16:31:43,acceptance_time,2019-01-03,AEVI-001,2,ADHD,ASCEND,,64766882,2018-11-01,https://www.sec.gov/Archives/edgar/data/1138776/000114420419000147/tv510221_8k.htm
0001193125-19-001151,0000818033,"HERON THERAPEUTICS, INC. /DE/  (HRTX)  (CIK 0000818033)",HRTX,release_text,2019-01-03,2019-01-03T08:35:35,acceptance_time,2019-01-03,HTX-011,,postoperative pain,,,78019031,2018-11-07,https://www.sec.gov/Archives/edgar/data/818033/000119312519001151/d682701d8k.htm
0001193125-19-001094,0001660334,Verrica Pharmaceuticals Inc.  (VRCA)  (CIK 0001660334),VRCA,release_text,2019-01-03,2019-01-03T07:45:38,acceptance_time,2019-01-03,VP-102,3,molluscum contagiosum,CAMP-1 and CAMP-2,,25696371,2018-11-07,https://www.sec.gov/Archives/edgar/data/1660334/000119312519001094/d678670d8k.htm
0001453687-19-000002,0001453687,SELECTA BIOSCIENCES INC  (RNAC)  (CIK 0001453687),SELB,release_text,2019-01-03,2019-01-03T16:14:18,acceptance_time,2019-01-04,SEL-212,2,chronic refractory gout,,,22434212,2018-11-08,https://www.sec.gov/Archives/edgar/data/1453687/000145368719000002/exhibit991pressreleaseissu.htm
0001564590-19-000243,0001515673,Ultragenyx Pharmaceutical Inc.  (RARE)  (CIK 0001515673),RARE,release_text,2019-01-04,2019-01-07T06:04:23,release_date_only,2019-01-07,DTX401,1/2,glycogen storage disease type Ia,,,50579619,2018-11-06,https://www.sec.gov/Archives/edgar/data/1515673/000156459019000243/rare-8k_20190104.htm
0001600132-19-000020,0001600132,"Bellerophon Therapeutics, Inc.  (BLPH)  (CIK 0001600132)",BLPH,release_text,2019-01-07,2019-01-07T08:37:37,acceptance_time,2019-01-07,INOpulse,2b,Pulmonary Hypertension associated with Interstitial Lung Disease,iNO-PF,,58679492,2018-11-07,https://www.sec.gov/Archives/edgar/data/1600132/000160013219000020/a8-kjan2019ildupdateex991.htm
0001561743-19-000003,0001561743,"Kindred Biosciences, Inc.  (CIK 0001561743)",,missing,2019-01-14,2019-01-14T16:06:21,acceptance_time,2019-01-15,epoCat™,,non-regenerative anemia in cats,pilot field effectiveness study,,33913168,2018-11-07,https://www.sec.gov/Archives/edgar/data/1561743/000156174319000003/a8-kjanuary142019.htm
0001104659-19-002008,0001674365,Aptinyx Inc.  (CIK 0001674365),APTX,release_text,2019-01-16,2019-01-16T08:00:25,acceptance_time,2019-01-16,NYX-2925,2,painful diabetic peripheral neuropathy,,,33497344,2018-11-13,https://www.sec.gov/Archives/edgar/data/1674365/000110465919002008/a19-3004_18k.htm
0001193125-19-010961,0001374690,"ZAFGEN, INC.  (LRMR)  (CIK 0001374690)",ZFGN,release_text,2019-01-17,2019-01-17T07:30:02,acceptance_time,2019-01-17,ZGN-1061,2,type 2 diabetes,,,36870780,2018-11-09,https://www.sec.gov/Archives/edgar/data/1374690/000119312519010961/d655163dex991.htm
0001193125-19-012092,0001537917,"TYME TECHNOLOGIES, INC.  (CIK 0001537917)",TYME,release_text,2019-01-18,2019-01-18T08:01:08,acceptance_time,2019-01-18,SM-88,2,advanced pancreatic cancer,88-Panc,NCT03512756,103006351,2018-11-05,https://www.sec.gov/Archives/edgar/data/1537917/000119312519012092/d678702dex991.htm
0001144204-19-002174,0000850261,"Sorrento Therapeutics, Inc.  (SRNE)  (CIK 0000850261)",SRNE,release_text,2019-01-22,2019-01-22T07:00:23,acceptance_time,2019-01-22,resiniferatoxin,1b,osteoarthritis knee pain,PTVA-OA-001,NCT03542838,122273467,2018-11-09,https://www.sec.gov/Archives/edgar/data/850261/000114420419002174/tv511309_ex99-1.htm
0001140361-19-001362,0001228627,"REXAHN PHARMACEUTICALS, INC.  (OCUP)  (CIK 0001228627)",RNN,release_text,2019-01-22,2019-01-22T16:48:43,acceptance_time,2019-01-23,RX-3117,2a,metastatic pancreatic cancer,,,37521170,2018-11-02,https://www.sec.gov/Archives/edgar/data/1228627/000114036119001362/ex99_1.htm
0001564590-19-001269,0001564824,Allakos Inc.  (ALLK)  (CIK 0001564824),ALLK,release_text,2019-01-29,2019-01-29T08:08:49,acceptance_time,2019-01-29,AK002,2,cholinergic urticaria and symptomatic dermographism,,,42113059,2018-11-08,https://www.sec.gov/Archives/edgar/data/1564824/000156459019001269/allk-8k_20190129.htm
0001171843-19-000573,0001629137,"Global Blood Therapeutics, Inc.  (CIK 0001629137)",GBT,release_text,2019-01-29,2019-01-29T17:17:54,acceptance_time,2019-01-30,voxelotor,1/2,sickle cell disease,,,52232448,2018-11-06,https://www.sec.gov/Archives/edgar/data/1629137/000117184319000573/exh_991.htm
0001144204-19-003625,0001682639,"EYENOVIA, INC.  (EYEN)  (CIK 0001682639)",EYEN,release_text,2019-01-30,2019-01-30T07:27:49,acceptance_time,2019-01-30,MicroStat,3,mydriasis,MIST-1,,10088996,2018-11-13,https://www.sec.gov/Archives/edgar/data/1682639/000114420419003625/tv511916_8k.htm
0001104659-19-004865,0001082554,UNITED THERAPEUTICS Corp  (UTHR)  (CIK 0001082554),UTHR,release_text,2019-01-31,2019-01-31T20:00:29,acceptance_time,2019-02-01,Orenitram,,pulmonary arterial hypertension,FREEDOM-EV,,43587178,2018-10-31,https://www.sec.gov/Archives/edgar/data/1082554/000110465919004865/a19-3803_1ex99d1.htm
0001493152-19-001233,0001444307,ONCOSEC MEDICAL Inc  (ONCSQ)  (CIK 0001444307),ONCS,release_text,2019-02-01,2019-02-01T08:30:39,acceptance_time,2019-02-01,TAVO + KEYTRUDA,,metastatic/recurrent melanoma,KEYNOTE-695,,64507002,2018-12-14,https://www.sec.gov/Archives/edgar/data/1444307/000149315219001233/ex99-1.htm
0001144204-19-004918,0001006281,"Protalix BioTherapeutics, Inc.  (PLX)  (CIK 0001006281)",PLX,release_text,2019-02-05,2019-02-05T07:08:29,acceptance_time,2019-02-05,pegunigalsidase alfa,3,Fabry disease,BRIGHT,,148374921,2018-11-07,https://www.sec.gov/Archives/edgar/data/1006281/000114420419004918/tv512430_ex99-1.htm
0001104659-19-005571,0001720893,"BioXcel Therapeutics, Inc.  (BTAI)  (CIK 0001720893)",BTAI,release_text,2019-02-04,2019-02-04T17:03:29,acceptance_time,2019-02-05,BXCL501,1b,opioid withdrawal symptoms,,,15645545,2018-11-09,https://www.sec.gov/Archives/edgar/data/1720893/000110465919005571/a19-3981_1ex99d1.htm
0001125345-19-000012,0001125345,MACROGENICS INC  (MGNX)  (CIK 0001125345),MGNX,sec_current,2019-02-06,2019-02-06T08:09:00,acceptance_time,2019-02-06,margetuximab,3,metastatic breast cancer,SOPHIA,,42259080,2018-11-07,https://www.sec.gov/Archives/edgar/data/1125345/000112534519000012/form8-k_sophiaph3results.htm
0001193125-19-031637,0001656328,"Sienna Biopharmaceuticals, Inc.  (CIK 0001656328)",SNNA,release_text,2019-02-08,2019-02-08T09:12:30,acceptance_time,2019-02-08,SNA-001,,light hair,,,21140101,2018-11-08,https://www.sec.gov/Archives/edgar/data/1656328/000119312519031637/d703775d8k.htm
0001104659-19-007141,0001261249,"AGILE THERAPEUTICS INC  (AGRX, AGXRW)  (CIK 0001261249)",AGRX,release_text,2019-02-11,2019-02-11T17:00:48,acceptance_time,2019-02-12,Twirla,,contraception,comparative wear study,,34377329,2018-11-02,https://www.sec.gov/Archives/edgar/data/1261249/000110465919007141/a19-4369_18k.htm
0001193125-19-035877,0001682852,"Moderna, Inc.  (MRNA)  (CIK 0001682852)",MRNA,release_text,2019-02-12,2019-02-12T16:01:34,acceptance_time,2019-02-13,mRNA-1653,1,human metapneumovirus (hMPV) and parainfluenza type 3 (PIV3),,,,,https://www.sec.gov/Archives/edgar/data/1682852/000119312519035877/d707391dex991.htm
0001615774-19-002632,0000906709,NEKTAR THERAPEUTICS  (NKTR)  (CIK 0000906709),NKTR,release_text,2019-02-15,2019-02-15T16:08:01,acceptance_time,2019-02-19,bempegaldesleukin (NKTR-214) with nivolumab,1/2,metastatic urothelial carcinoma,PIVOT-02,NCT03785925,173085231,2018-11-08,https://www.sec.gov/Archives/edgar/data/906709/000161577419002632/s113941_8k.htm
0001144204-19-009885,0001270073,"INTERCEPT PHARMACEUTICALS, INC.  (CIK 0001270073)",ICPT,release_text,2019-02-19,2019-02-25T17:00:43,release_date_only,2019-02-20,obeticholic acid,3,liver fibrosis due to NASH,REGENERATE,,29654468,2018-11-01,https://www.sec.gov/Archives/edgar/data/1270073/000114420419009885/tv514418_8k.htm
0001564590-19-003668,0001515673,Ultragenyx Pharmaceutical Inc.  (RARE)  (CIK 0001515673),RARE,release_text,2019-02-21,2019-02-21T16:04:56,acceptance_time,2019-02-22,DTX401,1/2,glycogen storage disease type Ia,,,51278958,2019-02-20,https://www.sec.gov/Archives/edgar/data/1515673/000156459019003668/rare-8k_20190221.htm
0001564590-19-004252,0001501989,"CytomX Therapeutics, Inc.  (CTMX)  (CIK 0001501989)",CTMX,release_text,2019-02-26,2019-02-26T07:36:10,acceptance_time,2019-02-26,CX-072,1,cancer,PROCLAIM-CX-072,,45007104,2018-11-06,https://www.sec.gov/Archives/edgar/data/1501989/000156459019004252/ctmx-ex991_23.htm
0001144204-19-009850,0001279704,"Cellectar Biosciences, Inc.  (CLRB)  (CIK 0001279704)",CLRB,release_text,2019-02-25,2019-02-25T16:03:15,acceptance_time,2019-02-26,CLR 131,2,multiple myeloma,,NCT02952508,4757786,2018-11-13,https://www.sec.gov/Archives/edgar/data/1279704/000114420419009850/tv514612_8k.htm
0001144204-19-010780,0001000694,NOVAVAX INC  (NVAX)  (CIK 0001000694),NVAX,sec_current,,2019-02-28T08:55:34,acceptance_time,2019-02-28,ResVax,,RSV,Prepare,,382850125,2018-11-07,https://www.sec.gov/Archives/edgar/data/1000694/000114420419010780/tv515015_8k.htm
0001654954-19-002047,0001001316,"TG THERAPEUTICS, INC.  (TGTX)  (CIK 0001001316)",TGTX,release_text,2019-02-28,2019-02-28T07:33:41,acceptance_time,2019-02-28,umbralisib,2b,Relapsed/Refractory Marginal Zone Lymphoma,UNITY-NHL,,82897273,2018-11-09,https://www.sec.gov/Archives/edgar/data/1001316/000165495419002047/v022819_ex991.htm
0001193125-19-056253,0001213037,"Trovagene, Inc.  (CRDF)  (CIK 0001213037)",TROV,release_text,2019-02-28,2019-02-28T10:38:32,acceptance_time,2019-02-28,onvansertib,1b/2,Acute Myeloid Leukemia,,NCT03303339;NCT03414034,22990942,2018-11-07,https://www.sec.gov/Archives/edgar/data/1213037/000119312519056253/d715537dex991.htm
0001553350-19-000179,0001476963,"HEAT BIOLOGICS, INC.  (SCPX)  (CIK 0001476963)",,missing,,2019-02-28T14:37:26,acceptance_time,2019-02-28,Viagenpumatucel-L (HS-110),,non-small cell lung cancer,HS110-102,NCT02439450,23257144,2018-11-14,https://www.sec.gov/Archives/edgar/data/1476963/000155335019000179/htbx_ex99z1.htm
0001193125-19-055871,0001492426,Horizon Pharma plc  (CIK 0001492426),,missing,2019-02-28,2019-02-28T09:06:35,acceptance_time,2019-02-28,teprotumumab,3,thyroid eye disease,OPTIC,,169619321,2019-02-27,https://www.sec.gov/Archives/edgar/data/1492426/000119312519055871/d698914d8k.htm
0001615774-19-003462,0000906709,NEKTAR THERAPEUTICS  (NKTR)  (CIK 0000906709),NKTR,release_text,2019-03-01,2019-03-01T16:45:17,acceptance_time,2019-03-04,NKTR-262 and bempegaldesleukin,1/2,"melanoma, leiomyosarcoma, triple negative breast cancer",REVEAL,NCT03435640,174104459,2019-03-01,https://www.sec.gov/Archives/edgar/data/906709/000161577419003462/s116482_8k.htm
0001564590-19-005930,0001169245,PhaseBio Pharmaceuticals Inc  (PHASQ)  (CIK 0001169245),PHAS,release_text,2019-03-04,2019-03-04T08:00:34,acceptance_time,2019-03-04,PB2452,1,major bleeding and urgent surgery situations,,,24498275,2018-11-29,https://www.sec.gov/Archives/edgar/data/1169245/000156459019005930/phas-ex992_7.htm
0001193125-19-062224,0001510487,Principia Biopharma Inc.  (CIK 0001510487),PRNB,release_text,2019-03-01,2019-03-04T14:25:04,release_date_only,2019-03-04,PRN2246/SAR442168,1,multiple sclerosis,,,23860837,2018-11-06,https://www.sec.gov/Archives/edgar/data/1510487/000119312519062224/d673642d8k.htm
0000792977-19-000050,0000792977,AMAG PHARMACEUTICALS INC.  (CIK 0000792977),AMAG,release_text,2019-03-08,2019-03-08T08:04:04,acceptance_time,2019-03-08,Makena,,preterm delivery,PROLONG,,34713130,2019-03-01,https://www.sec.gov/Archives/edgar/data/792977/000079297719000050/amag20198-k3819.htm
0001104659-19-013732,0001634432,Strongbridge Biopharma plc  (CIK 0001634432),SBBP,release_text,2019-03-11,2019-03-11T07:42:02,acceptance_time,2019-03-11,RECORLEV (levoketoconazole),3,endogenous Cushing’s syndrome,SONICS,,54158948,2019-02-27,https://www.sec.gov/Archives/edgar/data/1634432/000110465919013732/a19-6233_18k.htm
0001193125-19-077488,0001422142,"Aerpio Pharmaceuticals, Inc.  (AADI)  (CIK 0001422142)",ARPO,release_text,2019-03-18,2019-03-18T07:58:05,acceptance_time,2019-03-18,AKB-9778,2b,diabetic retinopathy,TIME-2b,,40588004,2019-03-07,https://www.sec.gov/Archives/edgar/data/1422142/000119312519077488/d727289dex991.htm
0001104659-19-015410,0001509745,"LEAP THERAPEUTICS, INC.  (LPTX)  (CIK 0001509745)",LPTX,release_text,2019-03-18,2019-03-18T08:31:12,acceptance_time,2019-03-18,DKN-01,2,gynecological malignancies,,,14703159,2018-11-09,https://www.sec.gov/Archives/edgar/data/1509745/000110465919015410/a19-6684_1ex99d1.htm
0001193125-19-077442,0001557883,"Dermira, Inc.  (CIK 0001557883)",DERM,release_text,2019-03-18,2019-03-18T07:12:49,acceptance_time,2019-03-18,lebrikizumab,2b,atopic dermatitis,,,42328167,2019-02-26,https://www.sec.gov/Archives/edgar/data/1557883/000119312519077442/d722390d8k.htm
0001104659-19-015610,0001261249,"AGILE THERAPEUTICS INC  (AGRX, AGXRW)  (CIK 0001261249)",,missing,2019-03-18,2019-03-18T16:31:13,acceptance_time,2019-03-19,AG200-15,1,contraceptive,ATI-CL26 and ATI-CL25,,43214383,2019-03-12,https://www.sec.gov/Archives/edgar/data/1261249/000110465919015610/a19-6685_1ex99d2.htm
0001564590-19-008654,0001740547,Urovant Sciences Ltd.  (CIK 0001740547),UROV,release_text,2019-03-19,2019-03-20T16:34:14,release_date_only,2019-03-20,vibegron,3,overactive bladder,EMPOWUR,,30322911,2019-02-14,https://www.sec.gov/Archives/edgar/data/1740547/000156459019008654/urov-8k_20190319.htm
0001171843-19-001889,0001383701,Conatus Pharmaceuticals Inc.  (CIK 0001383701),,missing,2019-03-21,2019-03-21T16:05:12,acceptance_time,2019-03-22,emricasan,2b,nonalcoholic steatohepatitis and liver fibrosis,ENCORE-NF,,33165122,2019-03-08,https://www.sec.gov/Archives/edgar/data/1383701/000117184319001889/f8k_032119.htm
0001193125-19-084285,0001445283,"PROTEOSTASIS THERAPEUTICS, INC.  (KA)  (CIK 0001445283)",PTI,release_text,2019-03-25,2019-03-25T07:15:43,acceptance_time,2019-03-25,"PTI-801, PTI-808, and PTI-428",1,cystic fibrosis,,,51040615,2019-03-08,https://www.sec.gov/Archives/edgar/data/1445283/000119312519084285/d692089d8k.htm
0001193125-19-084341,0001631650,"Aimmune Therapeutics, Inc.  (CIK 0001631650)",AIMT,release_text,2019-03-25,2019-03-25T08:16:02,acceptance_time,2019-03-25,AR101,3,peanut allergy,ARTEMIS,,62186194,2019-02-28,https://www.sec.gov/Archives/edgar/data/1631650/000119312519084341/d692138d8k.htm
0001659617-19-000030,0001659617,"Moleculin Biotech, Inc.  (MBRX)  (CIK 0001659617)",MBRX,release_text,2019-03-26,2019-03-26T07:31:40,acceptance_time,2019-03-26,Annamycin,1/2,acute myeloid leukemia,,,28528663,2019-02-21,https://www.sec.gov/Archives/edgar/data/1659617/000165961719000030/exh991-pressreleasepositiv.htm
0001144204-19-016088,0001535955,Lipocine Inc.  (LPCN)  (CIK 0001535955),LPCN,release_text,2019-03-27,2019-03-27T08:00:19,acceptance_time,2019-03-27,TLANDO,,hypogonadal,ABPM Study,NCT02081300;NCT03868059,23878948,2019-03-06,https://www.sec.gov/Archives/edgar/data/1535955/000114420419016088/tv517244_ex99-1.htm
0001564590-19-009692,0000873303,"Sarepta Therapeutics, Inc.  (SRPT)  (CIK 0000873303)",SRPT,release_text,2019-03-28,2019-03-28T08:38:00,acceptance_time,2019-03-28,casimersen,3,Duchenne muscular dystrophy,ESSENCE,,71292129,2019-02-28,https://www.sec.gov/Archives/edgar/data/873303/000156459019009692/srpt-ex991_6.htm
0001193125-19-089251,0001060736,SEATTLE GENETICS INC /WA  (CIK 0001060736),SGEN,release_text,2019-03-28,2019-03-28T07:02:02,acceptance_time,2019-03-28,enfortumab vedotin,2,locally advanced or metastatic urothelial cancer,EV-201,,160561234,2019-02-07,https://www.sec.gov/Archives/edgar/data/1060736/000119312519089251/d721432d8k.htm
0001171843-19-002031,0001359931,PROTEON THERAPEUTICS INC  (TARA)  (CIK 0001359931),PRTO,release_text,2019-03-28,2019-03-28T08:00:33,acceptance_time,2019-03-28,vonapanitase,3,chronic kidney disease,PATENCY-2,,19243651,2019-03-13,https://www.sec.gov/Archives/edgar/data/1359931/000117184319002031/exh_991.htm
0001595585-19-000060,0001595585,"Tricida, Inc.  (CIK 0001595585)",TCDA,release_text,2019-03-28,2019-03-28T07:29:25,acceptance_time,2019-03-28,TRC101,3,metabolic acidosis,TRCA-301E,,42106604,2018-11-13,https://www.sec.gov/Archives/edgar/data/1595585/000159558519000060/trca-301epressrelease.htm
0001654954-19-003766,0001001316,"TG THERAPEUTICS, INC.  (TGTX)  (CIK 0001001316)",TGTX,release_text,2019-04-01,2019-04-01T08:33:25,acceptance_time,2019-04-01,umbralisib,2b,marginal zone lymphoma,UNITY-NHL,,83870546,2019-03-01,https://www.sec.gov/Archives/edgar/data/1001316/000165495419003766/ex991_v040119.htm
0001193125-19-094145,0001213037,"Trovagene, Inc.  (CRDF)  (CIK 0001213037)",TROV,release_text,2019-04-01,2019-04-01T13:10:33,acceptance_time,2019-04-01,onvansertib,1b/2,Acute Myeloid Leukemia,,NCT03303339,4021507,2019-03-06,https://www.sec.gov/Archives/edgar/data/1213037/000119312519094145/d718864dex991.htm
0001193125-19-094135,0001434418,CONSTELLATION PHARMACEUTICALS INC  (CIK 0001434418),CNST,release_text,2019-04-01,2019-04-01T13:00:48,acceptance_time,2019-04-01,CPI-1205,1b,metastatic castration-resistant prostate cancer,ProSTAR,,25805729,2019-03-14,https://www.sec.gov/Archives/edgar/data/1434418/000119312519094135/d726326d8k.htm
0001651308-19-000031,0001651308,"BeiGene, Ltd.  (BGNE, BEIGF)  (CIK 0001651308)",BGNE,release_text,2019-04-01,2019-04-02T16:25:12,release_date_only,2019-04-02,tislelizumab,1,advanced solid tumors,,NCT02407990,776113184,2019-02-28,https://www.sec.gov/Archives/edgar/data/1651308/000165130819000031/aacr2019final.htm
0001654954-19-004073,0001411685,"VistaGen Therapeutics, Inc.  (VTGN)  (CIK 0001411685)",VTGN,release_text,2019-04-01,2019-04-04T16:10:39,release_date_only,2019-04-02,PH94B,3,social anxiety disorder,,,31120465,2019-02-12,https://www.sec.gov/Archives/edgar/data/1411685/000165495419004073/ex99-1.htm
0001280600-19-000017,0001280600,ACCELERON PHARMA INC  (CIK 0001280600),XLRN,release_text,2019-04-04,2019-04-05T17:19:36,release_date_only,2019-04-05,ACE-2494,1,neuromuscular disorders,,,51690462,2019-02-27,https://www.sec.gov/Archives/edgar/data/1280600/000128060019000017/xlrn-20190405form8kxex991.htm
0001564590-19-010958,0001636282,"Aeglea BioTherapeutics, Inc.  (SYRE)  (CIK 0001636282)",AGLE,release_text,2019-04-07,2019-04-08T06:05:13,release_date_only,2019-04-08,pegzilarginase,1/2,Arginase 1 Deficiency,,,28819900,2019-03-07,https://www.sec.gov/Archives/edgar/data/1636282/000156459019010958/agle-ex991_6.htm
0001104659-19-020230,0001082554,UNITED THERAPEUTICS Corp  (UTHR)  (CIK 0001082554),UTHR,release_text,2019-04-08,2019-04-08T06:05:17,acceptance_time,2019-04-08,esuberaprost,,pulmonary arterial hypertension,BEAT,,43722436,2019-02-27,https://www.sec.gov/Archives/edgar/data/1082554/000110465919020230/a19-7981_18k.htm
0001564590-19-011445,0001394319,"Tracon Pharmaceuticals, Inc.  (TCON)  (CIK 0001394319)",TCON,release_text,2019-04-12,2019-04-12T07:04:44,acceptance_time,2019-04-12,TRC105,3,advanced or metastatic angiosarcoma,TAPPAS,,29898698,2019-03-01,https://www.sec.gov/Archives/edgar/data/1394319/000156459019011445/tcon-8k_20190412.htm
0001193125-19-105182,0001466301,"Clovis Oncology, Inc.  (CIK 0001466301)",,missing,2019-04-12,2019-04-12T16:15:55,acceptance_time,2019-04-15,rucaparib,2,"recurrent, metastatic bladder cancer",ATLAS,,52868576,2019-02-28,https://www.sec.gov/Archives/edgar/data/1466301/000119312519105182/d719637d8k.htm
0001104659-19-021219,0001579428,"Axsome Therapeutics, Inc.  (AXSM)  (CIK 0001579428)",AXSM,release_text,2019-04-15,2019-04-15T07:05:38,acceptance_time,2019-04-15,AXS-05,2,smoking cessation,,,33280355,2019-03-15,https://www.sec.gov/Archives/edgar/data/1579428/000110465919021219/a19-8349_18k.htm
0001193125-19-107259,0001631574,Wave Life Sciences Ltd.  (WVE)  (CIK 0001631574),WVE,release_text,2019-04-16,2019-04-16T08:28:08,acceptance_time,2019-04-16,suvodirsen,1,Duchenne muscular dystrophy,,,34192106,2019-03-01,https://www.sec.gov/Archives/edgar/data/1631574/000119312519107259/d735229dex991.htm
0001193125-19-119188,0000908259,MATEON THERAPEUTICS INC  (OTLC)  (CIK 0000908259),MATN,release_text,2019-04-25,2019-04-25T13:45:02,acceptance_time,2019-04-25,OT-101,2,"advanced cancers including aggressive brain tumors, pancreatic cancer, and melanoma",Study P001 and Study G004,,41419934,2019-04-10,https://www.sec.gov/Archives/edgar/data/908259/000119312519119188/d737649dex991.htm
0001104659-19-024280,0001264587,STEMLINE THERAPEUTICS INC  (CIK 0001264587),STML,release_text,2019-04-25,2019-04-29T08:32:37,release_date_only,2019-04-26,ELZONRIS (tagraxofusp),,blastic plasmacytoid dendritic cell neoplasm (BPDCN),,,43569081,2019-03-15,https://www.sec.gov/Archives/edgar/data/1264587/000110465919024280/a19-9040_1ex99d1.htm
0001493152-19-006051,0000876343,BIOTIME INC  (LCTX)  (CIK 0000876343),BTX,release_text,2019-04-26,2019-04-29T09:00:29,release_date_only,2019-04-29,OPC1,1/2a,Subacute Cervical Spinal Cord Injury,SCiStar Study,,149360926,2019-03-14,https://www.sec.gov/Archives/edgar/data/876343/000149315219006051/ex99-1.htm
0001213900-19-007374,0001506251,"Citius Pharmaceuticals, Inc.  (CTXR)  (CIK 0001506251)",CTXR,release_text,2019-04-30,2019-04-30T09:35:01,acceptance_time,2019-04-30,Mino-Lok,3,CLABSI/CRBSI,,,18520360,2019-02-14,https://www.sec.gov/Archives/edgar/data/1506251/000121390019007374/f8k043019ex99-1_citiuspharma.htm
0001564590-19-014708,0001628738,"Audentes Therapeutics, Inc.  (CIK 0001628738)",BOLD,release_text,2019-05-01,2019-05-01T14:15:38,acceptance_time,2019-05-01,AT132,1/2,X-linked Myotubular Myopathy,ASPIRO,,43593716,2019-03-01,https://www.sec.gov/Archives/edgar/data/1628738/000156459019014708/bold-8k_20190501.htm
0001144204-19-022661,0001651407,"Checkpoint Therapeutics, Inc.  (CKPT)  (CIK 0001651407)",CKPT,release_text,2019-05-01,2019-05-01T07:45:33,acceptance_time,2019-05-01,cosibelimab,1,recurrent or metastatic cancers,,NCT03212404,27076154,2019-03-18,https://www.sec.gov/Archives/edgar/data/1651407/000114420419022661/tv520278_ex99-1.htm
0001193125-19-134882,0001439222,AGIOS PHARMACEUTICALS INC  (AGIO)  (CIK 0001439222),AGIO,release_text,2019-05-02,2019-05-02T15:24:03,acceptance_time,2019-05-02,TIBSOVO,1,acute myeloid leukemia,,NCT02074839,58395419,2019-02-14,https://www.sec.gov/Archives/edgar/data/1439222/000119312519134882/d743145dex991.htm
0001564590-19-014883,0001293971,"bluebird bio, Inc.  (BLUE)  (CIK 0001293971)",,missing,2019-05-01,2019-05-01T17:11:50,acceptance_time,2019-05-02,bb2121,1,multiple myeloma,CRB-401,NCT02658929,54951177,2019-02-21,https://www.sec.gov/Archives/edgar/data/1293971/000156459019014883/blue-8k_20190501.htm
0001654954-19-005208,0001411685,"VistaGen Therapeutics, Inc.  (VTGN)  (CIK 0001411685)",VTGN,release_text,2019-05-02,2019-05-02T17:22:18,acceptance_time,2019-05-03,AV-101,2,treatment-resistant depression,,,31120465,2019-02-12,https://www.sec.gov/Archives/edgar/data/1411685/000165495419005208/ex99-2.htm
0001171843-19-002975,0001061983,CYTOKINETICS INC  (CYTK)  (CIK 0001061983),CYTK,release_text,2019-05-05,2019-05-06T14:44:24,release_date_only,2019-05-06,reldesemtiv,2,ALS,FORTITUDE-ALS,,54888369,2019-03-07,https://www.sec.gov/Archives/edgar/data/1061983/000117184319002975/exh_991.htm
0001104659-19-026958,0001621227,Adaptimmune Therapeutics PLC  (ADAP)  (CIK 0001621227),ADAP,release_text,2019-05-06,2019-05-06T07:08:48,acceptance_time,2019-05-06,ADP-A2M4,2,synovial sarcoma,SPEARHEAD-1,,628148866,2019-02-27,https://www.sec.gov/Archives/edgar/data/1621227/000110465919026958/a19-9411_1ex99d1.htm
0001104659-19-027408,0001689813,Biohaven Pharmaceutical Holding Co Ltd.  (CIK 0001689813),,missing,2019-05-04,2019-05-07T11:30:44,release_date_only,2019-05-06,Rimegepant,3,Migraine,Study 303,NCT03461757,44262658,2019-02-28,https://www.sec.gov/Archives/edgar/data/1689813/000110465919027408/a19-9458_1ex99d1.htm
0001104659-19-027407,0001739426,Osmotica Pharmaceuticals plc  (RVLPQ)  (CIK 0001739426),OSMT,release_text,2019-05-06,2019-05-07T11:30:29,release_date_only,2019-05-07,RVL-1201,3,Acquired Blepharoptosis,Study 202,,52518924,2019-03-28,https://www.sec.gov/Archives/edgar/data/1739426/000110465919027407/a19-9492_18k.htm
0001104659-19-027293,0000827871,"EAGLE PHARMACEUTICALS, INC.  (EGRX)  (CIK 0000827871)",EGRX,release_text,2019-05-07,2019-05-07T07:01:42,acceptance_time,2019-05-07,RYANODEX,,nerve agent exposure,,,13924296,2019-02-28,https://www.sec.gov/Archives/edgar/data/827871/000110465919027293/a19-9491_28k.htm
0001564590-19-016491,0001564824,Allakos Inc.  (ALLK)  (CIK 0001564824),ALLK,release_text,2019-05-07,2019-05-07T16:05:24,acceptance_time,2019-05-08,AK002,1,severe allergic conjunctivitis,,,43101999,2019-03-14,https://www.sec.gov/Archives/edgar/data/1564824/000156459019016491/allk-8k_20190507.htm
0001659617-19-000062,0001659617,"Moleculin Biotech, Inc.  (MBRX)  (CIK 0001659617)",MBRX,release_text,2019-05-07,2019-05-07T16:34:06,acceptance_time,2019-05-08,Annamycin,1/2,Acute Myeloid Leukemia,,,28528663,2019-02-21,https://www.sec.gov/Archives/edgar/data/1659617/000165961719000062/exh991-pressreleasefirstco.htm
0001564590-19-016785,0001082038,DURECT CORP  (DRRX)  (CIK 0001082038),DRRX,release_text,2019-05-07,2019-05-07T21:45:30,acceptance_time,2019-05-08,DUR-928,2a,Alcoholic Hepatitis,,,162359931,2019-05-07,https://www.sec.gov/Archives/edgar/data/1082038/000156459019016785/drrx-8k_20190507.htm
0001104659-19-028486,0001590560,uniQure N.V.  (QURE)  (CIK 0001590560),QURE,release_text,2019-05-10,2019-05-10T11:06:28,acceptance_time,2019-05-10,AMT-061,2b,hemophilia B,,,,,https://www.sec.gov/Archives/edgar/data/1590560/000110465919028486/a19-9791_18k.htm
0001493152-19-006739,0001076682,"POLARITYTE, INC.  (RGTPQ)  (CIK 0001076682)",PTE,release_text,2019-05-10,2019-05-10T07:43:21,acceptance_time,2019-05-10,SkinTE,,diabetic foot ulcers and venous stasis leg ulcers,,NCT03881254;NCT03881267,21688858,2019-03-18,https://www.sec.gov/Archives/edgar/data/1076682/000149315219006739/ex99-2.htm
0001193125-19-146046,0000818033,"HERON THERAPEUTICS, INC. /DE/  (HRTX)  (CIK 0000818033)",HRTX,release_text,2019-05-14,2019-05-14T08:35:32,acceptance_time,2019-05-14,HTX-011,,postoperative pain,HOPE Project,,79069527,2019-05-09,https://www.sec.gov/Archives/edgar/data/818033/000119312519146046/d718016d8k.htm
0001193125-19-148632,0001598646,"Minerva Neurosciences, Inc.  (NERV)  (CIK 0001598646)",NERV,release_text,2019-05-13,2019-05-16T08:38:32,release_date_only,2019-05-14,seltorexant (MIN-202),2b,major depressive disorder (MDD),,,39025471,2019-05-06,https://www.sec.gov/Archives/edgar/data/1598646/000119312519148632/d750055dex991.htm
0001193125-19-148650,0001434418,CONSTELLATION PHARMACEUTICALS INC  (CIK 0001434418),CNST,release_text,2019-05-16,2019-05-16T09:01:15,acceptance_time,2019-05-16,CPI-0610,2,myelofibrosis,MANIFEST,,25807229,2019-05-08,https://www.sec.gov/Archives/edgar/data/1434418/000119312519148650/d938451dex991.htm
0001193125-19-149994,0001070336,ACHILLION PHARMACEUTICALS INC  (CIK 0001070336),,missing,2019-05-17,2019-05-17T09:00:44,acceptance_time,2019-05-17,ACH-4471,2,PNH,,NCT03472885,138725326,2019-05-09,https://www.sec.gov/Archives/edgar/data/1070336/000119312519149994/d744683d8k.htm
0001104659-19-030423,0001720893,"BioXcel Therapeutics, Inc.  (BTAI)  (CIK 0001720893)",BTAI,release_text,2019-05-20,2019-05-20T09:04:30,acceptance_time,2019-05-20,BXCL501,1,agitation across multiple neuropsychiatric indications,,,15665802,2019-05-07,https://www.sec.gov/Archives/edgar/data/1720893/000110465919030423/a19-10234_18k.htm
0001100412-19-000023,0001100412,ARRAY BIOPHARMA INC  (CIK 0001100412),ARRY,release_text,2019-05-21,2019-05-21T08:02:51,acceptance_time,2019-05-21,"BRAFTOVI, MEKTOVI, and ERBITUX",3,BRAF V600E-mutant metastatic colorectal cancer,BEACON CRC,,221750763,2019-05-07,https://www.sec.gov/Archives/edgar/data/1100412/000110041219000023/a8k_5212019.htm
0001104659-19-030555,0001393434,"OCULAR THERAPEUTIX, INC  (OCUL)  (CIK 0001393434)",OCUL,release_text,2019-05-20,2019-05-20T16:14:40,acceptance_time,2019-05-21,OTX-TP,3,primary open-angle glaucoma or ocular hypertension,,,42836978,2019-05-10,https://www.sec.gov/Archives/edgar/data/1393434/000110465919030555/a19-10286_18k.htm
0001171843-19-003529,0000882796,BIOCRYST PHARMACEUTICALS INC  (BCRX)  (CIK 0000882796),BCRX,release_text,2019-05-21,2019-05-21T08:00:45,acceptance_time,2019-05-21,BCX7353,3,hereditary angioedema,APeX-2,,110312921,2019-05-09,https://www.sec.gov/Archives/edgar/data/882796/000117184319003529/exh_991.htm
0001583648-19-000028,0001583648,"PIERIS PHARMACEUTICALS, INC.  (PIRS)  (CIK 0001583648)",PVLA,sec_current,2019-05-22,2019-05-22T14:34:28,acceptance_time,2019-05-22,PRS-060,1a,,,,49173094,2019-05-10,https://www.sec.gov/Archives/edgar/data/1583648/000158364819000028/form8-k.htm
0001213900-19-009469,0001173313,American BriVision (Holding) Corp  (ABVC)  (CIK 0001173313),ABVC,sec_current,2019-05-23,2019-05-23T12:34:38,acceptance_time,2019-05-23,ABV-1504,2,major depression disorder,,,213926475,2019-04-15,https://www.sec.gov/Archives/edgar/data/1173313/000121390019009469/f8k052319_americanbrivision.htm
0001193125-19-158835,0001346830,"Cara Therapeutics, Inc.  (CARA)  (CIK 0001346830)",CARA,release_text,2019-05-29,2019-05-29T07:17:36,acceptance_time,2019-05-29,KORSUVA,3,chronic kidney disease-associated pruritus,KALM-1,,39751606,2019-05-07,https://www.sec.gov/Archives/edgar/data/1346830/000119312519158835/d753179d8k.htm
0001437749-19-011160,0000946486,"WINDTREE THERAPEUTICS INC /DE/  (WINT, WINTW)  (CIK 0000946486)",WINT,release_text,2019-05-30,2019-05-31T16:17:08,release_date_only,2019-05-31,istaroxime,2b,acute heart failure,,,32188855,2019-05-20,https://www.sec.gov/Archives/edgar/data/946486/000143774919011160/ex_146241.htm
0001193125-19-164088,0001262104,"MEI Pharma, Inc.  (MEIP)  (CIK 0001262104)",MEIP,release_text,2019-06-01,2019-06-03T16:06:03,release_date_only,2019-06-03,ME-344,,early HER2-negative breast cancer,,,71290460,2019-05-09,https://www.sec.gov/Archives/edgar/data/1262104/000119312519164088/d743672d8k.htm
0001193125-19-163365,0001290149,"Sierra Oncology, Inc.  (CIK 0001290149)",SRRA,release_text,2019-06-01,2019-06-03T07:00:56,release_date_only,2019-06-03,SRA737,1/2,anogenital cancer,,NCT02797964;NCT02797977,74688283,2019-05-08,https://www.sec.gov/Archives/edgar/data/1290149/000119312519163365/d757680d8k.htm
0001558370-19-005447,0001597264,Blueprint Medicines Corp  (BPMC)  (CIK 0001597264),BPMC,release_text,2019-06-01,2019-06-03T09:11:12,release_date_only,2019-06-03,avapritinib,3,gastrointestinal stromal tumors (GIST),NAVIGATOR,NCT03465722,48853933,2019-05-09,https://www.sec.gov/Archives/edgar/data/1597264/000155837019005447/ex-99d1.htm
0001171843-19-003763,0001626971,"Corvus Pharmaceuticals, Inc.  (CRVS)  (CIK 0001626971)",CRVS,sec_current,,2019-06-03T08:30:43,acceptance_time,2019-06-03,CPI-006,1/1b,Advanced cancers,,,29326900,2019-05-09,https://www.sec.gov/Archives/edgar/data/1626971/000117184319003763/exh_991.htm
0001144204-19-029339,0001644963,"AVENUE THERAPEUTICS, INC.  (ATXI)  (CIK 0001644963)",ATXI,release_text,2019-06-03,2019-06-03T08:45:19,acceptance_time,2019-06-03,IV tramadol,3,postoperative pain,,,16559247,2019-05-13,https://www.sec.gov/Archives/edgar/data/1644963/000114420419029339/tv522901_8k.htm
0001193125-19-163337,0001682852,"Moderna, Inc.  (MRNA)  (CIK 0001682852)",MRNA,release_text,2019-06-01,2019-06-03T06:30:34,release_date_only,2019-06-03,mRNA-4157,1,solid tumors,,,329003270,2019-05-09,https://www.sec.gov/Archives/edgar/data/1682852/000119312519163337/d754931d8k.htm
0001564590-19-021520,0001624658,"Allena Pharmaceuticals, Inc.  (CIK 0001624658)",ALNA,release_text,2019-06-04,2019-06-04T08:01:36,acceptance_time,2019-06-04,reloxaliase,2,primary hyperoxaluria or enteric hyperoxaluria,Study 206,,20816064,2019-05-08,https://www.sec.gov/Archives/edgar/data/1624658/000156459019021520/alna-8k_20190604.htm
0001493152-19-008650,0000764195,VBI Vaccines Inc/BC  (VBIVQ)  (CIK 0000764195),VBIV,release_text,2019-06-04,2019-06-04T14:25:11,acceptance_time,2019-06-04,VBI-1901,1/2a,recurrent Glioblastoma (GBM),,NCT03382977,97661887,2019-05-01,https://www.sec.gov/Archives/edgar/data/764195/000149315219008650/ex99-1.htm
0001493152-19-008907,0001695357,"Provention Bio, Inc.  (CIK 0001695357)",PRVB,release_text,2019-06-09,2019-06-10T08:30:44,release_date_only,2019-06-10,teplizumab,2,Stage 2 T1D,At-Risk,,37361562,2019-05-08,https://www.sec.gov/Archives/edgar/data/1695357/000149315219008907/form8-k.htm
0001410578-19-000294,0001674365,Aptinyx Inc.  (CIK 0001674365),APTX,release_text,2019-06-10,2019-06-10T07:38:54,acceptance_time,2019-06-10,NYX-2925,2,fibromyalgia,,NCT03249103,33562211,2019-05-14,https://www.sec.gov/Archives/edgar/data/1674365/000141057819000294/a19-11277_18k.htm
0001193125-19-171254,0001160308,Savara Inc  (SVRA)  (CIK 0001160308),SVRA,release_text,2019-06-12,2019-06-12T16:13:00,acceptance_time,2019-06-13,Molgradex,3,Autoimmune Alveolar Pulmonary Proteinosis (aPAP),IMPALA,,37721138,2019-05-09,https://www.sec.gov/Archives/edgar/data/1160308/000119312519171254/d739080d8k.htm
0001104659-19-035218,0001724344,Entasis Therapeutics Holdings Inc.  (CIK 0001724344),ETTX,release_text,2019-06-13,2019-06-13T08:30:20,acceptance_time,2019-06-13,ETX0282,1,serious drug-resistant infections,,NCT03491748,13132004,2019-05-14,https://www.sec.gov/Archives/edgar/data/1724344/000110465919035218/a19-11467_1ex99d1.htm
0001564590-19-022455,0001645666,"Kezar Life Sciences, Inc.  (KZR)  (CIK 0001645666)",KZR,release_text,2019-06-13,2019-06-13T16:02:48,acceptance_time,2019-06-14,KZR-616,1b,systemic lupus erythematosus,MISSION,NCT03393013,19119421,2019-05-07,https://www.sec.gov/Archives/edgar/data/1645666/000156459019022455/kzr-ex991_6.htm
0001193125-19-173019,0001422143,"Kura Oncology, Inc.  (KURA)  (CIK 0001422143)",KURA,release_text,2019-06-14,2019-06-14T07:12:58,acceptance_time,2019-06-14,tipifarnib,2,relapsed or refractory peripheral T-cell lymphoma,,,38184547,2019-05-07,https://www.sec.gov/Archives/edgar/data/1422143/000119312519173019/d826525d8k.htm
0001193125-19-173040,0001503802,Karyopharm Therapeutics Inc.  (KPTI)  (CIK 0001503802),KPTI,release_text,2019-06-14,2019-06-14T07:33:00,acceptance_time,2019-06-14,selinexor,1b/2,multiple myeloma,STOMP,,60864445,2019-05-09,https://www.sec.gov/Archives/edgar/data/1503802/000119312519173040/d753873d8k.htm
0001171843-19-003994,0001629137,"Global Blood Therapeutics, Inc.  (CIK 0001629137)",GBT,release_text,2019-06-14,2019-06-14T06:13:20,acceptance_time,2019-06-14,voxelotor,3,sickle cell disease,HOPE,,56406541,2019-05-10,https://www.sec.gov/Archives/edgar/data/1629137/000117184319003994/f8k_061419.htm
0001564590-19-022611,0001382101,"SUTRO BIOPHARMA, INC.  (STRO)  (CIK 0001382101)",STRO,sec_current,2019-06-15,2019-06-17T06:05:12,release_date_only,2019-06-17,STRO-001,1,advanced B-Cell malignancies,STRO-001-BCM1,,22925441,2019-05-15,https://www.sec.gov/Archives/edgar/data/1382101/000156459019022611/stro-ex991_6.htm
0001558370-19-005736,0001557746,"Aclaris Therapeutics, Inc.  (ACRS)  (CIK 0001557746)",ACRS,release_text,2019-06-17,2019-06-17T06:15:18,acceptance_time,2019-06-17,ATI-502,2,androgenetic alopecia,,,41272308,2019-05-08,https://www.sec.gov/Archives/edgar/data/1557746/000155837019005736/acrs-20190617ex991be3be2.htm
0001651308-19-000063,0001651308,"BeiGene, Ltd.  (BGNE, BEIGF)  (CIK 0001651308)",BGNE,release_text,2019-06-14,2019-06-17T16:06:58,release_date_only,2019-06-17,zanubrutinib,3,Waldenström’s Macroglobulinemia,ASPEN,NCT02343120;NCT03053440,777672755,2019-05-09,https://www.sec.gov/Archives/edgar/data/1651308/000165130819000063/a992eha_3zanupostersx61319.htm
0001144204-19-031390,0000850261,"Sorrento Therapeutics, Inc.  (SRNE)  (CIK 0000850261)",SRNE,release_text,2019-06-19,2019-06-19T07:00:34,acceptance_time,2019-06-19,resiniferatoxin (RTX),1b,osteoarthritis of the knee,,NCT03542838,122550710,2019-05-15,https://www.sec.gov/Archives/edgar/data/850261/000114420419031390/tv523828_ex99-2.htm
0000939767-19-000144,0000939767,"EXELIXIS, INC.  (EXEL)  (CIK 0000939767)",EXEL,release_text,2019-06-19,2019-06-20T17:23:06,release_date_only,2019-06-20,cobimetinib and atezolizumab,3,BRAF V600 wild-type advanced melanoma,IMspire170,,301767356,2019-05-01,https://www.sec.gov/Archives/edgar/data/939767/000093976719000144/form8-kimspire170.htm
0001437749-19-012278,0001401040,DiaMedica Therapeutics Inc.  (DMAC)  (CIK 0001401040),DMAC,release_text,2019-06-19,2019-06-19T16:05:27,acceptance_time,2019-06-20,DM199,1b,chronic kidney disease,,,11956874,2019-05-13,https://www.sec.gov/Archives/edgar/data/1401040/000143774919012278/ex_147963.htm
0001193125-19-179370,0001711279,"Krystal Biotech, Inc.  (KRYS)  (CIK 0001711279)",KRYS,release_text,2019-06-24,2019-06-24T08:08:32,acceptance_time,2019-06-24,KB103,2,severe generalized recessive dystrophic epidermolysis bullosa,GEM-2,,14443569,2019-05-07,https://www.sec.gov/Archives/edgar/data/1711279/000119312519179370/d744907d8k.htm
0001171843-19-004145,0001383701,Conatus Pharmaceuticals Inc.  (CIK 0001383701),,missing,2019-06-24,2019-06-24T16:06:50,acceptance_time,2019-06-25,emricasan,2b,decompensated NASH cirrhosis and liver cirrhosis,ENCORE-LF and ENCORE-PH,,33165122,2019-05-03,https://www.sec.gov/Archives/edgar/data/1383701/000117184319004145/f8k_062419.htm
0001558370-19-005869,0001504167,BioPharmX Corp  (CIK 0001504167),BPMX,release_text,2019-06-25,2019-06-25T08:00:36,acceptance_time,2019-06-25,BPX-04,2b,moderate-to-severe papulopustular rosacea,,,10683167,2019-06-11,https://www.sec.gov/Archives/edgar/data/1504167/000155837019005869/ex-99d1.htm
0001193125-19-181947,0001598646,"Minerva Neurosciences, Inc.  (NERV)  (CIK 0001598646)",NERV,release_text,2019-06-24,2019-06-26T08:37:02,release_date_only,2019-06-25,seltorexant (MIN-202),2b,insomnia disorder,ISM2005,,39025471,2019-05-06,https://www.sec.gov/Archives/edgar/data/1598646/000119312519181947/d767481dex991.htm
0001558370-19-005901,0001638287,Gemphire Therapeutics Inc.  (NRBO)  (CIK 0001638287),GEMP,release_text,2019-06-26,2019-06-26T08:09:02,acceptance_time,2019-06-26,gemcabene,2a,Familial Partial Lipodystrophy (FPLD),,,14265411,2019-05-09,https://www.sec.gov/Archives/edgar/data/1638287/000155837019005901/ex-99d1.htm
0001437749-19-012879,0001488039,ATOSSA GENETICS INC  (ATOS)  (CIK 0001488039),ATOS,release_text,2019-06-27,2019-06-27T12:48:54,acceptance_time,2019-06-27,topical Z Endoxifen,2,breast density,,,9124732,2019-05-13,https://www.sec.gov/Archives/edgar/data/1488039/000143774919012879/ex_148659.htm
0001193125-19-183398,0001660334,Verrica Pharmaceuticals Inc.  (VRCA)  (CIK 0001660334),VRCA,release_text,2019-06-26,2019-06-27T07:01:07,release_date_only,2019-06-27,VP-102,2,common warts,COVE-1,,25708485,2019-05-07,https://www.sec.gov/Archives/edgar/data/1660334/000119312519183398/d737187d8k.htm
0001564590-19-023957,0000921299,FIBROGEN INC  (FGEN)  (CIK 0000921299),KYNB,sec_current,2019-06-28,2019-06-28T09:01:26,acceptance_time,2019-06-28,Pamrevlumab,2,Duchenne Muscular Dystrophy,FG-3019-079,NCT02606136,86221978,2019-05-09,https://www.sec.gov/Archives/edgar/data/921299/000156459019023957/fgen-ex991_85.htm
0001104659-19-038107,0001261249,"AGILE THERAPEUTICS INC  (AGRX, AGXRW)  (CIK 0001261249)",,missing,,2019-06-28T08:00:39,acceptance_time,2019-06-28,AG200-15,1,contraception,ATI-CL26 and ATI-CL25,,43743171,2019-05-03,https://www.sec.gov/Archives/edgar/data/1261249/000110465919038107/a19-12185_1ex99d1.htm
0001104659-19-039704,0001590560,uniQure N.V.  (QURE)  (CIK 0001590560),QURE,release_text,2019-07-06,2019-07-09T16:00:51,release_date_only,2019-07-08,AMT-061,2b,hemophilia B,,,,,https://www.sec.gov/Archives/edgar/data/1590560/000110465919039704/a19-12589_1ex99d1.htm
0001193125-19-189981,0001567514,"Intra-Cellular Therapies, Inc.  (ITCI)  (CIK 0001567514)",ITCI,release_text,2019-07-08,2019-07-08T07:10:32,acceptance_time,2019-07-08,lumateperone,3,Bipolar I or Bipolar II disorder,Study 404,,55134625,2019-05-08,https://www.sec.gov/Archives/edgar/data/1567514/000119312519189981/d898004d8k.htm
0001193125-19-190905,0001537917,"TYME TECHNOLOGIES, INC.  (CIK 0001537917)",TYME,release_text,2019-07-09,2019-07-09T07:30:38,acceptance_time,2019-07-09,SM-88,2,Pancreatic Cancer,TYME-88-Panc,NCT03512756,111950937,2019-06-12,https://www.sec.gov/Archives/edgar/data/1537917/000119312519190905/d772766dex991.htm
0001144204-19-034627,0001133869,"CAPRICOR THERAPEUTICS, INC.  (CAPR)  (CIK 0001133869)",CAPR,release_text,2019-07-15,2019-07-15T06:05:56,acceptance_time,2019-07-15,CAP-1002,2,Duchenne muscular dystrophy,HOPE-2,,34675234,2019-05-14,https://www.sec.gov/Archives/edgar/data/1133869/000114420419034627/tv525181_8k.htm
0001193125-19-193574,0001681087,"AVROBIO, Inc.  (TECX)  (CIK 0001681087)",AVRO,release_text,2019-07-15,2019-07-15T07:07:53,acceptance_time,2019-07-15,AVR-RD-01,2,Fabry disease,FAB-201,,24147025,2019-05-13,https://www.sec.gov/Archives/edgar/data/1681087/000119312519193574/d753129d8k.htm
0001694187-19-000056,0001694187,"Neon Therapeutics, Inc.  (CIK 0001694187)",NTGN,release_text,2019-07-15,2019-07-15T07:47:10,acceptance_time,2019-07-15,NEO-PV-01,1b,"advanced or metastatic melanoma, smoking-associated non-small cell lung cancer (NSCLC) and bladder cancer",NT-001,,28331344,2019-05-13,https://www.sec.gov/Archives/edgar/data/1694187/000169418719000056/ntgn-20190715xex991.htm
0001104659-19-040934,0001447028,Arbutus Biopharma Corp  (ABUS)  (CIK 0001447028),ABUS,release_text,2019-07-15,2019-07-18T16:05:21,release_date_only,2019-07-16,AB-506,1a/1b,chronic hepatitis B,AB-506-001,,56850172,2019-05-06,https://www.sec.gov/Archives/edgar/data/1447028/000110465919040934/a19-12981_18k.htm
0001659617-19-000114,0001659617,"Moleculin Biotech, Inc.  (MBRX)  (CIK 0001659617)",MBRX,release_text,2019-07-18,2019-07-18T16:02:04,acceptance_time,2019-07-19,Annamycin,1/2,relapsed or refractory acute myeloid leukemia,,,45192048,2019-05-13,https://www.sec.gov/Archives/edgar/data/1659617/000165961719000114/exh991-pressreleasepolanda.htm
0001144204-19-035266,0001094038,"Marker Therapeutics, Inc.  (MRKR)  (CIK 0001094038)",MRKR,release_text,2019-07-20,2019-07-22T08:35:21,release_date_only,2019-07-22,MultiTAA T cell therapy,,pancreatic adenocarcinoma,TACTOPS,,45484483,2019-05-10,https://www.sec.gov/Archives/edgar/data/1094038/000114420419035266/tv525553_ex99-2.htm
0001213900-19-013239,0001638381,Intec Pharma Ltd.  (CIK 0001638381),,missing,2019-07-22,2019-07-22T08:00:16,acceptance_time,2019-07-22,,3,,ACCORDANCE,,33297371,2019-05-07,https://www.sec.gov/Archives/edgar/data/1638381/000121390019013239/f8k072219_intecpharma.htm
0001104659-19-041197,0001720893,"BioXcel Therapeutics, Inc.  (BTAI)  (CIK 0001720893)",BTAI,release_text,2019-07-22,2019-07-22T09:29:19,acceptance_time,2019-07-22,BXCL501,1b,agitation in patients with schizophrenia,,,15665802,2019-05-07,https://www.sec.gov/Archives/edgar/data/1720893/000110465919041197/a19-13073_18k.htm
0001193125-19-199353,0001339469,"CHIASMA, INC  (CIK 0001339469)",CHMA,release_text,2019-07-23,2019-07-23T06:10:06,acceptance_time,2019-07-23,Mycapssa,3,acromegaly,CHIASMA OPTIMAL,,31767915,2019-05-09,https://www.sec.gov/Archives/edgar/data/1339469/000119312519199353/d767636d8k.htm
0001193125-19-200528,0001597553,"Sage Therapeutics, Inc.  (SAGE)  (CIK 0001597553)",SAGE,release_text,2019-07-24,2019-07-24T07:18:55,acceptance_time,2019-07-24,SAGE-217,2,bipolar depression,ARCHWAY,,51147698,2019-05-02,https://www.sec.gov/Archives/edgar/data/1597553/000119312519200528/d759433dex991.htm
0001144204-19-035881,0000318306,ABEONA THERAPEUTICS INC.  (ABEO)  (CIK 0000318306),ABEO,release_text,2019-07-25,2019-07-25T09:20:14,acceptance_time,2019-07-25,ABO-102,1/2,Sanfilippo syndrome type A (MPS IIIA),The Transpher A Study,NCT02716246,49162047,2019-05-10,https://www.sec.gov/Archives/edgar/data/318306/000114420419035881/tv525876_ex99-1.htm
0001564590-19-025941,0000921299,FIBROGEN INC  (FGEN)  (CIK 0000921299),FGEN,release_text,2019-07-24,2019-07-24T21:46:41,acceptance_time,2019-07-25,roxadustat,3,anemia in chronic kidney disease,FGCL-4592-806,,86221978,2019-05-09,https://www.sec.gov/Archives/edgar/data/921299/000156459019025941/fgen-ex991_93.htm
0001193125-19-204244,0001062822,"LEXICON PHARMACEUTICALS, INC.  (LXRX)  (CIK 0001062822)",LXRX,release_text,2019-07-26,2019-07-26T18:49:02,acceptance_time,2019-07-29,Zynquista (sotagliflozin),3,type 2 diabetes,InSynchrony,,106271927,2019-05-01,https://www.sec.gov/Archives/edgar/data/1062822/000119312519204244/d773162d8k.htm
0001564590-19-026439,0001468748,Kodiak Sciences Inc.  (KOD)  (CIK 0001468748),KOD,release_text,2019-07-27,2019-07-29T06:05:03,release_date_only,2019-07-29,KSI-301,1b,"wet age-related macular degeneration (AMD), diabetic macular edema (DME), and macular edema due to retinal vein occlusion (RVO)",,NCT03790852,36911857,2019-05-15,https://www.sec.gov/Archives/edgar/data/1468748/000156459019026439/kod-ex991_6.htm
0001193125-19-204788,0001610618,"Cidara Therapeutics, Inc.  (CDTX)  (CIK 0001610618)",CDTX,release_text,2019-07-29,2019-07-29T07:57:59,acceptance_time,2019-07-29,rezafungin,2,candidemia and/or invasive candidiasis,STRIVE,,26641851,2019-05-09,https://www.sec.gov/Archives/edgar/data/1610618/000119312519204788/d758216d8k.htm
0001564590-19-026738,0001520262,Alkermes plc.  (ALKS)  (CIK 0001520262),ALKS,release_text,2019-07-30,2019-07-30T07:46:42,acceptance_time,2019-07-30,diroximel fumarate,3,relapsing-remitting multiple sclerosis,EVOLVE-MS-2,,157130612,2019-07-25,https://www.sec.gov/Archives/edgar/data/1520262/000156459019026738/alks-8k_20190730.htm
0001558370-19-006557,0001557746,"Aclaris Therapeutics, Inc.  (ACRS)  (CIK 0001557746)",ACRS,release_text,2019-07-30,2019-07-30T16:15:33,acceptance_time,2019-07-31,ATI-501,2,alopecia areata,AUAT-201 Oral,,41272308,2019-05-08,https://www.sec.gov/Archives/edgar/data/1557746/000155837019006557/ex-99d1.htm
0001193125-19-207763,0001513818,"Aravive, Inc.  (CIK 0001513818)",ARAV,release_text,2019-07-31,2019-07-31T07:15:56,acceptance_time,2019-07-31,AVB-500,1b,platinum-resistant recurrent ovarian cancer,,NCT03401528,11276500,2019-05-08,https://www.sec.gov/Archives/edgar/data/1513818/000119312519207763/d733483d8k.htm
0001178879-19-000060,0001178879,"AMICUS THERAPEUTICS, INC.  (FOLD)  (CIK 0001178879)",FOLD,release_text,2019-08-01,2019-08-01T06:10:16,acceptance_time,2019-08-01,AAV-CLN6,1/2,CLN6 Batten disease,,,230450221,2019-05-09,https://www.sec.gov/Archives/edgar/data/1178879/000117887919000060/exhibit99113.htm
0001564590-19-028511,0001564824,Allakos Inc.  (ALLK)  (CIK 0001564824),ALLK,release_text,2019-08-05,2019-08-05T07:06:32,acceptance_time,2019-08-05,AK002,2,eosinophilic gastritis and/or eosinophilic gastroenteritis,ENIGMA,,43123773,2019-05-08,https://www.sec.gov/Archives/edgar/data/1564824/000156459019028511/allk-ex991_6.htm
0001558370-19-007085,0001253689,GLYCOMIMETICS INC  (GLYC)  (CIK 0001253689),GLYC,release_text,2019-08-02,2019-08-05T16:30:23,release_date_only,2019-08-05,rivipansel,3,sickle cell disease,RESET,,43193190,2019-08-01,https://www.sec.gov/Archives/edgar/data/1253689/000155837019007085/ex-99d1.htm
0001640334-19-001540,0001711754,"Inmune Bio, Inc.  (INMB)  (CIK 0001711754)",INMB,release_text,2019-08-05,2019-08-07T16:30:30,release_date_only,2019-08-06,INB03,1,advanced solid tumors,,,10262473,2019-05-15,https://www.sec.gov/Archives/edgar/data/1711754/000164033419001540/inmb_8k.htm
0001104659-19-044424,0001649904,"RHYTHM PHARMACEUTICALS, INC.  (RYTM)  (CIK 0001649904)",RYTM,release_text,2019-08-07,2019-08-07T09:07:00,acceptance_time,2019-08-07,setmelanotide,3,pro-opiomelanocortin (POMC) and leptin receptor (LEPR) deficiency obesities,,,34515042,2019-07-29,https://www.sec.gov/Archives/edgar/data/1649904/000110465919044424/a19-16774_18k.htm
0001104659-19-045001,0001661059,"NextCure, Inc.  (NXTC)  (CIK 0001661059)",NXTC,release_text,2019-08-08,2019-08-08T21:26:43,acceptance_time,2019-08-09,NC318,1,advanced or metastatic solid tumors,,,22714765,2019-06-10,https://www.sec.gov/Archives/edgar/data/1661059/000110465919045001/a19-16898_18k.htm
0001193125-19-219468,0001654151,"Deciphera Pharmaceuticals, Inc.  (CIK 0001654151)",DCPH,release_text,2019-08-13,2019-08-13T07:12:55,acceptance_time,2019-08-13,ripretinib,3,gastrointestinal stromal tumor,INVICTUS,,38215108,2019-08-02,https://www.sec.gov/Archives/edgar/data/1654151/000119312519219468/d791955d8k.htm
0001104659-19-046145,0001213037,"Trovagene, Inc.  (CRDF)  (CIK 0001213037)",TROV,release_text,2019-08-15,2019-08-15T16:10:56,acceptance_time,2019-08-16,onvansertib,2,metastatic Castration-Resistant Prostate Cancer,,,5445764,2019-08-08,https://www.sec.gov/Archives/edgar/data/1213037/000110465919046145/a19-17231_18k.htm
0001564590-19-032608,0000818033,"HERON THERAPEUTICS, INC. /DE/  (HRTX)  (CIK 0000818033)",HRTX,release_text,2019-08-20,2019-08-20T08:35:56,acceptance_time,2019-08-20,HTX-011,3,postoperative pain,EPOCH 2,,79816417,2019-08-05,https://www.sec.gov/Archives/edgar/data/818033/000156459019032608/hrtx-ex991_48.htm
0001104659-19-046600,0000881524,VIVUS INC  (CIK 0000881524),VVUS,release_text,2019-08-20,2019-08-20T07:35:33,acceptance_time,2019-08-20,Qsymia,,obesity,,,10642713,2019-08-06,https://www.sec.gov/Archives/edgar/data/881524/000110465919046600/a19-17380_1ex99d1.htm
0001410578-19-000970,0001434868,"Esperion Therapeutics, Inc.  (ESPR)  (CIK 0001434868)",ESPR,release_text,2019-08-29,2019-08-29T16:30:53,acceptance_time,2019-08-30,bempedoic acid / ezetimibe,2,hypercholesterolemia and type 2 diabetes,1002-058,,27170680,2019-08-08,https://www.sec.gov/Archives/edgar/data/1434868/000141057819000970/tv528546_8k.htm
0001213900-19-016975,0001697805,"XYNOMIC PHARMACEUTICALS HOLDINGS, INC.  (CIK 0001697805)",XYNO,release_text,2019-08-30,2019-08-30T08:42:05,acceptance_time,2019-08-30,abexinostat,1b,multiple solid tumors,,,46273846,2019-08-15,https://www.sec.gov/Archives/edgar/data/1697805/000121390019016975/f8k083019_xynomicpharma.htm
0001564590-19-033820,0001636282,"Aeglea BioTherapeutics, Inc.  (SYRE)  (CIK 0001636282)",AGLE,release_text,2019-09-03,2019-09-03T06:03:42,acceptance_time,2019-09-03,pegzilarginase,1/2,Arginase 1 Deficiency,PEACE,,28885469,2019-08-06,https://www.sec.gov/Archives/edgar/data/1636282/000156459019033820/agle-8k_20190903.htm
0001104659-19-048359,0001614067,"Aridis Pharmaceuticals, Inc.  (ARDS)  (CIK 0001614067)",ARDS,release_text,2019-09-03,2019-09-03T09:53:43,acceptance_time,2019-09-03,AR-105,2,ventilator-associated pneumonia (VAP) caused by gram-negative Pseudomonas aeruginosa,,NCT03027609;NCT03816956,8912227,2019-08-12,https://www.sec.gov/Archives/edgar/data/1614067/000110465919048359/a19-18182_1ex99d1.htm
0001193125-19-235868,0001437402,"ARDELYX, INC.  (ARDX)  (CIK 0001437402)",ARDX,release_text,2019-09-03,2019-09-03T08:06:06,acceptance_time,2019-09-03,tenapanor,3,chronic kidney disease (CKD) on dialysis,AMPLIFY,,62800869,2019-08-09,https://www.sec.gov/Archives/edgar/data/1437402/000119312519235868/d795858d8k.htm
0001193125-19-235863,0001422143,"Kura Oncology, Inc.  (KURA)  (CIK 0001422143)",KURA,release_text,2019-09-03,2019-09-03T08:02:32,acceptance_time,2019-09-03,tipifarnib,2,relapsed or refractory urothelial carcinomas,,,45214920,2019-08-01,https://www.sec.gov/Archives/edgar/data/1422143/000119312519235863/d795883d8k.htm
0001564590-19-033927,0001515673,Ultragenyx Pharmaceutical Inc.  (RARE)  (CIK 0001515673),RARE,release_text,2019-09-04,2019-09-04T06:04:08,acceptance_time,2019-09-04,DTX401,1/2,glycogen storage disease type Ia,,,57691957,2019-08-02,https://www.sec.gov/Archives/edgar/data/1515673/000156459019033927/rare-8k_20190904.htm
0001193125-19-237824,0001439222,"AGIOS PHARMACEUTICALS, INC.  (AGIO)  (CIK 0001439222)",AGIO,release_text,2019-09-04,2019-09-04T17:05:09,acceptance_time,2019-09-05,mitapivat,2,pyruvate kinase deficiency,DRIVE PK,,58752886,2019-08-01,https://www.sec.gov/Archives/edgar/data/1439222/000119312519237824/d769077dex991.htm
0001558370-19-008490,0001579428,"Axsome Therapeutics, Inc.  (AXSM)  (CIK 0001579428)",AXSM,release_text,2019-09-05,2019-09-05T07:07:21,acceptance_time,2019-09-05,AXS-07,1,migraine,MOMENTUM,,34418554,2019-08-08,https://www.sec.gov/Archives/edgar/data/1579428/000155837019008490/ex-99d1.htm
0001193805-19-000797,0001280776,"IMMUNIC, INC.  (IMUX)  (CIK 0001280776)",IMUX,release_text,2019-09-05,2019-09-05T16:07:51,acceptance_time,2019-09-06,IMU-838,2,ulcerative colitis,CALDOSE-1,,10093454,2019-08-08,https://www.sec.gov/Archives/edgar/data/1280776/000119380519000797/e618637_ex99-1.htm
0001171843-19-005858,0001069530,CASSAVA SCIENCES INC  (SAVA)  (CIK 0001069530),SAVA,release_text,2019-09-09,2019-09-09T07:45:12,acceptance_time,2019-09-09,PTI-125,2a,Alzheimer’s disease,,,,,https://www.sec.gov/Archives/edgar/data/1069530/000117184319005858/exh_991.htm
0001193125-19-240440,0001070494,ACADIA PHARMACEUTICALS INC  (ACAD)  (CIK 0001070494),ACAD,release_text,2019-09-09,2019-09-09T06:46:10,acceptance_time,2019-09-09,pimavanserin,3,dementia-related psychosis,HARMONY,,144487428,2019-08-01,https://www.sec.gov/Archives/edgar/data/1070494/000119312519240440/d800506d8k.htm
0001144204-19-043868,0001513856,"Neurotrope, Inc.  (CIK 0001513856)",NTRP,release_text,2019-09-09,2019-09-09T08:30:53,acceptance_time,2019-09-09,Bryostatin-1,2,moderate to severe Alzheimer’s disease,,,13021542,2019-08-08,https://www.sec.gov/Archives/edgar/data/1513856/000114420419043868/tv529026_8k.htm
0001628280-19-011560,0001587221,Zosano Pharma Corp  (CIK 0001587221),ZSAN,release_text,2019-09-09,2019-09-09T19:37:01,acceptance_time,2019-09-10,Qtrypta (M207),,migraine,,,17723039,2019-08-14,https://www.sec.gov/Archives/edgar/data/1587221/000162828019011560/qtrypta.htm
0001193125-19-243385,0001682852,"Moderna, Inc.  (MRNA)  (CIK 0001682852)",MRNA,release_text,2019-09-12,2019-09-12T07:00:55,acceptance_time,2019-09-12,mRNA-1647,1,cytomegalovirus,,,330182202,2019-08-08,https://www.sec.gov/Archives/edgar/data/1682852/000119312519243385/d796420dex991.htm
0001193125-19-243345,0001501756,"Adverum Biotechnologies, Inc.  (ADVM)  (CIK 0001501756)",ADVM,release_text,2019-09-11,2019-09-12T06:05:02,release_date_only,2019-09-12,ADVM-022,1,wet age-related macular degeneration,OPTIC,NCT03748784,64459232,2019-08-08,https://www.sec.gov/Archives/edgar/data/1501756/000119312519243345/d796347dex991.htm
0001654954-19-010620,0001001316,"TG THERAPEUTICS, INC.  (TGTX)  (CIK 0001001316)",TGTX,release_text,2019-09-12,2019-09-12T09:25:21,acceptance_time,2019-09-12,ublituximab,3,relapsing forms of multiple sclerosis,ULTIMATE I & II,,94755151,2019-08-09,https://www.sec.gov/Archives/edgar/data/1001316/000165495419010620/tgtx_ex991.htm
0001493152-19-014284,0001460702,RITTER PHARMACEUTICALS INC  (QLGN)  (CIK 0001460702),RTTR,release_text,2019-09-12,2019-09-18T17:27:16,release_date_only,2019-09-13,RP-G28,3,lactose intolerance,,,9426950,2019-08-14,https://www.sec.gov/Archives/edgar/data/1460702/000149315219014284/form8-k.htm
0001144204-19-044706,0001279704,"Cellectar Biosciences, Inc.  (CLRB)  (CIK 0001279704)",CLRB,release_text,2019-09-16,2019-09-16T16:02:41,acceptance_time,2019-09-17,CLR 131,1,relapsed or refractory multiple myeloma,,,9396036,2019-08-12,https://www.sec.gov/Archives/edgar/data/1279704/000114420419044706/tv529504_ex99-1.htm
0001280600-19-000048,0001280600,ACCELERON PHARMA INC  (CIK 0001280600),XLRN,release_text,2019-09-16,2019-09-16T17:12:10,acceptance_time,2019-09-17,ACE-083,2,facioscapulohumeral muscular dystrophy,,,52833604,2019-08-05,https://www.sec.gov/Archives/edgar/data/1280600/000128060019000048/xlrn-20190916ex991.htm
0001564590-19-034836,0001082038,DURECT CORP  (DRRX)  (CIK 0001082038),DRRX,release_text,2019-09-17,2019-09-17T10:47:33,acceptance_time,2019-09-17,DUR-928,2a,alcoholic hepatitis,,,191942234,2019-08-02,https://www.sec.gov/Archives/edgar/data/1082038/000156459019034836/drrx-ex991_6.htm
0001104659-19-050481,0001621443,"Zynerba Pharmaceuticals, Inc.  (CIK 0001621443)",ZYNE,release_text,2019-09-18,2019-09-18T07:14:10,acceptance_time,2019-09-18,Zygel,2,Developmental and Epileptic Encephalopathies (DEE),BELIEVE 1,,23198010,2019-08-06,https://www.sec.gov/Archives/edgar/data/1621443/000110465919050481/a19-18767_18k.htm
0001104659-19-050671,0001213037,"Trovagene, Inc.  (CRDF)  (CIK 0001213037)",TROV,release_text,2019-09-19,2019-09-19T10:06:31,acceptance_time,2019-09-19,onvansertib,1b,Acute Myeloid Leukemia (AML),,NCT03414034;NCT03829410,5445764,2019-08-08,https://www.sec.gov/Archives/edgar/data/1213037/000110465919050671/a19-18826_1ex99d1.htm
0000944809-19-000060,0000944809,"Opko Health, Inc.  (OPK)  (CIK 0000944809)",OPK,sec_current,,2019-09-23T07:39:20,acceptance_time,2019-09-23,Somatrogon,2,Growth Hormone Deficiency (GHD),,NCT01592500,615601045,2019-08-07,https://www.sec.gov/Archives/edgar/data/944809/000094480919000060/a8khghctpex991.htm
0001493152-19-014410,0001544238,"CARDAX, INC.  (CIK 0001544238)",CDXI,release_text,2019-09-23,2019-09-23T08:00:36,acceptance_time,2019-09-23,ZanthoSyn,,cardiovascular health,CHASE,,136640761,2019-08-14,https://www.sec.gov/Archives/edgar/data/1544238/000149315219014410/ex99-1.htm
0001144204-19-045690,0001012477,AVADEL PHARMACEUTICALS PLC  (AVDL)  (CIK 0001012477),AVDL,release_text,2019-09-24,2019-09-24T08:00:30,acceptance_time,2019-09-24,FT218,1,narcolepsy,,,37450300,2019-08-09,https://www.sec.gov/Archives/edgar/data/1012477/000114420419045690/tv529887_ex99-1.htm
0001104659-19-051291,0000072444,"Vaxart, Inc.  (VXRT)  (CIK 0000072444)",VXRT,release_text,2019-09-25,2019-09-25T08:05:42,acceptance_time,2019-09-25,oral tableted bivalent norovirus vaccine,1b,norovirus,,,15785735,2019-08-08,https://www.sec.gov/Archives/edgar/data/72444/000110465919051291/a19-18367_58k.htm
0001564590-19-035318,0001169245,PhaseBio Pharmaceuticals Inc  (PHASQ)  (CIK 0001169245),PHAS,release_text,2019-09-24,2019-09-24T16:05:34,acceptance_time,2019-09-25,PB2452,2a,reversal of the antiplatelet activity of ticagrelor,,NCT03928353,28698836,2019-08-14,https://www.sec.gov/Archives/edgar/data/1169245/000156459019035318/phas-ex991_11.htm
0001654954-19-011103,0001604191,"AzurRx BioPharma, Inc.  (ENTO)  (CIK 0001604191)",AZRX,release_text,2019-09-25,2019-09-25T17:25:31,acceptance_time,2019-09-26,MS1819,2,exocrine pancreatic insufficiency in cystic fibrosis,OPTION,,26103434,2019-08-13,https://www.sec.gov/Archives/edgar/data/1604191/000165495419011103/azrx8k_20190925.htm
0001558370-19-008729,0000855654,"ImmunoGen, Inc.  (CIK 0000855654)",IMGN,release_text,2019-09-29,2019-09-30T08:08:17,release_date_only,2019-09-30,mirvetuximab soravtansine,3,"folate receptor alpha (FRα)-positive, platinum-resistant ovarian cancer",FORWARD I,,149884816,2019-08-07,https://www.sec.gov/Archives/edgar/data/855654/000155837019008729/imgn-20190929ex9912e4fdd.htm
0001193125-19-258123,0001174940,ORAGENICS INC  (OGEN)  (CIK 0001174940),OGEN,release_text,2019-09-30,2019-09-30T08:07:06,acceptance_time,2019-09-30,AG013,2,oral mucositis,NCT03234465,NCT03234465,46124803,2019-08-14,https://www.sec.gov/Archives/edgar/data/1174940/000119312519258123/d787658d8k.htm
0001193125-19-258364,0001439222,"AGIOS PHARMACEUTICALS, INC.  (AGIO)  (CIK 0001439222)",AGIO,release_text,2019-09-30,2019-09-30T11:13:27,acceptance_time,2019-09-30,TIBSOVO,3,cholangiocarcinoma,ClarIDHy,,58752886,2019-08-01,https://www.sec.gov/Archives/edgar/data/1439222/000119312519258364/d808786dex991.htm
0001193125-19-258069,0001501697,"X4 Pharmaceuticals, Inc  (XFOR, XFOWW)  (CIK 0001501697)",XFOR,release_text,2019-09-30,2019-09-30T07:21:10,acceptance_time,2019-09-30,mavorixafor,2a,advanced clear cell renal cell carcinoma,,,12430434,2019-08-07,https://www.sec.gov/Archives/edgar/data/1501697/000119312519258069/d805977d8k.htm
0001104659-19-051888,0001761612,BICYCLE THERAPEUTICS plc  (BCYC)  (CIK 0001761612),BCYC,release_text,2019-09-28,2019-09-30T06:10:58,release_date_only,2019-09-30,BT1718,1/2a,advanced solid tumors,,,17900731,2019-08-08,https://www.sec.gov/Archives/edgar/data/1761612/000110465919051888/a19-19170_1ex99d1.htm
0001193125-19-259970,0001560241,"G1 Therapeutics, Inc.  (GTHX)  (CIK 0001560241)",GTHX,release_text,2019-09-28,2019-10-01T17:29:40,release_date_only,2019-09-30,trilaciclib,2,metastatic triple-negative breast cancer,,NCT02978716;NCT03041311,37522593,2019-08-07,https://www.sec.gov/Archives/edgar/data/1560241/000119312519259970/d813335dex991.htm
0001370053-19-000035,0001370053,"ANAPTYSBIO, INC  (ANAB)  (CIK 0001370053)",ANAB,release_text,2019-09-30,2019-09-30T16:18:56,acceptance_time,2019-10-01,ANB019,2,generalized pustular psoriasis,,,27047596,2019-08-08,https://www.sec.gov/Archives/edgar/data/1370053/000137005319000035/anab-93019x8k.htm
0001651308-19-000092,0001651308,"BeiGene, Ltd.  (BGNE, BEIGF)  (CIK 0001651308)",BGNE,release_text,2019-09-30,2019-10-02T16:16:35,release_date_only,2019-10-01,tislelizumab and pamiparib,,,,,784439632,2019-08-08,https://www.sec.gov/Archives/edgar/data/1651308/000165130819000092/a8-kx10219.htm
0001410578-19-001500,0001178879,"AMICUS THERAPEUTICS, INC.  (FOLD)  (CIK 0001178879)",FOLD,release_text,2019-10-02,2019-10-02T07:56:49,acceptance_time,2019-10-02,AT-GAA,1/2,Pompe disease,ATB200-02,NCT03729362,254626063,2019-08-08,https://www.sec.gov/Archives/edgar/data/1178879/000141057819001500/tv530493_8k.htm
0001193125-19-260354,0001160308,Savara Inc  (SVRA)  (CIK 0001160308),SVRA,sec_current,,2019-10-02T08:11:06,acceptance_time,2019-10-02,Molgramostim,,Autoimmune Pulmonary Alveolar Proteinosis,IMPALA,,41197636,2019-08-08,https://www.sec.gov/Archives/edgar/data/1160308/000119312519260354/d807268dex991.htm
0001564590-19-036139,0000818033,"HERON THERAPEUTICS, INC. /DE/  (HRTX)  (CIK 0000818033)",HRTX,release_text,2019-10-02,2019-10-02T07:57:49,acceptance_time,2019-10-02,HTX-011,3b,postoperative pain,,,79816417,2019-08-05,https://www.sec.gov/Archives/edgar/data/818033/000156459019036139/hrtx-8k_20191002.htm
0001493152-19-014865,0000764195,VBI Vaccines Inc/BC  (VBIVQ)  (CIK 0000764195),VBIV,release_text,2019-10-02,2019-10-02T09:00:17,acceptance_time,2019-10-02,Sci-B-Vac,3,hepatitis B,PROTECT,,97757199,2019-08-09,https://www.sec.gov/Archives/edgar/data/764195/000149315219014865/ex99-1.htm
0001140361-19-017653,0001472091,PDS Biotechnology Corp  (PDSB)  (CIK 0001472091),PDSB,release_text,2019-10-01,2019-10-01T16:05:29,acceptance_time,2019-10-02,PDS0101,1,advanced cancers,,,5177487,2019-08-01,https://www.sec.gov/Archives/edgar/data/1472091/000114036119017653/ex99_1.htm
0001193125-19-262065,0001680581,"Fulcrum Therapeutics, Inc.  (FULC)  (CIK 0001680581)",FULC,release_text,2019-10-04,2019-10-04T06:08:11,acceptance_time,2019-10-04,losmapimod,1,facioscapulohumeral dystrophy,,,23340419,2019-08-26,https://www.sec.gov/Archives/edgar/data/1680581/000119312519262065/d815726dex991.htm
0001193125-19-263227,0001375151,"ZOGENIX, INC.  (CIK 0001375151)",ZGNX,release_text,2019-10-07,2019-10-07T08:06:13,acceptance_time,2019-10-07,pyrimidine nucleoside substrate enhancement therapy,2,Thymidine Kinase 2 deficiency,RETRO,,42541503,2019-08-06,https://www.sec.gov/Archives/edgar/data/1375151/000119312519263227/d827655d8k.htm
0001564590-19-036522,0001426332,NGM BIOPHARMACEUTICALS INC  (CIK 0001426332),NGM,release_text,2019-10-07,2019-10-07T08:07:03,acceptance_time,2019-10-07,aldafermin,2,non-alcoholic steatohepatitis,,,66042966,2019-08-12,https://www.sec.gov/Archives/edgar/data/1426332/000156459019036522/ngm-ex991_6.htm
0001628280-19-012219,0001628738,"Audentes Therapeutics, Inc.  (CIK 0001628738)",BOLD,release_text,2019-10-05,2019-10-08T21:54:27,release_date_only,2019-10-07,AT132,1/2,X-Linked Myotubular Myopathy,ASPIRO,,45442083,2019-08-07,https://www.sec.gov/Archives/edgar/data/1628738/000162828019012219/exhibit991.htm
0001193125-19-265503,0001510487,Principia Biopharma Inc.  (CIK 0001510487),PRNB,release_text,2019-10-10,2019-10-10T07:00:36,acceptance_time,2019-10-10,PRN1008,2,pemphigus,PEGASUS,,23970822,2019-08-08,https://www.sec.gov/Archives/edgar/data/1510487/000119312519265503/d819052d8k.htm
0001193125-19-266891,0001590877,REGENXBIO Inc.  (RGNX)  (CIK 0001590877),RGNX,release_text,2019-10-11,2019-10-11T19:16:49,acceptance_time,2019-10-14,RGX-314,1/2a,wet age-related macular degeneration,,,36806632,2019-08-07,https://www.sec.gov/Archives/edgar/data/1590877/000119312519266891/d816528dex992.htm
0001564590-19-036888,0001468748,Kodiak Sciences Inc.  (KOD)  (CIK 0001468748),KOD,release_text,2019-10-11,2019-10-15T06:36:14,release_date_only,2019-10-14,KSI-301,1b,"wet age-related macular degeneration, diabetic macular edema and retinal vein occlusion",DAZZLE,NCT04049266,36931141,2019-08-14,https://www.sec.gov/Archives/edgar/data/1468748/000156459019036888/kod-ex991_6.htm
0001493152-19-015458,0000876343,"Lineage Cell Therapeutics, Inc.  (LCTX)  (CIK 0000876343)",LCTX,release_text,2019-10-14,2019-10-15T07:02:47,release_date_only,2019-10-15,OpRegen,1/2a,dry age-related macular degeneration,,,149642861,2019-08-08,https://www.sec.gov/Archives/edgar/data/876343/000149315219015458/ex99-1.htm
0001564590-19-036894,0001358762,REATA PHARMACEUTICALS INC  (CIK 0001358762),RETA,release_text,2019-10-14,2019-10-15T06:45:31,release_date_only,2019-10-15,omaveloxolone,2,Friedreich’s ataxia,MOXIe,,,,https://www.sec.gov/Archives/edgar/data/1358762/000156459019036894/reta-ex991_6.htm
0001213900-19-020388,0001173313,American BriVision (Holding) Corp  (ABVC)  (CIK 0001173313),ABVC,release_text,2019-10-15,2019-10-15T17:23:26,acceptance_time,2019-10-16,Vitargus,1,retinal detachment or vitreous hemorrhage,,,18122860,2019-08-09,https://www.sec.gov/Archives/edgar/data/1173313/000121390019020388/f8k101519ex99-1_americanbri.htm
0001213900-19-020718,0001553643,"RELMADA THERAPEUTICS, INC.  (RLMD)  (CIK 0001553643)",RLMD,release_text,2019-10-15,2019-10-21T16:20:44,release_date_only,2019-10-16,REL-1017,2,treatment resistant depression,REL-1017-202,,39578986,2019-09-24,https://www.sec.gov/Archives/edgar/data/1553643/000121390019020718/f8k101519_relmada.htm
0001193125-19-269686,0001660334,Verrica Pharmaceuticals Inc.  (VRCA)  (CIK 0001660334),VRCA,release_text,2019-10-18,2019-10-18T07:08:24,acceptance_time,2019-10-18,VP-102,3,molluscum contagiosum and common warts,"CAMP-1, CAMP-2, COVE-1",,25741297,2019-08-07,https://www.sec.gov/Archives/edgar/data/1660334/000119312519269686/d819249d8k.htm
0001564590-19-037206,0001082038,DURECT CORP  (DRRX)  (CIK 0001082038),DRRX,release_text,2019-10-21,2019-10-21T12:59:23,acceptance_time,2019-10-21,DUR-928,2a,alcoholic hepatitis,,,191942234,2019-08-02,https://www.sec.gov/Archives/edgar/data/1082038/000156459019037206/drrx-ex991_6.htm
0001600132-19-000141,0001600132,"Bellerophon Therapeutics, Inc.  (BLPH)  (CIK 0001600132)",BLPH,release_text,2019-10-23,2019-10-23T08:31:40,acceptance_time,2019-10-23,INOpulse,2/3,Pulmonary Hypertension Associated with Interstitial Lung Disease,,,68906765,2019-08-08,https://www.sec.gov/Archives/edgar/data/1600132/000160013219000141/a8-koctober2019chestdata.htm
0001636050-19-000089,0001636050,Axovant Gene Therapies Ltd.  (CIK 0001636050),AXGT,release_text,2019-10-23,2019-10-23T07:03:12,acceptance_time,2019-10-23,AXO-AAV-GM2,1,infantile Tay-Sachs disease,,,22780672,2019-08-09,https://www.sec.gov/Archives/edgar/data/1636050/000163605019000089/axovant1023198-k.htm
0001193125-19-272040,0001655759,"ARVINAS, INC.  (ARVN)  (CIK 0001655759)",ARVN,release_text,2019-10-23,2019-10-23T06:39:09,acceptance_time,2019-10-23,ARV-110 and ARV-471,1,metastatic castration-resistant prostate cancer and estrogen receptor positive / human epidermal growth factor receptor-2 negative locally advanced or metastatic breast cancer,,,33717343,2019-08-05,https://www.sec.gov/Archives/edgar/data/1655759/000119312519272040/d819744d8k.htm
0001193125-19-273138,0001556263,"Syros Pharmaceuticals, Inc.  (SYRS)  (CIK 0001556263)",SYRS,release_text,2019-10-24,2019-10-24T08:36:03,acceptance_time,2019-10-24,SY-1425,2,acute myeloid leukemia,,NCT02807558,42438244,2019-08-01,https://www.sec.gov/Archives/edgar/data/1556263/000119312519273138/d823026dex991.htm
0001493152-19-015917,0000764195,VBI Vaccines Inc/BC  (VBIVQ)  (CIK 0000764195),VBIV,release_text,2019-10-24,2019-10-24T19:01:14,acceptance_time,2019-10-25,VBI-1901,1/2a,recurrent glioblastoma,,NCT03382977,97757199,2019-08-09,https://www.sec.gov/Archives/edgar/data/764195/000149315219015917/ex99-1.htm
0001104659-19-056422,0001722964,"Y-mAbs Therapeutics, Inc.  (YMAB)  (CIK 0001722964)",YMAB,release_text,2019-10-25,2019-10-25T11:21:51,acceptance_time,2019-10-25,naxitamab,2,neuroblastoma and osteosarcoma,Study 15-096,NCT01757626,34193666,2019-08-14,https://www.sec.gov/Archives/edgar/data/1722964/000110465919056422/a19-20973_1ex99d1.htm
0001564590-19-038263,0001564824,Allakos Inc.  (ALLK)  (CIK 0001564824),,missing,2019-10-25,2019-10-29T09:00:57,release_date_only,2019-10-28,AK002,2,active eosinophilic gastritis and/or eosinophilic gastroenteritis,ENIGMA,NCT03496571,43185253,2019-08-05,https://www.sec.gov/Archives/edgar/data/1564824/000156459019038263/allk-ex991_8.htm
0001410939-19-000053,0001410939,"IVERIC bio, Inc.  (CIK 0001410939)",,missing,2019-10-28,2019-10-28T06:38:00,acceptance_time,2019-10-28,Zimura,2b,geographic atrophy secondary to dry age-related macular degeneration,,,41562695,2019-08-01,https://www.sec.gov/Archives/edgar/data/1410939/000141093919000053/item801.htm
0001654954-19-012023,0001001316,"TG THERAPEUTICS, INC.  (TGTX)  (CIK 0001001316)",TGTX,release_text,2019-10-28,2019-10-28T07:59:29,acceptance_time,2019-10-28,umbralisib,2b,follicular lymphoma,UNITY-NHL,,94755151,2019-08-09,https://www.sec.gov/Archives/edgar/data/1001316/000165495419012023/tgtx_ex991.htm
0001171843-19-006859,0000882796,BIOCRYST PHARMACEUTICALS INC  (BCRX)  (CIK 0000882796),BCRX,release_text,2019-10-28,2019-10-28T07:37:34,acceptance_time,2019-10-28,BCX9930,1,complement-mediated diseases,,,110438425,2019-08-08,https://www.sec.gov/Archives/edgar/data/882796/000117184319006859/exh_991.htm
0001193125-19-276327,0001576263,"Mirati Therapeutics, Inc.  (CIK 0001576263)",MRTX,release_text,2019-10-28,2019-10-28T17:09:46,acceptance_time,2019-10-29,MRTX849,1/2,solid tumors expressing KRAS G12C mutations,,,39296117,2019-08-05,https://www.sec.gov/Archives/edgar/data/1576263/000119312519276327/d825784d8k.htm
0001193125-19-277684,0001654151,"Deciphera Pharmaceuticals, Inc.  (CIK 0001654151)",DCPH,release_text,2019-10-28,2019-10-29T16:02:21,release_date_only,2019-10-29,rebastinib,1b/2,advanced or metastatic solid tumors,,NCT03601897;NCT03717415,38215108,2019-08-02,https://www.sec.gov/Archives/edgar/data/1654151/000119312519277684/d816474dex991.htm
0001193125-19-276931,0001711279,"Krystal Biotech, Inc.  (KRYS)  (CIK 0001711279)",KRYS,release_text,2019-10-29,2019-10-29T08:06:10,acceptance_time,2019-10-29,bercolagene telserpavec (B-VEC),1/2,severe generalized RDEB,,,17300390,2019-08-05,https://www.sec.gov/Archives/edgar/data/1711279/000119312519276931/d825146dex991.htm
0001193125-19-276192,0001403752,Zymeworks Inc.  (CIK 0001403752),ZYME,release_text,2019-10-28,2019-10-28T16:08:10,acceptance_time,2019-10-29,ZW25,1,gastroesophageal adenocarcinoma,,NCT03929666,39259938,2019-08-02,https://www.sec.gov/Archives/edgar/data/1403752/000119312519276192/d787733dex991.htm
0001193125-19-278423,0001369568,"CATALYST PHARMACEUTICALS, INC.  (CPRX)  (CIK 0001369568)",CPRX,release_text,2019-10-30,2019-10-30T08:09:33,acceptance_time,2019-10-30,amifampridine phosphate,3,Congenital Myasthenic Syndromes,CMS-001,,102929257,2019-08-07,https://www.sec.gov/Archives/edgar/data/1369568/000119312519278423/d785565d8k.htm
0001564590-19-038415,0001382101,"SUTRO BIOPHARMA, INC.  (STRO)  (CIK 0001382101)",STRO,release_text,2019-10-29,2019-10-29T19:30:50,acceptance_time,2019-10-30,STRO-002,1,advanced ovarian cancer,,NCT03748186,22927863,2019-08-14,https://www.sec.gov/Archives/edgar/data/1382101/000156459019038415/stro-ex991_7.htm
0001104659-19-057505,0001755237,"Cyclerion Therapeutics, Inc.  (CYCN)  (CIK 0001755237)",CYCN,release_text,2019-10-30,2019-10-30T07:52:44,acceptance_time,2019-10-30,praliciguat,2,diabetic nephropathy,,,27420858,2019-08-12,https://www.sec.gov/Archives/edgar/data/1755237/000110465919057505/a19-21444_18k.htm
0001553350-19-001123,0001476963,"HEAT BIOLOGICS, INC.  (SCPX)  (CIK 0001476963)",,missing,,2019-11-05T08:05:34,acceptance_time,2019-11-05,Viagenpumatucel-L (HS-110) plus nivolumab,,advanced non-small lung cancer (NSCLC),DURGA,,34066652,2019-08-14,https://www.sec.gov/Archives/edgar/data/1476963/000155335019001123/htbx_ex99z1.htm
0001583648-19-000070,0001583648,"PIERIS PHARMACEUTICALS, INC.  (PIRS)  (CIK 0001583648)",PVLA,sec_current,,2019-11-05T08:58:15,acceptance_time,2019-11-05,PRS-343,1,HER2-positive malignancies,NCT03330561,NCT03330561,49392706,2019-08-09,https://www.sec.gov/Archives/edgar/data/1583648/000158364819000070/a191105pierisprs343sitca.htm
0001193125-19-283989,0001337553,AERIE PHARMACEUTICALS INC  (CIK 0001337553),AERI,release_text,2019-11-05,2019-11-05T06:40:39,acceptance_time,2019-11-05,netarsudil ophthalmic solution,2,open-angle glaucoma or ocular hypertension,,,45939243,2019-08-08,https://www.sec.gov/Archives/edgar/data/1337553/000119312519283989/d643513d8k.htm
0001457612-19-000137,0001457612,"GENOCEA BIOSCIENCES, INC.  (CIK 0001457612)",,missing,2019-11-05,2019-11-05T08:06:46,acceptance_time,2019-11-05,ATLAS,,tumor,,,26149689,2019-10-24,https://www.sec.gov/Archives/edgar/data/1457612/000145761219000137/a115198-k.htm
0001171843-19-007216,0001629137,"Global Blood Therapeutics, Inc.  (CIK 0001629137)",GBT,release_text,2019-11-06,2019-11-06T09:00:45,acceptance_time,2019-11-06,voxelotor,3,sickle cell disease (SCD),HOPE,,60018500,2019-08-07,https://www.sec.gov/Archives/edgar/data/1629137/000117184319007216/exh_991.htm
0001193125-19-286673,0001624658,"Allena Pharmaceuticals, Inc.  (CIK 0001624658)",ALNA,release_text,2019-11-07,2019-11-07T08:19:00,acceptance_time,2019-11-07,reloxaliase,3,enteric hyperoxaluria,URIROX-1,,23465665,2019-08-07,https://www.sec.gov/Archives/edgar/data/1624658/000119312519286673/d831178d8k.htm
0001193125-19-285878,0001337553,AERIE PHARMACEUTICALS INC  (CIK 0001337553),,missing,2019-11-06,2019-11-06T16:04:12,acceptance_time,2019-11-07,netarsudil,2,open-angle glaucoma (OAG) or ocular hypertension (OHT),AR-13324-CS208,,45939243,2019-08-08,https://www.sec.gov/Archives/edgar/data/1337553/000119312519285878/d825095d8k.htm
0001193125-19-285901,0001337553,AERIE PHARMACEUTICALS INC  (CIK 0001337553),,missing,2019-11-06,2019-11-06T16:10:12,acceptance_time,2019-11-07,Rhopressa,4,open-angle glaucoma (OAG) or ocular hypertension (OHT),MOST,,45939243,2019-08-08,https://www.sec.gov/Archives/edgar/data/1337553/000119312519285901/d823801d8k.htm
0001564590-19-042158,0000921299,FIBROGEN INC  (FGEN)  (CIK 0000921299),FGEN,release_text,2019-11-07,2019-11-08T14:05:42,release_date_only,2019-11-08,roxadustat,3,anemia in incident dialysis patients with chronic kidney disease,HIMALAYAS,,86915996,2019-08-08,https://www.sec.gov/Archives/edgar/data/921299/000156459019042158/fgen-ex991_6.htm
0001193125-19-289086,0001576263,"Mirati Therapeutics, Inc.  (CIK 0001576263)",MRTX,release_text,2019-11-09,2019-11-12T06:06:09,release_date_only,2019-11-11,sitravatinib,2,metastatic urothelial cancer,,,39436402,2019-11-04,https://www.sec.gov/Archives/edgar/data/1576263/000119312519289086/d829437d8k.htm
0001213900-19-022717,0001176309,ORAMED PHARMACEUTICALS INC.  (ORMP)  (CIK 0001176309),ORMP,sec_current,2019-11-12,2019-11-12T07:04:12,acceptance_time,2019-11-12,ORMD-0801,2b,type 2 diabetes,,,17383359,2019-07-10,https://www.sec.gov/Archives/edgar/data/1176309/000121390019022717/f8k111219_oramedpharma.htm
0001193125-19-289408,0001552451,MyoKardia Inc  (CIK 0001552451),MYOK,release_text,2019-11-11,2019-11-12T09:01:40,release_date_only,2019-11-12,mavacamten,2,non-obstructive hypertrophic cardiomyopathy,MAVERICK-HCM,,46225917,2019-11-04,https://www.sec.gov/Archives/edgar/data/1552451/000119312519289408/d657775d8k.htm
0001557142-19-000082,0001557142,"Kadmon Holdings, Inc.  (CIK 0001557142)",KDMN,release_text,2019-11-11,2019-11-12T20:00:49,release_date_only,2019-11-12,KD025,,chronic graft-versus-host disease,ROCKstar (KD025-213),,129690886,2019-11-07,https://www.sec.gov/Archives/edgar/data/1557142/000155714219000082/kdmn-20191112x8k.htm
0001193125-19-291076,0001654151,"Deciphera Pharmaceuticals, Inc.  (CIK 0001654151)",DCPH,release_text,2019-11-13,2019-11-13T16:41:33,acceptance_time,2019-11-14,DCC-3014,1,diffuse-type tenosynovial giant cell tumor (TGCT),,NCT03069469;NCT03353753,51043912,2019-11-04,https://www.sec.gov/Archives/edgar/data/1654151/000119312519291076/d834294d8k.htm
0001628280-19-014171,0001213037,"Trovagene, Inc.  (CRDF)  (CIK 0001213037)",TROV,release_text,2019-11-14,2019-11-14T09:07:54,acceptance_time,2019-11-14,onvansertib,2,metastatic Castration-Resistant Prostate Cancer (mCRPC),,,7742355,2019-11-07,https://www.sec.gov/Archives/edgar/data/1213037/000162828019014171/trov8-k111419.htm
0001654954-19-012881,0001411685,"VistaGen Therapeutics, Inc.  (VTGN)  (CIK 0001411685)",VTGN,release_text,2019-11-14,2019-11-14T07:46:13,acceptance_time,2019-11-14,AV-101,2,major depressive disorder (MDD),ELEVATE,,43222965,2019-11-07,https://www.sec.gov/Archives/edgar/data/1411685/000165495419012881/ex99-1.htm
0001193125-19-292868,0001720580,"resTORbio, Inc.  (ACET)  (CIK 0001720580)",TORC,release_text,2019-11-15,2019-11-15T07:31:02,acceptance_time,2019-11-15,RTB101,3,clinically symptomatic respiratory illness (CSRI),PROTECTOR 1,,36443631,2019-11-05,https://www.sec.gov/Archives/edgar/data/1720580/000119312519292868/d832662d8k.htm
0001193125-19-293984,0001731831,"Eidos Therapeutics, Inc.  (CIK 0001731831)",,missing,2019-11-16,2019-11-18T08:01:03,release_date_only,2019-11-18,AG10,2,transthyretin (TTR) amyloidosis cardiomyopathy (ATTR-CM),,,37496571,2019-10-31,https://www.sec.gov/Archives/edgar/data/1731831/000119312519293984/d80110d8k.htm
0001193125-19-293845,0001771917,"Karuna Therapeutics, Inc.  (CIK 0001771917)",KRTX,release_text,2019-11-18,2019-11-18T06:04:12,acceptance_time,2019-11-18,KarXT,2,acute psychosis in patients with schizophrenia,,,23412754,2019-11-07,https://www.sec.gov/Archives/edgar/data/1771917/000119312519293845/d836305d8k.htm
0001193125-19-295582,0001743881,"BridgeBio Pharma, Inc.  (BBIO)  (CIK 0001743881)",BBIO,release_text,2019-11-16,2019-11-19T16:30:57,release_date_only,2019-11-18,AG10,2,transthyretin (TTR) amyloidosis cardiomyopathy,,,123574967,2019-11-08,https://www.sec.gov/Archives/edgar/data/1743881/000119312519295582/d24594d8k.htm
0001659617-19-000177,0001659617,"Moleculin Biotech, Inc.  (MBRX)  (CIK 0001659617)",MBRX,release_text,2019-11-19,2019-11-19T07:33:46,acceptance_time,2019-11-19,WP1220,1,cutaneous T-cell lymphoma,,,45727700,2019-11-12,https://www.sec.gov/Archives/edgar/data/1659617/000165961719000177/exh991-pressreleasectcldata.htm
0001193125-19-295192,0001674416,CRISPR Therapeutics AG  (CRSP)  (CIK 0001674416),CRSP,release_text,2019-11-19,2019-11-19T08:21:05,acceptance_time,2019-11-19,CTX001,1/2,severe hemoglobinopathies,,,55204242,2019-10-28,https://www.sec.gov/Archives/edgar/data/1674416/000119312519295192/d808697d8k.htm
0001564590-19-043921,0001676725,"IDEAYA Biosciences, Inc.  (IDYA)  (CIK 0001676725)",IDYA,release_text,2019-11-20,2019-11-20T06:05:31,acceptance_time,2019-11-20,IDE196,1,Metastatic Uveal Melanoma,A Phase 1/2 Study in Patients with Solid Tumors Harboring GNAQ/11 Mutations or PRKC Fusions,NCT03947385,20331095,2019-11-13,https://www.sec.gov/Archives/edgar/data/1676725/000156459019043921/idya-ex991_6.htm
0001104659-19-065650,0000881524,VIVUS INC  (CIK 0000881524),VVUS,release_text,2019-11-20,2019-11-20T07:35:46,acceptance_time,2019-11-20,Qsymia,,binge-eating disorder or bulimia nervosa,NCT02553824,NCT02553824,10642713,2019-11-05,https://www.sec.gov/Archives/edgar/data/881524/000110465919065650/a19-23438_18k.htm
0001564590-19-043923,0001513818,"Aravive, Inc.  (CIK 0001513818)",ARAV,release_text,2019-11-20,2019-11-20T07:05:47,acceptance_time,2019-11-20,AVB-500,1b,platinum-resistant recurrent ovarian cancer,,,11313271,2019-11-07,https://www.sec.gov/Archives/edgar/data/1513818/000156459019043923/arav-8k_20191120.htm
0001193125-19-298670,0001439222,"AGIOS PHARMACEUTICALS, INC.  (AGIO)  (CIK 0001439222)",AGIO,release_text,2019-11-22,2019-11-22T17:01:10,acceptance_time,2019-11-25,vorasidenib and TIBSOVO (ivosidenib),,low-grade glioma,perioperative study,,58883044,2019-10-31,https://www.sec.gov/Archives/edgar/data/1439222/000119312519298670/d837319dex991.htm
0001651308-19-000123,0001651308,"BeiGene, Ltd.  (BGNE, BEIGF)  (CIK 0001651308)",BGNE,release_text,2019-11-23,2019-11-25T16:00:57,release_date_only,2019-11-25,tislelizumab,2,gastric/ gastroesophageal junction (G/GEJ) adenocarcinoma or esophageal squamous cell carcinoma (ESCC),,,788340698,2019-11-12,https://www.sec.gov/Archives/edgar/data/1651308/000165130819000123/a8-kx112519.htm
0001193125-19-299865,0001340652,"ChemoCentryx, Inc.  (CIK 0001340652)",CCXI,release_text,2019-11-25,2019-11-25T16:15:32,acceptance_time,2019-11-26,avacopan,3,ANCA-associated vasculitis,ADVOCATE,,58268567,2019-11-04,https://www.sec.gov/Archives/edgar/data/1340652/000119312519299865/d839895d8k.htm
0000920465-19-000166,0000920465,LA JOLLA PHARMACEUTICAL CO  (CIK 0000920465),LJPC,release_text,2019-11-25,2019-11-29T16:01:06,release_date_only,2019-11-26,LJPC-401,2,hereditary hemochromatosis,Study LJ401-HH01,,27157205,2019-11-12,https://www.sec.gov/Archives/edgar/data/920465/000092046519000166/exhibit-pr25nov19.htm
0001140361-19-021505,0001398733,"Aquestive Therapeutics, Inc.  (AQST)  (CIK 0001398733)",AQST,sec_current,,2019-11-26T16:08:34,acceptance_time,2019-11-27,Diazepam buccal film,,epilepsy,NCT03953820,NCT03953820,25042964,2019-11-05,https://www.sec.gov/Archives/edgar/data/1398733/000114036119021505/ex99_4.htm
0001618835-19-000208,0001618835,"Evofem Biosciences, Inc.  (EVFM)  (CIK 0001618835)",EVFM,release_text,2019-12-02,2019-12-02T06:50:35,acceptance_time,2019-12-02,Amphora,2b,urogenital chlamydia and gonorrhea,AMPREVENCE,,46810803,2019-11-07,https://www.sec.gov/Archives/edgar/data/1618835/000161883519000208/evfm8-ktoplineamprevence.htm
0001104659-19-069244,0001579428,"Axsome Therapeutics, Inc.  (AXSM)  (CIK 0001579428)",AXSM,release_text,2019-12-03,2019-12-03T09:15:41,acceptance_time,2019-12-03,AXS-12,2,narcolepsy,CONCERT,,34508626,2019-11-07,https://www.sec.gov/Archives/edgar/data/1579428/000110465919069244/tm1924374-1_8k.htm
0001193125-19-304803,0001437402,"ARDELYX, INC.  (ARDX)  (CIK 0001437402)",ARDX,release_text,2019-12-03,2019-12-03T07:33:05,acceptance_time,2019-12-03,tenapanor,3,hyperphosphatemia,PHREEDOM,,62908080,2019-11-06,https://www.sec.gov/Archives/edgar/data/1437402/000119312519304803/d843175d8k.htm
0001193125-19-304808,0001341235,"Aldeyra Therapeutics, Inc.  (ALDX)  (CIK 0001341235)",ALDX,release_text,2019-12-03,2019-12-03T07:43:38,acceptance_time,2019-12-03,reproxalap,3,dry eye disease,RENEW,,27952937,2019-11-07,https://www.sec.gov/Archives/edgar/data/1341235/000119312519304808/d833293d8k.htm
0001104659-19-069243,0001346830,"Cara Therapeutics, Inc.  (CARA)  (CIK 0001346830)",CARA,release_text,2019-12-03,2019-12-03T09:15:38,acceptance_time,2019-12-03,Oral KORSUVA,2,pruritus in patients with stage III-V chronic kidney disease,,,46678977,2019-11-05,https://www.sec.gov/Archives/edgar/data/1346830/000110465919069243/tm1924380-1_8k.htm
0001193125-19-306717,0001597553,"Sage Therapeutics, Inc.  (SAGE)  (CIK 0001597553)",SAGE,release_text,2019-12-05,2019-12-05T07:01:03,acceptance_time,2019-12-05,SAGE-217,3,major depressive disorder,MOUNTAIN,,51817529,2019-11-12,https://www.sec.gov/Archives/edgar/data/1597553/000119312519306717/d842008d8k.htm
0001654954-19-013694,0001378624,"Cellular Biomedicine Group, Inc.  (CIK 0001378624)",CBMG,release_text,2019-12-07,2019-12-09T06:02:22,release_date_only,2019-12-09,C-CAR088,1,relapsed or refractory multiple myeloma,,,19280612,2019-11-06,https://www.sec.gov/Archives/edgar/data/1378624/000165495419013694/cbmg_ex992.htm
0001193125-19-308661,0001622229,Unum Therapeutics Inc.  (COGT)  (CIK 0001622229),UMRX,release_text,2019-12-07,2019-12-09T07:00:32,release_date_only,2019-12-09,ACTR707,1,relapsed or refractory CD20+ non-Hodgkin Lymphoma,ATTCK-20-03,,30663054,2019-11-12,https://www.sec.gov/Archives/edgar/data/1622229/000119312519308661/d841927dex991.htm
0001558370-19-011419,0001597264,Blueprint Medicines Corp  (BPMC)  (CIK 0001597264),,missing,2019-12-08,2019-12-09T07:31:44,release_date_only,2019-12-09,avapritinib,1,advanced systemic mastocytosis,EXPLORER,,49202122,2019-11-05,https://www.sec.gov/Archives/edgar/data/1597264/000155837019011419/bpmc-20191208x8ke996981.htm
0001193125-19-308602,0001510487,Principia Biopharma Inc.  (CIK 0001510487),PRNB,release_text,2019-12-07,2019-12-09T06:09:35,release_date_only,2019-12-09,PRN1008,1/2,immune thrombocytopenia,,,32786610,2019-11-05,https://www.sec.gov/Archives/edgar/data/1510487/000119312519308602/d676466d8k.htm
0001193125-19-308678,0001503802,Karyopharm Therapeutics Inc.  (KPTI)  (CIK 0001503802),KPTI,release_text,2019-12-07,2019-12-09T07:30:40,release_date_only,2019-12-09,selinexor,1b/2,multiple myeloma,STOMP,,62790043,2019-11-04,https://www.sec.gov/Archives/edgar/data/1503802/000119312519308678/d800521dex991.htm
0001193125-19-309199,0001439222,"AGIOS PHARMACEUTICALS, INC.  (AGIO)  (CIK 0001439222)",AGIO,release_text,2019-12-08,2019-12-09T16:02:13,release_date_only,2019-12-09,mitapivat,2,non-transfusion-dependent thalassemia,,,58883044,2019-10-31,https://www.sec.gov/Archives/edgar/data/1439222/000119312519309199/d795045dex991.htm
0000950123-19-011815,0001422143,"Kura Oncology, Inc.  (KURA)  (CIK 0001422143)",KURA,release_text,2019-12-08,2019-12-09T07:01:02,release_date_only,2019-12-09,tipifarnib,2,angioimmunoblastic T-cell lymphoma,,,45314684,2019-11-05,https://www.sec.gov/Archives/edgar/data/1422143/000095012319011815/kura-ex991_6.htm
0001651308-19-000131,0001651308,"BeiGene, Ltd.  (BGNE, BEIGF)  (CIK 0001651308)",BGNE,release_text,2019-12-08,2019-12-09T16:31:46,release_date_only,2019-12-09,BRUKINSA (zanubrutinib),,"chronic lymphocytic leukemia (CLL), small lymphocytic lymphoma (SLL), and B-cell malignancies",,,788340698,2019-11-12,https://www.sec.gov/Archives/edgar/data/1651308/000165130819000131/a8-kx8dec19.htm
0001564590-19-045493,0001260990,"Oncternal Therapeutics, Inc.  (ONCT)  (CIK 0001260990)",ONCT,release_text,2019-12-09,2019-12-09T06:03:06,acceptance_time,2019-12-09,cirmtuzumab,1/2,chronic lymphocytic leukemia or mantle cell lymphoma,CIRLL,,15387242,2019-11-08,https://www.sec.gov/Archives/edgar/data/1260990/000156459019045493/onct-8k_20191209.htm
0001104659-19-070818,0001130598,"Onconova Therapeutics, Inc.  (TRAW)  (CIK 0001130598)",ONTX,release_text,2019-12-09,2019-12-09T09:07:49,acceptance_time,2019-12-09,rigosertib,2,myelodysplastic syndromes,INSPIRE,NCT02562443,8197462,2019-11-12,https://www.sec.gov/Archives/edgar/data/1130598/000110465919070818/tm1924763d2_ex99-1.htm
0001654954-19-013703,0001001316,"TG THERAPEUTICS, INC.  (TGTX)  (CIK 0001001316)",TGTX,release_text,2019-12-08,2019-12-09T08:15:48,release_date_only,2019-12-09,"ublituximab, umbralisib, and venetoclax",1/2,relapsed/refractory chronic lymphocytic leukemia (CLL),"A Phase 1/2 Study of Umbralisib, Ublituximab and Venetoclax in Patients with Relapsed or Refractory Chronic Lymphocytic Leukemia (CLL)",,99561434,2019-11-12,https://www.sec.gov/Archives/edgar/data/1001316/000165495419013703/tgtx-20191231.htm
0001171843-19-008008,0000882361,Aptose Biosciences Inc.  (APTO)  (CIK 0000882361),APTO,release_text,2019-12-07,2019-12-09T07:00:13,release_date_only,2019-12-09,CG-806 and APTO-253,1,"B cell malignancies, including CLL and non-Hodgkin lymphomas (NHL), AML, MDS",,,55486564,2019-11-05,https://www.sec.gov/Archives/edgar/data/882361/000117184319008008/exh_991.htm
0001564590-19-045479,0001293971,"bluebird bio, Inc.  (BLUE)  (CIK 0001293971)",BLUE,release_text,2019-12-06,2019-12-06T16:32:11,acceptance_time,2019-12-09,idecabtagene vicleucel (ide-cel; bb2121),2,relapsed and refractory multiple myeloma,KarMMa,NCT03361748,55331000,2019-10-31,https://www.sec.gov/Archives/edgar/data/1293971/000156459019045479/blue-8k_20191206.htm
0001193125-19-308386,0001108205,CURIS INC  (CRIS)  (CIK 0001108205),CRIS,release_text,2019-12-06,2019-12-06T17:18:06,acceptance_time,2019-12-09,CA-4948,1,relapsed or refractory (R/R) non-Hodgkin’s lymphoma (NHL),,,33202871,2019-11-05,https://www.sec.gov/Archives/edgar/data/1108205/000119312519308386/d98029d8k.htm
0001171843-19-008006,0001626971,"Corvus Pharmaceuticals, Inc.  (CRVS)  (CIK 0001626971)",CRVS,release_text,2019-12-07,2019-12-09T06:30:11,release_date_only,2019-12-09,CPI-818,1/1b,T-cell lymphomas,,,29405400,2019-10-29,https://www.sec.gov/Archives/edgar/data/1626971/000117184319008006/exh_991.htm
0001564590-19-045581,0001395937,Syndax Pharmaceuticals Inc  (SNDX)  (CIK 0001395937),SNDX,release_text,2019-12-10,2019-12-10T07:00:32,acceptance_time,2019-12-10,SNDX-6352,1,chronic graft versus host disease,,,27140484.0,2019-11-07,https://www.sec.gov/Archives/edgar/data/1395937/000156459019045581/sndx-ex991_58.htm
0001280600-19-000061,0001280600,ACCELERON PHARMA INC  (CIK 0001280600),BMY,release_text,2019-12-09,2019-12-13T16:35:06,release_date_only,2019-12-10,Reblozyl (luspatercept-aamt),2,myelofibrosis-associated anemia,,,53081830,2019-11-06,https://www.sec.gov/Archives/edgar/data/1280600/000128060019000061/xlrn20191209ex991.htm
0001104659-19-070959,0001279704,"Cellectar Biosciences, Inc.  (CLRB)  (CIK 0001279704)",CLRB,release_text,2019-12-09,2019-12-09T16:01:20,acceptance_time,2019-12-10,CLR 131,2,relapsed/refractory multiple myeloma,CLOVER-1,NCT02952508,9396036,2019-11-12,https://www.sec.gov/Archives/edgar/data/1279704/000110465919070959/tm1924802d1_ex99-1.htm
0001104659-19-071679,0001722964,"Y-mAbs Therapeutics, Inc.  (YMAB)  (CIK 0001722964)",YMAB,release_text,2019-12-11,2019-12-11T09:20:21,acceptance_time,2019-12-11,naxitamab,,high-risk stage 4 neuroblastoma,,,39728416,2019-11-13,https://www.sec.gov/Archives/edgar/data/1722964/000110465919071679/tm1924621d2_ex99-1.htm
0001193125-19-312200,0001751299,"Kaleido Biosciences, Inc.  (KLDO)  (CIK 0001751299)",KLDO,release_text,2019-12-12,2019-12-12T09:30:02,acceptance_time,2019-12-12,KB174,,cirrhosis,,,30062545,2019-10-30,https://www.sec.gov/Archives/edgar/data/1751299/000119312519312200/d847802d8k.htm
0001564590-19-045783,0001339970,aTYR PHARMA INC  (ATYR)  (CIK 0001339970),LIFE,release_text,2019-12-12,2019-12-12T08:10:16,acceptance_time,2019-12-12,ATYR1923,1b/2a,pulmonary sarcoidosis,,,3890185,2019-11-14,https://www.sec.gov/Archives/edgar/data/1339970/000156459019045783/life-ex991_6.htm
0001193125-19-313488,0001300699,"Athenex, Inc.  (CIK 0001300699)",ATNX,release_text,2019-12-13,2019-12-13T08:30:33,acceptance_time,2019-12-13,oral paclitaxel and encequidar,3,metastatic breast cancer,,,77505885,2019-11-12,https://www.sec.gov/Archives/edgar/data/1300699/000119312519313488/d838422dex991.htm
0001193125-19-314015,0001656634,"Gritstone Oncology, Inc.  (GRTS)  (CIK 0001656634)",GRTS,release_text,2019-12-12,2019-12-13T17:02:02,release_date_only,2019-12-13,GRANITE and SLATE,1,solid tumor,GO-004,,35806158,2019-11-12,https://www.sec.gov/Archives/edgar/data/1656634/000119312519314015/d850041d8k.htm
0001558370-19-011521,0001579428,"Axsome Therapeutics, Inc.  (AXSM)  (CIK 0001579428)",AXSM,release_text,2019-12-16,2019-12-16T08:25:19,acceptance_time,2019-12-16,AXS-05,3,major depressive disorder,GEMINI,,34508626,2019-11-07,https://www.sec.gov/Archives/edgar/data/1579428/000155837019011521/ex-99d1.htm
0001193125-19-314469,0001631574,Wave Life Sciences Ltd.  (WVE)  (CIK 0001631574),WVE,release_text,2019-12-16,2019-12-16T07:10:11,acceptance_time,2019-12-16,suvodirsen,1,Duchenne muscular dystrophy,,,34289750,2019-11-05,https://www.sec.gov/Archives/edgar/data/1631574/000119312519314469/d822489dex991.htm
0001193125-19-315680,0001445283,"PROTEOSTASIS THERAPEUTICS, INC.  (KA)  (CIK 0001445283)",PTI,release_text,2019-12-17,2019-12-17T08:30:39,acceptance_time,2019-12-17,"dirocaftor (PTI-808), posenacaftor (PTI-801), and nesolicaftor (PTI-428)",2,cystic fibrosis,,,51128976,2019-11-07,https://www.sec.gov/Archives/edgar/data/1445283/000119312519315680/d614069d8k.htm
0001213900-19-026351,0001711754,"Inmune Bio, Inc.  (INMB)  (CIK 0001711754)",INMB,release_text,2019-12-17,2019-12-17T16:53:01,acceptance_time,2019-12-18,INB03,1,advanced solid tumors,,,10770948,2019-11-08,https://www.sec.gov/Archives/edgar/data/1711754/000121390019026351/f8k121719_inmunebioinc.htm
0001193125-19-318478,0001661998,"Homology Medicines, Inc.  (QTTB)  (CIK 0001661998)",FIXX,release_text,2019-12-17,2019-12-19T09:30:56,release_date_only,2019-12-18,HMI-102,1/2,phenylketonuria,pheNIX,,44034647,2019-11-12,https://www.sec.gov/Archives/edgar/data/1661998/000119312519318478/d849575d8k.htm
0001193125-19-317563,0001598646,"Minerva Neurosciences, Inc.  (NERV)  (CIK 0001598646)",NERV,release_text,2019-12-18,2019-12-18T16:31:06,acceptance_time,2019-12-19,MIN-117,2b,major depressive disorder,,NCT03446846,39025471,2019-11-04,https://www.sec.gov/Archives/edgar/data/1598646/000119312519317563/d852969dex991.htm
0001559053-19-000040,0001559053,Prothena Corp plc  (PRTA)  (CIK 0001559053),PRTA,release_text,,2019-12-19T16:07:52,acceptance_time,2019-12-20,PRX004,1,hereditary transthyretin amyloidosis,,NCT03336580,39896561,2019-11-05,https://www.sec.gov/Archives/edgar/data/1559053/000155905319000040/form8-k2019x4.htm
0001437749-19-024760,0000835887,PROGENICS PHARMACEUTICALS INC  (CIK 0000835887),PGNX,release_text,2019-12-23,2019-12-23T07:32:45,acceptance_time,2019-12-23,PyL,3,prostate cancer,CONDOR,,86421634,2019-11-07,https://www.sec.gov/Archives/edgar/data/835887/000143774919024760/ex_168018.htm
0001493152-19-019764,0000908259,MATEON THERAPEUTICS INC  (OTLC)  (CIK 0000908259),MATN,release_text,2019-12-23,2019-12-27T16:05:26,release_date_only,2019-12-24,Combretastatin A1,,acute myeloid leukemia,OXI1222,NCT00977210;NCT01085656;NCT02576301,83050664,2019-11-19,https://www.sec.gov/Archives/edgar/data/908259/000149315219019764/ex99-1.htm
0001558370-19-011695,0001579428,"Axsome Therapeutics, Inc.  (AXSM)  (CIK 0001579428)",AXSM,release_text,2019-12-30,2019-12-30T08:15:19,acceptance_time,2019-12-30,AXS-07,3,migraine,MOMENTUM,,34508626,2019-11-07,https://www.sec.gov/Archives/edgar/data/1579428/000155837019011695/ex-99d1.htm
0001193125-19-325442,0001631574,Wave Life Sciences Ltd.  (WVE)  (CIK 0001631574),WVE,release_text,2019-12-30,2019-12-30T08:45:43,acceptance_time,2019-12-30,WVE-120102,1b/2a,Huntington’s disease,PRECISION-HD2,,34289750,2019-11-05,https://www.sec.gov/Archives/edgar/data/1631574/000119312519325442/d857761d8k.htm
0001564590-20-000064,0001082038,DURECT CORP  (DRRX)  (CIK 0001082038),DRRX,release_text,2020-01-02,2020-01-02T13:30:30,acceptance_time,2020-01-02,DUR-928,2a,plaque psoriasis,,,192362179,2019-11-05,https://www.sec.gov/Archives/edgar/data/1082038/000156459020000064/drrx-ex991_6.htm
0001467154-20-000002,0001467154,"Novan, Inc.  (CIK 0001467154)",NOVN,release_text,2020-01-02,2020-01-03T08:13:54,release_date_only,2020-01-03,SB206,3,molluscum contagiosum,B-SIMPLE,,26715356,2019-11-12,https://www.sec.gov/Archives/edgar/data/1467154/000146715420000002/a20200103novanwebcastvff.htm
0001193125-20-002622,0001492422,"Apellis Pharmaceuticals, Inc.  (APLS)  (CIK 0001492422)",APLS,release_text,2020-01-07,2020-01-07T08:30:43,acceptance_time,2020-01-07,pegcetacoplan (APL-2),3,paroxysmal nocturnal hemoglobinuria,PEGASUS,,63888238,2019-11-05,https://www.sec.gov/Archives/edgar/data/1492422/000119312520002622/d781419d8k.htm
0001193125-20-003545,0001422142,"Aerpio Pharmaceuticals, Inc.  (AADI)  (CIK 0001422142)",ARPO,release_text,2020-01-08,2020-01-08T09:30:05,acceptance_time,2020-01-08,AKB-9778,1b,primary open angle glaucoma or ocular hypertension,,,40588004,2019-11-07,https://www.sec.gov/Archives/edgar/data/1422142/000119312520003545/d860967dex991.htm
0001558370-20-000074,0001597264,Blueprint Medicines Corp  (BPMC)  (CIK 0001597264),BPMC,release_text,2020-01-08,2020-01-08T08:13:23,acceptance_time,2020-01-08,pralsetinib,1/2,RET fusion-positive non-small cell lung cancer,ARROW,,49202122,2019-11-05,https://www.sec.gov/Archives/edgar/data/1597264/000155837020000074/bpmc-20200108x8k5b17d17.htm
0001654954-20-000304,0001604191,"AzurRx BioPharma, Inc.  (ENTO)  (CIK 0001604191)",AZRX,release_text,2020-01-09,2020-01-10T17:48:37,release_date_only,2020-01-10,MS1819-SD,2,Cystic Fibrosis,,,26155111,2019-11-14,https://www.sec.gov/Archives/edgar/data/1604191/000165495420000304/ex99-1.htm
0001564590-20-000633,0001515673,Ultragenyx Pharmaceutical Inc.  (RARE)  (CIK 0001515673),RARE,release_text,2020-01-09,2020-01-09T16:25:42,acceptance_time,2020-01-10,DTX301,1/2,ornithine transcarbamylase (OTC) deficiency,,,57770923,2019-11-06,https://www.sec.gov/Archives/edgar/data/1515673/000156459020000633/rare-8k_20200109.htm
0001493152-20-000447,0000764195,VBI Vaccines Inc/BC  (VBIVQ)  (CIK 0000764195),VBIV,release_text,2020-01-09,2020-01-10T15:23:12,release_date_only,2020-01-10,Sci-B-Vac®,3,hepatitis B,CONSTANT,,178257199,2019-11-06,https://www.sec.gov/Archives/edgar/data/764195/000149315220000447/ex99-1.htm
0001193125-20-005950,0001492426,Horizon Therapeutics Public Ltd Co  (CIK 0001492426),HZNP,release_text,2020-01-13,2020-01-13T08:11:56,acceptance_time,2020-01-13,KRYSTEXXA,,uncontrolled gout,MIRROR,,187302229,2019-11-06,https://www.sec.gov/Archives/edgar/data/1492426/000119312520005950/d868690dex991.htm
0001104659-20-003255,0001579428,"Axsome Therapeutics, Inc.  (AXSM)  (CIK 0001579428)",AXSM,release_text,2020-01-13,2020-01-13T08:39:50,acceptance_time,2020-01-13,AXS-14,3,fibromyalgia,,,34508626,2019-11-07,https://www.sec.gov/Archives/edgar/data/1579428/000110465920003255/tm203196d1_ex99-1.htm
0001193125-20-005937,0001720725,"Oyster Point Pharma, Inc.  (CIK 0001720725)",OYST,release_text,2020-01-12,2020-01-13T08:00:48,release_date_only,2020-01-13,OC-01,2,Dry Eye Disease,MYSTIC,,21362538,2019-12-03,https://www.sec.gov/Archives/edgar/data/1720725/000119312520005937/d865031d8k.htm
0001104659-20-003162,0001755237,"Cyclerion Therapeutics, Inc.  (CYCN)  (CIK 0001755237)",CYCN,release_text,2020-01-13,2020-01-13T06:04:06,acceptance_time,2020-01-13,IW-6463,1,neurodegenerative diseases,,,27468904,2019-11-12,https://www.sec.gov/Archives/edgar/data/1755237/000110465920003162/tm202191d1_8k.htm
0001714899-20-000005,0001714899,Denali Therapeutics Inc.  (DNLI)  (CIK 0001714899),DNLI,release_text,2020-01-14,2020-01-14T09:04:07,acceptance_time,2020-01-14,DNL201 and DNL151,1b,Parkinson’s disease,,NCT04056689,96031223,2019-11-06,https://www.sec.gov/Archives/edgar/data/1714899/000171489920000005/ex991pressreleasejanua.htm
0001651308-20-000008,0001651308,"BeiGene, Ltd.  (BGNE, BEIGF)  (CIK 0001651308)",BGNE,release_text,2020-01-21,2020-01-21T16:51:18,acceptance_time,2020-01-22,tislelizumab,3,squamous non-small cell lung cancer,BGB-A317-307,,788340698,2019-11-12,https://www.sec.gov/Archives/edgar/data/1651308/000165130820000008/a317-307readout_en.htm
0001193125-20-011478,0001662524,"AKCEA THERAPEUTICS, INC.  (CIK 0001662524)",AKCA,release_text,2020-01-22,2020-01-22T07:30:32,acceptance_time,2020-01-22,AKCEA-APOCIII-L Rx,2,hypertriglyceridemia,,,93901338,2019-11-06,https://www.sec.gov/Archives/edgar/data/1662524/000119312520011478/d869331d8k.htm
0001437749-20-001132,0001029125,"Sun BioPharma, Inc.  (PBLA)  (CIK 0001029125)",SNBP,release_text,2020-01-24,2020-01-24T15:00:21,acceptance_time,2020-01-24,SBP-101,1,pancreatic ductal adenocarcinoma,,,6631308,2019-11-13,https://www.sec.gov/Archives/edgar/data/1029125/000143774920001132/ex_170324.htm
0001628280-20-000533,0001213037,"Trovagene, Inc.  (CRDF)  (CIK 0001213037)",TROV,release_text,2020-01-27,2020-01-27T10:59:12,acceptance_time,2020-01-27,onvansertib plus FOLFIRI and Avastin (bevacizumab),1b/2,KRAS-mutated metastatic colorectal cancer (mCRC),,,7742355,2019-11-07,https://www.sec.gov/Archives/edgar/data/1213037/000162828020000533/trov8-k012720.htm
0001104659-20-006911,0000850261,"Sorrento Therapeutics, Inc.  (SRNE)  (CIK 0000850261)",SRNE,release_text,2020-01-27,2020-01-27T07:00:41,acceptance_time,2020-01-27,resiniferatoxin,1b/2,osteoarthritis of the knee and intractable advanced stage cancer pain,,NCT03226574;NCT03542838,141871384,2019-11-12,https://www.sec.gov/Archives/edgar/data/850261/000110465920006911/tm205898d1_8k.htm
0001280600-20-000005,0001280600,ACCELERON PHARMA INC  (CIK 0001280600),,missing,2020-01-27,2020-01-27T16:14:50,acceptance_time,2020-01-28,sotatercept,2,pulmonary arterial hypertension (PAH),PULSAR,,53081830,2019-11-06,https://www.sec.gov/Archives/edgar/data/1280600/000128060020000005/xlrn-20200127form8xk.htm
0001193125-20-016998,0001662524,"AKCEA THERAPEUTICS, INC.  (CIK 0001662524)",AKCA,release_text,2020-01-28,2020-01-28T16:31:02,acceptance_time,2020-01-29,AKCEA-ANGPTL3-L Rx,2,"hypertriglyceridemia, type 2 diabetes and non-alcoholic fatty liver disease (NAFLD)",,,93901338,2019-11-06,https://www.sec.gov/Archives/edgar/data/1662524/000119312520016998/d857323d8k.htm
0001104659-20-009450,0001082554,UNITED THERAPEUTICS Corp  (UTHR)  (CIK 0001082554),UTHR,release_text,2020-02-03,2020-02-03T06:02:46,acceptance_time,2020-02-03,Unituxin (dinutuximab),2/3,relapsed or refractory small cell lung cancer (SCLC),DISTINCT,,43881350,2019-10-30,https://www.sec.gov/Archives/edgar/data/1082554/000110465920009450/tm206503d1_ex99-1.htm
0001104659-20-009488,0001104506,INSMED Inc  (INSM)  (CIK 0001104506),INSM,release_text,2020-02-03,2020-02-03T07:49:46,acceptance_time,2020-02-03,INS1007,2,non-cystic fibrosis bronchiectasis (NCFBE),WILLOW,,89343718,2019-10-30,https://www.sec.gov/Archives/edgar/data/1104506/000110465920009488/tm206508d1_8k.htm
0001659617-20-000023,0001659617,"Moleculin Biotech, Inc.  (MBRX)  (CIK 0001659617)",MBRX,release_text,2020-02-03,2020-02-03T07:32:35,acceptance_time,2020-02-03,Annamycin,1,acute myeloid leukemia,,,45727700,2019-11-12,https://www.sec.gov/Archives/edgar/data/1659617/000165961720000023/exh991-pressreleaseusphase.htm
0001178879-20-000006,0001178879,"AMICUS THERAPEUTICS, INC.  (FOLD)  (CIK 0001178879)",FOLD,release_text,2020-02-07,2020-02-07T07:01:01,acceptance_time,2020-02-07,ATB200/AT2221,1/2,Pompe disease,ATB200-02,,254809971,2019-11-12,https://www.sec.gov/Archives/edgar/data/1178879/000117887920000006/exhibit99121.htm
0001193125-20-027291,0001375151,"ZOGENIX, INC.  (CIK 0001375151)",ZGNX,release_text,2020-02-06,2020-02-07T06:09:01,release_date_only,2020-02-07,FINTEPLA,3,Lennox-Gastaut syndrome,Study 1601,,44254761,2019-11-07,https://www.sec.gov/Archives/edgar/data/1375151/000119312520027291/d880064d8k.htm
0001104659-20-012235,0001393434,"OCULAR THERAPEUTIX, INC  (OCUL)  (CIK 0001393434)",OCUL,release_text,2020-02-07,2020-02-07T08:18:16,acceptance_time,2020-02-07,OTX-TIC,1,primary open-angle glaucoma or ocular hypertension,,,48079615,2019-11-12,https://www.sec.gov/Archives/edgar/data/1393434/000110465920012235/tm207057-1_8k.htm
0001564590-20-003759,0001510487,Principia Biopharma Inc.  (CIK 0001510487),PRNB,release_text,2020-02-06,2020-02-06T18:03:27,acceptance_time,2020-02-07,PRN2246/SAR442168,2b,multiple sclerosis,,,32786610,2019-11-05,https://www.sec.gov/Archives/edgar/data/1510487/000156459020003759/prnb-8k_20200205.htm
0001193125-20-029771,0001681087,"AVROBIO, Inc.  (TECX)  (CIK 0001681087)",AVRO,release_text,2020-02-10,2020-02-10T16:09:04,acceptance_time,2020-02-11,AVR-RD-04,1/2,cystinosis,,,31667901,2019-11-07,https://www.sec.gov/Archives/edgar/data/1681087/000119312520029771/d882927d8k.htm
0001628280-20-001467,0001213037,"Trovagene, Inc.  (CRDF)  (CIK 0001213037)",TROV,release_text,2020-02-13,2020-02-13T10:00:15,acceptance_time,2020-02-13,onvansertib,2,metastatic castration-resistant prostate cancer,,,7742355,2019-11-07,https://www.sec.gov/Archives/edgar/data/1213037/000162828020001467/trov8-k021320.htm
0001171843-20-000943,0001626971,"Corvus Pharmaceuticals, Inc.  (CRVS)  (CIK 0001626971)",CRVS,release_text,2020-02-13,2020-02-13T08:00:17,acceptance_time,2020-02-13,ciforadenant,1b/2,metastatic castration resistant prostate cancer,,,29405400,2019-10-29,https://www.sec.gov/Archives/edgar/data/1626971/000117184320000943/exh_991.htm
0001477932-20-000606,0001355250,Innovation Pharmaceuticals Inc.  (IPIX)  (CIK 0001355250),IPIX,release_text,2020-02-13,2020-02-13T16:05:13,acceptance_time,2020-02-14,Brilacidin,1,Ulcerative Colitis,NCT03234465,NCT03234465,230017069,2020-02-13,https://www.sec.gov/Archives/edgar/data/1355250/000147793220000606/ipix_8k.htm
0001193125-20-039763,0001175505,"FIVE PRIME THERAPEUTICS, INC.  (CIK 0001175505)",FPRX,release_text,2020-02-18,2020-02-18T09:28:10,acceptance_time,2020-02-18,cabiralizumab,2,advanced pancreatic cancer,NCT03336216,NCT03336216,36391851,2019-11-06,https://www.sec.gov/Archives/edgar/data/1175505/000119312520039763/d891508d8k.htm
0001600132-20-000012,0001600132,"Bellerophon Therapeutics, Inc.  (BLPH)  (CIK 0001600132)",BLPH,release_text,2020-02-18,2020-02-18T08:32:39,acceptance_time,2020-02-18,INOpulse,,Pulmonary Hypertension Associated with Pulmonary Fibrosis,,,68906765,2019-11-06,https://www.sec.gov/Archives/edgar/data/1600132/000160013220000012/a8-kfebruary2020rhcdata.htm
0001104659-20-022587,0001279704,"Cellectar Biosciences, Inc.  (CLRB)  (CIK 0001279704)",CLRB,release_text,2020-02-19,2020-02-19T08:15:56,acceptance_time,2020-02-19,CLR 131,2,relapsed/refractory B-cell lymphomas,CLOVER-1,NCT02952508,9396036,2019-11-12,https://www.sec.gov/Archives/edgar/data/1279704/000110465920022587/tm209328d1_8k.htm
0001493152-20-002783,0001100397,"Advaxis, Inc.  (ADXS)  (CIK 0001100397)",ADXS,release_text,2020-02-20,2020-02-20T16:00:10,acceptance_time,2020-02-21,ADXS-503,1/2,non-small cell lung cancer,,,50211424,2019-12-20,https://www.sec.gov/Archives/edgar/data/1100397/000149315220002783/ex99-1.htm
0001654954-20-001787,0001411685,"VistaGen Therapeutics, Inc.  (VTGN)  (CIK 0001411685)",VTGN,release_text,2020-02-20,2020-02-20T19:23:20,acceptance_time,2020-02-21,PH10,2a,major depressive disorder,,,47963042,2020-02-13,https://www.sec.gov/Archives/edgar/data/1411685/000165495420001787/ex99-1.htm
0001564590-20-005893,0001426332,NGM BIOPHARMACEUTICALS INC  (CIK 0001426332),NGM,release_text,2020-02-24,2020-02-24T08:09:35,acceptance_time,2020-02-24,aldafermin,2,non-alcoholic steatohepatitis,,,66654589,2019-11-12,https://www.sec.gov/Archives/edgar/data/1426332/000156459020005893/ngm-8k_20200224.htm
0001193125-20-045535,0001341235,"Aldeyra Therapeutics, Inc.  (ALDX)  (CIK 0001341235)",ALDX,release_text,2020-02-24,2020-02-24T08:14:32,acceptance_time,2020-02-24,reproxalap,2,dry eye disease,RENEW,,27952937,2019-11-07,https://www.sec.gov/Archives/edgar/data/1341235/000119312520045535/d911378dex991.htm
0001104659-20-024053,0001082554,UNITED THERAPEUTICS Corp  (UTHR)  (CIK 0001082554),UTHR,release_text,2020-02-24,2020-02-24T06:06:42,acceptance_time,2020-02-24,Tyvaso,3,pulmonary hypertension associated with interstitial lung disease,INCREASE,,43881350,2019-10-30,https://www.sec.gov/Archives/edgar/data/1082554/000110465920024053/tm2010751-1_8k.htm
0001213900-20-004778,0001176309,ORAMED PHARMACEUTICALS INC.  (ORMP)  (CIK 0001176309),ORMP,sec_current,2020-02-26,2020-02-26T08:03:28,acceptance_time,2020-02-26,ORMD-0801,2b,type 2 diabetes,,,17735775,2020-01-09,https://www.sec.gov/Archives/edgar/data/1176309/000121390020004778/ea119019-8k_oramedpharma.htm
0001193125-20-049300,0001347178,Vanda Pharmaceuticals Inc.  (VNDA)  (CIK 0001347178),VNDA,release_text,2020-02-25,2020-02-26T08:54:44,release_date_only,2020-02-26,tradipitant,3,pruritus in atopic dermatitis,EPIONE,,53337085,2019-11-07,https://www.sec.gov/Archives/edgar/data/1347178/000119312520049300/d892669d8k.htm
0001104659-20-025079,0001513856,"Neurotrope, Inc.  (CIK 0001513856)",,missing,,2020-02-26T09:00:43,acceptance_time,2020-02-26,bryostatin,2,advanced Alzheimer’s,NTRP 101-202,,13068023,2019-11-12,https://www.sec.gov/Archives/edgar/data/1513856/000110465920025079/tm2010842d1_ex99-1.htm
0001193125-20-057801,0001503802,Karyopharm Therapeutics Inc.  (KPTI)  (CIK 0001503802),KPTI,release_text,2020-03-02,2020-03-02T07:05:43,acceptance_time,2020-03-02,XPOVIO (selinexor),3,multiple myeloma,BOSTON,,65548095,2020-02-26,https://www.sec.gov/Archives/edgar/data/1503802/000119312520057801/d873788d8k.htm
0001493152-20-003250,0000764195,VBI Vaccines Inc/BC  (VBIVQ)  (CIK 0000764195),VBIV,release_text,2020-03-03,2020-03-03T10:00:41,acceptance_time,2020-03-03,VBI-1901,1/2a,recurrent glioblastoma,,NCT03382977,178257199,2019-11-06,https://www.sec.gov/Archives/edgar/data/764195/000149315220003250/ex99-1.htm
0001104659-20-030426,0001479419,"Kala Pharmaceuticals, Inc.  (KALA)  (CIK 0001479419)",KALA,release_text,2020-03-09,2020-03-09T06:05:54,acceptance_time,2020-03-09,EYSUVIS,3,dry eye disease,STRIDE 3,,36803874,2020-02-12,https://www.sec.gov/Archives/edgar/data/1479419/000110465920030426/tm2012073d1_8k.htm
0001280600-20-000017,0001280600,ACCELERON PHARMA INC  (CIK 0001280600),XLRN,release_text,2020-03-09,2020-03-09T16:09:31,acceptance_time,2020-03-10,ACE-083,2,Charcot-Marie-Tooth disease,,,53337296,2020-02-27,https://www.sec.gov/Archives/edgar/data/1280600/000128060020000017/xlrn-20200309ex991.htm
0001564590-20-009472,0001394319,"Tracon Pharmaceuticals, Inc.  (TCON)  (CIK 0001394319)",,missing,2020-03-09,2020-03-09T19:57:36,acceptance_time,2020-03-10,DE-122,2a,wet age-related macular degeneration,AVANTE,,5397938,2020-02-28,https://www.sec.gov/Archives/edgar/data/1394319/000156459020009472/tcon-8k_20200309.htm
0001654954-20-002581,0000034956,"TENAX THERAPEUTICS, INC.  (TENX)  (CIK 0000034956)",TENX,release_text,2020-03-12,2020-03-13T08:16:17,release_date_only,2020-03-13,levosimendan,2,pulmonary hypertension and heart failure with preserved ejection fraction,HELP,,6741860,2019-11-14,https://www.sec.gov/Archives/edgar/data/34956/000165495420002581/tenx_ex992.htm
0001493152-20-004113,0001710340,"Eton Pharmaceuticals, Inc.  (ETON)  (CIK 0001710340)",ETON,release_text,2020-03-17,2020-03-17T08:23:21,acceptance_time,2020-03-17,ET-101,,"partial-onset or primary generalized tonic-clonic seizures, seizures associated with Lennox-Gastaut syndrome, migraine",,,17882486,2020-03-05,https://www.sec.gov/Archives/edgar/data/1710340/000149315220004113/ex99-1.htm
0001493152-20-004116,0001533743,"Processa Pharmaceuticals, Inc.  (PCSA)  (CIK 0001533743)",PCSA,release_text,2020-03-17,2020-03-17T09:30:11,acceptance_time,2020-03-17,PCS-499,2,Necrobiosis Lipoidica,PCS499-NL01,,5486476,2020-03-06,https://www.sec.gov/Archives/edgar/data/1533743/000149315220004116/ex99-1.htm
0001213900-20-006814,0000812796,"SOLIGENIX, INC.  (SNGX)  (CIK 0000812796)",SNGX,release_text,2020-03-19,2020-03-19T06:04:16,acceptance_time,2020-03-19,SGX301,3,cutaneous T-cell lymphoma,FLASH,,20653004,2019-11-12,https://www.sec.gov/Archives/edgar/data/812796/000121390020006814/ea119783-8k_soligenix.htm
0001104659-20-037367,0001408443,Milestone Pharmaceuticals Inc.  (MIST)  (CIK 0001408443),MIST,release_text,2020-03-23,2020-03-23T17:19:06,acceptance_time,2020-03-24,etripamil,3,paroxysmal supraventricular tachycardia,NODE-301,,24559470,2020-03-06,https://www.sec.gov/Archives/edgar/data/1408443/000110465920037367/tm2013489-1_8k.htm
0001104659-20-037764,0001000694,NOVAVAX INC  (NVAX)  (CIK 0001000694),NVAX,release_text,2020-03-24,2020-03-24T16:15:47,acceptance_time,2020-03-25,NanoFlu,3,seasonal influenza,,,51528841,2020-03-11,https://www.sec.gov/Archives/edgar/data/1000694/000110465920037764/tm2013650d1_8k.htm
0001171843-20-002125,0001061983,CYTOKINETICS INC  (CYTK)  (CIK 0001061983),CYTK,release_text,2020-03-30,2020-03-30T07:30:12,acceptance_time,2020-03-30,omecamtiv mecarbil,3,heart failure,GALACTIC-HF,,59450437,2020-03-04,https://www.sec.gov/Archives/edgar/data/1061983/000117184320002125/exh_991.htm
0001104659-20-040002,0001579428,"Axsome Therapeutics, Inc.  (AXSM)  (CIK 0001579428)",AXSM,release_text,2020-03-30,2020-03-30T09:47:40,acceptance_time,2020-03-30,AXS-05,3,treatment resistant depression,STRIDE-1,,37075422,2020-03-12,https://www.sec.gov/Archives/edgar/data/1579428/000110465920040002/tm2011781-2_8k.htm
0001564590-20-013857,0001636651,Ovid Therapeutics Inc.  (OVID)  (CIK 0001636651),OVID,release_text,2020-03-30,2020-03-30T08:05:29,acceptance_time,2020-03-30,soticlestat,2,CDKL5 deficiency disorder and Dup15q syndrome,ARCADE,,54710322,2020-03-11,https://www.sec.gov/Archives/edgar/data/1636651/000156459020013857/ovid-8k_20200330.htm
0001213900-20-008122,0001739174,"BiomX Inc.  (PHGE, PHGEW, PHGE-UN)  (CIK 0001739174)",PHGE,release_text,2020-03-31,2020-03-31T06:41:35,acceptance_time,2020-03-31,BX001,1,acne-prone skin,,,22911142,2020-03-26,https://www.sec.gov/Archives/edgar/data/1739174/000121390020008122/ea120233ex99-1_biomxinc.htm
0001104659-20-040850,0001744659,"Akero Therapeutics, Inc.  (AKRO)  (CIK 0001744659)",AKRO,release_text,2020-03-31,2020-03-31T08:25:42,acceptance_time,2020-03-31,AKR-001,2a,NASH,BALANCED,,28607913,2020-03-16,https://www.sec.gov/Archives/edgar/data/1744659/000110465920040850/tm2014246-1_8k.htm
0001104659-20-041258,0001689813,Biohaven Pharmaceutical Holding Co Ltd.  (CIK 0001689813),BHVN,release_text,2020-03-30,2020-03-31T17:11:43,release_date_only,2020-03-31,rimegepant,,migraine,NCT03732638,NCT03732638,58282598,2020-02-26,https://www.sec.gov/Archives/edgar/data/1689813/000110465920041258/tm2014321d1_8k.htm
0001193125-20-091094,0001552451,"MyoKardia, Inc.  (CIK 0001552451)",MYOK,release_text,2020-03-30,2020-03-30T17:13:10,acceptance_time,2020-03-31,mavacamten,2,non-obstructive hypertrophic cardiomyopathy,MAVERICK-HCM,,46574538,2020-02-27,https://www.sec.gov/Archives/edgar/data/1552451/000119312520091094/d912653dex991.htm
0001104659-20-040376,0001442836,"Mersana Therapeutics, Inc.  (MRSN)  (CIK 0001442836)",MRSN,release_text,2020-03-30,2020-03-30T16:15:29,acceptance_time,2020-03-31,XMT-1536,1,ovarian cancer and non-small cell lung cancer (NSCLC) adenocarcinoma,,,45429985,2020-02-28,https://www.sec.gov/Archives/edgar/data/1442836/000110465920040376/tm2014197d1_ex99-1.htm
0001399529-20-000018,0001399529,Dicerna Pharmaceuticals Inc  (CIK 0001399529),DRNA,release_text,2020-03-31,2020-03-31T08:10:26,acceptance_time,2020-03-31,nedosiran,,primary hyperoxaluria,PHYOX3,NCT04042402,73750617,2020-02-28,https://www.sec.gov/Archives/edgar/data/1399529/000139952920000018/exhibit991.htm
0001564590-20-014775,0001080709,ARENA PHARMACEUTICALS INC  (CIK 0001080709),ARNA,release_text,2020-04-01,2020-04-01T16:06:58,acceptance_time,2020-04-02,etrasimod CR,1,immune-mediated inflammatory diseases,,,50249149,2020-02-27,https://www.sec.gov/Archives/edgar/data/1080709/000156459020014775/arna-8k_20200401.htm
0001104659-20-043387,0001544227,"Millendo Therapeutics, Inc.  (TPST)  (CIK 0001544227)",MLND,release_text,2020-04-06,2020-04-06T07:16:43,acceptance_time,2020-04-06,livoletide,2b,Prader-Willi syndrome,ZEPHYR,NCT03669549;NCT03790865,18266545,2020-03-11,https://www.sec.gov/Archives/edgar/data/1544227/000110465920043387/tm2015079-1_8k.htm
0001104659-20-043432,0001566044,Menlo Therapeutics Inc.  (VYNE)  (CIK 0001566044),MNLO,release_text,2020-04-06,2020-04-06T09:00:19,acceptance_time,2020-04-06,serlopitant,3,pruritus associated with prurigo nodularis,MTI-105 and MTI-106,NCT03546816;NCT03677401,24438631,2020-03-03,https://www.sec.gov/Archives/edgar/data/1566044/000110465920043432/tm2014909-3_8k.htm
0001558370-20-003618,0001579428,"Axsome Therapeutics, Inc.  (AXSM)  (CIK 0001579428)",AXSM,release_text,2020-04-06,2020-04-06T08:18:35,acceptance_time,2020-04-06,AXS-07,3,migraine,INTERCEPT,,37075422,2020-03-12,https://www.sec.gov/Archives/edgar/data/1579428/000155837020003618/ex-99d1.htm
0001213900-20-008735,0001158780,PLURISTEM THERAPEUTICS INC  (PLUR)  (CIK 0001158780),PSTI,release_text,2020-04-07,2020-04-07T09:17:25,acceptance_time,2020-04-07,PLX cells,,COVID-19,,,17861541,2020-02-06,https://www.sec.gov/Archives/edgar/data/1158780/000121390020008735/ea120496-8k_pluristem.htm
0001104659-20-043974,0001761612,BICYCLE THERAPEUTICS plc  (BCYC)  (CIK 0001761612),BCYC,release_text,2020-04-07,2020-04-07T07:45:17,acceptance_time,2020-04-07,BT1718,1,solid tumors,,,17994772,2020-03-10,https://www.sec.gov/Archives/edgar/data/1761612/000110465920043974/tm2015222d1_ex99-1.htm
0001193125-20-105860,0001341235,"Aldeyra Therapeutics, Inc.  (ALDX)  (CIK 0001341235)",ALDX,release_text,2020-04-14,2020-04-14T08:24:05,acceptance_time,2020-04-14,ADX-629,1,systemic immune-mediated diseases,,,29662125,2020-03-12,https://www.sec.gov/Archives/edgar/data/1341235/000119312520105860/d919317dex991.htm
0001493152-20-006424,0001174940,ORAGENICS INC  (OGEN)  (CIK 0001174940),OGEN,release_text,2020-04-15,2020-04-15T06:31:06,acceptance_time,2020-04-15,AG013,2,oral mucositis,,,46124803,2020-03-04,https://www.sec.gov/Archives/edgar/data/1174940/000149315220006424/ex99-1.htm
0001654954-20-004130,0001385818,"AYTU BIOSCIENCE, INC  (AYTU)  (CIK 0001385818)",AYTU,release_text,2020-04-16,2020-04-16T08:07:35,acceptance_time,2020-04-16,COVID-19 IgG/IgM Rapid Test,,COVID-19,,,23018052,2020-02-14,https://www.sec.gov/Archives/edgar/data/1385818/000165495420004130/aytu_ex991.htm
0000939767-20-000051,0000939767,"EXELIXIS, INC.  (EXEL)  (CIK 0000939767)",EXEL,release_text,2020-04-20,2020-04-20T07:02:56,acceptance_time,2020-04-20,cabozantinib (CABOMETYX®) in combination with nivolumab (Opdivo®),3,advanced or metastatic renal cell carcinoma,CheckMate -9ER,,305393240,2020-02-25,https://www.sec.gov/Archives/edgar/data/939767/000093976720000051/exel8-k20200420.htm
0001104659-20-049009,0001346830,"Cara Therapeutics, Inc.  (CARA)  (CIK 0001346830)",CARA,release_text,2020-04-21,2020-04-21T07:41:52,acceptance_time,2020-04-21,KORSUVA,3,chronic kidney disease-associated pruritus,KALM-2,,46725225,2020-02-27,https://www.sec.gov/Archives/edgar/data/1346830/000110465920049009/tm2016471d1_8k.htm
0001193125-20-113337,0001178253,SCYNEXIS INC  (SCYX)  (CIK 0001178253),SCYX,release_text,2020-04-21,2020-04-21T14:36:02,acceptance_time,2020-04-21,ibrexafungerp,3,vulvovaginal candidiasis,VANISH-306,NCT03987620,97417224,2020-03-11,https://www.sec.gov/Archives/edgar/data/1178253/000119312520113337/d895609d8k.htm
0001104659-20-049013,0000861838,"IDERA PHARMACEUTICALS, INC.  (CIK 0000861838)",IDRA,release_text,2020-04-21,2020-04-21T08:00:35,acceptance_time,2020-04-21,tilsotolimod,1/2,anti-PD-1 refractory advanced melanoma,ILLUMINATE-204,NCT02644967;NCT03445533,30538478,2020-03-12,https://www.sec.gov/Archives/edgar/data/861838/000110465920049013/tm2016447-1_8k.htm
0001104659-20-049520,0001730430,"Kiniksa Pharmaceuticals, Ltd.  (KNSA)  (CIK 0001730430)",KNSA,release_text,2020-04-22,2020-04-22T08:07:21,acceptance_time,2020-04-22,vixarelimab,2a,prurigo nodularis,,NCT03816891,,,https://www.sec.gov/Archives/edgar/data/1730430/000110465920049520/tm2016542d1_ex99-1.htm
0001104659-20-050023,0001509745,"LEAP THERAPEUTICS, INC.  (LPTX)  (CIK 0001509745)",LPTX,release_text,2020-04-23,2020-04-23T08:42:08,acceptance_time,2020-04-23,DKN-01,2,advanced gynecological malignancies,P204,,35799488,2020-03-16,https://www.sec.gov/Archives/edgar/data/1509745/000110465920050023/tm2016685d1_ex99-1.htm
0001564590-20-018489,0001510487,Principia Biopharma Inc.  (CIK 0001510487),PRNB,release_text,2020-04-24,2020-04-24T16:05:51,acceptance_time,2020-04-27,PRN2246/SAR442168,2b,multiple sclerosis,,,33008896,2020-03-10,https://www.sec.gov/Archives/edgar/data/1510487/000156459020018489/prnb-8k_20200423.htm
0001171843-20-002890,0000882361,Aptose Biosciences Inc.  (APTO)  (CIK 0000882361),APTO,release_text,2020-04-27,2020-04-27T09:15:12,acceptance_time,2020-04-27,CG-806,1a/b,relapsed or refractory CLL/SLL or non-Hodgkin’s lymphomas,,,76269806,2020-03-10,https://www.sec.gov/Archives/edgar/data/882361/000117184320002890/exh_991.htm
0001104659-20-051350,0001012477,AVADEL PHARMACEUTICALS PLC  (AVDL)  (CIK 0001012477),AVDL,release_text,2020-04-27,2020-04-27T09:21:56,acceptance_time,2020-04-27,FT218,3,excessive daytime sleepiness and cataplexy in patients with narcolepsy,REST-ON,,46404432,2020-03-16,https://www.sec.gov/Archives/edgar/data/1012477/000110465920051350/tm2017769d1_8k.htm
0001564590-20-018684,0001382101,"SUTRO BIOPHARMA, INC.  (STRO)  (CIK 0001382101)",STRO,release_text,2020-04-27,2020-04-27T08:00:29,acceptance_time,2020-04-27,STRO-002,1,ovarian cancer,,NCT03748186,23098969,2020-03-16,https://www.sec.gov/Archives/edgar/data/1382101/000156459020018684/stro-8k_20200427.htm
0001104659-20-051935,0001393434,"OCULAR THERAPEUTIX, INC  (OCUL)  (CIK 0001393434)",OCUL,release_text,2020-04-28,2020-04-28T07:07:34,acceptance_time,2020-04-28,DEXTENZA,3,ocular itching associated with allergic conjunctivitis,,,52576940,2020-03-12,https://www.sec.gov/Archives/edgar/data/1393434/000110465920051935/tm2017908d1_8k.htm
0001558370-20-004422,0001597264,Blueprint Medicines Corp  (BPMC)  (CIK 0001597264),BPMC,release_text,2020-04-28,2020-04-28T07:11:24,acceptance_time,2020-04-28,avapritinib,3,gastrointestinal stromal tumor,VOYAGER,NCT03465722,54027009,2020-02-13,https://www.sec.gov/Archives/edgar/data/1597264/000155837020004422/bpmc-20200428x8k.htm
0001628280-20-005682,0001213037,"Trovagene, Inc.  (CRDF)  (CIK 0001213037)",TROV,release_text,2020-04-28,2020-04-28T12:22:34,acceptance_time,2020-04-28,onvansertib,1b/2,KRAS-mutated metastatic colorectal cancer,,,10209587,2020-02-27,https://www.sec.gov/Archives/edgar/data/1213037/000162828020005682/trov8-k042820.htm
0001104659-20-056292,0001133869,"CAPRICOR THERAPEUTICS, INC.  (CAPR)  (CIK 0001133869)",CAPR,release_text,2020-04-29,2020-05-04T17:15:38,release_date_only,2020-04-30,CAP-1002,,COVID-19,,,8908506,2020-03-27,https://www.sec.gov/Archives/edgar/data/1133869/000110465920056292/tm2018342d1_ex99-1.htm
0001564590-20-020629,0001564824,Allakos Inc.  (ALLK)  (CIK 0001564824),ALLK,release_text,2020-05-04,2020-05-04T08:06:13,acceptance_time,2020-05-04,antolimab (AK002),2,eosinophilic gastritis and/or eosinophilic duodenitis,ENIGMA,,48708305,2020-02-25,https://www.sec.gov/Archives/edgar/data/1564824/000156459020020629/allk-ex991_6.htm
0001558370-20-005097,0001001316,"TG THERAPEUTICS, INC.  (TGTX)  (CIK 0001001316)",TGTX,release_text,2020-05-05,2020-05-05T07:30:48,acceptance_time,2020-05-05,umbralisib and ublituximab (U2),3,chronic lymphocytic leukemia,UNITY-CLL,,109401184,2020-03-02,https://www.sec.gov/Archives/edgar/data/1001316/000155837020005097/tgtx-20200505x8k.htm
0001104659-20-057195,0001633070,Axcella Health Inc.  (CIK 0001633070),AXLA,release_text,2020-05-06,2020-05-06T08:09:00,acceptance_time,2020-05-06,AXA1125,,NAFLD,AXA1125-003,,23188816,2020-03-23,https://www.sec.gov/Archives/edgar/data/1633070/000110465920057195/tm2018731-1_8k.htm
0001104659-20-058140,0001377121,"Protagonist Therapeutics, Inc  (PTGX)  (CIK 0001377121)",PTGX,release_text,2020-05-07,2020-05-07T16:34:08,acceptance_time,2020-05-08,PTG-300,2,polycythemia vera,,NCT04057040,27434705,2020-05-07,https://www.sec.gov/Archives/edgar/data/1377121/000110465920058140/tm2018917-1_8k.htm
0001564590-20-023891,0001552451,"MyoKardia, Inc.  (CIK 0001552451)",MYOK,release_text,2020-05-11,2020-05-11T09:26:57,acceptance_time,2020-05-11,mavacamten,3,obstructive hypertrophic cardiomyopathy,EXPLORER-HCM,NCT03470545,46680808,2020-05-06,https://www.sec.gov/Archives/edgar/data/1552451/000156459020023891/myok-8k_20200511.htm
0001628280-20-007282,0001720725,"Oyster Point Pharma, Inc.  (CIK 0001720725)",OYST,release_text,2020-05-11,2020-05-11T06:10:51,acceptance_time,2020-05-11,OC-01 nasal spray,3,dry eye disease,ONSET-2,,21366950,2020-02-27,https://www.sec.gov/Archives/edgar/data/1720725/000162828020007282/a2020-05x11xxoystxxpos.htm
0001193125-20-142266,0001711279,"Krystal Biotech, Inc.  (KRYS)  (CIK 0001711279)",KRYS,release_text,2020-05-14,2020-05-14T08:05:56,acceptance_time,2020-05-14,KB105,1/2,autosomal recessive congenital ichthyosis,,,17385809,2020-05-04,https://www.sec.gov/Archives/edgar/data/1711279/000119312520142266/d930814d8k.htm
0001193125-20-141786,0001655759,"ARVINAS, INC.  (ARVN)  (CIK 0001655759)",ARVN,release_text,2020-05-13,2020-05-13T17:55:55,acceptance_time,2020-05-14,ARV-110,1/2,metastatic castration-resistant prostate cancer,,,39149567,2020-04-28,https://www.sec.gov/Archives/edgar/data/1655759/000119312520141786/d905925d8k.htm
0001564590-20-025288,0001674416,CRISPR Therapeutics AG  (CRSP)  (CIK 0001674416),CRSP,release_text,2020-05-14,2020-05-14T09:11:38,acceptance_time,2020-05-14,CTX001,1/2,severe hemoglobinopathies,CLIMB-111 and CLIMB-121,,61017707,2020-04-28,https://www.sec.gov/Archives/edgar/data/1674416/000156459020025288/crsp-8k_20200514.htm
0001193125-20-141629,0001734517,"Viela Bio, Inc.  (CIK 0001734517)",VIE,release_text,2020-05-13,2020-05-13T16:25:32,acceptance_time,2020-05-14,VIB7734,1b,cutaneous lupus erythematosus,,,50997300,2020-05-13,https://www.sec.gov/Archives/edgar/data/1734517/000119312520141629/d928595dex992.htm
0001564590-20-025280,0001394319,"Tracon Pharmaceuticals, Inc.  (TCON)  (CIK 0001394319)",TCON,release_text,2020-05-14,2020-05-14T08:40:07,acceptance_time,2020-05-14,envafolimab,2,MSI-H/dMMR cancer,,,5500388,2020-05-13,https://www.sec.gov/Archives/edgar/data/1394319/000156459020025280/tcon-8k_20200514.htm
0001171843-20-003755,0001069530,CASSAVA SCIENCES INC  (SAVA)  (CIK 0001069530),SAVA,release_text,2020-05-15,2020-05-15T08:20:23,acceptance_time,2020-05-15,PTI-125,2b,Alzheimer’s disease,,,,,https://www.sec.gov/Archives/edgar/data/1069530/000117184320003755/exh_991.htm
0001564590-20-025642,0001515673,Ultragenyx Pharmaceutical Inc.  (RARE)  (CIK 0001515673),RARE,release_text,2020-05-15,2020-05-15T08:25:40,acceptance_time,2020-05-15,DTX401,1/2,glycogen storage disease type Ia,,,59749189,2020-05-07,https://www.sec.gov/Archives/edgar/data/1515673/000156459020025642/rare-8k_20200515.htm
0001193125-20-143480,0001668243,UroGen Pharma Ltd.  (URGN)  (CIK 0001668243),URGN,release_text,2020-05-15,2020-05-15T09:17:40,acceptance_time,2020-05-15,UGN-102,2b,low-grade intermediate risk non-muscle invasive bladder cancer,OPTIMA II,,21935131,2020-05-07,https://www.sec.gov/Archives/edgar/data/1668243/000119312520143480/d931056d8k.htm
0001564590-20-025616,0001748907,Orchard Therapeutics plc  (CIK 0001748907),ORTX,release_text,2020-05-15,2020-05-15T06:03:43,acceptance_time,2020-05-15,OTL-203,,mucopolysaccharidosis type I,,,97263817,2020-05-07,https://www.sec.gov/Archives/edgar/data/1748907/000156459020025616/ortx-8k_20200515.htm
0001193125-20-144575,0001340652,"ChemoCentryx, Inc.  (CIK 0001340652)",CCXI,release_text,2020-05-18,2020-05-18T08:31:02,acceptance_time,2020-05-18,CCX140,2,Focal Segmental Glomerulosclerosis,LUMINA-1,,61854015,2020-05-11,https://www.sec.gov/Archives/edgar/data/1340652/000119312520144575/d934428d8k.htm
0001193125-20-144533,0001682852,"Moderna, Inc.  (MRNA)  (CIK 0001682852)",MRNA,release_text,2020-05-18,2020-05-18T07:37:13,acceptance_time,2020-05-18,mRNA-1273,1,novel coronavirus,,,371223865,2020-05-07,https://www.sec.gov/Archives/edgar/data/1682852/000119312520144533/d918307d8k.htm
0001437749-20-011152,0000835887,PROGENICS PHARMACEUTICALS INC  (CIK 0000835887),PGNX,release_text,2020-05-18,2020-05-18T16:01:47,acceptance_time,2020-05-19,PyL,3,prostate cancer,CONDOR,,86596633,2020-05-07,https://www.sec.gov/Archives/edgar/data/835887/000143774920011152/ex_187194.htm
0001564590-20-026822,0001082038,DURECT CORP  (DRRX)  (CIK 0001082038),DRRX,release_text,2020-05-26,2020-05-26T09:00:38,acceptance_time,2020-05-26,DUR-928,1b,nonalcoholic steatohepatitis,,,196024597,2020-05-11,https://www.sec.gov/Archives/edgar/data/1082038/000156459020026822/drrx-8k_20200526.htm
0001104659-20-066085,0001621443,"Zynerba Pharmaceuticals, Inc.  (CIK 0001621443)",ZYNE,release_text,2020-05-27,2020-05-27T07:10:33,acceptance_time,2020-05-27,Zygel,2,Autism Spectrum Disorder,BRIGHT,,24950608,2020-05-11,https://www.sec.gov/Archives/edgar/data/1621443/000110465920066085/tm2020909-2_8k.htm
0001104659-20-066071,0001442836,"Mersana Therapeutics, Inc.  (MRSN)  (CIK 0001442836)",MRSN,release_text,2020-05-27,2020-05-27T06:30:16,acceptance_time,2020-05-27,XMT-1536,1,ovarian cancer and non-small cell lung (NSCLC) adenocarcinoma,,,58949470,2020-05-08,https://www.sec.gov/Archives/edgar/data/1442836/000110465920066071/tm2021017-1_8k.htm
0001628280-20-008589,0001213037,"Cardiff Oncology, Inc.  (CRDF)  (CIK 0001213037)",CRDF,release_text,2020-05-29,2020-05-29T12:00:24,acceptance_time,2020-05-29,onvansertib,1b/2,KRAS-mutated metastatic colorectal cancer,,NCT03303339;NCT03414034;NCT03829410,12303274,2020-05-07,https://www.sec.gov/Archives/edgar/data/1213037/000162828020008589/a991crdf052920.htm
0001553350-20-000496,0001476963,"HEAT BIOLOGICS, INC.  (SCPX)  (CIK 0001476963)",,missing,2020-05-29,2020-05-29T08:05:33,acceptance_time,2020-05-29,HS-110,2,non-small lung cancer,,,84669308,2020-05-15,https://www.sec.gov/Archives/edgar/data/1476963/000155335020000496/htbx_8k.htm
0001193125-20-155943,0001501989,"CytomX Therapeutics, Inc.  (CTMX)  (CIK 0001501989)",CTMX,release_text,2020-05-29,2020-05-29T17:10:46,acceptance_time,2020-06-01,CX-2029,1,advanced solid tumors,,,45923205,2020-05-07,https://www.sec.gov/Archives/edgar/data/1501989/000119312520155943/d937969d8k.htm
0001193125-20-155824,0001598646,"Minerva Neurosciences, Inc.  (NERV)  (CIK 0001598646)",NERV,release_text,2020-05-29,2020-05-29T16:24:02,acceptance_time,2020-06-01,roluperidone,3,schizophrenia,,,39219134,2020-05-04,https://www.sec.gov/Archives/edgar/data/1598646/000119312520155824/d935488dex991.htm
0001193125-20-155683,0001708493,"Harpoon Therapeutics, Inc.  (CIK 0001708493)",HARP,release_text,2020-05-29,2020-05-29T16:03:21,acceptance_time,2020-06-01,HPN424,1,metastatic castration-resistant prostate cancer,,NCT03577028,24997916,2020-05-06,https://www.sec.gov/Archives/edgar/data/1708493/000119312520155683/d937921d8k.htm
0001193125-20-156631,0001420565,AILERON THERAPEUTICS INC  (ALRN)  (CIK 0001420565),RNTX,sec_current,,2020-06-01T08:40:03,acceptance_time,2020-06-01,ALRN-6924,1b,Small Cell Lung Cancer,,,29086467,2020-05-11,https://www.sec.gov/Archives/edgar/data/1420565/000119312520156631/d830738d8k.htm
0001654954-20-006219,0000034956,"TENAX THERAPEUTICS, INC.  (TENX)  (CIK 0000034956)",TENX,release_text,2020-06-02,2020-06-02T08:33:23,acceptance_time,2020-06-02,levosimendan,2,pulmonary hypertension and heart failure with preserved ejection fraction (PH-HFpEF),,,9218556,2020-05-15,https://www.sec.gov/Archives/edgar/data/34956/000165495420006219/tenx_8k.htm
0001104659-20-068688,0000861838,"IDERA PHARMACEUTICALS, INC.  (CIK 0000861838)",IDRA,release_text,2020-06-02,2020-06-02T08:33:33,acceptance_time,2020-06-02,tilsotolimod,2,micro-satellite stable colorectal cancer (MSS-CRC),ILLUMINATE-206,,33702854,2020-04-30,https://www.sec.gov/Archives/edgar/data/861838/000110465920068688/tm2021558d1_8k.htm
0001104659-20-068678,0001566044,Menlo Therapeutics Inc.  (VYNE)  (CIK 0001566044),MNLO,release_text,2020-06-02,2020-06-02T08:16:27,acceptance_time,2020-06-02,FCD105,2,moderate-to-severe acne vulgaris,FX2016-40,,136257130,2020-05-11,https://www.sec.gov/Archives/edgar/data/1566044/000110465920068678/tm2021357-2_8k.htm
0001193125-20-158937,0001659323,Iterum Therapeutics plc  (ITRM)  (CIK 0001659323),ITRM,release_text,2020-06-01,2020-06-02T21:57:56,release_date_only,2020-06-02,sulopenem,3,complicated urinary tract infection (cUTI),SURE 2,,14868973,2020-05-14,https://www.sec.gov/Archives/edgar/data/1659323/000119312520158937/d936467d8k.htm
0001564590-20-028307,0000818033,"HERON THERAPEUTICS, INC. /DE/  (HRTX)  (CIK 0000818033)",HRTX,release_text,2020-06-04,2020-06-04T09:14:21,acceptance_time,2020-06-04,HTX-011,2b,primary unilateral total knee arthroplasty,Study 209,,90642154,2020-05-06,https://www.sec.gov/Archives/edgar/data/818033/000156459020028307/hrtx-ex991_15.htm
0001193125-20-167090,0001510487,Principia Biopharma Inc.  (CIK 0001510487),PRNB,release_text,2020-06-12,2020-06-12T06:10:24,acceptance_time,2020-06-12,rilzabrutinib,1/2,immune thrombocytopenia,,,33040758,2020-05-06,https://www.sec.gov/Archives/edgar/data/1510487/000119312520167090/d940036d8k.htm
0001171843-20-004335,0000882361,Aptose Biosciences Inc.  (APTO)  (CIK 0000882361),APTO,release_text,2020-06-12,2020-06-12T07:02:12,acceptance_time,2020-06-12,CG-806,1a/b,relapsed or refractory chronic lymphocytic leukemia / small lymphocytic lymphoma or non-Hodgkin’s lymphoma,,,76273719,2020-05-05,https://www.sec.gov/Archives/edgar/data/882361/000117184320004335/exh_991.htm
0001293971-20-000039,0001293971,"bluebird bio, Inc.  (BLUE)  (CIK 0001293971)",BLUE,release_text,2020-06-12,2020-06-12T06:23:18,acceptance_time,2020-06-12,LentiGlobin,1/2,sickle cell disease,HGB-206,NCT02633943,55652110,2020-05-11,https://www.sec.gov/Archives/edgar/data/1293971/000129397120000039/blue-20200612.htm
0001104659-20-073142,0001235010,MOMENTA PHARMACEUTICALS INC  (CIK 0001235010),MNTA,release_text,2020-06-15,2020-06-15T07:07:38,acceptance_time,2020-06-15,nipocalimab (M281),2,generalized myasthenia gravis (gMG),Vivacity-MG,,117708303,2020-05-07,https://www.sec.gov/Archives/edgar/data/1235010/000110465920073142/tm2022594d1_8k.htm
0001410939-20-000028,0001410939,"IVERIC bio, Inc.  (CIK 0001410939)",ISEE,release_text,2020-06-15,2020-06-15T06:19:44,acceptance_time,2020-06-15,Zimura (avacincaptad pegol),3,geographic atrophy (GA) secondary to age-related macular degeneration,OPH2003,,50255898,2020-05-07,https://www.sec.gov/Archives/edgar/data/1410939/000141093920000028/a8-kx2020clinicaltrial.htm
0001193125-20-171977,0001001233,"SANGAMO THERAPEUTICS, INC  (SGMO)  (CIK 0001001233)",SGMO,release_text,2020-06-18,2020-06-18T09:26:43,acceptance_time,2020-06-18,giroctocogene fitelparvovec (SB-525),1/2,severe hemophilia A,Alta,NCT03587116;NCT04370054,140883058,2020-05-11,https://www.sec.gov/Archives/edgar/data/1001233/000119312520171977/d911209d8k.htm
0001104659-20-075441,0001760542,HOOKIPA Pharma Inc.  (HOOK)  (CIK 0001760542),HOOK,release_text,2020-06-22,2020-06-22T07:24:27,acceptance_time,2020-06-22,HB-101,2,Cytomegalovirus (CMV),,NCT03629080,21588756,2019-08-12,https://www.sec.gov/Archives/edgar/data/1760542/000110465920075441/tm2022943d2_ex99-1.htm
0001104659-20-075618,0001614067,"Aridis Pharmaceuticals, Inc.  (ARDS)  (CIK 0001614067)",ARDS,release_text,2020-06-22,2020-06-22T16:00:51,acceptance_time,2020-06-23,AR-501,1/2a,chronic lung infections in patients with cystic fibrosis,,NCT03669614,8923374,2020-05-12,https://www.sec.gov/Archives/edgar/data/1614067/000110465920075618/a20-23146_18k.htm
0001104659-20-077701,0001730430,"Kiniksa Pharmaceuticals, Ltd.  (KNSA)  (CIK 0001730430)",KNSA,release_text,2020-06-29,2020-06-29T07:18:55,acceptance_time,2020-06-29,rilonacept,3,recurrent pericarditis,RHAPSODY,NCT03737110,,,https://www.sec.gov/Archives/edgar/data/1730430/000110465920077701/tm2023613d3_ex99-1.htm
0001564590-20-030909,0001659323,Iterum Therapeutics plc  (ITRM)  (CIK 0001659323),ITRM,release_text,2020-06-29,2020-06-29T07:45:03,acceptance_time,2020-06-29,oral sulopenem,3,Uncomplicated Urinary Tract Infections,SURE1,,14868973,2020-05-14,https://www.sec.gov/Archives/edgar/data/1659323/000156459020030909/itrm-8k_20200629.htm
0000950123-20-006465,0001567514,"Intra-Cellular Therapies, Inc.  (ITCI)  (CIK 0001567514)",ITCI,release_text,2020-06-29,2020-06-29T09:14:49,acceptance_time,2020-06-29,ITI-214,1/2,chronic systolic heart failure with reduced ejection fraction,ITI-214-104,,66450525,2020-05-07,https://www.sec.gov/Archives/edgar/data/1567514/000095012320006465/d854144d8k.htm
0001193125-20-182690,0001060736,SEATTLE GENETICS INC /WA  (CIK 0001060736),SGEN,release_text,2020-06-29,2020-06-29T19:02:31,acceptance_time,2020-06-30,tisotumab vedotin,2,recurrent or metastatic cervical cancer,innovaTV 204,,173101783,2020-04-30,https://www.sec.gov/Archives/edgar/data/1060736/000119312520182690/d935413d8k.htm
0001104659-20-078403,0001621443,"Zynerba Pharmaceuticals, Inc.  (CIK 0001621443)",ZYNE,release_text,2020-06-30,2020-06-30T06:50:34,acceptance_time,2020-06-30,Zygel,,Fragile X syndrome,CONNECT-FX,,24950608,2020-05-11,https://www.sec.gov/Archives/edgar/data/1621443/000110465920078403/tm2023748d1_8k.htm
0001104659-20-078983,0001744659,"Akero Therapeutics, Inc.  (AKRO)  (CIK 0001744659)",AKRO,release_text,2020-06-30,2020-06-30T16:16:09,acceptance_time,2020-07-01,efruxifermin,2a,nonalcoholic steatohepatitis,BALANCED,,28673644,2020-05-13,https://www.sec.gov/Archives/edgar/data/1744659/000110465920078983/tm2023767-1_8k.htm
0001193125-20-185881,0001262104,"MEI Pharma, Inc.  (MEIP)  (CIK 0001262104)",MEIP,release_text,2020-07-02,2020-07-02T07:31:59,acceptance_time,2020-07-02,pracinostat,3,acute myeloid leukemia,,,105998677,2020-05-07,https://www.sec.gov/Archives/edgar/data/1262104/000119312520185881/d948494d8k.htm
0001193125-20-187842,0001493566,"OTONOMY, INC.  (CIK 0001493566)",OTIC,release_text,2020-07-06,2020-07-06T16:14:00,acceptance_time,2020-07-07,OTO-313,1/2,tinnitus,,,30867961,2020-05-07,https://www.sec.gov/Archives/edgar/data/1493566/000119312520187842/d946817dex991.htm
0001493152-20-013133,0000749647,Celsion CORP  (IMNN)  (CIK 0000749647),CLSN,release_text,2020-07-13,2020-07-13T09:01:45,acceptance_time,2020-07-13,ThermoDox,3,hepatocellular carcinoma,OPTIMA,,29257101,2020-05-15,https://www.sec.gov/Archives/edgar/data/749647/000149315220013133/ex99-1.htm
0001193125-20-191424,0001746466,"Equillium, Inc.  (EQ)  (CIK 0001746466)",EQ,release_text,2020-07-13,2020-07-13T06:05:12,acceptance_time,2020-07-13,itolizumab,,COVID-19,,,17683965,2020-05-13,https://www.sec.gov/Archives/edgar/data/1746466/000119312520191424/d39771dex991.htm
0001104659-20-083106,0001661059,"NextCure, Inc.  (NXTC)  (CIK 0001661059)",NXTC,release_text,2020-07-13,2020-07-13T16:28:06,acceptance_time,2020-07-14,NC318,2,cancer,,,27517371,2020-05-07,https://www.sec.gov/Archives/edgar/data/1661059/000110465920083106/tm2022427d2_ex99-1.htm
0001213900-20-017343,0001711754,"Inmune Bio, Inc.  (INMB)  (CIK 0001711754)",INMB,release_text,2020-07-13,2020-07-13T16:18:59,acceptance_time,2020-07-14,XPro1595,1b,Alzheimer’s disease,,NCT03943264,10820653,2020-05-14,https://www.sec.gov/Archives/edgar/data/1711754/000121390020017343/ea124121-8k_inmunebio.htm
0001104659-20-084302,0001735438,MeiraGTx Holdings plc  (MGTX)  (CIK 0001735438),MGTX,release_text,2020-07-17,2020-07-17T08:30:19,acceptance_time,2020-07-17,AAV-RPGR,1/2,X-linked retinitis pigmentosa,MGT009,NCT03252847,37362416,2020-05-07,https://www.sec.gov/Archives/edgar/data/1735438/000110465920084302/tm2025047-1_8k.htm
0001104659-20-086817,0001720893,"BioXcel Therapeutics, Inc.  (BTAI)  (CIK 0001720893)",BTAI,release_text,2020-07-20,2020-07-27T16:02:13,release_date_only,2020-07-21,BXCL501,,schizophrenia and bipolar disorder,SERENITY I and SERENITY II,,20211296,2020-05-12,https://www.sec.gov/Archives/edgar/data/1720893/000110465920086817/tm2025144d1_8k.htm
0001104659-20-085264,0001279704,"Cellectar Biosciences, Inc.  (CLRB)  (CIK 0001279704)",CLRB,release_text,2020-07-21,2020-07-21T16:02:45,acceptance_time,2020-07-22,CLR 131,2,Relapsed or Refractory lymphoplasmacytic lymphoma (LPL)/Waldenstrom’s Macroglobulinemia (WM),CLOVER-1,NCT02952508,9396015,2020-05-07,https://www.sec.gov/Archives/edgar/data/1279704/000110465920085264/tm2025271d1_8k.htm
0001564590-20-033133,0001513818,"Aravive, Inc.  (CIK 0001513818)",ARAV,release_text,2020-07-23,2020-07-23T07:05:27,acceptance_time,2020-07-23,AVB-500,1b,platinum resistant ovarian cancer,,NCT00976911,15948686,2020-05-06,https://www.sec.gov/Archives/edgar/data/1513818/000156459020033133/arav-8k_20200723.htm
0001493152-20-013922,0001076682,"POLARITYTE, INC.  (RGTPQ)  (CIK 0001076682)",PTE,release_text,2020-07-24,2020-07-24T08:00:07,acceptance_time,2020-07-24,SkinTE,,Diabetic Foot Ulcers,NCT03881254,NCT03881254,38463599,2020-05-11,https://www.sec.gov/Archives/edgar/data/1076682/000149315220013922/ex99-1.htm
0001193125-20-199067,0001337553,AERIE PHARMACEUTICALS INC  (CIK 0001337553),AERI,release_text,2020-07-27,2020-07-27T06:42:01,acceptance_time,2020-07-27,AR-1105,2,macular edema associated with retinal vein occlusion,AR-1105-CS201,,46468255,2020-05-07,https://www.sec.gov/Archives/edgar/data/1337553/000119312520199067/d97408d8k.htm
0001193125-20-199118,0001750019,TCR2 THERAPEUTICS INC.  (CIK 0001750019),TCRR,release_text,2020-07-26,2020-07-27T07:40:36,release_date_only,2020-07-27,TC-210,1,mesothelin-expressing solid tumors,TC-210 Phase 1/2 clinical trial,NCT03907852,24075917,2020-05-14,https://www.sec.gov/Archives/edgar/data/1750019/000119312520199118/d931658d8k.htm
0001193125-20-199685,0000831547,SPECTRUM PHARMACEUTICALS INC  (CIK 0000831547),SPPI,release_text,2020-07-27,2020-07-27T16:20:02,acceptance_time,2020-07-28,poziotinib,2,non-small cell lung cancer,ZENITH20,,116468472,2020-05-07,https://www.sec.gov/Archives/edgar/data/831547/000119312520199685/d38176d8k.htm
0001457612-20-000127,0001457612,"GENOCEA BIOSCIENCES, INC.  (CIK 0001457612)",,missing,2020-07-30,2020-07-30T08:50:30,acceptance_time,2020-07-30,GEN-009,1/2a,,,,29964496,2020-07-23,https://www.sec.gov/Archives/edgar/data/1457612/000145761220000127/gnca-20200730.htm
0001628280-20-011353,0001787306,"Arcutis Biotherapeutics, Inc.  (ARQT)  (CIK 0001787306)",ARQT,release_text,2020-07-31,2020-07-31T16:05:20,acceptance_time,2020-08-03,ARQ-151 (topical roflumilast cream),2,plaque psoriasis,,,38154550,2020-05-12,https://www.sec.gov/Archives/edgar/data/1787306/000162828020011353/arcutis-exhibit991202c.htm
0001193805-20-000918,0001280776,"IMMUNIC, INC.  (IMUX)  (CIK 0001280776)",IMUX,release_text,2020-08-02,2020-08-03T06:58:33,release_date_only,2020-08-03,IMU-838,2,relapsing-remitting multiple sclerosis,EMPhASIS,,12793340,2020-05-08,https://www.sec.gov/Archives/edgar/data/1280776/000119380520000918/e619816_8k-immunic.htm
0001664710-20-000019,0001664710,"Keros Therapeutics, Inc.  (KROS)  (CIK 0001664710)",KROS,release_text,2020-08-04,2020-08-04T08:32:19,acceptance_time,2020-08-04,KER-047,1,anemias due to elevated levels of hepcidin and in fibrodysplasia ossificans progressiva,,,20148663,2020-05-22,https://www.sec.gov/Archives/edgar/data/1664710/000166471020000019/exhibit991047pr.htm
0001193125-20-208124,0001771917,"Karuna Therapeutics, Inc.  (CIK 0001771917)",KRTX,release_text,2020-08-03,2020-08-03T16:36:59,acceptance_time,2020-08-04,KarXT,1b,experimentally induced pain,KAR-020,,26130120,2020-05-07,https://www.sec.gov/Archives/edgar/data/1771917/000119312520208124/d802568dex991.htm
0001070081-20-000130,0001070081,"PTC THERAPEUTICS, INC.  (PTCT)  (CIK 0001070081)",PTCT,release_text,2020-08-07,2020-08-07T15:02:25,acceptance_time,2020-08-07,Evrysdi (risdiplam),,spinal muscular atrophy,FIREFISH and SUNFISH,NCT02908685;NCT02913482;NCT03032172;NCT03779334,67703214,2020-08-05,https://www.sec.gov/Archives/edgar/data/1070081/000107008120000130/ptctrisdiplamfdaapprov.htm
0001193125-20-214096,0001609809,"Seres Therapeutics, Inc.  (MCRB)  (CIK 0001609809)",MCRB,sec_current,2020-08-10,2020-08-10T07:31:01,acceptance_time,2020-08-10,SER-109,3,recurrent C. difficile infection,ECOSPOR III,,76258531,2020-07-28,https://www.sec.gov/Archives/edgar/data/1609809/000119312520214096/d907702d8k.htm
0001654954-20-008881,0001604191,"AzurRx BioPharma, Inc.  (ENTO)  (CIK 0001604191)",AZRX,release_text,2020-08-11,2020-08-11T17:22:48,acceptance_time,2020-08-12,MS1819,2,severe exocrine pancreatic insufficiency,,NCT04302662,28202850,2020-05-15,https://www.sec.gov/Archives/edgar/data/1604191/000165495420008881/azrx8k_aug112020.htm
0001193125-20-222493,0001463361,"Unity Biotechnology, Inc.  (UBX)  (CIK 0001463361)",UBX,release_text,2020-08-17,2020-08-17T16:45:55,acceptance_time,2020-08-18,UBX0101,2,painful osteoarthritis of the knee,,NCT04129944,52040018,2020-07-31,https://www.sec.gov/Archives/edgar/data/1463361/000119312520222493/d28349d8k.htm
0001104659-20-096568,0001322505,"ALBIREO PHARMA, INC.  (CIK 0001322505)",ALBO,release_text,2020-08-18,2020-08-18T16:56:40,acceptance_time,2020-08-19,elobixibat,2,nonalcoholic fatty liver disease and nonalcoholic steatohepatitis,,,14990711,2020-08-06,https://www.sec.gov/Archives/edgar/data/1322505/000110465920096568/tm2028898-1_8k.htm
0001193125-20-223727,0001347178,Vanda Pharmaceuticals Inc.  (VNDA)  (CIK 0001347178),VNDA,release_text,2020-08-18,2020-08-18T17:18:32,acceptance_time,2020-08-19,tradipitant,3,COVID-19 pneumonia,ODYSSEY,,54651399,2020-08-06,https://www.sec.gov/Archives/edgar/data/1347178/000119312520223727/d89375dex991.htm
0001104659-20-097780,0001130598,"Onconova Therapeutics, Inc.  (TRAW)  (CIK 0001130598)",ONTX,release_text,2020-08-24,2020-08-24T07:55:52,acceptance_time,2020-08-24,IV rigosertib,3,higher-risk myelodysplastic syndromes (HR-MDS),INSPIRE,NCT02562443,179653648,2020-08-12,https://www.sec.gov/Archives/edgar/data/1130598/000110465920097780/tm2029247d1_8k.htm
0001193125-20-229289,0001764013,"Immunovant, Inc.  (IMVT)  (CIK 0001764013)",IMVT,release_text,2020-08-25,2020-08-25T09:07:32,acceptance_time,2020-08-25,IMVT-1401,2a,myasthenia gravis,ASCEND MG,,81811727,2020-08-12,https://www.sec.gov/Archives/edgar/data/1764013/000119312520229289/d904718d8k.htm
0001564590-20-041044,0001717452,"Odonate Therapeutics, Inc.  (ODTC)  (CIK 0001717452)",ODT,release_text,2020-08-24,2020-08-24T16:01:19,acceptance_time,2020-08-25,tesetaxel,3,metastatic breast cancer,CONTESSA,,32127020,2020-07-30,https://www.sec.gov/Archives/edgar/data/1717452/000156459020041044/odt-8k_20200824.htm
0001564590-20-041092,0001636651,Ovid Therapeutics Inc.  (OVID)  (CIK 0001636651),OVID,release_text,2020-08-25,2020-08-25T07:00:25,acceptance_time,2020-08-25,soticlestat,2,Dravet syndrome or Lennox-Gastaut syndrome,ELEKTRA,,57083037,2020-08-10,https://www.sec.gov/Archives/edgar/data/1636651/000156459020041092/ovid-8k_20200825.htm
0001104659-20-098520,0001649989,"Outlook Therapeutics, Inc.  (OTLK)  (CIK 0001649989)",OTLK,release_text,2020-08-26,2020-08-26T08:10:41,acceptance_time,2020-08-26,ONS-5010 / LYTENAVA™,,wet age-related macular degeneration,NORSE 1,,127183109,2020-08-14,https://www.sec.gov/Archives/edgar/data/1649989/000110465920098520/tm2029439d1_8k.htm
0001193125-20-232097,0001668243,UroGen Pharma Ltd.  (URGN)  (CIK 0001668243),URGN,release_text,2020-08-27,2020-08-27T08:01:32,acceptance_time,2020-08-27,RTGel hydrogel formulation in combination with BOTOX,2,overactive bladder and urinary incontinence,APOLLO,,22023799,2020-08-10,https://www.sec.gov/Archives/edgar/data/1668243/000119312520232097/d79937dex991.htm
0001171843-20-006188,0001444192,Acasti Pharma Inc.  (ACST)  (CIK 0001444192),ACST,release_text,2020-08-31,2020-08-31T16:05:13,acceptance_time,2020-09-01,CaPre,3,severe hypertriglyceridemia,TRILOGY 2,,96892537,2020-08-13,https://www.sec.gov/Archives/edgar/data/1444192/000117184320006188/exh_991.htm
0001564590-20-042073,0001748907,Orchard Therapeutics plc  (CIK 0001748907),ORTX,release_text,2020-09-01,2020-09-01T07:03:23,acceptance_time,2020-09-01,OTL-203,proof-of-concept,mucopolysaccharidosis type I (MPS-I),,,97577100,2020-08-06,https://www.sec.gov/Archives/edgar/data/1748907/000156459020042073/ortx-8k_20200901.htm
0001193125-20-239118,0001517022,"Akebia Therapeutics, Inc.  (AKBA)  (CIK 0001517022)",AKBA,release_text,2020-09-03,2020-09-03T16:55:06,acceptance_time,2020-09-04,vadadustat,3,anemia due to chronic kidney disease,PRO 2 TECT,,143317407,2020-08-10,https://www.sec.gov/Archives/edgar/data/1517022/000119312520239118/d929509d8k.htm
0001104659-20-102795,0001322505,"ALBIREO PHARMA, INC.  (CIK 0001322505)",ALBO,release_text,2020-09-08,2020-09-08T06:40:55,acceptance_time,2020-09-08,odevixibat,3,progressive familial intrahepatic cholestasis (PFIC),PEDFIC 1,NCT03566238;NCT03659916;NCT04336722,14990711,2020-08-06,https://www.sec.gov/Archives/edgar/data/1322505/000110465920102795/tm2030337d3_8k.htm
0001493152-20-017365,0001595097,"Corbus Pharmaceuticals Holdings, Inc.  (CRBP)  (CIK 0001595097)",CRBP,release_text,2020-09-08,2020-09-08T08:15:54,acceptance_time,2020-09-08,lenabasum,3,diffuse cutaneous systemic sclerosis (SSc),RESOLVE-1,,81712134,2020-08-31,https://www.sec.gov/Archives/edgar/data/1595097/000149315220017365/ex99-1.htm
0001558370-20-011032,0001634432,Strongbridge Biopharma plc  (CIK 0001634432),SBBP,release_text,2020-09-08,2020-09-08T09:15:53,acceptance_time,2020-09-08,RECORLEV (levoketoconazole),3,endogenous Cushing’s syndrome,LOGICS,,54355957,2020-08-04,https://www.sec.gov/Archives/edgar/data/1634432/000155837020011032/sbbp-20200908x8k.htm
0001193125-20-241518,0001567514,"Intra-Cellular Therapies, Inc.  (ITCI)  (CIK 0001567514)",ITCI,release_text,2020-09-09,2020-09-09T07:13:58,acceptance_time,2020-09-09,lumateperone,3,bipolar depression,Study 402,,67306099,2020-08-10,https://www.sec.gov/Archives/edgar/data/1567514/000119312520241518/d54593d8k.htm
0001193125-20-242667,0001375151,"ZOGENIX, INC.  (CIK 0001375151)",ZGNX,release_text,2020-09-10,2020-09-10T08:06:03,acceptance_time,2020-09-10,FINTEPLA,3,seizures associated with Dravet syndrome,Study 3,,55447840,2020-08-06,https://www.sec.gov/Archives/edgar/data/1375151/000119312520242667/d25064d8k.htm
0001193125-20-243159,0001692830,"Satsuma Pharmaceuticals, Inc.  (CIK 0001692830)",STSA,release_text,2020-09-10,2020-09-10T16:40:29,acceptance_time,2020-09-11,STS101,3,migraine,EMERGE,,17409162,2020-08-11,https://www.sec.gov/Archives/edgar/data/1692830/000119312520243159/d119300d8k.htm
0001104659-20-104587,0001579428,"Axsome Therapeutics, Inc.  (AXSM)  (CIK 0001579428)",AXSM,release_text,2020-09-14,2020-09-14T07:05:13,acceptance_time,2020-09-14,AXS-05,3,major depressive disorder,GEMINI,,37284266,2020-08-10,https://www.sec.gov/Archives/edgar/data/1579428/000110465920104587/tm2030760d1_ex99-1.htm
0001104659-20-104915,0001267813,MARINUS PHARMACEUTICALS INC  (MRNS)  (CIK 0001267813),MRNS,release_text,2020-09-14,2020-09-14T17:17:51,acceptance_time,2020-09-15,ganaxolone,3,CDKL5 deficiency disorder,Marigold Study,,122194683,2020-08-06,https://www.sec.gov/Archives/edgar/data/1267813/000110465920104915/tm2030376d2_8k.htm
0001193125-20-245262,0001785173,"89bio, Inc.  (ETNB)  (CIK 0001785173)",ETNB,release_text,2020-09-14,2020-09-14T16:56:02,acceptance_time,2020-09-15,BIO89-100,1b/2a,nonalcoholic steatohepatitis,,,16853852,2020-08-13,https://www.sec.gov/Archives/edgar/data/1785173/000119312520245262/d20544d8k.htm
0001447028-20-000140,0001447028,Arbutus Biopharma Corp  (ABUS)  (CIK 0001447028),ABUS,release_text,2020-09-14,2020-09-15T07:32:05,release_date_only,2020-09-15,AB-729,1a/1b,chronic hepatitis B,AB-729-001,,80909259,2020-08-07,https://www.sec.gov/Archives/edgar/data/1447028/000144702820000140/a2020-09x8kex991pr.htm
0001561743-20-000070,0001561743,"Kindred Biosciences, Inc.  (CIK 0001561743)",KIN,release_text,2020-09-16,2020-09-16T08:12:48,acceptance_time,2020-09-16,KIND-030,,canine parvovirus,,,39368423,2020-08-05,https://www.sec.gov/Archives/edgar/data/1561743/000156174320000070/kin-20200916.htm
0001193125-20-246844,0001661460,"Poseida Therapeutics, Inc.  (PSTX)  (CIK 0001661460)",PSTX,release_text,2020-09-16,2020-09-16T09:46:52,acceptance_time,2020-09-16,P-BCMA-101,1,relapsed/refractory multiple myeloma,,,61819509,2020-08-20,https://www.sec.gov/Archives/edgar/data/1661460/000119312520246844/d48278d8k.htm
0001628280-20-013690,0001213037,"Cardiff Oncology, Inc.  (CRDF)  (CIK 0001213037)",CRDF,release_text,2020-09-17,2020-09-17T11:18:17,acceptance_time,2020-09-17,onvansertib,,KRAS-mutated metastatic colorectal cancer,,NCT03829410,23227893,2020-08-11,https://www.sec.gov/Archives/edgar/data/1213037/000162828020013690/a991ex09172020.htm
0001104659-20-105877,0001651407,"Checkpoint Therapeutics, Inc.  (CKPT)  (CIK 0001651407)",CKPT,release_text,2020-09-17,2020-09-17T06:39:18,acceptance_time,2020-09-17,cosibelimab,1,"advanced cancers, including metastatic cutaneous squamous cell carcinoma",,,50980004,2020-08-06,https://www.sec.gov/Archives/edgar/data/1651407/000110465920105877/tm2031020d1_ex99-1.htm
0001651308-20-000160,0001651308,"BeiGene, Ltd.  (BGNE, BEIGF)  (CIK 0001651308)",BGNE,release_text,2020-09-17,2020-09-21T16:26:07,release_date_only,2020-09-18,tislelizumab and pamiparib,3 and 2,non-squamous non-small cell lung cancer and advanced ovarian cancer,RATIONALE 304,NCT03333915;NCT03663205,1176415671,2020-08-06,https://www.sec.gov/Archives/edgar/data/1651308/000165130820000160/esmo202091720en.htm
0001193125-20-248571,0001060736,SEATTLE GENETICS INC /WA  (CIK 0001060736),SGEN,release_text,2020-09-18,2020-09-18T06:59:01,acceptance_time,2020-09-18,PADCEV,3,locally advanced or metastatic urothelial cancer,EV-301,NCT03474107,173996620,2020-07-31,https://www.sec.gov/Archives/edgar/data/1060736/000119312520248571/d37344d8k.htm
0001583648-20-000053,0001583648,"PIERIS PHARMACEUTICALS, INC.  (PIRS)  (CIK 0001583648)",PVLA,sec_current,,2020-09-21T07:56:27,acceptance_time,2020-09-21,PRS-343,1,HER2-positive malignancies,,NCT03330561;NCT03650348,52398600,2020-08-10,https://www.sec.gov/Archives/edgar/data/1583648/000158364820000053/a200920_esmoslidesxfinal.htm
0001493152-20-018097,0000908259,MATEON THERAPEUTICS INC  (OTLC)  (CIK 0000908259),MATN,release_text,2020-09-21,2020-09-21T19:50:11,acceptance_time,2020-09-22,OT-101,,pancreatic cancer and COVID-19,P001,,89601912,2020-08-14,https://www.sec.gov/Archives/edgar/data/908259/000149315220018097/ex99-2.htm
0001193125-20-250645,0001205922,"VACCINEX, INC.  (VCNX)  (CIK 0001205922)",VCNX,release_text,2020-09-22,2020-09-22T07:40:59,acceptance_time,2020-09-22,pepinemab,2,Huntington’s disease,SIGNAL,,20017248,2020-08-14,https://www.sec.gov/Archives/edgar/data/1205922/000119312520250645/d53921dex991.htm
0001193125-20-252788,0001337553,AERIE PHARMACEUTICALS INC  (CIK 0001337553),AERI,release_text,2020-09-24,2020-09-24T06:41:01,acceptance_time,2020-09-24,Roclanda,3b,open-angle glaucoma or ocular hypertension,Mercury 3,,46514430,2020-08-07,https://www.sec.gov/Archives/edgar/data/1337553/000119312520252788/d32200d8k.htm
0001171843-20-006729,0000882796,BIOCRYST PHARMACEUTICALS INC  (BCRX)  (CIK 0000882796),BCRX,release_text,2020-09-30,2020-09-30T07:10:46,acceptance_time,2020-09-30,BCX9930,,paroxysmal nocturnal hemoglobinuria,,,176565622,2020-08-07,https://www.sec.gov/Archives/edgar/data/882796/000117184320006729/exh_991.htm
0001437749-20-020551,0001659617,"Moleculin Biotech, Inc.  (MBRX)  (CIK 0001659617)",MBRX,release_text,2020-10-01,2020-10-01T07:30:53,acceptance_time,2020-10-01,WP1066,1,diffuse intrinsic pontine glioma (DIPG),,NCT04334863,61704290,2020-08-12,https://www.sec.gov/Archives/edgar/data/1659617/000143774920020551/ex_205512.htm
0001213900-20-030205,0001711754,"Inmune Bio, Inc.  (INMB)  (CIK 0001711754)",INMB,release_text,2020-10-05,2020-10-06T08:28:16,release_date_only,2020-10-06,XPro1595,1b,Alzheimer’s disease,Phase 1b Study in AD Patients with Neuroinflammation,,13447948,2020-08-05,https://www.sec.gov/Archives/edgar/data/1711754/000121390020030205/ea127851ex99-1_inmunebio.htm
0001171843-20-006968,0001061983,CYTOKINETICS INC  (CYTK)  (CIK 0001061983),CYTK,release_text,2020-10-08,2020-10-08T13:21:07,acceptance_time,2020-10-08,omecamtiv mecarbil,3,heart failure with reduced ejection fraction,GALACTIC-HF,,70504701,2020-08-07,https://www.sec.gov/Archives/edgar/data/1061983/000117184320006968/f8k_100820.htm
0001078782-20-000751,0001413754,MARIZYME INC  (MRZM)  (CIK 0001413754),MRZM,release_text,2020-10-09,2020-10-13T11:04:13,release_date_only,2020-10-12,DuraGraft,,coronary artery bypass grafting (CABG),European DuraGraft Registry,NCT02922088,34857980,2020-08-14,https://www.sec.gov/Archives/edgar/data/1413754/000107878220000751/f8k101220_ex99z1.htm
0001370053-20-000053,0001370053,"ANAPTYSBIO, INC  (ANAB)  (CIK 0001370053)",ANAB,release_text,2020-10-13,2020-10-13T09:05:48,acceptance_time,2020-10-13,Imsidolimab,2,Moderate-to-Severe Generalized Pustular Psoriasis,GALLOP,,27303581,2020-08-10,https://www.sec.gov/Archives/edgar/data/1370053/000137005320000053/anab-20201013.htm
0001564590-20-046250,0001728117,"Gossamer Bio, Inc.  (GOSS)  (CIK 0001728117)",GOSS,release_text,2020-10-13,2020-10-13T07:40:25,acceptance_time,2020-10-13,GB001,2b,eosinophilic asthma and chronic rhinosinusitis,LEDA and TITAN,NCT03683576;NCT03956862,75828140,2020-08-11,https://www.sec.gov/Archives/edgar/data/1728117/000156459020046250/goss-8k_20201013.htm
0001193125-20-269018,0001479290,"Revance Therapeutics, Inc.  (RVNC)  (CIK 0001479290)",RVNC,release_text,2020-10-14,2020-10-14T08:13:44,acceptance_time,2020-10-14,DaxibotulinumtoxinA for Injection,3,cervical dystonia,ASPEN-1,,65928296,2020-08-06,https://www.sec.gov/Archives/edgar/data/1479290/000119312520269018/d70190d8k.htm
0001104659-20-114699,0001755237,"Cyclerion Therapeutics, Inc.  (CYCN)  (CIK 0001755237)",CYCN,release_text,2020-10-14,2020-10-14T07:22:54,acceptance_time,2020-10-14,IW-6463,1,age-related cognitive decline and neurodegenerative diseases,,,33920210,2020-08-03,https://www.sec.gov/Archives/edgar/data/1755237/000110465920114699/tm2033102d2_8k.htm
0001193125-20-269865,0001305253,"Eiger BioPharmaceuticals, Inc.  (EIGRQ)  (CIK 0001305253)",EIGR,release_text,2020-10-15,2020-10-15T08:32:55,acceptance_time,2020-10-15,Peginterferon Lambda-1a,,COVID-19,ILIAD Study,,29242967,2020-08-06,https://www.sec.gov/Archives/edgar/data/1305253/000119312520269865/d40700d8k.htm
0001731122-20-001047,0001314052,ANAVEX LIFE SCIENCES CORP.  (AVXL)  (CIK 0001314052),AVXL,release_text,2020-10-15,2020-10-15T07:02:24,acceptance_time,2020-10-15,ANAVEX®2-73 (blarcamesine),2,Parkinson’s disease dementia,ANAVEX®2-73-PDD-001,NCT04575259,60190619,2020-08-06,https://www.sec.gov/Archives/edgar/data/1314052/000173112220001047/e2158_8k.htm
0001558370-20-011478,0001326732,Xencor Inc  (XNCR)  (CIK 0001326732),XNCR,sec_current,,2020-10-14T17:19:15,acceptance_time,2020-10-15,XmAb20717,1,advanced solid tumors,,NCT03517488,57242886,2020-08-05,https://www.sec.gov/Archives/edgar/data/1326732/000155837020011478/xncr-20201014xex99d1.htm
0001104659-20-114973,0001737953,"Replimune Group, Inc.  (REPL)  (CIK 0001737953)",REPL,release_text,2020-10-14,2020-10-14T17:14:02,acceptance_time,2020-10-15,RP2,1,solid tumors,NCT04336241,NCT03767348;NCT04336241,40288329,2020-08-07,https://www.sec.gov/Archives/edgar/data/1737953/000110465920114973/tm2033233d1_8k.htm
0001193125-20-269896,0001597553,"Sage Therapeutics, Inc.  (SAGE)  (CIK 0001597553)",SAGE,release_text,2020-10-15,2020-10-15T09:14:01,acceptance_time,2020-10-15,zuranolone,3,major depressive disorder,SHORELINE Study,,51974269,2020-08-10,https://www.sec.gov/Archives/edgar/data/1597553/000119312520269896/d33596d8k.htm
0001193125-20-272854,0001651431,"Checkmate Pharmaceuticals, Inc.  (CIK 0001651431)",CMPI,release_text,2020-10-15,2020-10-20T16:05:51,release_date_only,2020-10-16,CMP-001,1b,melanoma,,,21546591,2020-09-18,https://www.sec.gov/Archives/edgar/data/1651431/000119312520272854/d68215dex991.htm
0001104659-20-115521,0001722964,"Y-mAbs Therapeutics, Inc.  (YMAB)  (CIK 0001722964)",YMAB,release_text,2020-10-16,2020-10-16T09:53:15,acceptance_time,2020-10-16,naxitamab and omburtamab,2,neuroblastoma,201 and 101,,40014519,2020-08-06,https://www.sec.gov/Archives/edgar/data/1722964/000110465920115521/tm2032563d5_ex99-1.htm
0001104659-20-116255,0001674365,Aptinyx Inc.  (CIK 0001674365),,missing,2020-10-20,2020-10-20T08:00:28,acceptance_time,2020-10-20,NYX-783,2,PTSD,,,46962512,2020-08-13,https://www.sec.gov/Archives/edgar/data/1674365/000110465920116255/tm2033821d2_8k.htm
0001628280-20-014591,0001213037,"Cardiff Oncology, Inc.  (CRDF)  (CIK 0001213037)",CRDF,release_text,2020-10-20,2020-10-20T11:59:37,acceptance_time,2020-10-20,onvansertib,2,metastatic castration-resistant prostate cancer,,NCT03414034,23227893,2020-08-11,https://www.sec.gov/Archives/edgar/data/1213037/000162828020014591/a991ex102020.htm
0001564590-20-047025,0001674416,CRISPR Therapeutics AG  (CRSP)  (CIK 0001674416),CRSP,release_text,2020-10-21,2020-10-21T08:58:30,acceptance_time,2020-10-21,CTX110,1,relapsed or refractory CD19+ B-cell malignancies,CARBON,NCT04035434,70171978,2020-07-27,https://www.sec.gov/Archives/edgar/data/1674416/000156459020047025/crsp-8k_20201021.htm
0001399529-20-000078,0001399529,Dicerna Pharmaceuticals Inc  (CIK 0001399529),DRNA,release_text,2020-10-22,2020-10-22T16:18:54,acceptance_time,2020-10-23,nedosiran,,Primary Hyperoxaluria,PHYOX3,NCT04042402,74459045,2020-08-06,https://www.sec.gov/Archives/edgar/data/1399529/000139952920000078/drna-20201022.htm
0001169245-20-000086,0001169245,PhaseBio Pharmaceuticals Inc  (PHASQ)  (CIK 0001169245),PHAS,release_text,2020-10-23,2020-10-23T08:20:07,acceptance_time,2020-10-23,pemziviptadil (PB1046),,COVID-related ARDS,VANGARD,,29342892,2020-08-11,https://www.sec.gov/Archives/edgar/data/1169245/000116924520000086/ex991-pemziviptadilupd.htm
0001193125-20-275988,0001556263,"Syros Pharmaceuticals, Inc.  (SYRS)  (CIK 0001556263)",SYRS,release_text,2020-10-24,2020-10-26T06:10:54,release_date_only,2020-10-26,SY-5609,1,solid tumors,,NCT04247126,45762169,2020-08-06,https://www.sec.gov/Archives/edgar/data/1556263/000119312520275988/d66093d8k.htm
0001104659-20-117985,0001730430,"Kiniksa Pharmaceuticals, Ltd.  (KNSA)  (CIK 0001730430)",KNSA,release_text,2020-10-26,2020-10-26T08:04:55,acceptance_time,2020-10-26,mavrilimumab,2,giant cell arteritis,,,,,https://www.sec.gov/Archives/edgar/data/1730430/000110465920117985/tm2034235d1_8k.htm
0001493152-20-019917,0000764195,VBI Vaccines Inc/BC  (VBIVQ)  (CIK 0000764195),VBIV,release_text,2020-10-26,2020-10-26T09:34:20,acceptance_time,2020-10-26,Sci-B-Vac,3,hepatitis B,PROTECT and CONSTANT,,231198396,2020-07-31,https://www.sec.gov/Archives/edgar/data/764195/000149315220019917/ex99-1.htm
0001193125-20-276090,0001420565,AILERON THERAPEUTICS INC  (ALRN)  (CIK 0001420565),ALRN,release_text,2020-10-24,2020-10-26T08:01:30,release_date_only,2020-10-26,ALRN-6924,1b,small cell lung cancer,,,39261576,2020-08-05,https://www.sec.gov/Archives/edgar/data/1420565/000119312520276090/d45588d8k.htm
0001104659-20-118204,0001454789,CATABASIS PHARMACEUTICALS INC  (ATXS)  (CIK 0001454789),CATB,release_text,2020-10-26,2020-10-26T17:05:23,acceptance_time,2020-10-27,edasalonexent,3,Duchenne muscular dystrophy,PolarisDMD,,19080769,2020-08-10,https://www.sec.gov/Archives/edgar/data/1454789/000110465920118204/tm2034243-1_8k.htm
0000950170-20-000088,0001515673,Ultragenyx Pharmaceutical Inc.  (RARE)  (CIK 0001515673),RARE,release_text,2020-10-26,2020-10-26T16:11:03,acceptance_time,2020-10-27,GTX-102,1/2,Angelman syndrome,,,60589546,2020-07-30,https://www.sec.gov/Archives/edgar/data/1515673/000095017020000088/rare-20201026-ex99_1.htm
0001157523-20-001347,0001727196,Scholar Rock Holding Corp  (SRRK)  (CIK 0001727196),SRRK,release_text,2020-10-27,2020-10-27T07:00:39,acceptance_time,2020-10-27,SRK-015,2,Spinal Muscular Atrophy,TOPAZ,,29874687,2020-08-07,https://www.sec.gov/Archives/edgar/data/1727196/000115752320001347/a52314353ex99_1.htm
0001193125-20-279883,0001340652,"ChemoCentryx, Inc.  (CIK 0001340652)",CCXI,release_text,2020-10-28,2020-10-28T16:33:02,acceptance_time,2020-10-29,avacopan,2,Hidradenitis Suppurativa,AURORA,,68892493,2020-08-10,https://www.sec.gov/Archives/edgar/data/1340652/000119312520279883/d40485d8k.htm
0001193125-20-281180,0001358403,"BELLICUM PHARMACEUTICALS, INC  (CIK 0001358403)",BLCM,release_text,2020-10-29,2020-10-29T17:15:11,acceptance_time,2020-10-30,BPX-601,1,pancreatic cancer,,,5059779,2020-08-06,https://www.sec.gov/Archives/edgar/data/1358403/000119312520281180/d77141d8k.htm
0001640455-20-000120,0001640455,"Jounce Therapeutics, Inc.  (CIK 0001640455)",JNCE,release_text,2020-11-02,2020-11-02T07:04:54,acceptance_time,2020-11-02,vopratelimab,2,non-small cell lung cancer,EMERGE,,34067918,2020-08-07,https://www.sec.gov/Archives/edgar/data/1640455/000164045520000120/jnce-20201102.htm
0001171843-20-007544,0000882361,Aptose Biosciences Inc.  (APTO)  (CIK 0000882361),APTO,release_text,2020-11-04,2020-11-04T10:31:18,acceptance_time,2020-11-04,CG-806 and APTO-253,1,hematologic malignancies,,,87483719,2020-08-04,https://www.sec.gov/Archives/edgar/data/882361/000117184320007544/exh_991.htm
0001564590-20-050279,0001422143,"Kura Oncology, Inc.  (KURA)  (CIK 0001422143)",KURA,sec_current,,2020-11-04T11:23:46,acceptance_time,2020-11-04,KO-539,1/2A,acute myeloid leukemia,KOMET-001,NCT04067336,56283079,2020-08-06,https://www.sec.gov/Archives/edgar/data/1422143/000156459020050279/kura-8k_20201104.htm
0001564590-20-050215,0001674416,CRISPR Therapeutics AG  (CRSP)  (CIK 0001674416),CRSP,release_text,2020-11-04,2020-11-04T09:14:17,acceptance_time,2020-11-04,CTX001,1/2,severe hemoglobinopathies,CLIMB-111 and CLIMB-121,,70652429,2020-10-28,https://www.sec.gov/Archives/edgar/data/1674416/000156459020050215/crsp-8k_20201104.htm
0001558370-20-012661,0001001316,"TG THERAPEUTICS, INC.  (TGTX)  (CIK 0001001316)",TGTX,release_text,2020-11-04,2020-11-04T20:50:06,acceptance_time,2020-11-05,ublituximab and umbralisib,3,Chronic Lymphocytic Leukemia,UNITY-CLL,,126649205,2020-08-10,https://www.sec.gov/Archives/edgar/data/1001316/000155837020012661/tgtx-20201104xex99d1.htm
0001564590-20-050847,0001748907,Orchard Therapeutics plc  (CIK 0001748907),ORTX,release_text,2020-11-05,2020-11-05T07:03:15,acceptance_time,2020-11-05,OTL-201,,Sanfilippo Syndrome Type A (MPS-IIIA),NCT04201405,NCT04201405,97749444,2020-11-03,https://www.sec.gov/Archives/edgar/data/1748907/000156459020050847/ortx-8k_20201105.htm
0001731122-20-001114,0001314052,ANAVEX LIFE SCIENCES CORP.  (AVXL)  (CIK 0001314052),AVXL,release_text,2020-11-06,2020-11-06T11:15:14,acceptance_time,2020-11-06,ANAVEX®2-73,2,Parkinson’s disease dementia,ANAVEX®2-73-PDD-001,NCT02756858;NCT03758924;NCT03790709;NCT03941444;NCT04304482;NCT04575259,60190619,2020-08-06,https://www.sec.gov/Archives/edgar/data/1314052/000173112220001114/e2201_8-k.htm
0001214659-20-009193,0001293310,"HUMANIGEN, INC  (CIK 0001293310)",HGEN,release_text,2020-11-06,2020-11-06T09:05:45,acceptance_time,2020-11-06,lenzilumab,3,COVID-19,,NCT04351152,210504084,2020-08-14,https://www.sec.gov/Archives/edgar/data/1293310/000121465920009193/ex99_2.htm
0001104659-20-122849,0001509745,"LEAP THERAPEUTICS, INC.  (LPTX)  (CIK 0001509745)",LPTX,release_text,2020-11-09,2020-11-09T10:57:59,acceptance_time,2020-11-09,DKN-01,1b/2a,esophagogastric cancer,P102,,59657742,2020-08-13,https://www.sec.gov/Archives/edgar/data/1509745/000110465920122849/tm2035428d1_ex99-1.htm
0001171843-20-007780,0001626971,"Corvus Pharmaceuticals, Inc.  (CRVS)  (CIK 0001626971)",CRVS,sec_current,2020-11-09,2020-11-09T08:15:12,acceptance_time,2020-11-09,CPI-006,1,COVID-19,,,28061900,2020-10-29,https://www.sec.gov/Archives/edgar/data/1626971/000117184320007780/f8k_110920.htm
0001113148-20-000040,0001113148,"INFINITY PHARMACEUTICALS, INC.  (INFIQ)  (CIK 0001113148)",INFI,release_text,2020-11-09,2020-11-09T16:16:32,acceptance_time,2020-11-10,eganelisib,1/1b,melanoma and squamous cell carcinoma of the head and neck,MARIO-1,,64206758,2020-11-09,https://www.sec.gov/Archives/edgar/data/1113148/000111314820000040/pressreleaseinfisitc20.htm
0001193125-20-289663,0001660334,Verrica Pharmaceuticals Inc.  (VRCA)  (CIK 0001660334),VRCA,release_text,2020-11-10,2020-11-10T07:52:16,acceptance_time,2020-11-10,VP-102,2,external genital warts,CARE-1,,25865542,2020-11-09,https://www.sec.gov/Archives/edgar/data/1660334/000119312520289663/d948855d8k.htm
0001493152-20-021349,0001444307,ONCOSEC MEDICAL Inc  (ONCSQ)  (CIK 0001444307),ONCS,release_text,2020-11-09,2020-11-13T17:15:26,release_date_only,2020-11-10,TAVO,2b,metastatic melanoma,KEYNOTE-695,,27688354,2020-10-28,https://www.sec.gov/Archives/edgar/data/1444307/000149315220021349/ex99-1.htm
0001193125-20-290319,0001175505,"FIVE PRIME THERAPEUTICS, INC.  (CIK 0001175505)",FPRX,release_text,2020-11-10,2020-11-10T17:19:36,acceptance_time,2020-11-11,bemarituzumab,2,advanced gastric or gastroesophageal junction cancer,FIGHT,NCT03694522,38037666,2020-11-03,https://www.sec.gov/Archives/edgar/data/1175505/000119312520290319/d907944d8k.htm
0001558370-20-013740,0001437402,"ARDELYX, INC.  (ARDX)  (CIK 0001437402)",ARDX,release_text,2020-11-12,2020-11-12T17:16:04,acceptance_time,2020-11-13,RDX013,1,hyperkalemia,,,90248465,2020-11-05,https://www.sec.gov/Archives/edgar/data/1437402/000155837020013740/ardx-20201112x8k.htm
0001193125-20-293735,0001682852,"Moderna, Inc.  (MRNA)  (CIK 0001682852)",MRNA,release_text,2020-11-16,2020-11-16T07:01:02,acceptance_time,2020-11-16,mRNA-1273,3,COVID-19,COVE,,395710105,2020-10-30,https://www.sec.gov/Archives/edgar/data/1682852/000119312520293735/d53512dex991.htm
0001558370-20-013854,0001735438,MeiraGTx Holdings plc  (MGTX)  (CIK 0001735438),MGTX,release_text,2020-11-13,2020-11-16T06:20:19,release_date_only,2020-11-16,AAV-RPGR,1/2,X-linked retinitis pigmentosa (XLRP),MGT009,NCT03252847,38412163,2020-11-05,https://www.sec.gov/Archives/edgar/data/1735438/000155837020013854/mgtx-20201113x8k.htm
0001171843-20-008007,0001447028,Arbutus Biopharma Corp  (ABUS)  (CIK 0001447028),ABUS,release_text,2020-11-15,2020-11-16T08:00:41,release_date_only,2020-11-16,AB-729,1a/1b,chronic hepatitis B virus (HBV) infection,AB-729-001,,84909258,2020-11-05,https://www.sec.gov/Archives/edgar/data/1447028/000117184320008007/exh_991.htm
0001493152-20-021436,0000876343,"Lineage Cell Therapeutics, Inc.  (LCTX)  (CIK 0000876343)",LCTX,release_text,2020-11-16,2020-11-16T08:30:21,acceptance_time,2020-11-16,OpRegen,1/2a,dry age-related macular degeneration (AMD) with geographic atrophy (GA),,,149991454,2020-11-04,https://www.sec.gov/Archives/edgar/data/876343/000149315220021436/ex99-1.htm
0001062822-20-000073,0001062822,"LEXICON PHARMACEUTICALS, INC.  (LXRX)  (CIK 0001062822)",LXRX,release_text,2020-11-16,2020-11-17T07:22:20,release_date_only,2020-11-17,sotagliflozin,3,type 2 diabetes and heart failure / chronic kidney disease,SOLOIST and SCORED,,117474808,2020-10-30,https://www.sec.gov/Archives/edgar/data/1062822/000106282220000073/pressreleaseahasotagli.htm
0001104659-20-126123,0001137883,BRAINSTORM CELL THERAPEUTICS INC.  (BCLI)  (CIK 0001137883),BCLI,release_text,2020-11-17,2020-11-17T08:00:24,acceptance_time,2020-11-17,NurOwn,3,Amyotrophic lateral sclerosis,,NCT03280056;NCT03799718,31567592,2020-10-15,https://www.sec.gov/Archives/edgar/data/1137883/000110465920126123/tm2036209d1_8k.htm
0001193125-20-295466,0001681087,"AVROBIO, Inc.  (TECX)  (CIK 0001681087)",AVRO,release_text,2020-11-17,2020-11-17T07:39:02,acceptance_time,2020-11-17,AVR-RD-02,,Gaucher disease type 1,,,36450950,2020-11-05,https://www.sec.gov/Archives/edgar/data/1681087/000119312520295466/d201515d8k.htm
0001651308-20-000219,0001651308,"BeiGene, Ltd.  (BGNE, BEIGF)  (CIK 0001651308)",BGNE,release_text,2020-11-17,2020-11-17T16:05:47,acceptance_time,2020-11-18,tislelizumab,3,non-small cell lung cancer,RATIONALE 303,NCT03358875;NCT03412773;NCT03419897;NCT03430843;NCT03594747;NCT03663205;NCT03736889;NCT03777657;NCT03783442;NCT03924986;NCT03957590;NCT03967977;NCT04005716;NCT04379635,1182916659,2020-11-05,https://www.sec.gov/Archives/edgar/data/1651308/000165130820000219/bgne-20201117.htm
0001493152-20-021904,0000764195,VBI Vaccines Inc/BC  (VBIVQ)  (CIK 0000764195),VBIV,release_text,2020-11-18,2020-11-18T08:55:33,acceptance_time,2020-11-18,VBI-2601 (BRII-179),1b/2a,chronic hepatitis B virus infection,,,242052726,2020-11-02,https://www.sec.gov/Archives/edgar/data/764195/000149315220021904/ex99-1.htm
0001213900-20-037860,0001158780,PLURISTEM THERAPEUTICS INC  (PLUR)  (CIK 0001158780),PSTI,release_text,2020-11-18,2020-11-18T07:53:08,acceptance_time,2020-11-18,PLX-R18,1,incomplete hematopoietic recovery following hematopoietic cell transplantation,,,25633383,2020-11-05,https://www.sec.gov/Archives/edgar/data/1158780/000121390020037860/ea130133-8k_pluristem.htm
0001493152-20-021995,0000764195,VBI Vaccines Inc/BC  (VBIVQ)  (CIK 0000764195),VBIV,release_text,2020-11-19,2020-11-19T08:00:31,acceptance_time,2020-11-19,VBI-1901,2a,recurrent glioblastoma,,,242052726,2020-11-02,https://www.sec.gov/Archives/edgar/data/764195/000149315220021995/ex99-2.htm
0001104659-20-127156,0001590560,uniQure N.V.  (QURE)  (CIK 0001590560),QURE,release_text,2020-11-19,2020-11-19T09:15:18,acceptance_time,2020-11-19,etranacogene dezaparvovec,3,hemophilia B,HOPE-B,,,,https://www.sec.gov/Archives/edgar/data/1590560/000110465920127156/tm2036418d1_8k.htm
0001600132-20-000123,0001600132,"Bellerophon Therapeutics, Inc.  (BLPH)  (CIK 0001600132)",BLPH,release_text,2020-11-23,2020-11-23T08:33:37,acceptance_time,2020-11-23,INOpulse®,3,COVID-19,COViNOX,,9497777,2020-11-05,https://www.sec.gov/Archives/edgar/data/1600132/000160013220000123/pressreleasenov2020cov.htm
0001193125-20-301492,0001787306,"Arcutis Biotherapeutics, Inc.  (ARQT)  (CIK 0001787306)",ARQT,release_text,2020-11-23,2020-11-23T17:08:02,acceptance_time,2020-11-24,ARQ-154 (topical roflumilast foam),2b,scalp and body psoriasis,,,43634480,2020-11-05,https://www.sec.gov/Archives/edgar/data/1787306/000119312520301492/d80054d8k.htm
0001193125-20-303257,0001728328,InMed Pharmaceuticals Inc.  (INM)  (CIK 0001728328),INM,release_text,2020-11-25,2020-11-25T10:47:59,acceptance_time,2020-11-25,INM-755,1,epidermolysis bullosa,755-101-HV,,,,https://www.sec.gov/Archives/edgar/data/1728328/000119312520303257/d66869d8k.htm
0001193125-20-302694,0001740547,Urovant Sciences Ltd.  (CIK 0001740547),UROV,release_text,2020-11-24,2020-11-24T17:08:04,acceptance_time,2020-11-25,vibegron,2a,Irritable Bowel Syndrome,,,31659870,2020-11-02,https://www.sec.gov/Archives/edgar/data/1740547/000119312520302694/d48054d8k.htm
0001193125-20-305010,0001624658,"Allena Pharmaceuticals, Inc.  (CIK 0001624658)",ALNA,release_text,2020-11-30,2020-11-30T08:15:28,acceptance_time,2020-11-30,ALLN-346,1,hyperuricemia,,,38290950,2020-11-09,https://www.sec.gov/Archives/edgar/data/1624658/000119312520305010/d11581d8k.htm
0001193125-20-306331,0001383701,Histogen Inc.  (CIK 0001383701),HSTO,release_text,2020-12-01,2020-12-01T08:05:51,acceptance_time,2020-12-01,HST-001,1b/2a,androgenic alopecia,,,12507973,2020-11-10,https://www.sec.gov/Archives/edgar/data/1383701/000119312520306331/d69769dex991.htm
0001193125-20-306299,0001439222,"AGIOS PHARMACEUTICALS, INC.  (AGIO)  (CIK 0001439222)",AGIO,release_text,2020-12-01,2020-12-01T07:46:01,acceptance_time,2020-12-01,mitapivat,3,pyruvate kinase deficiency,ACTIVATE,,69259817,2020-11-05,https://www.sec.gov/Archives/edgar/data/1439222/000119312520306299/d82113d8k.htm
0001558370-20-014109,0001579428,"Axsome Therapeutics, Inc.  (AXSM)  (CIK 0001579428)",AXSM,release_text,2020-12-01,2020-12-01T07:01:55,acceptance_time,2020-12-01,AXS-05,3,major depressive disorder,COMET,,37344201,2020-11-06,https://www.sec.gov/Archives/edgar/data/1579428/000155837020014109/axsm-20201201xex99d1.htm
0001564590-20-055762,0001636651,Ovid Therapeutics Inc.  (OVID)  (CIK 0001636651),OVID,release_text,2020-12-01,2020-12-01T17:19:31,acceptance_time,2020-12-02,OV101,3,Angelman syndrome,NEPTUNE,,63435222,2020-11-13,https://www.sec.gov/Archives/edgar/data/1636651/000156459020055762/ovid-8k_20201201.htm
0001193125-20-309507,0001668243,UroGen Pharma Ltd.  (URGN)  (CIK 0001668243),URGN,release_text,2020-12-03,2020-12-03T16:05:55,acceptance_time,2020-12-04,UGN-101 Jelmyto,3,low-grade upper tract urothelial cancer,OLYMPUS,,22093054,2020-11-09,https://www.sec.gov/Archives/edgar/data/1668243/000119312520309507/d36363d8k.htm
0001564590-20-056121,0001357874,PRECISION BIOSCIENCES INC  (DTIL)  (CIK 0001357874),DTIL,release_text,2020-12-04,2020-12-04T06:02:11,acceptance_time,2020-12-04,PBCAR0191,1/2a,Relapsed/Refractory Non-Hodgkin Lymphoma and R/R B-cell Acute Lymphoblastic Leukemia,,,52480469,2020-11-10,https://www.sec.gov/Archives/edgar/data/1357874/000156459020056121/dtil-8k_20201204.htm
0001564590-20-056109,0001382101,"SUTRO BIOPHARMA, INC.  (STRO)  (CIK 0001382101)",STRO,release_text,2020-12-03,2020-12-03T19:38:43,acceptance_time,2020-12-04,STRO-002,1,ovarian cancer,STRO-002-GM1,NCT03748186,38604176,2020-11-05,https://www.sec.gov/Archives/edgar/data/1382101/000156459020056109/stro-8k_20201203.htm
0001104659-20-132306,0001621443,"Zynerba Pharmaceuticals, Inc.  (CIK 0001621443)",ZYNE,release_text,2020-12-04,2020-12-04T12:30:16,acceptance_time,2020-12-04,Zygel,2,Developmental and Epileptic Encephalopathy,BELIEVE,,29439175,2020-11-09,https://www.sec.gov/Archives/edgar/data/1621443/000110465920132306/tm2037645d1_ex99-1.htm
0001193125-20-311281,0001746466,"Equillium, Inc.  (EQ)  (CIK 0001746466)",EQ,release_text,2020-12-07,2020-12-07T09:24:28,acceptance_time,2020-12-07,itolizumab,1b,acute graft-versus-host disease,EQUATE,,24727544,2020-11-10,https://www.sec.gov/Archives/edgar/data/1746466/000119312520311281/d92085dex991.htm
0001564590-20-056242,0001674416,CRISPR Therapeutics AG  (CRSP)  (CIK 0001674416),CRSP,release_text,2020-12-05,2020-12-07T07:50:56,release_date_only,2020-12-07,CTX001,1/2,transfusion-dependent beta thalassemia and sickle cell disease,CLIMB-111 and CLIMB-121,,70652429,2020-10-28,https://www.sec.gov/Archives/edgar/data/1674416/000156459020056242/crsp-8k_20201205.htm
0001193125-20-311217,0001661460,"Poseida Therapeutics, Inc.  (PSTX)  (CIK 0001661460)",PSTX,release_text,2020-12-05,2020-12-07T08:00:51,release_date_only,2020-12-07,P-BCMA-101,1,relapsed/refractory multiple myeloma,,NCT03288493,61820010,2020-11-12,https://www.sec.gov/Archives/edgar/data/1661460/000119312520311217/d89295d8k.htm
0001171843-20-008399,0001626971,"Corvus Pharmaceuticals, Inc.  (CRVS)  (CIK 0001626971)",CRVS,sec_current,2020-12-06,2020-12-07T08:00:26,release_date_only,2020-12-07,CPI-818,1/1b,T cell lymphoma,,,28061900,2020-10-29,https://www.sec.gov/Archives/edgar/data/1626971/000117184320008399/f8k_120720.htm
0001651308-20-000229,0001651308,"BeiGene, Ltd.  (BGNE, BEIGF)  (CIK 0001651308)",BGNE,release_text,2020-12-06,2020-12-08T16:17:13,release_date_only,2020-12-07,BRUKINSA (zanubrutinib),2,marginal zone lymphoma,MAGNOLIA,NCT03336333;NCT03846427,1182916659,2020-11-05,https://www.sec.gov/Archives/edgar/data/1651308/000165130820000229/bgne-20201206.htm
0001564590-20-056289,0001382101,"SUTRO BIOPHARMA, INC.  (STRO)  (CIK 0001382101)",STRO,release_text,2020-12-07,2020-12-07T15:45:21,acceptance_time,2020-12-07,STRO-001,1,B-cell Non-Hodgkin Lymphoma,STRO-001-BCM1,NCT03424603,38604176,2020-11-05,https://www.sec.gov/Archives/edgar/data/1382101/000156459020056289/stro-ex991_6.htm
0001551986-20-000312,0001551986,"9 METERS BIOPHARMA, INC.  (NMTRQ)  (CIK 0001551986)",NMTR,release_text,2020-12-07,2020-12-07T07:37:59,acceptance_time,2020-12-07,NM-002,1b/2a,short bowel syndrome,,,150324757.0,2020-11-09,https://www.sec.gov/Archives/edgar/data/1551986/000155198620000312/ex-991pressrelease12720.htm
0001387131-20-010478,0001430306,Tonix Pharmaceuticals Holding Corp.  (TNXP)  (CIK 0001430306),TNXP,release_text,2020-12-07,2020-12-07T09:28:47,acceptance_time,2020-12-07,TNX-102 SL,3,fibromyalgia,RELIEF,NCT04172831;NCT04508621,156585050,2020-11-09,https://www.sec.gov/Archives/edgar/data/1430306/000138713120010478/ex99-01.htm
0001401914-20-000124,0001401914,"Dare Bioscience, Inc.  (DARE)  (CIK 0001401914)",DARE,release_text,2020-12-07,2020-12-07T08:09:06,acceptance_time,2020-12-07,DARE-BV1,3,bacterial vaginosis,DARE-BVFREE,,37990001,2020-11-12,https://www.sec.gov/Archives/edgar/data/1401914/000140191420000124/dare8-k12072020bv.htm
0001557142-20-000090,0001557142,"Kadmon Holdings, Inc.  (CIK 0001557142)",KDMN,release_text,2020-12-06,2020-12-07T08:02:17,release_date_only,2020-12-07,belumosudil,3,chronic graft-versus-host disease,ROCKstar,,171512945,2020-11-05,https://www.sec.gov/Archives/edgar/data/1557142/000155714220000090/kdmn-20201207xex99_1.htm
0001104659-20-132595,0001760542,HOOKIPA Pharma Inc.  (HOOK)  (CIK 0001760542),HOOK,release_text,2020-12-07,2020-12-07T06:09:46,acceptance_time,2020-12-07,HB-201,1,HPV16+ cancers,NCT04180215,NCT04180215,21588756,2019-08-12,https://www.sec.gov/Archives/edgar/data/1760542/000110465920132595/tm2037823d1_8k.htm
0001564590-20-056372,0001748907,Orchard Therapeutics plc  (CIK 0001748907),ORTX,release_text,2020-12-08,2020-12-08T07:03:19,acceptance_time,2020-12-08,OTL-201,,mucopolysaccharidosis type IIIA (MPS-IIIA),,,97749444,2020-11-03,https://www.sec.gov/Archives/edgar/data/1748907/000156459020056372/ortx-8k_20201208.htm
0001193125-20-311893,0001754068,"Allovir, Inc.  (ALVR)  (CIK 0001754068)",ALVR,release_text,2020-12-07,2020-12-07T17:19:52,acceptance_time,2020-12-08,Viralym-M (ALVR105),2,viral infections in allogeneic hematopoietic stem cell transplantation patients,CHARMS,,65106873,2020-11-10,https://www.sec.gov/Archives/edgar/data/1754068/000119312520311893/d16647dex991.htm
0001558370-20-014242,0001001316,"TG THERAPEUTICS, INC.  (TGTX)  (CIK 0001001316)",TGTX,release_text,2020-12-07,2020-12-08T08:00:32,release_date_only,2020-12-08,umbralisib and ublituximab (U2),3,chronic lymphocytic leukemia (CLL),UNITY-CLL,,131490195,2020-11-09,https://www.sec.gov/Archives/edgar/data/1001316/000155837020014242/tgtx-20201207xex99d2.htm
0001171843-20-008462,0001061983,CYTOKINETICS INC  (CYTK)  (CIK 0001061983),CYTK,release_text,2020-12-09,2020-12-09T07:30:12,acceptance_time,2020-12-09,CK-274,2,hypertrophic cardiomyopathy,REDWOOD-HCM,,70779023,2020-11-06,https://www.sec.gov/Archives/edgar/data/1061983/000117184320008462/f8k_120920.htm
0001559053-20-000045,0001559053,PROTHENA CORP PUBLIC LTD CO  (PRTA)  (CIK 0001559053),PRTA,release_text,2020-12-09,2020-12-09T08:03:01,acceptance_time,2020-12-09,PRX004,1,,,,39921413,2020-11-04,https://www.sec.gov/Archives/edgar/data/1559053/000155905320000045/prta-20201209.htm
0001193125-20-313892,0001708493,"Harpoon Therapeutics, Inc.  (CIK 0001708493)",HARP,release_text,2020-12-08,2020-12-09T16:52:34,release_date_only,2020-12-09,HPN424,1/2a,metastatic castration-resistant prostate cancer,,,25380342,2020-11-04,https://www.sec.gov/Archives/edgar/data/1708493/000119312520313892/d92909dex991.htm
0001558370-20-014296,0001001316,"TG THERAPEUTICS, INC.  (TGTX)  (CIK 0001001316)",TGTX,release_text,2020-12-10,2020-12-10T07:50:06,acceptance_time,2020-12-10,ublituximab,3,relapsing forms of multiple sclerosis,ULTIMATE I & II,NCT03277248;NCT03277261,131490195,2020-11-09,https://www.sec.gov/Archives/edgar/data/1001316/000155837020014296/tgtx-20201210x8k.htm
0001213900-20-041974,0001731176,Tottenham Acquisition I Ltd  (CIK 0001731176),,missing,2020-12-10,2020-12-10T12:02:29,acceptance_time,2020-12-10,CNM-Au8,2,amyotrophic lateral sclerosis,RESCUE-ALS,,3710386,2020-11-03,https://www.sec.gov/Archives/edgar/data/1731176/000121390020041974/ea131364-8k_tottenhamacq1.htm
0001193125-20-314855,0001403752,Zymeworks Inc.  (CIK 0001403752),ZYME,release_text,2020-12-10,2020-12-10T16:05:53,acceptance_time,2020-12-11,zanidatamab,1,HER2-expressing gastroesophageal adenocarcinoma and HER2-expressing/amplified biliary tract cancer,,,45829382,2020-11-03,https://www.sec.gov/Archives/edgar/data/1403752/000119312520314855/d75372dex991.htm
0001193125-20-315989,0001422142,"Aerpio Pharmaceuticals, Inc.  (AADI)  (CIK 0001422142)",ARPO,release_text,2020-12-11,2020-12-11T17:08:28,acceptance_time,2020-12-14,razuprotafib,2,open angle glaucoma or ocular hypertension,,,47111659,2020-11-10,https://www.sec.gov/Archives/edgar/data/1422142/000119312520315989/d304630d8k.htm
0001564590-20-056927,0001527599,"SYNLOGIC, INC.  (SYBX)  (CIK 0001527599)",SYBX,release_text,2020-12-14,2020-12-14T06:03:37,acceptance_time,2020-12-14,SYNB1891,,,,,34833584,2020-11-05,https://www.sec.gov/Archives/edgar/data/1527599/000156459020056927/sybx-8k_20201214.htm
0001193125-20-316409,0001655759,"ARVINAS, INC.  (ARVN)  (CIK 0001655759)",ARVN,release_text,2020-12-14,2020-12-14T07:30:36,acceptance_time,2020-12-14,ARV-471 and ARV-110,1/2,breast cancer and metastatic castration-resistant prostate cancer,ARDENT,,40548985,2020-11-05,https://www.sec.gov/Archives/edgar/data/1655759/000119312520316409/d96003d8k.htm
0001564590-20-057002,0001717452,"Odonate Therapeutics, Inc.  (ODTC)  (CIK 0001717452)",ODT,release_text,2020-12-11,2020-12-14T16:26:14,release_date_only,2020-12-14,tesetaxel,3,metastatic breast cancer,CONTESSA,,38525561,2020-10-28,https://www.sec.gov/Archives/edgar/data/1717452/000156459020057002/odt-8k_20201211.htm
0001193125-20-316413,0001750019,TCR2 THERAPEUTICS INC.  (CIK 0001750019),TCRR,release_text,2020-12-13,2020-12-14T07:34:05,release_date_only,2020-12-14,TC-210,1/2,mesothelin-expressing solid tumors,,NCT03907852,33422129,2020-11-12,https://www.sec.gov/Archives/edgar/data/1750019/000119312520316413/d22170d8k.htm
0001731122-20-001291,0001314052,ANAVEX LIFE SCIENCES CORP.  (AVXL)  (CIK 0001314052),AVXL,release_text,2020-12-15,2020-12-15T07:06:12,acceptance_time,2020-12-15,ANAVEX®2-73,2,Rett syndrome,ANAVEX®2-73-RS-001,NCT03758924;NCT03941444;NCT04304482,60190619,2020-08-06,https://www.sec.gov/Archives/edgar/data/1314052/000173112220001291/e2291_8k.htm
0001636050-20-000111,0001636050,Sio Gene Therapies Inc.  (CIK 0001636050),SIOX,release_text,2020-12-15,2020-12-15T16:04:47,acceptance_time,2020-12-16,AXO-AAV-GM1,1/2,GM1 gangliosidosis,,NCT03952637,48467922,2020-11-13,https://www.sec.gov/Archives/edgar/data/1636050/000163605020000111/siox-20201215.htm
0001558370-20-014430,0001735438,MeiraGTx Holdings plc  (MGTX)  (CIK 0001735438),MGTX,release_text,2020-12-16,2020-12-17T08:29:46,release_date_only,2020-12-17,AAV-hAQP1,1,radiation-induced xerostomia,AQUAx,,38412163,2020-11-05,https://www.sec.gov/Archives/edgar/data/1735438/000155837020014430/mgtx-20201216x8k.htm
0001193125-20-322298,0001326110,"NantKwest, Inc.  (IBRX)  (CIK 0001326110)",NK,release_text,2020-12-21,2020-12-21T07:23:00,acceptance_time,2020-12-21,Anktiva,2,non-muscle invasive bladder cancer CIS,,,108592583,2020-11-09,https://www.sec.gov/Archives/edgar/data/1326110/000119312520322298/d10177dex991.htm
0001193125-20-322377,0001466301,"Clovis Oncology, Inc.  (CIK 0001466301)",,missing,2020-12-21,2020-12-21T08:05:30,acceptance_time,2020-12-21,Rubraca,3,relapsed ovarian cancer,ARIEL4,NCT02855944,88318959,2020-11-05,https://www.sec.gov/Archives/edgar/data/1466301/000119312520322377/d47125d8k.htm
0001679082-20-000057,0001679082,Myovant Sciences Ltd.  (CIK 0001679082),MYOV,release_text,2020-12-18,2020-12-18T16:52:26,acceptance_time,2020-12-21,ORGOVYX,3,advanced prostate cancer,HERO,,90593611,2020-11-12,https://www.sec.gov/Archives/edgar/data/1679082/000167908220000057/myov-20201218.htm
0001171843-20-008658,0000882796,BIOCRYST PHARMACEUTICALS INC  (BCRX)  (CIK 0000882796),BCRX,release_text,2020-12-21,2020-12-21T07:05:06,acceptance_time,2020-12-21,BCX9250,1,fibrodysplasia ossificans progressiva,,,176565622,2020-11-06,https://www.sec.gov/Archives/edgar/data/882796/000117184320008658/exh_991.htm
0001193125-20-323107,0001340652,"ChemoCentryx, Inc.  (CIK 0001340652)",,missing,2020-12-21,2020-12-21T16:15:53,acceptance_time,2020-12-22,avacopan,,C3 Glomerulopathy,ACCOLADE,,69208414,2020-11-09,https://www.sec.gov/Archives/edgar/data/1340652/000119312520323107/d35539d8k.htm
0001213900-20-043965,0000812796,"SOLIGENIX, INC.  (SNGX)  (CIK 0000812796)",SNGX,release_text,2020-12-22,2020-12-22T09:15:44,acceptance_time,2020-12-22,SGX942,3,severe oral mucositis,DOM-INNATE,,29847288,2020-11-12,https://www.sec.gov/Archives/edgar/data/812796/000121390020043965/ea132049-8k_soligenixinc.htm
0001171843-20-008722,0000882796,BIOCRYST PHARMACEUTICALS INC  (BCRX)  (CIK 0000882796),BCRX,release_text,2020-12-22,2020-12-22T07:03:54,acceptance_time,2020-12-22,galidesivir,,COVID-19,,,176565622,2020-11-06,https://www.sec.gov/Archives/edgar/data/882796/000117184320008722/exh_991.htm
0001104659-20-139077,0001390478,"SELLAS Life Sciences Group, Inc.  (SLS)  (CIK 0001390478)",SLS,release_text,2020-12-21,2020-12-23T16:05:39,release_date_only,2020-12-22,galinpepimut-S,1/2,ovarian cancer and malignant pleural mesothelioma,,NCT03761914;NCT04040231,9461978,2020-11-13,https://www.sec.gov/Archives/edgar/data/1390478/000110465920139077/tm2039231d1_8k.htm
0001193125-20-324544,0000831547,SPECTRUM PHARMACEUTICALS INC  (CIK 0000831547),SPPI,release_text,2020-12-22,2020-12-22T16:16:54,acceptance_time,2020-12-23,poziotinib,2,non-small cell lung cancer,ZENITH20,,145922206,2020-11-04,https://www.sec.gov/Archives/edgar/data/831547/000119312520324544/d73413d8k.htm
0001356576-20-000090,0001356576,"SUPERNUS PHARMACEUTICALS, INC.  (SUPN)  (CIK 0001356576)",SUPN,release_text,2020-12-22,2020-12-22T20:38:54,acceptance_time,2020-12-23,SPN-812,3,ADHD,P306,,52685121,2020-11-06,https://www.sec.gov/Archives/edgar/data/1356576/000135657620000090/ex99112-22x2020.htm
0001104659-20-139797,0001781983,"Aprea Therapeutics, Inc.  (APRE)  (CIK 0001781983)",APRE,release_text,2020-12-28,2020-12-28T16:36:19,acceptance_time,2020-12-29,eprenetapopt,3,myelodysplastic syndromes (MDS),,,21186827,2020-11-06,https://www.sec.gov/Archives/edgar/data/1781983/000110465920139797/tm2039402d1_ex99-1.htm
0001193125-20-329197,0001659352,"Codiak BioSciences, Inc.  (CIK 0001659352)",CDAK,release_text,2020-12-30,2020-12-30T08:00:29,acceptance_time,2020-12-30,exoIL-12,1,cutaneous T cell lymphoma,,,18767674,2020-11-19,https://www.sec.gov/Archives/edgar/data/1659352/000119312520329197/d64502dex991.htm
0001558370-20-014582,0001579428,"Axsome Therapeutics, Inc.  (AXSM)  (CIK 0001579428)",AXSM,release_text,2020-12-31,2020-12-31T07:06:35,acceptance_time,2020-12-31,AXS-07,3,migraine,MOVEMENT,,37344201,2020-11-06,https://www.sec.gov/Archives/edgar/data/1579428/000155837020014582/axsm-20201231xex99d1.htm
0001193125-21-000349,0001807901,"Pandion Therapeutics, Inc.  (CIK 0001807901)",PAND,release_text,2021-01-04,2021-01-04T08:30:01,acceptance_time,2021-01-04,PT101,1a,"ulcerative colitis, systemic lupus erythematosus, and other autoimmune diseases",,,29519902,2020-11-16,https://www.sec.gov/Archives/edgar/data/1807901/000119312521000349/d78635d8k.htm
0001193125-21-000213,0001496671,"Calithera Biosciences, Inc.  (CALA)  (CIK 0001496671)",CALA,release_text,2021-01-04,2021-01-04T07:06:00,acceptance_time,2021-01-04,telaglenastat,,renal cell carcinoma,CANTATA,NCT03428217,70558711,2020-11-05,https://www.sec.gov/Archives/edgar/data/1496671/000119312521000213/d34379d8k.htm
0001564590-21-000167,0001339970,aTYR PHARMA INC  (ATYR)  (CIK 0001339970),LIFE,release_text,2021-01-04,2021-01-04T16:20:55,acceptance_time,2021-01-05,ATYR1923,2,COVID-19,,,10124027,2020-11-13,https://www.sec.gov/Archives/edgar/data/1339970/000156459021000167/life-8k_20210104.htm
0001628280-21-000035,0001534120,Cerecor Inc.  (AVTX)  (CIK 0001534120),CERC,release_text,2021-01-05,2021-01-05T07:06:25,acceptance_time,2021-01-05,CERC-002,2,COVID-19 associated pneumonia and mild-to-moderate acute respiratory distress syndrome,NCT04412057,NCT04412057,74910047,2020-11-09,https://www.sec.gov/Archives/edgar/data/1534120/000162828021000035/cerc-20210105.htm
0001193125-21-003740,0001341235,"Aldeyra Therapeutics, Inc.  (ALDX)  (CIK 0001341235)",ALDX,release_text,2021-01-07,2021-01-07T07:51:00,acceptance_time,2021-01-07,,3,Dry Eye Disease,TRANQUILITY,NCT03709121,38820347,2020-11-05,https://www.sec.gov/Archives/edgar/data/1341235/000119312521003740/d109230dex991.htm
0001564590-21-000577,0000873303,"Sarepta Therapeutics, Inc.  (SRPT)  (CIK 0000873303)",SRPT,release_text,2021-01-07,2021-01-07T17:03:42,acceptance_time,2021-01-08,SRP-9001,,Duchenne muscular dystrophy,Study 102,,78913045,2020-11-05,https://www.sec.gov/Archives/edgar/data/873303/000156459021000577/srpt-8k_20210107.htm
0000950170-21-000003,0001515673,Ultragenyx Pharmaceutical Inc.  (RARE)  (CIK 0001515673),RARE,release_text,2021-01-08,2021-01-08T09:16:42,acceptance_time,2021-01-08,DTX401 and DTX301,1/2,Glycogen Storage Disease Type Ia (GSDIa) and ornithine transcarbamylase (OTC) deficiency,,,61044688,2020-10-27,https://www.sec.gov/Archives/edgar/data/1515673/000095017021000003/rare-20210108-ex99_1.htm
0001213900-21-001061,0001728328,InMed Pharmaceuticals Inc.  (INM)  (CIK 0001728328),INM,release_text,2021-01-08,2021-01-08T10:53:10,acceptance_time,2021-01-08,INM-755,1,Epidermolysis Bullosa,755-102-HV,,7000707,2020-12-17,https://www.sec.gov/Archives/edgar/data/1728328/000121390021001061/ea132946-8k_inmedpharma.htm
0001104659-21-003258,0001535955,Lipocine Inc.  (LPCN)  (CIK 0001535955),LPCN,release_text,2021-01-12,2021-01-12T08:00:19,acceptance_time,2021-01-12,LPCN 1144,2,non-alcoholic steatohepatitis (NASH),LiFT,NCT04134091;NCT04685993,65686150,2020-11-10,https://www.sec.gov/Archives/edgar/data/1535955/000110465921003258/tm212885d1_8k.htm
0001104659-21-003903,0001082554,UNITED THERAPEUTICS Corp  (UTHR)  (CIK 0001082554),UTHR,release_text,2021-01-13,2021-01-13T17:01:47,acceptance_time,2021-01-14,Tyvaso,,pulmonary hypertension associated with interstitial lung disease (PH-ILD),INCREASE,,44440534,2020-10-28,https://www.sec.gov/Archives/edgar/data/1082554/000110465921003903/tm213040d1_8k.htm
0001493152-21-001128,0000764195,VBI Vaccines Inc/BC  (VBIVQ)  (CIK 0000764195),VBIV,release_text,2021-01-15,2021-01-15T08:24:35,acceptance_time,2021-01-15,3-antigen Hepatitis B virus (HBV) vaccine,4,Hepatitis B,,,242052726,2020-11-02,https://www.sec.gov/Archives/edgar/data/764195/000149315221001128/ex99-1.htm
0001193125-21-009703,0001175505,"FIVE PRIME THERAPEUTICS, INC.  (CIK 0001175505)",FPRX,release_text,2021-01-15,2021-01-15T10:06:39,acceptance_time,2021-01-15,bemarituzumab,2,gastric or gastroesophageal junction (GEJ) cancer,FIGHT,,38037666,2020-11-03,https://www.sec.gov/Archives/edgar/data/1175505/000119312521009703/d77467dex991.htm
0001558370-21-000248,0001557746,"Aclaris Therapeutics, Inc.  (ACRS)  (CIK 0001557746)",ACRS,sec_current,2021-01-19,2021-01-19T07:15:44,acceptance_time,2021-01-19,ATI-450,,rheumatoid arthritis,ATI-450-RA-201,,42919291,2020-11-04,https://www.sec.gov/Archives/edgar/data/1557746/000155837021000248/acrs-20210119x8k.htm
0001694665-21-000006,0001694665,"Evelo Biosciences, Inc.  (EVLO)  (CIK 0001694665)",,missing,2021-01-20,2021-01-20T08:32:41,acceptance_time,2021-01-20,EDP1815,1b,atopic dermatitis,,,46189236,2020-10-30,https://www.sec.gov/Archives/edgar/data/1694665/000169466521000006/corporateslidepresentant.htm
0001493152-21-001497,0001360214,"HARROW HEALTH, INC.  (HROW, HROWL, HROWM)  (CIK 0001360214)",HROW,sec_current,,2021-01-21T09:30:25,acceptance_time,2021-01-21,SURF-201,2,post-cataract surgery pain and inflammation,,,25745967.0,2020-11-09,https://www.sec.gov/Archives/edgar/data/1360214/000149315221001497/ex99-1.htm
0001213900-21-003480,0001711754,"Inmune Bio, Inc.  (INMB)  (CIK 0001711754)",INMB,release_text,2021-01-21,2021-01-21T16:33:11,acceptance_time,2021-01-22,XPro1595,1b,Alzheimer’s disease,,,13447948,2020-11-05,https://www.sec.gov/Archives/edgar/data/1711754/000121390021003480/ea133728ex99-1_inmunebio.htm
0001193125-21-017705,0001439222,"AGIOS PHARMACEUTICALS, INC.  (AGIO)  (CIK 0001439222)",AGIO,release_text,2021-01-26,2021-01-26T16:14:01,acceptance_time,2021-01-27,mitapivat,3,Pyruvate Kinase Deficiency,ACTIVATE-T,,69259817,2020-11-05,https://www.sec.gov/Archives/edgar/data/1439222/000119312521017705/d25276d8k.htm
0001104659-21-007791,0000850261,"Sorrento Therapeutics, Inc.  (SRNE)  (CIK 0000850261)",SRNE,release_text,2021-01-26,2021-01-26T19:26:29,acceptance_time,2021-01-27,COVI-MSC™,1b,COVID-19-induced acute respiratory distress (ARD) or acute respiratory distress syndrome (ARDS),PSC-CP-004,NCT04486001,262938148,2020-11-09,https://www.sec.gov/Archives/edgar/data/850261/000110465921007791/tm214308d1_ex99-1.htm
0001193125-21-020756,0001706431,"Vir Biotechnology, Inc.  (VIR)  (CIK 0001706431)",VIR,release_text,2021-01-26,2021-01-28T16:05:51,release_date_only,2021-01-27,VIR-3434,1,chronic hepatitis B virus infection,,,127388620,2020-11-10,https://www.sec.gov/Archives/edgar/data/1706431/000119312521020756/d54514d8k.htm
0001169245-21-000002,0001169245,PhaseBio Pharmaceuticals Inc  (PHASQ)  (CIK 0001169245),PHAS,release_text,2021-01-27,2021-01-27T16:11:16,acceptance_time,2021-01-28,pemziviptadil (PB1046),1b/2a,pulmonary arterial hypertension (PAH),,,29364824,2020-11-12,https://www.sec.gov/Archives/edgar/data/1169245/000116924521000002/ex991-12721.htm
0001387131-21-001313,0000887247,Adamis Pharmaceuticals Corp  (DMKPQ)  (CIK 0000887247),ADMP,release_text,2021-01-28,2021-01-28T09:25:58,acceptance_time,2021-01-28,Tempol,,COVID-19,,,93657628,2020-11-09,https://www.sec.gov/Archives/edgar/data/887247/000138713121001313/admp-8k_012821.htm
0001193125-21-019488,0001403752,Zymeworks Inc.  (CIK 0001403752),ZYME,release_text,2021-01-27,2021-01-27T19:01:00,acceptance_time,2021-01-28,ZW49,1,HER2-positive cancer,,,45829382,2020-11-03,https://www.sec.gov/Archives/edgar/data/1403752/000119312521019488/d42843d8k.htm
0001651308-21-000017,0001651308,"BeiGene, Ltd.  (BGNE, BEIGF)  (CIK 0001651308)",BGNE,release_text,2021-01-27,2021-01-28T16:12:22,release_date_only,2021-01-28,tislelizumab,3,advanced unresectable or metastatic esophageal squamous cell carcinoma (ESCC),RATIONALE 302,NCT03358875;NCT03412773;NCT03419897;NCT03430843;NCT03594747;NCT03663205;NCT03736889;NCT03777657;NCT03783442;NCT03924986;NCT03957590;NCT03967977;NCT04005716;NCT04379635;NCT04486391,1182916659,2020-11-05,https://www.sec.gov/Archives/edgar/data/1651308/000165130821000017/bgne-20210127.htm
0001104659-21-008759,0000895051,"CASI Pharmaceuticals, Inc.  (CIK 0000895051)",CASI,release_text,2021-01-28,2021-01-28T16:02:19,acceptance_time,2021-01-29,BI-1206,I/IIa,indolent relapsed or refractory B-cell non-Hodgkin's lymphoma (NHL),,,123943829,2020-11-09,https://www.sec.gov/Archives/edgar/data/895051/000110465921008759/tm214502d1_ex99-1.htm
0001493152-21-002160,0001582554,"Matinas BioPharma Holdings, Inc.  (MTNB)  (CIK 0001582554)",MTNB,release_text,2021-02-01,2021-02-01T06:03:16,acceptance_time,2021-02-01,LYPDISO,3,hypertriglyceridemia,ENHANCE-IT,,199249758,2020-11-06,https://www.sec.gov/Archives/edgar/data/1582554/000149315221002160/ex99-1.htm
0001213900-21-005970,0001739174,"BiomX Inc.  (PHGE, PHGEW, PHGE-UN)  (CIK 0001739174)",PHGE,release_text,2021-02-02,2021-02-02T07:39:55,acceptance_time,2021-02-02,BX002,1a,inflammatory bowel disease (IBD) and primary sclerosing cholangitis (PSC),,,23177922,2020-11-12,https://www.sec.gov/Archives/edgar/data/1739174/000121390021005970/ea134397-8k_biomxinc.htm
0001493152-21-002340,0000908259,MATEON THERAPEUTICS INC  (OTLC)  (CIK 0000908259),MATN,release_text,2021-02-02,2021-02-02T07:00:27,acceptance_time,2021-02-02,ARTIVeda/PulmoHeal,,COVID-19,ARTI-19,,89601912,2020-11-16,https://www.sec.gov/Archives/edgar/data/908259/000149315221002340/ex99-1.htm
0001564590-21-003678,0001082038,DURECT CORP  (DRRX)  (CIK 0001082038),DRRX,release_text,2021-02-02,2021-02-02T09:00:21,acceptance_time,2021-02-02,POSIMIR,,post-surgical pain,,,203179259,2020-11-03,https://www.sec.gov/Archives/edgar/data/1082038/000156459021003678/drrx-ex991_6.htm
0001437749-21-001804,0000072444,"Vaxart, Inc.  (VXRT)  (CIK 0000072444)",VXRT,release_text,2021-02-03,2021-02-03T08:36:08,acceptance_time,2021-02-03,VXA-CoV2-1,1,COVID-19,,NCT04563702,109468945,2020-11-12,https://www.sec.gov/Archives/edgar/data/72444/000143774921001804/ex_223998.htm
0001140361-21-003255,0001472091,PDS Biotechnology Corp  (PDSB)  (CIK 0001472091),PDSB,release_text,2021-02-03,2021-02-03T16:05:36,acceptance_time,2021-02-04,PDS0101,2,advanced human papillomavirus (HPV)-associated cancers,,,22261619,2020-11-13,https://www.sec.gov/Archives/edgar/data/1472091/000114036121003255/brhc10019666_ex99-1.htm
0001104659-21-013630,0001178879,"AMICUS THERAPEUTICS, INC.  (FOLD)  (CIK 0001178879)",FOLD,release_text,2021-02-08,2021-02-08T14:30:20,acceptance_time,2021-02-08,AT-GTX-502,1/2,CLN3 Batten disease,,,260587610,2020-11-05,https://www.sec.gov/Archives/edgar/data/1178879/000110465921013630/tm215748d1_8k.htm
0001193125-21-031585,0001681087,"AVROBIO, Inc.  (TECX)  (CIK 0001681087)",AVRO,release_text,2021-02-08,2021-02-08T07:57:20,acceptance_time,2021-02-08,AVR-RD-01,2,Fabry disease,FAB-GT,NCT03454893;NCT03897361;NCT04145037,36450950,2020-11-05,https://www.sec.gov/Archives/edgar/data/1681087/000119312521031585/d106770dex991.htm
0001193125-21-033294,0001748907,Orchard Therapeutics plc  (CIK 0001748907),ORTX,release_text,2021-02-09,2021-02-09T07:10:01,acceptance_time,2021-02-09,OTL-203,,Mucopolysaccharidosis Type I Hurler Syndrome,,,97749444,2020-11-03,https://www.sec.gov/Archives/edgar/data/1748907/000119312521033294/d100234d8k.htm
0001493152-21-003017,0001360214,"HARROW HEALTH, INC.  (HROW, HROWL, HROWM)  (CIK 0001360214)",HROW,release_text,2021-02-09,2021-02-09T08:00:11,acceptance_time,2021-02-09,MELT,1,cataract surgery,,,25745967.0,2020-11-09,https://www.sec.gov/Archives/edgar/data/1360214/000149315221003017/form8-k.htm
0001553350-21-000101,0001476963,"HEAT BIOLOGICS, INC.  (SCPX)  (CIK 0001476963)",HTBX,release_text,2021-02-09,2021-02-09T08:12:01,acceptance_time,2021-02-09,HS-110,2,non-small cell lung cancer,,,159845850,2020-11-09,https://www.sec.gov/Archives/edgar/data/1476963/000155335021000101/htbx_8k.htm
0001654954-21-001339,0001719406,"Big Rock Partners Acquisition Corp.  (NRXP, NRXPW)  (CIK 0001719406)",RLF,release_text,2021-02-09,2021-02-09T09:39:43,acceptance_time,2021-02-09,ZYESAMI,2b/3,COVID-19,,,2688242,2020-11-16,https://www.sec.gov/Archives/edgar/data/1719406/000165495421001339/brpa_8k.htm
0001193125-21-037721,0001633932,ESSA Pharma Inc.  (EPIX)  (CIK 0001633932),EPIX,release_text,2021-02-11,2021-02-11T10:28:00,acceptance_time,2021-02-11,EPI-7386,1,metastatic castration-resistant prostate cancer,,NCT04421222,33600122,2020-12-15,https://www.sec.gov/Archives/edgar/data/1633932/000119312521037721/d114076dex991.htm
0001564590-21-005408,0001069308,Acer Therapeutics Inc.  (CIK 0001069308),ACER,release_text,2021-02-11,2021-02-11T09:03:23,acceptance_time,2021-02-11,ACER-001,,urea cycle disorders,,,12285005,2020-11-10,https://www.sec.gov/Archives/edgar/data/1069308/000156459021005408/acer-8k_20210211.htm
0001564590-21-005752,0001746466,"Equillium, Inc.  (EQ)  (CIK 0001746466)",EQ,release_text,2021-02-12,2021-02-12T15:05:28,acceptance_time,2021-02-12,itolizumab,2,acute graft-versus-host disease,EQUATE,,24727544,2020-11-10,https://www.sec.gov/Archives/edgar/data/1746466/000156459021005752/eq-8k_20210212.htm
0001104659-21-020661,0001178879,"AMICUS THERAPEUTICS, INC.  (FOLD)  (CIK 0001178879)",FOLD,release_text,2021-02-11,2021-02-11T16:01:46,acceptance_time,2021-02-12,AT-GAA,3,late-onset Pompe disease,PROPEL,NCT03911505,260587610,2020-11-05,https://www.sec.gov/Archives/edgar/data/1178879/000110465921020661/tm216326d1_8k.htm
0001437749-21-002896,0001053691,Diffusion Pharmaceuticals Inc.  (CRVO)  (CIK 0001053691),DFFN,release_text,2021-02-16,2021-02-16T08:10:09,acceptance_time,2021-02-16,trans sodium crocetinate,1b,COVID-19,,,64015441,2020-11-12,https://www.sec.gov/Archives/edgar/data/1053691/000143774921002896/ex_226666.htm
0001615219-21-000017,0001615219,"Salarius Pharmaceuticals, Inc.  (SLRX)  (CIK 0001615219)",SLRX,release_text,2021-02-17,2021-02-17T16:00:33,acceptance_time,2021-02-18,seclidemstat,1/2,Ewing sarcoma,,,19843866,2020-11-12,https://www.sec.gov/Archives/edgar/data/1615219/000161521921000017/slrxpr02172021.htm
0001193805-21-000241,0001280776,"IMMUNIC, INC.  (IMUX)  (CIK 0001280776)",IMUX,release_text,2021-02-17,2021-02-18T07:40:53,release_date_only,2021-02-18,IMU-838,2,COVID-19,CALVID-1,NCT04379271,20718340,2020-11-06,https://www.sec.gov/Archives/edgar/data/1280776/000119380521000241/e620306_8k-immunic.htm
0001140361-21-005422,0001104506,INSMED Inc  (INSM)  (CIK 0001104506),INSM,release_text,2021-02-19,2021-02-19T09:09:31,acceptance_time,2021-02-19,treprostinil palmitil inhalation powder,1,pulmonary arterial hypertension,,,101867707,2020-10-29,https://www.sec.gov/Archives/edgar/data/1104506/000114036121005422/brhc10020565_8k.htm
0001193125-21-049866,0001493566,"OTONOMY, INC.  (CIK 0001493566)",OTIC,release_text,2021-02-22,2021-02-22T07:16:53,acceptance_time,2021-02-22,OTIVIDEX,3,Ménière’s disease,OTIVIDEX Phase 3 trial,,48318970,2021-02-11,https://www.sec.gov/Archives/edgar/data/1493566/000119312521049866/d91016dex991.htm
0001193125-21-050730,0001703647,"Frequency Therapeutics, Inc.  (KRRO)  (CIK 0001703647)",FREQ,release_text,2021-02-22,2021-02-22T16:01:15,acceptance_time,2021-02-23,FX-322,1/2,acquired sensorineural hearing loss,FX-322 Phase 1/2 study,,33734692,2020-11-16,https://www.sec.gov/Archives/edgar/data/1703647/000119312521050730/d135631dex991.htm
0001654954-21-002007,0001719406,"Big Rock Partners Acquisition Corp.  (NRXP, NRXPW)  (CIK 0001719406)",BRPA,release_text,2021-02-23,2021-02-23T20:00:25,acceptance_time,2021-02-24,ZYESAMI (aviptadil),2b/3,Covid-19,,NCT04311697,2688242,2020-11-16,https://www.sec.gov/Archives/edgar/data/1719406/000165495421002007/brpa_8k.htm
0001171843-21-001346,0000882796,BIOCRYST PHARMACEUTICALS INC  (BCRX)  (CIK 0000882796),BCRX,release_text,2021-02-25,2021-02-25T16:40:17,acceptance_time,2021-02-26,ORLADEYO (berotralstat),,hereditary angioedema,APeX-2,,176565622,2020-11-06,https://www.sec.gov/Archives/edgar/data/882796/000117184321001346/exh_991.htm
0001493152-21-005160,0000908259,MATEON THERAPEUTICS INC  (OTLC)  (CIK 0000908259),MATN,release_text,2021-03-01,2021-03-02T07:00:35,release_date_only,2021-03-02,PulmoHeal,,COVID-19,ARTI-19,,89601912,2020-11-16,https://www.sec.gov/Archives/edgar/data/908259/000149315221005160/ex99-1.htm
0001564590-21-010309,0001080709,ARENA PHARMACEUTICALS INC  (CIK 0001080709),ARNA,release_text,2021-03-02,2021-03-02T16:50:48,acceptance_time,2021-03-03,olorinab,2b,Irritable Bowel Syndrome,CAPTIVATE,NCT04043455,60334648,2021-02-23,https://www.sec.gov/Archives/edgar/data/1080709/000156459021010309/arna-8k_20210302.htm
0001104659-21-031198,0001372299,"Ocugen, Inc.  (OCGN)  (CIK 0001372299)",OCGN,release_text,2021-03-03,2021-03-03T09:55:17,acceptance_time,2021-03-03,COVAXIN,3,COVID-19,,,162026473,2020-11-06,https://www.sec.gov/Archives/edgar/data/1372299/000110465921031198/tm218561d1_ex99-1.htm
0001193125-21-068593,0001175505,"FIVE PRIME THERAPEUTICS, INC.  (CIK 0001175505)",AMGN,release_text,2021-03-04,2021-03-04T08:58:02,acceptance_time,2021-03-04,bemarituzumab,2,gastric or gastroesophageal junction (GEJ) cancer,FIGHT,,38037666,2020-11-03,https://www.sec.gov/Archives/edgar/data/1175505/000119312521068593/d77427d8k.htm
0001193125-21-073448,0001175680,CytoDyn Inc.  (CYDY)  (CIK 0001175680),CYDY,sec_current,2021-03-04,2021-03-08T17:27:56,release_date_only,2021-03-05,Leronlimab (PRO 140),,COVID-19,CD12_COVID-19,,598132866,2021-01-08,https://www.sec.gov/Archives/edgar/data/1175680/000119312521073448/d145217dex991.htm
0001370053-21-000022,0001370053,"ANAPTYSBIO, INC  (ANAB)  (CIK 0001370053)",ANAB,release_text,2021-03-08,2021-03-08T08:05:17,acceptance_time,2021-03-08,imsidolimab,2,moderate-to-severe palmoplantar pustulosis (PPP),POPLAR,,27366405,2021-02-25,https://www.sec.gov/Archives/edgar/data/1370053/000137005321000022/anab-20210308.htm
0001564590-21-013008,0001800315,"Galecto, Inc.  (GLTO)  (CIK 0001800315)",GLTO,release_text,2021-03-15,2021-03-15T07:52:39,acceptance_time,2021-03-15,GB0139,2b,Idiopathic Pulmonary Fibrosis,GALACTIC-1,,25260816,2020-12-11,https://www.sec.gov/Archives/edgar/data/1800315/000156459021013008/glto-ex991_6.htm
0001104659-21-035910,0001709401,"Rubius Therapeutics, Inc.  (CIK 0001709401)",RUBY,release_text,2021-03-15,2021-03-15T07:36:19,acceptance_time,2021-03-15,RTX-240,1/2,advanced solid tumors,,,81181972,2021-02-23,https://www.sec.gov/Archives/edgar/data/1709401/000110465921035910/tm219672d2_8k.htm
0001564590-21-013009,0001746466,"Equillium, Inc.  (EQ)  (CIK 0001746466)",EQ,release_text,2021-03-15,2021-03-15T08:02:22,acceptance_time,2021-03-15,itolizumab,,acute graft-versus-host disease,EQUATE,,24727544,2020-11-10,https://www.sec.gov/Archives/edgar/data/1746466/000156459021013009/eq-8k_20210315.htm
0001564590-21-013011,0001339970,aTYR PHARMA INC  (ATYR)  (CIK 0001339970),LIFE,release_text,2021-03-15,2021-03-15T08:09:17,acceptance_time,2021-03-15,ATYR1923,2,COVID-19,,,10124027,2020-11-13,https://www.sec.gov/Archives/edgar/data/1339970/000156459021013011/life-8k_20210315.htm
0001140361-21-008429,0001228627,"Ocuphire Pharma, Inc.  (OCUP)  (CIK 0001228627)",OCUP,release_text,2021-03-15,2021-03-15T09:00:45,acceptance_time,2021-03-15,Nyxol,3,pharmacologically induced mydriasis,MIRA-2,NCT04620213;NCT04638660;NCT04675151;NCT04692688,10929881,2021-03-11,https://www.sec.gov/Archives/edgar/data/1228627/000114036121008429/nt10021594x4_ex99-2.htm
0001193125-21-081556,0001707502,Solid Biosciences Inc.  (SLDB)  (CIK 0001707502),SLDB,release_text,2021-03-15,2021-03-15T17:22:00,acceptance_time,2021-03-16,SGT-001,1/2,Duchenne muscular dystrophy,IGNITE DMD,,85130417,2021-03-15,https://www.sec.gov/Archives/edgar/data/1707502/000119312521081556/d143986d8k.htm
0001213900-21-015425,0001553643,"RELMADA THERAPEUTICS, INC.  (RLMD)  (CIK 0001553643)",RLMD,sec_current,,2021-03-15T17:14:01,acceptance_time,2021-03-16,REL-1017,,human abuse potential,REL-1017-120,,16241526,2020-11-12,https://www.sec.gov/Archives/edgar/data/1553643/000121390021015425/ea137710ex99-1_relmada.htm
0001104659-21-038365,0000861838,"IDERA PHARMACEUTICALS, INC.  (CIK 0000861838)",IDRA,release_text,2021-03-18,2021-03-18T16:15:40,acceptance_time,2021-03-19,tilsotolimod,3,anti-PD-1 refractory advanced melanoma,ILLUMINATE-301,,42257456,2021-03-01,https://www.sec.gov/Archives/edgar/data/861838/000110465921038365/tm2110123d1_8k.htm
0001104659-21-038870,0000707511,REGENERX BIOPHARMACEUTICALS INC  (RGRX)  (CIK 0000707511),RGRX,release_text,2021-03-18,2021-03-19T12:55:52,release_date_only,2021-03-19,RGN-259,3,dry eye syndrome,ARISE-3,,133546788,2021-03-02,https://www.sec.gov/Archives/edgar/data/707511/000110465921038870/tm2110350d1_8k.htm
0001171843-21-001951,0000882796,BIOCRYST PHARMACEUTICALS INC  (BCRX)  (CIK 0000882796),BCRX,release_text,2021-03-22,2021-03-22T08:07:43,acceptance_time,2021-03-22,BCX9930,,paroxysmal nocturnal hemoglobinuria,,,177182751,2021-03-01,https://www.sec.gov/Archives/edgar/data/882796/000117184321001951/exh_991.htm
0001104659-21-039392,0001509745,"LEAP THERAPEUTICS, INC.  (LPTX)  (CIK 0001509745)",LPTX,release_text,2021-03-22,2021-03-22T07:15:36,acceptance_time,2021-03-22,DKN-01,2,advanced gynecological malignancies,P204,,59657742,2021-03-12,https://www.sec.gov/Archives/edgar/data/1509745/000110465921039392/tm2110451d1_8k.htm
0001126234-21-000036,0001126234,"LUMOS PHARMA, INC.  (LUMO)  (CIK 0001126234)",LUMO,release_text,2021-03-20,2021-03-23T16:19:01,release_date_only,2021-03-22,LUM-201,,pediatric growth hormone deficiency,,,8325631,2021-03-09,https://www.sec.gov/Archives/edgar/data/1126234/000112623421000036/lumo-20210320x8kxex991.htm
0001104659-21-039696,0001744659,"Akero Therapeutics, Inc.  (AKRO)  (CIK 0001744659)",AKRO,release_text,2021-03-22,2021-03-22T16:05:59,acceptance_time,2021-03-23,efruxifermin (EFX),2a,cirrhotic nonalcoholic steatohepatitis (NASH),BALANCED,,34770319,2021-03-16,https://www.sec.gov/Archives/edgar/data/1744659/000110465921039696/tm219778d2_8k.htm
0001564590-21-014963,0001751299,"Kaleido Biosciences, Inc.  (KLDO)  (CIK 0001751299)",KLDO,release_text,2021-03-24,2021-03-24T07:02:28,acceptance_time,2021-03-24,KB109,,mild-to-moderate COVID-19,,,42466791,2021-03-03,https://www.sec.gov/Archives/edgar/data/1751299/000156459021014963/kldo-ex992_106.htm
0001193125-21-091865,0001711279,"Krystal Biotech, Inc.  (KRYS)  (CIK 0001711279)",KRYS,release_text,2021-03-24,2021-03-24T07:00:31,acceptance_time,2021-03-24,KB301,1,aesthetic skin conditions,PEARL-1,NCT04540900,22194752,2021-03-01,https://www.sec.gov/Archives/edgar/data/1711279/000119312521091865/d119783dex991.htm
0001193125-21-098947,0001706431,"Vir Biotechnology, Inc.  (VIR)  (CIK 0001706431)",VIR,release_text,2021-03-26,2021-03-30T06:07:58,release_date_only,2021-03-29,VIR-7831,3,COVID-19,COMET-ICE,,127836816,2021-02-25,https://www.sec.gov/Archives/edgar/data/1706431/000119312521098947/d118531d8k.htm
0001193125-21-098276,0001631574,Wave Life Sciences Ltd.  (WVE)  (CIK 0001631574),WVE,release_text,2021-03-29,2021-03-29T16:09:45,acceptance_time,2021-03-30,WVE-120102 and WVE-120101,1b/2a,Huntington’s disease,PRECISION-HD2 and PRECISION-HD1,,48997368,2021-03-04,https://www.sec.gov/Archives/edgar/data/1631574/000119312521098276/d28637dex991.htm
0001193125-21-103232,0001326190,"Altimmune, Inc.  (ALT)  (CIK 0001326190)",ALT,release_text,2021-04-01,2021-04-01T07:30:59,acceptance_time,2021-04-01,NasoShield,1b,anthrax,,,37150376,2021-02-25,https://www.sec.gov/Archives/edgar/data/1326190/000119312521103232/d148089d8k.htm
0001654954-21-003700,0001604191,"AzurRx BioPharma, Inc.  (ENTO)  (CIK 0001604191)",AZRX,release_text,2021-03-31,2021-04-01T08:00:46,release_date_only,2021-04-01,MS1819,2b,cystic fibrosis (CF) patients with exocrine pancreatic insufficiency (EPI),OPTION 2,,74439377,2021-03-31,https://www.sec.gov/Archives/edgar/data/1604191/000165495421003700/azrx8k_03312021.htm
0001104659-21-046642,0001133818,BIO-PATH HOLDINGS INC  (BPTH)  (CIK 0001133818),BPTH,release_text,2021-04-05,2021-04-05T16:54:39,acceptance_time,2021-04-06,prexigebersen (BP1001),2,acute myeloid leukemia (AML),,,6947912,2021-03-09,https://www.sec.gov/Archives/edgar/data/1133818/000110465921046642/tm2112205d1_ex99-1.htm
0001564590-21-017609,0001595893,"Turning Point Therapeutics, Inc.  (CIK 0001595893)",TPTX,release_text,2021-04-05,2021-04-05T16:05:37,acceptance_time,2021-04-06,TPX-0046,1/2,non-small cell lung cancer (NSCLC) and medullary thyroid carcinoma (MTC),SWORD-1,,48979903,2021-03-01,https://www.sec.gov/Archives/edgar/data/1595893/000156459021017609/tptx-8k_20210405.htm
0001193125-21-112437,0001597553,"Sage Therapeutics, Inc.  (SAGE)  (CIK 0001597553)",,missing,2021-04-12,2021-04-12T07:17:54,acceptance_time,2021-04-12,SAGE-324,2,essential tremor (ET),KINETIC,,58381933,2021-02-24,https://www.sec.gov/Archives/edgar/data/1597553/000119312521112437/d168581d8k.htm
0001651308-21-000068,0001651308,"BeiGene, Ltd.  (BGNE, BEIGF)  (CIK 0001651308)",BGNE,release_text,2021-04-11,2021-04-12T16:10:53,release_date_only,2021-04-12,sitravatinib and tislelizumab,1b,unresectable or metastatic melanoma and advanced platinum-resistant ovarian cancer,NCT03666143,NCT03358875;NCT03412773;NCT03419897;NCT03430843;NCT03594747;NCT03663205;NCT03666143;NCT03736889;NCT03777657;NCT03783442;NCT03924986;NCT03957590;NCT03967977;NCT04004221;NCT04005716;NCT04379635;NCT04486391,1190821941,2021-02-25,https://www.sec.gov/Archives/edgar/data/1651308/000165130821000068/bgne-20210411.htm
0001193125-21-112486,0001808865,"iTeos Therapeutics, Inc.  (ITOS)  (CIK 0001808865)",ITOS,release_text,2021-04-10,2021-04-12T08:13:59,release_date_only,2021-04-12,EOS-448,1,advanced solid tumors,,,35098999,2021-03-24,https://www.sec.gov/Archives/edgar/data/1808865/000119312521112486/d166644d8k.htm
0001193125-21-113977,0001704292,Zai Lab Ltd  (ZLAB)  (CIK 0001704292),ZLAB,release_text,2021-04-13,2021-04-13T07:45:02,acceptance_time,2021-04-13,Tumor Treating Fields (TTFields),3,stage 4 non-small cell lung cancer (NSCLC),LUNAR,,88592343,2021-03-01,https://www.sec.gov/Archives/edgar/data/1704292/000119312521113977/d138538dex991.htm
0001789769-21-000009,0001789769,"Instil Bio, Inc.  (TIL)  (CIK 0001789769)",TIL,release_text,2021-04-13,2021-04-13T16:48:10,acceptance_time,2021-04-14,,,Metastatic Melanoma,,,,,https://www.sec.gov/Archives/edgar/data/1789769/000178976921000009/instilbio-8xkxitem80141221.htm
0001564590-21-018749,0001527599,"SYNLOGIC, INC.  (SYBX)  (CIK 0001527599)",SYBX,release_text,2021-04-13,2021-04-13T18:49:42,acceptance_time,2021-04-14,SYNB1618,1,Phenylketonuria (PKU),,NCT04534842,39657841,2021-03-25,https://www.sec.gov/Archives/edgar/data/1527599/000156459021018749/d156442dex992.htm
0001104659-21-049830,0001034842,RIGEL PHARMACEUTICALS INC  (RIGL)  (CIK 0001034842),RIGL,release_text,2021-04-13,2021-04-13T17:26:37,acceptance_time,2021-04-14,fostamatinib,2,COVID-19,,,170041848,2021-03-02,https://www.sec.gov/Archives/edgar/data/1034842/000110465921049830/tm2112882d1_8k.htm
0001558370-21-004378,0001001316,"TG THERAPEUTICS, INC.  (TGTX)  (CIK 0001001316)",TGTX,release_text,2021-04-16,2021-04-16T07:53:43,acceptance_time,2021-04-16,ublituximab,3,relapsing forms of multiple sclerosis (RMS),ULTIMATE I & II,NCT03277248;NCT03277261,140586187,2021-03-01,https://www.sec.gov/Archives/edgar/data/1001316/000155837021004378/tgtx-20210416x8k.htm
0001214659-21-004353,0001293310,"HUMANIGEN, INC  (CIK 0001293310)",HGEN,release_text,2021-04-19,2021-04-20T17:28:16,release_date_only,2021-04-20,lenzilumab,1b,diffuse large B-cell lymphoma,ZUMA-19,,53482364,2021-03-10,https://www.sec.gov/Archives/edgar/data/1293310/000121465921004353/ex99_1.htm
0001561743-21-000026,0001561743,"Kindred Biosciences, Inc.  (CIK 0001561743)",KIN,release_text,2021-04-20,2021-04-20T16:06:49,acceptance_time,2021-04-21,KIND-039,,,,,41449218,2021-03-16,https://www.sec.gov/Archives/edgar/data/1561743/000156174321000026/kin-20210420.htm
0001493152-21-009378,0000908259,"Oncotelic Therapeutics, Inc.  (OTLC)  (CIK 0000908259)",OTLC,release_text,2021-04-20,2021-04-21T16:31:17,release_date_only,2021-04-21,PulmoHeal,,COVID-19,ARTI-19,,91259112,2021-04-15,https://www.sec.gov/Archives/edgar/data/908259/000149315221009378/ex99-1.htm
0001104659-21-053355,0001372299,"Ocugen, Inc.  (OCGN)  (CIK 0001372299)",OCGN,release_text,2021-04-21,2021-04-22T06:01:24,release_date_only,2021-04-22,COVAXIN,3,COVID-19,,,188088860,2021-03-19,https://www.sec.gov/Archives/edgar/data/1372299/000110465921053355/tm2113722d1_ex99-1.htm
0001193125-21-125592,0001445283,"YUMANITY THERAPEUTICS, INC.  (KA)  (CIK 0001445283)",YMTX,release_text,2021-04-22,2021-04-22T07:11:51,acceptance_time,2021-04-22,YTX-7739,1a,Parkinson’s disease,,,10193831,2021-03-31,https://www.sec.gov/Archives/edgar/data/1445283/000119312521125592/d113067dex991.htm
0000819050-21-000055,0000819050,"Brickell Biotech, Inc.  (FRTX)  (CIK 0000819050)",BBI,release_text,2021-04-23,2021-04-23T10:02:52,acceptance_time,2021-04-23,sofpironium bromide gel,3,primary axillary hyperhidrosis,ARGYLE,NCT03836287;NCT03948646,66929896,2021-03-09,https://www.sec.gov/Archives/edgar/data/819050/000081905021000055/a202104238kex991.htm
0001193125-21-132903,0001341235,"Aldeyra Therapeutics, Inc.  (ALDX)  (CIK 0001341235)",ALDX,release_text,2021-04-27,2021-04-27T08:00:01,acceptance_time,2021-04-27,reproxalap,3,allergic conjunctivitis,INVIGORATE,,47246847,2021-03-11,https://www.sec.gov/Archives/edgar/data/1341235/000119312521132903/d39940d8k.htm
0001651308-21-000077,0001651308,"BeiGene, Ltd.  (BGNE, BEIGF)  (CIK 0001651308)",BGNE,release_text,2021-04-28,2021-04-28T16:15:33,acceptance_time,2021-04-29,BRUKINSA,3,chronic lymphocytic leukemia or small lymphocytic lymphoma,ALPINE,NCT03734016,1190821941,2021-02-25,https://www.sec.gov/Archives/edgar/data/1651308/000165130821000077/bgne-20210428.htm
0001213900-21-023409,0001158780,PLURISTEM THERAPEUTICS INC  (PLUR)  (CIK 0001158780),PSTI,release_text,2021-04-29,2021-04-29T09:40:42,acceptance_time,2021-04-29,PLX-R18,,incomplete hematopoietic recovery following hematopoietic cell transplantation,,,31529267,2021-02-08,https://www.sec.gov/Archives/edgar/data/1158780/000121390021023409/ea140095-8k_pluristem.htm
0001104659-21-056913,0001346830,"Cara Therapeutics, Inc.  (CARA)  (CIK 0001346830)",CARA,release_text,2021-04-29,2021-04-29T07:21:15,acceptance_time,2021-04-29,Oral KORSUVA,2,atopic dermatitis,KARE,,49876763,2021-02-25,https://www.sec.gov/Archives/edgar/data/1346830/000110465921056913/tm2114554d1_8k.htm
0001193125-21-140479,0001783183,"Phathom Pharmaceuticals, Inc.  (PHAT)  (CIK 0001783183)",PHAT,release_text,2021-04-29,2021-04-29T16:18:51,acceptance_time,2021-04-30,vonoprazan,3,Helicobacter pylori infection,PHALCON-HP,,31321613,2021-03-30,https://www.sec.gov/Archives/edgar/data/1783183/000119312521140479/d144736d8k.htm
0001193125-21-146721,0001505512,Regulus Therapeutics Inc.  (RGLS)  (CIK 0001505512),RGLS,release_text,2021-05-03,2021-05-03T08:16:28,acceptance_time,2021-05-03,RGLS4326,1b,autosomal dominant polycystic kidney disease,,,72504772,2021-03-09,https://www.sec.gov/Archives/edgar/data/1505512/000119312521146721/d176635d8k.htm
0001564590-21-022707,0000873303,"Sarepta Therapeutics, Inc.  (SRPT)  (CIK 0000873303)",SRPT,release_text,2021-05-03,2021-05-03T08:52:30,acceptance_time,2021-05-03,SRP-5051,2,Duchenne muscular dystrophy,MOMENTUM,,79420643,2021-03-01,https://www.sec.gov/Archives/edgar/data/873303/000156459021022707/srpt-ex991_24.htm
0001104659-21-060677,0001509261,"Rezolute, Inc.  (RZLT)  (CIK 0001509261)",RZLT,release_text,2021-05-04,2021-05-04T10:42:18,acceptance_time,2021-05-04,RZ402,1a,diabetic macular edema,RZ402-101,,8352277,2021-02-10,https://www.sec.gov/Archives/edgar/data/1509261/000110465921060677/tm2115088d1_8k.htm
0001193125-21-152744,0001273636,APPLIED GENETIC TECHNOLOGIES CORP  (CIK 0001273636),AGTC,release_text,2021-05-06,2021-05-06T09:20:58,acceptance_time,2021-05-06,XLRP product candidate,1/2,X-linked retinitis pigmentosa,,,42657878,2021-02-11,https://www.sec.gov/Archives/edgar/data/1273636/000119312521152744/d418940dex991.htm
0001493152-21-010840,0001076682,"POLARITYTE, INC.  (RGTPQ)  (CIK 0001076682)",PTE,release_text,2021-05-10,2021-05-10T08:00:23,acceptance_time,2021-05-10,SkinTE,,Diabetic Foot Ulcers,NCT03881254,NCT03881254,80319378,2021-03-30,https://www.sec.gov/Archives/edgar/data/1076682/000149315221010840/ex99-1.htm
0001564590-21-026328,0001419600,Flexion Therapeutics Inc  (CIK 0001419600),,missing,,2021-05-11T09:29:20,acceptance_time,2021-05-11,FX201,1,Osteoarthritis,NCT04119687,NCT04119687,49924004,2021-03-10,https://www.sec.gov/Archives/edgar/data/1419600/000156459021026328/flxn-8k_20210511.htm
0001213900-21-025557,0001721484,Longeveron Inc.  (LGVN)  (CIK 0001721484),LGVN,sec_current,,2021-05-11T11:42:07,acceptance_time,2021-05-11,Lomecel-B,1,Alzheimer’s disease,,,,,https://www.sec.gov/Archives/edgar/data/1721484/000121390021025557/ea140654ex99-1_longeveron.htm
0001564590-21-026261,0001748907,Orchard Therapeutics plc  (CIK 0001748907),ORTX,release_text,2021-05-11,2021-05-11T06:05:37,acceptance_time,2021-05-11,OTL-101,1/2,adenosine deaminase severe combined immunodeficiency (ADA-SCID),,,123695336,2021-03-02,https://www.sec.gov/Archives/edgar/data/1748907/000156459021026261/ortx-ex991_8.htm
0001493152-21-011082,0000764195,VBI Vaccines Inc/BC  (VBIVQ)  (CIK 0000764195),VBIV,release_text,2021-05-12,2021-05-12T08:00:39,acceptance_time,2021-05-12,3-antigen hepatitis B vaccine candidate,3,hepatitis B,PROTECT,,254195435,2021-05-10,https://www.sec.gov/Archives/edgar/data/764195/000149315221011082/ex99-1.htm
0001171843-21-003417,0001629137,"Global Blood Therapeutics, Inc.  (CIK 0001629137)",GBT,release_text,2021-05-12,2021-05-12T10:01:12,acceptance_time,2021-05-12,Oxbryta (voxelotor),2a,sickle cell disease,HOPE-KIDS 1,,62266753,2021-05-05,https://www.sec.gov/Archives/edgar/data/1629137/000117184321003417/exh_991.htm
0001193125-21-159128,0001690585,"Magenta Therapeutics, Inc.  (DNTH)  (CIK 0001690585)",MGTA,release_text,2021-05-12,2021-05-12T16:31:35,acceptance_time,2021-05-13,MGTA-145,2,multiple myeloma,,,48610659,2021-05-06,https://www.sec.gov/Archives/edgar/data/1690585/000119312521159128/d541436dex992.htm
0001104659-21-066769,0000707511,REGENERX BIOPHARMACEUTICALS INC  (RGRX)  (CIK 0000707511),RGRX,release_text,2021-05-14,2021-05-14T15:07:24,acceptance_time,2021-05-14,RGN-259,3,dry eye syndrome,ARISE-3,,133546788,2021-03-02,https://www.sec.gov/Archives/edgar/data/707511/000110465921066769/tm2116521d1_ex99-1.htm
0001136261-21-000066,0001017491,"SEELOS THERAPEUTICS, INC.  (SEEL)  (CIK 0001017491)",SEEL,release_text,2021-05-17,2021-05-17T06:12:33,acceptance_time,2021-05-17,SLS-002,2,Acute Suicidal Ideation and Behavior in patients with Major Depressive Disorder,,,78583021,2021-04-30,https://www.sec.gov/Archives/edgar/data/1017491/000113626121000066/body8k.htm
0001564590-21-028550,0000873303,"Sarepta Therapeutics, Inc.  (SRPT)  (CIK 0000873303)",SRPT,release_text,2021-05-18,2021-05-18T08:57:32,acceptance_time,2021-05-18,SRP-9001,,Duchenne muscular dystrophy,ENDEAVOR,,79774575,2021-05-05,https://www.sec.gov/Archives/edgar/data/873303/000156459021028550/srpt-ex991_15.htm
0001280600-21-000042,0001280600,ACCELERON PHARMA INC  (CIK 0001280600),XLRN,release_text,2021-05-19,2021-05-19T08:12:49,acceptance_time,2021-05-19,sotatercept,2,pulmonary arterial hypertension (PAH),PULSAR,,60699406,2021-05-06,https://www.sec.gov/Archives/edgar/data/1280600/000128060021000042/xlrn-20210519.htm
0001293971-21-000043,0001293971,"bluebird bio, Inc.  (BLUE)  (CIK 0001293971)",BMY,release_text,2021-05-19,2021-05-19T17:06:16,acceptance_time,2021-05-20,Abecma (idecabtagene vicleucel),,relapsed or refractory multiple myeloma,KarMMa,,67447548,2021-05-05,https://www.sec.gov/Archives/edgar/data/1293971/000129397121000043/exhibit99120210519.htm
0001564590-21-028892,0001382101,"SUTRO BIOPHARMA, INC.  (STRO)  (CIK 0001382101)",STRO,release_text,2021-05-19,2021-05-19T17:00:55,acceptance_time,2021-05-20,STRO-002,1,"advanced, progressive ovarian cancer",STRO-002-GM1,,46112952,2021-05-07,https://www.sec.gov/Archives/edgar/data/1382101/000156459021028892/stro-ex991_6.htm
0001558370-21-007554,0001621227,Adaptimmune Therapeutics PLC  (ADAP)  (CIK 0001621227),ADAP,release_text,2021-05-19,2021-05-19T17:08:20,acceptance_time,2021-05-20,afamitresgene autoleucel (afami-cel),2,synovial sarcoma,SPEARHEAD-1,,932984520,2021-05-06,https://www.sec.gov/Archives/edgar/data/1621227/000155837021007554/adap-20210519x8k.htm
0001104659-21-069398,0001701541,"Black Diamond Therapeutics, Inc.  (BDTX)  (CIK 0001701541)",BDTX,release_text,2021-05-19,2021-05-19T17:06:32,acceptance_time,2021-05-20,BDTX-189,1,advanced solid tumors harboring EGFR or HER2 alterations,MasterKey-01,,36162373,2021-05-07,https://www.sec.gov/Archives/edgar/data/1701541/000110465921069398/tm2116976d1_8k.htm
0001737287-21-000025,0001737287,"Allogene Therapeutics, Inc.  (ALLO)  (CIK 0001737287)",ALLO,release_text,2021-05-19,2021-05-19T17:04:13,acceptance_time,2021-05-20,ALLO-501 and ALLO-501A,1,relapsed/refractory non-Hodgkin lymphoma,ALPHA and ALPHA2,,141538421,2021-05-05,https://www.sec.gov/Archives/edgar/data/1737287/000173728721000025/allo-20210519.htm
0001493152-21-012317,0000764195,VBI Vaccines Inc/BC  (VBIVQ)  (CIK 0000764195),VBIV,release_text,2021-05-20,2021-05-20T08:00:18,acceptance_time,2021-05-20,VBI-1901,2a,recurrent glioblastoma,,,254195435,2021-05-10,https://www.sec.gov/Archives/edgar/data/764195/000149315221012317/ex99-1.htm
0001615219-21-000054,0001615219,"Salarius Pharmaceuticals, Inc.  (SLRX)  (CIK 0001615219)",SLRX,release_text,2021-05-19,2021-05-20T07:57:40,release_date_only,2021-05-20,seclidemstat,1/2,Ewing sarcoma and Advanced Solid Tumor,,,44772606,2021-05-12,https://www.sec.gov/Archives/edgar/data/1615219/000161521921000054/salarius-xascoabstractsrel.htm
0001140361-21-018115,0001472091,PDS Biotechnology Corp  (PDSB)  (CIK 0001472091),PDSB,release_text,2021-05-20,2021-05-20T08:30:53,acceptance_time,2021-05-20,PDS0101,2,HPV16-associated cancers,NCT04287868,NCT04287868,22278261,2021-05-13,https://www.sec.gov/Archives/edgar/data/1472091/000114036121018115/nc10023834x3_ex99-1.htm
0001553350-21-000437,0001476963,"HEAT BIOLOGICS, INC.  (SCPX)  (CIK 0001476963)",HTBX,release_text,2021-05-20,2021-05-20T07:35:14,acceptance_time,2021-05-20,HS-110,2,advanced non-small cell lung cancer,,,25253234,2021-05-05,https://www.sec.gov/Archives/edgar/data/1476963/000155335021000437/htbx_8k.htm
0001293971-21-000045,0001293971,"bluebird bio, Inc.  (BLUE)  (CIK 0001293971)",BLUE,release_text,2021-05-21,2021-05-21T08:33:04,acceptance_time,2021-05-21,SKYSONA,,early cerebral adrenoleukodystrophy,ALD-102,,67447548,2021-05-05,https://www.sec.gov/Archives/edgar/data/1293971/000129397121000045/exhibit99120210521.htm
0001104659-21-069870,0001279704,"Cellectar Biosciences, Inc.  (CLRB)  (CIK 0001279704)",CLRB,release_text,2021-05-20,2021-05-20T16:03:31,acceptance_time,2021-05-21,CLR 131,2a,Waldenstrom’s macroglobulinemia,CLOVER-1,,52726278,2021-05-10,https://www.sec.gov/Archives/edgar/data/1279704/000110465921069870/tm2117124d1_ex99-1.htm
0001193125-21-169953,0001426332,NGM BIOPHARMACEUTICALS INC  (CIK 0001426332),NGM,release_text,2021-05-24,2021-05-24T07:09:32,acceptance_time,2021-05-24,aldafermin,2b,non-alcoholic steatohepatitis,ALPINE 2/3,,77018206,2021-05-06,https://www.sec.gov/Archives/edgar/data/1426332/000119312521169953/d58583d8k.htm
0001104659-21-071574,0001682639,"EYENOVIA, INC.  (EYEN)  (CIK 0001682639)",EYEN,release_text,2021-05-25,2021-05-25T08:06:45,acceptance_time,2021-05-25,MicroLine,3,presbyopia,VISION-1,,25855599,2021-05-14,https://www.sec.gov/Archives/edgar/data/1682639/000110465921071574/tm2117268d1_8k.htm
0001564590-21-029886,0001671584,Aptevo Therapeutics Inc.  (APVO)  (CIK 0001671584),APVO,release_text,2021-05-26,2021-05-26T09:00:10,acceptance_time,2021-05-26,APVO436,1,acute myeloid leukemia and myelodysplastic syndromes,,NCT03647800,4449535,2021-05-11,https://www.sec.gov/Archives/edgar/data/1671584/000156459021029886/apvo-ex991_6.htm
0001193125-21-175479,0001706431,"Vir Biotechnology, Inc.  (VIR)  (CIK 0001706431)",VIR,release_text,2021-05-26,2021-05-27T16:55:55,release_date_only,2021-05-27,sotrovimab,3,mild-to-moderate COVID-19,COMET-ICE,,130039838,2021-05-06,https://www.sec.gov/Archives/edgar/data/1706431/000119312521175479/d129136d8k.htm
0001493152-21-013131,0001695357,"Provention Bio, Inc.  (CIK 0001695357)",PRVB,release_text,2021-05-27,2021-05-27T21:55:54,acceptance_time,2021-05-28,teplizumab,,type 1 diabetes,TN-10,,63374738,2021-05-06,https://www.sec.gov/Archives/edgar/data/1695357/000149315221013131/ex99-1.htm
0001558370-21-007920,0001006281,"Protalix BioTherapeutics, Inc.  (PLX)  (CIK 0001006281)",PLX,release_text,2021-06-02,2021-06-02T07:02:20,acceptance_time,2021-06-02,PRX-102,3,Fabry disease,BALANCE,,45382831,2021-05-14,https://www.sec.gov/Archives/edgar/data/1006281/000155837021007920/plx-20210602xex99d1.htm
0001561743-21-000038,0001561743,"Kindred Biosciences, Inc.  (CIK 0001561743)",KIN,release_text,2021-06-02,2021-06-02T08:39:40,acceptance_time,2021-06-02,KIND-030,,parvovirus,,,45273504,2021-05-11,https://www.sec.gov/Archives/edgar/data/1561743/000156174321000038/kin-20210602.htm
0001387131-21-006295,0001430306,Tonix Pharmaceuticals Holding Corp.  (TNXP)  (CIK 0001430306),TNXP,sec_current,2021-06-02,2021-06-03T09:28:39,release_date_only,2021-06-03,TNX-102 SL,3,fibromyalgia,RELIEF,NCT04172831,326509139,2021-05-10,https://www.sec.gov/Archives/edgar/data/1430306/000138713121006295/ex99-01.htm
0001193125-21-182269,0001789972,"Cullinan Oncology, Inc.  (CGEM)  (CIK 0001789972)",CGEM,release_text,2021-06-04,2021-06-04T09:07:10,acceptance_time,2021-06-04,CLN-081,1/2a,Non-Small Cell Lung Cancer,,,43516125,2021-05-14,https://www.sec.gov/Archives/edgar/data/1789972/000119312521182269/d122691d8k.htm
0001437749-21-014140,0001029125,"Panbela Therapeutics, Inc.  (PBLA)  (CIK 0001029125)",PBLA,release_text,2021-06-04,2021-06-04T09:16:21,acceptance_time,2021-06-04,SBP-101,1b,metastatic Pancreatic Ductal Adenocarcinoma,,NCT03412799,10088872,2021-05-12,https://www.sec.gov/Archives/edgar/data/1029125/000143774921014140/ex_255158.htm
0001193125-21-182012,0001718108,"Surface Oncology, Inc.  (CIK 0001718108)",SURF,release_text,2021-06-04,2021-06-04T07:15:37,acceptance_time,2021-06-04,SRF388,1,lung cancer,,,43428820,2021-05-05,https://www.sec.gov/Archives/edgar/data/1718108/000119312521182012/d137479dex991.htm
0001564590-21-031856,0001348911,"KalVista Pharmaceuticals, Inc.  (KALV)  (CIK 0001348911)",KALV,release_text,2021-06-05,2021-06-07T07:15:26,release_date_only,2021-06-07,KVD900,2,hereditary angioedema,KVD900-201,,24308191,2021-03-11,https://www.sec.gov/Archives/edgar/data/1348911/000156459021031856/kalv-8k_20210605.htm
0001651308-21-000102,0001651308,"BeiGene, Ltd.  (BGNE, BEIGF)  (CIK 0001651308)",BGNE,release_text,2021-06-04,2021-06-04T16:12:50,acceptance_time,2021-06-07,tislelizumab,3,esophageal squamous carcinoma,RATIONALE 302,NCT03209973;NCT03358875;NCT03412773;NCT03419897;NCT03430843;NCT03594747;NCT03663205;NCT03736889;NCT03777657;NCT03783442;NCT03924986;NCT03957590;NCT03967977;NCT04004221;NCT04005716;NCT04379635;NCT04486391,1197609020,2021-05-06,https://www.sec.gov/Archives/edgar/data/1651308/000165130821000102/axex991x4jun2021withjdcomm.htm
0001193125-21-183002,0001708493,"Harpoon Therapeutics, Inc.  (CIK 0001708493)",HARP,release_text,2021-06-04,2021-06-04T16:40:28,acceptance_time,2021-06-07,HPN424,1/2a,metastatic castration-resistant prostate cancer,,NCT03577028,32523801,2021-05-06,https://www.sec.gov/Archives/edgar/data/1708493/000119312521183002/d191082d8k.htm
0001558370-21-008085,0001557746,"Aclaris Therapeutics, Inc.  (ACRS)  (CIK 0001557746)",ACRS,sec_current,2021-06-08,2021-06-08T07:16:19,acceptance_time,2021-06-08,ATI-1777,2a,atopic dermatitis,ATI-1777-AD-201,NCT04598269,52107355,2021-05-07,https://www.sec.gov/Archives/edgar/data/1557746/000155837021008085/acrs-20210608x8k.htm
0001104659-21-078524,0001535955,Lipocine Inc.  (LPCN)  (CIK 0001535955),LPCN,sec_current,,2021-06-09T08:01:33,acceptance_time,2021-06-09,LPCN 1144,2,NASH,LiFT,NCT04134091,88290650,2021-05-06,https://www.sec.gov/Archives/edgar/data/1535955/000110465921078524/tm2113019d1_ex99-1.htm
0000950170-21-000344,0001746466,"Equillium, Inc.  (EQ)  (CIK 0001746466)",EQ,release_text,2021-06-11,2021-06-11T07:00:33,acceptance_time,2021-06-11,itolizumab,1b,acute graft-versus-host disease,EQUATE,,29040270,2021-05-13,https://www.sec.gov/Archives/edgar/data/1746466/000095017021000344/eq-20210611.htm
0001564590-21-032552,0001674416,CRISPR Therapeutics AG  (CRSP)  (CIK 0001674416),VRTX,release_text,2021-06-11,2021-06-11T07:10:31,acceptance_time,2021-06-11,CTX001,1/2,transfusion-dependent beta thalassemia and severe sickle cell disease,CLIMB-111 and CLIMB-121,,75768936,2021-04-27,https://www.sec.gov/Archives/edgar/data/1674416/000156459021032552/crsp-8k_20210611.htm
0001171843-21-004277,0001629137,"Global Blood Therapeutics, Inc.  (CIK 0001629137)",GBT,release_text,2021-06-11,2021-06-11T06:05:16,acceptance_time,2021-06-11,Oxbryta,2a,sickle cell disease,HOPE-KIDS 1,,62266753,2021-05-05,https://www.sec.gov/Archives/edgar/data/1629137/000117184321004277/exh_991.htm
0001564590-21-032551,0001672619,IMARA Inc.  (ELVN)  (CIK 0001672619),IMRA,release_text,2021-06-11,2021-06-11T07:00:29,acceptance_time,2021-06-11,IMR-687,2a,sickle cell disease,,,17640492,2021-05-11,https://www.sec.gov/Archives/edgar/data/1672619/000156459021032551/imra-8k_20210611.htm
0001628280-21-012055,0001501697,"X4 Pharmaceuticals, Inc  (XFOR, XFOWW)  (CIK 0001501697)",XFOR,release_text,2021-06-11,2021-06-11T06:21:21,acceptance_time,2021-06-11,mavorixafor,1b,Waldenström’s macroglobulinemia,,NCT04274738,23655660,2021-05-06,https://www.sec.gov/Archives/edgar/data/1501697/000162828021012055/pressreleasejune112021.htm
0001467154-21-000109,0001467154,"Novan, Inc.  (CIK 0001467154)",NOVN,release_text,2021-06-11,2021-06-11T06:41:26,acceptance_time,2021-06-11,SB206,3,molluscum contagiosum,B-SIMPLE4,NCT04535531,151707150,2021-05-11,https://www.sec.gov/Archives/edgar/data/1467154/000146715421000109/a06112021exhibit991.htm
0001293971-21-000049,0001293971,"bluebird bio, Inc.  (BLUE)  (CIK 0001293971)",BLUE,release_text,2021-06-11,2021-06-11T06:15:26,acceptance_time,2021-06-11,betibeglogene autotemcel (beti-cel),3,transfusion-dependent β-thalassemia,,,67447548,2021-05-05,https://www.sec.gov/Archives/edgar/data/1293971/000129397121000049/blue-20210611.htm
0001193125-21-188257,0001538927,"Forma Therapeutics Holdings, Inc.  (CIK 0001538927)",FMTX,release_text,2021-06-11,2021-06-11T07:12:12,acceptance_time,2021-06-11,etavopivat,1,sickle cell disease,,NCT04624659,47372658,2021-05-14,https://www.sec.gov/Archives/edgar/data/1538927/000119312521188257/d165336d8k.htm
0001651308-21-000113,0001651308,"BeiGene, Ltd.  (BGNE, BEIGF)  (CIK 0001651308)",BGNE,release_text,2021-06-11,2021-06-11T16:23:16,acceptance_time,2021-06-14,BRUKINSA,3,chronic lymphocytic leukemia,ALPINE,NCT03734016,1197609020,2021-05-06,https://www.sec.gov/Archives/edgar/data/1651308/000165130821000113/a8-kx11june2021x994.htm
0001280600-21-000045,0001280600,ACCELERON PHARMA INC  (CIK 0001280600),BMY,release_text,2021-06-11,2021-06-17T17:25:56,release_date_only,2021-06-14,Reblozyl,2,non-transfusion dependent (NTD) beta thalassemia,BEYOND,NCT03342404,60699406,2021-05-06,https://www.sec.gov/Archives/edgar/data/1280600/000128060021000045/xlrn-20210611xform8kxex991.htm
0001193125-21-189542,0001673772,"RAPT Therapeutics, Inc.  (RAPT)  (CIK 0001673772)",RAPT,release_text,2021-06-14,2021-06-14T08:06:02,acceptance_time,2021-06-14,RPT193,1b,atopic dermatitis,,,25009007,2021-05-11,https://www.sec.gov/Archives/edgar/data/1673772/000119312521189542/d181504d8k.htm
0001104659-21-080835,0001000694,NOVAVAX INC  (NVAX)  (CIK 0001000694),NVAX,release_text,2021-06-14,2021-06-14T17:04:49,acceptance_time,2021-06-15,NVX-CoV2373,3,COVID-19,PREVENT-19,,74094435,2021-05-10,https://www.sec.gov/Archives/edgar/data/1000694/000110465921080835/tm2119609d1_ex99-1.htm
0001193125-21-190105,0001831363,"Terns Pharmaceuticals, Inc.  (TERN)  (CIK 0001831363)",TERN,release_text,2021-06-14,2021-06-14T16:40:02,acceptance_time,2021-06-15,TERN-101,2a,non-alcoholic steatohepatitis (NASH),LIFT,,25113167,2021-05-14,https://www.sec.gov/Archives/edgar/data/1831363/000119312521190105/d158977d8k.htm
0001193125-21-190532,0001597553,"Sage Therapeutics, Inc.  (SAGE)  (CIK 0001597553)",,missing,2021-06-15,2021-06-15T06:50:00,acceptance_time,2021-06-15,zuranolone,3,Major Depressive Disorder,WATERFALL,,58480018,2021-05-04,https://www.sec.gov/Archives/edgar/data/1597553/000119312521190532/d28609dex991.htm
0001104659-21-081758,0001326190,"Altimmune, Inc.  (ALT)  (CIK 0001326190)",ALT,release_text,2021-06-16,2021-06-16T07:15:29,acceptance_time,2021-06-16,ALT-801,1,overweight and obese,,,38396843,2021-05-17,https://www.sec.gov/Archives/edgar/data/1326190/000110465921081758/tm2119883d1_8k.htm
0001193125-21-192152,0001692830,"Satsuma Pharmaceuticals, Inc.  (CIK 0001692830)",STSA,release_text,2021-06-16,2021-06-16T16:29:28,acceptance_time,2021-06-17,STS101,1,migraine,,,31529417,2021-05-11,https://www.sec.gov/Archives/edgar/data/1692830/000119312521192152/d185844d8k.htm
0001193125-21-194371,0001819790,"Tarsus Pharmaceuticals, Inc.  (TARS)  (CIK 0001819790)",TARS,release_text,2021-06-21,2021-06-21T09:56:44,acceptance_time,2021-06-21,TP-03,2b/3,Demodex blepharitis,Saturn-1,,20524474,2021-05-11,https://www.sec.gov/Archives/edgar/data/1819790/000119312521194371/d194646d8k.htm
0001104659-21-082951,0001583107,"Theravance Biopharma, Inc.  (TBPH)  (CIK 0001583107)",TBPH,release_text,2021-06-21,2021-06-21T06:14:37,acceptance_time,2021-06-21,nezulcitinib,2,acute lung injury due to COVID-19,,NCT04402866,65279087,2021-05-06,https://www.sec.gov/Archives/edgar/data/1583107/000110465921082951/tm2120177d1_8k.htm
0001193125-21-195277,0001175680,CytoDyn Inc.  (CYDY)  (CIK 0001175680),CYDY,release_text,2021-06-21,2021-06-21T17:23:42,acceptance_time,2021-06-22,leronlimab,2,COVID-19 long-haulers,CD15,,612875224,2021-04-14,https://www.sec.gov/Archives/edgar/data/1175680/000119312521195277/d178669dex991.htm
0001493152-21-015053,0000764195,VBI Vaccines Inc/BC  (VBIVQ)  (CIK 0000764195),VBIV,release_text,2021-06-23,2021-06-23T07:00:23,acceptance_time,2021-06-23,BRII-179 (VBI-2601),1b/2a,chronic hepatitis B,,,254195435,2021-05-10,https://www.sec.gov/Archives/edgar/data/764195/000149315221015053/ex99-1.htm
0001193125-21-196853,0001816736,"Gemini Therapeutics, Inc. /DE  (IRON)  (CIK 0001816736)",GMTX,release_text,2021-06-22,2021-06-23T08:52:59,release_date_only,2021-06-23,GEM103,2a,geographic atrophy secondary to dry age-related macular degeneration,ReGAtta,,43052865,2021-05-13,https://www.sec.gov/Archives/edgar/data/1816736/000119312521196853/d136042d8k.htm
0001437749-21-015511,0001513818,"Aravive, Inc.  (CIK 0001513818)",ARAV,release_text,2021-06-24,2021-06-24T07:07:25,acceptance_time,2021-06-24,AVB-500,1b,clear cell renal cell carcinoma,,,20388029,2021-05-06,https://www.sec.gov/Archives/edgar/data/1513818/000143774921015511/arav20210623_8k.htm
0001493152-21-015154,0001595097,"Corbus Pharmaceuticals Holdings, Inc.  (CRBP)  (CIK 0001595097)",CRBP,release_text,2021-06-24,2021-06-24T08:18:18,acceptance_time,2021-06-24,lenabasum,3,dermatomyositis,D ETER M INE,NCT02466243,125033006,2021-05-13,https://www.sec.gov/Archives/edgar/data/1595097/000149315221015154/ex99-1.htm
0001193125-21-198675,0001680581,"Fulcrum Therapeutics, Inc.  (FULC)  (CIK 0001680581)",FULC,release_text,2021-06-24,2021-06-24T16:16:16,acceptance_time,2021-06-25,losmapimod,2b,facioscapulohumeral muscular dystrophy,ReDUX4,,32679596,2021-05-06,https://www.sec.gov/Archives/edgar/data/1680581/000119312521198675/d190429d8k.htm
0001564590-21-034575,0001650648,4D Molecular Therapeutics Inc.  (FDMT)  (CIK 0001650648),FDMT,release_text,2021-06-24,2021-06-25T16:01:14,release_date_only,2021-06-25,4D-110 and 4D-125,1,choroideremia and X-linked retinitis pigmentosa,,,26745774,2021-05-13,https://www.sec.gov/Archives/edgar/data/1650648/000156459021034575/fdmt-8k_20210618.htm
0001193125-21-201090,0001815442,"Kymera Therapeutics, Inc.  (KYMR)  (CIK 0001815442)",KYMR,release_text,2021-06-28,2021-06-28T07:46:02,acceptance_time,2021-06-28,KT-474,1,,,,45030094,2021-05-06,https://www.sec.gov/Archives/edgar/data/1815442/000119312521201090/d161011d8k.htm
0001193125-21-202603,0001805387,"Cerevel Therapeutics Holdings, Inc.  (CIK 0001805387)",CERE,release_text,2021-06-29,2021-06-29T06:52:01,acceptance_time,2021-06-29,CVL-231,1b,schizophrenia,,,127459087,2021-05-17,https://www.sec.gov/Archives/edgar/data/1805387/000119312521202603/d158663d8k.htm
0001437749-21-015877,0001401040,DiaMedica Therapeutics Inc.  (DMAC)  (CIK 0001401040),DMAC,release_text,2021-06-29,2021-06-29T07:01:14,acceptance_time,2021-06-29,DM199,2,chronic kidney disease (CKD),REDUX,,18786157,2021-05-05,https://www.sec.gov/Archives/edgar/data/1401040/000143774921015877/ex_260291.htm
0001104659-21-086498,0000894158,"Synthetic Biologics, Inc.  (TOVX)  (CIK 0000894158)",SYN,release_text,2021-06-29,2021-06-29T07:06:35,acceptance_time,2021-06-29,SYN-020,1,gastrointestinal (GI) diseases,,,132042538,2021-05-05,https://www.sec.gov/Archives/edgar/data/894158/000110465921086498/tm2120759d1_8k.htm
0001104659-21-086825,0001425205,"IOVANCE BIOTHERAPEUTICS, INC.  (IOVA)  (CIK 0001425205)",IOVA,release_text,2021-06-29,2021-06-29T16:05:46,acceptance_time,2021-06-30,LN-145,,metastatic non-small cell lung cancer (mNSCLC),IOV-COM-202,,152849282,2021-05-06,https://www.sec.gov/Archives/edgar/data/1425205/000110465921086825/tm2120950d1_8k.htm
0001104659-21-086854,0001326190,"Altimmune, Inc.  (ALT)  (CIK 0001326190)",ALT,release_text,2021-06-29,2021-06-29T16:30:29,acceptance_time,2021-06-30,AdCOVID,1,COVID-19,,,38396843,2021-05-17,https://www.sec.gov/Archives/edgar/data/1326190/000110465921086854/tm2121014d1_ex99-1.htm
0001437749-21-016076,0001053691,Diffusion Pharmaceuticals Inc.  (CRVO)  (CIK 0001053691),DFFN,release_text,2021-06-30,2021-06-30T16:33:39,acceptance_time,2021-07-01,trans sodium crocetinate,1,peripheral tissue oxygenation,,,101903979,2021-05-07,https://www.sec.gov/Archives/edgar/data/1053691/000143774921016076/dffn20210630_8k.htm
0001213900-21-035203,0001506251,"Citius Pharmaceuticals, Inc.  (CTXR)  (CIK 0001506251)",CTXR,release_text,2021-07-01,2021-07-01T09:25:22,acceptance_time,2021-07-01,Mino-Lok,3,catheter-related infections,Mino-Lok Phase 3 Pivotal Superiority Trial,,135473947,2021-05-13,https://www.sec.gov/Archives/edgar/data/1506251/000121390021035203/ea143606ex99-1_citiuspharma.htm
0001104659-21-089167,0001094038,"Marker Therapeutics, Inc.  (MRKR)  (CIK 0001094038)",MRKR,release_text,2021-07-06,2021-07-06T07:23:39,acceptance_time,2021-07-06,MT-401,2,post-transplant acute myeloid leukemia,,,83013929,2021-05-12,https://www.sec.gov/Archives/edgar/data/1094038/000110465921089167/tm2121420d1_ex99-1.htm
0001104659-21-089093,0001372299,"Ocugen, Inc.  (OCGN)  (CIK 0001372299)",OCGN,release_text,2021-07-02,2021-07-06T06:02:32,release_date_only,2021-07-06,COVAXIN,3,COVID-19,,,198228533,2021-05-07,https://www.sec.gov/Archives/edgar/data/1372299/000110465921089093/tm2121393d2_8k.htm
0001564590-21-035796,0001463361,"Unity Biotechnology, Inc.  (UBX)  (CIK 0001463361)",UBX,release_text,2021-07-06,2021-07-06T07:11:07,acceptance_time,2021-07-06,UBX1325,1,diabetic macular edema and wet age-related macular degeneration,,,54855200,2021-05-11,https://www.sec.gov/Archives/edgar/data/1463361/000156459021035796/ubx-8k_20210706.htm
0001385508-21-000090,0001385508,"OPIANT PHARMACEUTICALS, INC.  (CIK 0001385508)",,missing,2021-07-06,2021-07-06T16:03:58,acceptance_time,2021-07-07,OPNT003,,opioid overdose,,,4330594,2021-05-11,https://www.sec.gov/Archives/edgar/data/1385508/000138550821000090/opiant_8-kxpkxstudyxresults.htm
0001679363-21-000024,0001679363,"Morphic Holding, Inc.  (CIK 0001679363)",MORF,release_text,2021-07-09,2021-07-09T08:08:55,acceptance_time,2021-07-09,MORF-057,1,inflammatory bowel disease,,,36214367,2021-04-29,https://www.sec.gov/Archives/edgar/data/1679363/000167936321000024/morfecco0700921final.htm
0001104659-21-091511,0001583771,"Hepion Pharmaceuticals, Inc.  (HEPA, CTRVP)  (CIK 0001583771)",HEPA,release_text,2021-07-13,2021-07-13T10:38:14,acceptance_time,2021-07-13,CRV431,2a,non-alcoholic steatohepatitis,AMBITION,,76225245,2021-05-14,https://www.sec.gov/Archives/edgar/data/1583771/000110465921091511/tm2122083d1_8k.htm
0001193125-21-214307,0001604950,scPharmaceuticals Inc.  (SCPH)  (CIK 0001604950),SCPH,release_text,2021-07-13,2021-07-13T19:19:30,acceptance_time,2021-07-14,FUROSCIX,,chronic heart failure,FREEDOM-HF,,27355454,2021-05-12,https://www.sec.gov/Archives/edgar/data/1604950/000119312521214307/d203690d8k.htm
0001171843-21-004940,0001061983,CYTOKINETICS INC  (CYTK)  (CIK 0001061983),CYTK,release_text,2021-07-19,2021-07-19T07:30:27,acceptance_time,2021-07-19,CK-274,2,hypertrophic cardiomyopathy,REDWOOD-HCM,,71738143,2021-05-07,https://www.sec.gov/Archives/edgar/data/1061983/000117184321004940/f8k_071921.htm
0001193125-21-221362,0001609809,"Seres Therapeutics, Inc.  (MCRB)  (CIK 0001609809)",MCRB,release_text,2021-07-22,2021-07-22T07:06:55,acceptance_time,2021-07-22,SER-287,2b,ulcerative colitis,ECO-RESET,,91622669,2021-05-04,https://www.sec.gov/Archives/edgar/data/1609809/000119312521221362/d175112d8k.htm
0001387131-21-007569,0001430306,Tonix Pharmaceuticals Holding Corp.  (TNXP)  (CIK 0001430306),TNXP,release_text,2021-07-23,2021-07-23T17:00:19,acceptance_time,2021-07-26,TNX-102 SL,3,fibromyalgia,RALLY,NCT04508621,326509139,2021-05-10,https://www.sec.gov/Archives/edgar/data/1430306/000138713121007569/ex99-01.htm
0001714899-21-000066,0001714899,Denali Therapeutics Inc.  (DNLI)  (CIK 0001714899),DNLI,release_text,2021-07-25,2021-07-26T08:29:59,release_date_only,2021-07-26,ETV:IDS (DNL310),1/2,Hunter syndrome (MPS II),,,121192210,2021-05-05,https://www.sec.gov/Archives/edgar/data/1714899/000171489921000066/dnli-20210725.htm
0001628280-21-014453,0001534120,Cerecor Inc.  (AVTX)  (CIK 0001534120),CERC,release_text,2021-07-26,2021-07-26T16:36:33,acceptance_time,2021-07-27,CERC-002,1b,Crohn's disease,,NCT03169894,95471843,2021-05-13,https://www.sec.gov/Archives/edgar/data/1534120/000162828021014453/ex-992pressreleasecrohnsdi.htm
0000078003-21-000090,0000078003,PFIZER INC  (PFE)  (CIK 0000078003),PFE,release_text,2021-07-28,2021-07-28T12:04:28,acceptance_time,2021-07-28,RSV Adult Vaccine Candidate,2b,RSV,,NCT04469114,5597693867,2021-05-13,https://www.sec.gov/Archives/edgar/data/78003/000007800321000090/pfe-07042021xex99.htm
0001493152-21-017931,0001076682,"POLARITYTE, INC.  (RGTPQ)  (CIK 0001076682)",PTE,release_text,2021-07-28,2021-07-28T08:00:43,acceptance_time,2021-07-28,SkinTE,,Diabetic Foot Ulcers,NCT03881254,NCT03881254,80633096,2021-05-13,https://www.sec.gov/Archives/edgar/data/1076682/000149315221017931/ex99-2.htm
0001171843-21-005234,0001532346,"Atreca, Inc.  (CIK 0001532346)",BCEL,release_text,2021-07-29,2021-07-29T07:00:30,acceptance_time,2021-07-29,ATRC-101,1b,solid tumor types,,,,,https://www.sec.gov/Archives/edgar/data/1532346/000117184321005234/exh_991.htm
0000950170-21-000607,0001653087,"Alector, Inc.  (ALEC)  (CIK 0001653087)",ALEC,release_text,2021-07-29,2021-07-29T16:01:13,acceptance_time,2021-07-30,AL001,2,frontotemporal dementia,INFRONT-2,,79767212,2021-05-05,https://www.sec.gov/Archives/edgar/data/1653087/000095017021000607/alec-20210729ex99_1.htm
0001651308-21-000163,0001651308,"BeiGene, Ltd.  (BGNE, BEIGF)  (CIK 0001651308)",BGNE,release_text,2021-07-29,2021-07-30T07:39:13,release_date_only,2021-07-30,BRUKINSA,3,chronic lymphocytic leukemia or small lymphocytic lymphoma,SEQUOIA,NCT03336333,1197609020,2021-05-06,https://www.sec.gov/Archives/edgar/data/1651308/000165130821000163/a8-kx29july2021xexhibit992.htm
0001104659-21-099269,0001649989,"Outlook Therapeutics, Inc.  (OTLK)  (CIK 0001649989)",OTLK,release_text,2021-08-03,2021-08-03T11:13:41,acceptance_time,2021-08-03,ONS-5010 / LYTENAVA,3,neovascular age-related macular degeneration,NORSE TWO,,173605807,2021-05-14,https://www.sec.gov/Archives/edgar/data/1649989/000110465921099269/tm2123933d1_8k.htm
0001214659-21-008132,0001293310,"HUMANIGEN, INC  (CIK 0001293310)",HGEN,release_text,2021-08-04,2021-08-04T06:04:14,acceptance_time,2021-08-04,lenzilumab,3,COVID-19,LIVE-AIR,,59083706,2021-05-13,https://www.sec.gov/Archives/edgar/data/1293310/000121465921008132/ex99_1.htm
0001069530-21-000043,0001069530,CASSAVA SCIENCES INC  (SAVA)  (CIK 0001069530),FLNA,sec_current,,2021-08-03T16:36:03,acceptance_time,2021-08-04,simufilam,,Alzheimer’s disease,,NCT04388254,,,https://www.sec.gov/Archives/edgar/data/1069530/000106953021000043/sava-20210729xex99_1.htm
0001213900-21-040396,0001822791,"Clene Inc.  (CLNN, CLNNW)  (CIK 0001822791)",CLNN,release_text,2021-08-05,2021-08-05T07:05:07,acceptance_time,2021-08-05,CNM-Au8,2,Parkinson’s disease (PD) and multiple sclerosis (MS),REPAIR,NCT03815916;NCT03993171,59574382,2021-05-10,https://www.sec.gov/Archives/edgar/data/1822791/000121390021040396/ea145261-8k_cleneinc.htm
0001399529-21-000137,0001399529,Dicerna Pharmaceuticals Inc  (CIK 0001399529),DRNA,release_text,2021-08-05,2021-08-06T09:01:47,release_date_only,2021-08-06,nedosiran,3,primary hyperoxaluria (PH),PHYOX™2,NCT03847909,76900108,2021-05-06,https://www.sec.gov/Archives/edgar/data/1399529/000139952921000137/drna-20210805.htm
0001213900-21-042410,0001721484,Longeveron Inc.  (LGVN)  (CIK 0001721484),LGVN,release_text,2021-08-13,2021-08-13T13:46:54,acceptance_time,2021-08-13,Lomecel-B,2b,Aging Frailty,Phase 2b trial,,,,https://www.sec.gov/Archives/edgar/data/1721484/000121390021042410/ea145793-8k_longeveroninc.htm
0001104659-21-105111,0001034842,RIGEL PHARMACEUTICALS INC  (RIGL)  (CIK 0001034842),RIGL,release_text,2021-08-13,2021-08-13T16:16:09,acceptance_time,2021-08-16,fostamatinib,2,COVID-19,,NCT03764618;NCT04579393;NCT04581954;NCT04629703;NCT04924660,170850306,2021-08-03,https://www.sec.gov/Archives/edgar/data/1034842/000110465921105111/tm2125055d1_8k.htm
0000886163-21-000123,0000886163,"LIGAND PHARMACEUTICALS INC  (LGND, LGNDZ, LGNXZ, LGNYZ, LGNZZ)  (CIK 0000886163)",LGND,release_text,2021-08-16,2021-08-16T16:15:57,acceptance_time,2021-08-17,sparsentan,3,IgA nephropathy,PROTECT Study,,16676532,2021-08-03,https://www.sec.gov/Archives/edgar/data/886163/000088616321000123/lgnd-20210816.htm
0001438533-21-000036,0001438533,"Travere Therapeutics, Inc.  (TVTX)  (CIK 0001438533)",TVTX,release_text,2021-08-16,2021-08-16T16:18:21,acceptance_time,2021-08-17,sparsentan,3,IgA nephropathy,PROTECT Study,,60717176,2021-07-29,https://www.sec.gov/Archives/edgar/data/1438533/000143853321000036/tvtx-20210816.htm
0001104659-21-107015,0001267813,MARINUS PHARMACEUTICALS INC  (MRNS)  (CIK 0001267813),MRNS,release_text,2021-08-17,2021-08-17T16:09:49,acceptance_time,2021-08-18,ganaxolone,2,tuberous sclerosis complex,CALM trial,,36732035,2021-08-10,https://www.sec.gov/Archives/edgar/data/1267813/000110465921107015/tm2124617d2_8k.htm
0001654954-21-009178,0001604191,"AzurRx BioPharma, Inc.  (ENTO)  (CIK 0001604191)",AZRX,release_text,2021-08-18,2021-08-18T08:53:25,acceptance_time,2021-08-18,MS1819,2,cystic fibrosis,Phase 2 Combination Trial,,93261897,2021-08-16,https://www.sec.gov/Archives/edgar/data/1604191/000165495421009178/azrx_8k.htm
0001104659-21-108565,0001583107,"Theravance Biopharma, Inc.  (TBPH)  (CIK 0001583107)",TBPH,release_text,2021-08-23,2021-08-23T16:10:40,acceptance_time,2021-08-24,izencitinib,2b,ulcerative colitis,,NCT03758443,73470151,2021-08-05,https://www.sec.gov/Archives/edgar/data/1583107/000110465921108565/tm2125603d1_8k.htm
0001493152-21-021171,0001535955,Lipocine Inc.  (LPCN)  (CIK 0001535955),LPCN,release_text,2021-08-25,2021-08-25T06:35:17,acceptance_time,2021-08-25,LPCN 1144,2,NASH,LiFT,NCT04134091;NCT04685993,88290650,2021-08-05,https://www.sec.gov/Archives/edgar/data/1535955/000149315221021171/ex99-1.htm
0001493152-21-021295,0000908259,"Oncotelic Therapeutics, Inc.  (OTLC)  (CIK 0000908259)",OTLC,release_text,2021-08-24,2021-08-26T07:30:56,release_date_only,2021-08-25,PulmoHeal TM / ArtiVeda TM,,COVID-19,ARTI-19,NCT05004753,371354911,2021-08-20,https://www.sec.gov/Archives/edgar/data/908259/000149315221021295/ex99-1.htm
0001213900-21-045061,0001711754,"Inmune Bio, Inc.  (INMB)  (CIK 0001711754)",INMB,release_text,2021-08-25,2021-08-26T16:39:33,release_date_only,2021-08-26,INKmune™,1,high-risk myelodysplastic syndrome (MDS),,,17703692,2021-08-04,https://www.sec.gov/Archives/edgar/data/1711754/000121390021045061/ea146488ex99-1_inmunebio.htm
0001193125-21-261453,0001661460,"Poseida Therapeutics, Inc.  (PSTX)  (CIK 0001661460)",PSTX,release_text,2021-08-31,2021-08-31T10:08:08,acceptance_time,2021-08-31,P-PSMA-101,1,metastatic castrate-resistant prostate cancer,,NCT04249947,62338597,2021-08-12,https://www.sec.gov/Archives/edgar/data/1661460/000119312521261453/d148166dex991.htm
0001564590-21-046744,0001426800,"ASSEMBLY BIOSCIENCES, INC.  (ASMB)  (CIK 0001426800)",ASMB,release_text,2021-09-01,2021-09-01T16:05:39,acceptance_time,2021-09-02,ABI-H2158,2,chronic hepatitis B,,,44971609,2021-08-05,https://www.sec.gov/Archives/edgar/data/1426800/000156459021046744/asmb-8k_20210901.htm
0001213900-21-046524,0001711754,"Inmune Bio, Inc.  (INMB)  (CIK 0001711754)",INMB,release_text,2021-09-01,2021-09-03T09:00:29,release_date_only,2021-09-02,XPro,1,Alzheimer’s disease,,,17703692,2021-08-04,https://www.sec.gov/Archives/edgar/data/1711754/000121390021046524/ea146878ex99-1_inmunebio.htm
0001193125-21-264493,0001419041,"Forte Biosciences, Inc.  (FBRX)  (CIK 0001419041)",FBRX,release_text,2021-09-02,2021-09-02T16:05:50,acceptance_time,2021-09-03,FB-401,2,atopic dermatitis,,,14079057,2021-08-16,https://www.sec.gov/Archives/edgar/data/1419041/000119312521264493/d88078d8k.htm
0001104659-21-113182,0001621443,"Zynerba Pharmaceuticals, Inc.  (CIK 0001621443)",ZYNE,release_text,2021-09-07,2021-09-07T07:10:44,acceptance_time,2021-09-07,Zygel,2,Developmental and Epileptic Encephalopathies,BELIEVE,,41251537,2021-08-09,https://www.sec.gov/Archives/edgar/data/1621443/000110465921113182/tm2126976d1_ex99-1.htm
0001193125-21-266016,0001746473,"PLIANT THERAPEUTICS, INC.  (PLRX)  (CIK 0001746473)",PLRX,release_text,2021-09-07,2021-09-07T07:31:56,acceptance_time,2021-09-07,PLN-74809,2a,idiopathic pulmonary fibrosis,INTEGRIS-IPF,,35937937,2021-08-09,https://www.sec.gov/Archives/edgar/data/1746473/000119312521266016/d218818dex991.htm
0001125345-21-000103,0001125345,MACROGENICS INC  (MGNX)  (CIK 0001125345),MGNX,release_text,2021-09-07,2021-09-08T16:10:48,release_date_only,2021-09-08,MARGENZA,3,metastatic HER2-positive breast cancer,SOPHIA,NCT02492711;NCT03219268;NCT04082364;NCT04425018,61107288,2021-07-29,https://www.sec.gov/Archives/edgar/data/1125345/000112534521000103/sophiapressrelease9721.htm
0001640334-21-002131,0001348362,"Lexaria Bioscience Corp.  (LEXX, LEXXW)  (CIK 0001348362)",LEXX,release_text,2021-09-07,2021-09-08T16:46:47,release_date_only,2021-09-08,DehydraTECH-CBD,,hypertension,HYPER-H21-2,,5104332,2021-07-15,https://www.sec.gov/Archives/edgar/data/1348362/000164033421002131/lxrp_ex991.htm
0000950170-21-001704,0001832168,"Longboard Pharmaceuticals, Inc.  (LBPH)  (CIK 0001832168)",LBPH,release_text,2021-09-08,2021-09-08T07:25:55,acceptance_time,2021-09-08,LP352,1,developmental and epileptic encephalopathies,,,17215350,2021-08-09,https://www.sec.gov/Archives/edgar/data/1832168/000095017021001704/lbph-20210908.htm
0001847903-21-000013,0001847903,Centessa Pharmaceuticals plc  (CNTA)  (CIK 0001847903),CNTA,release_text,2021-09-09,2021-09-09T07:34:09,acceptance_time,2021-09-09,SerpinPC,2a,severe hemophilia A and B,AP-0101,NCT04073498,89899419,2021-08-16,https://www.sec.gov/Archives/edgar/data/1847903/000184790321000013/apcintexdrafpr-vdraft08sep.htm
0001628280-21-018216,0001213037,"Cardiff Oncology, Inc.  (CRDF)  (CIK 0001213037)",CRDF,release_text,2021-09-08,2021-09-08T16:00:55,acceptance_time,2021-09-09,onvansertib,1b/2,KRAS-mutated metastatic colorectal cancer,,NCT03829410,39552129,2021-08-05,https://www.sec.gov/Archives/edgar/data/1213037/000162828021018216/a991ex090821.htm
0001193125-21-268814,0001492422,"Apellis Pharmaceuticals, Inc.  (APLS)  (CIK 0001492422)",APLS,release_text,2021-09-09,2021-09-09T16:10:03,acceptance_time,2021-09-10,pegcetacoplan,3,geographic atrophy secondary to age-related macular degeneration,DERBY and OAKS,,87003285,2021-08-09,https://www.sec.gov/Archives/edgar/data/1492422/000119312521268814/d112979d8k.htm
0001485003-21-000188,0001485003,"Sesen Bio, Inc.  (CARM)  (CIK 0001485003)",,missing,,2021-09-10T12:30:52,acceptance_time,2021-09-10,Durvalumab and Vicineum,1,High-Grade Non-Muscle-Invasive Bladder Cancer,,NCT03258593,196002620,2021-08-09,https://www.sec.gov/Archives/edgar/data/1485003/000148500321000188/exhibit991-aua2021gurram.htm
0001193125-21-269499,0001604950,scPharmaceuticals Inc.  (SCPH)  (CIK 0001604950),SCPH,release_text,2021-09-10,2021-09-10T08:12:01,acceptance_time,2021-09-10,FUROSCIX,,heart failure,FREEDOM-HF,,27355454,2021-08-11,https://www.sec.gov/Archives/edgar/data/1604950/000119312521269499/d228016dex991.htm
0001558370-21-012408,0001621227,Adaptimmune Therapeutics PLC  (ADAP)  (CIK 0001621227),ADAP,release_text,2021-09-13,2021-09-13T07:08:04,acceptance_time,2021-09-13,ADP-A2M4CD8,1,solid tumors,SURPASS,,936530694,2021-08-09,https://www.sec.gov/Archives/edgar/data/1621227/000155837021012408/adap-20210913xex99d1.htm
0001193125-21-270939,0001668243,UroGen Pharma Ltd.  (URGN)  (CIK 0001668243),URGN,release_text,2021-09-13,2021-09-13T08:15:40,acceptance_time,2021-09-13,UGN-102,2b,low-grade intermediate risk non-muscle invasive bladder cancer,OPTIMA II,,22363023,2021-08-04,https://www.sec.gov/Archives/edgar/data/1668243/000119312521270939/d121097d8k.htm
0001104659-21-114863,0001509745,"LEAP THERAPEUTICS, INC.  (LPTX)  (CIK 0001509745)",LPTX,release_text,2021-09-13,2021-09-13T07:00:53,acceptance_time,2021-09-13,DKN-01,2a,gastric or gastroesophageal junction cancer,DisTinGuish,NCT04363801,59672014,2021-08-13,https://www.sec.gov/Archives/edgar/data/1509745/000110465921114863/tm2127430d1_ex99-1.htm
0001493152-21-022490,0001582554,"Matinas BioPharma Holdings, Inc.  (MTNB)  (CIK 0001582554)",MTNB,release_text,2021-09-13,2021-09-13T06:05:42,acceptance_time,2021-09-13,MAT2203,,cryptococcal meningitis,EnACT,,214741422,2021-08-10,https://www.sec.gov/Archives/edgar/data/1582554/000149315221022490/ex99-1.htm
0001564590-21-047679,0001339970,aTYR PHARMA INC  (ATYR)  (CIK 0001339970),LIFE,release_text,2021-09-13,2021-09-13T08:30:49,acceptance_time,2021-09-13,ATYR1923,1b/2a,pulmonary sarcoidosis,,,16919872,2021-08-11,https://www.sec.gov/Archives/edgar/data/1339970/000156459021047679/life-8k_20210913.htm
0001171843-21-006439,0001061983,CYTOKINETICS INC  (CYTK)  (CIK 0001061983),CYTK,release_text,2021-09-12,2021-09-13T07:30:24,release_date_only,2021-09-13,aficamten,2,hypertrophic cardiomyopathy,REDWOOD-HCM,,83512670,2021-08-06,https://www.sec.gov/Archives/edgar/data/1061983/000117184321006439/f8k_091321.htm
0001493152-21-022435,0001535955,Lipocine Inc.  (LPCN)  (CIK 0001535955),LPCN,release_text,2021-09-10,2021-09-10T17:01:04,acceptance_time,2021-09-13,TLANDO,,Hypogonadal Men,,,88290650,2021-08-05,https://www.sec.gov/Archives/edgar/data/1535955/000149315221022435/form8-k.htm
0001558370-21-012513,0001411906,"Ampio Pharmaceuticals, Inc.  (AMPE)  (CIK 0001411906)",AMPE,release_text,2021-09-15,2021-09-15T09:25:31,acceptance_time,2021-09-15,Ampion,3,severe osteoarthritis of the knee,AP-013,,200457957,2021-08-04,https://www.sec.gov/Archives/edgar/data/1411906/000155837021012513/ampe-20210915x8k.htm
0001104659-21-115681,0001583107,"Theravance Biopharma, Inc.  (TBPH)  (CIK 0001583107)",TBPH,release_text,2021-09-15,2021-09-15T07:19:21,acceptance_time,2021-09-15,ampreloxetine,3,symptomatic neurogenic orthostatic hypotension,Study 0169,NCT03750552;NCT03829657;NCT04095793,73470151,2021-08-05,https://www.sec.gov/Archives/edgar/data/1583107/000110465921115681/tm2127424d1_8k.htm
0001193125-21-273957,0001337553,AERIE PHARMACEUTICALS INC  (CIK 0001337553),AERI,release_text,2021-09-15,2021-09-15T16:06:25,acceptance_time,2021-09-16,AR-15512,2b,dry eye disease,COMET-1,,47233646,2021-08-05,https://www.sec.gov/Archives/edgar/data/1337553/000119312521273957/d400726d8k.htm
0001564590-21-048031,0001658247,"Crinetics Pharmaceuticals, Inc.  (CRNX)  (CIK 0001658247)",,missing,2021-09-15,2021-09-15T16:05:54,acceptance_time,2021-09-16,CRN04777,1,congenital hyperinsulinism,,,38563660,2021-08-10,https://www.sec.gov/Archives/edgar/data/1658247/000156459021048031/crnx-8k_20210915.htm
0001789769-21-000061,0001789769,"Instil Bio, Inc.  (TIL)  (CIK 0001789769)",TIL,release_text,2021-09-16,2021-09-16T07:11:08,acceptance_time,2021-09-16,unselected autologous tumor infiltrating lymphocytes,,checkpoint inhibitor-refractory advanced cutaneous melanoma,,,128761873,2021-08-12,https://www.sec.gov/Archives/edgar/data/1789769/000178976921000061/a2021-09x13presmo20210916.htm
0001193125-21-274730,0001797336,"Ayala Pharmaceuticals, Inc.  (CIK 0001797336)",AYLA,release_text,2021-09-16,2021-09-16T09:01:02,acceptance_time,2021-09-16,AL101,2,recurrent/metastatic adenoid cystic carcinoma,ACCURACY,,13242834,2021-08-12,https://www.sec.gov/Archives/edgar/data/1797336/000119312521274730/d214628d8k.htm
0001213900-21-048457,0001822791,"Clene Inc.  (CLNN, CLNNW)  (CIK 0001822791)",CLNN,release_text,2021-09-17,2021-09-17T07:06:03,acceptance_time,2021-09-17,CNM-Au8,2,Parkinson’s disease,REPAIR-PD,NCT03815916,61492049,2021-08-09,https://www.sec.gov/Archives/edgar/data/1822791/000121390021048457/ea147546ex99-1_cleneinc.htm
0001193125-21-275702,0001750019,TCR2 THERAPEUTICS INC.  (CIK 0001750019),TCRR,release_text,2021-09-17,2021-09-17T09:08:41,acceptance_time,2021-09-17,gavo-cel,1/2,mesothelin-expressing solid tumors,,NCT03907852,38182801,2021-08-05,https://www.sec.gov/Archives/edgar/data/1750019/000119312521275702/d212739d8k.htm
0001193125-21-275594,0001654151,"Deciphera Pharmaceuticals, Inc.  (CIK 0001654151)",DCPH,release_text,2021-09-17,2021-09-17T07:07:59,acceptance_time,2021-09-17,rebastinib,1b/2,platinum-resistant ovarian cancer,,,58041410,2021-08-03,https://www.sec.gov/Archives/edgar/data/1654151/000119312521275594/d203720d8k.htm
0001193125-21-275108,0001403752,Zymeworks Inc.  (CIK 0001403752),ZYME,release_text,2021-09-16,2021-09-16T16:05:57,acceptance_time,2021-09-17,zanidatamab,2,HER2-positive Gastroesophageal Adenocarcinoma,,,46385729,2021-08-04,https://www.sec.gov/Archives/edgar/data/1403752/000119312521275108/d195420d8k.htm
0001125345-21-000105,0001125345,MACROGENICS INC  (MGNX)  (CIK 0001125345),MGNX,release_text,2021-09-16,2021-09-16T16:05:50,acceptance_time,2021-09-17,margetuximab in combination with retifanlimab,2/3,gastroesophageal adenocarcinoma,MAHOGANY,NCT03219268;NCT04082364,61107288,2021-07-29,https://www.sec.gov/Archives/edgar/data/1125345/000112534521000105/esmomahoganypressrelease.htm
0001193125-21-276775,0001576263,"Mirati Therapeutics, Inc.  (CIK 0001576263)",MRTX,release_text,2021-09-19,2021-09-20T08:10:32,release_date_only,2021-09-20,adagrasib,1/2,KRAS G12C-mutated colorectal cancer,KRYSTAL-1,,51623193,2021-08-05,https://www.sec.gov/Archives/edgar/data/1576263/000119312521276775/d231945d8k.htm
0001193125-21-277767,0001623526,"Stoke Therapeutics, Inc.  (STOK)  (CIK 0001623526)",STOK,sec_current,2021-09-21,2021-09-21T07:06:02,acceptance_time,2021-09-21,STK-001,1/2a,Dravet Syndrome,MONARCH,,36749090,2021-08-10,https://www.sec.gov/Archives/edgar/data/1623526/000119312521277767/d31458d8k.htm
0001104659-21-118122,0001130598,"Onconova Therapeutics, Inc.  (TRAW)  (CIK 0001130598)",ONTX,release_text,2021-09-22,2021-09-22T08:05:39,acceptance_time,2021-09-22,rigosertib-nivolumab,1/2a,KRAS mutated (KRAS+) non-small cell lung cancer,,NCT04263090,15781040,2021-08-16,https://www.sec.gov/Archives/edgar/data/1130598/000110465921118122/tm2128202d1_8k.htm
0001104659-21-118297,0001279704,"Cellectar Biosciences, Inc.  (CLRB)  (CIK 0001279704)",CLRB,release_text,2021-09-22,2021-09-22T16:01:36,acceptance_time,2021-09-23,iopofosine I-131,,head and neck cancer,,,61101264,2021-08-09,https://www.sec.gov/Archives/edgar/data/1279704/000110465921118297/tm2128183d1_8k.htm
0001104659-21-118726,0001509261,"Rezolute, Inc.  (RZLT)  (CIK 0001509261)",RZLT,release_text,2021-09-22,2021-09-23T14:53:07,release_date_only,2021-09-23,RZ358,2b,congenital hyperinsulinism,RIZE,,8620172,2021-09-15,https://www.sec.gov/Archives/edgar/data/1509261/000110465921118726/tm2128330d1_ex99-1.htm
0001104659-21-119139,0001133869,"CAPRICOR THERAPEUTICS, INC.  (CAPR)  (CIK 0001133869)",CAPR,release_text,2021-09-24,2021-09-24T11:31:00,acceptance_time,2021-09-24,CAP-1002,2,Duchenne muscular dystrophy,HOPE-2,,23022155,2021-08-13,https://www.sec.gov/Archives/edgar/data/1133869/000110465921119139/tm2128388d1_ex99-1.htm
0001193125-21-283009,0001783183,"Phathom Pharmaceuticals, Inc.  (PHAT)  (CIK 0001783183)",PHAT,release_text,2021-09-27,2021-09-27T08:08:04,acceptance_time,2021-09-27,vonoprazan,1,,VONO-103,,31356465,2021-08-10,https://www.sec.gov/Archives/edgar/data/1783183/000119312521283009/d182429d8k.htm
0001193125-21-284839,0001326190,"Altimmune, Inc.  (ALT)  (CIK 0001326190)",ALT,release_text,2021-09-28,2021-09-28T07:10:57,acceptance_time,2021-09-28,pemvidutide,1,overweight and obesity,,,39705884,2021-08-10,https://www.sec.gov/Archives/edgar/data/1326190/000119312521284839/d200964d8k.htm
0001193125-21-284427,0001694665,"Evelo Biosciences, Inc.  (EVLO)  (CIK 0001694665)",,missing,2021-09-27,2021-09-27T18:55:42,acceptance_time,2021-09-28,EDP1815,2,Mild and Moderate Psoriasis,,,53398292,2021-07-29,https://www.sec.gov/Archives/edgar/data/1694665/000119312521284427/d234217d8k.htm
0001213900-21-050445,0001721484,Longeveron Inc.  (LGVN)  (CIK 0001721484),LGVN,sec_current,,2021-09-29T09:31:35,acceptance_time,2021-09-29,Lomecel-B,2b,Aging Frailty,VSAFE,,,,https://www.sec.gov/Archives/edgar/data/1721484/000121390021050445/ea148084ex99-1_longeveron.htm
0001558370-21-012862,0001650664,"Editas Medicine, Inc.  (EDIT)  (CIK 0001650664)",EDIT,release_text,2021-09-29,2021-09-29T09:05:48,acceptance_time,2021-09-29,EDIT-101,1/2,Leber congenital amaurosis 10 (LCA10),BRILLIANCE,,68261255,2021-08-05,https://www.sec.gov/Archives/edgar/data/1650664/000155837021012862/edit-20210929x8k.htm
0001193125-21-289652,0001590877,REGENXBIO Inc.  (RGNX)  (CIK 0001590877),RGNX,release_text,2021-10-01,2021-10-01T15:51:56,acceptance_time,2021-10-01,RGX-314,2,wet age-related macular degeneration (wet AMD),AAVIATE,,42600528,2021-08-09,https://www.sec.gov/Archives/edgar/data/1590877/000119312521289652/d193715dex991.htm
0001370053-21-000060,0001370053,"ANAPTYSBIO, INC  (ANAB)  (CIK 0001370053)",ANAB,release_text,2021-10-02,2021-10-04T09:00:42,release_date_only,2021-10-04,imsidolimab,2,generalized pustular psoriasis,GALLOP,,27433359,2021-08-09,https://www.sec.gov/Archives/edgar/data/1370053/000137005321000060/gppphase2additionaldata100.htm
0001564590-21-049880,0001582313,Xenon Pharmaceuticals Inc.  (XENE)  (CIK 0001582313),XENE,release_text,2021-10-04,2021-10-04T07:03:30,acceptance_time,2021-10-04,XEN1101,2b,focal epilepsy,X-TOLE,,41124184,2021-08-11,https://www.sec.gov/Archives/edgar/data/1582313/000156459021049880/xene-8k_20211004.htm
0001104659-21-122817,0001477845,"Annovis Bio, Inc.  (ANVS)  (CIK 0001477845)",ANVS,release_text,2021-10-05,2021-10-05T08:16:43,acceptance_time,2021-10-05,ANVS401,2,Parkinson’s disease,,,8100570,2021-07-28,https://www.sec.gov/Archives/edgar/data/1477845/000110465921122817/tm2129183d1_8k.htm
0000819050-21-000145,0000819050,"Brickell Biotech, Inc.  (FRTX)  (CIK 0000819050)",BBI,release_text,2021-10-07,2021-10-07T06:56:39,acceptance_time,2021-10-07,"sofpironium bromide gel, 15%",3,primary axillary hyperhidrosis,Cardigan I and Cardigan II,NCT03836287;NCT03948646,85915445,2021-08-12,https://www.sec.gov/Archives/edgar/data/819050/000081905021000145/a20211007ex991cardiganstud.htm
0001558370-21-013053,0001504167,"Timber Pharmaceuticals, Inc.  (CIK 0001504167)",TMBR,release_text,2021-10-07,2021-10-07T08:59:41,acceptance_time,2021-10-07,TMB-001,2b,congenital ichthyosis,CONTROL,,36659685,2021-08-10,https://www.sec.gov/Archives/edgar/data/1504167/000155837021013053/tmbr-20211007x8k.htm
0001193125-21-293715,0001538927,"Forma Therapeutics Holdings, Inc.  (CIK 0001538927)",FMTX,release_text,2021-10-07,2021-10-07T07:32:03,acceptance_time,2021-10-07,FT-7051,1,metastatic castration-resistant prostate cancer,Courage Study,NCT04575766,47389053,2021-08-13,https://www.sec.gov/Archives/edgar/data/1538927/000119312521293715/d205006d8k.htm
0001193125-21-294713,0001812364,"Relay Therapeutics, Inc.  (RLAY)  (CIK 0001812364)",RLAY,release_text,2021-10-08,2021-10-08T06:07:39,acceptance_time,2021-10-08,RLY-4008,1,FGFR2-altered cholangiocarcinoma and multiple other solid tumors,,,92695097,2021-08-12,https://www.sec.gov/Archives/edgar/data/1812364/000119312521294713/d228629d8k.htm
0001193125-21-295398,0001808158,Repare Therapeutics Inc.  (RPTX)  (CIK 0001808158),RPTX,release_text,2021-10-08,2021-10-08T15:26:01,acceptance_time,2021-10-08,RP-3500,1,solid tumors,TRESR,,37117016,2021-08-12,https://www.sec.gov/Archives/edgar/data/1808158/000119312521295398/d224633d8k.htm
0000950170-21-002075,0001738021,"Compass Therapeutics, Inc.  (CMPX)  (CIK 0001738021)",CMPX,release_text,2021-10-08,2021-10-08T12:01:22,acceptance_time,2021-10-08,CTX-009,1,solid tumor,,,61694565,2021-08-16,https://www.sec.gov/Archives/edgar/data/1738021/000095017021002075/cmpx-20211008.htm
0000950170-21-002070,0001595893,"Turning Point Therapeutics, Inc.  (CIK 0001595893)",TPTX,release_text,2021-10-08,2021-10-08T08:35:57,acceptance_time,2021-10-08,repotrectinib,1/2,NTRK-positive advanced solid tumor,TRIDENT-1,,49407966,2021-08-09,https://www.sec.gov/Archives/edgar/data/1595893/000095017021002070/tptx-20211008.htm
0001193125-21-294159,0001796280,"Oric Pharmaceuticals, Inc.  (ORIC)  (CIK 0001796280)",ORIC,release_text,2021-10-07,2021-10-07T16:06:03,acceptance_time,2021-10-08,ORIC-101,1b,metastatic prostate cancer,,,39317686,2021-08-10,https://www.sec.gov/Archives/edgar/data/1796280/000119312521294159/d181647d8k.htm
0001104659-21-124173,0001761612,BICYCLE THERAPEUTICS plc  (BCYC)  (CIK 0001761612),BCYC,release_text,2021-10-07,2021-10-07T16:14:57,acceptance_time,2021-10-08,BT5528 and BT8009,1,late line cancer,,,25509312,2021-08-05,https://www.sec.gov/Archives/edgar/data/1761612/000110465921124173/tm2129421d1_ex99-1.htm
0001193125-21-297865,0001650648,4D Molecular Therapeutics Inc.  (FDMT)  (CIK 0001650648),FDMT,release_text,2021-10-10,2021-10-13T16:37:32,release_date_only,2021-10-11,4D-125,1/2,X-linked retinitis pigmentosa,,,26988255,2021-08-12,https://www.sec.gov/Archives/edgar/data/1650648/000119312521297865/d211305d8k.htm
0001193125-21-296282,0001337553,AERIE PHARMACEUTICALS INC  (CIK 0001337553),AERI,release_text,2021-10-12,2021-10-12T06:36:03,acceptance_time,2021-10-12,netarsudil ophthalmic solution 0.02%,3,open-angle glaucoma or ocular hypertension,,,47233646,2021-08-05,https://www.sec.gov/Archives/edgar/data/1337553/000119312521296282/d154401d8k.htm
0001739614-21-000096,0001739614,"Inhibrx, Inc.  (CIK 0001739614)",INBX,release_text,2021-10-12,2021-10-12T07:50:43,acceptance_time,2021-10-12,INBRX-101,1,alpha-1 antitrypsin deficiency,,,37892204,2021-08-09,https://www.sec.gov/Archives/edgar/data/1739614/000173961421000096/exhibit991pressreleaseocto.htm
0001193125-21-296954,0001674416,CRISPR Therapeutics AG  (CRSP)  (CIK 0001674416),CRSP,release_text,2021-10-12,2021-10-12T16:46:22,acceptance_time,2021-10-13,CTX110,1,relapsed or refractory CD19+ B-cell malignancies,CARBON,NCT04035434,76201185,2021-07-29,https://www.sec.gov/Archives/edgar/data/1674416/000119312521296954/d242661d8k.htm
0001493152-21-025269,0000764195,VBI Vaccines Inc/BC  (VBIVQ)  (CIK 0000764195),VBIV,release_text,2021-10-13,2021-10-13T08:00:47,acceptance_time,2021-10-13,3-antigen hepatitis B vaccine candidate,3,hepatitis B,CONSTANT,,256008341,2021-08-02,https://www.sec.gov/Archives/edgar/data/764195/000149315221025269/ex99-1.htm
0001193125-21-300580,0001664106,"LogicBio Therapeutics, Inc.  (CIK 0001664106)",LOGC,release_text,2021-10-18,2021-10-18T08:02:05,acceptance_time,2021-10-18,LB-001,1/2,methylmalonic acidemia,SUNRISE,,32240235,2021-08-09,https://www.sec.gov/Archives/edgar/data/1664106/000119312521300580/d244236d8k.htm
0001437749-21-023789,0001659617,"Moleculin Biotech, Inc.  (MBRX)  (CIK 0001659617)",MBRX,release_text,2021-10-18,2021-10-18T08:25:27,acceptance_time,2021-10-18,Annamycin,1b/2,soft tissue sarcoma lung metastases,,NCT04887298,28552213,2021-08-11,https://www.sec.gov/Archives/edgar/data/1659617/000143774921023789/ex_291859.htm
0001140361-21-034722,0000874015,IONIS PHARMACEUTICALS INC  (IONS)  (CIK 0000874015),IONS,release_text,2021-10-17,2021-10-18T14:31:14,release_date_only,2021-10-18,tofersen,3,superoxide dismutase 1 amyotrophic lateral sclerosis,VALOR,NCT02623699,141147698,2021-08-04,https://www.sec.gov/Archives/edgar/data/874015/000114036121034722/brhc10029896_8k.htm
0001193125-21-301523,0001563577,"Galera Therapeutics, Inc.  (GRTX)  (CIK 0001563577)",GRTX,release_text,2021-10-19,2021-10-19T07:05:34,acceptance_time,2021-10-19,avasopasem manganese,3,radiotherapy-induced severe oral mucositis,ROMAN,NCT03689712,26365632,2021-08-10,https://www.sec.gov/Archives/edgar/data/1563577/000119312521301523/d244982d8k.htm
0001193125-21-301641,0001704292,Zai Lab Ltd  (ZLAB)  (CIK 0001704292),ZLAB,release_text,2021-10-19,2021-10-19T09:21:03,acceptance_time,2021-10-19,Sulbactam-Durlobactam (SUL-DUR),3,Acinetobacter baumannii infections,ATTACK,,88592343,2021-03-01,https://www.sec.gov/Archives/edgar/data/1704292/000119312521301641/d251879d8k.htm
0001104659-21-127378,0001724344,Entasis Therapeutics Holdings Inc.  (CIK 0001724344),ETTX,release_text,2021-10-18,2021-10-19T08:00:54,release_date_only,2021-10-19,sulbactam-durlobactam (SUL-DUR),3,Acinetobacter baumannii infections,ATTACK,,47310254,2021-08-12,https://www.sec.gov/Archives/edgar/data/1724344/000110465921127378/tm2130401d1_8k.htm
0001193125-21-303048,0001704292,Zai Lab Ltd  (ZLAB)  (CIK 0001704292),ZLAB,release_text,2021-10-20,2021-10-20T16:06:58,acceptance_time,2021-10-21,ZL-1102,1b,mild-to-moderate chronic plaque psoriasis,,,88592343,2021-03-01,https://www.sec.gov/Archives/edgar/data/1704292/000119312521303048/d245058d8k.htm
0001636050-21-000082,0001636050,Sio Gene Therapies Inc.  (CIK 0001636050),SIOX,release_text,2021-10-21,2021-10-21T06:02:36,acceptance_time,2021-10-21,AXO-AAV-GM1,1/2,GM1 gangliosidosis,,NCT03952637,72941507,2021-08-12,https://www.sec.gov/Archives/edgar/data/1636050/000163605021000082/finalaxo-aavxgm1toplines.htm
0001564590-21-051434,0001634379,"Metacrine, Inc.  (CIK 0001634379)",MTCR,release_text,2021-10-21,2021-10-21T16:06:59,acceptance_time,2021-10-22,MET642,2a,non-alcoholic steatohepatitis (NASH),,NCT04773964,26525627,2021-08-12,https://www.sec.gov/Archives/edgar/data/1634379/000156459021051434/mtcr-ex991_52.htm
0001628280-21-020411,0001398733,"Aquestive Therapeutics, Inc.  (AQST)  (CIK 0001398733)",AQST,release_text,2021-10-25,2021-10-25T08:31:07,acceptance_time,2021-10-25,AQST-109,1,allergic reactions including anaphylaxis,,,38886465,2021-08-03,https://www.sec.gov/Archives/edgar/data/1398733/000162828021020411/aqst-20211025.htm
0001193125-21-307156,0001650648,4D Molecular Therapeutics Inc.  (FDMT)  (CIK 0001650648),FDMT,release_text,2021-10-25,2021-10-26T06:30:41,release_date_only,2021-10-26,4D-310,1/2,Fabry disease,,,26988255,2021-08-12,https://www.sec.gov/Archives/edgar/data/1650648/000119312521307156/d185288d8k.htm
0001193125-21-308787,0001815442,"Kymera Therapeutics, Inc.  (KYMR)  (CIK 0001815442)",KYMR,release_text,2021-10-27,2021-10-27T09:02:06,acceptance_time,2021-10-27,KT-474,1,inflammatory diseases,,,51039817,2021-08-06,https://www.sec.gov/Archives/edgar/data/1815442/000119312521308787/d213334d8k.htm
0001193125-21-308663,0001549595,"Nurix Therapeutics, Inc.  (NRIX)  (CIK 0001549595)",NRIX,sec_current,2021-10-27,2021-10-27T07:01:03,acceptance_time,2021-10-27,NX-2127,1a,Hematologic Malignancies,,,44612647,2021-10-14,https://www.sec.gov/Archives/edgar/data/1549595/000119312521308663/d249587d8k.htm
0001157523-21-001266,0001710072,"Edgewise Therapeutics, Inc.  (EWTX)  (CIK 0001710072)",EWTX,release_text,2021-10-28,2021-10-28T06:02:32,acceptance_time,2021-10-28,EDG-5506,1,dystrophinopathies such as DMD and BMD,,NCT04585464,49261995,2021-08-09,https://www.sec.gov/Archives/edgar/data/1710072/000115752321001266/a52517172.htm
0001493152-21-026815,0001535955,Lipocine Inc.  (LPCN)  (CIK 0001535955),LPCN,sec_current,,2021-11-01T08:00:31,acceptance_time,2021-11-01,LPCN 1144,2,Nonalcoholic Steatohepatitis (NASH),LiFT,NCT04134091,88290650,2021-08-05,https://www.sec.gov/Archives/edgar/data/1535955/000149315221026815/ex99-2.htm
0001193125-21-316254,0001341235,"Aldeyra Therapeutics, Inc.  (ALDX)  (CIK 0001341235)",ALDX,release_text,2021-11-02,2021-11-02T08:14:57,acceptance_time,2021-11-02,reproxalap,2,dry eye disease,,,58092105,2021-10-28,https://www.sec.gov/Archives/edgar/data/1341235/000119312521316254/d240887d8k.htm
0001564590-21-053313,0001634379,"Metacrine, Inc.  (CIK 0001634379)",MTCR,release_text,2021-11-02,2021-11-02T08:06:16,acceptance_time,2021-11-02,MET409,2a,type 2 diabetes and non-alcoholic steatohepatitis (NASH),,NCT04702490,26525627,2021-08-12,https://www.sec.gov/Archives/edgar/data/1634379/000156459021053313/mtcr-ex991_24.htm
0001213900-21-055968,0001822791,"Clene Inc.  (CLNN, CLNNW)  (CIK 0001822791)",CLNN,release_text,2021-11-02,2021-11-02T07:04:45,acceptance_time,2021-11-02,CNM-Au8,2,amyotrophic lateral sclerosis,RESCUE-ALS,NCT04098406,61492049,2021-08-09,https://www.sec.gov/Archives/edgar/data/1822791/000121390021055968/ea149773-8k_cleneinc.htm
0001169245-21-000100,0001169245,PhaseBio Pharmaceuticals Inc  (PHASQ)  (CIK 0001169245),PHAS,release_text,2021-11-03,2021-11-03T08:04:44,acceptance_time,2021-11-03,bentracimab,2b,major bleeding and urgent surgery situations,,NCT04122170,48042483,2021-08-12,https://www.sec.gov/Archives/edgar/data/1169245/000116924521000100/bentracimabphase2btopliner.htm
0000950103-21-017355,0001356090,"PRECIGEN, INC.  (PGEN)  (CIK 0001356090)",PGEN,release_text,2021-11-04,2021-11-04T09:29:20,acceptance_time,2021-11-04,"PRGN-3006, PRGN-2009, PRGN-2012, PRGN-3005",1,"acute myeloid leukemia, HPV-associated cancer",,,206643428,2021-08-09,https://www.sec.gov/Archives/edgar/data/1356090/000095010321017355/dp161305_ex9901.htm
0001193125-21-320821,0001496671,"Calithera Biosciences, Inc.  (CALA)  (CIK 0001496671)",CALA,release_text,2021-11-05,2021-11-05T06:10:05,acceptance_time,2021-11-05,telaglenastat,2,stage IV non-squamous non-small cell lung cancer,KEAPSAKE,,74114399,2021-08-05,https://www.sec.gov/Archives/edgar/data/1496671/000119312521320821/d233634dex991.htm
0001193125-21-320116,0001827506,"Talaris Therapeutics, Inc.  (TRML)  (CIK 0001827506)",,missing,2021-11-04,2021-11-04T16:02:06,acceptance_time,2021-11-05,FCR001,3,living donor kidney transplant,FREEDOM-1,,41345884,2021-08-12,https://www.sec.gov/Archives/edgar/data/1827506/000119312521320116/d258571d8k.htm
0001193125-21-320901,0001654151,"Deciphera Pharmaceuticals, Inc.  (CIK 0001654151)",DCPH,release_text,2021-11-05,2021-11-05T07:10:10,acceptance_time,2021-11-05,QINLOCK,3,gastrointestinal stromal tumor (GIST),INTRIGUE,,58480837,2021-11-02,https://www.sec.gov/Archives/edgar/data/1654151/000119312521320901/d252692d8k.htm
0001193125-21-322360,0001453687,SELECTA BIOSCIENCES INC  (RNAC)  (CIK 0001453687),SELB,release_text,2021-11-08,2021-11-08T08:06:03,acceptance_time,2021-11-08,ImmTOR,1,neutralizing antibodies against adeno-associated viral serotype 8 (AAV8) vectors,,,115079292,2021-08-12,https://www.sec.gov/Archives/edgar/data/1453687/000119312521322360/d604726d8k.htm
0001437749-21-025788,0001513818,"Aravive, Inc.  (CIK 0001513818)",ARAV,release_text,2021-11-09,2021-11-09T08:29:00,acceptance_time,2021-11-09,batiraxcept (AVB-500),1b,clear cell renal cell carcinoma (ccRCC),Phase 1b/2 trial,NCT04300140,20973499,2021-10-28,https://www.sec.gov/Archives/edgar/data/1513818/000143774921025788/ex_304496.htm
0000950170-21-003784,0001831363,"Terns Pharmaceuticals, Inc.  (TERN)  (CIK 0001831363)",TERN,release_text,2021-11-09,2021-11-09T16:49:29,acceptance_time,2021-11-10,TERN-501,1,NASH,,,25130613,2021-08-16,https://www.sec.gov/Archives/edgar/data/1831363/000095017021003784/tern-20211109.htm
0001171843-21-007826,0001447028,Arbutus Biopharma Corp  (ABUS)  (CIK 0001447028),ABUS,release_text,2021-11-10,2021-11-12T06:00:28,release_date_only,2021-11-11,AB-729,1a/1b,chronic hepatitis B virus (HBV) infection,,,135269247,2021-11-04,https://www.sec.gov/Archives/edgar/data/1447028/000117184321007826/exh_991.htm
0001104659-21-137731,0001477845,"Annovis Bio, Inc.  (ANVS)  (CIK 0001477845)",ANVS,release_text,2021-11-12,2021-11-12T10:32:29,acceptance_time,2021-11-12,ANVS401,2a,"Alzheimer's disease (AD), Parkinson's disease (PD)",,,8100570,2021-11-03,https://www.sec.gov/Archives/edgar/data/1477845/000110465921137731/tm2132744d1_8k.htm
0001558370-21-015611,0001621227,Adaptimmune Therapeutics PLC  (ADAP)  (CIK 0001621227),ADAP,release_text,2021-11-11,2021-11-12T06:30:21,release_date_only,2021-11-12,afamitresgene autoleucel,2,synovial sarcoma or myxoid/round cell liposarcoma,SPEARHEAD-1,,937224360,2021-11-04,https://www.sec.gov/Archives/edgar/data/1621227/000155837021015611/adap-20211111x8k.htm
0001193125-21-328180,0001590877,REGENXBIO Inc.  (RGNX)  (CIK 0001590877),RGNX,release_text,2021-11-12,2021-11-12T16:38:37,acceptance_time,2021-11-15,RGX-314,2,wet age-related macular degeneration and diabetic retinopathy,AAVIATE and ALTITUDE,,42769208,2021-11-02,https://www.sec.gov/Archives/edgar/data/1590877/000119312521328180/d142076dex991.htm
0001370053-21-000072,0001370053,"ANAPTYSBIO, INC  (ANAB)  (CIK 0001370053)",ANAB,release_text,2021-11-15,2021-11-15T09:05:10,acceptance_time,2021-11-15,rosnilimab,1,healthy volunteer,,,27507922,2021-11-04,https://www.sec.gov/Archives/edgar/data/1370053/000137005321000072/anab-20211115.htm
0001104659-21-139169,0001661059,"NextCure, Inc.  (NXTC)  (CIK 0001661059)",NXTC,release_text,2021-11-13,2021-11-15T16:13:34,release_date_only,2021-11-15,"NC318, NC410",1 and 2,advanced/metastatic solid tumors,,,27626227,2021-11-04,https://www.sec.gov/Archives/edgar/data/1661059/000110465921139169/tm2132890d1_ex99-1.htm
0001493152-21-028861,0000908259,"Oncotelic Therapeutics, Inc.  (OTLC)  (CIK 0000908259)",OTLC,release_text,2021-11-16,2021-11-16T08:20:12,acceptance_time,2021-11-16,"OT-101, IL-2",1b,solid tumor cancers,NCT04862767,NCT04862767,371354911,2021-08-20,https://www.sec.gov/Archives/edgar/data/908259/000149315221028861/ex99-1.htm
0001193125-21-331873,0001659352,"Codiak BioSciences, Inc.  (CIK 0001659352)",CDAK,release_text,2021-11-16,2021-11-17T07:00:40,release_date_only,2021-11-17,exoSTING,1/2,solid tumors,,,22365752,2021-11-04,https://www.sec.gov/Archives/edgar/data/1659352/000119312521331873/d253552d8k.htm
0001104659-21-139939,0001279704,"Cellectar Biosciences, Inc.  (CLRB)  (CIK 0001279704)",CLRB,release_text,2021-11-16,2021-11-16T16:07:12,acceptance_time,2021-11-17,iopofosine I-131,1,high grade gliomas and soft tissue sarcomas,CLOVER-2,,61101264,2021-11-08,https://www.sec.gov/Archives/edgar/data/1279704/000110465921139939/tm2133148d1_ex99-1.htm
0001104659-21-140321,0001035354,"Eloxx Pharmaceuticals, Inc.  (ELOX)  (CIK 0001035354)",ELOX,release_text,2021-11-17,2021-11-17T07:41:59,acceptance_time,2021-11-17,ELX-02,2,cystic fibrosis,,NCT04126473;NCT04135495,86252365,2021-11-08,https://www.sec.gov/Archives/edgar/data/1035354/000110465921140321/tm2133239d1_8k.htm
0001564590-21-057537,0001748907,Orchard Therapeutics plc  (CIK 0001748907),ORTX,release_text,2021-11-18,2021-11-18T07:05:24,acceptance_time,2021-11-18,OTL-203,,Hurler syndrome,,,125498931,2021-11-04,https://www.sec.gov/Archives/edgar/data/1748907/000156459021057537/ortx-ex991_19.htm
0001654954-21-012446,0001853816,"Dermata Therapeutics, Inc.  (DRMA, DRMAW)  (CIK 0001853816)",DRMA,release_text,2021-11-19,2021-11-19T09:06:21,acceptance_time,2021-11-19,DMT410,1b,aesthetic skin conditions,,,8328629,2021-11-15,https://www.sec.gov/Archives/edgar/data/1853816/000165495421012446/drma_8k.htm
0001564590-21-057958,0001671584,Aptevo Therapeutics Inc.  (APVO)  (CIK 0001671584),APVO,release_text,2021-11-23,2021-11-23T08:18:37,acceptance_time,2021-11-23,APVO436,1b,acute myeloid leukemia,,,4898034,2021-11-12,https://www.sec.gov/Archives/edgar/data/1671584/000156459021057958/apvo-ex991_33.htm
0001140361-21-039298,0000874015,IONIS PHARMACEUTICALS INC  (IONS)  (CIK 0000874015),IONS,release_text,2021-11-24,2021-11-24T09:29:14,acceptance_time,2021-11-24,vupanorsen,2b,cardiovascular risk reduction and severe hypertriglyceridemia,TRANSLATE-TIMI 70,,141210015,2021-11-03,https://www.sec.gov/Archives/edgar/data/874015/000114036121039298/brhc10031197_ex99-1.htm
0001493152-21-029741,0000908259,"Oncotelic Therapeutics, Inc.  (OTLC)  (CIK 0000908259)",OTLC,release_text,2021-11-23,2021-11-24T07:00:19,release_date_only,2021-11-24,OT-101,2,COVID-19,C001,,372814911,2021-11-22,https://www.sec.gov/Archives/edgar/data/908259/000149315221029741/ex99-1.htm
0001628280-21-024142,0001741830,"Kronos Bio, Inc.  (KRON)  (CIK 0001741830)",KRON,release_text,2021-11-29,2021-11-29T08:02:08,acceptance_time,2021-11-29,KB-0742,1/2,MYC-amplified solid tumors,,,56347286,2021-11-09,https://www.sec.gov/Archives/edgar/data/1741830/000162828021024142/kron-20211129.htm
0001104659-21-144687,0000855654,"ImmunoGen, Inc.  (CIK 0000855654)",IMGN,release_text,2021-11-30,2021-11-30T06:37:44,acceptance_time,2021-11-30,mirvetuximab soravtansine,3,ovarian cancer,SORAYA,,202619488,2021-10-29,https://www.sec.gov/Archives/edgar/data/855654/000110465921144687/tm2134074d1_8k.htm
0001193125-21-342256,0001711279,"Krystal Biotech, Inc.  (KRYS)  (CIK 0001711279)",KRYS,release_text,2021-11-29,2021-11-29T16:06:07,acceptance_time,2021-11-30,VYJUVEK,3,dystrophic Epidermolysis Bullosa,GEM-3,NCT04491604;NCT04917874,22237984,2021-11-08,https://www.sec.gov/Archives/edgar/data/1711279/000119312521342256/d217944d8k.htm
0001193125-21-342891,0001262104,"MEI Pharma, Inc.  (MEIP)  (CIK 0001262104)",MEIP,release_text,2021-11-30,2021-11-30T07:13:55,acceptance_time,2021-11-30,zandelisib,2,follicular lymphoma,TIDAL,NCT02914938;NCT03768505;NCT04533581;NCT04745832,112721212,2021-11-10,https://www.sec.gov/Archives/edgar/data/1262104/000119312521342891/d205347dex991.htm
0001171843-21-008240,0001447028,Arbutus Biopharma Corp  (ABUS)  (CIK 0001447028),ABUS,release_text,2021-12-01,2021-12-01T12:50:43,acceptance_time,2021-12-01,AB-836,1a/1b,chronic hepatitis B virus,,,135269247,2021-11-04,https://www.sec.gov/Archives/edgar/data/1447028/000117184321008240/exh_991.htm
0001171843-21-008273,0001444192,Acasti Pharma Inc.  (ACST)  (CIK 0001444192),ACST,release_text,2021-12-02,2021-12-02T07:17:04,acceptance_time,2021-12-02,GTX-104,,Subarachnoid Hemorrhage,,,44288183,2021-11-10,https://www.sec.gov/Archives/edgar/data/1444192/000117184321008273/exh_991.htm
0001193125-21-347835,0001623526,"Stoke Therapeutics, Inc.  (STOK)  (CIK 0001623526)",STOK,release_text,2021-12-03,2021-12-03T16:05:48,acceptance_time,2021-12-06,STK-001,1/2a,Dravet syndrome,MONARCH,,36790993,2021-11-08,https://www.sec.gov/Archives/edgar/data/1623526/000119312521347835/d197450dex991.htm
0001564590-21-059372,0001636282,"Aeglea BioTherapeutics, Inc.  (SYRE)  (CIK 0001636282)",AGLE,release_text,2021-12-06,2021-12-06T06:30:40,acceptance_time,2021-12-06,pegzilarginase,3,Arginase 1 Deficiency,PEACE,NCT03921541,49319958,2021-11-04,https://www.sec.gov/Archives/edgar/data/1636282/000156459021059372/agle-8k_20211206.htm
0001564590-21-059379,0001641281,"Bolt Biotherapeutics, Inc.  (BOLT)  (CIK 0001641281)",BOLT,release_text,2021-12-06,2021-12-06T08:56:19,acceptance_time,2021-12-06,BDC-1001,1/2,HER2-expressing solid tumors,,,37284650,2021-11-09,https://www.sec.gov/Archives/edgar/data/1641281/000156459021059379/bolt-8k_20211206.htm
0001193125-21-348354,0001680581,"Fulcrum Therapeutics, Inc.  (FULC)  (CIK 0001680581)",FULC,release_text,2021-12-06,2021-12-06T07:17:59,acceptance_time,2021-12-06,FTX-6058,1,sickle cell disease,,,40548783,2021-11-04,https://www.sec.gov/Archives/edgar/data/1680581/000119312521348354/d273327d8k.htm
0001718108-21-000036,0001718108,"Surface Oncology, Inc.  (CIK 0001718108)",SURF,release_text,2021-12-06,2021-12-06T09:27:48,acceptance_time,2021-12-06,SRF617,1,advanced solid tumors,SRF617-101,,46135245,2021-11-04,https://www.sec.gov/Archives/edgar/data/1718108/000171810821000036/surf-1262021x8k.htm
0000950170-21-005044,0001720580,"Adicet Bio, Inc.  (ACET)  (CIK 0001720580)",ACET,release_text,2021-12-06,2021-12-06T07:55:54,acceptance_time,2021-12-06,ADI-001,1,B Cell Non-Hodgkin’s Lymphoma,,,31955450,2021-11-10,https://www.sec.gov/Archives/edgar/data/1720580/000095017021005044/acet-20211206.htm
0001193125-21-349137,0001070494,ACADIA PHARMACEUTICALS INC  (ACAD)  (CIK 0001070494),ACAD,release_text,2021-12-06,2021-12-06T17:16:05,acceptance_time,2021-12-07,trofinetide,3,Rett syndrome,Lavender,,160755971,2021-11-09,https://www.sec.gov/Archives/edgar/data/1070494/000119312521349137/d257158d8k.htm
0001558370-21-016575,0001735438,MeiraGTx Holdings plc  (MGTX)  (CIK 0001735438),MGTX,release_text,2021-12-07,2021-12-07T08:36:46,acceptance_time,2021-12-07,AAV-hAQP1,1,Grade 2/3 Radiation-Induced Xerostomia,AQUAx,,44448624,2021-11-10,https://www.sec.gov/Archives/edgar/data/1735438/000155837021016575/mgtx-20211207x8k.htm
0001689813-21-000152,0001689813,Biohaven Pharmaceutical Holding Co Ltd.  (CIK 0001689813),BHVN,release_text,2021-12-06,2021-12-09T17:24:31,release_date_only,2021-12-07,intranasal zavegepant,3,migraine,,NCT04571060,65501261,2021-11-09,https://www.sec.gov/Archives/edgar/data/1689813/000168981321000152/exhibit992zavegepantpressr.htm
0001104659-21-147914,0000850261,"Sorrento Therapeutics, Inc.  (SRNE)  (CIK 0000850261)",SRNE,release_text,2021-12-09,2021-12-09T09:00:23,acceptance_time,2021-12-09,SP-102 (SEMDEXA™),3,lumbosacral radicular pain (sciatica),C.L.E.A.R. Program,NCT03372161,306335789,2021-11-05,https://www.sec.gov/Archives/edgar/data/850261/000110465921147914/tm2134651d1_8k.htm
0001193125-21-351679,0001403752,Zymeworks Inc.  (CIK 0001403752),ZYME,release_text,2021-12-08,2021-12-08T18:46:30,acceptance_time,2021-12-09,zanidatamab,,HER2-positive breast cancer,,NCT05027139,46553964,2021-11-03,https://www.sec.gov/Archives/edgar/data/1403752/000119312521351679/d260676d8k.htm
0001628280-21-024728,0001600620,Aurinia Pharmaceuticals Inc.  (AUPH)  (CIK 0001600620),AUPH,release_text,2021-12-09,2021-12-09T06:31:52,acceptance_time,2021-12-09,LUPKYNIS™ (voclosporin),3,lupus nephritis,AURORA 2,NCT03021499;NCT03597464,129670345,2021-11-03,https://www.sec.gov/Archives/edgar/data/1600620/000162828021024728/auph-20211209.htm
0001171843-21-008447,0001061983,CYTOKINETICS INC  (CYTK)  (CIK 0001061983),CYTK,release_text,2021-12-10,2021-12-10T07:30:12,acceptance_time,2021-12-10,reldesemtiv,3,amyotrophic lateral sclerosis,COURAGE-ALS,,83882953,2021-11-05,https://www.sec.gov/Archives/edgar/data/1061983/000117184321008447/f8k_121021.htm
0001104659-21-149107,0001590560,uniQure N.V.  (QURE)  (CIK 0001590560),QURE,release_text,2021-12-09,2021-12-13T16:16:26,release_date_only,2021-12-10,etranacogene dezaparvovec,3,hemophilia B,HOPE-B,,,,https://www.sec.gov/Archives/edgar/data/1590560/000110465921149107/tm2135254d1_8k.htm
0001493152-21-031170,0001799788,"Greenwich LifeSciences, Inc.  (GLSI)  (CIK 0001799788)",GLSI,release_text,2021-12-09,2021-12-13T06:04:12,release_date_only,2021-12-10,GP2,2b,breast cancer,,NCT00524277,13123377,2021-11-15,https://www.sec.gov/Archives/edgar/data/1799788/000149315221031170/ex99-1.htm
0001193125-21-354690,0001754068,"Allovir, Inc.  (ALVR)  (CIK 0001754068)",ALVR,release_text,2021-12-11,2021-12-13T08:17:43,release_date_only,2021-12-13,posoleucel,2,clinically significant infections and end-organ diseases from six potentially life-threatening viruses,,,65140831,2021-11-05,https://www.sec.gov/Archives/edgar/data/1754068/000119312521354690/d261161d8k.htm
0001193125-21-355598,0001708493,"Harpoon Therapeutics, Inc.  (CIK 0001708493)",HARP,release_text,2021-12-11,2021-12-13T17:28:12,release_date_only,2021-12-13,HPN217,1/2,relapsed/refractory multiple myeloma,,NCT04184050,32748556,2021-11-10,https://www.sec.gov/Archives/edgar/data/1708493/000119312521355598/d248888d8k.htm
0001193125-21-354602,0001538927,"Forma Therapeutics Holdings, Inc.  (CIK 0001538927)",FMTX,release_text,2021-12-11,2021-12-13T07:05:13,release_date_only,2021-12-13,etavopivat,1,sickle cell disease,,NCT03815695;NCT04624659,47404601,2021-11-12,https://www.sec.gov/Archives/edgar/data/1538927/000119312521354602/d231942d8k.htm
0001171843-21-008476,0001629137,"Global Blood Therapeutics, Inc.  (CIK 0001629137)",GBT,release_text,2021-12-13,2021-12-13T09:01:41,acceptance_time,2021-12-13,GBT021601,1,sickle cell disease,,,64445267,2021-11-04,https://www.sec.gov/Archives/edgar/data/1629137/000117184321008476/exh_991.htm
0001564590-21-060153,0001395937,Syndax Pharmaceuticals Inc  (SNDX)  (CIK 0001395937),SNDX,release_text,2021-12-11,2021-12-13T16:01:55,release_date_only,2021-12-13,axatilimab,1/2,chronic graft-versus-host disease (cGVHD),AGAVE-201,,49392123.0,2021-11-15,https://www.sec.gov/Archives/edgar/data/1395937/000156459021060153/sndx-8k_20211211.htm
0001564590-21-060064,0001357874,PRECISION BIOSCIENCES INC  (DTIL)  (CIK 0001357874),DTIL,release_text,2021-12-11,2021-12-13T07:31:00,release_date_only,2021-12-13,PBCAR0191,1/2a,Relapsed/Refractory non-Hodgkin lymphoma or B-cell precursor acute lymphoblastic leukemia,,,60767307,2021-11-10,https://www.sec.gov/Archives/edgar/data/1357874/000156459021060064/dtil-8k_20211211.htm
0001293971-21-000093,0001293971,"bluebird bio, Inc.  (BLUE)  (CIK 0001293971)",BLUE,release_text,2021-12-11,2021-12-13T06:16:56,release_date_only,2021-12-13,betibeglogene autotemcel (beti-cel),3,β-thalassemia,HGB-207 Northstar-2,,70107263,2021-11-05,https://www.sec.gov/Archives/edgar/data/1293971/000129397121000093/exhibit99120211211.htm
0001558370-21-016703,0001133818,BIO-PATH HOLDINGS INC  (BPTH)  (CIK 0001133818),BPTH,release_text,2021-12-13,2021-12-13T07:40:56,acceptance_time,2021-12-13,prexigebersen (BP1001),2,Acute Myeloid Leukemia (AML),,,7160164,2021-11-10,https://www.sec.gov/Archives/edgar/data/1133818/000155837021016703/bpth-20211213xex99d1.htm
0001193125-21-354523,0001538210,"NexImmune, Inc.  (NEXI)  (CIK 0001538210)",NEXI,release_text,2021-12-12,2021-12-13T06:08:00,release_date_only,2021-12-13,NEXI-002,1/2,multiple myeloma,,,22711247,2021-11-12,https://www.sec.gov/Archives/edgar/data/1538210/000119312521354523/d238680dex991.htm
0001628280-21-024992,0001860782,"2seventy bio, Inc.  (TSVT)  (CIK 0001860782)",TSVT,release_text,2021-12-13,2021-12-14T07:36:20,release_date_only,2021-12-14,bb21217,1,relapsed and refractory multiple myeloma,CRB-402,NCT03274219;NCT05105152,23369088,2021-12-01,https://www.sec.gov/Archives/edgar/data/1860782/000162828021024992/exhibit991-8xk.htm
0001847903-21-000028,0001847903,Centessa Pharmaceuticals plc  (CNTA)  (CIK 0001847903),CNTA,release_text,2021-12-14,2021-12-14T07:58:10,acceptance_time,2021-12-14,lixivaptan,3,Autosomal Dominant Polycystic Kidney Disease,ACTION,NCT04064346;NCT04152837,89900916,2021-11-15,https://www.sec.gov/Archives/edgar/data/1847903/000184790321000028/pressrelease8kex991121421.htm
0001437749-21-028468,0001434647,"KEMPHARM, INC  (ZVRA)  (CIK 0001434647)",KMPH,release_text,2021-12-14,2021-12-14T08:47:31,acceptance_time,2021-12-14,serdexmethylphenidate (SDX),1,attention deficit hyperactivity disorder (ADHD),,,35319426,2021-11-10,https://www.sec.gov/Archives/edgar/data/1434647/000143774921028468/ex_316112.htm
0001193125-21-356947,0001434316,FATE THERAPEUTICS INC  (FATE)  (CIK 0001434316),FATE,release_text,2021-12-13,2021-12-14T17:28:34,release_date_only,2021-12-14,FT516,1,B-cell lymphoma,,NCT04023071,95492766,2021-11-04,https://www.sec.gov/Archives/edgar/data/1434316/000119312521356947/d267979dex991.htm
0001610618-21-000111,0001610618,"Cidara Therapeutics, Inc.  (CDTX)  (CIK 0001610618)",CDTX,release_text,2021-12-14,2021-12-14T07:05:18,acceptance_time,2021-12-14,rezafungin,3,candidemia and invasive candidiasis,ReSTORE,NCT03667690;NCT04368559,66686054,2021-11-10,https://www.sec.gov/Archives/edgar/data/1610618/000161061821000111/cdtx-20211214.htm
0001193805-21-001749,0001280776,"IMMUNIC, INC.  (IMUX)  (CIK 0001280776)",IMUX,release_text,2021-12-14,2021-12-14T08:20:03,acceptance_time,2021-12-14,IMU-935,1,chronic inflammatory and autoimmune diseases,,,26249439,2021-11-04,https://www.sec.gov/Archives/edgar/data/1280776/000119380521001749/e621156_8k-immunic.htm
0001171843-21-008490,0000882361,Aptose Biosciences Inc.  (APTO)  (CIK 0000882361),APTO,release_text,2021-12-13,2021-12-13T16:35:22,acceptance_time,2021-12-14,HM43239,1/2,acute myeloid leukemia,,,88948744,2021-11-12,https://www.sec.gov/Archives/edgar/data/882361/000117184321008490/exh_991.htm
0001104659-21-149386,0001372514,"KIORA PHARMACEUTICALS INC  (KPRX, KPHMW)  (CIK 0001372514)",KPRX,release_text,2021-12-14,2021-12-14T07:02:29,acceptance_time,2021-12-14,KIO-101,1,dry eye disease,,,12653054,2021-11-15,https://www.sec.gov/Archives/edgar/data/1372514/000110465921149386/tm2135356d1_8k.htm
0001104659-21-149581,0000861838,"IDERA PHARMACEUTICALS, INC.  (CIK 0000861838)",IDRA,release_text,2021-12-14,2021-12-14T16:45:19,acceptance_time,2021-12-15,tilsotolimod,,various,ILLUMINATE-206,,52798295,2021-11-08,https://www.sec.gov/Archives/edgar/data/861838/000110465921149581/tm2135391d1_ex99-1.htm
0001438533-21-000056,0001438533,"Travere Therapeutics, Inc.  (TVTX)  (CIK 0001438533)",TVTX,release_text,2021-12-15,2021-12-15T17:27:25,acceptance_time,2021-12-16,pegtibatinase,1/2,classical homocystinuria,COMPOSE,,61226392,2021-10-29,https://www.sec.gov/Archives/edgar/data/1438533/000143853321000056/tvtx-20211215.htm
0001193125-21-358543,0001538927,"Forma Therapeutics Holdings, Inc.  (CIK 0001538927)",FMTX,release_text,2021-12-16,2021-12-16T07:13:55,acceptance_time,2021-12-16,olutasidenib,2,mIDH1 acute myeloid leukemia,2102-HEM-101,NCT02719574,47404601,2021-11-12,https://www.sec.gov/Archives/edgar/data/1538927/000119312521358543/d257303d8k.htm
0001493152-21-031659,0001582554,"Matinas BioPharma Holdings, Inc.  (MTNB)  (CIK 0001582554)",MTNB,release_text,2021-12-16,2021-12-16T06:30:26,acceptance_time,2021-12-16,MAT2203,2,cryptococcal meningitis,EnACT,,216247528,2021-11-08,https://www.sec.gov/Archives/edgar/data/1582554/000149315221031659/ex99-1.htm
0001193125-21-358680,0001740279,"IN8BIO, INC.  (INAB)  (CIK 0001740279)",INAB,release_text,2021-12-16,2021-12-16T08:56:31,acceptance_time,2021-12-16,INB-100,1,leukemia,,NCT03533816,18754553,2021-11-10,https://www.sec.gov/Archives/edgar/data/1740279/000119312521358680/d225963dex991.htm
0001193125-21-358542,0001815442,"Kymera Therapeutics, Inc.  (KYMR)  (CIK 0001815442)",KYMR,release_text,2021-12-16,2021-12-16T07:12:01,acceptance_time,2021-12-16,KT-474,1,,,,51387136,2021-11-10,https://www.sec.gov/Archives/edgar/data/1815442/000119312521358542/d213171d8k.htm
0001558370-21-016900,0001787297,"Passage BIO, Inc.  (PASG)  (CIK 0001787297)",PASG,release_text,2021-12-17,2021-12-17T07:01:05,acceptance_time,2021-12-17,PBGM01,1/2,GM1 Gangliosidosis,Imagine-1,NCT04713475,54106911,2021-11-04,https://www.sec.gov/Archives/edgar/data/1787297/000155837021016900/pasg-20211217xex99d1.htm
0001104659-21-151146,0001590560,uniQure N.V.  (QURE)  (CIK 0001590560),QURE,release_text,2021-12-16,2021-12-17T16:15:24,release_date_only,2021-12-17,AMT-130,1/2,Huntington’s disease,,,,,https://www.sec.gov/Archives/edgar/data/1590560/000110465921151146/tm2135767d1_ex99-1.htm
0001600132-21-000055,0001600132,"Bellerophon Therapeutics, Inc.  (BLPH)  (CIK 0001600132)",BLPH,release_text,2021-12-17,2021-12-17T08:29:26,acceptance_time,2021-12-17,INOpulse,2,pulmonary hypertension associated with sarcoidosis,PULSE-PHPF-002,,9506419,2021-11-15,https://www.sec.gov/Archives/edgar/data/1600132/000160013221000055/blph-20211217ex991f55dfc.htm
0001214659-21-013348,0001677077,"Alzamend Neuro, Inc.  (ALZN)  (CIK 0001677077)",ALZN,release_text,2021-12-17,2021-12-17T16:30:36,acceptance_time,2021-12-20,AL001,1,dementia related to Alzheimer’s,,,88850358,2021-12-13,https://www.sec.gov/Archives/edgar/data/1677077/000121465921013348/ex99_1.htm
0000950170-21-005294,0001539029,"Clearside Biomedical, Inc.  (CLSD)  (CIK 0001539029)",CLS,release_text,2021-12-21,2021-12-21T07:16:31,acceptance_time,2021-12-21,CLS-AX,1/2a,wet AMD,OASIS,,59666519,2021-11-10,https://www.sec.gov/Archives/edgar/data/1539029/000095017021005294/clsd-ex99_1.htm
0001599298-21-000045,0001599298,Summit Therapeutics Inc.  (SMMT)  (CIK 0001599298),SMMT,release_text,2021-12-20,2021-12-20T16:23:39,acceptance_time,2021-12-21,ridinilazole,3,C. difficile infection,Ri-CoDIFy,,97714447,2021-11-15,https://www.sec.gov/Archives/edgar/data/1599298/000159929821000045/pressrelease-12202021.htm
0000950170-21-005310,0001564824,Allakos Inc.  (ALLK)  (CIK 0001564824),ALLK,release_text,2021-12-21,2021-12-21T20:00:41,acceptance_time,2021-12-22,lirentelimab,3,eosinophilic gastrointestinal diseases,ENIGMA 2,,54313379,2021-11-08,https://www.sec.gov/Archives/edgar/data/1564824/000095017021005310/allk-ex99_1.htm
0001213900-21-067091,0001553643,"RELMADA THERAPEUTICS, INC.  (RLMD)  (CIK 0001553643)",RLMD,release_text,2021-12-22,2021-12-22T17:21:54,acceptance_time,2021-12-23,REL-1017,2,major depressive disorder,,,17530830,2021-11-12,https://www.sec.gov/Archives/edgar/data/1553643/000121390021067091/ea152954ex99-1_relmada.htm
0001213900-21-067469,0001158780,PLURISTEM THERAPEUTICS INC  (PLUR)  (CIK 0001158780),PSTI,release_text,2021-12-27,2021-12-27T09:38:02,acceptance_time,2021-12-27,PLX-PAD,2,Acute Respiratory Distress Syndrome associated with COVID-19,,,32099615,2021-11-08,https://www.sec.gov/Archives/edgar/data/1158780/000121390021067469/ea153061-8k_pluristem.htm
0001564590-21-061221,0001394319,"Tracon Pharmaceuticals, Inc.  (TCON)  (CIK 0001394319)",TCON,release_text,2021-12-27,2021-12-27T09:36:38,acceptance_time,2021-12-27,envafolimab,2,soft tissue sarcoma,ENVASARC,NCT04480502,19445903,2021-11-03,https://www.sec.gov/Archives/edgar/data/1394319/000156459021061221/tcon-8k_20211227.htm
0001437749-21-029235,0001659617,"Moleculin Biotech, Inc.  (MBRX)  (CIK 0001659617)",MBRX,release_text,2021-12-27,2021-12-27T08:06:34,acceptance_time,2021-12-27,Annamycin,1b/2,soft tissue sarcoma lung metastases,,NCT04887298,28577088,2021-11-10,https://www.sec.gov/Archives/edgar/data/1659617/000143774921029235/ex_319246.htm
0001193125-21-366669,0001743881,"BridgeBio Pharma, Inc.  (BBIO)  (CIK 0001743881)",BBIO,release_text,2021-12-27,2021-12-27T07:06:03,acceptance_time,2021-12-27,acoramidis,3,symptomatic transthyretin (TTR) amyloid cardiomyopathy (ATTR-CM),ATTRibute-CM,,147166573,2021-11-04,https://www.sec.gov/Archives/edgar/data/1743881/000119312521366669/d285149d8k.htm
0001104659-21-154719,0001372299,"Ocugen, Inc.  (OCGN)  (CIK 0001372299)",OCGN,release_text,2021-12-30,2021-12-30T16:27:27,acceptance_time,2021-12-31,COVAXIN (BBV152),2/3,COVID-19,,,199185877,2021-11-09,https://www.sec.gov/Archives/edgar/data/1372299/000110465921154719/tm2136603d1_ex99-1.htm
0001193125-22-000971,0001624658,"Allena Pharmaceuticals, Inc.  (CIK 0001624658)",ALNA,release_text,2022-01-04,2022-01-04T06:04:02,acceptance_time,2022-01-04,ALLN-346,2a,hyperuricemia and gout,Study 201,,82571078,2021-11-12,https://www.sec.gov/Archives/edgar/data/1624658/000119312522000971/d261981dex991.htm
0001157523-22-000027,0001710072,"Edgewise Therapeutics, Inc.  (EWTX)  (CIK 0001710072)",EWTX,release_text,2022-01-05,2022-01-05T08:00:38,acceptance_time,2022-01-05,EDG-5506,1b,Becker Muscular Dystrophy,,NCT04585464;NCT05160415,49295840,2021-11-10,https://www.sec.gov/Archives/edgar/data/1710072/000115752322000027/a52557938.htm
0001739614-22-000002,0001739614,"Inhibrx, Inc.  (CIK 0001739614)",INBX,release_text,2022-01-04,2022-01-04T16:41:47,acceptance_time,2022-01-05,INBRX-106,1,solid tumors,,,37954989,2021-11-09,https://www.sec.gov/Archives/edgar/data/1739614/000173961422000002/exhibit991pressrelease1202.htm
0001193125-22-001705,0001528115,"Annexon, Inc.  (ANNX)  (CIK 0001528115)",ANNX,release_text,2022-01-04,2022-01-04T16:16:01,acceptance_time,2022-01-05,ANX005,2,Huntington’s disease,,,38374846,2021-11-09,https://www.sec.gov/Archives/edgar/data/1528115/000119312522001705/d283972d8k.htm
0001193125-22-001861,0001656634,"Gritstone bio, Inc.  (GRTS)  (CIK 0001656634)",GRTS,release_text,2022-01-04,2022-01-04T17:21:13,acceptance_time,2022-01-05,CORAL-BOOST,1,COVID-19,CORAL-BOOST,,67987825,2021-11-03,https://www.sec.gov/Archives/edgar/data/1656634/000119312522001861/d199614dex991.htm
0000950170-22-000081,0001382101,"SUTRO BIOPHARMA, INC.  (STRO)  (CIK 0001382101)",STRO,release_text,2022-01-05,2022-01-05T17:27:49,acceptance_time,2022-01-06,STRO-002,1,advanced ovarian cancer,,,46270347,2021-11-10,https://www.sec.gov/Archives/edgar/data/1382101/000095017022000081/stro-20220105.htm
0001628280-22-000405,0001534120,"Avalo Therapeutics, Inc.  (AVTX)  (CIK 0001534120)",AVTX,release_text,2022-01-06,2022-01-06T07:55:50,acceptance_time,2022-01-06,AVTX-002,1b,Crohn's Disease,,,112317829,2021-11-09,https://www.sec.gov/Archives/edgar/data/1534120/000162828022000405/avalotherapeutics2022inv.htm
0001193125-22-003165,0001799448,"Aligos Therapeutics, Inc.  (ALGS)  (CIK 0001799448)",ALGS,release_text,2022-01-06,2022-01-06T08:11:02,acceptance_time,2022-01-06,ALG-010133,1,chronic hepatitis B,ALG-010133-101,,42608792,2021-08-05,https://www.sec.gov/Archives/edgar/data/1799448/000119312522003165/d288360d8k.htm
0000950170-22-000205,0000873303,"Sarepta Therapeutics, Inc.  (SRPT)  (CIK 0000873303)",SRPT,release_text,2022-01-10,2022-01-10T10:53:47,acceptance_time,2022-01-10,SRP-9001,3,Duchenne muscular dystrophy,SRP-9001-102,,87076918,2021-11-03,https://www.sec.gov/Archives/edgar/data/873303/000095017022000205/srpt-20220110.htm
0001104659-22-002720,0001372299,"Ocugen, Inc.  (OCGN)  (CIK 0001372299)",OCGN,release_text,2022-01-08,2022-01-10T16:07:03,release_date_only,2022-01-10,COVAXIN,2,COVID-19,,,199185877,2021-11-09,https://www.sec.gov/Archives/edgar/data/1372299/000110465922002720/tm222498d1_8k.htm
0001193125-22-008197,0001832038,"Adagio Therapeutics, Inc.  (IVVD)  (CIK 0001832038)",ADGI,release_text,2022-01-12,2022-01-13T08:01:03,release_date_only,2022-01-13,ADG20,2/3,COVID-19,EVADE and STAMP,,111251660,2021-11-15,https://www.sec.gov/Archives/edgar/data/1832038/000119312522008197/d277827dex991.htm
0001104659-22-005168,0001566044,VYNE Therapeutics Inc.  (VYNE)  (CIK 0001566044),VYNE,release_text,2022-01-19,2022-01-19T08:00:33,acceptance_time,2022-01-19,FMX114,1b,mild-to-moderate atopic dermatitis,VY2021-01,NCT04927572,53517912,2021-11-10,https://www.sec.gov/Archives/edgar/data/1566044/000110465922005168/tm223236d1_ex99-1.htm
0001104659-22-004962,0001509745,"LEAP THERAPEUTICS, INC.  (LPTX)  (CIK 0001509745)",LPTX,release_text,2022-01-18,2022-01-18T17:05:21,acceptance_time,2022-01-19,DKN-01 plus tislelizumab,2a,gastric or gastroesophageal junction cancer,DisTinGuish,NCT04363801,88318454,2021-11-12,https://www.sec.gov/Archives/edgar/data/1509745/000110465922004962/tm223227d1_ex99-1.htm
0001564590-22-001836,0001748907,Orchard Therapeutics plc  (CIK 0001748907),ORTX,release_text,2022-01-21,2022-01-21T07:05:23,acceptance_time,2022-01-21,Libmeldy,,early-onset metachromatic leukodystrophy,,,125498931,2021-11-04,https://www.sec.gov/Archives/edgar/data/1748907/000156459022001836/ortx-ex991_33.htm
0001493152-22-002053,0000946644,AIM ImmunoTech Inc.  (AIM)  (CIK 0000946644),AIM,release_text,2022-01-24,2022-01-24T08:00:30,acceptance_time,2022-01-24,rintatolimod,1/2,advanced recurrent ovarian cancer,,NCT02432378,47848622,2021-11-15,https://www.sec.gov/Archives/edgar/data/946644/000149315222002053/ex99-1.htm
0001193125-22-016089,0001785173,"89bio, Inc.  (ETNB)  (CIK 0001785173)",ETNB,release_text,2022-01-24,2022-01-24T16:36:11,acceptance_time,2022-01-25,pegozafermin (BIO89-100),1b/2a,NASH,,,20282212,2021-11-12,https://www.sec.gov/Archives/edgar/data/1785173/000119312522016089/d300501d8k.htm
0001104659-22-007179,0001651407,"Checkpoint Therapeutics, Inc.  (CKPT)  (CIK 0001651407)",CKPT,release_text,2022-01-25,2022-01-25T07:45:48,acceptance_time,2022-01-25,cosibelimab,,metastatic cutaneous squamous cell carcinoma,,,76214398,2021-11-04,https://www.sec.gov/Archives/edgar/data/1651407/000110465922007179/tm224380d1_8k.htm
0001193125-22-017722,0001205922,"VACCINEX, INC.  (VCNX)  (CIK 0001205922)",VCNX,release_text,2022-01-26,2022-01-26T08:00:55,acceptance_time,2022-01-26,pepinemab,1b,recurrent or metastatic head and neck squamous cell carcinoma,KEYNOTE-B84,NCT04815720,30801110,2021-11-08,https://www.sec.gov/Archives/edgar/data/1205922/000119312522017722/d252591dex991.htm
0001193125-22-017624,0001537917,"TYME TECHNOLOGIES, INC.  (CIK 0001537917)",TYME,release_text,2022-01-26,2022-01-26T06:50:55,acceptance_time,2022-01-26,SM-88,2/3,metastatic pancreatic cancer,Precision Promise,,172206894,2021-11-08,https://www.sec.gov/Archives/edgar/data/1537917/000119312522017624/d254338dex991.htm
0001564590-22-002577,0001800315,"Galecto, Inc.  (GLTO)  (CIK 0001800315)",GLTO,release_text,2022-01-27,2022-01-27T08:31:22,acceptance_time,2022-01-27,GB0139,,COVID-19,,NCT04473053,25261832,2021-11-04,https://www.sec.gov/Archives/edgar/data/1800315/000156459022002577/glto-ex991_25.htm
0001193125-22-019000,0001806310,"Taysha Gene Therapies, Inc.  (TSHA)  (CIK 0001806310)",TSHA,release_text,2022-01-27,2022-01-27T07:15:34,acceptance_time,2022-01-27,TSHA-101,1/2,GM2 gangliosidosis,,,38473945,2021-11-10,https://www.sec.gov/Archives/edgar/data/1806310/000119312522019000/d217477dex991.htm
0001140361-22-003143,0001228627,"Ocuphire Pharma, Inc.  (OCUP)  (CIK 0001228627)",OCUP,release_text,2022-01-31,2022-01-31T06:16:15,acceptance_time,2022-01-31,APX3330,2b,diabetic retinal diseases,ZETA-1,NCT04620213;NCT04638660;NCT04675151;NCT04692688;NCT05134974,17300481,2021-11-12,https://www.sec.gov/Archives/edgar/data/1228627/000114036122003143/brhc10033299_ex99-1.htm
0001193125-22-022338,0001806310,"Taysha Gene Therapies, Inc.  (TSHA)  (CIK 0001806310)",TSHA,release_text,2022-01-31,2022-01-31T07:16:04,acceptance_time,2022-01-31,TSHA-120,,giant axonal neuropathy,,,38473945,2021-11-10,https://www.sec.gov/Archives/edgar/data/1806310/000119312522022338/d307369dex991.htm
0001171843-22-000668,0001061983,CYTOKINETICS INC  (CYTK)  (CIK 0001061983),CYTK,release_text,2022-02-01,2022-02-01T07:30:11,acceptance_time,2022-02-01,aficamten,2,hypertrophic cardiomyopathy,REDWOOD-HCM,,83882953,2021-11-05,https://www.sec.gov/Archives/edgar/data/1061983/000117184322000668/f8k_020122.htm
0001140361-22-003577,0001472091,PDS Biotechnology Corp  (PDSB)  (CIK 0001472091),PDSB,release_text,2022-02-02,2022-02-02T08:15:18,acceptance_time,2022-02-02,PDS0101,2,human papillomavirus (HPV)-associated head and neck cancer,VERSATILE-002,,28435067,2021-11-10,https://www.sec.gov/Archives/edgar/data/1472091/000114036122003577/brhc10033363_ex99-1.htm
0001193125-22-027687,0001347178,Vanda Pharmaceuticals Inc.  (VNDA)  (CIK 0001347178),VNDA,release_text,2022-02-04,2022-02-04T07:07:55,acceptance_time,2022-02-04,tradipitant,3,gastroparesis,VP-VLY-686-3303,,55712230,2021-11-04,https://www.sec.gov/Archives/edgar/data/1347178/000119312522027687/d302458d8k.htm
0001193125-22-030404,0001273636,APPLIED GENETIC TECHNOLOGIES CORP  (CIK 0001273636),,missing,,2022-02-08T07:14:02,acceptance_time,2022-02-08,AGTC-401,1/2,Achromatopsia,ACHM,,42863552,2021-11-09,https://www.sec.gov/Archives/edgar/data/1273636/000119312522030404/d306517dex992.htm
0001193125-22-031820,0001681087,"AVROBIO, Inc.  (TECX)  (CIK 0001681087)",AVRO,release_text,2022-02-09,2022-02-09T07:11:03,acceptance_time,2022-02-09,AVR-RD-04,1/2,cystinosis,,NCT03897361,43652470,2021-11-04,https://www.sec.gov/Archives/edgar/data/1681087/000119312522031820/d312907d8k.htm
0001193125-22-032678,0001783183,"Phathom Pharmaceuticals, Inc.  (PHAT)  (CIK 0001783183)",PHAT,release_text,2022-02-09,2022-02-09T16:10:05,acceptance_time,2022-02-10,vonoprazan,2,non-erosive gastroesophageal reflux disease,PHALCON-NERD,,31414827,2021-11-08,https://www.sec.gov/Archives/edgar/data/1783183/000119312522032678/d283546d8k.htm
0001437749-22-003189,0001659617,"Moleculin Biotech, Inc.  (MBRX)  (CIK 0001659617)",MBRX,release_text,2022-02-14,2022-02-14T09:00:20,acceptance_time,2022-02-14,Annamycin,1,acute myeloid leukemia,MB-105,NCT04887298,28577088,2021-11-10,https://www.sec.gov/Archives/edgar/data/1659617/000143774922003189/ex_334021.htm
0000950170-22-001153,0001822711,"PARDES BIOSCIENCES, INC.  (CIK 0001822711)",PRDS,release_text,2022-02-14,2022-02-14T07:26:28,acceptance_time,2022-02-14,PBI-0451,1,COVID-19,,,,,https://www.sec.gov/Archives/edgar/data/1822711/000095017022001153/prds-20220211.htm
0001171843-22-001030,0001061983,CYTOKINETICS INC  (CYTK)  (CIK 0001061983),CYTK,release_text,2022-02-15,2022-02-15T07:30:14,acceptance_time,2022-02-15,omecamtiv mecarbil,3,heart failure with reduced ejection fraction,METEORIC-HF,,83882953,2021-11-05,https://www.sec.gov/Archives/edgar/data/1061983/000117184322001030/f8k_021522.htm
0001193125-22-042361,0001655759,"ARVINAS, INC.  (ARVN)  (CIK 0001655759)",ARVN,release_text,2022-02-14,2022-02-14T18:19:36,acceptance_time,2022-02-15,bavdegalutamide (ARV-110),1/2,metastatic castration-resistant prostate cancer (mCRPC),ARDENT,,52871645,2021-11-03,https://www.sec.gov/Archives/edgar/data/1655759/000119312522042361/d282247d8k.htm
0001193125-22-043937,0001597553,"Sage Therapeutics, Inc.  (SAGE)  (CIK 0001597553)",SAGE,release_text,2022-02-16,2022-02-16T07:00:34,acceptance_time,2022-02-16,zuranolone,3,major depressive disorder (MDD),CORAL,,58908485,2021-11-02,https://www.sec.gov/Archives/edgar/data/1597553/000119312522043937/d443707dex991.htm
0001193125-22-044007,0001701108,"Spero Therapeutics, Inc.  (SPRO)  (CIK 0001701108)",SPRO,release_text,2022-02-16,2022-02-16T08:15:59,acceptance_time,2022-02-16,SPR206,1,multi-drug resistant (MDR) gram-negative infections,bronchoalveolar lavage (BAL) clinical trial,NCT04865393;NCT04868292,32323617,2021-11-10,https://www.sec.gov/Archives/edgar/data/1701108/000119312522044007/d334067d8k.htm
0001493152-22-005063,0001076682,"POLARITYTE, INC.  (RGTPQ)  (CIK 0001076682)",PTE,release_text,2022-02-22,2022-02-22T08:00:16,acceptance_time,2022-02-22,SkinTE,,Venous Leg Ulcers,NCT03881267,NCT03881267,81932523,2021-11-10,https://www.sec.gov/Archives/edgar/data/1076682/000149315222005063/ex99-1.htm
0000950170-22-001684,0001468748,Kodiak Sciences Inc.  (KOD)  (CIK 0001468748),KOD,release_text,2022-02-23,2022-02-23T06:30:29,acceptance_time,2022-02-23,KSI-301,2b/3,neovascular (wet) age-related macular degeneration,,,51717286,2021-11-09,https://www.sec.gov/Archives/edgar/data/1468748/000095017022001684/kod-20220223.htm
0001104659-22-025623,0001509261,"Rezolute, Inc.  (RZLT)  (CIK 0001509261)",RZLT,release_text,2022-02-22,2022-02-22T16:10:51,acceptance_time,2022-02-23,RZ402,1b,diabetic macular edema,,,15556516,2022-02-09,https://www.sec.gov/Archives/edgar/data/1509261/000110465922025623/tm227153d1_8k.htm
0001564590-22-006498,0001563880,"Trevi Therapeutics, Inc.  (TRVI)  (CIK 0001563880)",TRVI,sec_current,2022-02-24,2022-02-24T07:31:50,acceptance_time,2022-02-24,Haduvio,2,idiopathic pulmonary fibrosis,CANAL,,25846577,2021-11-10,https://www.sec.gov/Archives/edgar/data/1563880/000156459022006498/trvi-8k_20220224.htm
0001213900-22-009272,0001788028,"Jasper Therapeutics, Inc.  (JSPR, JSPRW)  (CIK 0001788028)",JSPR,release_text,2022-02-24,2022-02-24T19:13:40,acceptance_time,2022-02-25,JSP191,1b,myelodysplastic syndrome (MDS) or acute myeloid leukemia (AML),,,,,https://www.sec.gov/Archives/edgar/data/1788028/000121390022009272/ea156175ex99-1_jasper.htm
0001171843-22-001397,0001398733,"Aquestive Therapeutics, Inc.  (AQST)  (CIK 0001398733)",AQST,release_text,2022-02-25,2022-02-25T17:10:06,acceptance_time,2022-02-28,AQST-109,,anaphylaxis,EPIPHAST,,40164028,2021-11-02,https://www.sec.gov/Archives/edgar/data/1398733/000117184322001397/exh_991.htm
0001193125-22-063051,0001411906,"Ampio Pharmaceuticals, Inc.  (AMPE)  (CIK 0001411906)",AMPE,release_text,2022-03-02,2022-03-02T16:38:21,acceptance_time,2022-03-03,Ampion,3,severe osteoarthritis of the knee,AP-013,,202129686,2021-11-10,https://www.sec.gov/Archives/edgar/data/1411906/000119312522063051/d111682dex991.htm
0001437749-22-005086,0001513818,"Aravive, Inc.  (CIK 0001513818)",ARAV,release_text,2022-03-03,2022-03-03T07:06:31,acceptance_time,2022-03-03,batiraxcept,1b,clear cell renal cell carcinoma,,NCT04300140;NCT04729608;NCT04983407,20973499,2021-10-28,https://www.sec.gov/Archives/edgar/data/1513818/000143774922005086/ex_342433.htm
0001104659-22-030888,0000882095,"GILEAD SCIENCES, INC.  (GILD)  (CIK 0000882095)",GILD,release_text,2022-03-07,2022-03-07T08:30:37,acceptance_time,2022-03-07,Trodelvy,3,HR+/HER2- metastatic breast cancer,TROPiCS-02,NCT03901339,1253886724,2022-02-23,https://www.sec.gov/Archives/edgar/data/882095/000110465922030888/tm228518d1_8k.htm
0001494650-22-000013,0001494650,"OptiNose, Inc.  (OPTN)  (CIK 0001494650)",,missing,2022-03-07,2022-03-07T06:57:39,acceptance_time,2022-03-07,XHANCE,3,chronic sinusitis,ReOpen1,,82199567,2021-11-18,https://www.sec.gov/Archives/edgar/data/1494650/000149465022000013/a20220228reopen1results.htm
0001213900-22-011983,0000906709,NEKTAR THERAPEUTICS  (NKTR)  (CIK 0000906709),BMY,release_text,2022-03-14,2022-03-14T07:13:59,acceptance_time,2022-03-14,bempegaldesleukin (BEMPEG) in combination with Opdivo (nivolumab),3,unresectable or metastatic melanoma,PIVOT IO-001,,186274156,2022-03-01,https://www.sec.gov/Archives/edgar/data/906709/000121390022011983/ea156805-8k_nektarther.htm
0001104659-22-033722,0001455365,COGNITION THERAPEUTICS INC  (CGTX)  (CIK 0001455365),CGTX,sec_current,,2022-03-15T09:32:20,acceptance_time,2022-03-15,CT1812,2,Alzheimer’s disease,SHINE,NCT03507790,22036382,2021-11-17,https://www.sec.gov/Archives/edgar/data/1455365/000110465922033722/tm229256d1_ex99-2.htm
0001370053-22-000014,0001370053,"ANAPTYSBIO, INC  (ANAB)  (CIK 0001370053)",ANAB,release_text,2022-03-14,2022-03-14T16:26:20,acceptance_time,2022-03-15,imsidolimab,2,moderate-to-severe acne,ACORN,,27672428,2022-03-07,https://www.sec.gov/Archives/edgar/data/1370053/000137005322000014/imsidolimabacnepr031422.htm
0001193125-22-077217,0001492422,"Apellis Pharmaceuticals, Inc.  (APLS)  (CIK 0001492422)",APLS,release_text,2022-03-16,2022-03-16T16:01:33,acceptance_time,2022-03-17,intravitreal pegcetacoplan,3,geographic atrophy,DERBY and OAKS,,97731353,2022-02-28,https://www.sec.gov/Archives/edgar/data/1492422/000119312522077217/d223867d8k.htm
0001193125-22-077862,0001305253,"Eiger BioPharmaceuticals, Inc.  (EIGRQ)  (CIK 0001305253)",EIGR,release_text,2022-03-17,2022-03-17T08:04:32,acceptance_time,2022-03-17,Peginterferon Lambda,3,COVID-19,TOGETHER,NCT04727424,34639884,2022-03-10,https://www.sec.gov/Archives/edgar/data/1305253/000119312522077862/d275684dex991.htm
0001493152-22-007328,0001574235,"Pulmatrix, Inc.  (PULM)  (CIK 0001574235)",PULM,release_text,2022-03-21,2022-03-21T08:15:13,acceptance_time,2022-03-21,PUR1800,1b,Chronic Obstructive Pulmonary Disease,,,56249062,2021-11-10,https://www.sec.gov/Archives/edgar/data/1574235/000149315222007328/ex99-1.htm
0001824293-22-000019,0001824293,"Vallon Pharmaceuticals, Inc.  (GRI)  (CIK 0001824293)",VLON,release_text,2022-03-21,2022-03-21T07:01:45,acceptance_time,2022-03-21,ADAIR,,attention deficit hyperactivity disorder,SEAL,,6812836,2022-02-14,https://www.sec.gov/Archives/edgar/data/1824293/000182429322000019/ck00018242493-20220321.htm
0000950170-22-004229,0001831363,"Terns Pharmaceuticals, Inc.  (TERN)  (CIK 0001831363)",TERN,release_text,2022-03-21,2022-03-21T16:11:45,acceptance_time,2022-03-22,TERN-201,1b,NASH,AVIATION,NCT04897594,25269271,2022-03-07,https://www.sec.gov/Archives/edgar/data/1831363/000095017022004229/tern-20220321.htm
0001711279-22-000010,0001711279,"Krystal Biotech, Inc.  (KRYS)  (CIK 0001711279)",KRYS,release_text,2022-03-22,2022-03-22T16:40:12,acceptance_time,2022-03-23,KB301,1,aesthetic skin conditions,PEARL-1,NCT04540900,25208085,2022-02-28,https://www.sec.gov/Archives/edgar/data/1711279/000171127922000010/jeunekb301efficacypressrel.htm
0001104659-22-037014,0001509261,"Rezolute, Inc.  (RZLT)  (CIK 0001509261)",RZLT,release_text,2022-03-23,2022-03-23T16:03:54,acceptance_time,2022-03-24,RZ358,2b,congenital hyperinsulinism,RIZE,,15556516,2022-02-09,https://www.sec.gov/Archives/edgar/data/1509261/000110465922037014/tm2210173d1_8k.htm
0001193125-22-085974,0001740279,"IN8BIO, INC.  (INAB)  (CIK 0001740279)",INAB,release_text,2022-03-28,2022-03-28T08:10:02,acceptance_time,2022-03-28,INB-100,1,leukemia,,NCT03533816,18812267,2022-03-17,https://www.sec.gov/Archives/edgar/data/1740279/000119312522085974/d262798dex991.htm
0001193125-22-088649,0001832038,"Adagio Therapeutics, Inc.  (IVVD)  (CIK 0001832038)",ADGI,release_text,2022-03-30,2022-03-30T07:40:59,acceptance_time,2022-03-30,adintrevimab,2/3,COVID-19,EVADE and STAMP,,111251660,2021-11-15,https://www.sec.gov/Archives/edgar/data/1832038/000119312522088649/d332863dex991.htm
0000950170-22-005303,0001693011,"Inozyme Pharma, Inc.  (INZY)  (CIK 0001693011)",INZY,release_text,2022-04-04,2022-04-04T07:39:44,acceptance_time,2022-04-04,INZ-701,1/2,ENPP1 Deficiency,,,23672566,2022-03-31,https://www.sec.gov/Archives/edgar/data/1693011/000095017022005303/inzy-20220404.htm
0001193125-22-094408,0001631574,Wave Life Sciences Ltd.  (WVE)  (CIK 0001631574),WVE,release_text,2022-04-04,2022-04-04T07:35:55,acceptance_time,2022-04-04,WVE-004,1b/2a,C9orf72-associated amyotrophic lateral sclerosis and frontotemporal dementia,FOCUS-C9,NCT04906460;NCT04931862;NCT05032196,60844495,2022-03-03,https://www.sec.gov/Archives/edgar/data/1631574/000119312522094408/d345845dex991.htm
0001558370-22-005043,0001006281,"Protalix BioTherapeutics, Inc.  (PLX)  (CIK 0001006281)",PLX,release_text,2022-04-04,2022-04-04T06:59:08,acceptance_time,2022-04-04,pegunigalsidase alfa (PRX-102),3,Fabry disease,BALANCE,NCT02795676,46316129,2022-03-31,https://www.sec.gov/Archives/edgar/data/1006281/000155837022005043/plx-20220404x8k.htm
0001171843-22-002319,0001061983,CYTOKINETICS INC  (CYTK)  (CIK 0001061983),CYTK,release_text,2022-04-03,2022-04-04T16:00:50,release_date_only,2022-04-04,omecamtiv mecarbil,3,heart failure with reduced ejection fraction (HFrEF),METEORIC-HF,,84856037,2022-02-25,https://www.sec.gov/Archives/edgar/data/1061983/000117184322002319/f8k_040422.htm
0001171843-22-002320,0001061983,CYTOKINETICS INC  (CYTK)  (CIK 0001061983),CYTK,release_text,2022-04-02,2022-04-04T16:01:07,release_date_only,2022-04-04,aficamten,2,obstructive hypertrophic cardiomyopathy (HCM),REDWOOD-HCM,,84856037,2022-02-25,https://www.sec.gov/Archives/edgar/data/1061983/000117184322002320/f8k_040422.htm
0001104659-22-042207,0001583107,"Theravance Biopharma, Inc.  (TBPH)  (CIK 0001583107)",TBPH,release_text,2022-04-04,2022-04-04T16:12:17,acceptance_time,2022-04-05,ampreloxetine,3,symptomatic neurogenic orthostatic hypotension,Study 0170,NCT03829657,74696687,2022-02-28,https://www.sec.gov/Archives/edgar/data/1583107/000110465922042207/tm227428d2_ex99-1.htm
0001493152-22-009114,0000764195,VBI Vaccines Inc/BC  (VBIVQ)  (CIK 0000764195),VBIV,release_text,2022-04-05,2022-04-05T08:00:39,acceptance_time,2022-04-05,VBI-2905,1b,coronavirus,,,258257494,2022-03-07,https://www.sec.gov/Archives/edgar/data/764195/000149315222009114/ex99-1.htm
0001213900-22-018307,0001506251,"Citius Pharmaceuticals, Inc.  (CTXR)  (CIK 0001506251)",CTXR,release_text,2022-04-06,2022-04-06T08:11:08,acceptance_time,2022-04-06,I/ONTAK (E7777),3,cutaneous T-cell lymphoma (CTCL),302,NCT01871727,146029630,2022-02-10,https://www.sec.gov/Archives/edgar/data/1506251/000121390022018307/ea157980-8k_citius.htm
0001104659-22-043425,0001674365,Aptinyx Inc.  (CIK 0001674365),APTX,release_text,2022-04-07,2022-04-07T07:15:33,acceptance_time,2022-04-07,NYX-2925,2b,painful diabetic peripheral neuropathy,not stated,,67715718,2022-03-23,https://www.sec.gov/Archives/edgar/data/1674365/000110465922043425/tm2212134d1_ex99-1.htm
0001104659-22-043670,0001566044,VYNE Therapeutics Inc.  (VYNE)  (CIK 0001566044),VYNE,release_text,2022-04-07,2022-04-07T17:00:51,acceptance_time,2022-04-08,FMX114,1b,mild-to-moderate atopic dermatitis,VY2021-01,NCT04927572,56165599,2022-03-17,https://www.sec.gov/Archives/edgar/data/1566044/000110465922043670/tm228420d7_8k.htm
0001104659-22-044050,0001597264,Blueprint Medicines Corp  (BPMC)  (CIK 0001597264),,missing,,2022-04-08T13:20:15,acceptance_time,2022-04-08,BLU-945,,EGFR-driven lung cancer,SYMPHONY,,59203,2022-02-17,https://www.sec.gov/Archives/edgar/data/1597264/000110465922044050/tm2212230d1_ex99-1.htm
0001564590-22-013950,0001662579,"C4 Therapeutics, Inc.  (CCCC)  (CIK 0001662579)",CCCC,release_text,2022-04-08,2022-04-08T13:21:38,acceptance_time,2022-04-08,CFT7455,1/2,multiple myeloma and non-Hodgkin’s lymphomas,,NCT04756726,48738862,2022-02-24,https://www.sec.gov/Archives/edgar/data/1662579/000156459022013950/cccc-8k_20220408.htm
0001104659-22-045069,0001761612,BICYCLE THERAPEUTICS plc  (BCYC)  (CIK 0001761612),BCYC,release_text,2022-04-11,2022-04-12T16:14:19,release_date_only,2022-04-12,BT8009,1/2,,,,29598616,2022-03-01,https://www.sec.gov/Archives/edgar/data/1761612/000110465922045069/tm2212299d1_8k.htm
0001725160-22-000076,0001725160,"Zentalis Pharmaceuticals, Inc.  (ZNTL)  (CIK 0001725160)",ZNTL,release_text,2022-04-11,2022-04-11T16:43:35,acceptance_time,2022-04-12,ZN-c3,1/2,advanced solid tumors,,,45562783,2022-02-24,https://www.sec.gov/Archives/edgar/data/1725160/000172516022000076/zntl-20220411.htm
0000950170-22-005632,0001595893,"Turning Point Therapeutics, Inc.  (CIK 0001595893)",,missing,2022-04-13,2022-04-13T08:00:41,acceptance_time,2022-04-13,repotrectinib,1/2,ROS1+ NSCLC,TRIDENT-1,,49622698,2022-02-28,https://www.sec.gov/Archives/edgar/data/1595893/000095017022005632/tptx-20220413.htm
0001193125-22-105004,0001690585,"Magenta Therapeutics, Inc.  (DNTH)  (CIK 0001690585)",MGTA,release_text,2022-04-14,2022-04-14T08:34:31,acceptance_time,2022-04-14,MGTA-117,1/2,relapsed/refractory acute myeloid leukemia and myelodysplasia-excess blasts,,,58799157,2022-03-08,https://www.sec.gov/Archives/edgar/data/1690585/000119312522105004/d343288dex991.htm
0001558370-22-005537,0001001316,"TG THERAPEUTICS, INC.  (TGTX)  (CIK 0001001316)",TGTX,release_text,2022-04-15,2022-04-18T07:30:14,release_date_only,2022-04-18,ublituximab and UKONIQ (umbralisib),3,chronic lymphocytic leukemia (CLL) and small lymphocytic lymphoma (SLL),UNITY-CLL,,142817329,2022-03-01,https://www.sec.gov/Archives/edgar/data/1001316/000155837022005537/tgtx-20220415xex99d1.htm
0001437749-22-009283,0000946486,"WINDTREE THERAPEUTICS INC /DE/  (WINT, WINTW)  (CIK 0000946486)",WINT,release_text,2022-04-20,2022-04-20T07:07:39,acceptance_time,2022-04-20,istaroxime,2,cardiogenic shock,SEISMiC,,28469274,2022-03-31,https://www.sec.gov/Archives/edgar/data/946486/000143774922009283/ex_360567.htm
0001387131-22-004960,0001430306,Tonix Pharmaceuticals Holding Corp.  (TNXP)  (CIK 0001430306),TNXP,release_text,2022-04-20,2022-04-20T07:05:51,acceptance_time,2022-04-20,TNX-102 SL,,Long COVID,,,533928624,2022-03-14,https://www.sec.gov/Archives/edgar/data/1430306/000138713122004960/ex99-01.htm
0001193125-22-110276,0001493566,"OTONOMY, INC.  (CIK 0001493566)",OTIC,release_text,2022-04-20,2022-04-20T07:35:57,acceptance_time,2022-04-20,OTO-413,2a,hearing loss,,,56732474,2022-02-28,https://www.sec.gov/Archives/edgar/data/1493566/000119312522110276/d279926dex991.htm
0001193805-22-000672,0001768224,Arcturus Therapeutics Holdings Inc.  (ARCT)  (CIK 0001768224),ARCT,release_text,2022-04-20,2022-04-20T17:24:50,acceptance_time,2022-04-21,ARCT-154,1/2/3,COVID-19,,,26375002,2022-03-01,https://www.sec.gov/Archives/edgar/data/1768224/000119380522000672/e621578_8k-arct.htm
0001193125-22-116374,0001801777,Applied Molecular Transport Inc.  (CIK 0001801777),AMTI,release_text,2022-04-25,2022-04-25T08:01:54,acceptance_time,2022-04-25,AMT-101,2,chronic pouchitis,FILLMORE,,38653925,2022-03-25,https://www.sec.gov/Archives/edgar/data/1801777/000119312522116374/d619955d8k.htm
0001193125-22-116353,0001787400,"Nkarta, Inc.  (NKTX)  (CIK 0001787400)",NKTX,release_text,2022-04-25,2022-04-25T07:52:04,acceptance_time,2022-04-25,NKX101 and NKX019,1,hematologic malignancies,,,33000863,2022-03-17,https://www.sec.gov/Archives/edgar/data/1787400/000119312522116353/d219241d8k.htm
0001193125-22-116380,0001746466,"Equillium, Inc.  (EQ)  (CIK 0001746466)",EQ,release_text,2022-04-25,2022-04-25T08:05:57,acceptance_time,2022-04-25,itolizumab,,acute graft-versus-host disease,EQUATE,,34275898,2022-03-23,https://www.sec.gov/Archives/edgar/data/1746466/000119312522116380/d626055d8k.htm
0001728117-22-000035,0001728117,"Gossamer Bio, Inc.  (GOSS)  (CIK 0001728117)",GOSS,release_text,2022-04-25,2022-04-25T08:14:06,acceptance_time,2022-04-25,GB004,2,ulcerative colitis,SHIFT-UC,NCT04556383,76477113,2022-03-03,https://www.sec.gov/Archives/edgar/data/1728117/000172811722000035/goss-20210425x8k.htm
0001193125-22-117771,0001768446,"Eliem Therapeutics, Inc.  (ELYM)  (CIK 0001768446)",ELYM,release_text,2022-04-25,2022-04-25T16:58:03,acceptance_time,2022-04-26,ETX-810,2a,diabetic peripheral neuropathic pain,,,26567681,2022-03-07,https://www.sec.gov/Archives/edgar/data/1768446/000119312522117771/d323171d8k.htm
0001104659-22-049856,0001377121,"Protagonist Therapeutics, Inc  (PTGX)  (CIK 0001377121)",PTGX,release_text,2022-04-25,2022-04-26T06:02:52,release_date_only,2022-04-26,PN-943,2,ulcerative colitis,,,48413555,2022-02-28,https://www.sec.gov/Archives/edgar/data/1377121/000110465922049856/tm2213399d1_8k.htm
0001104659-22-050395,0001279704,"Cellectar Biosciences, Inc.  (CLRB)  (CIK 0001279704)",CLRB,release_text,2022-04-26,2022-04-26T16:47:30,acceptance_time,2022-04-27,iopofosine,2b,Waldenstrom’s macroglobulinemia,CLOVER-1,,61101263,2022-03-21,https://www.sec.gov/Archives/edgar/data/1279704/000110465922050395/tm229914d1_ex99-1.htm
0001140361-22-016342,0001228627,"Ocuphire Pharma, Inc.  (OCUP)  (CIK 0001228627)",OCUP,release_text,2022-04-28,2022-04-28T07:16:02,acceptance_time,2022-04-28,Nyxol,3,reversal of pharmacologically-induced mydriasis,MIRA-4,NCT04620213;NCT04638660;NCT04675151;NCT04692688;NCT05134974;NCT05223478,18989817,2022-03-24,https://www.sec.gov/Archives/edgar/data/1228627/000114036122016342/brhc10036869_ex99-1.htm
0001213900-22-021894,0001788028,"Jasper Therapeutics, Inc.  (JSPR, JSPRW)  (CIK 0001788028)",JSPR,sec_current,,2022-04-27T16:01:40,acceptance_time,2022-04-28,JSP191,1,,,,,,https://www.sec.gov/Archives/edgar/data/1788028/000121390022021894/ea158948-8k_jasperthera.htm
0001651308-22-000058,0001651308,"BeiGene, Ltd.  (BGNE, BEIGF)  (CIK 0001651308)",BGNE,release_text,2022-04-27,2022-04-28T16:06:30,release_date_only,2022-04-28,tislelizumab,3,advanced or metastatic esophageal squamous cell carcinoma,RATIONALE 306,NCT03783442,1334804281,2022-02-28,https://www.sec.gov/Archives/edgar/data/1651308/000165130822000058/a8-kx28apr2022xex992x306pr.htm
0001370053-22-000019,0001370053,"ANAPTYSBIO, INC  (ANAB)  (CIK 0001370053)",ANAB,release_text,2022-04-27,2022-04-27T16:18:20,acceptance_time,2022-04-28,ANB032,1,,,,27672428,2022-03-07,https://www.sec.gov/Archives/edgar/data/1370053/000137005322000019/prbtla4-27x22final.htm
0001385508-22-000047,0001385508,"OPIANT PHARMACEUTICALS, INC.  (CIK 0001385508)",,missing,2022-04-27,2022-04-27T16:06:32,acceptance_time,2022-04-28,OPNT003,,opioid overdose,,,5069605,2022-03-15,https://www.sec.gov/Archives/edgar/data/1385508/000138550822000047/opnt-20220427.htm
0001140361-22-017051,0001604191,"First Wave BioPharma, Inc.  (ENTO)  (CIK 0001604191)",FWBI,release_text,2022-04-29,2022-04-29T17:27:49,acceptance_time,2022-05-02,FW-COV,2,COVID-19-related GI infections,RESERVOIR,,16700640,2022-03-31,https://www.sec.gov/Archives/edgar/data/1604191/000114036122017051/brhc10036952_8k.htm
0001213900-22-022828,0001690080,"180 Life Sciences Corp.  (ATNF, ATNFW)  (CIK 0001690080)",ATNF,release_text,2022-04-29,2022-04-29T18:44:15,acceptance_time,2022-05-02,adalimumab,2b,Dupuytren’s disease,,,34087244,2022-04-28,https://www.sec.gov/Archives/edgar/data/1690080/000121390022022828/ea159144ex99-1_180life.htm
0000950170-22-007058,0001645666,"Kezar Life Sciences, Inc.  (KZR)  (CIK 0001645666)",KZR,release_text,2022-05-03,2022-05-03T16:08:19,acceptance_time,2022-05-04,zetomipzomib,2,dermatomyositis and polymyositis,PRESIDIO,,56712716,2022-03-17,https://www.sec.gov/Archives/edgar/data/1645666/000095017022007058/kzr-20220503.htm
0001689548-22-000037,0001689548,"Praxis Precision Medicines, Inc.  (PRAX)  (CIK 0001689548)",PRAX,sec_current,2022-05-09,2022-05-09T16:04:47,acceptance_time,2022-05-10,PRAX-944,2a,ESSENTIAL TREMOR,,,45511773,2022-05-09,https://www.sec.gov/Archives/edgar/data/1689548/000168954822000037/a944-221partbtopline_irs.htm
0001104659-22-058009,0000894158,"Synthetic Biologics, Inc.  (TOVX)  (CIK 0000894158)",SYN,release_text,2022-05-10,2022-05-10T09:18:51,acceptance_time,2022-05-10,SYN-020,1,"celiac disease, nonalcoholic fatty liver disease (NAFLD), and radiation enteropathy",,,158437840,2022-03-16,https://www.sec.gov/Archives/edgar/data/894158/000110465922058009/tm2215025d1_8k.htm
0001493152-22-012932,0001535955,Lipocine Inc.  (LPCN)  (CIK 0001535955),LPCN,release_text,2022-05-12,2022-05-12T09:00:17,acceptance_time,2022-05-12,LPCN 1144,,NASH,OLE,NCT04134091;NCT04685993,88499124,2022-05-09,https://www.sec.gov/Archives/edgar/data/1535955/000149315222012932/ex99-1.htm
0000950170-22-009499,0001619856,"Caribou Biosciences, Inc.  (CRBU)  (CIK 0001619856)",CRBU,release_text,2022-05-12,2022-05-12T10:03:28,acceptance_time,2022-05-12,CB-010,1,relapsed or refractory B cell non-Hodgkin lymphoma (r/r B-NHL),ANTLER,NCT04637763,60705391,2022-05-09,https://www.sec.gov/Archives/edgar/data/1619856/000095017022009499/crbu-20220512.htm
0000950170-22-009648,0001674416,CRISPR Therapeutics AG  (CRSP)  (CIK 0001674416),CRSP,release_text,2022-05-12,2022-05-12T16:05:10,acceptance_time,2022-05-13,CTX130,1,T-cell lymphoma,COBALT-LYM,,77457081,2022-05-09,https://www.sec.gov/Archives/edgar/data/1674416/000095017022009648/crsp-20220512.htm
0001739614-22-000057,0001739614,"Inhibrx, Inc.  (CIK 0001739614)",INBX,release_text,2022-05-16,2022-05-16T09:03:07,acceptance_time,2022-05-16,INBRX-101,1,alpha-1 antitrypsin deficiency,,,39037343,2022-05-09,https://www.sec.gov/Archives/edgar/data/1739614/000173961422000057/ex992inbrx-101datapr.htm
0001213900-22-027639,0001825413,Biotech Acquisition Co  (CIK 0001825413),BLDE,release_text,2022-05-16,2022-05-17T16:05:37,release_date_only,2022-05-17,cudetaxestat,1,idiopathic pulmonary fibrosis,,NCT04814498,,,https://www.sec.gov/Archives/edgar/data/1825413/000121390022027639/ea160174ex99-1_biotech.htm
0001193125-22-152426,0001681087,"AVROBIO, Inc.  (TECX)  (CIK 0001681087)",AVRO,release_text,2022-05-17,2022-05-17T07:12:07,acceptance_time,2022-05-17,AVR-RD-04,1/2,cystinosis,,NCT03897361,43696470,2022-05-10,https://www.sec.gov/Archives/edgar/data/1681087/000119312522152426/d312223d8k.htm
0000950170-22-010232,0001444192,Acasti Pharma Inc.  (ACST)  (CIK 0001444192),ACST,release_text,2022-05-18,2022-05-18T07:37:55,acceptance_time,2022-05-18,GTX-104,,Subarachnoid Hemorrhage,,,44288183,2022-02-14,https://www.sec.gov/Archives/edgar/data/1444192/000095017022010232/acst-20220518.htm
0000950170-22-010230,0001579428,"Axsome Therapeutics, Inc.  (AXSM)  (CIK 0001579428)",AXSM,release_text,2022-05-18,2022-05-18T07:05:55,acceptance_time,2022-05-18,AXS-05,2,major depressive disorder,ASCEND,,38913550,2022-05-02,https://www.sec.gov/Archives/edgar/data/1579428/000095017022010230/axsm-ex99_1.htm
0001664710-22-000025,0001664710,"Keros Therapeutics, Inc.  (KROS)  (CIK 0001664710)",KROS,release_text,2022-05-18,2022-05-18T06:12:09,acceptance_time,2022-05-18,KER-012,1,hematological and musculoskeletal disorders,,,24034924,2022-05-05,https://www.sec.gov/Archives/edgar/data/1664710/000166471022000025/exhibit991012pr.htm
0001558370-22-009142,0001787297,"Passage BIO, Inc.  (PASG)  (CIK 0001787297)",PASG,release_text,2022-05-18,2022-05-18T07:16:42,acceptance_time,2022-05-18,PBGM01,1/2,GM1 gangliosidosis,Imagine-1,NCT04713475,54307691,2022-05-16,https://www.sec.gov/Archives/edgar/data/1787297/000155837022009142/pasg-20220518xex99d1.htm
0001789769-22-000039,0001789769,"Instil Bio, Inc.  (TIL)  (CIK 0001789769)",TIL,release_text,2022-05-18,2022-05-18T17:03:02,acceptance_time,2022-05-19,TILs,,metastatic melanoma,,,129293504,2022-05-16,https://www.sec.gov/Archives/edgar/data/1789769/000178976922000039/a2022-05x18prasgct.htm
0001193125-22-156144,0001435049,"CHINOOK THERAPEUTICS, INC.  (CIK 0001435049)",KDNY,release_text,2022-05-18,2022-05-20T16:11:07,release_date_only,2022-05-19,BION-1301,1/2,IgA nephropathy,,NCT03945318,55177252,2022-05-12,https://www.sec.gov/Archives/edgar/data/1435049/000119312522156144/d344697d8k.htm
0001213900-22-028761,0000906709,NEKTAR THERAPEUTICS  (NKTR)  (CIK 0000906709),NKTR,sec_current,2022-05-18,2022-05-23T09:20:27,release_date_only,2022-05-19,NKTR-358,2,systemic lupus erythematosus,,,186274156,2022-05-06,https://www.sec.gov/Archives/edgar/data/906709/000121390022028761/ea160440-8k_nektarthera.htm
0001711279-22-000020,0001711279,"Krystal Biotech, Inc.  (KRYS)  (CIK 0001711279)",KRYS,sec_current,,2022-05-20T08:26:23,acceptance_time,2022-05-20,beremagene geperpavec (B-VEC),3,dystrophic epidermolysis bullosa,GEM-3,NCT04491604;NCT04917874,25635138,2022-05-09,https://www.sec.gov/Archives/edgar/data/1711279/000171127922000020/sid2022_gem3safetyeposte.htm
0001193125-22-156858,0001060736,Seagen Inc.  (CIK 0001060736),SGEN,release_text,2022-05-23,2022-05-23T08:11:02,acceptance_time,2022-05-23,TUKYSA (tucatinib),2,HER2-positive metastatic colorectal cancer,MOUNTAINEER,,184075643,2022-04-28,https://www.sec.gov/Archives/edgar/data/1060736/000119312522156858/d350956d8k.htm
0001171843-22-003880,0001061983,CYTOKINETICS INC  (CYTK)  (CIK 0001061983),CYTK,release_text,2022-05-23,2022-05-23T11:30:17,acceptance_time,2022-05-23,aficamten,2,obstructive hypertrophic cardiomyopathy,REDWOOD-HCM OLE,,85652213,2022-05-06,https://www.sec.gov/Archives/edgar/data/1061983/000117184322003880/f8k_052322.htm
0001437749-22-013307,0000946486,"WINDTREE THERAPEUTICS INC /DE/  (WINT, WINTW)  (CIK 0000946486)",WINT,release_text,2022-05-23,2022-05-23T16:01:31,acceptance_time,2022-05-24,istaroxime,2,early cardiogenic shock,SEISMiC,,29406172,2022-05-05,https://www.sec.gov/Archives/edgar/data/946486/000143774922013307/ex_378992.htm
0001654954-22-007369,0000034956,"TENAX THERAPEUTICS, INC.  (TENX)  (CIK 0000034956)",TENX,release_text,2022-05-23,2022-05-23T16:32:14,acceptance_time,2022-05-24,TNX-201,3,pulmonary arterial hypertension,IMPROVE,,25206914,2022-05-16,https://www.sec.gov/Archives/edgar/data/34956/000165495422007369/tenx_ex991.htm
0001193125-22-158029,0001635088,Roivant Sciences Ltd.  (ROIV)  (CIK 0001635088),ROIV,sec_current,2022-05-24,2022-05-24T08:00:58,acceptance_time,2022-05-24,VTAMA (tapinarof) cream,3,plaque psoriasis,PSOARING 1 and PSOARING 2,,692072184,2022-02-14,https://www.sec.gov/Archives/edgar/data/1635088/000119312522158029/d351930dex991.htm
0000950170-22-010602,0001658247,"Crinetics Pharmaceuticals, Inc.  (CRNX)  (CIK 0001658247)",,missing,2022-05-25,2022-05-25T07:02:50,acceptance_time,2022-05-25,CRN04894,1,"Cushing’s disease, congenital adrenal hyperplasia",,,53505809,2022-05-12,https://www.sec.gov/Archives/edgar/data/1658247/000095017022010602/crnx-20220525.htm
0000950142-22-001784,0001719406,"NRX Pharmaceuticals, Inc.  (NRXP, NRXPW)  (CIK 0001719406)",NRXP,release_text,2022-05-25,2022-05-31T16:37:44,release_date_only,2022-05-26,ZYESAMI (aviptadil),3,Critical COVID-19,ACTIV-3b (TESICO),,66641314,2022-05-16,https://www.sec.gov/Archives/edgar/data/1719406/000095014222001784/eh220256851_ex9901.htm
0001193125-22-160275,0001549595,"Nurix Therapeutics, Inc.  (NRIX)  (CIK 0001549595)",NRIX,release_text,2022-05-26,2022-05-26T07:02:40,acceptance_time,2022-05-26,NX-2127,1a,chronic lymphocytic leukemia,,NCT04830137,44950194,2022-04-08,https://www.sec.gov/Archives/edgar/data/1549595/000119312522160275/d349746dex992.htm
0001193125-22-161179,0001828522,"eFFECTOR Therapeutics, Inc.  (EFTR, EFTRW)  (CIK 0001828522)",EFTR,release_text,2022-05-26,2022-05-26T17:21:11,acceptance_time,2022-05-27,zotatifin,1/2,solid tumors,,,41395362,2022-05-10,https://www.sec.gov/Archives/edgar/data/1828522/000119312522161179/d280172d8k.htm
0001104659-22-065261,0001722964,"Y-mAbs Therapeutics, Inc.  (YMAB)  (CIK 0001722964)",YMAB,release_text,2022-05-26,2022-05-26T16:08:43,acceptance_time,2022-05-27,naxitamab,2,chemoresistant high-risk neuroblastoma,HITS,,43718165,2022-05-09,https://www.sec.gov/Archives/edgar/data/1722964/000110465922065261/tm2217019d1_ex99-1.htm
0000950170-22-010798,0001841387,"Candel Therapeutics, Inc.  (CADL)  (CIK 0001841387)",CADL,release_text,2022-05-26,2022-05-26T17:36:10,acceptance_time,2022-05-27,CAN-2409,2,stage III/IV non-small cell lung cancer (NSCLC),,NCT04495153,28693151,2022-05-12,https://www.sec.gov/Archives/edgar/data/1841387/000095017022010798/cadl-20220526.htm
0001558370-22-009428,0001783032,"Elevation Oncology, Inc.  (ELEV)  (CIK 0001783032)",ELEV,release_text,2022-05-26,2022-05-27T06:01:42,release_date_only,2022-05-27,seribantumab,2,advanced solid tumors that harbor NRG1 gene fusions,CRESTONE,NCT04383210,23253966,2022-05-05,https://www.sec.gov/Archives/edgar/data/1783032/000155837022009428/elev-20220526xex99d1.htm
0001564590-22-021434,0001699382,"PMV Pharmaceuticals, Inc.  (PMVP)  (CIK 0001699382)",PMVP,release_text,2022-05-26,2022-05-26T17:00:34,acceptance_time,2022-05-27,PC14586,1/2,advanced solid tumors that have a p53 Y220C mutation,PYNNACLE,NCT04585750,45574075,2022-05-10,https://www.sec.gov/Archives/edgar/data/1699382/000156459022021434/pmvp-8k_20220526.htm
0000950170-22-010791,0001720580,"Adicet Bio, Inc.  (ACET)  (CIK 0001720580)",ACET,release_text,2022-05-26,2022-05-26T17:10:08,acceptance_time,2022-05-27,ADI-001,1,relapsed or refractory B-cell Non-Hodgkin’s Lymphoma (NHL),,NCT04735471,40004357,2022-05-12,https://www.sec.gov/Archives/edgar/data/1720580/000095017022010791/acet-20220526.htm
0001193125-22-161149,0001544227,"Tempest Therapeutics, Inc.  (TPST)  (CIK 0001544227)",TPST,release_text,2022-05-26,2022-05-26T17:06:15,acceptance_time,2022-05-27,TPST-1120,1,advanced solid tumors,,,10323006,2022-05-13,https://www.sec.gov/Archives/edgar/data/1544227/000119312522161149/d290066d8k.htm
0001437749-22-013688,0001513818,"Aravive, Inc.  (CIK 0001513818)",ARAV,release_text,2022-05-26,2022-05-26T17:26:11,acceptance_time,2022-05-27,batiraxcept,1b/2,advanced or metastatic clear cell renal cell carcinoma,NCT04300140,NCT04300140;NCT04729608;NCT04983407,28825028,2022-05-12,https://www.sec.gov/Archives/edgar/data/1513818/000143774922013688/ex_380559.htm
0001140361-22-020836,0001472091,PDS Biotechnology Corp  (PDSB)  (CIK 0001472091),PDSB,release_text,2022-05-26,2022-05-26T17:20:29,acceptance_time,2022-05-27,PDS0101,2,recurrent/metastatic HPV16-positive head and neck squamous cell carcinoma,VERSATILE-002,,28450894,2022-05-11,https://www.sec.gov/Archives/edgar/data/1472091/000114036122020836/brhc10038208_8k.htm
0001104659-22-065357,0001425205,"IOVANCE BIOTHERAPEUTICS, INC.  (IOVA)  (CIK 0001425205)",IOVA,release_text,2022-05-26,2022-05-26T17:16:55,acceptance_time,2022-05-27,lifileucel,,advanced melanoma,C-144-01,,157168321,2022-05-05,https://www.sec.gov/Archives/edgar/data/1425205/000110465922065357/tm2217040d1_8k.htm
0001193125-22-161173,0001403752,Zymeworks Inc.  (CIK 0001403752),ZYME,release_text,2022-05-26,2022-05-26T17:17:06,acceptance_time,2022-05-27,zanidatamab,1b/2,"HER2-positive breast cancer, gastric/gastroesophageal junction adenocarcinoma",,NCT05152147,57771204,2022-05-04,https://www.sec.gov/Archives/edgar/data/1403752/000119312522161173/d322285d8k.htm
0001558370-22-009406,0001006281,"Protalix BioTherapeutics, Inc.  (PLX)  (CIK 0001006281)",PLX,release_text,2022-05-26,2022-05-26T16:39:13,acceptance_time,2022-05-27,pegunigalsidase alfa,3,Fabry disease,"BALANCE, BRIDGE, BRIGHT",,47063300,2022-05-16,https://www.sec.gov/Archives/edgar/data/1006281/000155837022009406/plx-20220526xex99d1.htm
0001628280-22-015490,0001576263,"Mirati Therapeutics, Inc.  (CIK 0001576263)",MRTX,release_text,2022-05-26,2022-05-26T17:06:50,acceptance_time,2022-05-27,adagrasib,2,non-small cell lung cancer,KRYSTAL-1,,55526877,2022-05-04,https://www.sec.gov/Archives/edgar/data/1576263/000162828022015490/exhibit991-asco.htm
0000950170-22-010890,0001404281,"Eledon Pharmaceuticals, Inc.  (ELDN)  (CIK 0001404281)",ELDN,release_text,2022-05-31,2022-05-31T06:38:22,acceptance_time,2022-05-31,tegoprubart,2a,amyotrophic lateral sclerosis (ALS),,,13756788,2022-05-12,https://www.sec.gov/Archives/edgar/data/1404281/000095017022010890/eldn-20220531.htm
0000950170-22-010981,0001822791,"Clene Inc.  (CLNN, CLNNW)  (CIK 0001822791)",CLNN,sec_current,,2022-06-01T07:08:01,acceptance_time,2022-06-01,CNM-Au8,,ALS,RESCUE-ALS,,63256545,2022-05-09,https://www.sec.gov/Archives/edgar/data/1822791/000095017022010981/clnn-ex99_1.htm
0001626199-22-000048,0001626199,"ALPINE IMMUNE SCIENCES, INC.  (CIK 0001626199)",ALPN,release_text,2022-06-01,2022-06-01T09:00:17,acceptance_time,2022-06-01,ALPN-303,1,systemic lupus erythematosus,,,30328462,2022-05-12,https://www.sec.gov/Archives/edgar/data/1626199/000162619922000048/alpn-20220601.htm
0001193125-22-164576,0001597553,"Sage Therapeutics, Inc.  (SAGE)  (CIK 0001597553)",SAGE,release_text,2022-06-01,2022-06-01T07:16:01,acceptance_time,2022-06-01,zuranolone,3,postpartum depression,SKYLARK,,59066149,2022-05-03,https://www.sec.gov/Archives/edgar/data/1597553/000119312522164576/d280650dex991.htm
0001104659-22-066868,0001621443,"Zynerba Pharmaceuticals, Inc.  (CIK 0001621443)",ZYNE,release_text,2022-06-01,2022-06-01T07:06:53,acceptance_time,2022-06-01,Zygel,3,Fragile X syndrome,RECONNECT,,43595959,2022-05-16,https://www.sec.gov/Archives/edgar/data/1621443/000110465922066868/tm2217402d1_ex99-1.htm
0001193805-22-000895,0001280776,"IMMUNIC, INC.  (IMUX)  (CIK 0001280776)",IMUX,release_text,2022-06-02,2022-06-02T06:45:49,acceptance_time,2022-06-02,vidofludimus calcium,2,ulcerative colitis,CALDOSE-1,NCT03341962,30540383,2022-05-10,https://www.sec.gov/Archives/edgar/data/1280776/000119380522000895/e621719_ex99-1.htm
0001171843-22-004103,0000882361,Aptose Biosciences Inc.  (APTO)  (CIK 0000882361),APTO,release_text,2022-06-02,2022-06-02T17:30:13,acceptance_time,2022-06-03,HM43239,1/2,acute myeloid leukemia,,,92229189,2022-05-09,https://www.sec.gov/Archives/edgar/data/882361/000117184322004103/exh_991.htm
0001104659-22-068301,0001760542,HOOKIPA Pharma Inc.  (HOOK)  (CIK 0001760542),HOOK,release_text,2022-06-05,2022-06-06T07:00:52,release_date_only,2022-06-06,HB-200,1,advanced head and neck cancers,NCT04180215,NCT04180215,21588756,2019-08-12,https://www.sec.gov/Archives/edgar/data/1760542/000110465922068301/tm2217741d1_8k.htm
0001689548-22-000072,0001689548,"Praxis Precision Medicines, Inc.  (PRAX)  (CIK 0001689548)",PRAX,sec_current,2022-06-06,2022-06-06T07:45:41,acceptance_time,2022-06-06,PRAX-114,2/3,major depressive disorder (MDD),Aria Study,,45511773,2022-05-09,https://www.sec.gov/Archives/edgar/data/1689548/000168954822000072/prax-20220606.htm
0001628280-22-016698,0001787306,"Arcutis Biotherapeutics, Inc.  (ARQT)  (CIK 0001787306)",ARQT,release_text,2022-06-06,2022-06-09T16:31:51,release_date_only,2022-06-07,roflumilast foam 0.3%,3,seborrheic dermatitis,STRATUM,,51417963,2022-05-05,https://www.sec.gov/Archives/edgar/data/1787306/000162828022016698/arqt-20220606.htm
0001193125-22-169265,0001528115,"Annexon, Inc.  (ANNX)  (CIK 0001528115)",ANNX,release_text,2022-06-07,2022-06-07T16:06:03,acceptance_time,2022-06-08,ANX005,2,Huntington’s disease,,,38563565,2022-05-09,https://www.sec.gov/Archives/edgar/data/1528115/000119312522169265/d306458dex991.htm
0001193125-22-169395,0001613780,DBV Technologies S.A.  (DBVT)  (CIK 0001613780),DBVT,release_text,2022-06-07,2022-06-07T17:30:36,acceptance_time,2022-06-08,Viaskin Peanut,3,peanut allergy,EPITOPE,NCT03211247,55096537,2022-05-02,https://www.sec.gov/Archives/edgar/data/1613780/000119312522169395/d286083d8k.htm
0001104659-22-069317,0001034842,RIGEL PHARMACEUTICALS INC  (RIGL)  (CIK 0001034842),RIGL,release_text,2022-06-08,2022-06-08T16:15:36,acceptance_time,2022-06-09,fostamatinib,3,warm autoimmune hemolytic anemia,FORWARD,NCT03764618;NCT04629703;NCT04924660,172052224,2022-05-03,https://www.sec.gov/Archives/edgar/data/1034842/000110465922069317/tm2217976d1_8k.htm
0001193125-22-171489,0001622229,"Cogent Biosciences, Inc.  (COGT)  (CIK 0001622229)",COGT,release_text,2022-06-10,2022-06-10T07:12:08,acceptance_time,2022-06-10,bezuclastinib,2,advanced systemic mastocytosis,APEX,,45819266,2022-05-10,https://www.sec.gov/Archives/edgar/data/1622229/000119312522171489/d330856d8k.htm
0001171843-22-004285,0001629137,"Global Blood Therapeutics, Inc.  (CIK 0001629137)",GBT,release_text,2022-06-10,2022-06-10T06:10:13,acceptance_time,2022-06-10,Oxbryta,,sickle cell disease,RETRO,,65098164,2022-05-04,https://www.sec.gov/Archives/edgar/data/1629137/000117184322004285/exh_991.htm
0000950170-22-011430,0001755237,"Cyclerion Therapeutics, Inc.  (CYCN)  (CIK 0001755237)",CYCN,release_text,2022-06-10,2022-06-10T07:01:01,acceptance_time,2022-06-10,CY6463,,"Mitochondrial Encephalomyopathy, Lactic Acidosis and Stroke-like episodes",,,43448360,2022-05-04,https://www.sec.gov/Archives/edgar/data/1755237/000095017022011430/cycn-20220610.htm
0001193125-22-172383,0001845337,"Day One Biopharmaceuticals, Inc.  (DAWN)  (CIK 0001845337)",DAWN,release_text,2022-06-12,2022-06-13T06:24:06,release_date_only,2022-06-13,tovorafenib (DAY101),2,relapsed or progressive pediatric low-grade glioma,FIREFLY-1,,61911929,2022-05-12,https://www.sec.gov/Archives/edgar/data/1845337/000119312522172383/d256510d8k.htm
0001494650-22-000075,0001494650,"OptiNose, Inc.  (OPTN)  (CIK 0001494650)",,missing,2022-06-13,2022-06-13T07:01:34,acceptance_time,2022-06-13,XHANCE,,chronic sinusitis,ReOpen2,,82681048,2022-05-12,https://www.sec.gov/Archives/edgar/data/1494650/000149465022000075/a20220613reopen2resultsf.htm
0001193125-22-171957,0001680581,"Fulcrum Therapeutics, Inc.  (FULC)  (CIK 0001680581)",FULC,release_text,2022-06-10,2022-06-10T16:15:59,acceptance_time,2022-06-13,FTX-6058,1b,sickle cell disease,,,40848212,2022-05-09,https://www.sec.gov/Archives/edgar/data/1680581/000119312522171957/d369471d8k.htm
0001193125-22-175557,0001466301,"Clovis Oncology, Inc.  (CIK 0001466301)",CLVS,release_text,2022-06-14,2022-06-16T16:36:10,release_date_only,2022-06-15,FAP-2286,1,solid tumors,LuMIERE,NCT04621435;NCT04939610,143879140,2022-05-05,https://www.sec.gov/Archives/edgar/data/1466301/000119312522175557/d320447d8k.htm
0001104659-22-071651,0001651407,"Checkpoint Therapeutics, Inc.  (CKPT)  (CIK 0001651407)",CKPT,release_text,2022-06-16,2022-06-16T07:45:55,acceptance_time,2022-06-16,cosibelimab,,locally advanced cutaneous squamous cell carcinoma,,,83801242,2022-05-12,https://www.sec.gov/Archives/edgar/data/1651407/000110465922071651/tm2218571d1_ex99-1.htm
0001140361-22-023541,0000874015,IONIS PHARMACEUTICALS INC  (IONS)  (CIK 0000874015),IONS,release_text,2022-06-21,2022-06-21T06:03:49,acceptance_time,2022-06-21,eplontersen,3,hereditary transthyretin-mediated amyloid polyneuropathy,NEURO-TTRansform,NCT04136184,141797854,2022-05-04,https://www.sec.gov/Archives/edgar/data/874015/000114036122023541/brhc10038943_ex99-1.htm
0001558370-22-010112,0001070081,"PTC THERAPEUTICS, INC.  (PTCT)  (CIK 0001070081)",PTCT,sec_current,2022-06-21,2022-06-21T08:15:19,acceptance_time,2022-06-21,Translarna,,nmDMD,Study 041,NCT02369731,71338279,2022-05-03,https://www.sec.gov/Archives/edgar/data/1070081/000155837022010112/tmb-20220621x8k.htm
0001551986-22-000046,0001551986,"9 METERS BIOPHARMA, INC.  (NMTRQ)  (CIK 0001551986)",NMTR,release_text,2022-06-21,2022-06-21T08:02:16,acceptance_time,2022-06-21,larazotide,3,celiac disease,CedLara,,259107380.0,2022-05-16,https://www.sec.gov/Archives/edgar/data/1551986/000155198622000046/ex-991pressreleasedated621.htm
0000950170-22-011935,0001620463,"Athira Pharma, Inc.  (ATHA)  (CIK 0001620463)",ATHA,release_text,2022-06-22,2022-06-22T07:05:42,acceptance_time,2022-06-22,fosgonimeton (ATH-1017),2,mild-to-moderate Alzheimer’s disease,ACT-AD,NCT04488419;NCT04491006,37635983,2022-05-12,https://www.sec.gov/Archives/edgar/data/1620463/000095017022011935/atha-20220622.htm
0001193125-22-178857,0001501796,"Aura Biosciences, Inc.  (AURA)  (CIK 0001501796)",AURA,release_text,2022-06-22,2022-06-22T17:02:16,acceptance_time,2022-06-23,belzupacap sarotalocan,1b/2,early-stage choroidal melanoma,AU-011-101,NCT03052127;NCT04417530,29259976,2022-05-12,https://www.sec.gov/Archives/edgar/data/1501796/000119312522178857/d292968d8k.htm
0001171843-22-004546,0001447028,Arbutus Biopharma Corp  (ABUS)  (CIK 0001447028),ABUS,release_text,2022-06-25,2022-06-27T09:00:25,release_date_only,2022-06-27,AB-729,,chronic hepatitis B,AB-729-001,,148728237,2022-05-05,https://www.sec.gov/Archives/edgar/data/1447028/000117184322004546/exh_991.htm
0000950170-22-012133,0001812364,"Relay Therapeutics, Inc.  (RLAY)  (CIK 0001812364)",RLAY,release_text,2022-06-27,2022-06-27T06:11:29,acceptance_time,2022-06-27,RLY-4008,1,cholangiocarcinoma,,,108658732,2022-05-05,https://www.sec.gov/Archives/edgar/data/1812364/000095017022012133/rlay-20220627.htm
0001193125-22-183295,0001656536,"Decibel Therapeutics, Inc.  (CIK 0001656536)",DBTX,release_text,2022-06-28,2022-06-28T07:08:04,acceptance_time,2022-06-28,DB-020,1b,hearing loss,,,24964502,2022-05-12,https://www.sec.gov/Archives/edgar/data/1656536/000119312522183295/d368623d8k.htm
0001493152-22-017916,0000764195,VBI Vaccines Inc/BC  (VBIVQ)  (CIK 0000764195),VBIV,release_text,2022-06-28,2022-06-28T08:00:26,acceptance_time,2022-06-28,3-antigen HBV vaccine,3,hepatitis B,PROTECT,,258257494,2022-05-09,https://www.sec.gov/Archives/edgar/data/764195/000149315222017916/ex99-1.htm
0001279569-22-001053,0001633932,ESSA Pharma Inc.  (EPIX)  (CIK 0001633932),EPIX,release_text,2022-06-27,2022-06-27T16:12:59,acceptance_time,2022-06-28,EPI-7386,1a,metastatic castration-resistant prostate cancer,,NCT04421222,44059700,2022-05-10,https://www.sec.gov/Archives/edgar/data/1633932/000127956922001053/ex991.htm
0001193125-22-183909,0001785173,"89bio, Inc.  (ETNB)  (CIK 0001785173)",ETNB,release_text,2022-06-28,2022-06-28T16:03:09,acceptance_time,2022-06-29,pegozafermin,2,severe hypertriglyceridemia,ENTRIGUE,,20351384,2022-05-12,https://www.sec.gov/Archives/edgar/data/1785173/000119312522183909/d362352d8k.htm
0001193125-22-183927,0001786255,"Icosavax, Inc.  (CIK 0001786255)",ICVX,release_text,2022-06-28,2022-06-28T16:10:11,acceptance_time,2022-06-29,IVX-121,1/1b,Respiratory Syncytial Virus,,,39726829,2022-05-16,https://www.sec.gov/Archives/edgar/data/1786255/000119312522183927/d326602d8k.htm
0001193125-22-184488,0001420565,AILERON THERAPEUTICS INC  (ALRN)  (CIK 0001420565),ALRN,release_text,2022-06-29,2022-06-29T09:02:33,acceptance_time,2022-06-29,ALRN-6924,1b,p53-mutated non-small cell lung cancer,,,90823597,2022-05-05,https://www.sec.gov/Archives/edgar/data/1420565/000119312522184488/d314855d8k.htm
0001564590-22-024605,0001563880,"Trevi Therapeutics, Inc.  (TRVI)  (CIK 0001563880)",TRVI,sec_current,2022-06-29,2022-06-29T08:00:47,acceptance_time,2022-06-29,Haduvio,2b/3,prurigo nodularis,PRISM,,38685600,2022-05-12,https://www.sec.gov/Archives/edgar/data/1563880/000156459022024605/trvi-8k_20220629.htm
0001193125-22-184463,0001851194,"Ventyx Biosciences, Inc.  (VTYX)  (CIK 0001851194)",VTYX,release_text,2022-06-29,2022-06-29T08:30:43,acceptance_time,2022-06-29,VTX2735,1,cryopyrin-associated periodic syndrome,,,50850297,2022-05-12,https://www.sec.gov/Archives/edgar/data/1851194/000119312522184463/d375123dex991.htm
0001062822-22-000030,0001062822,"LEXICON PHARMACEUTICALS, INC.  (LXRX)  (CIK 0001062822)",LXRX,release_text,2022-06-29,2022-06-30T12:52:30,release_date_only,2022-06-30,LX9211,2,painful diabetic neuropathy,RELIEF-DPN-1,,149593551,2022-05-05,https://www.sec.gov/Archives/edgar/data/1062822/000106282222000030/lxrx-20220629.htm
0001104659-22-076024,0001346830,"Cara Therapeutics, Inc.  (CARA)  (CIK 0001346830)",CARA,release_text,2022-06-30,2022-06-30T07:01:23,acceptance_time,2022-06-30,oral difelikefalin,2,pruritus in patients with notalgia paresthetica,KOMFORT,,53591225,2022-05-09,https://www.sec.gov/Archives/edgar/data/1346830/000110465922076024/tm2220076d1_8k.htm
0001193125-22-185512,0001659352,"Codiak BioSciences, Inc.  (CIK 0001659352)",CDAK,release_text,2022-06-30,2022-06-30T06:36:09,acceptance_time,2022-06-30,exoSTING and exoIL-12,1,cutaneous T cell lymphoma and late-stage refractory solid tumors,,,22493867,2022-05-05,https://www.sec.gov/Archives/edgar/data/1659352/000119312522185512/d265935d8k.htm
0001651308-22-000118,0001651308,"BeiGene, Ltd.  (BGNE, BEIGF)  (CIK 0001651308)",BGNE,release_text,2022-06-30,2022-06-30T16:17:08,acceptance_time,2022-07-01,tislelizumab,3,advanced or metastatic esophageal squamous cell carcinoma,RATIONALE 306,NCT03783442,1341305269,2022-05-09,https://www.sec.gov/Archives/edgar/data/1651308/000165130822000118/ax30jun2022xex991xesmotisle.htm
0001493152-22-018455,0001815974,"Anebulo Pharmaceuticals, Inc.  (ANEB)  (CIK 0001815974)",ANEB,release_text,2022-07-05,2022-07-05T08:17:04,acceptance_time,2022-07-05,ANEB-001,2,acute cannabinoid intoxication,,NCT05282797,23344567,2022-05-11,https://www.sec.gov/Archives/edgar/data/1815974/000149315222018455/ex99-2.htm
0001193125-22-188270,0001801777,Applied Molecular Transport Inc.  (CIK 0001801777),AMTI,release_text,2022-07-06,2022-07-06T08:01:04,acceptance_time,2022-07-06,AMT-101,2,moderate-to-severe Ulcerative Colitis,MARKET,,38654163,2022-05-09,https://www.sec.gov/Archives/edgar/data/1801777/000119312522188270/d371346dex991.htm
0001193125-22-187999,0001797336,"Ayala Pharmaceuticals, Inc.  (CIK 0001797336)",AYLA,release_text,2022-07-05,2022-07-05T17:04:06,acceptance_time,2022-07-06,AL102,2/3,desmoid tumors,RINGSIDE,,14085283,2022-05-16,https://www.sec.gov/Archives/edgar/data/1797336/000119312522187999/d350087d8k.htm
0001140361-22-025669,0000874015,IONIS PHARMACEUTICALS INC  (IONS)  (CIK 0000874015),IONS,release_text,2022-07-11,2022-07-11T10:14:22,acceptance_time,2022-07-11,IONIS-FB-L Rx,2,IgA nephropathy,,NCT03815825;NCT04014335,141797854,2022-05-04,https://www.sec.gov/Archives/edgar/data/874015/000114036122025669/brhc10039557_ex99-1.htm
0001628280-22-018777,0001398733,"Aquestive Therapeutics, Inc.  (AQST)  (CIK 0001398733)",AQST,release_text,2022-07-11,2022-07-11T10:14:07,acceptance_time,2022-07-11,AQST-109,,anaphylaxis,EPIPHAST,,41912952,2022-05-04,https://www.sec.gov/Archives/edgar/data/1398733/000162828022018777/a5677850_releasexpreview.htm
0001193125-22-190873,0001746473,"PLIANT THERAPEUTICS, INC.  (PLRX)  (CIK 0001746473)",PLRX,release_text,2022-07-10,2022-07-11T07:00:59,release_date_only,2022-07-11,PLN-74809,2a,idiopathic pulmonary fibrosis,INTEGRIS-IPF,NCT04396756,36113521,2022-05-27,https://www.sec.gov/Archives/edgar/data/1746473/000119312522190873/d356984d8k.htm
0001193125-22-191747,0001604950,scPharmaceuticals Inc.  (SCPH)  (CIK 0001604950),SCPH,release_text,2022-07-12,2022-07-12T08:08:32,acceptance_time,2022-07-12,FUROSCIX,2,chronic heart failure,AT HOME-HF,,27371488,2022-05-16,https://www.sec.gov/Archives/edgar/data/1604950/000119312522191747/d376227dex991.htm
0001213900-22-039009,0001158780,PLURISTEM THERAPEUTICS INC  (PLUR)  (CIK 0001158780),PSTI,release_text,2022-07-13,2022-07-13T09:28:41,acceptance_time,2022-07-13,PLX-PAD,3,muscle injury following arthroplasty for hip fracture,,,32347584,2022-05-09,https://www.sec.gov/Archives/edgar/data/1158780/000121390022039009/ea162806-8k_pluristem.htm
0001214659-22-008799,0001293310,"HUMANIGEN, INC  (CIK 0001293310)",HGEN,release_text,2022-07-12,2022-07-13T06:01:34,release_date_only,2022-07-13,lenzilumab,,COVID-19,ACTIV-5/BET-B,,70633705,2022-05-05,https://www.sec.gov/Archives/edgar/data/1293310/000121465922008799/ex99_1.htm
0001493152-22-019381,0000908259,"Oncotelic Therapeutics, Inc.  (OTLC)  (CIK 0000908259)",OTLC,release_text,2022-07-12,2022-07-15T07:00:30,release_date_only,2022-07-13,OT-101,1/2,Pancreatic Cancer,P001,,378630104,2022-05-23,https://www.sec.gov/Archives/edgar/data/908259/000149315222019381/ex99-2.htm
0000950170-22-012761,0001515673,Ultragenyx Pharmaceutical Inc.  (RARE)  (CIK 0001515673),RARE,release_text,2022-07-18,2022-07-18T16:12:15,acceptance_time,2022-07-19,GTX-102,1/2,Angelman syndrome,,,69930191,2022-05-06,https://www.sec.gov/Archives/edgar/data/1515673/000095017022012761/rare-20220715.htm
0001213900-22-040399,0001513525,"ADIAL PHARMACEUTICALS, INC.  (ADIL)  (CIK 0001513525)",ADIL,release_text,2022-07-20,2022-07-20T07:14:03,acceptance_time,2022-07-20,AD04,3,Alcohol Use Disorder,ONWARD,,23788962,2022-05-16,https://www.sec.gov/Archives/edgar/data/1513525/000121390022040399/ea163085-8k_adialpharma.htm
0000950170-22-012804,0001693011,"Inozyme Pharma, Inc.  (INZY)  (CIK 0001693011)",INZY,release_text,2022-07-19,2022-07-19T16:36:11,acceptance_time,2022-07-20,INZ-701,1/2,ABCC6 Deficiency,,,40097076,2022-05-10,https://www.sec.gov/Archives/edgar/data/1693011/000095017022012804/inzy-20220719.htm
0001564590-22-026043,0001426800,"ASSEMBLY BIOSCIENCES, INC.  (ASMB)  (CIK 0001426800)",ASMB,release_text,2022-07-20,2022-07-20T16:11:40,acceptance_time,2022-07-21,vebicorvir,2,chronic HBV infection,Study 203,,48216473,2022-05-12,https://www.sec.gov/Archives/edgar/data/1426800/000156459022026043/asmb-8k_20220719.htm
0001851734-22-000390,0001411685,"VistaGen Therapeutics, Inc.  (VTGN)  (CIK 0001411685)",VTGN,release_text,2022-07-22,2022-07-22T08:31:48,acceptance_time,2022-07-22,PH94B,3,social anxiety disorder,PALISADE-1,,206640955,2022-06-23,https://www.sec.gov/Archives/edgar/data/1411685/000185173422000390/ex_398345.htm
0001193125-22-201401,0001060736,Seagen Inc.  (CIK 0001060736),SGEN,release_text,2022-07-26,2022-07-26T06:10:04,acceptance_time,2022-07-26,PADCEV (enfortumab vedotin-ejfv) with KEYTRUDA (pembrolizumab),1b/2,unresectable locally advanced or metastatic urothelial cancer,EV-103,NCT03288545,184075643,2022-04-28,https://www.sec.gov/Archives/edgar/data/1060736/000119312522201401/d352859d8k.htm
0001104659-22-083430,0001429560,TREVENA INC  (TRVN)  (CIK 0001429560),TRVN,release_text,2022-07-28,2022-07-28T07:06:10,acceptance_time,2022-07-28,OLINVYK,,central nervous system (CNS) disorders,,,165520007,2022-05-11,https://www.sec.gov/Archives/edgar/data/1429560/000110465922083430/tm2222009d1_8k.htm
0001437749-22-017952,0001659617,"Moleculin Biotech, Inc.  (MBRX)  (CIK 0001659617)",MBRX,release_text,2022-07-28,2022-07-28T08:35:23,acceptance_time,2022-07-28,Annamycin,1b,soft tissue sarcoma lung metastases,,NCT04887298,28578338,2022-05-11,https://www.sec.gov/Archives/edgar/data/1659617/000143774922017952/ex_400164.htm
0000950170-22-013289,0001755237,"Cyclerion Therapeutics, Inc.  (CYCN)  (CIK 0001755237)",CYCN,release_text,2022-07-28,2022-07-28T09:00:39,acceptance_time,2022-07-28,CY6463,,Cognitive Impairment Associated with Schizophrenia (CIAS),,NCT04972227,43448360,2022-05-04,https://www.sec.gov/Archives/edgar/data/1755237/000095017022013289/cycn-20220728.htm
0000950170-22-013671,0001493566,"OTONOMY, INC.  (CIK 0001493566)",OTIC,release_text,2022-08-01,2022-08-01T16:11:01,acceptance_time,2022-08-02,OTO-313,2,tinnitus,,,56990363,2022-07-25,https://www.sec.gov/Archives/edgar/data/1493566/000095017022013671/otic-ex99_1.htm
0001193125-22-210650,0001785345,"Landos Biopharma, Inc.  (CIK 0001785345)",LABP,release_text,2022-08-03,2022-08-03T08:30:57,acceptance_time,2022-08-03,NX-13,1b,ulcerative colitis,,,40254890,2022-05-12,https://www.sec.gov/Archives/edgar/data/1785345/000119312522210650/d372212dex991.htm
0001104659-22-085175,0001633070,Axcella Health Inc.  (CIK 0001633070),AXLA,release_text,2022-08-02,2022-08-02T16:06:41,acceptance_time,2022-08-03,AXA1125,2a,fatigue related to Long COVID,,,52575840,2022-05-05,https://www.sec.gov/Archives/edgar/data/1633070/000110465922085175/tm2222343d1_8k.htm
0001193125-22-211339,0001274792,MERRIMACK PHARMACEUTICALS INC  (CIK 0001274792),MACK,release_text,2022-08-03,2022-08-03T16:45:25,acceptance_time,2022-08-04,Onivyde,3,second-line small cell lung cancer,RESILIENT,,13410243,2022-05-05,https://www.sec.gov/Archives/edgar/data/1274792/000119312522211339/d386805d8k.htm
0001193125-22-212531,0001517022,"Akebia Therapeutics, Inc.  (AKBA)  (CIK 0001517022)",AKBA,release_text,2022-08-04,2022-08-04T16:14:44,acceptance_time,2022-08-05,vadadustat,2,Acute Respiratory Distress Syndrome (ARDS) in subjects with COVID-19 and hypoxemia,VSTAT,,183848654,2022-08-04,https://www.sec.gov/Archives/edgar/data/1517022/000119312522212531/d371816dex992.htm
0001193125-22-214504,0001205922,"VACCINEX, INC.  (VCNX)  (CIK 0001205922)",VCNX,release_text,2022-08-08,2022-08-08T11:06:34,acceptance_time,2022-08-08,pepinemab,2,Huntington’s Disease,SIGNAL,NCT04381468,42664051,2022-05-16,https://www.sec.gov/Archives/edgar/data/1205922/000119312522214504/d320536dex991.htm
0000950170-22-015232,0001468748,Kodiak Sciences Inc.  (KOD)  (CIK 0001468748),KOD,release_text,2022-08-08,2022-08-08T07:00:41,acceptance_time,2022-08-08,tarcocimab tedromer,3,macular edema due to retinal vein occlusion,BEACON,,51953631,2022-05-10,https://www.sec.gov/Archives/edgar/data/1468748/000095017022015232/kod-20220808.htm
0001193125-22-214126,0001771917,"Karuna Therapeutics, Inc.  (CIK 0001771917)",KRTX,release_text,2022-08-08,2022-08-08T06:43:14,acceptance_time,2022-08-08,KarXT,3,schizophrenia,EMERGENT-2,,29882727,2022-05-05,https://www.sec.gov/Archives/edgar/data/1771917/000119312522214126/d367196d8k.htm
0000950170-22-015240,0001868734,"CinCor Pharma, Inc.  (CIK 0001868734)",,missing,2022-08-08,2022-08-08T07:12:17,acceptance_time,2022-08-08,baxdrostat,2,treatment-resistant hypertension,BrigHtn,,37709912,2022-05-10,https://www.sec.gov/Archives/edgar/data/1868734/000095017022015240/cinc-20220808.htm
0001651308-22-000150,0001651308,"BeiGene, Ltd.  (BGNE, BEIGF)  (CIK 0001651308)",BGNE,release_text,2022-08-09,2022-08-10T16:22:56,release_date_only,2022-08-10,tislelizumab,3,unresectable hepatocellular carcinoma,RATIONALE 301,NCT03412773,1349639439,2022-08-08,https://www.sec.gov/Archives/edgar/data/1651308/000165130822000150/ax10aug2022xex991xrational.htm
0001860782-22-000040,0001860782,"2seventy bio, Inc.  (TSVT)  (CIK 0001860782)",BMY,release_text,2022-08-10,2022-08-10T06:48:11,acceptance_time,2022-08-10,Abecma (idecabtagene vicleucel),3,multiple myeloma,KarMMa-3,NCT03651128,37622368,2022-05-12,https://www.sec.gov/Archives/edgar/data/1860782/000186078222000040/ex991karmma.htm
0001104659-22-088684,0001566044,VYNE Therapeutics Inc.  (VYNE)  (CIK 0001566044),VYNE,release_text,2022-08-10,2022-08-10T17:01:18,acceptance_time,2022-08-11,FMX114,2a,atopic dermatitis,VY2021-01,NCT04927572,57908489,2022-05-12,https://www.sec.gov/Archives/edgar/data/1566044/000110465922088684/tm2222986d1_ex99-1.htm
0001193125-22-219278,0001463361,"Unity Biotechnology, Inc.  (UBX)  (CIK 0001463361)",UBX,release_text,2022-08-12,2022-08-12T07:18:11,acceptance_time,2022-08-12,UBX1325,2,diabetic macular edema,BEHOLD,NCT04857996,69168939,2022-05-10,https://www.sec.gov/Archives/edgar/data/1463361/000119312522219278/d379677d8k.htm
0001104659-22-089678,0001674365,Aptinyx Inc.  (CIK 0001674365),APTX,release_text,2022-08-12,2022-08-12T07:15:42,acceptance_time,2022-08-12,NYX-2925,2b,fibromyalgia,,,67715718,2022-08-04,https://www.sec.gov/Archives/edgar/data/1674365/000110465922089678/tm2223304d1_ex99-1.htm
0001104659-22-092002,0001597264,Blueprint Medicines Corp  (BPMC)  (CIK 0001597264),BPMC,release_text,2022-08-17,2022-08-17T07:28:54,acceptance_time,2022-08-17,AYVAKIT (avapritinib),,non-advanced systemic mastocytosis,PIONEER,NCT03731260,59719570,2022-08-02,https://www.sec.gov/Archives/edgar/data/1597264/000110465922092002/tm2223609d1_8k.htm
0001193125-22-232575,0001759138,"Cabaletta Bio, Inc.  (CABA)  (CIK 0001759138)",CABA,release_text,2022-08-29,2022-08-29T14:15:01,acceptance_time,2022-08-29,DSG3-CAART,1,mucosal-dominant pemphigus vulgaris,DesCAARTes,,29013995,2022-08-11,https://www.sec.gov/Archives/edgar/data/1759138/000119312522232575/d381073dex991.htm
0001628280-22-023857,0001001233,"SANGAMO THERAPEUTICS, INC  (SGMO)  (CIK 0001001233)",SGMO,release_text,2022-08-30,2022-08-30T06:06:57,acceptance_time,2022-08-30,isaralgagene civaparvovec,1/2,Fabry disease,STAAR,,156553107,2022-08-04,https://www.sec.gov/Archives/edgar/data/1001233/000162828022023857/sgmo-20220830.htm
0001104659-22-096250,0000855654,"ImmunoGen, Inc.  (CIK 0000855654)",IMGN,release_text,2022-08-31,2022-08-31T06:40:28,acceptance_time,2022-08-31,pivekimab sunirine,2,blastic plasmacytoid dendritic cell neoplasm,CADENZA,,220713090,2022-08-01,https://www.sec.gov/Archives/edgar/data/855654/000110465922096250/tm2224733d1_8k.htm
0001370053-22-000049,0001370053,"ANAPTYSBIO, INC  (ANAB)  (CIK 0001370053)",ANAB,release_text,2022-08-31,2022-08-31T16:19:39,acceptance_time,2022-09-01,imsidolimab,2,hidradenitis suppurativa,HARP,,28239212,2022-08-08,https://www.sec.gov/Archives/edgar/data/1370053/000137005322000049/anab-20220831.htm
0001437749-22-021620,0000072444,"Vaxart, Inc.  (VXRT)  (CIK 0000072444)",VXRT,release_text,2022-09-01,2022-09-01T07:05:18,acceptance_time,2022-09-01,VXA-CoV2-1.1-S,2,COVID-19,,,126506309,2022-08-08,https://www.sec.gov/Archives/edgar/data/72444/000143774922021620/ex_419074.htm
0001104659-22-097701,0000894158,"Synthetic Biologics, Inc.  (TOVX)  (CIK 0000894158)",SYN,release_text,2022-09-05,2022-09-06T08:10:50,release_date_only,2022-09-06,VCN-01,1,recurrent/metastatic squamous cell carcinoma of the head and neck,,,15844061,2022-08-11,https://www.sec.gov/Archives/edgar/data/894158/000110465922097701/tm2225140d1_8k.htm
0001193125-22-238444,0001107421,"Alaunos Therapeutics, Inc.  (TCRT)  (CIK 0001107421)",TCRT,release_text,2022-09-06,2022-09-06T08:21:02,acceptance_time,2022-09-06,TCR-T,1/2,"non-small cell lung, colorectal, endometrial, pancreatic, ovarian, and bile duct cancers",TCR-T Library,,216174542,2022-08-15,https://www.sec.gov/Archives/edgar/data/1107421/000119312522238444/d350937d8k.htm
0001193125-22-238271,0001403752,Zymeworks Inc.  (CIK 0001403752),ZYME,release_text,2022-09-04,2022-09-06T06:05:57,release_date_only,2022-09-06,zanidatamab zovodotin (ZW49),1,HER2+ cancers,,,57892785,2022-08-04,https://www.sec.gov/Archives/edgar/data/1403752/000119312522238271/d400094dex991.htm
0001410939-22-000094,0001410939,"IVERIC bio, Inc.  (CIK 0001410939)",ISEE,release_text,2022-09-06,2022-09-06T06:11:20,acceptance_time,2022-09-06,Zimura (avacincaptad pegol),3,geographic atrophy,GATHER2,,118077814,2022-07-26,https://www.sec.gov/Archives/edgar/data/1410939/000141093922000094/isee-20220906.htm
0001520138-22-000390,0001580149,BIOVIE INC.  (BIVI)  (CIK 0001580149),BIVI,release_text,2022-09-07,2022-09-07T06:05:47,acceptance_time,2022-09-07,NE3107,2,Alzheimer’s Disease,,NCT04112199;NCT04669028;NCT05083260;NCT05227820,24984083,2022-05-11,https://www.sec.gov/Archives/edgar/data/1580149/000152013822000390/bivi-20220907_8k.htm
0001104659-22-098037,0001761612,BICYCLE THERAPEUTICS plc  (BCYC)  (CIK 0001761612),BCYC,release_text,2022-09-07,2022-09-07T07:03:01,acceptance_time,2022-09-07,BT5528,1,advanced solid tumors,,,29676127,2022-08-04,https://www.sec.gov/Archives/edgar/data/1761612/000110465922098037/tm2225232d1_ex99-1.htm
0000950170-22-018205,0001812364,"Relay Therapeutics, Inc.  (RLAY)  (CIK 0001812364)",RLAY,release_text,2022-09-07,2022-09-08T06:31:11,release_date_only,2022-09-08,RLY-4008,,cholangiocarcinoma,ReFocus,,108898083,2022-08-04,https://www.sec.gov/Archives/edgar/data/1812364/000095017022018205/rlay-20220907.htm
0001193125-22-240127,0001761918,"Erasca, Inc.  (ERAS)  (CIK 0001761918)",ERAS,release_text,2022-09-07,2022-09-07T17:16:41,acceptance_time,2022-09-08,ERAS-007 and ERAS-601,,BRAF-driven and RAS/MAPK-altered solid tumors,"HERKULES-1, FLAGSHP-1, ASN007-101",,122147003,2022-08-11,https://www.sec.gov/Archives/edgar/data/1761918/000119312522240127/d399259d8k.htm
0000950170-22-018265,0001564824,Allakos Inc.  (ALLK)  (CIK 0001564824),ALLK,release_text,2022-09-09,2022-09-09T07:05:26,acceptance_time,2022-09-09,lirentelimab,3,eosinophilic duodenitis,EoDyssey,,54844080,2022-08-04,https://www.sec.gov/Archives/edgar/data/1564824/000095017022018265/allk-20220909.htm
0001558370-22-014297,0001621227,Adaptimmune Therapeutics PLC  (ADAP)  (CIK 0001621227),ADAP,release_text,2022-09-09,2022-09-09T07:14:38,acceptance_time,2022-09-09,ADP-A2M4CD8,1,solid tumors,SURPASS,,980222862,2022-08-04,https://www.sec.gov/Archives/edgar/data/1621227/000155837022014297/adap-20220909x8k.htm
0001628280-22-024744,0001213037,"Cardiff Oncology, Inc.  (CRDF)  (CIK 0001213037)",CRDF,release_text,2022-09-10,2022-09-12T16:09:53,release_date_only,2022-09-12,onvansertib,1b/2,KRAS-mutated metastatic colorectal cancer,,NCT03829410,43334919,2022-08-04,https://www.sec.gov/Archives/edgar/data/1213037/000162828022024744/a991ex091022.htm
0001651308-22-000162,0001651308,"BeiGene, Ltd.  (BGNE, BEIGF)  (CIK 0001651308)",BGNE,release_text,2022-09-10,2022-09-15T16:37:41,release_date_only,2022-09-12,tislelizumab,3,unresectable hepatocellular carcinoma,RATIONALE 301,NCT03358875;NCT03412773;NCT04047862;NCT04921358;NCT05014815,1349639439,2022-08-08,https://www.sec.gov/Archives/edgar/data/1651308/000165130822000162/exhibit9912.htm
0001193125-22-244793,0001676725,"IDEAYA Biosciences, Inc.  (IDYA)  (CIK 0001676725)",IDYA,release_text,2022-09-11,2022-09-14T16:45:02,release_date_only,2022-09-12,darovasertib and crizotinib,2,metastatic uveal melanoma,,,39305802,2022-08-15,https://www.sec.gov/Archives/edgar/data/1676725/000119312522244793/d403459d8k.htm
0001193125-22-242423,0001654151,"Deciphera Pharmaceuticals, Inc.  (CIK 0001654151)",DCPH,release_text,2022-09-11,2022-09-12T07:30:31,release_date_only,2022-09-12,vimseltinib,1 and 2,tenosynovial giant cell tumor,,,66822086,2022-08-04,https://www.sec.gov/Archives/edgar/data/1654151/000119312522242423/d290994d8k.htm
0001664710-22-000049,0001664710,"Keros Therapeutics, Inc.  (KROS)  (CIK 0001664710)",KROS,release_text,2022-09-12,2022-09-12T06:03:18,acceptance_time,2022-09-12,KER-012,1,"hematological, pulmonary, and musculoskeletal disorders",,,25756954,2022-08-04,https://www.sec.gov/Archives/edgar/data/1664710/000166471022000049/exhibit991asbmr2022pr.htm
0001104659-22-099487,0001710072,"Edgewise Therapeutics, Inc.  (EWTX)  (CIK 0001710072)",EWTX,release_text,2022-09-11,2022-09-13T08:51:40,release_date_only,2022-09-12,EDG-5506,,Becker Muscular Dystrophy,ARCH,NCT04585464;NCT05160415;NCT05291091,49799597,2022-08-04,https://www.sec.gov/Archives/edgar/data/1710072/000110465922099487/tm2221772d2_ex99-2.htm
0001193125-22-243332,0001744659,"Akero Therapeutics, Inc.  (AKRO)  (CIK 0001744659)",AKRO,release_text,2022-09-13,2022-09-13T09:07:10,acceptance_time,2022-09-13,efruxifermin,2b,nonalcoholic steatohepatitis,HARMONY,,37571426,2022-08-05,https://www.sec.gov/Archives/edgar/data/1744659/000119312522243332/d395122d8k.htm
0001104659-22-099483,0001279704,"Cellectar Biosciences, Inc.  (CLRB)  (CIK 0001279704)",CLRB,release_text,2022-09-13,2022-09-13T08:45:32,acceptance_time,2022-09-13,iopofosine I-131,2,relapsed/refractory multiple myeloma,CLOVER-1,,6110123,2022-08-05,https://www.sec.gov/Archives/edgar/data/1279704/000110465922099483/tm2225694d1_ex99-1.htm
0001213900-22-055429,0001176309,ORAMED PHARMACEUTICALS INC.  (ORMP)  (CIK 0001176309),ORMP,sec_current,2022-09-13,2022-09-13T08:52:28,acceptance_time,2022-09-13,ORMD-0801,2,Type 2 Diabetes with non-alcoholic steatohepatitis,,,38827081,2022-08-10,https://www.sec.gov/Archives/edgar/data/1176309/000121390022055429/ea165702-8k_oramed.htm
0001626199-22-000061,0001626199,"ALPINE IMMUNE SCIENCES, INC.  (CIK 0001626199)",ALPN,release_text,2022-09-12,2022-09-12T16:19:59,acceptance_time,2022-09-13,davoceticept,1,solid tumors,NEON-2,NCT04186637;NCT04920383;NCT05034484,30400679,2022-08-11,https://www.sec.gov/Archives/edgar/data/1626199/000162619922000061/alpn-20220912.htm
0001558370-22-014392,0001326190,"Altimmune, Inc.  (ALT)  (CIK 0001326190)",ALT,release_text,2022-09-14,2022-09-14T07:13:02,acceptance_time,2022-09-14,pemvidutide,1b,non-alcoholic fatty liver disease,,,48535230,2022-08-11,https://www.sec.gov/Archives/edgar/data/1326190/000155837022014392/alt-20220914x8k.htm
0001104659-22-100245,0001035354,"Eloxx Pharmaceuticals, Inc.  (ELOX)  (CIK 0001035354)",ELOX,release_text,2022-09-14,2022-09-15T08:07:05,release_date_only,2022-09-15,ELX-02,2,Class 1 Cystic Fibrosis,,NCT04126473;NCT04135495,86656221,2022-08-12,https://www.sec.gov/Archives/edgar/data/1035354/000110465922100245/tm2225930d1_8k.htm
0001558370-22-014456,0001818844,"Virios Therapeutics, Inc.  (VIRI)  (CIK 0001818844)",VIRI,release_text,2022-09-19,2022-09-19T07:30:22,acceptance_time,2022-09-19,IMC-1,2b,fibromyalgia,FORTRESS,,8330390,2022-08-12,https://www.sec.gov/Archives/edgar/data/1818844/000155837022014456/tmb-20220919x8k.htm
0001193805-22-001285,0001280776,"IMMUNIC, INC.  (IMUX)  (CIK 0001280776)",IMUX,release_text,2022-09-20,2022-09-20T08:04:49,acceptance_time,2022-09-20,IMU-856,1,chronic inflammatory and autoimmune diseases,,,30564995,2022-08-04,https://www.sec.gov/Archives/edgar/data/1280776/000119380522001285/e621930_ex99-1.htm
0001193125-22-247417,0001631574,Wave Life Sciences Ltd.  (WVE)  (CIK 0001631574),WVE,release_text,2022-09-20,2022-09-20T07:34:54,acceptance_time,2022-09-20,WVE-003,1b/2a,Huntington’s disease,SELECT-HD,NCT05032196,86820111,2022-08-11,https://www.sec.gov/Archives/edgar/data/1631574/000119312522247417/d369218dex991.htm
0001193125-22-247767,0001692830,"Satsuma Pharmaceuticals, Inc.  (CIK 0001692830)",STSA,release_text,2022-09-20,2022-09-20T17:03:54,acceptance_time,2022-09-21,STS101,3,long-term safety,ASCEND,,31587493,2022-08-09,https://www.sec.gov/Archives/edgar/data/1692830/000119312522247767/d399674d8k.htm
0001387131-22-009920,0000887247,Adamis Pharmaceuticals Corp  (DMKPQ)  (CIK 0000887247),ADMP,release_text,2022-09-21,2022-09-21T16:10:41,acceptance_time,2022-09-22,Tempol,2/3,COVID-19,,,149983265,2022-08-10,https://www.sec.gov/Archives/edgar/data/887247/000138713122009920/admp-8k_092122.htm
0001387131-22-009927,0001430306,Tonix Pharmaceuticals Holding Corp.  (TNXP)  (CIK 0001430306),TNXP,release_text,2022-09-22,2022-09-22T07:05:26,acceptance_time,2022-09-22,TNX-102 SL,,Long COVID,,,43061066,2022-08-08,https://www.sec.gov/Archives/edgar/data/1430306/000138713122009927/ex99-01.htm
0001193125-22-250701,0001593034,Endo International plc  (CIK 0001593034),ENDP,release_text,2022-09-22,2022-09-26T09:03:07,release_date_only,2022-09-23,TLC599,3,pain from osteoarthritis of the knee,,,235142889,2022-08-09,https://www.sec.gov/Archives/edgar/data/1593034/000119312522250701/d305961d8k.htm
0001493152-22-026752,0001815974,"Anebulo Pharmaceuticals, Inc.  (ANEB)  (CIK 0001815974)",ANEB,release_text,2022-09-26,2022-09-26T08:00:43,acceptance_time,2022-09-26,ANEB-001,2,acute cannabinoid intoxication,,,23368567,2022-09-09,https://www.sec.gov/Archives/edgar/data/1815974/000149315222026752/form8-k.htm
0001551986-22-000094,0001551986,"9 METERS BIOPHARMA, INC.  (NMTRQ)  (CIK 0001551986)",NMTR,release_text,2022-09-26,2022-09-26T16:08:32,acceptance_time,2022-09-27,vurolenatide,2,short bowel syndrome,VIBRANT,,259107380.0,2022-08-15,https://www.sec.gov/Archives/edgar/data/1551986/000155198622000094/ex-991pressrelease92622.htm
0001628280-22-025530,0001398733,"Aquestive Therapeutics, Inc.  (AQST)  (CIK 0001398733)",AQST,release_text,2022-09-27,2022-09-27T09:59:35,acceptance_time,2022-09-27,AQST-109,2,anaphylaxis,EPIPHAST II,,53350654,2022-08-02,https://www.sec.gov/Archives/edgar/data/1398733/000162828022025530/a5822763_releasexpreview.htm
0001628280-22-025519,0001501697,"X4 Pharmaceuticals, Inc  (XFOR, XFOWW)  (CIK 0001501697)",XFOR,release_text,2022-09-27,2022-09-27T07:53:07,acceptance_time,2022-09-27,mavorixafor,1b,chronic neutropenia,,NCT04154488,68646068,2022-08-04,https://www.sec.gov/Archives/edgar/data/1501697/000162828022025519/ex991xforpressrelease.htm
0001193125-22-251807,0001746466,"Equillium, Inc.  (EQ)  (CIK 0001746466)",EQ,sec_current,2022-09-27,2022-09-27T09:28:12,acceptance_time,2022-09-27,itolizumab,,lupus nephritis,EQUALISE,NCT04128579,34352084,2022-08-15,https://www.sec.gov/Archives/edgar/data/1746466/000119312522251807/d383524d8k.htm
0000950170-22-018944,0001833214,"SAB Biotherapeutics, Inc.  (SABS, SABSW)  (CIK 0001833214)",SABS,sec_current,,2022-09-28T09:01:09,acceptance_time,2022-09-28,SAB-176,2a,influenza,,NCT04850898,43030885,2022-08-10,https://www.sec.gov/Archives/edgar/data/1833214/000095017022018944/sabs-ex99_2.htm
0001193125-22-252642,0001750019,TCR2 THERAPEUTICS INC.  (CIK 0001750019),TCRR,release_text,2022-09-28,2022-09-28T07:01:08,acceptance_time,2022-09-28,gavo-cel,1,mesothelin-expressing solid tumors,gavo-cel Phase 1/2 clinical trial,NCT03907852,38606424,2022-08-08,https://www.sec.gov/Archives/edgar/data/1750019/000119312522252642/d197971d8k.htm
0000950170-22-018928,0001835597,PepGen Inc.  (PEPG)  (CIK 0001835597),PEPG,release_text,2022-09-28,2022-09-28T06:06:14,acceptance_time,2022-09-28,PGN-EDO51,1,Duchenne muscular dystrophy,,,23631924,2022-08-12,https://www.sec.gov/Archives/edgar/data/1835597/000095017022018928/pepg-20220928.htm
0001104659-22-103927,0001633070,Axcella Health Inc.  (CIK 0001633070),AXLA,release_text,2022-09-29,2022-09-29T09:15:46,acceptance_time,2022-09-29,AXA1125,2b,NASH,EMMPACT,,52643309,2022-08-12,https://www.sec.gov/Archives/edgar/data/1633070/000110465922103927/tm2226861d1_8k.htm
0000950170-22-018988,0001800315,"Galecto, Inc.  (GLTO)  (CIK 0001800315)",GLTO,release_text,2022-09-29,2022-09-29T07:00:35,acceptance_time,2022-09-29,GB2064,2a,myelofibrosis,MYLOX-1,NCT04679870,25395697,2022-07-29,https://www.sec.gov/Archives/edgar/data/1800315/000095017022018988/glto-20220929.htm
0001193125-22-254857,0001107421,"Alaunos Therapeutics, Inc.  (TCRT)  (CIK 0001107421)",TCRT,sec_current,,2022-09-30T08:00:13,acceptance_time,2022-09-30,KRAS mutation-specific TCR-T cell therapy,1/2,solid tumors,,NCT05194735,216174542,2022-08-15,https://www.sec.gov/Archives/edgar/data/1107421/000119312522254857/d326083dex991.htm
0001104659-22-104337,0001270073,"INTERCEPT PHARMACEUTICALS, INC.  (CIK 0001270073)",ICPT,release_text,2022-09-30,2022-09-30T07:58:29,acceptance_time,2022-09-30,Obeticholic Acid (OCA),3,compensated cirrhosis due to NASH,REVERSE,,29798040,2022-08-03,https://www.sec.gov/Archives/edgar/data/1270073/000110465922104337/tm2227095d1_8k.htm
0000950170-22-019168,0001822791,"Clene Inc.  (CLNN, CLNNW)  (CIK 0001822791)",CLNN,release_text,2022-10-03,2022-10-03T08:33:15,acceptance_time,2022-10-03,CNM-Au8,,amyotrophic lateral sclerosis,Healey ALS Platform Trial,NCT04297683,63501984,2022-08-15,https://www.sec.gov/Archives/edgar/data/1822791/000095017022019168/clnn-20221003.htm
0000950170-22-019151,0001579428,"Axsome Therapeutics, Inc.  (AXSM)  (CIK 0001579428)",AXSM,release_text,2022-10-03,2022-10-03T07:09:06,acceptance_time,2022-10-03,Sunosi,2,excessive daytime sleepiness associated with obstructive sleep apnea,SHARP,,40304124,2022-08-09,https://www.sec.gov/Archives/edgar/data/1579428/000095017022019151/axsm-20221003.htm
0001193125-22-256110,0001501796,"Aura Biosciences, Inc.  (AURA)  (CIK 0001501796)",AURA,release_text,2022-10-03,2022-10-03T07:05:24,acceptance_time,2022-10-03,belzupacap sarotalocan (AU-011),2,early-stage choroidal melanoma,,NCT04417530,29273647,2022-08-11,https://www.sec.gov/Archives/edgar/data/1501796/000119312522256110/d251752d8k.htm
0000950170-22-019116,0001061983,CYTOKINETICS INC  (CYTK)  (CIK 0001061983),CYTK,release_text,2022-09-30,2022-09-30T16:30:45,acceptance_time,2022-10-03,aficamten,,hypertrophic cardiomyopathy,REDWOOD-HCM OLE,,94144097,2022-08-05,https://www.sec.gov/Archives/edgar/data/1061983/000095017022019116/cytk-20220930.htm
0001104659-22-105234,0001722964,"Y-mAbs Therapeutics, Inc.  (YMAB)  (CIK 0001722964)",YMAB,release_text,2022-10-03,2022-10-03T16:05:56,acceptance_time,2022-10-04,OMBLASTYS (131I-omburtamab),,CNS/leptomeningeal metastasis from neuroblastoma,101,,43719549,2022-08-08,https://www.sec.gov/Archives/edgar/data/1722964/000110465922105234/tm2226628d3_8k.htm
0001157523-22-001289,0001341235,"Aldeyra Therapeutics, Inc.  (ALDX)  (CIK 0001341235)",ALDX,release_text,2022-10-06,2022-10-06T07:05:25,acceptance_time,2022-10-06,ADX-2191,3,Proliferative Vitreoretinopathy,GUARD,,58323116,2022-08-05,https://www.sec.gov/Archives/edgar/data/1341235/000115752322001289/a52938497.htm
0001654954-22-013566,0000034956,"TENAX THERAPEUTICS, INC.  (TENX)  (CIK 0000034956)",TENX,release_text,2022-10-10,2022-10-11T08:31:01,release_date_only,2022-10-11,oral levosimendan,2,Pulmonary Hypertension and Heart Failure with Preserved Ejection Fraction,HELP,,25206914,2022-08-11,https://www.sec.gov/Archives/edgar/data/34956/000165495422013566/tenx_8k.htm
0001104659-22-107454,0001322505,"ALBIREO PHARMA, INC.  (CIK 0001322505)",ALBO,release_text,2022-10-11,2022-10-11T08:25:43,acceptance_time,2022-10-11,Bylvay,3,Alagille syndrome,ASSERT,,19612509,2022-08-15,https://www.sec.gov/Archives/edgar/data/1322505/000110465922107454/tm2227924d1_8k.htm
0001193125-22-260253,0001645569,"DICE Therapeutics, Inc.  (CIK 0001645569)",DICE,release_text,2022-10-11,2022-10-11T08:02:19,acceptance_time,2022-10-11,DC-806,1,psoriasis,,,38210826,2022-08-11,https://www.sec.gov/Archives/edgar/data/1645569/000119312522260253/d383980d8k.htm
0001618835-22-000196,0001618835,"Evofem Biosciences, Inc.  (EVFM)  (CIK 0001618835)",EVFM,release_text,2022-10-11,2022-10-11T21:23:56,acceptance_time,2022-10-12,EVO100,3,chlamydia and gonorrhea,EVOGUARD,,85459214,2022-08-12,https://www.sec.gov/Archives/edgar/data/1618835/000161883522000196/evfm-20221011.htm
0001213900-22-063664,0001553643,"RELMADA THERAPEUTICS, INC.  (RLMD)  (CIK 0001553643)",RLMD,release_text,2022-10-13,2022-10-13T09:21:09,acceptance_time,2022-10-13,REL-1017,3,Major Depressive Disorder,RELIANCE III,,30060518,2022-08-11,https://www.sec.gov/Archives/edgar/data/1553643/000121390022063664/ea167089-8k_relmada.htm
0000950170-22-019592,0001620463,"Athira Pharma, Inc.  (ATHA)  (CIK 0001620463)",ATHA,release_text,2022-10-17,2022-10-17T08:30:55,acceptance_time,2022-10-17,fosgonimeton,2/3,Alzheimer’s disease,LIFT-AD,NCT04488419,37817724,2022-08-15,https://www.sec.gov/Archives/edgar/data/1620463/000095017022019592/atha-ex99_1.htm
0001193125-22-263369,0001426332,NGM BIOPHARMACEUTICALS INC  (CIK 0001426332),NGM,release_text,2022-10-17,2022-10-17T07:40:32,acceptance_time,2022-10-17,NGM621,2,geographic atrophy secondary to age-related macular degeneration,CATALINA,,80365889,2022-08-04,https://www.sec.gov/Archives/edgar/data/1426332/000119312522263369/d393962d8k.htm
0001493152-22-028519,0001401914,"Dare Bioscience, Inc.  (DARE)  (CIK 0001401914)",DARE,release_text,2022-10-17,2022-10-17T08:05:49,acceptance_time,2022-10-17,DARE-HRT1,1 / 2,menopause,DARE-HRT1 Phase 1 / 2 Study,,84820858,2022-08-09,https://www.sec.gov/Archives/edgar/data/1401914/000149315222028519/ex99-1.htm
0001104659-22-108996,0001408443,Milestone Pharmaceuticals Inc.  (MIST)  (CIK 0001408443),MIST,release_text,2022-10-17,2022-10-17T06:07:05,acceptance_time,2022-10-17,etripamil,3,paroxysmal supraventricular tachycardia,RAPID,,30010873,2022-08-10,https://www.sec.gov/Archives/edgar/data/1408443/000110465922108996/tm2228338d1_8k.htm
0001193125-22-264177,0001527599,"SYNLOGIC, INC.  (SYBX)  (CIK 0001527599)",SYBX,release_text,2022-10-18,2022-10-18T08:30:44,acceptance_time,2022-10-18,SYNB1618 and SYNB1934,2,phenylketonuria,Synpheny-1,,70229592,2022-08-11,https://www.sec.gov/Archives/edgar/data/1527599/000119312522264177/d387982dex991.htm
0001213900-22-064818,0001711754,"Inmune Bio, Inc.  (INMB)  (CIK 0001711754)",INMB,release_text,2022-10-19,2022-10-19T08:07:55,acceptance_time,2022-10-19,INKmune,,solid tumors,,,17945995,2022-08-03,https://www.sec.gov/Archives/edgar/data/1711754/000121390022064818/ea167282ex99-1_inmunebio.htm
0001104659-22-110120,0001682639,"EYENOVIA, INC.  (EYEN)  (CIK 0001682639)",EYEN,release_text,2022-10-20,2022-10-20T08:34:04,acceptance_time,2022-10-20,MicroLine,3,presbyopia,VISION-2,,34212862,2022-08-11,https://www.sec.gov/Archives/edgar/data/1682639/000110465922110120/tm2228582d1_8k.htm
0001867096-22-000117,0001867096,"Xeris Biopharma Holdings, Inc.  (XERS)  (CIK 0001867096)",XERS,release_text,2022-10-20,2022-10-20T08:20:08,acceptance_time,2022-10-20,XP-8121,1,hypothyroidism,,,135957280,2022-08-10,https://www.sec.gov/Archives/edgar/data/1867096/000186709622000117/exh991pressreleaseofxerisb.htm
0001493152-22-029275,0001582554,"Matinas BioPharma Holdings, Inc.  (MTNB)  (CIK 0001582554)",MTNB,release_text,2022-10-21,2022-10-21T07:00:27,acceptance_time,2022-10-21,MAT2203,2,cryptococcal meningitis,EnACT,,216864526,2022-08-11,https://www.sec.gov/Archives/edgar/data/1582554/000149315222029275/ex99-1.htm
0001193805-22-001439,0001280776,"IMMUNIC, INC.  (IMUX)  (CIK 0001280776)",IMUX,release_text,2022-10-20,2022-10-20T16:32:42,acceptance_time,2022-10-21,IMU-935,1b,psoriasis,,,30564995,2022-08-04,https://www.sec.gov/Archives/edgar/data/1280776/000119380522001439/e621964_ex99-1.htm
0001599298-22-000114,0001599298,Summit Therapeutics Inc.  (SMMT)  (CIK 0001599298),SMMT,release_text,2022-10-20,2022-10-20T17:23:11,acceptance_time,2022-10-21,ridinilazole,3,Clostridioides difficile infection,Ri-CoDIFy,,98122356,2022-08-11,https://www.sec.gov/Archives/edgar/data/1599298/000159929822000114/a2022_prx1020xidweek2022re.htm
0001193125-22-267201,0001759425,"Mirum Pharmaceuticals, Inc.  (MIRM)  (CIK 0001759425)",MIRM,release_text,2022-10-24,2022-10-24T08:46:05,acceptance_time,2022-10-24,LIVMARLI,3,progressive familial intrahepatic cholestasis,MARCH,,32751748,2022-08-04,https://www.sec.gov/Archives/edgar/data/1759425/000119312522267201/d226370d8k.htm
0001193125-22-267147,0001649094,"Vaxcyte, Inc.  (PCVX)  (CIK 0001649094)",PCVX,release_text,2022-10-24,2022-10-24T08:00:52,acceptance_time,2022-10-24,VAX-24,1/2,invasive pneumococcal disease,,NCT05266456,59315134,2022-08-08,https://www.sec.gov/Archives/edgar/data/1649094/000119312522267147/d413834d8k.htm
0001595585-22-000077,0001595585,"Tricida, Inc.  (CIK 0001595585)",TCDA,release_text,2022-10-24,2022-10-24T07:05:05,acceptance_time,2022-10-24,,,renal outcomes,VALOR-CKD,,55668880,2022-08-08,https://www.sec.gov/Archives/edgar/data/1595585/000159558522000077/tcda-20221024.htm
0001193125-22-268408,0001656634,"Gritstone bio, Inc.  (GRTS)  (CIK 0001656634)",GRTS,release_text,2022-10-25,2022-10-25T16:35:06,acceptance_time,2022-10-26,samRNA vaccine candidates,1,SARS-CoV-2,CORAL-BOOST and CORAL-CEPI,,73006922,2022-08-04,https://www.sec.gov/Archives/edgar/data/1656634/000119312522268408/d341720dex991.htm
0001193125-22-269333,0001563577,"Galera Therapeutics, Inc.  (GRTX)  (CIK 0001563577)",GRTX,release_text,2022-10-26,2022-10-26T13:41:20,acceptance_time,2022-10-26,avasopasem manganese,3,radiotherapy-induced severe oral mucositis,ROMAN,,26821589,2022-08-09,https://www.sec.gov/Archives/edgar/data/1563577/000119312522269333/d399266d8k.htm
0001279569-22-001739,0001633932,ESSA Pharma Inc.  (EPIX)  (CIK 0001633932),EPIX,release_text,2022-10-26,2022-10-26T07:33:00,acceptance_time,2022-10-26,EPI-7386,1/2,metastatic castration-resistant prostate cancer,,NCT04421222;NCT05075577,44073076,2022-08-04,https://www.sec.gov/Archives/edgar/data/1633932/000127956922001739/essaform8k.htm
0001140361-22-038679,0001472091,PDS Biotechnology Corp  (PDSB)  (CIK 0001472091),PDSB,release_text,2022-10-27,2022-10-27T16:49:43,acceptance_time,2022-10-28,PDS0101,2,HPV16-positive recurrent and/or metastatic head and neck cancer,VERSATILE-002,,28458688,2022-08-08,https://www.sec.gov/Archives/edgar/data/1472091/000114036122038679/brhc10043369_ex99-1.htm
0001640334-22-002286,0001348362,"Lexaria Bioscience Corp.  (LEXX, LEXXW)  (CIK 0001348362)",LEXX,release_text,2022-10-27,2022-10-28T06:01:14,release_date_only,2022-10-28,DehydraTECH-CBD,,hypertension,HYPER-H21-4,,5950998,2022-07-14,https://www.sec.gov/Archives/edgar/data/1348362/000164033422002286/lxrp_ex991.htm
0001193125-22-271664,0001861560,"Nuvalent, Inc.  (NUVL)  (CIK 0001861560)",NUVL,release_text,2022-10-28,2022-10-28T06:05:57,acceptance_time,2022-10-28,NVL-520,1,ROS1-positive non-small cell lung cancer,ARROS-1,NCT05118789,3129384,2021-09-08,https://www.sec.gov/Archives/edgar/data/1861560/000119312522271664/d377694d8k.htm
0001213900-22-067378,0001388320,"Actinium Pharmaceuticals, Inc.  (ATNM)  (CIK 0001388320)",ATNM,release_text,2022-10-31,2022-10-31T07:00:13,acceptance_time,2022-10-31,Iomab-B,3,relapsed or refractory acute myeloid leukemia,SIERRA,,25184654,2022-08-12,https://www.sec.gov/Archives/edgar/data/1388320/000121390022067378/ea167769-8k_actinium.htm
0000950170-22-020535,0001800315,"Galecto, Inc.  (GLTO)  (CIK 0001800315)",GLTO,release_text,2022-10-31,2022-10-31T09:00:31,acceptance_time,2022-10-31,GB1211,1b/2a,severe liver diseases,GULLIVER-2,NCT05009680,25395697,2022-07-29,https://www.sec.gov/Archives/edgar/data/1800315/000095017022020535/glto-20221031.htm
0001171843-22-006904,0001447028,Arbutus Biopharma Corp  (ABUS)  (CIK 0001447028),ABUS,release_text,2022-10-31,2022-10-31T16:19:14,acceptance_time,2022-11-01,AB-729,2,chronic hepatitis B,,,149950606,2022-08-04,https://www.sec.gov/Archives/edgar/data/1447028/000117184322006904/exh_991.htm
0000950170-22-020696,0001463361,"Unity Biotechnology, Inc.  (UBX)  (CIK 0001463361)",UBX,release_text,2022-11-01,2022-11-01T07:00:38,acceptance_time,2022-11-01,UBX1325,2,diabetic macular edema,BEHOLD,NCT04857996,69651035,2022-08-12,https://www.sec.gov/Archives/edgar/data/1463361/000095017022020696/ubx-ex99_1.htm
0001193125-22-275463,0001827087,"Vigil Neuroscience, Inc.  (VIGL)  (CIK 0001827087)",VIGL,release_text,2022-11-02,2022-11-02T08:20:43,acceptance_time,2022-11-02,VGL101,1,adult-onset leukoencephalopathy with axonal spheroids and pigmented glia (ALSP),,,28268331,2022-08-08,https://www.sec.gov/Archives/edgar/data/1827087/000119312522275463/d380531d8k.htm
0001193125-22-275350,0001718108,"Surface Oncology, Inc.  (CIK 0001718108)",SURF,release_text,2022-11-02,2022-11-02T06:15:42,acceptance_time,2022-11-02,SRF388,2,Non-Small Cell Lung Cancer,,,58034033,2022-08-03,https://www.sec.gov/Archives/edgar/data/1718108/000119312522275350/d414848dex991.htm
0001493152-22-030153,0001106838,"Sonnet BioTherapeutics Holdings, Inc.  (SONN)  (CIK 0001106838)",SONN,release_text,2022-11-02,2022-11-02T08:05:36,acceptance_time,2022-11-02,SON-1010,1,advanced solid tumors,SB101 and SB102,NCT05352750;NCT05408572,60587905,2022-08-15,https://www.sec.gov/Archives/edgar/data/1106838/000149315222030153/ex99-1.htm
0001104659-22-113463,0001034842,RIGEL PHARMACEUTICALS INC  (RIGL)  (CIK 0001034842),RIGL,release_text,2022-11-01,2022-11-01T16:05:37,acceptance_time,2022-11-02,fostamatinib,3,COVID-19,FOCUS,NCT04924660,172836336,2022-08-02,https://www.sec.gov/Archives/edgar/data/1034842/000110465922113463/tm2229339d1_8k.htm
0001493152-22-030288,0000318306,ABEONA THERAPEUTICS INC.  (ABEO)  (CIK 0000318306),ABEO,release_text,2022-11-03,2022-11-03T07:32:23,acceptance_time,2022-11-03,EB-101,3,recessive dystrophic epidermolysis bullosa (RDEB),VIITAL,,5950382,2022-08-11,https://www.sec.gov/Archives/edgar/data/318306/000149315222030288/ex99-2.htm
0000950170-22-021739,0001645666,"Kezar Life Sciences, Inc.  (KZR)  (CIK 0001645666)",KZR,release_text,2022-11-03,2022-11-03T13:56:47,acceptance_time,2022-11-03,zetomipzomib,2,lupus nephritis,MISSION,,68369530,2022-08-11,https://www.sec.gov/Archives/edgar/data/1645666/000095017022021739/kzr-ex99_1.htm
0001493152-22-030215,0001053369,ELITE PHARMACEUTICALS INC /NV/  (ELTP)  (CIK 0001053369),ELTP,release_text,2022-11-02,2022-11-02T16:30:52,acceptance_time,2022-11-03,undisclosed extended-release generic drug product,,,,,1011281988,2022-08-15,https://www.sec.gov/Archives/edgar/data/1053369/000149315222030215/ex99-1.htm
0001140361-22-039934,0000874015,IONIS PHARMACEUTICALS INC  (IONS)  (CIK 0000874015),IONS,release_text,2022-11-04,2022-11-04T07:05:23,acceptance_time,2022-11-04,fesomersen,2b,end-stage renal disease (ESRD),RE-THINC ESRD,NCT04534114,141941338,2022-08-09,https://www.sec.gov/Archives/edgar/data/874015/000114036122039934/brhc10043749_8k.htm
0001104659-22-115157,0001509745,"LEAP THERAPEUTICS, INC.  (LPTX)  (CIK 0001509745)",LPTX,release_text,2022-11-07,2022-11-07T08:15:20,acceptance_time,2022-11-07,DKN-01,2,gastroesophageal adenocarcinoma,DisTinGuish,NCT04363801;NCT05480306,99021376,2022-08-12,https://www.sec.gov/Archives/edgar/data/1509745/000110465922115157/tm2229775d1_ex99-1.htm
0000950170-22-022838,0001868734,"CinCor Pharma, Inc.  (CIK 0001868734)",,missing,2022-11-07,2022-11-08T06:02:54,release_date_only,2022-11-08,baxdrostat,2,treatment-resistant hypertension,BrigHtn,,43764323,2022-11-03,https://www.sec.gov/Archives/edgar/data/1868734/000095017022022838/cinc-ex99_1.htm
0001193125-22-280787,0001274792,MERRIMACK PHARMACEUTICALS INC  (CIK 0001274792),MACK,release_text,2022-11-09,2022-11-09T09:00:36,acceptance_time,2022-11-09,Onivyde,3,metastatic pancreatic ductal adenocarcinoma,NAPOLI 3,,13410243,2022-11-03,https://www.sec.gov/Archives/edgar/data/1274792/000119312522280787/d418392d8k.htm
0001104659-22-116178,0001429560,TREVENA INC  (TRVN)  (CIK 0001429560),TRVN,release_text,2022-11-09,2022-11-09T07:06:45,acceptance_time,2022-11-09,TRV045,1,diabetic neuropathic pain,,,173681085,2022-08-11,https://www.sec.gov/Archives/edgar/data/1429560/000110465922116178/tm2230094d2_8k.htm
0001193125-22-282054,0001205922,"VACCINEX, INC.  (VCNX)  (CIK 0001205922)",VCNX,release_text,2022-11-10,2022-11-10T09:05:56,acceptance_time,2022-11-10,pepinemab,1/2,HER2+ metastatic breast cancer,NCT05378464,NCT03769155;NCT05378464,42664051,2022-08-15,https://www.sec.gov/Archives/edgar/data/1205922/000119312522282054/d408251dex991.htm
0001493152-22-031250,0001610820,"BriaCell Therapeutics Corp.  (BCTX, BCTXW)  (CIK 0001610820)",BCTX,release_text,2022-11-10,2022-11-10T09:00:35,acceptance_time,2022-11-10,Bria-IMT™,1/2a,advanced breast cancer,,,15518018,2022-10-28,https://www.sec.gov/Archives/edgar/data/1610820/000149315222031250/ex99-1.htm
0001193125-22-282059,0001835579,"Ikena Oncology, Inc.  (IKNA)  (CIK 0001835579)",IKNA,release_text,2022-11-10,2022-11-10T09:11:32,acceptance_time,2022-11-10,IK-175,,urothelial carcinoma,,,36257493,2022-11-07,https://www.sec.gov/Archives/edgar/data/1835579/000119312522282059/d410137d8k.htm
0001493152-22-032529,0001444307,ONCOSEC MEDICAL Inc  (ONCSQ)  (CIK 0001444307),ONCS,release_text,2022-11-10,2022-11-15T17:06:59,release_date_only,2022-11-11,TAVO-EP,,melanoma,,,39396309,2022-10-31,https://www.sec.gov/Archives/edgar/data/1444307/000149315222032529/ex99-1.htm
0001493152-22-031629,0001401914,"Dare Bioscience, Inc.  (DARE)  (CIK 0001401914)",DARE,release_text,2022-11-14,2022-11-14T08:05:35,acceptance_time,2022-11-14,DARE-VVA1,1/2,vulvar and vaginal atrophy,DARE-VVA1 Phase 1/2 Clinical Study,,84825481,2022-11-10,https://www.sec.gov/Archives/edgar/data/1401914/000149315222031629/ex99-1.htm
0000950170-22-024772,0001841387,"Candel Therapeutics, Inc.  (CADL)  (CIK 0001841387)",CADL,release_text,2022-11-11,2022-11-14T09:26:19,release_date_only,2022-11-14,CAN-2409,1,high-grade glioma,,NCT03576612,28894044,2022-11-10,https://www.sec.gov/Archives/edgar/data/1841387/000095017022024772/cadl-ex99_1.htm
0001126234-22-000109,0001126234,"LUMOS PHARMA, INC.  (LUMO)  (CIK 0001126234)",LUMO,release_text,2022-11-14,2022-11-14T06:55:58,acceptance_time,2022-11-14,LUM-201,2,moderate (idiopathic) pediatric growth hormone deficiency,OraGrowtH210,,8381682,2022-08-10,https://www.sec.gov/Archives/edgar/data/1126234/000112623422000109/allinclusivelumoscorpora.htm
0001193125-22-284529,0001692830,"Satsuma Pharmaceuticals, Inc.  (CIK 0001692830)",STSA,release_text,2022-11-14,2022-11-14T16:04:36,acceptance_time,2022-11-15,STS101,3,migraine,SUMMIT,,33125954,2022-11-03,https://www.sec.gov/Archives/edgar/data/1692830/000119312522284529/d405306d8k.htm
0000950170-22-024985,0001814140,"Apexigen, Inc.  (CIK 0001814140)",APGN,release_text,2022-11-14,2022-11-14T16:07:21,acceptance_time,2022-11-15,sotigalimab,2,liposarcoma,,NCT03719430,22565347,2022-11-14,https://www.sec.gov/Archives/edgar/data/1814140/000095017022024985/apgn-ex99_1.htm
0001493152-22-032573,0001445815,"BIOXYTRAN, INC  (BIXT)  (CIK 0001445815)",BIXT,release_text,2022-11-16,2022-11-16T07:00:15,acceptance_time,2022-11-16,Galectin Antagonist,2,COVID-19,,,123013985,2022-11-10,https://www.sec.gov/Archives/edgar/data/1445815/000149315222032573/ex99-1.htm
0001654954-22-015397,0001645469,Monopar Therapeutics  (MNPR)  (CIK 0001645469),MNPR,release_text,2022-11-16,2022-11-16T07:20:38,acceptance_time,2022-11-16,camsirubicin,1b,advanced soft tissue sarcoma,,,12855735.0,2022-11-10,https://www.sec.gov/Archives/edgar/data/1645469/000165495422015397/mnpr_8k.htm
0001558370-22-018016,0001650664,"Editas Medicine, Inc.  (EDIT)  (CIK 0001650664)",EDIT,release_text,2022-11-17,2022-11-17T07:30:21,acceptance_time,2022-11-17,EDIT-101,1/2,Leber congenital amaurosis 10,BRILLIANCE,,68762960,2022-11-02,https://www.sec.gov/Archives/edgar/data/1650664/000155837022018016/edit-20221117x8k.htm
0000950170-22-025413,0001841387,"Candel Therapeutics, Inc.  (CADL)  (CIK 0001841387)",CADL,release_text,2022-11-18,2022-11-18T08:30:41,acceptance_time,2022-11-18,CAN-3110,1,recurrent high-grade glioma,,NCT03152318,28894044,2022-11-10,https://www.sec.gov/Archives/edgar/data/1841387/000095017022025413/cadl-ex99_1.htm
0001655759-22-000059,0001655759,"ARVINAS, INC.  (ARVN)  (CIK 0001655759)",ARVN,release_text,2022-11-21,2022-11-21T18:16:14,acceptance_time,2022-11-22,ARV-471,1/2,locally advanced or metastatic ER positive / human epidermal growth factor receptor 2 (HER2) negative (ER+/HER2-) breast cancer,VERITAC,,53227521,2022-11-09,https://www.sec.gov/Archives/edgar/data/1655759/000165575922000059/arvn-20221121.htm
0000950170-22-025706,0001579428,"Axsome Therapeutics, Inc.  (AXSM)  (CIK 0001579428)",AXSM,release_text,2022-11-28,2022-11-28T07:07:09,acceptance_time,2022-11-28,AXS-05,3,Alzheimer’s disease agitation,ACCORD,,43426162,2022-11-07,https://www.sec.gov/Archives/edgar/data/1579428/000095017022025706/axsm-20221128.htm
0001104659-22-122226,0001641640,Nabriva Therapeutics plc  (CIK 0001641640),NBRV,release_text,2022-11-28,2022-11-28T08:01:35,acceptance_time,2022-11-28,XENLETA (lefamulin),1,cystic fibrosis,,,3063947,2022-11-10,https://www.sec.gov/Archives/edgar/data/1641640/000110465922122226/tm2231299d1_8k.htm
0001737287-22-000089,0001737287,"Allogene Therapeutics, Inc.  (ALLO)  (CIK 0001737287)",ALLO,release_text,2022-11-29,2022-11-29T15:33:12,acceptance_time,2022-11-29,"ALLO-501, ALLO-501A, ALLO-715, ALLO-316",1,"relapsed/refractory large B-cell lymphoma, relapsed/refractory multiple myeloma, advanced or metastatic clear cell renal cell carcinoma","ALPHA, ALPHA2, UNIVERSAL, TRAVERSE",,144210154,2022-11-02,https://www.sec.gov/Archives/edgar/data/1737287/000173728722000089/allo-20221129.htm
0001628280-22-030943,0001501697,"X4 Pharmaceuticals, Inc  (XFOR, XFOWW)  (CIK 0001501697)",XFOR,release_text,2022-11-29,2022-11-29T16:05:31,acceptance_time,2022-11-30,mavorixafor,3,WHIM syndrome,4WHIM,,69235074,2022-11-03,https://www.sec.gov/Archives/edgar/data/1501697/000162828022030943/a991xforpressreleasenovemb.htm
0001387131-22-011980,0001430306,Tonix Pharmaceuticals Holding Corp.  (TNXP)  (CIK 0001430306),TNXP,release_text,2022-11-30,2022-11-30T07:05:29,acceptance_time,2022-11-30,anti-SARS-CoV-2 monoclonal antibody platform,,COVID-19,,,57536293,2022-11-07,https://www.sec.gov/Archives/edgar/data/1430306/000138713122011980/ex99-01.htm
0001193125-22-295406,0001527599,"SYNLOGIC, INC.  (SYBX)  (CIK 0001527599)",SYBX,release_text,2022-11-30,2022-11-30T16:20:32,acceptance_time,2022-12-01,SYNB1353,1,homocystinuria,,,70519940,2022-11-10,https://www.sec.gov/Archives/edgar/data/1527599/000119312522295406/d421541dex991.htm
0001104659-22-123853,0001034842,RIGEL PHARMACEUTICALS INC  (RIGL)  (CIK 0001034842),RIGL,release_text,2022-12-01,2022-12-02T06:02:15,release_date_only,2022-12-02,REZLIDHIA (olutasidenib),2,relapsed or refractory acute myeloid leukemia,,,172836336,2022-11-03,https://www.sec.gov/Archives/edgar/data/1034842/000110465922123853/tm2231791d1_ex99-1.htm
0001731122-22-002078,0001314052,ANAVEX LIFE SCIENCES CORP.  (AVXL)  (CIK 0001314052),AVXL,release_text,2022-12-01,2022-12-02T08:13:51,release_date_only,2022-12-02,ANAVEX®2-73 (blarcamesine),2b/3,early Alzheimer’s disease,ANAVEX®2-73-AD-004,,77961815,2022-11-28,https://www.sec.gov/Archives/edgar/data/1314052/000173112222002078/e4271_8-k.htm
0001193125-22-297163,0001623526,"Stoke Therapeutics, Inc.  (STOK)  (CIK 0001623526)",STOK,release_text,2022-12-02,2022-12-02T09:05:58,acceptance_time,2022-12-02,STK-001,1/2a,Dravet syndrome,MONARCH and ADMIRAL,,39430747,2022-11-14,https://www.sec.gov/Archives/edgar/data/1623526/000119312522297163/d428421d8k.htm
0000950170-22-025995,0001787400,"Nkarta, Inc.  (NKTX)  (CIK 0001787400)",NKTX,release_text,2022-12-02,2022-12-02T16:08:14,acceptance_time,2022-12-05,NKX019,1,relapsed/refractory B cell malignancies,,,48813720,2022-11-09,https://www.sec.gov/Archives/edgar/data/1787400/000095017022025995/nktx-20221202.htm
0001654954-22-016099,0001853816,"Dermata Therapeutics, Inc.  (DRMA, DRMAW)  (CIK 0001853816)",DRMA,release_text,2022-12-05,2022-12-05T09:01:47,acceptance_time,2022-12-05,DMT310,2,moderate-to-severe rosacea,,,12102214,2022-11-10,https://www.sec.gov/Archives/edgar/data/1853816/000165495422016099/drma_8k.htm
0001728117-22-000102,0001728117,"Gossamer Bio, Inc.  (GOSS)  (CIK 0001728117)",GOSS,sec_current,2022-12-06,2022-12-06T07:36:04,acceptance_time,2022-12-06,seralutinib,2,pulmonary arterial hypertension,TORREY,,94476801,2022-11-03,https://www.sec.gov/Archives/edgar/data/1728117/000172811722000102/gb002-2101torreytopliner.htm
0001193125-22-298815,0001661460,"Poseida Therapeutics, Inc.  (PSTX)  (CIK 0001661460)",PSTX,release_text,2022-12-06,2022-12-06T06:06:11,acceptance_time,2022-12-06,P-MUC1C-ALLO1 and P-BCMA-ALLO1,1,cancer,,NCT04960579;NCT05239143,85949385,2022-11-10,https://www.sec.gov/Archives/edgar/data/1661460/000119312522298815/d400051dex991.htm
0001558370-22-018383,0001650664,"Editas Medicine, Inc.  (EDIT)  (CIK 0001650664)",EDIT,release_text,2022-12-06,2022-12-06T06:41:38,acceptance_time,2022-12-06,EDIT-301,1/2,severe sickle cell disease,RUBY,,68762960,2022-11-02,https://www.sec.gov/Archives/edgar/data/1650664/000155837022018383/edit-20221206x8k.htm
0001520138-22-000548,0001580149,BIOVIE INC.  (BIVI)  (CIK 0001580149),BIVI,release_text,2022-12-05,2022-12-06T06:05:31,release_date_only,2022-12-06,NE3107,2,Parkinson’s Disease and Alzheimer’s Disease,NM201,NCT04669028;NCT05083260;NCT05227820,30532830,2022-11-04,https://www.sec.gov/Archives/edgar/data/1580149/000152013822000548/bivi-20221205_8k.htm
0000950170-22-026089,0001856725,"Rani Therapeutics Holdings, Inc.  (RANI)  (CIK 0001856725)",RANI,release_text,2022-12-06,2022-12-06T16:05:58,acceptance_time,2022-12-07,RT-102,1,osteoporosis,,,,,https://www.sec.gov/Archives/edgar/data/1856725/000095017022026089/rani-20221206.htm
0001193125-22-299797,0001817229,Vor Biopharma Inc.  (VOR)  (CIK 0001817229),VOR,release_text,2022-12-07,2022-12-07T07:36:15,acceptance_time,2022-12-07,trem-cel,1/2a,acute myeloid leukemia,VBP101,NCT04849910,38666158,2022-11-10,https://www.sec.gov/Archives/edgar/data/1817229/000119312522299797/d431519d8k.htm
0000950170-22-026095,0001604477,SQZ Biotechnologies Co  (CIK 0001604477),SQZ,release_text,2022-12-06,2022-12-06T16:23:57,acceptance_time,2022-12-07,eAPC,1/2,HPV16+ advanced or metastatic solid tumors,COMMANDER-001,,29450616,2022-11-09,https://www.sec.gov/Archives/edgar/data/1604477/000095017022026095/sqz-20221206.htm
0001193125-22-300541,0001305253,"Eiger BioPharmaceuticals, Inc.  (EIGRQ)  (CIK 0001305253)",EIGR,release_text,2022-12-08,2022-12-08T08:16:12,acceptance_time,2022-12-08,lonafarnib,3,hepatitis delta virus,D-LIVR,,44074284,2022-11-03,https://www.sec.gov/Archives/edgar/data/1305253/000119312522300541/d397198d8k.htm
0001842952-22-000108,0001842952,Context Therapeutics Inc.  (CNTX)  (CIK 0001842952),CNTX,release_text,2022-12-08,2022-12-08T07:32:09,acceptance_time,2022-12-08,ONA-XR,2,metastatic breast cancer,SMILE,,15966053,2022-11-09,https://www.sec.gov/Archives/edgar/data/1842952/000184295222000108/cntxsabcsdatarelease12722.htm
0001193125-22-302732,0001673772,"RAPT Therapeutics, Inc.  (RAPT)  (CIK 0001673772)",RAPT,release_text,2022-12-08,2022-12-12T16:03:05,release_date_only,2022-12-09,FLX475,1/2,advanced cancer,NCT03674567,NCT03674567,29910852,2022-11-10,https://www.sec.gov/Archives/edgar/data/1673772/000119312522302732/d422317dex991.htm
0000950170-22-026329,0001720580,"Adicet Bio, Inc.  (ACET)  (CIK 0001720580)",ACET,release_text,2022-12-10,2022-12-12T06:03:01,release_date_only,2022-12-12,ADI-001,1,relapsed or refractory B-cell NHL,,NCT04735471,42851342,2022-11-08,https://www.sec.gov/Archives/edgar/data/1720580/000095017022026329/acet-20221210.htm
0001193125-22-303934,0001503802,Karyopharm Therapeutics Inc.  (KPTI)  (CIK 0001503802),KPTI,release_text,2022-12-10,2022-12-13T17:36:34,release_date_only,2022-12-12,selinexor,1,treatment-naïve myelofibrosis,NCT04562389,NCT04562389,81155026,2022-11-03,https://www.sec.gov/Archives/edgar/data/1503802/000119312522303934/d426577d8k.htm
0001564590-22-039215,0001671584,Aptevo Therapeutics Inc.  (APVO)  (CIK 0001671584),APVO,release_text,2022-12-12,2022-12-12T08:17:01,acceptance_time,2022-12-12,APVO436,1b,Acute Myeloid Leukemia,,,5091758,2022-11-10,https://www.sec.gov/Archives/edgar/data/1671584/000156459022039215/apvo-ex991_6.htm
0001664710-22-000067,0001664710,"Keros Therapeutics, Inc.  (KROS)  (CIK 0001664710)",KROS,release_text,2022-12-12,2022-12-12T10:01:45,acceptance_time,2022-12-12,KER-050,2,myelodysplastic syndromes,,,27543251,2022-11-03,https://www.sec.gov/Archives/edgar/data/1664710/000166471022000067/exhibit991ash2022.htm
0001654954-22-016326,0001645469,Monopar Therapeutics  (MNPR)  (CIK 0001645469),MNPR,release_text,2022-12-12,2022-12-12T07:26:40,acceptance_time,2022-12-12,MNPR-202,,cancer,,,12855735.0,2022-11-10,https://www.sec.gov/Archives/edgar/data/1645469/000165495422016326/mnpr_ex991.htm
0001193125-22-301834,0001937653,Zymeworks Inc.  (ZYME)  (CIK 0001937653),ZYME,release_text,2022-12-09,2022-12-09T16:31:00,acceptance_time,2022-12-12,zanidatamab,,HER2-positive hormone-receptor positive metastatic breast cancer,,,62996314,2022-11-08,https://www.sec.gov/Archives/edgar/data/1937653/000119312522301834/d417380d8k.htm
0001104659-22-126475,0001390478,"SELLAS Life Sciences Group, Inc.  (SLS)  (CIK 0001390478)",SLS,release_text,2022-12-13,2022-12-13T08:38:35,acceptance_time,2022-12-13,GFH009,1,relapsed and/or refractory (r/r) hematologic malignancies,,,20588247,2022-11-14,https://www.sec.gov/Archives/edgar/data/1390478/000110465922126475/tm2232491d1_8k.htm
0001171843-22-008011,0001447028,Arbutus Biopharma Corp  (ABUS)  (CIK 0001447028),ABUS,release_text,2022-12-13,2022-12-13T07:31:32,acceptance_time,2022-12-13,AB-729,2a,chronic Hepatitis B virus infection,,,156467085,2022-11-09,https://www.sec.gov/Archives/edgar/data/1447028/000117184322008011/exh_991.htm
0001193125-22-302915,0001549595,"Nurix Therapeutics, Inc.  (NRIX)  (CIK 0001549595)",NRIX,release_text,2022-12-12,2022-12-12T17:36:21,acceptance_time,2022-12-13,NX-2127,1,chronic lymphocytic leukemia (CLL),,NCT04830137,47147781,2022-10-06,https://www.sec.gov/Archives/edgar/data/1549595/000119312522302915/d411325d8k.htm
0001682852-22-000055,0001682852,"Moderna, Inc.  (MRNA)  (CIK 0001682852)",MRNA,release_text,2022-12-13,2022-12-13T07:06:27,acceptance_time,2022-12-13,mRNA-4157/V940,2b,stage III/IV melanoma,KEYNOTE-942,NCT03897881,384180469,2022-11-03,https://www.sec.gov/Archives/edgar/data/1682852/000168285222000055/exhibit991-12122022pcv.htm
0001193125-22-303275,0001690585,"Magenta Therapeutics, Inc.  (DNTH)  (CIK 0001690585)",MGTA,release_text,2022-12-12,2022-12-13T08:36:23,release_date_only,2022-12-13,MGTA-117,1/2,relapsed/refractory (R/R) AML and MDS,,,60555520,2022-11-03,https://www.sec.gov/Archives/edgar/data/1690585/000119312522303275/d434402d8k.htm
0001193125-22-303296,0001816736,"Gemini Therapeutics, Inc. /DE  (IRON)  (CIK 0001816736)",IRON,sec_current,2022-12-13,2022-12-13T09:06:07,acceptance_time,2022-12-13,Bitopertin,2,erythropoietic protoporphyria (EPP),BEACON,NCT05320198,43328315,2022-11-10,https://www.sec.gov/Archives/edgar/data/1816736/000119312522303296/d411279dex991.htm
0001651308-22-000235,0001651308,"BeiGene, Ltd.  (BGNE, BEIGF)  (CIK 0001651308)",BGNE,release_text,2022-12-13,2022-12-19T16:15:25,release_date_only,2022-12-14,BRUKINSA (zanubrutinib),3,relapsed/refractory (R/R) chronic lymphocytic leukemia (CLL) or small lymphocytic leukemia (SLL),ALPINE,NCT03734016,1349640180,2022-11-09,https://www.sec.gov/Archives/edgar/data/1651308/000165130822000235/a20221219formxashandnejmpr.htm
0001193125-22-304330,0001815442,"Kymera Therapeutics, Inc.  (KYMR)  (CIK 0001815442)",KYMR,release_text,2022-12-14,2022-12-14T07:16:10,acceptance_time,2022-12-14,KT-474,1,hidradenitis suppurativa and atopic dermatitis,,,54864727,2022-11-03,https://www.sec.gov/Archives/edgar/data/1815442/000119312522304330/d429465d8k.htm
0001558370-22-018617,0001787297,"Passage BIO, Inc.  (PASG)  (CIK 0001787297)",PASG,release_text,2022-12-14,2022-12-14T07:00:55,acceptance_time,2022-12-14,PBGM01,1/2,GM1 Gangliosidosis,Imagine-1,NCT04713475,54553263,2022-11-10,https://www.sec.gov/Archives/edgar/data/1787297/000155837022018617/pasg-20221214xex99d1.htm
0001564590-22-039316,0001394319,"Tracon Pharmaceuticals, Inc.  (TCON)  (CIK 0001394319)",,missing,2022-12-14,2022-12-14T08:08:52,acceptance_time,2022-12-14,envafolimab,2,,ENVASARC,,22211446,2022-11-14,https://www.sec.gov/Archives/edgar/data/1394319/000156459022039316/tcon-8k_20221214.htm
0001104659-22-127101,0001454789,"Astria Therapeutics, Inc.  (ATXS)  (CIK 0001454789)",ATXS,release_text,2022-12-15,2022-12-15T06:00:35,acceptance_time,2022-12-15,STAR-0215,1a,hereditary angioedema,,,16825758,2022-11-10,https://www.sec.gov/Archives/edgar/data/1454789/000110465922127101/tm2232540d2_8k.htm
0001193125-22-305412,0001527599,"SYNLOGIC, INC.  (SYBX)  (CIK 0001527599)",SYBX,release_text,2022-12-15,2022-12-15T08:31:11,acceptance_time,2022-12-15,SYNB8802,1b,enteric hyperoxaluria,SYNB8802-CP-002,,70519940,2022-11-10,https://www.sec.gov/Archives/edgar/data/1527599/000119312522305412/d426522dex991.htm
0001437749-22-029111,0001659617,"Moleculin Biotech, Inc.  (MBRX)  (CIK 0001659617)",MBRX,release_text,2022-12-15,2022-12-15T08:37:38,acceptance_time,2022-12-15,Annamycin,1,Acute Myeloid Leukemia,,,28627827,2022-11-10,https://www.sec.gov/Archives/edgar/data/1659617/000143774922029111/ex_456643.htm
0001104659-22-127597,0001571934,"Synaptogenix, Inc.  (SNPX)  (CIK 0001571934)",SNPX,release_text,2022-12-16,2022-12-16T09:06:10,acceptance_time,2022-12-16,Bryostatin-1,2,advanced Alzheimer’s disease,,,6848047,2022-11-10,https://www.sec.gov/Archives/edgar/data/1571934/000110465922127597/tm2232868d1_8k.htm
0001193125-22-307935,0001157601,"MADRIGAL PHARMACEUTICALS, INC.  (MDGL)  (CIK 0001157601)",MDGL,release_text,2022-12-19,2022-12-19T08:42:55,acceptance_time,2022-12-19,resmetirom,3,nonalcoholic steatohepatitis (NASH),MAESTRO-NASH,,17103395,2022-11-03,https://www.sec.gov/Archives/edgar/data/1157601/000119312522307935/d423141d8k.htm
0000950170-22-026702,0001805387,"Cerevel Therapeutics Holdings, Inc.  (CIK 0001805387)",CERE,release_text,2022-12-19,2022-12-19T08:00:16,acceptance_time,2022-12-19,emraclidine,1,schizophrenia,,,156322552,2022-11-08,https://www.sec.gov/Archives/edgar/data/1805387/000095017022026702/cere-ex99_1.htm
0001493152-22-035944,0000908259,"Oncotelic Therapeutics, Inc.  (OTLC)  (CIK 0000908259)",OTLC,release_text,2022-12-19,2022-12-20T07:45:47,release_date_only,2022-12-20,OT-101,,gliomas,,,391107595,2022-11-18,https://www.sec.gov/Archives/edgar/data/908259/000149315222035944/ex99-2.htm
0001326190-22-000016,0001326190,"Altimmune, Inc.  (ALT)  (CIK 0001326190)",ALT,release_text,2022-12-20,2022-12-20T07:05:10,acceptance_time,2022-12-20,pemvidutide,1b,Non-Alcoholic Fatty Liver Disease (NAFLD),,,49159056,2022-11-10,https://www.sec.gov/Archives/edgar/data/1326190/000132619022000016/alt-20221220x8k.htm
0000950170-22-026736,0001426800,"ASSEMBLY BIOSCIENCES, INC.  (ASMB)  (CIK 0001426800)",ASMB,release_text,2022-12-19,2022-12-19T16:05:36,acceptance_time,2022-12-20,ABI-H3733 and ABI-4334,1b and 1a,hepatitis B virus (HBV),,,48779985,2022-11-08,https://www.sec.gov/Archives/edgar/data/1426800/000095017022026736/asmb-ex99_1.htm
0000950170-22-026760,0001724521,"Arcus Biosciences, Inc.  (RCUS)  (CIK 0001724521)",RCUS,release_text,2022-12-19,2022-12-19T17:05:03,acceptance_time,2022-12-20,"domvanalimab, zimberelimab, etrumadenant",2,first-line metastatic PD-L1≥50% non-small cell lung cancer,ARC-7,,72407706,2022-11-02,https://www.sec.gov/Archives/edgar/data/1724521/000095017022026760/rcus-20221219.htm
0000950170-22-026910,0001444192,Acasti Pharma Inc.  (ACST)  (CIK 0001444192),ACST,release_text,,2022-12-22T08:17:15,acceptance_time,2022-12-22,GTX-101,1,Postherpetic Neuralgia,,,44612831,2022-11-14,https://www.sec.gov/Archives/edgar/data/1444192/000095017022026910/acst-20221222.htm
0001193125-22-311191,0001801777,Applied Molecular Transport Inc.  (CIK 0001801777),AMTI,release_text,2022-12-22,2022-12-22T17:20:33,acceptance_time,2022-12-23,AMT-101,2,ulcerative colitis,LOMBARD,,38943097,2022-11-07,https://www.sec.gov/Archives/edgar/data/1801777/000119312522311191/d440127dex991.htm
0000950170-22-027060,0001444192,Acasti Pharma Inc.  (ACST)  (CIK 0001444192),ACST,release_text,,2022-12-28T08:10:55,acceptance_time,2022-12-28,GTX-102,1,Ataxia Telangiectasia,,,44612831,2022-11-14,https://www.sec.gov/Archives/edgar/data/1444192/000095017022027060/acst-20221228.htm
0001213900-22-083051,0001766140,"Unicycive Therapeutics, Inc.  (UNCY)  (CIK 0001766140)",UNCY,release_text,2022-12-28,2022-12-28T09:29:44,acceptance_time,2022-12-28,Renazorb,,hyperphosphatemia in chronic kidney disease (CKD) patients on dialysis,,,15088670,2022-11-14,https://www.sec.gov/Archives/edgar/data/1766140/000121390022083051/ea170920-8k_unicycive.htm
0001178913-23-000010,0001534248,Chemomab Therapeutics Ltd.  (CMMB)  (CIK 0001534248),CMMB,release_text,2023-01-03,2023-01-03T07:05:27,acceptance_time,2023-01-03,CM-101,2a,non-alcoholic steatohepatitis (NASH),,,11525605,2022-11-10,https://www.sec.gov/Archives/edgar/data/1534248/000117891323000010/exhibit_99-1.htm
0001493152-23-000232,0001574235,"Pulmatrix, Inc.  (PULM)  (CIK 0001574235)",PULM,release_text,2023-01-04,2023-01-04T09:05:14,acceptance_time,2023-01-04,PUR3100,1,acute migraine,,,3639185,2022-11-10,https://www.sec.gov/Archives/edgar/data/1574235/000149315223000232/ex99-1.htm
0001140361-23-000296,0001635088,Roivant Sciences Ltd.  (ROIV)  (CIK 0001635088),ROIV,release_text,2023-01-04,2023-01-04T06:11:28,acceptance_time,2023-01-04,RVT-3101,2b,ulcerative colitis,TUSCANY-2,,725418787,2022-11-14,https://www.sec.gov/Archives/edgar/data/1635088/000114036123000296/ny20006513x2_8k.htm
0001193125-23-001952,0001740279,"IN8BIO, INC.  (INAB)  (CIK 0001740279)",INAB,release_text,2023-01-05,2023-01-05T07:08:58,acceptance_time,2023-01-05,INB-200,1,newly diagnosed glioblastoma multiforme (GBM),,,24502157,2022-11-10,https://www.sec.gov/Archives/edgar/data/1740279/000119312523001952/d435564dex991.htm
0001140361-23-000743,0001104506,INSMED Inc  (INSM)  (CIK 0001104506),INSM,release_text,2023-01-06,2023-01-06T08:00:24,acceptance_time,2023-01-06,brensocatib,2,cystic fibrosis,,,135476809,2022-10-27,https://www.sec.gov/Archives/edgar/data/1104506/000114036123000743/brhc10046302_99-1.htm
0001860782-23-000002,0001860782,"2seventy bio, Inc.  (TSVT)  (CIK 0001860782)",TSVT,release_text,2023-01-05,2023-01-05T16:11:46,acceptance_time,2023-01-06,ABECMA (idecabtagene vicleucel),3,relapsed and refractory multiple myeloma,KarMMa-3,,37916693,2022-11-07,https://www.sec.gov/Archives/edgar/data/1860782/000186078223000002/tvst-20230104.htm
0001628280-23-000450,0001704292,Zai Lab Ltd  (ZLAB)  (CIK 0001704292),ZLAB,release_text,2023-01-05,2023-01-05T16:05:14,acceptance_time,2023-01-06,Tumor Treating Fields (TTFields),3,stage 4 non-small cell lung cancer (NSCLC),LUNAR,,88592343,2021-03-01,https://www.sec.gov/Archives/edgar/data/1704292/000162828023000450/zlab-2023x01x05xnovocureex.htm
0001171843-23-000154,0000882796,BIOCRYST PHARMACEUTICALS INC  (BCRX)  (CIK 0000882796),BCRX,release_text,2023-01-09,2023-01-09T07:10:38,acceptance_time,2023-01-09,BCX10013,1,complement-mediated diseases,,,186423835,2022-11-04,https://www.sec.gov/Archives/edgar/data/882796/000117184323000154/exh_992.htm
0001628280-23-000714,0001372299,"Ocugen, Inc.  (OCGN)  (CIK 0001372299)",OCGN,release_text,2023-01-09,2023-01-09T06:55:37,acceptance_time,2023-01-09,COVAXIN (BBV152),2/3,COVID-19,,NCT04641481;NCT05258669,218886893,2022-11-08,https://www.sec.gov/Archives/edgar/data/1372299/000162828023000714/ocgn-20230109.htm
0001493152-23-000904,0001401914,"Dare Bioscience, Inc.  (DARE)  (CIK 0001401914)",DARE,release_text,2023-01-09,2023-01-09T08:05:44,acceptance_time,2023-01-09,DARE-HRT1,1/2,vasomotor and vaginal symptoms of menopause,DARE-HRT1 Phase 1 / 2 Study,,84825481,2022-11-10,https://www.sec.gov/Archives/edgar/data/1401914/000149315223000904/ex99-1.htm
0001682852-23-000004,0001682852,"Moderna, Inc.  (MRNA)  (CIK 0001682852)",MRNA,release_text,2023-01-09,2023-01-09T07:03:40,acceptance_time,2023-01-09,mRNA-1345,3,respiratory syncytial virus,Pivotal Phase 3 RSV efficacy study,,384180469,2022-11-03,https://www.sec.gov/Archives/edgar/data/1682852/000168285223000004/exhibit991-jpmjan2023.htm
0001193125-23-004049,0001783183,"Phathom Pharmaceuticals, Inc.  (PHAT)  (CIK 0001783183)",PHAT,release_text,2023-01-09,2023-01-09T06:07:07,acceptance_time,2023-01-09,vonoprazan,3,symptomatic non-erosive gastroesophageal reflux disease,PHALCON-NERD-301,,41620855,2022-11-09,https://www.sec.gov/Archives/edgar/data/1783183/000119312523004049/d432177d8k.htm
0001493152-23-000900,0001815974,"Anebulo Pharmaceuticals, Inc.  (ANEB)  (CIK 0001815974)",ANEB,release_text,2023-01-09,2023-01-09T08:00:43,acceptance_time,2023-01-09,ANEB-001,2,acute cannabinoid intoxication,,NCT05282797,25633217,2022-11-10,https://www.sec.gov/Archives/edgar/data/1815974/000149315223000900/ex99-2.htm
0001193125-23-004059,0001845337,"Day One Biopharmaceuticals, Inc.  (DAWN)  (CIK 0001845337)",DAWN,release_text,2023-01-08,2023-01-09T06:09:50,release_date_only,2023-01-09,tovorafenib,2,recurrent or progressive pediatric low-grade glioma,FIREFLY-1,,73549526,2022-11-07,https://www.sec.gov/Archives/edgar/data/1845337/000119312523004059/d398949d8k.htm
0001213900-23-002343,0001176309,ORAMED PHARMACEUTICALS INC.  (ORMP)  (CIK 0001176309),ORMP,sec_current,2023-01-11,2023-01-11T20:00:50,acceptance_time,2023-01-12,ORMP-0801,3,Type 2 Diabetes,ORA-D-013-1,,39114736,2022-11-10,https://www.sec.gov/Archives/edgar/data/1176309/000121390023002343/ea171576-8k_oramed.htm
0001753926-23-000046,0001347242,LIPELLA PHARMACEUTICALS INC  (LIPO)  (CIK 0001347242),LIPO,release_text,2023-01-11,2023-01-11T21:52:44,acceptance_time,2023-01-12,LP-10,2a,Hemorrhagic Cystitis,,NCT01393223,,,https://www.sec.gov/Archives/edgar/data/1347242/000175392623000046/g083352_ex99-1.htm
0001213900-23-002591,0001788028,"Jasper Therapeutics, Inc.  (JSPR, JSPRW)  (CIK 0001788028)",JSPR,release_text,2023-01-13,2023-01-13T08:00:12,acceptance_time,2023-01-13,briquilimab,1,acute myeloid leukemia (AML) or MDS,,,,,https://www.sec.gov/Archives/edgar/data/1788028/000121390023002591/ea171626-8k_jasper.htm
0001493152-23-001820,0001106838,"Sonnet BioTherapeutics Holdings, Inc.  (SONN)  (CIK 0001106838)",SONN,release_text,2023-01-19,2023-01-19T08:15:34,acceptance_time,2023-01-19,SON-1010,1,,SB102,NCT05408572,7934156,2022-12-15,https://www.sec.gov/Archives/edgar/data/1106838/000149315223001820/ex99-1.htm
0001493152-23-001787,0001574094,"RenovoRx, Inc.  (RNXT)  (CIK 0001574094)",RNXT,release_text,2023-01-18,2023-01-18T16:20:22,acceptance_time,2023-01-19,gemcitabine,3,Locally Advanced Pancreatic Cancer,TIGeR-PaC,,9097701,2022-11-14,https://www.sec.gov/Archives/edgar/data/1574094/000149315223001787/ex99-1.htm
0000950170-23-000928,0001662244,"Cyteir Therapeutics, Inc.  (CIK 0001662244)",CYT,release_text,2023-01-19,2023-01-19T16:31:30,acceptance_time,2023-01-20,CYT-0851,1,ovarian cancer,,,35438912,2022-11-07,https://www.sec.gov/Archives/edgar/data/1662244/000095017023000928/cyt-ex99_1.htm
0001171843-23-000338,0001738021,"Compass Therapeutics, Inc.  (CMPX)  (CIK 0001738021)",CMPX,release_text,2023-01-19,2023-01-19T17:00:18,acceptance_time,2023-01-20,CTX-009,2,biliary tract cancers,,NCT05506943,126191473,2022-11-09,https://www.sec.gov/Archives/edgar/data/1738021/000117184323000338/exh_991.htm
0001193125-23-012607,0001746473,"PLIANT THERAPEUTICS, INC.  (PLRX)  (CIK 0001746473)",PLRX,release_text,2023-01-22,2023-01-23T07:30:54,release_date_only,2023-01-23,bexotegrast,2a,idiopathic pulmonary fibrosis,INTEGRIS-IPF,NCT04396756,48759419,2022-11-08,https://www.sec.gov/Archives/edgar/data/1746473/000119312523012607/d418942d8k.htm
0001171843-23-000444,0001069530,CASSAVA SCIENCES INC  (SAVA)  (CIK 0001069530),SAVA,release_text,2023-01-24,2023-01-24T16:30:54,acceptance_time,2023-01-25,simufilam,2,Alzheimer’s disease,,,,,https://www.sec.gov/Archives/edgar/data/1069530/000117184323000444/exh_991.htm
0001104659-23-006194,0001356090,"PRECIGEN, INC.  (PGEN)  (CIK 0001356090)",PGEN,release_text,2023-01-24,2023-01-24T16:10:18,acceptance_time,2023-01-25,PRGN-2012,1,recurrent respiratory papillomatosis,,NCT04724980,208150021,2022-11-09,https://www.sec.gov/Archives/edgar/data/1356090/000110465923006194/tm234280d1_ex99-1.htm
0001193125-23-018203,0001831828,"Vera Therapeutics, Inc.  (VERA)  (CIK 0001831828)",VERA,sec_current,2023-01-30,2023-01-30T06:06:10,acceptance_time,2023-01-30,atacicept,2b,IgA Nephropathy,ORIGIN,,27657640,2022-11-09,https://www.sec.gov/Archives/edgar/data/1831828/000119312523018203/d381437d8k.htm
0001387131-23-001054,0001430306,Tonix Pharmaceuticals Holding Corp.  (TNXP)  (CIK 0001430306),TNXP,release_text,2023-01-31,2023-01-31T07:05:24,acceptance_time,2023-01-31,TNX-1900,2,migraine,,,57536293,2022-11-07,https://www.sec.gov/Archives/edgar/data/1430306/000138713123001054/ex99-01.htm
0001193125-23-022182,0001539029,"Clearside Biomedical, Inc.  (CLSD)  (CIK 0001539029)",,missing,2023-02-02,2023-02-02T08:30:11,acceptance_time,2023-02-02,,1/2a,,OASIS,,60190731,2022-11-09,https://www.sec.gov/Archives/edgar/data/1539029/000119312523022182/d425744d8k.htm
0001193125-23-022876,0001694665,"Evelo Biosciences, Inc.  (EVLO)  (CIK 0001694665)",EVLO,release_text,2023-02-01,2023-02-02T17:23:01,release_date_only,2023-02-02,EDP1815,2,atopic dermatitis,,,109614598,2022-11-14,https://www.sec.gov/Archives/edgar/data/1694665/000119312523022876/d344481d8k.htm
0001437749-23-003069,0001659617,"Moleculin Biotech, Inc.  (MBRX)  (CIK 0001659617)",MBRX,release_text,2023-02-13,2023-02-13T08:11:14,acceptance_time,2023-02-13,Annamycin,1,acute myeloid leukemia,MB-105,,28627827,2022-11-10,https://www.sec.gov/Archives/edgar/data/1659617/000143774923003069/ex_474347.htm
0001628280-23-003209,0001560241,"G1 Therapeutics, Inc.  (GTHX)  (CIK 0001560241)",GTHX,release_text,2023-02-13,2023-02-13T06:30:38,acceptance_time,2023-02-13,trilaciclib,3,metastatic colorectal cancer,PRESERVE 1,,42912081,2022-11-02,https://www.sec.gov/Archives/edgar/data/1560241/000162828023003209/gthx-20230213.htm
0001860782-23-000016,0001860782,"2seventy bio, Inc.  (TSVT)  (CIK 0001860782)",,missing,2023-02-10,2023-02-10T16:21:58,acceptance_time,2023-02-13,Abecma,3,relapsed and refractory multiple myeloma,KarMMa-3,NCT03651128,37916693,2022-11-07,https://www.sec.gov/Archives/edgar/data/1860782/000186078223000016/nejmpr991.htm
0001104659-23-019876,0001720893,"BioXcel Therapeutics, Inc.  (BTAI)  (CIK 0001720893)",BTAI,release_text,2023-02-13,2023-02-13T17:16:15,acceptance_time,2023-02-14,BXCL701,2a,small cell neuroendocrine (SCNC) variant metastatic castration-resistant prostate cancer (mCRPC),,,28023225,2022-11-14,https://www.sec.gov/Archives/edgar/data/1720893/000110465923019876/tm236560d1_8k.htm
0001437749-23-003180,0001513818,"Aravive, Inc.  (CIK 0001513818)",ARAV,release_text,2023-02-13,2023-02-13T17:06:30,acceptance_time,2023-02-14,batiraxcept,1b,clear cell renal cell carcinoma,,NCT04300140;NCT04729608;NCT04983407,59826881,2022-11-10,https://www.sec.gov/Archives/edgar/data/1513818/000143774923003180/ex_474856.htm
0001493152-23-005139,0000764195,VBI Vaccines Inc/BC  (VBIVQ)  (CIK 0000764195),VBIV,release_text,2023-02-15,2023-02-15T08:00:42,acceptance_time,2023-02-15,VBI-2601 (BRII-179) and BRII-835,2,chronic hepatitis B,,,258257494,2022-11-10,https://www.sec.gov/Archives/edgar/data/764195/000149315223005139/ex99-1.htm
0001628280-23-003635,0000879407,"ARROWHEAD PHARMACEUTICALS, INC.  (ARWR)  (CIK 0000879407)",ARWR,release_text,2023-02-15,2023-02-15T08:34:46,acceptance_time,2023-02-15,ARO-PNPLA3,1,non-alcoholic steatohepatitis (NASH),,NCT04844450,108310163,2023-02-06,https://www.sec.gov/Archives/edgar/data/879407/000162828023003635/nr-xjnjx0795aroxpnpla3ri.htm
0001193125-23-040742,0001501796,"Aura Biosciences, Inc.  (AURA)  (CIK 0001501796)",AURA,release_text,2023-02-16,2023-02-16T08:13:48,acceptance_time,2023-02-16,belzupacap sarotalocan (bel-sar),2,early-stage choroidal melanoma,NCT04417530,NCT04417530,29334729,2022-11-10,https://www.sec.gov/Archives/edgar/data/1501796/000119312523040742/d460344d8k.htm
0000950170-23-002963,0001693011,"Inozyme Pharma, Inc.  (INZY)  (CIK 0001693011)",INZY,release_text,2023-02-16,2023-02-16T07:30:36,acceptance_time,2023-02-16,INZ-701,1/2,ENPP1 Deficiency and ABCC6 Deficiency,,,40394363,2022-11-10,https://www.sec.gov/Archives/edgar/data/1693011/000095017023002963/inzy-20230215.htm
0001193125-23-040919,0001817229,Vor Biopharma Inc.  (VOR)  (CIK 0001817229),VOR,release_text,2023-02-16,2023-02-16T12:13:06,acceptance_time,2023-02-16,trem-cel,1/2a,acute myeloid leukemia,VBP101,NCT04849910,38666158,2022-11-10,https://www.sec.gov/Archives/edgar/data/1817229/000119312523040919/d449789d8k.htm
0001193125-23-041459,0001836056,Ambrx Biopharma Inc.  (CIK 0001836056),AMAM,release_text,2023-02-16,2023-02-17T06:07:36,release_date_only,2023-02-17,ARX517,1,advanced prostate cancer,APEX-01,NCT04662580,300015224,2022-04-26,https://www.sec.gov/Archives/edgar/data/1836056/000119312523041459/d440404d8k.htm
0001193125-23-043018,0001828522,"eFFECTOR Therapeutics, Inc.  (EFTR, EFTRW)  (CIK 0001828522)",EFTR,release_text,2023-02-21,2023-02-21T08:40:35,acceptance_time,2023-02-21,zotatifin,1b,COVID,,,41893140,2022-11-07,https://www.sec.gov/Archives/edgar/data/1828522/000119312523043018/d929354d8k.htm
0001213900-23-013059,0001388320,"Actinium Pharmaceuticals, Inc.  (ATNM)  (CIK 0001388320)",ATNM,release_text,2023-02-18,2023-02-21T07:01:14,release_date_only,2023-02-21,Iomab-B,3,acute myeloid leukemia,SIERRA,,25483306,2022-11-14,https://www.sec.gov/Archives/edgar/data/1388320/000121390023013059/ea173990-8k_actinium.htm
0001193125-23-046516,0001420565,AILERON THERAPEUTICS INC  (ALRN)  (CIK 0001420565),ALRN,release_text,2023-02-21,2023-02-23T16:06:01,release_date_only,2023-02-22,ALRN-6924,1b,p53-mutated breast cancer,,,90823597,2022-11-01,https://www.sec.gov/Archives/edgar/data/1420565/000119312523046516/d433980d8k.htm
0001104659-23-024366,0001178879,"AMICUS THERAPEUTICS, INC.  (FOLD)  (CIK 0001178879)",FOLD,release_text,2023-02-22,2023-02-22T17:27:35,acceptance_time,2023-02-23,AT-GAA,3,late-onset Pompe disease,PROPEL,,280945247,2022-11-07,https://www.sec.gov/Archives/edgar/data/1178879/000110465923024366/tm237622d1_ex99-1.htm
0000950170-23-004239,0001748907,Orchard Therapeutics plc  (CIK 0001748907),ORTX,release_text,2023-02-24,2023-02-24T07:06:13,acceptance_time,2023-02-24,OTL-200,,metachromatic leukodystrophy,,,126689717,2022-11-14,https://www.sec.gov/Archives/edgar/data/1748907/000095017023004239/ortx-ex99_1.htm
0001213900-23-014008,0000906709,NEKTAR THERAPEUTICS  (NKTR)  (CIK 0000906709),NKTR,sec_current,2023-02-23,2023-02-23T16:52:38,acceptance_time,2023-02-24,REZPEG,2,SLE,ISLAND,,187954482,2022-11-04,https://www.sec.gov/Archives/edgar/data/906709/000121390023014008/ea174171-8k_nektartherap.htm
0001104659-23-025682,0001597264,Blueprint Medicines Corp  (BPMC)  (CIK 0001597264),,missing,2023-02-27,2023-02-27T08:55:59,acceptance_time,2023-02-27,AYVAKIT,,indolent systemic mastocytosis,PIONEER,,59983533,2023-02-16,https://www.sec.gov/Archives/edgar/data/1597264/000110465923025682/tm237913d1_ex99-1.htm
0001193125-23-055140,0001610618,"Cidara Therapeutics, Inc.  (CDTX)  (CIK 0001610618)",CDTX,release_text,2023-03-01,2023-03-01T07:22:03,acceptance_time,2023-03-01,CD388,2a,H3N2 influenza A virus,,,71618091,2022-11-03,https://www.sec.gov/Archives/edgar/data/1610618/000119312523055140/d443406d8k.htm
0001193125-23-055216,0001836056,Ambrx Biopharma Inc.  (CIK 0001836056),AMAM,release_text,2023-03-01,2023-03-01T08:11:05,acceptance_time,2023-03-01,ARX788,3,HER2 positive metastatic breast cancer,ACE-Breast-02,,300015224,2022-04-26,https://www.sec.gov/Archives/edgar/data/1836056/000119312523055216/d434460d8k.htm
0001437749-23-005470,0001822791,"Clene Inc.  (CLNN, CLNNW)  (CIK 0001822791)",CLNN,release_text,2023-03-06,2023-03-06T07:05:59,acceptance_time,2023-03-06,CNM-Au8,2,amyotrophic lateral sclerosis,RESCUE-ALS,,73820010,2022-11-07,https://www.sec.gov/Archives/edgar/data/1822791/000143774923005470/ex_484093.htm
0001104659-23-028700,0000921114,"Armata Pharmaceuticals, Inc.  (ARMP)  (CIK 0000921114)",ARMP,release_text,2023-03-06,2023-03-06T06:10:51,acceptance_time,2023-03-06,AP-PA02,1b/2a,cystic fibrosis,SWARM- P.a.,NCT05616221,36144706,2022-11-09,https://www.sec.gov/Archives/edgar/data/921114/000110465923028700/tm238594d1_8k.htm
0000950170-23-006114,0001061983,CYTOKINETICS INC  (CYTK)  (CIK 0001061983),CYTK,release_text,2023-03-04,2023-03-06T07:02:57,release_date_only,2023-03-06,aficamten,2,non-obstructive hypertrophic cardiomyopathy,REDWOOD-HCM,,95161391,2023-03-01,https://www.sec.gov/Archives/edgar/data/1061983/000095017023006114/cytk-20230304.htm
0001558370-23-002835,0001557746,"Aclaris Therapeutics, Inc.  (ACRS)  (CIK 0001557746)",ACRS,release_text,2023-03-06,2023-03-06T07:15:40,acceptance_time,2023-03-06,zunsemetinib (ATI-450),2a,moderate to severe hidradenitis suppurativa,ATI-450-HS-201,NCT05216224,66692964,2023-02-23,https://www.sec.gov/Archives/edgar/data/1557746/000155837023002835/acrs-20230306x8k.htm
0001193125-23-060828,0001743881,"BridgeBio Pharma, Inc.  (BBIO)  (CIK 0001743881)",BBIO,release_text,2023-03-06,2023-03-06T09:09:36,acceptance_time,2023-03-06,infigratinib,2,achondroplasia,PROPEL2,,151373044,2023-02-23,https://www.sec.gov/Archives/edgar/data/1743881/000119312523060828/d467337d8k.htm
0001126234-23-000031,0001126234,"LUMOS PHARMA, INC.  (LUMO)  (CIK 0001126234)",LUMO,release_text,2023-03-05,2023-03-07T06:02:22,release_date_only,2023-03-06,LUM-201,2,Pediatric Growth Hormone Deficiency,OraGrowtH212,,8376206,2022-11-14,https://www.sec.gov/Archives/edgar/data/1126234/000112623423000031/lumo-20230306x8kxex991.htm
0000819050-23-000025,0000819050,"Fresh Tracks Therapeutics, Inc.  (FRTX)  (CIK 0000819050)",FRTX,release_text,2023-03-07,2023-03-07T17:04:59,acceptance_time,2023-03-08,FRTX-02,1,atopic dermatitis and/or other autoimmune diseases,,NCT05382819,3013184,2022-11-14,https://www.sec.gov/Archives/edgar/data/819050/000081905023000025/a202303078kex991.htm
0001437749-23-005818,0001411685,"Vistagen Therapeutics, Inc.  (VTGN)  (CIK 0001411685)",VTGN,release_text,2023-03-08,2023-03-08T17:25:46,acceptance_time,2023-03-09,itruvone (PH10),1,major depressive disorder,,,219326526,2023-02-07,https://www.sec.gov/Archives/edgar/data/1411685/000143774923005818/ex_485683.htm
0001140361-23-011727,0001635088,Roivant Sciences Ltd.  (ROIV)  (CIK 0001635088),ROIV,release_text,2023-03-15,2023-03-15T07:51:35,acceptance_time,2023-03-15,"VTAMA (tapinarof) cream, 1%",3,atopic dermatitis,ADORING 2,NCT05014568;NCT05032859;NCT05142774,758427350,2023-02-13,https://www.sec.gov/Archives/edgar/data/1635088/000114036123011727/brhc10049821_8k.htm
0001564590-23-003860,0001069308,Acer Therapeutics Inc.  (CIK 0001069308),ACER,release_text,2023-03-17,2023-03-17T09:00:37,acceptance_time,2023-03-17,ACER-801 (osanetant),2a,Vasomotor Symptoms (VMS) associated with menopause,,,16373611,2022-11-14,https://www.sec.gov/Archives/edgar/data/1069308/000156459023003860/acer-8k_20230317.htm
0000950170-23-008684,0001771917,"Karuna Therapeutics, Inc.  (CIK 0001771917)",KRTX,release_text,2023-03-20,2023-03-20T06:59:35,acceptance_time,2023-03-20,KarXT (xanomeline-trospium),3,schizophrenia,EMERGENT-3,,34515033,2023-02-23,https://www.sec.gov/Archives/edgar/data/1771917/000095017023008684/krtx-20230320.htm
0001193125-23-075297,0001453687,SELECTA BIOSCIENCES INC  (RNAC)  (CIK 0001453687),SELB,release_text,2023-03-21,2023-03-21T08:30:58,acceptance_time,2023-03-21,SEL-212,3,chronic refractory gout,DISSOLVE,NCT04513366,153318915,2023-03-02,https://www.sec.gov/Archives/edgar/data/1453687/000119312523075297/d485004d8k.htm
0001193125-23-076241,0001785173,"89bio, Inc.  (ETNB)  (CIK 0001785173)",ETNB,release_text,2023-03-22,2023-03-22T07:05:59,acceptance_time,2023-03-22,pegozafermin,2b,nonalcoholic steatohepatitis,ENLIVEN,,52230621,2023-03-15,https://www.sec.gov/Archives/edgar/data/1785173/000119312523076241/d486980d8k.htm
0001437749-23-007585,0001411685,"Vistagen Therapeutics, Inc.  (VTGN)  (CIK 0001411685)",VTGN,release_text,2023-03-22,2023-03-23T09:15:15,release_date_only,2023-03-23,fasedienol,3,social anxiety disorder,,,219326526,2023-02-07,https://www.sec.gov/Archives/edgar/data/1411685/000143774923007585/ex_492153.htm
0001558370-23-004634,0001479419,"Kala Pharmaceuticals, Inc.  (KALA)  (CIK 0001479419)",KALA,sec_current,2023-03-27,2023-03-27T08:06:11,acceptance_time,2023-03-27,KPI-012,2b,persistent corneal epithelial defect,CHASE,,2025495,2023-03-03,https://www.sec.gov/Archives/edgar/data/1479419/000155837023004634/kala-20230327x8k.htm
0000950170-23-009847,0001463361,"Unity Biotechnology, Inc.  (UBX)  (CIK 0001463361)",UBX,release_text,2023-03-27,2023-03-27T07:00:48,acceptance_time,2023-03-27,UBX1325,2,wet age-related macular degeneration,ENVISION,NCT04857996;NCT05275205,14339119,2023-03-15,https://www.sec.gov/Archives/edgar/data/1463361/000095017023009847/ubx-ex99_1.htm
0001654954-23-003607,0001645469,Monopar Therapeutics  (MNPR)  (CIK 0001645469),MNPR,release_text,2023-03-27,2023-03-27T17:01:44,acceptance_time,2023-03-28,Validive,2b/3,severe oral mucositis,VOICE,,13193172.0,2023-03-23,https://www.sec.gov/Archives/edgar/data/1645469/000165495423003607/mnpr_8k.htm
0001104659-23-037397,0001455365,COGNITION THERAPEUTICS INC  (CGTX)  (CIK 0001455365),CGTX,release_text,2023-03-28,2023-03-28T07:36:37,acceptance_time,2023-03-28,CT1812,2,Alzheimer’s disease,SHINE,NCT03493282;NCT03507790;NCT05225415,29262587,2023-03-23,https://www.sec.gov/Archives/edgar/data/1455365/000110465923037397/tm2310682d1_ex99-1.htm
0000950170-23-010108,0001607678,"Viking Therapeutics, Inc.  (VKTX)  (CIK 0001607678)",VKTX,release_text,2023-03-28,2023-03-28T06:42:19,acceptance_time,2023-03-28,VK2735,1,metabolic disorders,,,78418529,2023-02-10,https://www.sec.gov/Archives/edgar/data/1607678/000095017023010108/vktx-ex99_1.htm
0001193125-23-082314,0001840439,"Biomea Fusion, Inc.  (BMEA)  (CIK 0001840439)",BMEA,release_text,2023-03-28,2023-03-28T17:06:57,acceptance_time,2023-03-29,BMF-219,2,type 2 diabetes mellitus,COVALENT-111,NCT05731544,29608622,2023-03-28,https://www.sec.gov/Archives/edgar/data/1840439/000119312523082314/d311150d8k.htm
0001104659-23-038719,0001429560,TREVENA INC  (TRVN)  (CIK 0001429560),TRVN,release_text,2023-03-30,2023-03-30T07:08:39,acceptance_time,2023-03-30,OLINVYK,,post-operative pain,VOLITION and ARTEMIS,,173686168,2022-11-09,https://www.sec.gov/Archives/edgar/data/1429560/000110465923038719/tm2310957d1_8k.htm
0001387131-23-004129,0001430306,Tonix Pharmaceuticals Holding Corp.  (TNXP)  (CIK 0001430306),TNXP,release_text,2023-03-30,2023-03-30T07:12:25,acceptance_time,2023-03-30,TNX-102 SL,3,fibromyalgia,RELIEF,NCT04172831,62539497,2023-03-13,https://www.sec.gov/Archives/edgar/data/1430306/000138713123004129/ex99-01.htm
0000950170-23-011143,0001061983,CYTOKINETICS INC  (CYTK)  (CIK 0001061983),CYTK,release_text,,2023-03-31T07:33:03,acceptance_time,2023-03-31,reldesemtiv,3,ALS,COURAGE-ALS,,95161391,2023-03-01,https://www.sec.gov/Archives/edgar/data/1061983/000095017023011143/cytk-20230331.htm
0000950170-23-011474,0001822711,"PARDES BIOSCIENCES, INC.  (CIK 0001822711)",PRDS,release_text,2023-04-03,2023-04-03T08:00:23,acceptance_time,2023-04-03,pomotrelvir,2,COVID-19,,,61716745,2023-03-14,https://www.sec.gov/Archives/edgar/data/1822711/000095017023011474/prds-20230331.htm
0001104659-23-041221,0000057725,LANNETT CO INC  (CIK 0000057725),LCI,release_text,2023-04-04,2023-04-04T04:05:10,acceptance_time,2023-04-04,biosimilar insulin glargine,,diabetes,,,43066265,2023-02-02,https://www.sec.gov/Archives/edgar/data/57725/000110465923041221/tm2311457d1_ex99-1.htm
0001193805-23-000500,0001280776,"IMMUNIC, INC.  (IMUX)  (CIK 0001280776)",IMUX,release_text,2023-04-05,2023-04-05T06:45:38,acceptance_time,2023-04-05,vidofludimus calcium,2b,moderate-to-severe ulcerative colitis,CALDOSE-1,NCT03341962,44403838,2023-02-23,https://www.sec.gov/Archives/edgar/data/1280776/000119380523000500/e618467_ex99-1.htm
0001600620-23-000004,0001600620,Aurinia Pharmaceuticals Inc.  (AUPH)  (CIK 0001600620),AUPH,release_text,2023-04-05,2023-04-05T08:16:07,acceptance_time,2023-04-05,LUPKYNIS,3,lupus nephritis,AURORA,,142576689,2023-02-28,https://www.sec.gov/Archives/edgar/data/1600620/000160062023000004/auph-20230405.htm
0001193125-23-095854,0001492426,Horizon Therapeutics Public Ltd Co  (CIK 0001492426),HZNP,release_text,2023-04-10,2023-04-10T08:10:31,acceptance_time,2023-04-10,TEPEZZA,4,thyroid eye disease,,,228448024,2023-03-01,https://www.sec.gov/Archives/edgar/data/1492426/000119312523095854/d413888d8k.htm
0001213900-23-028716,0001860657,"Allarity Therapeutics, Inc.  (ALLR)  (CIK 0001860657)",ALLR,release_text,2023-04-11,2023-04-11T09:19:08,acceptance_time,2023-04-11,LiPlaCis,2,metastatic breast cancer,,,30000000,2023-03-13,https://www.sec.gov/Archives/edgar/data/1860657/000121390023028716/ea176775ex99-1_allarity.htm
0001564590-23-005579,0001878313,"MAIA Biotechnology, Inc.  (MAIA)  (CIK 0001878313)",MAIA,release_text,2023-04-11,2023-04-11T08:15:37,acceptance_time,2023-04-11,THIO,2,Non-Small Cell Lung Cancer,THIO-101,NCT05208944,10996404,2023-03-24,https://www.sec.gov/Archives/edgar/data/1878313/000156459023005579/maia-8k_20230411.htm
0001193125-23-098539,0001636282,"Aeglea BioTherapeutics, Inc.  (SYRE)  (CIK 0001636282)",AGLE,release_text,2023-04-12,2023-04-12T08:59:01,acceptance_time,2023-04-12,pegtarviliase,1/2,Classical Homocystinuria,,,65395159,2023-03-02,https://www.sec.gov/Archives/edgar/data/1636282/000119312523098539/d485603dex991.htm
0001104659-23-045447,0001372299,"Ocugen, Inc.  (OCGN)  (CIK 0001372299)",OCGN,release_text,2023-04-14,2023-04-14T12:38:55,acceptance_time,2023-04-14,OCU400,1/2,Retinitis Pigmentosa and Leber Congenital Amaurosis,,,226417682,2023-02-28,https://www.sec.gov/Archives/edgar/data/1372299/000110465923045447/tm2312896d1_8k.htm
0000950170-23-012883,0001804591,23andMe Holding Co.  (ME)  (CIK 0001804591),ME,release_text,2023-04-14,2023-04-14T16:08:13,acceptance_time,2023-04-17,23ME-00610,1,advanced solid malignancies,Phase 1/2a study,NCT05199272,,,https://www.sec.gov/Archives/edgar/data/1804591/000095017023012883/me-20230414.htm
0001493152-23-012483,0000715446,Anixa Biosciences Inc  (ANIX)  (CIK 0000715446),ANIX,release_text,2023-04-17,2023-04-17T13:45:15,acceptance_time,2023-04-17,breast cancer vaccine,1,triple negative breast cancer,Phase 1 Trial,,30924868,2023-03-17,https://www.sec.gov/Archives/edgar/data/715446/000149315223012483/ex99-1.htm
0001140361-23-018635,0001797768,Kinnate Biopharma Inc.  (CIK 0001797768),KNTE,release_text,2023-04-17,2023-04-17T15:15:54,acceptance_time,2023-04-17,exarafenib,1,BRAF-altered solid tumors and/or NRAS mutant melanoma,KN-8701,NCT04913285,46569648,2023-03-15,https://www.sec.gov/Archives/edgar/data/1797768/000114036123018635/brhc20051493_ex99-1.htm
0001493152-23-012566,0001610820,"BriaCell Therapeutics Corp.  (BCTX, BCTXW)  (CIK 0001610820)",BCTX,release_text,2023-04-17,2023-04-17T16:50:42,acceptance_time,2023-04-18,Bria-IMT™,,advanced metastatic breast cancer,,,15518018,2023-03-16,https://www.sec.gov/Archives/edgar/data/1610820/000149315223012566/ex99-1.htm
0001193125-23-103837,0001651311,Merus N.V.  (MRUS)  (CIK 0001651311),MRUS,release_text,2023-04-17,2023-04-17T17:14:52,acceptance_time,2023-04-18,petosemtamab,1/2,head and neck squamous cell carcinoma,,,46317281,2023-02-28,https://www.sec.gov/Archives/edgar/data/1651311/000119312523103837/d492432d8k.htm
0001193125-23-104425,0001808158,Repare Therapeutics Inc.  (RPTX)  (CIK 0001808158),RPTX,release_text,2023-04-18,2023-04-18T10:24:01,acceptance_time,2023-04-18,camonsertib,1/2,advanced solid tumors,TRESR,NCT04497116;NCT04972110,42077896,2023-02-28,https://www.sec.gov/Archives/edgar/data/1808158/000119312523104425/d483909d8k.htm
0001493152-23-012718,0001582554,"Matinas BioPharma Holdings, Inc.  (MTNB)  (CIK 0001582554)",MTNB,release_text,2023-04-18,2023-04-18T08:00:17,acceptance_time,2023-04-18,MAT2203,,Rhodotorula mucilaginosa fungal infection,,,217264526,2023-03-15,https://www.sec.gov/Archives/edgar/data/1582554/000149315223012718/ex99-1.htm
0000950170-23-013272,0001426800,"ASSEMBLY BIOSCIENCES, INC.  (ASMB)  (CIK 0001426800)",ASMB,release_text,2023-04-18,2023-04-18T16:06:20,acceptance_time,2023-04-19,ABI-4334,1a,hepatitis B virus,Study ABI-4334-101,,51946918,2023-03-22,https://www.sec.gov/Archives/edgar/data/1426800/000095017023013272/asmb-ex99_1.htm
0001493152-23-012803,0001106838,"Sonnet BioTherapeutics Holdings, Inc.  (SONN)  (CIK 0001106838)",SONN,release_text,2023-04-18,2023-04-18T17:00:26,acceptance_time,2023-04-19,SON-1010,1,advanced solid tumors,SB101,NCT05352750;NCT05408572,20232904,2023-02-13,https://www.sec.gov/Archives/edgar/data/1106838/000149315223012803/ex99-1.htm
0001193125-23-107202,0001845337,"Day One Biopharmaceuticals, Inc.  (DAWN)  (CIK 0001845337)",,missing,,2023-04-20T06:08:33,acceptance_time,2023-04-20,tovorafenib,1b/2,"recurrent, progressive or refractory solid tumors",FIRELIGHT-1,NCT04985604,73587094,2023-03-06,https://www.sec.gov/Archives/edgar/data/1845337/000119312523107202/d414909dex991.htm
0001140361-23-019757,0000874015,IONIS PHARMACEUTICALS INC  (IONS)  (CIK 0000874015),IONS,release_text,2023-04-24,2023-04-24T07:00:28,acceptance_time,2023-04-24,eplontersen,3,hereditary transthyretin-mediated amyloid polyneuropathy,NEURO-TTRansform,NCT04136184,142953993,2023-02-22,https://www.sec.gov/Archives/edgar/data/874015/000114036123019757/brhc20051808_8k.htm
0001104659-23-048686,0001697532,Applied Therapeutics Inc.  (APLT)  (CIK 0001697532),APLT,release_text,2023-04-24,2023-04-24T08:08:43,acceptance_time,2023-04-24,govorestat (AT-007),3,Galactosemia,ACTION-Galactosemia Kids,,48113561,2023-03-23,https://www.sec.gov/Archives/edgar/data/1697532/000110465923048686/tm2313498d1_ex99-1.htm
0001711279-23-000025,0001711279,"Krystal Biotech, Inc.  (KRYS)  (CIK 0001711279)",KRYS,release_text,2023-04-24,2023-04-24T07:04:16,acceptance_time,2023-04-24,beremagene geperpavec (B-VEC),,dystrophic epidermolysis bullosa,,,25763743,2023-02-27,https://www.sec.gov/Archives/edgar/data/1711279/000171127923000025/ex991arvopressrelease.htm
0001193125-23-111832,0001740279,"IN8BIO, INC.  (INAB)  (CIK 0001740279)",INAB,release_text,2023-04-24,2023-04-24T08:19:30,acceptance_time,2023-04-24,INB-100,1,leukemia,,NCT03533816,24938058,2023-03-30,https://www.sec.gov/Archives/edgar/data/1740279/000119312523111832/d421859dex991.htm
0001831283-23-000071,0001831283,LianBio  (LIANY)  (CIK 0001831283),LIAN,release_text,2023-04-26,2023-04-26T08:07:09,acceptance_time,2023-04-26,mavacamten,3,symptomatic obstructive hypertrophic cardiomyopathy,EXPLORER-CN,,107161871,2023-03-28,https://www.sec.gov/Archives/edgar/data/1831283/000183128323000071/lian-20230426.htm
0001437749-23-011514,0001833214,"SAB Biotherapeutics, Inc.  (SABS, SABSW)  (CIK 0001833214)",SABS,release_text,2023-04-26,2023-04-28T09:04:44,release_date_only,2023-04-27,SAB-185,3,COVID-19,ACTIV-2,NCT04518410,50397762,2023-04-14,https://www.sec.gov/Archives/edgar/data/1833214/000143774923011514/ex_508947.htm
0001372514-23-000057,0001372514,"KIORA PHARMACEUTICALS INC  (KPRX, KPHMW)  (CIK 0001372514)",KPRX,release_text,2023-04-27,2023-04-27T14:55:53,acceptance_time,2023-04-27,KIO-301,,retinitis pigmentosa,,,1919270,2023-03-23,https://www.sec.gov/Archives/edgar/data/1372514/000137251423000057/ex991-pressreleaseprelimin.htm
0001725160-23-000073,0001725160,"Zentalis Pharmaceuticals, Inc.  (ZNTL)  (CIK 0001725160)",ZNTL,release_text,2023-04-26,2023-04-26T17:00:46,acceptance_time,2023-04-27,azenosertib,1b,advanced platinum-resistant ovarian cancer,,,59418460,2023-03-01,https://www.sec.gov/Archives/edgar/data/1725160/000172516023000073/asco2023andfoundation_roch.htm
0001654954-23-005253,0000911216,PALATIN TECHNOLOGIES INC  (PTN)  (CIK 0000911216),PTN,release_text,2023-04-27,2023-04-27T08:30:46,acceptance_time,2023-04-27,PL9643,3,dry eye disease,MELODY-1,,11152680,2023-02-14,https://www.sec.gov/Archives/edgar/data/911216/000165495423005253/ptn_ex991.htm
0000950170-23-015343,0001636651,Ovid Therapeutics Inc.  (OVID)  (CIK 0001636651),OVID,release_text,2023-04-27,2023-04-27T16:43:18,acceptance_time,2023-04-28,soticlestat,3,Dravet syndrome and Lennox-Gastaut syndrome,ENDYMION 1,,70491510,2023-03-13,https://www.sec.gov/Archives/edgar/data/1636651/000095017023015343/ovid-ex99_1.htm
0000950170-23-015374,0001752828,"Celularity Inc  (CELU, CELUW)  (CIK 0001752828)",CELU,release_text,2023-04-27,2023-04-27T17:01:43,acceptance_time,2023-04-28,CYNK-001,1,relapsed refractory acute myeloid leukemia and MRD positive AML,,,165028879,2023-03-31,https://www.sec.gov/Archives/edgar/data/1752828/000095017023015374/celu-ex99_1.htm
0001213900-23-033507,0001359931,"Protara Therapeutics, Inc.  (TARA)  (CIK 0001359931)",TARA,release_text,2023-04-28,2023-04-28T08:10:36,acceptance_time,2023-04-28,TARA-002,1a,non-muscle invasive bladder cancer,ADVANCED-1,NCT05085977,11306753,2023-03-08,https://www.sec.gov/Archives/edgar/data/1359931/000121390023033507/ea177564-8k_protara.htm
0001193125-23-128616,0001746473,"PLIANT THERAPEUTICS, INC.  (PLRX)  (CIK 0001746473)",PLRX,release_text,2023-04-30,2023-05-01T06:08:29,release_date_only,2023-05-01,bexotegrast,2a,idiopathic pulmonary fibrosis,INTEGRIS-IPF,NCT04396756,58939667,2023-03-09,https://www.sec.gov/Archives/edgar/data/1746473/000119312523128616/d440511dex991.htm
0001437749-23-011996,0001659617,"Moleculin Biotech, Inc.  (MBRX)  (CIK 0001659617)",MBRX,release_text,2023-05-02,2023-05-02T08:35:11,acceptance_time,2023-05-02,Annamycin,1b,Acute Myeloid Leukemia,MB-106,NCT05319587,28627827,2023-03-22,https://www.sec.gov/Archives/edgar/data/1659617/000143774923011996/ex_510188.htm
0001438533-23-000018,0001438533,"Travere Therapeutics, Inc.  (TVTX)  (CIK 0001438533)",TVTX,release_text,2023-05-01,2023-05-01T16:07:06,acceptance_time,2023-05-02,sparsentan,3,focal segmental glomerulosclerosis,DUPLEX Study,,64744990,2023-02-23,https://www.sec.gov/Archives/edgar/data/1438533/000143853323000018/tvtx-20230501.htm
0001601485-23-000032,0001601485,Angion Biomedica Corp.  (ELTX)  (CIK 0001601485),ELTX,sec_current,2023-05-01,2023-05-01T16:14:27,acceptance_time,2023-05-02,ELI-002,1,pancreatic and colorectal cancer,AMPLIFY-201,,30114190,2023-04-28,https://www.sec.gov/Archives/edgar/data/1601485/000160148523000032/a8k20230501_exhibit991.htm
0001558370-23-007741,0000855654,"ImmunoGen, Inc.  (CIK 0000855654)",IMGN,release_text,2023-05-03,2023-05-03T06:35:46,acceptance_time,2023-05-03,ELAHERE,3,FRα-positive platinum-resistant ovarian cancer,MIRASOL,NCT04209855,226070419,2023-04-28,https://www.sec.gov/Archives/edgar/data/855654/000155837023007741/imgn-20230503x8k.htm
0001193805-23-000659,0001280776,"IMMUNIC, INC.  (IMUX)  (CIK 0001280776)",IMUX,release_text,2023-05-04,2023-05-04T06:49:21,acceptance_time,2023-05-04,IMU-856,1b,celiac disease,,,44403838,2023-02-23,https://www.sec.gov/Archives/edgar/data/1280776/000119380523000659/e618584_8k-immunic.htm
0001126234-23-000062,0001126234,"LUMOS PHARMA, INC.  (LUMO)  (CIK 0001126234)",LUMO,release_text,2023-05-08,2023-05-08T16:01:11,acceptance_time,2023-05-09,LUM-201,2,idiopathic Pediatric Growth Hormone Deficiency,OraGrowtH210 and OraGrowtH212,,8170526,2023-05-05,https://www.sec.gov/Archives/edgar/data/1126234/000112623423000062/lumo-20230508x8kxex991.htm
0001193125-23-141488,0001613780,DBV Technologies S.A.  (DBVT)  (CIK 0001613780),DBV,release_text,2023-05-11,2023-05-11T08:27:34,acceptance_time,2023-05-11,Viaskin Peanut,3,peanut allergy,EPITOPE,NCT03211247,94147319,2023-05-04,https://www.sec.gov/Archives/edgar/data/1613780/000119312523141488/d237467dex991.htm
0001493152-23-017637,0001535955,Lipocine Inc.  (LPCN)  (CIK 0001535955),LPCN,release_text,2023-05-16,2023-05-16T07:00:45,acceptance_time,2023-05-16,LPCN 1154,1,postpartum depression,,,88510791,2023-05-11,https://www.sec.gov/Archives/edgar/data/1535955/000149315223017637/ex99-1.htm
0001140361-23-024924,0001635088,Roivant Sciences Ltd.  (ROIV)  (CIK 0001635088),ROIV,release_text,2023-05-16,2023-05-16T08:30:19,acceptance_time,2023-05-16,VTAMA,3,atopic dermatitis,ADORING 1,NCT05014568;NCT05032859;NCT05142774,758427350,2023-02-13,https://www.sec.gov/Archives/edgar/data/1635088/000114036123024924/brhc20053009_8k.htm
0001193125-23-145650,0001835022,"Coya Therapeutics, Inc.  (COYA)  (CIK 0001835022)",COYA,release_text,2023-05-16,2023-05-16T07:47:53,acceptance_time,2023-05-16,COYA 301,,Alzheimer’s disease,,,9947915,2023-05-10,https://www.sec.gov/Archives/edgar/data/1835022/000119312523145650/d471671d8k.htm
0001070081-23-000030,0001070081,"PTC THERAPEUTICS, INC.  (PTCT)  (CIK 0001070081)",PTCT,release_text,2023-05-17,2023-05-17T07:04:30,acceptance_time,2023-05-17,sepiapterin,3,phenylketonuria,APHENITY,,74190700,2023-04-27,https://www.sec.gov/Archives/edgar/data/1070081/000107008123000030/tmb-20230517x8k.htm
0001193125-23-146584,0001783328,"TScan Therapeutics, Inc.  (TCRX)  (CIK 0001783328)",TCRX,release_text,2023-05-17,2023-05-17T08:15:31,acceptance_time,2023-05-17,TSC-100 and TSC-101,1,"acute myeloid leukemia, myelodysplastic syndromes, or acute lymphocytic leukemia",,,23976942,2022-03-09,https://www.sec.gov/Archives/edgar/data/1783328/000119312523146584/d490821d8k.htm
0000950170-23-022879,0000921299,FIBROGEN INC  (FGEN)  (CIK 0000921299),FGEN,release_text,2023-05-18,2023-05-18T07:35:54,acceptance_time,2023-05-18,roxadustat,3,chemotherapy-induced anemia,,NCT05301517,97582416,2023-05-08,https://www.sec.gov/Archives/edgar/data/921299/000095017023022879/fgen-20230518.htm
0001140361-23-025377,0001681087,"AVROBIO, Inc.  (TECX)  (CIK 0001681087)",AVRO,release_text,2023-05-18,2023-05-18T07:11:36,acceptance_time,2023-05-18,investigational gene therapy,1/2,cystinosis,,NCT03897361,44105078,2023-05-11,https://www.sec.gov/Archives/edgar/data/1681087/000114036123025377/brhc20053135_8k.htm
0001860782-23-000081,0001860782,"2seventy bio, Inc.  (TSVT)  (CIK 0001860782)",,missing,2023-05-19,2023-05-19T06:07:44,acceptance_time,2023-05-19,SC-DARIC33,1,relapsed or refractory acute myeloid leukemia,PLAT-08,,50199268,2023-05-10,https://www.sec.gov/Archives/edgar/data/1860782/000186078223000081/tvst-20230519.htm
0001104659-23-062936,0001724979,Rain Oncology Inc.  (CIK 0001724979),RAIN,release_text,2023-05-22,2023-05-22T08:05:48,acceptance_time,2023-05-22,milademetan,3,dedifferentiated liposarcoma,MANTRA,,36363178,2023-05-11,https://www.sec.gov/Archives/edgar/data/1724979/000110465923062936/tm2316419d1_8k.htm
0001711279-23-000037,0001711279,"Krystal Biotech, Inc.  (KRYS)  (CIK 0001711279)",KRYS,release_text,2023-05-19,2023-05-19T17:05:17,acceptance_time,2023-05-22,VYJUVEK,3,dystrophic epidermolysis bullosa,GEM-3,,25799738,2023-05-08,https://www.sec.gov/Archives/edgar/data/1711279/000171127923000037/a991pressreleasekrystalbio.htm
0001193125-23-150624,0001786255,"Icosavax, Inc.  (CIK 0001786255)",,missing,2023-05-22,2023-05-22T17:12:00,acceptance_time,2023-05-23,IVX-A12,1,RSV and hMPV,,,41426850,2023-05-10,https://www.sec.gov/Archives/edgar/data/1786255/000119312523150624/d438524d8k.htm
0001104659-23-063202,0001597264,Blueprint Medicines Corp  (BPMC)  (CIK 0001597264),BPMC,release_text,2023-05-22,2023-05-22T16:53:13,acceptance_time,2023-05-23,AYVAKIT,,indolent systemic mastocytosis,PIONEER,,60467345,2023-05-04,https://www.sec.gov/Archives/edgar/data/1597264/000110465923063202/tm2316465d1_ex99-1.htm
0001104659-23-063688,0001070081,"PTC THERAPEUTICS, INC.  (PTCT)  (CIK 0001070081)",PTCT,release_text,2023-05-23,2023-05-23T17:17:08,acceptance_time,2023-05-24,vatiquinone,3,Friedreich ataxia,MOVE-FA,,74190700,2023-04-27,https://www.sec.gov/Archives/edgar/data/1070081/000110465923063688/tm2316598d1_8k.htm
0001628280-23-019591,0001576263,"Mirati Therapeutics, Inc.  (CIK 0001576263)",MRTX,release_text,2023-05-24,2023-05-24T16:09:39,acceptance_time,2023-05-25,sitravatinib,3,non-squamous non-small cell lung cancer (NSQ-NSCLC),SAPPHIRE,,58186881,2023-05-09,https://www.sec.gov/Archives/edgar/data/1576263/000162828023019591/miratitherapeuticssitravat.htm
0001193125-23-153420,0001528115,"Annexon, Inc.  (ANNX)  (CIK 0001528115)",ANNX,release_text,2023-05-24,2023-05-25T06:08:00,release_date_only,2023-05-25,ANX007,2,geographic atrophy,ARCHER,,38563565,2022-05-09,https://www.sec.gov/Archives/edgar/data/1528115/000119312523153420/d468662d8k.htm
0001437749-23-015996,0001595248,"Genprex, Inc.  (GNPX)  (CIK 0001595248)",GNPX,release_text,2023-05-25,2023-05-26T16:42:40,release_date_only,2023-05-26,REQORSA,1,non-small cell lung cancer,Acclaim-1,,51979078,2023-05-22,https://www.sec.gov/Archives/edgar/data/1595248/000143774923015996/gnpx20230516_8k.htm
0001193125-23-154347,0001789972,"Cullinan Oncology, Inc.  (CGEM)  (CIK 0001789972)",CGEM,release_text,2023-05-25,2023-05-25T17:05:30,acceptance_time,2023-05-26,CLN-619,1,advanced solid tumors,,,39360916,2023-05-11,https://www.sec.gov/Archives/edgar/data/1789972/000119312523154347/d462773d8k.htm
0001745020-23-000018,0001745020,"Theseus Pharmaceuticals, Inc.  (CIK 0001745020)",THRX,release_text,2023-05-25,2023-05-25T17:04:08,acceptance_time,2023-05-26,THE-630,1/2,advanced gastrointestinal stromal tumors,,NCT05160168,43576534,2023-05-11,https://www.sec.gov/Archives/edgar/data/1745020/000174502023000018/thrx-20230525xexx991.htm
0000950170-23-024292,0001761918,"Erasca, Inc.  (ERAS)  (CIK 0001761918)",ERAS,release_text,2023-05-25,2023-05-25T17:10:38,acceptance_time,2023-05-26,ERAS-007,1b/2,metastatic BRAF V600E mutated colorectal cancer,HERKULES-3,,150756577,2023-05-15,https://www.sec.gov/Archives/edgar/data/1761918/000095017023024292/eras-20230525.htm
0001104659-23-065549,0001722964,"Y-mAbs Therapeutics, Inc.  (YMAB)  (CIK 0001722964)",YMAB,release_text,2023-05-26,2023-05-26T17:05:46,acceptance_time,2023-05-30,naxitamab,2,high-risk neuroblastoma,Trial 201,NCT03363373,43677767,2023-05-08,https://www.sec.gov/Archives/edgar/data/1722964/000110465923065549/tm2316545d2_8k.htm
0000950170-23-025091,0001357874,PRECISION BIOSCIENCES INC  (DTIL)  (CIK 0001357874),DTIL,release_text,2023-05-31,2023-05-31T07:31:21,acceptance_time,2023-05-31,azercabtagene zapreleucel (azer-cel),,Diffuse Large B-cell Lymphoma (DLBCL),,,113793338,2023-05-09,https://www.sec.gov/Archives/edgar/data/1357874/000095017023025091/dtil-20230531.htm
0001628280-23-020227,0001398733,"Aquestive Therapeutics, Inc.  (AQST)  (CIK 0001398733)",AQST,release_text,2023-05-31,2023-05-31T09:06:57,acceptance_time,2023-05-31,Anaphylm™ (epinephrine) Sublingual Film,2,"severe allergic reactions, including anaphylaxis",Pilot Studies,,55922361,2023-05-02,https://www.sec.gov/Archives/edgar/data/1398733/000162828023020227/aqst-20230531.htm
0001438533-23-000030,0001438533,"Travere Therapeutics, Inc.  (TVTX)  (CIK 0001438533)",TVTX,release_text,2023-05-31,2023-05-31T16:57:16,acceptance_time,2023-06-01,pegtibatinase,1/2,classical homocystinuria (HCU),COMPOSE Study,,74607901,2023-05-04,https://www.sec.gov/Archives/edgar/data/1438533/000143853323000030/tvtx-20230531.htm
0001104659-23-066700,0001760542,HOOKIPA Pharma Inc.  (HOOK)  (CIK 0001760542),HOOK,release_text,2023-05-31,2023-05-31T17:24:19,acceptance_time,2023-06-01,HB-200,2,HPV16+ Head and Neck Cancers,,,21588756,2019-08-12,https://www.sec.gov/Archives/edgar/data/1760542/000110465923066700/tm2317399d2_8k.htm
0001193125-23-161596,0001622229,"Cogent Biosciences, Inc.  (COGT)  (CIK 0001622229)",COGT,release_text,2023-06-03,2023-06-06T16:03:01,release_date_only,2023-06-05,bezuclastinib,3,Gastrointestinal Stromal Tumors,PEAK,,70946790,2023-05-09,https://www.sec.gov/Archives/edgar/data/1622229/000119312523161596/d425875d8k.htm
0001193125-23-160031,0001937653,Zymeworks Inc.  (ZYME)  (CIK 0001937653),ZYME,release_text,2023-06-02,2023-06-02T19:48:33,acceptance_time,2023-06-05,zanidatamab,2b,biliary tract cancers,HERIZON-BTC-01,NCT04466891,64171282,2023-05-08,https://www.sec.gov/Archives/edgar/data/1937653/000119312523160031/d504484d8k.htm
0001104659-23-067866,0001845459,"Graf Acquisition Corp. IV  (NKGN, NKGNW)  (CIK 0001845459)",NKGEN,release_text,2023-06-05,2023-06-05T08:30:53,acceptance_time,2023-06-05,SNK01,1/2a,non-small cell lung cancer,,NCT04872634,21451875,2023-05-15,https://www.sec.gov/Archives/edgar/data/1845459/000110465923067866/tm2317782d1_8k.htm
0001558370-23-010788,0001783032,"Elevation Oncology, Inc.  (ELEV)  (CIK 0001783032)",ELEV,release_text,2023-06-03,2023-06-05T07:00:23,release_date_only,2023-06-05,SYSA1801 (EO-3021),1,resistant/refractory solid tumors,,NCT05009966,24337846,2023-05-15,https://www.sec.gov/Archives/edgar/data/1783032/000155837023010788/elev-20230603x8k.htm
0001193125-23-160325,0001744659,"Akero Therapeutics, Inc.  (AKRO)  (CIK 0001744659)",AKRO,release_text,2023-06-05,2023-06-05T08:05:09,acceptance_time,2023-06-05,efruxifermin (EFX),2b,non-alcoholic steatohepatitis (NASH),SYMMETRY,,50086978,2023-05-15,https://www.sec.gov/Archives/edgar/data/1744659/000119312523160325/d513466d8k.htm
0001725160-23-000129,0001725160,"Zentalis Pharmaceuticals, Inc.  (ZNTL)  (CIK 0001725160)",ZNTL,sec_current,,2023-06-05T14:24:49,acceptance_time,2023-06-05,"ZN-d5, azenosertib (ZN-c3)",1/2,relapsed/refractory (R/R) AML,ZN-d5-004C,NCT05682170,59477824,2023-05-10,https://www.sec.gov/Archives/edgar/data/1725160/000172516023000129/ex991-smith_asco2023xznx.htm
0000950170-23-026236,0001662244,"Cyteir Therapeutics, Inc.  (CIK 0001662244)",CYT,release_text,2023-06-03,2023-06-05T08:00:50,release_date_only,2023-06-05,CYT-0851,1,advanced solid tumors,,,35512837,2023-05-10,https://www.sec.gov/Archives/edgar/data/1662244/000095017023026236/cyt-ex99_1.htm
0001104659-23-067854,0001600132,"Bellerophon Therapeutics, Inc.  (BLPH)  (CIK 0001600132)",BLPH,release_text,2023-06-05,2023-06-05T08:08:34,acceptance_time,2023-06-05,INOpulse®,3,fibrotic Interstitial Lung Disease,REBUILD,,10449834,2023-05-15,https://www.sec.gov/Archives/edgar/data/1600132/000110465923067854/tm2317784d1_8k.htm
0001193125-23-160358,0001538210,"NexImmune, Inc.  (NEXI)  (CIK 0001538210)",NEXI,release_text,2023-06-05,2023-06-05T08:37:00,acceptance_time,2023-06-05,NEXI-001,1,relapsed/refractory acute myeloid leukemia,NEXI-001 Phase 1 Trial,,26078451,2023-05-15,https://www.sec.gov/Archives/edgar/data/1538210/000119312523160358/d453826dex991.htm
0001493152-23-020081,0001401914,"Dare Bioscience, Inc.  (DARE)  (CIK 0001401914)",DARE,release_text,2023-06-05,2023-06-05T08:05:32,acceptance_time,2023-06-05,"Sildenafil Cream, 3.6%",2b,female sexual arousal disorder,RESPOND,,86284827,2023-05-11,https://www.sec.gov/Archives/edgar/data/1401914/000149315223020081/ex99-1.htm
0001140361-23-028235,0001601485,"Elicio Therapeutics, Inc.  (ELTX)  (CIK 0001601485)",ELTX,release_text,2023-06-03,2023-06-05T08:00:18,release_date_only,2023-06-05,ELI-002,1,pancreatic and colorectal cancer,AMPLIFY-201,NCT04853017;NCT05726864,30113703,2023-05-10,https://www.sec.gov/Archives/edgar/data/1601485/000114036123028235/brhc20054007_8k.htm
0000950170-23-026375,0001515673,Ultragenyx Pharmaceutical Inc.  (RARE)  (CIK 0001515673),RARE,release_text,2023-06-05,2023-06-05T16:17:54,acceptance_time,2023-06-06,setrusumab (UX143),2,Osteogenesis Imperfecta,Orbit,,70814462,2023-05-05,https://www.sec.gov/Archives/edgar/data/1515673/000095017023026375/rare-20230605.htm
0001628280-23-021025,0001704292,Zai Lab Ltd  (ZLAB)  (CIK 0001704292),ZLAB,release_text,2023-06-06,2023-06-06T08:08:39,acceptance_time,2023-06-06,Tumor Treating Fields,3,non-small cell lung cancer,LUNAR,,88592343,2021-03-01,https://www.sec.gov/Archives/edgar/data/1704292/000162828023021025/a2023-06x06xlunarclinicalt.htm
0001725160-23-000131,0001725160,"Zentalis Pharmaceuticals, Inc.  (ZNTL)  (CIK 0001725160)",ZNTL,release_text,2023-06-06,2023-06-06T09:10:13,acceptance_time,2023-06-06,azenosertib,1,advanced solid tumors,,,59477824,2023-05-10,https://www.sec.gov/Archives/edgar/data/1725160/000172516023000131/ex991-monoasco06062023vf_.htm
0000950170-23-026748,0000921299,FIBROGEN INC  (FGEN)  (CIK 0000921299),FGEN,release_text,2023-06-07,2023-06-07T09:00:45,acceptance_time,2023-06-07,pamrevlumab,3,Duchenne Muscular Dystrophy,LELANTOS-1,NCT04371666;NCT04632940,97582416,2023-05-08,https://www.sec.gov/Archives/edgar/data/921299/000095017023026748/fgen-20230607.htm
0001171843-23-003807,0001447028,Arbutus Biopharma Corp  (ABUS)  (CIK 0001447028),ABUS,release_text,2023-06-07,2023-06-07T06:00:17,acceptance_time,2023-06-07,AB-729 and AB-836,2a,chronic HBV,AB-836-001,,166133563,2023-05-04,https://www.sec.gov/Archives/edgar/data/1447028/000117184323003807/exh_991.htm
0001193125-23-162576,0001808158,Repare Therapeutics Inc.  (RPTX)  (CIK 0001808158),RPTX,release_text,2023-06-07,2023-06-07T16:31:05,acceptance_time,2023-06-08,lunresertib (RP-6306),1,advanced solid tumors,MYTHIC,NCT04855656;NCT05601440;NCT05605509,42088446,2023-05-09,https://www.sec.gov/Archives/edgar/data/1808158/000119312523162576/d473189dex991.htm
0001655759-23-000043,0001655759,"ARVINAS, INC.  (ARVN)  (CIK 0001655759)",ARVN,release_text,2023-06-08,2023-06-08T07:14:58,acceptance_time,2023-06-08,ARV-766,1/2,metastatic castration-resistant prostate cancer (mCRPC),,,53398353,2023-05-05,https://www.sec.gov/Archives/edgar/data/1655759/000165575923000043/arv-766p1p2disclosure_vf.htm
0001193125-23-164010,0001816736,"Disc Medicine, Inc.  (IRON)  (CIK 0001816736)",IRON,release_text,2023-06-09,2023-06-09T08:00:43,acceptance_time,2023-06-09,bitopertin,2,erythropoietic protoporphyria (EPP) and X-linked protoporphyria (XLP),BEACON,,19799357,2023-05-15,https://www.sec.gov/Archives/edgar/data/1816736/000119312523164010/d350054d8k.htm
0001558370-23-010931,0001650664,"Editas Medicine, Inc.  (EDIT)  (CIK 0001650664)",EDIT,release_text,2023-06-09,2023-06-09T06:01:06,acceptance_time,2023-06-09,EDIT-301,,sickle cell disease (SCD) and transfusion-dependent beta thalassemia,RUBY and EdiTHAL,NCT04853576;NCT05444894,68995606,2023-05-05,https://www.sec.gov/Archives/edgar/data/1650664/000155837023010931/edit-20230609x8k.htm
0001171843-23-003856,0000882361,Aptose Biosciences Inc.  (APTO)  (CIK 0000882361),APTO,release_text,2023-06-10,2023-06-12T06:05:15,release_date_only,2023-06-12,tuspetinib,1/2,relapsed or refractory acute myeloid leukemia (AML),APTIVATE,,93653662,2023-05-08,https://www.sec.gov/Archives/edgar/data/882361/000117184323003856/exh_991.htm
0001193125-23-165337,0001435049,"CHINOOK THERAPEUTICS, INC.  (CIK 0001435049)",KDNY,release_text,2023-06-12,2023-06-12T16:28:00,acceptance_time,2023-06-13,zigakibart (BION-1301),1/2,IgA Nephropathy,,NCT03945318,66889369,2023-05-09,https://www.sec.gov/Archives/edgar/data/1435049/000119312523165337/d509285dex991.htm
0001157523-23-000973,0001341235,"Aldeyra Therapeutics, Inc.  (ALDX)  (CIK 0001341235)",ALDX,release_text,2023-06-15,2023-06-15T07:01:17,acceptance_time,2023-06-15,reproxalap,3,Allergic Conjunctivitis,INVIGORATE-2,NCT05234554,58576350,2023-05-04,https://www.sec.gov/Archives/edgar/data/1341235/000115752323000973/a53421176.htm
0000950170-23-028784,0001394319,"Tracon Pharmaceuticals, Inc.  (TCON)  (CIK 0001394319)",TCON,release_text,2023-06-20,2023-06-20T08:08:29,acceptance_time,2023-06-20,envafolimab,2,sarcoma,ENVASARC,NCT04480502,24059460,2023-05-10,https://www.sec.gov/Archives/edgar/data/1394319/000095017023028784/tcon-20230613.htm
0001193125-23-169726,0001435049,"CHINOOK THERAPEUTICS, INC.  (CIK 0001435049)",KDNY,release_text,2023-06-17,2023-06-20T09:00:31,release_date_only,2023-06-20,CHK-336,1,primary hyperoxaluria and other kidney stone disorders,,NCT05367661,66889369,2023-05-09,https://www.sec.gov/Archives/edgar/data/1435049/000119312523169726/d448184dex991.htm
0001437749-23-017768,0001504167,"Timber Pharmaceuticals, Inc.  (CIK 0001504167)",TMBR,release_text,2023-06-20,2023-06-20T08:26:31,acceptance_time,2023-06-20,TMB-001,3,congenital ichthyosis,ASCEND,,3044484,2023-05-15,https://www.sec.gov/Archives/edgar/data/1504167/000143774923017768/ex_534462.htm
0001714899-23-000103,0001714899,Denali Therapeutics Inc.  (DNLI)  (CIK 0001714899),DNLI,release_text,2023-06-20,2023-06-20T07:03:14,acceptance_time,2023-06-20,DNL310 (ETV:IDS),1/2,MPS II (Hunter syndrome),,NCT05371613,136888912,2023-05-08,https://www.sec.gov/Archives/edgar/data/1714899/000171489923000103/ex991pressrelease6202023.htm
0001213900-23-050034,0001506251,"Citius Pharmaceuticals, Inc.  (CTXR)  (CIK 0001506251)",CTXR,release_text,2023-06-20,2023-06-20T16:05:34,acceptance_time,2023-06-21,Halo-Lido (CITI-002),2b,hemorrhoids,Halo-Lido Phase 2b study,NCT05348200,158857798,2023-05-12,https://www.sec.gov/Archives/edgar/data/1506251/000121390023050034/ea180605-8k_citiuspharma.htm
0001070081-23-000036,0001070081,"PTC THERAPEUTICS, INC.  (PTCT)  (CIK 0001070081)",PTCT,release_text,2023-06-21,2023-06-21T07:30:40,acceptance_time,2023-06-21,PTC518,2,Huntington’s disease,PIVOT-HD,,74190700,2023-04-27,https://www.sec.gov/Archives/edgar/data/1070081/000107008123000036/tmb-20230621x8k.htm
0001171843-23-004026,0001447028,Arbutus Biopharma Corp  (ABUS)  (CIK 0001447028),ABUS,release_text,2023-06-21,2023-06-21T06:10:14,acceptance_time,2023-06-21,AB-729 and pegylated interferon alfa-2a,2a,chronic hepatitis B virus,,,166133563,2023-05-04,https://www.sec.gov/Archives/edgar/data/1447028/000117184323004026/exh_991.htm
0001104659-23-073817,0001590560,uniQure N.V.  (QURE)  (CIK 0001590560),QURE,release_text,2023-06-21,2023-06-22T16:59:57,release_date_only,2023-06-22,AMT-130,I/II,Huntington’s disease,,NCT04120493,,,https://www.sec.gov/Archives/edgar/data/1590560/000110465923073817/tm2319377d1_8k.htm
0001126234-23-000079,0001126234,"LUMOS PHARMA, INC.  (LUMO)  (CIK 0001126234)",LUMO,release_text,2023-06-21,2023-06-21T17:10:09,acceptance_time,2023-06-22,LUM-201,2,idiopathic Pediatric Growth Hormone Deficiency,OraGrowtH210 and OraGrowtH212,,8170526,2023-05-05,https://www.sec.gov/Archives/edgar/data/1126234/000112623423000079/lumo-20230621xex991.htm
0001104659-23-073326,0001828185,Vaccitech plc  (BRNS)  (CIK 0001828185),VACC,release_text,2023-06-21,2023-06-21T16:05:27,acceptance_time,2023-06-22,VTP-300,1b/2,chronic Hepatitis B,HBV002,NCT04778904;NCT05343481,38369838,2023-05-12,https://www.sec.gov/Archives/edgar/data/1828185/000110465923073326/tm2319306d1_8k.htm
0001214659-23-008740,0001677077,"Alzamend Neuro, Inc.  (ALZN)  (CIK 0001677077)",ALZN,release_text,2023-06-22,2023-06-22T16:30:19,acceptance_time,2023-06-23,AL001,IIA,Alzheimer’s disease,,,96440124,2023-03-15,https://www.sec.gov/Archives/edgar/data/1677077/000121465923008740/ex99_1.htm
0001213900-23-050991,0001728328,InMed Pharmaceuticals Inc.  (INM)  (CIK 0001728328),INM,release_text,2023-06-22,2023-06-22T16:28:52,acceptance_time,2023-06-23,INM-755,2,Epidermolysis Bullosa,755-201-EB,,3328191,2023-05-15,https://www.sec.gov/Archives/edgar/data/1728328/000121390023050991/ea180810ex99-1_inmedpharma.htm
0001104659-23-074439,0001434868,"Esperion Therapeutics, Inc.  (ESPR)  (CIK 0001434868)",ESPR,release_text,2023-06-24,2023-06-26T06:03:44,release_date_only,2023-06-26,bempedoic acid,,atherosclerotic cardiovascular disease,CLEAR Outcomes,,94712657,2023-05-09,https://www.sec.gov/Archives/edgar/data/1434868/000110465923074439/tm2319637d1_ex99-1.htm
0001628280-23-023374,0001534120,"Avalo Therapeutics, Inc.  (AVTX)  (CIK 0001534120)",AVTX,release_text,2023-06-26,2023-06-26T07:03:51,acceptance_time,2023-06-26,AVTX-002,2,non-eosinophilic asthma,PEAK,NCT05288504,13200535,2023-05-04,https://www.sec.gov/Archives/edgar/data/1534120/000162828023023374/avtx-20230626.htm
0001628280-23-023381,0001821586,MoonLake Immunotherapeutics  (MLTX)  (CIK 0001821586),MLTX,release_text,2023-06-25,2023-06-26T08:45:29,release_date_only,2023-06-26,sonelokimab,2,hidradenitis suppurativa,MIRA,NCT03384745;NCT05322473;NCT05640245,,,https://www.sec.gov/Archives/edgar/data/1821586/000162828023023381/exhibit991-8xk.htm
0001104659-23-074995,0001701541,"Black Diamond Therapeutics, Inc.  (BDTX)  (CIK 0001701541)",BDTX,release_text,2023-06-27,2023-06-27T07:11:04,acceptance_time,2023-06-27,BDTX-1535,1,non-small cell lung cancer and glioblastoma multiforme,,,36512572,2023-05-09,https://www.sec.gov/Archives/edgar/data/1701541/000110465923074995/tm2319750d1_8k.htm
0001193125-23-176131,0001805890,Fusion Pharmaceuticals Inc.  (CIK 0001805890),FUSN,release_text,2023-06-26,2023-06-27T16:01:34,release_date_only,2023-06-27,FPI-1434,1,solid tumors expressing IGF-1R,,,63846009,2023-05-11,https://www.sec.gov/Archives/edgar/data/1805890/000119312523176131/d416795d8k.htm
0001157523-23-001035,0001341235,"Aldeyra Therapeutics, Inc.  (ALDX)  (CIK 0001341235)",ALDX,release_text,2023-06-27,2023-06-27T07:01:18,acceptance_time,2023-06-27,ADX-629,2,Chronic Cough,,,58576350,2023-05-04,https://www.sec.gov/Archives/edgar/data/1341235/000115752323001035/a53433819.htm
0000950170-23-029860,0001787400,"Nkarta, Inc.  (NKTX)  (CIK 0001787400)",NKTX,release_text,2023-06-26,2023-06-26T16:07:53,acceptance_time,2023-06-27,NKX101,,AML or MDS,,,48934928,2023-05-11,https://www.sec.gov/Archives/edgar/data/1787400/000095017023029860/nktx-20230626.htm
0000950170-23-029851,0001720580,"Adicet Bio, Inc.  (ACET)  (CIK 0001720580)",ACET,release_text,2023-06-26,2023-06-26T16:02:58,acceptance_time,2023-06-27,ADI-001,1,relapsed or refractory aggressive B-cell non-Hodgkin's lymphoma,,NCT04735471,42957586,2023-05-09,https://www.sec.gov/Archives/edgar/data/1720580/000095017023029851/acet-20230626.htm
0001104659-23-075552,0001455365,COGNITION THERAPEUTICS INC  (CGTX)  (CIK 0001455365),CGTX,release_text,2023-06-28,2023-06-28T07:27:35,acceptance_time,2023-06-28,CT1812,2,mild-to-moderate Alzheimer’s disease,SEQUEL,NCT03507790;NCT04735536;NCT05225415,29277227,2023-05-04,https://www.sec.gov/Archives/edgar/data/1455365/000110465923075552/tm2319819d2_8k.htm
0001193125-23-176864,0001806310,"Taysha Gene Therapies, Inc.  (TSHA)  (CIK 0001806310)",TSHA,release_text,2023-06-28,2023-06-28T08:31:01,acceptance_time,2023-06-28,TSHA-120 and TSHA-102,1/2,Giant Axonal Neuropathy and Rett syndrome,REVEAL,,64178567,2023-05-11,https://www.sec.gov/Archives/edgar/data/1806310/000119312523176864/d506285dex991.htm
0001157523-23-001047,0001341235,"Aldeyra Therapeutics, Inc.  (ALDX)  (CIK 0001341235)",ALDX,release_text,2023-06-29,2023-06-29T07:01:25,acceptance_time,2023-06-29,ADX-2191,2,retinitis pigmentosa,,,58576350,2023-05-04,https://www.sec.gov/Archives/edgar/data/1341235/000115752323001047/a53436990.htm
0001104659-23-075977,0001720893,"BioXcel Therapeutics, Inc.  (BTAI)  (CIK 0001720893)",BTAI,release_text,2023-06-29,2023-06-29T06:00:34,acceptance_time,2023-06-29,BXCL501,3,Alzheimer’s disease-related agitation,TRANQUILITY II,,29159638,2023-05-09,https://www.sec.gov/Archives/edgar/data/1720893/000110465923075977/tm2320028d1_8k.htm
0001628280-23-024065,0001087294,CUMBERLAND PHARMACEUTICALS INC  (CPIX)  (CIK 0001087294),CPIX,release_text,2023-06-30,2023-06-30T17:20:45,acceptance_time,2023-07-03,ifetroban,2,Duchenne muscular dystrophy,FIGHT DMD,,14449107,2023-05-12,https://www.sec.gov/Archives/edgar/data/1087294/000162828023024065/cpix-20230626.htm
0001628280-23-024042,0001704292,Zai Lab Ltd  (ZLAB)  (CIK 0001704292),ZLAB,release_text,2023-06-30,2023-06-30T16:18:57,acceptance_time,2023-07-03,VYVGART,3,generalized myasthenia gravis,ADAPT,,88592343,2021-03-01,https://www.sec.gov/Archives/edgar/data/1704292/000162828023024042/a2023-06x30xapprovalofvyvg.htm
0001171843-23-004330,0001069530,CASSAVA SCIENCES INC  (SAVA)  (CIK 0001069530),SAVA,release_text,2023-07-05,2023-07-05T09:25:10,acceptance_time,2023-07-05,simufilam,,mild-to-moderate Alzheimer’s disease,Cognition Maintenance Study,,,,https://www.sec.gov/Archives/edgar/data/1069530/000117184323004330/exh_991.htm
0001213900-23-054782,0001860657,"Allarity Therapeutics, Inc.  (ALLR)  (CIK 0001860657)",ALLR,release_text,2023-07-05,2023-07-05T16:31:04,acceptance_time,2023-07-06,IXEMPRA,2,metastatic breast cancer,,,19143273,2023-05-11,https://www.sec.gov/Archives/edgar/data/1860657/000121390023054782/ea181370ex99-1_allarity.htm
0001437749-23-019649,0000072444,"Vaxart, Inc.  (VXRT)  (CIK 0000072444)",VXRT,release_text,2023-07-06,2023-07-10T16:12:26,release_date_only,2023-07-07,bivalent norovirus vaccine candidate,2,norovirus,,NCT05626803,135597316,2023-05-04,https://www.sec.gov/Archives/edgar/data/72444/000143774923019649/ex_542101.htm
0001140361-23-033840,0000874015,IONIS PHARMACEUTICALS INC  (IONS)  (CIK 0000874015),IONS,release_text,2023-07-10,2023-07-10T07:00:20,acceptance_time,2023-07-10,eplontersen,3,hereditary transthyretin-mediated amyloid polyneuropathy,NEURO-TTRansform,NCT04136184,143092117,2023-05-03,https://www.sec.gov/Archives/edgar/data/874015/000114036123033840/brhc20055702_8k.htm
0001104659-23-079364,0001425205,"IOVANCE BIOTHERAPEUTICS, INC.  (IOVA)  (CIK 0001425205)",IOVA,release_text,2023-07-10,2023-07-10T08:53:46,acceptance_time,2023-07-10,LN-145,2,advanced non-small cell lung cancer,IOV-LUN-202,,224448554,2023-05-10,https://www.sec.gov/Archives/edgar/data/1425205/000110465923079364/tm2320915d3_ex99-1.htm
0001493152-23-024164,0001862150,"Cingulate Inc.  (CING, CINGW)  (CIK 0001862150)",CING,release_text,2023-07-11,2023-07-11T08:22:59,acceptance_time,2023-07-11,CTx-1301,3,ADHD,CTx-1301-022,NCT05631626,11704142,2023-05-10,https://www.sec.gov/Archives/edgar/data/1862150/000149315223024164/ex99-1.htm
0001193125-23-185120,0001878313,"MAIA Biotechnology, Inc.  (MAIA)  (CIK 0001878313)",MAIA,release_text,2023-07-11,2023-07-11T10:26:28,acceptance_time,2023-07-11,THIO,2,Non-Small Cell Lung Cancer,THIO-101,NCT05208944,13625925,2023-05-08,https://www.sec.gov/Archives/edgar/data/1878313/000119312523185120/d499735dex991.htm
0001104659-23-080554,0001604191,"First Wave BioPharma, Inc.  (ENTO)  (CIK 0001604191)",FWBI,release_text,2023-07-13,2023-07-13T07:14:29,acceptance_time,2023-07-13,adrulipase,2,exocrine pancreatic insufficiency,SPAN,,1813663,2023-05-12,https://www.sec.gov/Archives/edgar/data/1604191/000110465923080554/tm2321176d2_8k.htm
0001193125-23-187579,0001576885,"Acumen Pharmaceuticals, Inc.  (ABOS)  (CIK 0001576885)",ABOS,release_text,2023-07-16,2023-07-17T06:06:00,release_date_only,2023-07-17,ACU193,1,early Alzheimer’s disease,INTERCEPT-AD,NCT04931459,41025062,2023-05-09,https://www.sec.gov/Archives/edgar/data/1576885/000119312523187579/d518971d8k.htm
0001140361-23-034684,0001743881,"BridgeBio Pharma, Inc.  (BBIO)  (CIK 0001743881)",BBIO,release_text,2023-07-17,2023-07-17T07:23:27,acceptance_time,2023-07-17,acoramidis,3,transthyretin amyloid cardiomyopathy,ATTRibute-CM,,160500999,2023-05-04,https://www.sec.gov/Archives/edgar/data/1743881/000114036123034684/brhc20055953_8k.htm
0001193125-23-187702,0001817713,"Janux Therapeutics, Inc.  (JANX)  (CIK 0001817713)",JANX,release_text,2023-07-17,2023-07-17T08:06:01,acceptance_time,2023-07-17,PSMA-TRACTr JANX007,1a,metastatic castration-resistant prostate cancer,,,41833315,2023-05-09,https://www.sec.gov/Archives/edgar/data/1817713/000119312523187702/d526906d8k.htm
0001558370-23-011904,0001818844,"Virios Therapeutics, Inc.  (VIRI)  (CIK 0001818844)",VIRI,release_text,2023-07-17,2023-07-17T07:15:10,acceptance_time,2023-07-17,valacyclovir and celecoxib,,Long-COVID,,,18330390,2023-05-12,https://www.sec.gov/Archives/edgar/data/1818844/000155837023011904/tmb-20230714xex99d1.htm
0001104659-23-081432,0001845459,"Graf Acquisition Corp. IV  (NKGN, NKGNW)  (CIK 0001845459)",,missing,2023-07-17,2023-07-17T08:00:25,acceptance_time,2023-07-17,SNK01,1,Alzheimer’s disease,,,21451875,2023-05-15,https://www.sec.gov/Archives/edgar/data/1845459/000110465923081432/tm2321425d1_8k.htm
0001728117-23-000091,0001728117,"Gossamer Bio, Inc.  (GOSS)  (CIK 0001728117)",GOSS,release_text,2023-07-20,2023-07-20T07:50:19,acceptance_time,2023-07-20,seralutinib,3,pulmonary arterial hypertension,TORREY,,95444095,2023-05-09,https://www.sec.gov/Archives/edgar/data/1728117/000172811723000091/goss-20230720.htm
0001193125-23-190147,0001706431,"Vir Biotechnology, Inc.  (VIR)  (CIK 0001706431)",VIR,release_text,2023-07-20,2023-07-20T08:04:51,acceptance_time,2023-07-20,VIR-2482,2,influenza A,PENINSULA,NCT05567783,133976538,2023-05-08,https://www.sec.gov/Archives/edgar/data/1706431/000119312523190147/d517183d8k.htm
0000950170-23-033937,0001395937,Syndax Pharmaceuticals Inc  (SNDX)  (CIK 0001395937),SNDX,release_text,2023-07-24,2023-07-24T07:07:13,acceptance_time,2023-07-24,axatilimab,,chronic graft-versus-host disease,AGAVE-201,NCT04710576,68821277.0,2023-05-08,https://www.sec.gov/Archives/edgar/data/1395937/000095017023033937/sndx-20230724.htm
0000950170-23-033933,0001468748,Kodiak Sciences Inc.  (KOD)  (CIK 0001468748),KOD,release_text,2023-07-24,2023-07-24T06:45:38,acceptance_time,2023-07-24,tarcocimab tedromer,3,"wet AMD, DME","DAYLIGHT, GLEAM, GLIMMER",,52356241,2023-05-15,https://www.sec.gov/Archives/edgar/data/1468748/000095017023033933/kod-20230724.htm
0001104659-23-083227,0001811623,"PaxMedica, Inc.  (PXMD)  (CIK 0001811623)",PXMD,release_text,2023-07-24,2023-07-24T08:15:13,acceptance_time,2023-07-24,PAX-101,3,African Sleeping Sickness,PAX-HAT-301,,14619477,2023-05-15,https://www.sec.gov/Archives/edgar/data/1811623/000110465923083227/tm2321867d1_8k.htm
0001193125-23-192735,0001623526,"Stoke Therapeutics, Inc.  (STOK)  (CIK 0001623526)",STOK,release_text,2023-07-25,2023-07-25T07:05:31,acceptance_time,2023-07-25,STK-001,1/2a,Dravet syndrome,MONARCH & ADMIRAL,,44188534,2023-05-04,https://www.sec.gov/Archives/edgar/data/1623526/000119312523192735/d530062d8k.htm
0001193125-23-193428,0001840439,"Biomea Fusion, Inc.  (BMEA)  (CIK 0001840439)",BMEA,release_text,2023-07-24,2023-07-25T16:05:33,release_date_only,2023-07-25,BMF-219,1,Acute Myeloid Leukemia,COVALENT-101,NCT05153330,35401134,2023-05-02,https://www.sec.gov/Archives/edgar/data/1840439/000119312523193428/d434383dex991.htm
0001829126-23-004890,0001557376,"Organicell Regenerative Medicine, Inc.  (ZEOX)  (CIK 0001557376)",OCEL,release_text,2023-07-26,2023-07-26T09:00:17,acceptance_time,2023-07-26,Zofin,1/2A,"knee osteoarthritis, COVID-19, long-haul COVID-19",,,1490696392,2023-06-16,https://www.sec.gov/Archives/edgar/data/1557376/000182912623004890/organicellregen_ex99-1.htm
0001628280-23-025841,0001398733,"Aquestive Therapeutics, Inc.  (AQST)  (CIK 0001398733)",AQST,release_text,2023-07-27,2023-07-27T09:23:28,acceptance_time,2023-07-27,Anaphylm,,anaphylaxis,AQ109103,,55922361,2023-05-02,https://www.sec.gov/Archives/edgar/data/1398733/000162828023025841/aqst-20230727.htm
0001104659-23-084538,0001442836,"Mersana Therapeutics, Inc.  (MRSN)  (CIK 0001442836)",MRSN,release_text,2023-07-27,2023-07-27T07:32:25,acceptance_time,2023-07-27,upifitamab rilsodotin,,platinum-resistant ovarian cancer,UPLIFT,,114385810,2023-05-09,https://www.sec.gov/Archives/edgar/data/1442836/000110465923084538/tm2322196d1_8k.htm
0001493152-23-025631,0001535955,Lipocine Inc.  (LPCN)  (CIK 0001535955),LPCN,release_text,2023-07-27,2023-07-27T06:45:33,acceptance_time,2023-07-27,LPCN 1148,2,cirrhosis,,NCT04874350,88510791,2023-05-11,https://www.sec.gov/Archives/edgar/data/1535955/000149315223025631/ex99-1.htm
0001935979-23-000046,0001935979,Biohaven Ltd.  (BHVN)  (CIK 0001935979),BHVN,release_text,2023-07-27,2023-07-28T16:35:28,release_date_only,2023-07-28,BHV-7000,1,epilepsy,,,68224979,2023-05-12,https://www.sec.gov/Archives/edgar/data/1935979/000193597923000046/exhibit991-julybusinessupd.htm
0001193125-23-198580,0001806310,"Taysha Gene Therapies, Inc.  (TSHA)  (CIK 0001806310)",TSHA,release_text,2023-07-31,2023-07-31T08:05:29,acceptance_time,2023-07-31,TSHA-102,1/2,Rett syndrome,REVEAL,,64178567,2023-05-11,https://www.sec.gov/Archives/edgar/data/1806310/000119312523198580/d535611dex991.htm
0001558370-23-012756,0001133818,BIO-PATH HOLDINGS INC  (BPTH)  (CIK 0001133818),BPTH,release_text,2023-08-01,2023-08-01T17:02:24,acceptance_time,2023-08-02,prexigebersen,2,acute myeloid leukemia,,,7960164,2023-05-11,https://www.sec.gov/Archives/edgar/data/1133818/000155837023012756/bpth-20230801x8k.htm
0001437749-23-022216,0001411685,"Vistagen Therapeutics, Inc.  (VTGN)  (CIK 0001411685)",VTGN,release_text,2023-08-07,2023-08-07T08:35:08,acceptance_time,2023-08-07,fasedienol,3,social anxiety disorder,PALISADE-2,,7872479,2023-06-28,https://www.sec.gov/Archives/edgar/data/1411685/000143774923022216/ex_555464.htm
0001372514-23-000118,0001372514,"KIORA PHARMACEUTICALS INC  (KPRX, KPHMW)  (CIK 0001372514)",KPRX,release_text,2023-08-08,2023-08-08T07:14:26,acceptance_time,2023-08-08,KIO-301,1b,Retinitis Pigmentosa,ABACUS,,2024270,2023-05-09,https://www.sec.gov/Archives/edgar/data/1372514/000137251423000118/ex991-pressreleasejune3020.htm
0001437749-23-022388,0001645469,Monopar Therapeutics  (MNPR)  (CIK 0001645469),MNPR,release_text,2023-08-08,2023-08-08T07:00:11,acceptance_time,2023-08-08,camsirubicin,1b,advanced soft tissue sarcoma,,,13222056.0,2023-05-11,https://www.sec.gov/Archives/edgar/data/1645469/000143774923022388/ex_555936.htm
0001437749-23-023025,0001659617,"Moleculin Biotech, Inc.  (MBRX)  (CIK 0001659617)",MBRX,release_text,2023-08-10,2023-08-10T16:05:20,acceptance_time,2023-08-11,Annamycin,1b/2,acute myeloid leukemia,MB-106,NCT04887298;NCT05319587;NCT05879250,29810443,2023-08-10,https://www.sec.gov/Archives/edgar/data/1659617/000143774923023025/ex_556750.htm
0000950170-23-042631,0001800315,"Galecto, Inc.  (GLTO)  (CIK 0001800315)",GLTO,release_text,2023-08-15,2023-08-15T08:00:58,acceptance_time,2023-08-15,GB0139,2b,idiopathic pulmonary fibrosis,GALACTIC-1,NCT03832946,27112697,2023-07-31,https://www.sec.gov/Archives/edgar/data/1800315/000095017023042631/glto-20230815.htm
0001193125-23-213897,0001060736,Seagen Inc.  (CIK 0001060736),SGEN,release_text,2023-08-16,2023-08-16T08:15:51,acceptance_time,2023-08-16,TUKYSA (tucatinib) in combination with ado-trastuzumab emtansine,3,HER2-positive metastatic breast cancer,HER2CLIMB-02,,187697935,2023-08-02,https://www.sec.gov/Archives/edgar/data/1060736/000119312523213897/d489292d8k.htm
0001558370-23-015014,0001680048,"MUSTANG BIO, INC.  (MBIO)  (CIK 0001680048)",MBIO,release_text,2023-08-16,2023-08-16T08:56:15,acceptance_time,2023-08-16,MB-106,1/2,relapsed or refractory B-cell non-Hodgkin lymphomas and chronic lymphocytic leukemia,,NCT03277729;NCT05360238,24976289,2017-03-31,https://www.sec.gov/Archives/edgar/data/1680048/000155837023015014/tmb-20230816xex99d1.htm
0001104659-23-092665,0000882095,"GILEAD SCIENCES, INC.  (GILD)  (CIK 0000882095)",GILD,sec_current,2023-08-16,2023-08-16T17:19:22,acceptance_time,2023-08-17,sacituzumab govitecan + pembrolizumab,2,metastatic non-small cell lung cancer,EVOKE-02,NCT05186974;NCT05609968,1246014353,2023-08-04,https://www.sec.gov/Archives/edgar/data/882095/000110465923092665/tm2323971d1_ex99-1.htm
0001140361-23-040255,0001472091,PDS Biotechnology Corp  (PDSB)  (CIK 0001472091),PDSB,release_text,2023-08-16,2023-08-17T16:05:42,release_date_only,2023-08-17,PDS0101,2,cervical cancer,IMMUNOCERV,,30868188,2023-08-14,https://www.sec.gov/Archives/edgar/data/1472091/000114036123040255/brhc20057648_ex99-1.htm
0000950170-23-045111,0000921299,FIBROGEN INC  (FGEN)  (CIK 0000921299),FGEN,release_text,2023-08-29,2023-08-29T17:14:23,acceptance_time,2023-08-30,pamrevlumab,3,Duchenne muscular dystrophy,LELANTOS-2,,98210168,2023-08-07,https://www.sec.gov/Archives/edgar/data/921299/000095017023045111/fgen-20230829.htm
0001104659-23-096868,0000786947,"ACURA PHARMACEUTICALS, INC  (ACUR)  (CIK 0000786947)",ACUR,release_text,,2023-08-30T16:10:17,acceptance_time,2023-08-31,LTX-03,,pain,Study 311,,66001783,2023-06-30,https://www.sec.gov/Archives/edgar/data/786947/000110465923096868/tm2325163d1_8k.htm
0001437749-23-025103,0000925741,"BioCardia, Inc.  (BCDA)  (CIK 0000925741)",BCDA,release_text,2023-09-05,2023-09-05T07:15:58,acceptance_time,2023-09-05,CardiAMP Cell Therapy,3,Heart Failure,CardiAMP Cell Therapy Heart Failure Trial,,21619432,2023-08-09,https://www.sec.gov/Archives/edgar/data/925741/000143774923025103/bcda20230904_8k.htm
0001193125-23-228019,0001060736,Seagen Inc.  (CIK 0001060736),,missing,2023-09-04,2023-09-05T06:07:01,release_date_only,2023-09-05,TIVDAK,3,recurrent or metastatic cervical cancer,innovaTV 301,NCT04697628,187697935,2023-08-02,https://www.sec.gov/Archives/edgar/data/1060736/000119312523228019/d437262d8k.htm
0001140361-23-042505,0001104506,INSMED Inc  (INSM)  (CIK 0001104506),INSM,release_text,2023-09-05,2023-09-05T07:00:31,acceptance_time,2023-09-05,ARIKAYCE,3,NTM lung disease,ARISE,,143800000,2023-08-03,https://www.sec.gov/Archives/edgar/data/1104506/000114036123042505/brhc20058439_8k.htm
0001387131-23-010769,0001430306,Tonix Pharmaceuticals Holding Corp.  (TNXP)  (CIK 0001430306),TNXP,release_text,2023-09-05,2023-09-05T07:07:58,acceptance_time,2023-09-05,TNX-102 SL,2,fibromyalgia-type Long COVID,PREVAIL,NCT05472090,17762341,2023-08-10,https://www.sec.gov/Archives/edgar/data/1430306/000138713123010769/ex99-01.htm
0001437749-23-025509,0001411685,"Vistagen Therapeutics, Inc.  (VTGN)  (CIK 0001411685)",VTGN,release_text,2023-09-05,2023-09-08T17:27:06,release_date_only,2023-09-06,PH80,2a,menopausal hot flashes,,,9362444,2023-08-10,https://www.sec.gov/Archives/edgar/data/1411685/000143774923025509/ex_567994.htm
0001437749-23-025314,0000072444,"Vaxart, Inc.  (VXRT)  (CIK 0000072444)",VXRT,release_text,2023-09-06,2023-09-06T16:43:07,acceptance_time,2023-09-07,monovalent norovirus vaccine candidate,2,norovirus,,NCT05212168,151968311,2023-08-03,https://www.sec.gov/Archives/edgar/data/72444/000143774923025314/ex_567528.htm
0001104659-23-098843,0001035354,"Eloxx Pharmaceuticals, Inc.  (ELOX)  (CIK 0001035354)",ELOX,release_text,2023-09-07,2023-09-07T10:14:41,acceptance_time,2023-09-07,ELX-02,2,Alport syndrome,,,2752774,2023-08-11,https://www.sec.gov/Archives/edgar/data/1035354/000110465923098843/tm2325683d1_8k.htm
0001493152-23-032041,0001610820,"BriaCell Therapeutics Corp.  (BCTX, BCTXW)  (CIK 0001610820)",BCTX,release_text,2023-09-08,2023-09-08T08:49:26,acceptance_time,2023-09-08,Bria-IMT™,2,advanced metastatic breast cancer,Bria-IMT™ plus check point inhibitors study,,15981726,2023-06-14,https://www.sec.gov/Archives/edgar/data/1610820/000149315223032041/ex99-1.htm
0001193125-23-231906,0001042074,"CymaBay Therapeutics, Inc.  (CIK 0001042074)",,missing,2023-09-07,2023-09-11T06:07:28,release_date_only,2023-09-08,seladelpar,3,PBC,RESPONSE,,98150137,2023-08-10,https://www.sec.gov/Archives/edgar/data/1042074/000119312523231906/d523011d8k.htm
0001493152-23-032175,0001862150,"Cingulate Inc.  (CING, CINGW)  (CIK 0001862150)",CING,release_text,2023-09-11,2023-09-11T06:10:11,acceptance_time,2023-09-11,CTx-1301,3,ADHD,CTx-1301-022,NCT05631626,15658798,2023-08-14,https://www.sec.gov/Archives/edgar/data/1862150/000149315223032175/ex99-2.htm
0001193125-23-231899,0001658247,"Crinetics Pharmaceuticals, Inc.  (CRNX)  (CIK 0001658247)",CRNX,release_text,2023-09-10,2023-09-11T06:05:58,release_date_only,2023-09-11,paltusotine,3,acromegaly,PATHFNDR-1,NCT04837040;NCT05192382,54686550,2023-08-08,https://www.sec.gov/Archives/edgar/data/1658247/000119312523231899/d657121d8k.htm
0000914475-23-000062,0000914475,NEUROCRINE BIOSCIENCES INC  (NBIX)  (CIK 0000914475),NBIX,release_text,2023-09-12,2023-09-12T07:31:30,acceptance_time,2023-09-12,crinecerfont,3,congenital adrenal hyperplasia,CAHtalyst,,97652450,2023-08-01,https://www.sec.gov/Archives/edgar/data/914475/000091447523000062/nbix-20230912.htm
0001818382-23-000125,0001818382,"Humacyte, Inc.  (HUMA, HUMAW)  (CIK 0001818382)",HUMA,release_text,2023-09-12,2023-09-12T07:09:12,acceptance_time,2023-09-12,Human Acellular Vessel (HAV),2/3,vascular trauma,V005,,103434507,2023-08-14,https://www.sec.gov/Archives/edgar/data/1818382/000181838223000125/huma-20230912.htm
0000950170-23-048470,0001394319,"Tracon Pharmaceuticals, Inc.  (TCON)  (CIK 0001394319)",TCON,release_text,2023-09-18,2023-09-18T08:10:44,acceptance_time,2023-09-18,envafolimab,2,soft tissue sarcoma,ENVASARC,NCT04480502,30699945,2023-08-14,https://www.sec.gov/Archives/edgar/data/1394319/000095017023048470/tcon-20230915.htm
0001558370-23-015840,0001557746,"Aclaris Therapeutics, Inc.  (ACRS)  (CIK 0001557746)",ACRS,release_text,2023-09-18,2023-09-18T08:00:25,acceptance_time,2023-09-18,ATI-2138,1,T cell-mediated autoimmune diseases,ATI-2138-PKPD-102,,70794642,2023-08-07,https://www.sec.gov/Archives/edgar/data/1557746/000155837023015840/acrs-20230918xex99d1.htm
0001104659-23-102121,0001017491,"SEELOS THERAPEUTICS, INC.  (SEEL)  (CIK 0001017491)",SEEL,release_text,2023-09-20,2023-09-20T07:00:47,acceptance_time,2023-09-20,SLS-002,2,Major Depressive Disorder,,NCT04669665,127365359,2023-08-11,https://www.sec.gov/Archives/edgar/data/1017491/000110465923102121/tm2326491d2_8k.htm
0001213900-23-078049,0001553643,"RELMADA THERAPEUTICS, INC.  (RLMD)  (CIK 0001553643)",RLMD,release_text,2023-09-20,2023-09-20T16:47:21,acceptance_time,2023-09-21,REL-1017,3,Major Depressive Disorder,Study 310,,30099203,2023-08-08,https://www.sec.gov/Archives/edgar/data/1553643/000121390023078049/ea185487ex99-1_relmada.htm
0001213900-23-078145,0001788028,"Jasper Therapeutics, Inc.  (JSPR, JSPRW)  (CIK 0001788028)",JSPR,release_text,2023-09-21,2023-09-21T08:05:09,acceptance_time,2023-09-21,briquilimab,1b,Fanconi Anemia,,NCT04784052,110800413,2023-08-11,https://www.sec.gov/Archives/edgar/data/1788028/000121390023078145/ea185533ex99-1_jasperthera.htm
0001193125-23-239983,0001060736,Seagen Inc.  (CIK 0001060736),SGEN,release_text,2023-09-22,2023-09-22T06:05:01,acceptance_time,2023-09-22,PADCEV and KEYTRUDA,3,urothelial cancer,EV-302,NCT03288545;NCT03924895;NCT04223856;NCT04700124,187697935,2023-08-02,https://www.sec.gov/Archives/edgar/data/1060736/000119312523239983/d558859d8k.htm
0001437749-23-026647,0001822791,"Clene Inc.  (CLNN, CLNNW)  (CIK 0001822791)",CLNN,release_text,2023-09-25,2023-09-25T07:01:51,acceptance_time,2023-09-25,CNM-Au8,,amyotrophic lateral sclerosis,HEALEY ALS Platform Trial,,128404735,2023-08-14,https://www.sec.gov/Archives/edgar/data/1822791/000143774923026647/ex_572847.htm
0001193125-23-241849,0001746473,"PLIANT THERAPEUTICS, INC.  (PLRX)  (CIK 0001746473)",PLRX,release_text,2023-09-26,2023-09-26T07:34:28,acceptance_time,2023-09-26,bexotegrast,2a,primary sclerosing cholangitis,INTEGRIS-PSC,NCT04480840,59834098,2023-08-09,https://www.sec.gov/Archives/edgar/data/1746473/000119312523241849/d473253d8k.htm
0001764013-23-000114,0001764013,"Immunovant, Inc.  (IMVT)  (CIK 0001764013)",IMVT,release_text,2023-09-26,2023-09-26T07:45:51,acceptance_time,2023-09-26,IMVT-1402,1,autoimmune diseases,,,130671667,2023-08-10,https://www.sec.gov/Archives/edgar/data/1764013/000176401323000114/exhibit99120230926.htm
0001140361-23-045178,0001635088,Roivant Sciences Ltd.  (ROIV)  (CIK 0001635088),ROIV,sec_current,2023-09-26,2023-09-26T08:00:43,acceptance_time,2023-09-26,IMVT-1402,1,autoimmune disease,,,771742197,2023-08-14,https://www.sec.gov/Archives/edgar/data/1635088/000114036123045178/ef20011235_8k.htm
0001140361-23-045170,0000874015,IONIS PHARMACEUTICALS INC  (IONS)  (CIK 0000874015),IONS,release_text,2023-09-26,2023-09-26T07:05:21,acceptance_time,2023-09-26,olezarsen,3,familial chylomicronemia syndrome,Balance,NCT04568434,143326208,2023-08-09,https://www.sec.gov/Archives/edgar/data/874015/000114036123045170/ef20011263_8k.htm
0001126234-23-000093,0001126234,"LUMOS PHARMA, INC.  (LUMO)  (CIK 0001126234)",LUMO,release_text,2023-09-26,2023-09-26T16:34:15,acceptance_time,2023-09-27,LUM-201,2,Pediatric Growth Hormone Deficiency,OraGrowtH212,,7935437,2023-08-10,https://www.sec.gov/Archives/edgar/data/1126234/000112623423000093/lumo-20230926x8kxex991.htm
0000950170-23-049928,0001693011,"Inozyme Pharma, Inc.  (INZY)  (CIK 0001693011)",INZY,release_text,2023-09-26,2023-09-26T16:12:51,acceptance_time,2023-09-27,INZ-701,1/2,ENPP1 Deficiency and ABCC6 Deficiency,,,61729666,2023-08-08,https://www.sec.gov/Archives/edgar/data/1693011/000095017023049928/inzy-20230926.htm
0001493152-23-033833,0000764195,VBI Vaccines Inc/BC  (VBIVQ)  (CIK 0000764195),VBIV,release_text,2023-09-27,2023-09-27T07:30:36,acceptance_time,2023-09-27,VBI-2901,1,COVID-19,,,22872175,2023-08-14,https://www.sec.gov/Archives/edgar/data/764195/000149315223033833/ex99-1.htm
0000950170-23-050039,0001463361,"Unity Biotechnology, Inc.  (UBX)  (CIK 0001463361)",UBX,release_text,2023-09-27,2023-09-27T07:05:08,acceptance_time,2023-09-27,UBX1325,2,wet age-related macular degeneration,ENVISION,NCT05275205,14601258,2023-08-08,https://www.sec.gov/Archives/edgar/data/1463361/000095017023050039/ubx-ex99_1.htm
0001104659-23-105027,0001888886,Structure Therapeutics Inc.  (GPCR)  (CIK 0001888886),GPCR,release_text,2023-09-29,2023-09-29T07:38:34,acceptance_time,2023-09-29,GSBR-1290,1b,type 2 diabetes and obesity,,,114805483,2023-08-10,https://www.sec.gov/Archives/edgar/data/1888886/000110465923105027/tm2327162d2_ex99-1.htm
0000950170-23-050922,0001395937,Syndax Pharmaceuticals Inc  (SNDX)  (CIK 0001395937),SNDX,release_text,2023-10-02,2023-10-02T07:04:22,acceptance_time,2023-10-02,revumenib,,relapsed/refractory KMT2A-rearranged acute myeloid leukemia and acute lymphoid leukemia,AUGMENT-101,,69484053.0,2023-08-03,https://www.sec.gov/Archives/edgar/data/1395937/000095017023050922/sndx-20231002.htm
0001140361-23-046297,0001472091,PDS Biotechnology Corp  (PDSB)  (CIK 0001472091),PDSB,release_text,2023-10-02,2023-10-02T16:05:34,acceptance_time,2023-10-03,PDS0101,2,cervical cancer,IMMUNOCERV,,30868188,2023-08-14,https://www.sec.gov/Archives/edgar/data/1472091/000114036123046297/ef20011787_ex99-1.htm
0001104659-23-105928,0001736243,"Acurx Pharmaceuticals, Inc.  (ACXP)  (CIK 0001736243)",ACXP,release_text,2023-10-02,2023-10-02T16:41:12,acceptance_time,2023-10-03,ibezapolstat,2b,Clostridioides difficile infection,,NCT04247542,13005128,2023-08-11,https://www.sec.gov/Archives/edgar/data/1736243/000110465923105928/tm2327257d1_8k.htm
0000950170-23-051278,0001445283,"KINETA, INC./DE  (KA)  (CIK 0001445283)",KA,release_text,2023-10-03,2023-10-03T08:30:08,acceptance_time,2023-10-03,KVA12123,1/2,advanced solid tumors,VISTA-101,NCT05708950,9769097,2023-08-11,https://www.sec.gov/Archives/edgar/data/1445283/000095017023051278/ka-ex99_1.htm
0001193125-23-250342,0001061027,"Viracta Therapeutics, Inc.  (VIRX)  (CIK 0001061027)",VIRX,release_text,2023-10-04,2023-10-04T07:01:09,acceptance_time,2023-10-04,Nana-val,1b/2,Epstein-Barr virus (EBV)-associated cancers,NAVAL-1,NCT05011058;NCT05166577,38580354,2023-08-14,https://www.sec.gov/Archives/edgar/data/1061027/000119312523250342/d560861dex991.htm
0001193125-23-250357,0001810182,ALX ONCOLOGY HOLDINGS INC  (ALXO)  (CIK 0001810182),ALXO,release_text,2023-10-03,2023-10-04T08:00:55,release_date_only,2023-10-04,evorpacept,2,HER2-positive gastric/gastroesophageal junction cancer,ASPEN-06,,41151819,2023-08-10,https://www.sec.gov/Archives/edgar/data/1810182/000119312523250357/d539238d8k.htm
0001193125-23-251960,0001808158,Repare Therapeutics Inc.  (RPTX)  (CIK 0001808158),RPTX,release_text,2023-10-04,2023-10-06T07:56:00,release_date_only,2023-10-05,lunresertib and camonsertib,1,,MYTHIC,,42094446,2023-08-09,https://www.sec.gov/Archives/edgar/data/1808158/000119312523251960/d472355d8k.htm
0001013762-23-002000,0001721484,Longeveron Inc.  (LGVN)  (CIK 0001721484),LGVN,release_text,2023-10-05,2023-10-05T07:36:14,acceptance_time,2023-10-05,Lomecel-B,2a,mild Alzheimer’s disease,CLEAR MIND,NCT05233774,,,https://www.sec.gov/Archives/edgar/data/1721484/000101376223002000/ea186354-8k_longeveron.htm
0001193125-23-250724,0001861560,"Nuvalent, Inc.  (NUVL)  (CIK 0001861560)",NUVL,release_text,2023-10-04,2023-10-04T16:05:52,acceptance_time,2023-10-05,NVL-655,1,ALK-positive non-small cell lung cancer,ALKOVE-1,NCT05384626,3129384,2021-09-08,https://www.sec.gov/Archives/edgar/data/1861560/000119312523250724/d541910d8k.htm
0001193805-23-001384,0001280776,"IMMUNIC, INC.  (IMUX)  (CIK 0001280776)",IMUX,release_text,2023-10-09,2023-10-10T08:48:42,release_date_only,2023-10-10,vidofludimus calcium,2,progressive multiple sclerosis,CALLIPER,,44595383,2023-08-03,https://www.sec.gov/Archives/edgar/data/1280776/000119380523001384/e618990_8k-immunic.htm
0001370053-23-000054,0001370053,"ANAPTYSBIO, INC  (ANAB)  (CIK 0001370053)",ANAB,release_text,2023-10-09,2023-10-10T09:01:13,release_date_only,2023-10-10,imsidolimab,3,generalized pustular psoriasis,GEMINI-1,,26545578,2023-08-07,https://www.sec.gov/Archives/edgar/data/1370053/000137005323000054/anaptysannouncespositive.htm
0001104659-23-107819,0001720893,"BioXcel Therapeutics, Inc.  (BTAI)  (CIK 0001720893)",BTAI,release_text,2023-10-10,2023-10-10T07:06:00,acceptance_time,2023-10-10,BXCL701,2,small cell neuroendocrine prostate cancer,,,29267197,2023-08-14,https://www.sec.gov/Archives/edgar/data/1720893/000110465923107819/tm2328065d1_ex99-1.htm
0001193125-23-253123,0001744659,"Akero Therapeutics, Inc.  (AKRO)  (CIK 0001744659)",AKRO,release_text,2023-10-10,2023-10-10T08:04:32,acceptance_time,2023-10-10,efruxifermin,2b,compensated cirrhosis (F4) due to nonalcoholic steatohepatitis (NASH),SYMMETRY,,55602175,2023-08-11,https://www.sec.gov/Archives/edgar/data/1744659/000119312523253123/d512932d8k.htm
0001193125-23-253008,0001851194,"Ventyx Biosciences, Inc.  (VTYX)  (CIK 0001851194)",VTYX,release_text,2023-10-09,2023-10-10T06:17:37,release_date_only,2023-10-10,VTX002,2,ulcerative colitis,,,58888436,2023-08-10,https://www.sec.gov/Archives/edgar/data/1851194/000119312523253008/d557092dex991.htm
0001437749-23-028018,0001368148,"ATHERSYS, INC / NEW  (ATHXQ)  (CIK 0001368148)",ATHX,release_text,2023-10-10,2023-10-11T09:27:44,release_date_only,2023-10-11,MultiStem,3,ischemic stroke,MASTERS-2,,22501410,2023-08-16,https://www.sec.gov/Archives/edgar/data/1368148/000143774923028018/ex_578513.htm
0001140361-23-047809,0001472091,PDS Biotechnology Corp  (PDSB)  (CIK 0001472091),PDSB,release_text,2023-10-11,2023-10-11T16:02:24,acceptance_time,2023-10-12,PDS0301,1/2,metastatic prostate cancer,,NCT04633252,30868188,2023-08-14,https://www.sec.gov/Archives/edgar/data/1472091/000114036123047809/ef20012338_ex99-1.htm
0001558370-23-016428,0001802665,"Harmony Biosciences Holdings, Inc.  (HRMY)  (CIK 0001802665)",HRMY,release_text,2023-10-13,2023-10-13T08:15:25,acceptance_time,2023-10-13,pitolisant,3,idiopathic hypersomnia,INTUNE,,60000145,2023-08-01,https://www.sec.gov/Archives/edgar/data/1802665/000155837023016428/hrmy-20231013x8k.htm
0001193125-23-255083,0001699382,"PMV Pharmaceuticals, Inc.  (PMVP)  (CIK 0001699382)",PMVP,release_text,2023-10-12,2023-10-12T17:02:32,acceptance_time,2023-10-13,PC14586,1,solid tumors with a TP53 Y220C mutation,PYNNACLE,NCT04585750,48454582,2023-08-09,https://www.sec.gov/Archives/edgar/data/1699382/000119312523255083/d534012dex991.htm
0000950170-23-053109,0001812364,"Relay Therapeutics, Inc.  (RLAY)  (CIK 0001812364)",RLAY,release_text,2023-10-12,2023-10-12T16:13:45,acceptance_time,2023-10-13,RLY-4008 (lirafugratinib),1/2,FGFR2-altered solid tumors,ReFocus,,122133716,2023-08-08,https://www.sec.gov/Archives/edgar/data/1812364/000095017023053109/rlay-20231012.htm
0001104659-23-108892,0001477845,"Annovis Bio, Inc.  (ANVS)  (CIK 0001477845)",ANVS,release_text,2023-10-12,2023-10-12T19:39:37,acceptance_time,2023-10-13,buntanetap,2/3,Alzheimer’s Disease,,,9012273,2023-08-14,https://www.sec.gov/Archives/edgar/data/1477845/000110465923108892/tm2328385d1_ex99-1.htm
0001193125-23-256537,0001515673,Ultragenyx Pharmaceutical Inc.  (RARE)  (CIK 0001515673),RARE,release_text,2023-10-14,2023-10-16T08:05:33,release_date_only,2023-10-16,setrusumab (UX143),2,Osteogenesis Imperfecta (OI),Orbit,,71488598,2023-08-04,https://www.sec.gov/Archives/edgar/data/1515673/000119312523256537/d548890d8k.htm
0001437749-23-028296,0001285819,OMEROS CORP  (OMER)  (CIK 0001285819),OMER,release_text,2023-10-16,2023-10-16T16:36:07,acceptance_time,2023-10-17,narsoplimab,3,IgA nephropathy,ARTEMIS-IGAN,,62855824,2023-08-09,https://www.sec.gov/Archives/edgar/data/1285819/000143774923028296/ex_579466.htm
0001558370-23-016468,0001781983,"Aprea Therapeutics, Inc.  (APRE)  (CIK 0001781983)",APRE,release_text,2023-10-16,2023-10-16T17:29:22,acceptance_time,2023-10-17,ATRN-119,1,solid tumors,,NCT04905914,3736673,2023-08-10,https://www.sec.gov/Archives/edgar/data/1781983/000155837023016468/apre-20231016x8k.htm
0001694665-23-000163,0001694665,"Evelo Biosciences, Inc.  (EVLO)  (CIK 0001694665)",EVLO,release_text,2023-10-17,2023-10-17T07:05:54,acceptance_time,2023-10-17,EDP2939,2,moderate psoriasis,,,18835066,2023-08-14,https://www.sec.gov/Archives/edgar/data/1694665/000169466523000163/evlo-20231017.htm
0000950170-23-053653,0001826457,"Monte Rosa Therapeutics, Inc.  (GLUE)  (CIK 0001826457)",GLUE,sec_current,2023-10-17,2023-10-17T07:55:51,acceptance_time,2023-10-17,MRT-2359,1/2,MYC-driven solid tumors,,NCT05546268,49383711,2023-05-11,https://www.sec.gov/Archives/edgar/data/1826457/000095017023053653/glue-20231017.htm
0000950170-23-053894,0001841387,"Candel Therapeutics, Inc.  (CADL)  (CIK 0001841387)",CADL,release_text,2023-10-18,2023-10-18T11:31:17,acceptance_time,2023-10-18,CAN-3110,1,recurrent high-grade glioma,,,28919810,2023-08-10,https://www.sec.gov/Archives/edgar/data/1841387/000095017023053894/cadl-ex99_1.htm
0001104659-23-110119,0001837607,"AEON Biopharma, Inc.  (AEON)  (CIK 0001837607)",AEON,release_text,2023-10-19,2023-10-19T16:23:37,acceptance_time,2023-10-20,ABP-450,2,episodic migraine,,,,,https://www.sec.gov/Archives/edgar/data/1837607/000110465923110119/tm2328542d1_8k.htm
0000950170-23-054504,0001520262,Alkermes plc.  (ALKS)  (CIK 0001520262),ALKS,release_text,2023-10-23,2023-10-23T08:27:29,acceptance_time,2023-10-23,ALKS 2680,1,narcolepsy,,,166558735,2023-07-26,https://www.sec.gov/Archives/edgar/data/1520262/000095017023054504/alks-ex99_1.htm
0001279569-23-001328,0001633932,ESSA Pharma Inc.  (EPIX)  (CIK 0001633932),EPIX,release_text,2023-10-21,2023-10-23T16:19:43,release_date_only,2023-10-23,masofaniten,1,metastatic castration-resistant prostate cancer,,NCT04421222;NCT05075577,44100838,2023-08-08,https://www.sec.gov/Archives/edgar/data/1633932/000127956923001328/ex991.htm
0001655759-23-000084,0001655759,"ARVINAS, INC.  (ARVN)  (CIK 0001655759)",ARVN,release_text,2023-10-22,2023-10-23T08:30:27,release_date_only,2023-10-23,bavdegalutamide,1/2,metastatic castration-resistant prostate cancer,,,53485023,2023-08-08,https://www.sec.gov/Archives/edgar/data/1655759/000165575923000084/arvn-20231022.htm
0001193125-23-260370,0001676725,"IDEAYA Biosciences, Inc.  (IDYA)  (CIK 0001676725)",IDYA,release_text,2023-10-23,2023-10-23T08:09:52,acceptance_time,2023-10-23,darovasertib and crizotinib,2,metastatic uveal melanoma,,NCT05987332,57559234,2023-08-10,https://www.sec.gov/Archives/edgar/data/1676725/000119312523260370/d559317d8k.htm
0001558370-23-016589,0001750284,"Olema Pharmaceuticals, Inc.  (OLMA)  (CIK 0001750284)",OLMA,release_text,2023-10-22,2023-10-23T07:45:32,release_date_only,2023-10-23,palazestrant,2,metastatic ER+/HER2- breast cancer,OPERA-01,,41352381,2023-08-08,https://www.sec.gov/Archives/edgar/data/1750284/000155837023016589/olma-20231022x8k.htm
0001193125-23-260795,0001796280,"Oric Pharmaceuticals, Inc.  (ORIC)  (CIK 0001796280)",ORIC,release_text,2023-10-21,2023-10-23T16:07:29,release_date_only,2023-10-23,ORIC-114,1,EGFR or HER2 exon 20 mutated non-small cell lung cancer,,,54532614,2023-08-10,https://www.sec.gov/Archives/edgar/data/1796280/000119312523260795/d561418d8k.htm
0000950170-23-054508,0001800315,"Galecto, Inc.  (GLTO)  (CIK 0001800315)",GLTO,release_text,2023-10-23,2023-10-23T09:00:08,acceptance_time,2023-10-23,GB1211,1b/2a,metastatic/advanced non-small cell lung cancer,GALLANT-1,NCT05240131,27112697,2023-07-31,https://www.sec.gov/Archives/edgar/data/1800315/000095017023054508/glto-20231023.htm
0001654954-23-013323,0000725363,CEL SCI CORP  (CVM)  (CIK 0000725363),CVM,release_text,2023-10-23,2023-10-24T10:18:53,release_date_only,2023-10-24,Multikine,3,head and neck cancer,,,47260097,2023-08-10,https://www.sec.gov/Archives/edgar/data/725363/000165495423013323/cvm_ex99.htm
0001104659-23-110959,0001829635,"Transcode Therapeutics, Inc.  (RNAZ)  (CIK 0001829635)",RNAZ,release_text,2023-10-24,2023-10-24T08:05:13,acceptance_time,2023-10-24,TTX-MC138,0,metastatic cancer,,,2025674,2023-08-14,https://www.sec.gov/Archives/edgar/data/1829635/000110465923110959/tm2328571d1_ex99-1.htm
0001193125-23-266305,0001878313,"MAIA Biotechnology, Inc.  (MAIA)  (CIK 0001878313)",MAIA,release_text,2023-10-24,2023-10-30T17:24:29,release_date_only,2023-10-25,THIO,2,Non-Small Cell Lung Cancer,THIO-101,NCT05208944,13625925,2023-08-08,https://www.sec.gov/Archives/edgar/data/1878313/000119312523266305/d570319d8k.htm
0001520138-23-000457,0001580149,BIOVIE INC.  (BIVI)  (CIK 0001580149),BIVI,release_text,2023-10-25,2023-10-25T13:04:10,acceptance_time,2023-10-25,NE3107,3,Alzheimer’s Disease,NCT04669028,NCT04669028;NCT05083260;NCT05227820,36803768,2023-08-16,https://www.sec.gov/Archives/edgar/data/1580149/000152013823000457/bivi-20231025_8k.htm
0001437749-23-029310,0001742927,"REVIVA PHARMACEUTICALS HOLDINGS, INC.  (RVPH, RVPHW)  (CIK 0001742927)",RVPH,release_text,2023-10-30,2023-10-30T08:20:19,acceptance_time,2023-10-30,brilaroxazine,3,schizophrenia,RECOVER,,22650266,2023-08-14,https://www.sec.gov/Archives/edgar/data/1742927/000143774923029310/ex_587522.htm
0001171843-23-006522,0000882361,Aptose Biosciences Inc.  (APTO)  (CIK 0000882361),APTO,release_text,2023-10-30,2023-10-30T09:20:21,acceptance_time,2023-10-30,tuspetinib,,acute myeloid leukemia,APTIVATE,,6519201,2023-08-10,https://www.sec.gov/Archives/edgar/data/882361/000117184323006522/exh_991.htm
0001831283-23-000117,0001831283,LianBio  (LIANY)  (CIK 0001831283),LIAN,release_text,2023-10-30,2023-10-30T16:16:40,acceptance_time,2023-10-31,TP-03,3,Demodex blepharitis,LIBRA,NCT05629390,107167609,2023-08-14,https://www.sec.gov/Archives/edgar/data/1831283/000183128323000117/exhibit991pressreleaseissu.htm
0000950170-23-056547,0001498382,"Kintara Therapeutics, Inc.  (KTRA)  (CIK 0001498382)",KTRA,release_text,2023-10-31,2023-10-31T08:10:08,acceptance_time,2023-10-31,VAL-083,,glioblastoma,GBM AGILE,,1746408,2023-09-18,https://www.sec.gov/Archives/edgar/data/1498382/000095017023056547/ktra-20231031.htm
0001558370-23-017061,0001621227,Adaptimmune Therapeutics PLC  (ADAP)  (CIK 0001621227),ADAP,release_text,2023-10-31,2023-10-31T08:07:38,acceptance_time,2023-10-31,lete-cel,,synovial sarcoma or myxoid/round cell liposarcoma,IGNYTE-ESO,NCT03967223,1357031946,2023-08-09,https://www.sec.gov/Archives/edgar/data/1621227/000155837023017061/adap-20231031xex99d1.htm
0001493152-23-038800,0001857044,"Indaptus Therapeutics, Inc.  (INDP)  (CIK 0001857044)",INDP,release_text,2023-10-31,2023-10-31T09:12:31,acceptance_time,2023-10-31,Decoy20,1,,INDP-D101,,8401047,2023-08-14,https://www.sec.gov/Archives/edgar/data/1857044/000149315223038800/form8-k.htm
0001387131-23-012958,0001430306,Tonix Pharmaceuticals Holding Corp.  (TNXP)  (CIK 0001430306),TNXP,release_text,2023-10-31,2023-10-31T17:06:35,acceptance_time,2023-11-01,TNX-601 ER,2,major depressive disorder,UPLIFT,NCT05686408,17762341,2023-08-10,https://www.sec.gov/Archives/edgar/data/1430306/000138713123012958/ex99-01.htm
0001739614-23-000071,0001739614,"Inhibrx, Inc.  (CIK 0001739614)",INBX,release_text,2023-11-02,2023-11-02T09:16:37,acceptance_time,2023-11-02,INBRX-109,1,Ewing sarcoma,,,43668153,2023-08-07,https://www.sec.gov/Archives/edgar/data/1739614/000173961423000071/ex991nov2023-inbrxx109ewin.htm
0001626199-23-000103,0001626199,"ALPINE IMMUNE SCIENCES, INC.  (CIK 0001626199)",ALPN,release_text,2023-11-02,2023-11-02T09:12:20,acceptance_time,2023-11-02,povetacicept,1b/2a,autoimmune glomerulonephritis,RUBY-3,NCT05732402,49201547,2023-08-14,https://www.sec.gov/Archives/edgar/data/1626199/000162619923000103/alpn-20231102.htm
0001193125-23-268319,0001783183,"Phathom Pharmaceuticals, Inc.  (PHAT)  (CIK 0001783183)",PHAT,release_text,2023-11-01,2023-11-01T17:06:00,acceptance_time,2023-11-02,VOQUEZNA,3,Erosive GERD,PHALCON-EE,NCT04124926,56803183,2023-08-10,https://www.sec.gov/Archives/edgar/data/1783183/000119312523268319/d579199d8k.htm
0000950170-23-058629,0001673772,"RAPT Therapeutics, Inc.  (RAPT)  (CIK 0001673772)",RAPT,release_text,2023-11-03,2023-11-03T12:03:08,acceptance_time,2023-11-03,FLX475,2,non-small cell lung cancer,,,34358152,2023-08-11,https://www.sec.gov/Archives/edgar/data/1673772/000095017023058629/rapt-20231103.htm
0001104659-23-114274,0001736243,"Acurx Pharmaceuticals, Inc.  (ACXP)  (CIK 0001736243)",ACXP,release_text,2023-11-02,2023-11-03T16:05:29,release_date_only,2023-11-03,ibezapolstat,2,C. difficile Infection,,NCT04247542,13005128,2023-08-11,https://www.sec.gov/Archives/edgar/data/1736243/000110465923114274/tm2329812d1_ex99-1.htm
0001193125-23-269869,0001785530,"Werewolf Therapeutics, Inc.  (HOWL)  (CIK 0001785530)",HOWL,release_text,2023-11-03,2023-11-03T07:05:31,acceptance_time,2023-11-03,WTX-124,1/1b,advanced or metastatic solid tumors,WTX-124x2101,,35658050,2023-08-10,https://www.sec.gov/Archives/edgar/data/1785530/000119312523269869/d503964d8k.htm
0001104659-23-114509,0001080014,"Innoviva, Inc.  (INVA)  (CIK 0001080014)",INVA,sec_current,2023-11-02,2023-11-06T08:30:21,release_date_only,2023-11-03,zoliflodacin,3,uncomplicated gonorrhea,,,64086675,2023-11-01,https://www.sec.gov/Archives/edgar/data/1080014/000110465923114509/tm2327472d2_8k.htm
0000950170-23-059024,0001841387,"Candel Therapeutics, Inc.  (CADL)  (CIK 0001841387)",CADL,release_text,2023-11-03,2023-11-06T08:15:18,release_date_only,2023-11-06,CAN-2409,2,non-metastatic pancreatic cancer,,,28919810,2023-08-10,https://www.sec.gov/Archives/edgar/data/1841387/000095017023059024/cadl-20231103.htm
0001193125-23-270879,0001804591,23andMe Holding Co.  (ME)  (CIK 0001804591),ME,release_text,2023-11-06,2023-11-06T08:15:54,acceptance_time,2023-11-06,23ME-00610,1/2a,advanced solid tumors,,NCT05199272,,,https://www.sec.gov/Archives/edgar/data/1804591/000119312523270879/d559421dex991.htm
0001437749-23-030286,0001659617,"Moleculin Biotech, Inc.  (MBRX)  (CIK 0001659617)",MBRX,release_text,2023-11-06,2023-11-06T08:35:10,acceptance_time,2023-11-06,Annamycin,1B/2,soft tissue sarcoma lung metastases,MB107,NCT04887298,29810443,2023-08-10,https://www.sec.gov/Archives/edgar/data/1659617/000143774923030286/ex_590270.htm
0001628280-23-036888,0001821586,MoonLake Immunotherapeutics  (MLTX)  (CIK 0001821586),MLTX,release_text,2023-11-05,2023-11-06T07:55:32,release_date_only,2023-11-06,sonelokimab,2,active psoriatic arthritis,ARGO,NCT03384745;NCT05322473;NCT05640245,,,https://www.sec.gov/Archives/edgar/data/1821586/000162828023036888/exhibit991-8xkx110623.htm
0000950170-23-059031,0001445283,"KINETA, INC./DE  (KA)  (CIK 0001445283)",KA,release_text,2023-11-06,2023-11-06T08:30:22,acceptance_time,2023-11-06,KVA12123,1/2,advanced solid tumors,VISTA-101,NCT05708950,10393567,2023-11-03,https://www.sec.gov/Archives/edgar/data/1445283/000095017023059031/ka-ex99_1.htm
0001372514-23-000154,0001372514,"KIORA PHARMACEUTICALS INC  (KPRX, KPHMW)  (CIK 0001372514)",KPRX,release_text,2023-11-04,2023-11-06T06:05:28,release_date_only,2023-11-06,KIO-301,1/2,Retinitis Pigmentosa,ABACUS,,7247050,2023-08-08,https://www.sec.gov/Archives/edgar/data/1372514/000137251423000154/ex991-pressreleasenovember.htm
0001558370-23-017593,0001840233,"Xilio Therapeutics, Inc.  (XLO)  (CIK 0001840233)",XLO,release_text,2023-11-03,2023-11-03T16:05:21,acceptance_time,2023-11-06,XTX202,1/2,advanced solid tumors,,NCT05052268,27539620,2023-08-14,https://www.sec.gov/Archives/edgar/data/1840233/000155837023017593/xlo-20231103x8k.htm
0001193125-23-270377,0001829802,"Sensei Biotherapeutics, Inc.  (SNSE)  (CIK 0001829802)",SNSE,release_text,2023-11-03,2023-11-03T16:11:17,acceptance_time,2023-11-06,SNS-101,1/2,advanced solid tumors,,,26583819,2023-08-03,https://www.sec.gov/Archives/edgar/data/1829802/000119312523270377/d556062d8k.htm
0000950170-23-058996,0001468748,Kodiak Sciences Inc.  (KOD)  (CIK 0001468748),KOD,release_text,2023-11-06,2023-11-06T06:05:54,acceptance_time,2023-11-06,tarcocimab tedromer,3,moderately severe to severe non-proliferative diabetic retinopathy,GLOW,,52453163,2023-08-14,https://www.sec.gov/Archives/edgar/data/1468748/000095017023058996/kod-20231106.htm
0001193125-23-271351,0001501796,"Aura Biosciences, Inc.  (AURA)  (CIK 0001501796)",AURA,release_text,2023-11-06,2023-11-06T16:01:05,acceptance_time,2023-11-07,belzupacap sarotalocan,3,early-stage Choroidal Melanoma,CoMpass,NCT04417530,38197098,2023-08-09,https://www.sec.gov/Archives/edgar/data/1501796/000119312523271351/d471944d8k.htm
0001193125-23-271463,0001851194,"Ventyx Biosciences, Inc.  (VTYX)  (CIK 0001851194)",VTYX,release_text,2023-11-06,2023-11-06T17:15:32,acceptance_time,2023-11-07,VTX958,2,moderate to severe plaque psoriasis,SERENITY,,58888436,2023-08-10,https://www.sec.gov/Archives/edgar/data/1851194/000119312523271463/d471746d8k.htm
0000950170-23-060249,0001082038,DURECT CORP  (DRRX)  (CIK 0001082038),DRRX,release_text,2023-11-07,2023-11-07T16:10:15,acceptance_time,2023-11-08,larsucosterol,2b,alcohol-associated hepatitis,AHFIRM,NCT04563026,27600079,2023-08-10,https://www.sec.gov/Archives/edgar/data/1082038/000095017023060249/drrx-20231107.htm
0001126234-23-000102,0001126234,"LUMOS PHARMA, INC.  (LUMO)  (CIK 0001126234)",LUMO,release_text,2023-11-07,2023-11-07T16:08:53,acceptance_time,2023-11-08,LUM-201,2,pediatric growth hormone deficiency,OraGrowtH210 and OraGrowtH212,,7914582,2023-11-07,https://www.sec.gov/Archives/edgar/data/1126234/000112623423000102/lumo-20231107.htm
0001193125-23-273808,0001604464,"Atara Biotherapeutics, Inc.  (ATRA)  (CIK 0001604464)",ATRA,release_text,2023-11-08,2023-11-08T21:16:51,acceptance_time,2023-11-09,ATA188,2,non-active progressive multiple sclerosis,EMBOLD,,101922250,2023-11-01,https://www.sec.gov/Archives/edgar/data/1604464/000119312523273808/d139069d8k.htm
0001104659-23-116327,0001828185,Barinthus Biotherapeutics plc.  (BRNS)  (CIK 0001828185),BRNS,release_text,2023-11-09,2023-11-09T16:32:00,acceptance_time,2023-11-10,VTP-300,2b,chronic hepatitis B,HBV003,,38565272,2023-11-09,https://www.sec.gov/Archives/edgar/data/1828185/000110465923116327/tm2330270d2_8k.htm
0001193125-23-274580,0001613780,DBV Technologies S.A.  (DBVT)  (CIK 0001613780),DBVT,release_text,2023-11-09,2023-11-09T16:52:32,acceptance_time,2023-11-10,Viaskin Peanut,3,peanut allergy,EPOPEX,,96288553,2023-10-31,https://www.sec.gov/Archives/edgar/data/1613780/000119312523274580/d286743dex991.htm
0001171843-23-006951,0001447028,Arbutus Biopharma Corp  (ABUS)  (CIK 0001447028),ABUS,release_text,2023-11-09,2023-11-09T16:02:39,acceptance_time,2023-11-10,imdusiran and VTP-300,2a,chronic hepatitis B virus,AB-729-202,,167695247,2023-11-07,https://www.sec.gov/Archives/edgar/data/1447028/000117184323006951/exh_991.htm
0001140361-23-052447,0001472091,PDS Biotechnology Corp  (PDSB)  (CIK 0001472091),PDSB,release_text,2023-11-09,2023-11-09T16:07:59,acceptance_time,2023-11-10,"PDS0101, PDS0301, and an investigational immune checkpoint inhibitor",2,HPV16-positive cancer,,,30868188,2023-08-14,https://www.sec.gov/Archives/edgar/data/1472091/000114036123052447/ef20014445_8k.htm
0001558370-23-018691,0001557746,"Aclaris Therapeutics, Inc.  (ACRS)  (CIK 0001557746)",ACRS,sec_current,2023-11-13,2023-11-13T07:42:20,acceptance_time,2023-11-13,Zunsemetinib (ATI-450),2b,Rheumatoid Arthritis,,,70836194,2023-11-06,https://www.sec.gov/Archives/edgar/data/1557746/000155837023018691/acrs-20231113x8k.htm
0001193125-23-275264,0001840574,"Verve Therapeutics, Inc.  (VERV)  (CIK 0001840574)",VERV,release_text,2023-11-12,2023-11-13T06:34:58,release_date_only,2023-11-13,VERVE-101,1b,"heterozygous familial hypercholesterolemia, established atherosclerotic cardiovascular disease and uncontrolled hypercholesterolemia",heart-1,,63752748,2023-11-07,https://www.sec.gov/Archives/edgar/data/1840574/000119312523275264/d579390d8k.htm
0001193125-23-278840,0001827087,"Vigil Neuroscience, Inc.  (VIGL)  (CIK 0001827087)",VIGL,release_text,2023-11-16,2023-11-16T16:31:03,acceptance_time,2023-11-17,iluzanebart,2,adult-onset leukoencephalopathy with axonal spheroids and pigmented glia,IGNITE,,35877421,2023-11-07,https://www.sec.gov/Archives/edgar/data/1827087/000119312523278840/d945726d8k.htm
0001104659-23-119287,0001773427,"SpringWorks Therapeutics, Inc.  (SWTX)  (CIK 0001773427)",SWTX,release_text,2023-11-16,2023-11-17T07:00:20,release_date_only,2023-11-17,mirdametinib,2b,neurofibromatosis type 1-associated plexiform neurofibromas,ReNeu,NCT03962543,62578877,2023-11-02,https://www.sec.gov/Archives/edgar/data/1773427/000110465923119287/tm2330918d1_8k.htm
0001493152-23-041984,0000764195,VBI Vaccines Inc/BC  (VBIVQ)  (CIK 0000764195),VBIV,release_text,2023-11-20,2023-11-20T08:00:27,acceptance_time,2023-11-20,VBI-1901,1/2a,recurrent glioblastoma,,NCT03382977,23687695,2023-11-14,https://www.sec.gov/Archives/edgar/data/764195/000149315223041984/ex99-1.htm
0000950170-23-065306,0001785345,"Landos Biopharma, Inc.  (CIK 0001785345)",LABP,release_text,2023-11-21,2023-11-21T08:08:41,acceptance_time,2023-11-21,NX-13,1b,ulcerative colitis,,NCT05785715,3116729,2023-11-09,https://www.sec.gov/Archives/edgar/data/1785345/000095017023065306/labp-ex99_1.htm
0000950170-23-066032,0001582313,Xenon Pharmaceuticals Inc.  (XENE)  (CIK 0001582313),XENE,release_text,2023-11-27,2023-11-27T07:03:57,acceptance_time,2023-11-27,XEN1101,2,major depressive disorder,X-NOVA,,65429711,2023-11-08,https://www.sec.gov/Archives/edgar/data/1582313/000095017023066032/xene-20231127.htm
0001140361-23-054630,0001635088,Roivant Sciences Ltd.  (ROIV)  (CIK 0001635088),ROIV,release_text,2023-11-27,2023-11-27T08:06:05,acceptance_time,2023-11-27,brepocitinib,2,Systemic Lupus Erythematosus,,,803921356,2023-11-13,https://www.sec.gov/Archives/edgar/data/1635088/000114036123054630/ef20015420_8k.htm
0001764013-23-000150,0001764013,"Immunovant, Inc.  (IMVT)  (CIK 0001764013)",IMVT,release_text,2023-11-28,2023-11-28T07:43:41,acceptance_time,2023-11-28,IMVT-1402,1,IgG-mediated autoimmune diseases,,,144661930,2023-11-09,https://www.sec.gov/Archives/edgar/data/1764013/000176401323000150/exhibit99120231128.htm
0001493152-23-042766,0001861657,"Tharimmune, Inc.  (THAR)  (CIK 0001861657)",THAR,release_text,2023-11-27,2023-11-27T16:05:44,acceptance_time,2023-11-28,TH104,1,chronic pruritis in primary biliary cholangitis (PBC),,,17511839,2023-11-07,https://www.sec.gov/Archives/edgar/data/1861657/000149315223042766/ex99-1.htm
0001520138-23-000511,0001580149,BIOVIE INC.  (BIVI)  (CIK 0001580149),BIVI,release_text,2023-11-29,2023-11-29T08:20:37,acceptance_time,2023-11-29,NE3107,3,mild to moderate Alzheimer’s Disease,NCT04669028,NCT04669028;NCT05083260;NCT05227820,37742695,2023-11-08,https://www.sec.gov/Archives/edgar/data/1580149/000152013823000511/bivi-20231129_8k.htm
0001493152-23-043142,0001610820,"BriaCell Therapeutics Corp.  (BCTX, BCTXW)  (CIK 0001610820)",BCTX,release_text,2023-11-30,2023-11-30T07:00:38,acceptance_time,2023-11-30,Bria-IMT™,2,metastatic breast cancer,,,15981726,2023-10-25,https://www.sec.gov/Archives/edgar/data/1610820/000149315223043142/ex99-1.htm
0001326190-23-000050,0001326190,"Altimmune, Inc.  (ALT)  (CIK 0001326190)",ALT,release_text,2023-11-30,2023-11-30T16:28:39,acceptance_time,2023-12-01,pemvidutide,2,obesity,MOMENTUM,,53728871,2023-11-07,https://www.sec.gov/Archives/edgar/data/1326190/000132619023000050/alt-20231130x8k.htm
0001193125-23-286862,0001623526,"Stoke Therapeutics, Inc.  (STOK)  (CIK 0001623526)",STOK,release_text,2023-12-01,2023-12-01T09:04:58,acceptance_time,2023-12-01,STK-001,,Dravet syndrome,BUTTERFLY,,44653782,2023-11-07,https://www.sec.gov/Archives/edgar/data/1623526/000119312523286862/d619524d8k.htm
0001104659-23-123459,0001737953,"Replimune Group, Inc.  (REPL)  (CIK 0001737953)",REPL,release_text,2023-12-05,2023-12-05T07:19:32,acceptance_time,2023-12-05,RP1,,cutaneous squamous cell carcinoma,CERPASS,,59059343,2023-11-07,https://www.sec.gov/Archives/edgar/data/1737953/000110465923123459/tm2332152d1_ex99-1.htm
0001213900-23-092925,0001860657,"Allarity Therapeutics, Inc.  (ALLR)  (CIK 0001860657)",ALLR,release_text,2023-12-05,2023-12-05T07:30:22,acceptance_time,2023-12-05,stenoparib,2,advanced ovarian cancer,,,4558623,2023-11-14,https://www.sec.gov/Archives/edgar/data/1860657/000121390023092925/ea189507-8k_allarity.htm
0000950170-23-068277,0001750284,"Olema Pharmaceuticals, Inc.  (OLMA)  (CIK 0001750284)",OLMA,release_text,2023-12-05,2023-12-05T17:15:28,acceptance_time,2023-12-06,palazestrant (OP-1250),1b/2,ER+/HER2- breast cancer,OPERA-01,NCT06016738,54769800,2023-11-07,https://www.sec.gov/Archives/edgar/data/1750284/000095017023068277/olma-20231205.htm
0001655759-23-000098,0001655759,"ARVINAS, INC.  (ARVN)  (CIK 0001655759)",ARVN,release_text,2023-12-05,2023-12-06T07:01:32,release_date_only,2023-12-06,vepdegestrant,1b,locally advanced or metastatic ER positive/human epidermal growth factor 2 (HER2) negative (ER+/HER2-) breast cancer,,NCT04072952,55025504,2023-11-07,https://www.sec.gov/Archives/edgar/data/1655759/000165575923000098/arvinasandpfizerannounce.htm
0001104659-23-123990,0001649904,"RHYTHM PHARMACEUTICALS, INC.  (RYTM)  (CIK 0001649904)",RYTM,release_text,2023-12-06,2023-12-06T16:30:24,acceptance_time,2023-12-07,setmelanotide,3,"obesity due to biallelic proopiomelanocortin (POMC), proprotein convertase subtilisin/kexin type 1 (PCSK1) or leptin receptor (LEPR) deficiency or a clinical diagnosis of Bardet-Biedl syndrome (BBS)",,,59096454,2023-11-08,https://www.sec.gov/Archives/edgar/data/1649904/000110465923123990/tm2332304d1_8k.htm
0001493152-23-043932,0000715446,Anixa Biosciences Inc  (ANIX)  (CIK 0000715446),ANIX,release_text,2023-12-06,2023-12-07T06:01:47,release_date_only,2023-12-07,alpha-lactalbumin vaccine,1,triple negative breast cancer (TNBC),Phase I Trial of alpha-lactalbumin vaccine in high-risk operable triple negative breast cancer (TNBC) and patients at high genetic risk for TNBC,,31070022,2023-09-06,https://www.sec.gov/Archives/edgar/data/715446/000149315223043932/ex99-1.htm
0001193125-23-291224,0001828522,"eFFECTOR Therapeutics, Inc.  (EFTR, EFTRW)  (CIK 0001828522)",EFTR,release_text,2023-12-08,2023-12-08T08:23:32,acceptance_time,2023-12-08,zotatifin,1/2,estrogen receptor positive metastatic breast cancer,,,64622519,2023-11-13,https://www.sec.gov/Archives/edgar/data/1828522/000119312523291224/d16011d8k.htm
0001193125-23-292306,0001816736,"Disc Medicine, Inc.  (IRON)  (CIK 0001816736)",IRON,release_text,2023-12-11,2023-12-11T12:11:01,acceptance_time,2023-12-11,DISC-0974,1b/2,Myelofibrosis (MF) and Anemia,,NCT05320198,24140428,2023-11-09,https://www.sec.gov/Archives/edgar/data/1816736/000119312523292306/d644657d8k.htm
0001193125-23-292080,0001783328,"TScan Therapeutics, Inc.  (TCRX)  (CIK 0001783328)",TCRX,release_text,2023-12-09,2023-12-11T08:00:03,release_date_only,2023-12-11,TSC-100 and TSC-101,1,"acute myeloid leukemia (AML), myelodysplastic syndromes (MDS), or acute lymphocytic leukemia (ALL)",,NCT05473910,23976942,2022-03-09,https://www.sec.gov/Archives/edgar/data/1783328/000119312523292080/d840458dex991.htm
0001193125-23-292027,0001661460,"Poseida Therapeutics, Inc.  (PSTX)  (CIK 0001661460)",PSTX,release_text,2023-12-10,2023-12-11T06:06:31,release_date_only,2023-12-11,P-BCMA-ALLO1,1,relapsed/refractory multiple myeloma,,NCT04960579,95624439,2023-11-09,https://www.sec.gov/Archives/edgar/data/1661460/000119312523292027/d636195dex991.htm
0001193125-23-292084,0001622229,"Cogent Biosciences, Inc.  (COGT)  (CIK 0001622229)",COGT,release_text,2023-12-09,2023-12-11T08:04:01,release_date_only,2023-12-11,bezuclastinib,2,nonadvanced systemic mastocytosis,SUMMIT,,86124249,2023-11-07,https://www.sec.gov/Archives/edgar/data/1622229/000119312523292084/d844329d8k.htm
0001171843-23-007528,0000882361,Aptose Biosciences Inc.  (APTO)  (CIK 0000882361),APTO,release_text,2023-12-09,2023-12-11T06:30:13,release_date_only,2023-12-11,tuspetinib,1/2,relapsed or refractory acute myeloid leukemia,APTIVATE,,7816923,2023-11-09,https://www.sec.gov/Archives/edgar/data/882361/000117184323007528/exh_991.htm
0001104659-23-124911,0001850119,"Century Therapeutics, Inc.  (IPSC)  (CIK 0001850119)",IPSC,release_text,2023-12-09,2023-12-11T10:30:35,release_date_only,2023-12-11,CNTY-101,1,relapsed/refractory (R/R) progressive follicular lymphoma,ELiPSE-1,NCT05336409,59834968,2023-11-09,https://www.sec.gov/Archives/edgar/data/1850119/000110465923124911/tm2332547d1_8k.htm
0001549595-23-000062,0001549595,"Nurix Therapeutics, Inc.  (NRIX)  (CIK 0001549595)",NRIX,release_text,2023-12-11,2023-12-11T12:03:09,acceptance_time,2023-12-11,NX-5948 and NX-2127,1a/1b,relapsed or refractory B-cell malignancies,,NCT04830137;NCT05131022,48503768,2023-10-12,https://www.sec.gov/Archives/edgar/data/1549595/000154959523000062/nrix-20231211.htm
0000950170-23-069381,0001262104,"MEI Pharma, Inc.  (MEIP)  (CIK 0001262104)",MEIP,release_text,2023-12-11,2023-12-11T16:00:09,acceptance_time,2023-12-12,voruciclib,1,acute myeloid leukemia or B-cell malignancies,,,6662857,2023-11-09,https://www.sec.gov/Archives/edgar/data/1262104/000095017023069381/meip-20231211.htm
0001558370-23-019717,0001133869,"CAPRICOR THERAPEUTICS, INC.  (CAPR)  (CIK 0001133869)",CAPR,release_text,2023-12-11,2023-12-11T16:30:20,acceptance_time,2023-12-12,CAP-1002,3,Duchenne muscular dystrophy,HOPE-3,NCT05126758,30792869,2023-11-14,https://www.sec.gov/Archives/edgar/data/1133869/000155837023019717/capr-20231211xex99d1.htm
0001193125-23-292551,0001796280,"Oric Pharmaceuticals, Inc.  (ORIC)  (CIK 0001796280)",ORIC,release_text,2023-12-11,2023-12-11T16:05:55,acceptance_time,2023-12-12,ORIC-533,1,relapsed/refractory multiple myeloma,,,54551290,2023-11-06,https://www.sec.gov/Archives/edgar/data/1796280/000119312523292551/d629143d8k.htm
0001104659-23-125566,0001701541,"Black Diamond Therapeutics, Inc.  (BDTX)  (CIK 0001701541)",BDTX,release_text,2023-12-13,2023-12-13T07:08:08,acceptance_time,2023-12-13,BDTX-1535,1,recurrent glioblastoma (GBM),,NCT05256290;NCT06072586,51635184,2023-11-06,https://www.sec.gov/Archives/edgar/data/1701541/000110465923125566/tm2332757d1_8k.htm
0001193125-23-293959,0001826892,"BioAtla, Inc.  (BCAB)  (CIK 0001826892)",BCAB,release_text,2023-12-13,2023-12-13T08:31:30,acceptance_time,2023-12-13,BA3071,1,solid tumors,,,32315301,2021-08-13,https://www.sec.gov/Archives/edgar/data/1826892/000119312523293959/d35885d8k.htm
0001628280-23-041317,0001662579,"C4 Therapeutics, Inc.  (CCCC)  (CIK 0001662579)",CCCC,release_text,2023-12-12,2023-12-12T16:28:23,acceptance_time,2023-12-13,CFT7455,1,multiple myeloma and non-Hodgkin’s lymphomas,,NCT04756726,49281046,2023-11-01,https://www.sec.gov/Archives/edgar/data/1662579/000162828023041317/cccc-20231212x7455xexx991.htm
0001193125-23-293874,0001680367,"Shattuck Labs, Inc.  (STTK)  (CIK 0001680367)",STTK,release_text,2023-12-13,2023-12-13T06:10:01,acceptance_time,2023-12-13,SL-172154,1A/B,Myelodysplastic Syndromes (HR-MDS) and TP53 mutant (TP53m) Acute Myeloid Leukemia (AML),,NCT04406623;NCT05275439;NCT05483933,42485485,2023-11-09,https://www.sec.gov/Archives/edgar/data/1680367/000119312523293874/d664766d8k.htm
0001599901-23-000103,0001599901,"Avidity Biosciences, Inc.  (RNA)  (CIK 0001599901)",RNA,release_text,2023-12-13,2023-12-14T16:14:28,release_date_only,2023-12-14,AOC 1044,1/2,Duchenne muscular dystrophy mutations amenable to exon 44 skipping,EXPLORE44,,74101254,2023-11-08,https://www.sec.gov/Archives/edgar/data/1599901/000159990123000103/rna-20231213.htm
0001104659-23-125870,0001761612,BICYCLE THERAPEUTICS plc  (BCYC)  (CIK 0001761612),BCYC,release_text,2023-12-14,2023-12-14T07:05:21,acceptance_time,2023-12-14,BT8009,1/2,metastatic urothelial cancer,Duravelo-1,,30043486,2023-05-04,https://www.sec.gov/Archives/edgar/data/1761612/000110465923125870/tm2332810d1_ex99-1.htm
0001193125-23-295566,0001422142,"Aadi Bioscience, Inc.  (AADI)  (CIK 0001422142)",AADI,release_text,2023-12-14,2023-12-14T17:08:00,acceptance_time,2023-12-15,nab-sirolimus,,solid tumors with TSC1 or TSC2 inactivating alterations,PRECISION1,,24525860,2023-11-08,https://www.sec.gov/Archives/edgar/data/1422142/000119312523295566/d572047dex991.htm
0001104659-23-126599,0001346830,"Cara Therapeutics, Inc.  (CARA)  (CIK 0001346830)",CARA,release_text,2023-12-18,2023-12-18T07:10:29,acceptance_time,2023-12-18,oral difelikefalin,3,atopic dermatitis,KIND 1,,54480704,2023-11-13,https://www.sec.gov/Archives/edgar/data/1346830/000110465923126599/tm2333104d1_8k.htm
0001493152-23-045197,0001603207,"Notable Labs, Ltd.  (NTBL)  (CIK 0001603207)",NTBL,release_text,2023-12-18,2023-12-18T08:15:18,acceptance_time,2023-12-18,fosciclopirox,2a,acute myeloid leukemia,NCT04956042,NCT04956042,9001320,2023-11-14,https://www.sec.gov/Archives/edgar/data/1603207/000149315223045197/ex99-1.htm
0001193125-23-297099,0001832038,"Invivyd, Inc.  (IVVD)  (CIK 0001832038)",IVVD,release_text,2023-12-18,2023-12-18T07:16:59,acceptance_time,2023-12-18,VYD222,3,COVID-19,CANOPY,,110114960,2023-11-09,https://www.sec.gov/Archives/edgar/data/1832038/000119312523297099/d418337dex991.htm
0001104659-23-126639,0001888886,Structure Therapeutics Inc.  (GPCR)  (CIK 0001888886),GPCR,release_text,2023-12-18,2023-12-18T08:28:47,acceptance_time,2023-12-18,GSBR-1290,2a,type 2 diabetes mellitus and obesity,,,139159315,2023-11-17,https://www.sec.gov/Archives/edgar/data/1888886/000110465923126639/tm2329572d16_8k.htm
0001140361-23-058214,0001741830,"Kronos Bio, Inc.  (KRON)  (CIK 0001741830)",KRON,release_text,2023-12-18,2023-12-18T18:07:01,acceptance_time,2023-12-19,lanraplenib,1b,FLT3-mutated relapsed/refractory acute myeloid leukemia,,,58316520,2023-11-13,https://www.sec.gov/Archives/edgar/data/1741830/000114036123058214/ef20016865_8k.htm
0001157523-23-001841,0001341235,"Aldeyra Therapeutics, Inc.  (ALDX)  (CIK 0001341235)",ALDX,release_text,2023-12-19,2023-12-19T07:05:14,acceptance_time,2023-12-19,ADX-629,2,atopic dermatitis,,,58822083,2023-11-03,https://www.sec.gov/Archives/edgar/data/1341235/000115752323001841/a53872843.htm
0001493152-23-045362,0001533743,"Processa Pharmaceuticals, Inc.  (PCSA)  (CIK 0001533743)",PCSA,release_text,2023-12-19,2023-12-19T09:00:27,acceptance_time,2023-12-19,NGC-Cap,1b,cancer,,,24631474,2023-11-13,https://www.sec.gov/Archives/edgar/data/1533743/000149315223045362/ex99-1.htm
0000950170-23-071084,0001658247,"Crinetics Pharmaceuticals, Inc.  (CRNX)  (CIK 0001658247)",CRNX,release_text,2023-12-18,2023-12-18T16:12:21,acceptance_time,2023-12-19,paltusotine,2,carcinoid syndrome,,NCT05361668,66799257,2023-11-07,https://www.sec.gov/Archives/edgar/data/1658247/000095017023071084/crnx-20231218.htm
0001193125-23-297614,0001759425,"Mirum Pharmaceuticals, Inc.  (MIRM)  (CIK 0001759425)",MIRM,release_text,2023-12-18,2023-12-18T16:06:55,acceptance_time,2023-12-19,LIVMARLI,2b,biliary atresia,EMBARK,,46614274,2023-11-02,https://www.sec.gov/Archives/edgar/data/1759425/000119312523297614/d784519d8k.htm
0001193125-23-300370,0001878313,"MAIA Biotechnology, Inc.  (MAIA)  (CIK 0001878313)",MAIA,release_text,2023-12-19,2023-12-21T07:00:55,release_date_only,2023-12-20,THIO,2,non-small cell lung cancer,THIO-101,NCT05208944,14213511,2023-11-07,https://www.sec.gov/Archives/edgar/data/1878313/000119312523300370/d622268dex991.htm
0001493152-23-045515,0001401914,"Dare Bioscience, Inc.  (DARE)  (CIK 0001401914)",DARE,release_text,2023-12-20,2023-12-20T08:05:38,acceptance_time,2023-12-20,DARE-PDM1,1,primary dysmenorrhea,DARE-PDM1-001,,98562344,2023-11-09,https://www.sec.gov/Archives/edgar/data/1401914/000149315223045515/ex99-1.htm
0001839882-23-034226,0001430306,Tonix Pharmaceuticals Holding Corp.  (TNXP)  (CIK 0001430306),TNXP,release_text,2023-12-20,2023-12-20T10:31:30,acceptance_time,2023-12-20,TNX-102 SL,3,fibromyalgia,RESILIENT,NCT05273749,23849341,2023-11-09,https://www.sec.gov/Archives/edgar/data/1430306/000183988223034226/ex99-01.htm
0001739410-23-000019,0001739410,Rallybio Corp  (RLYB)  (CIK 0001739410),RLYB,release_text,2023-12-20,2023-12-20T08:15:28,acceptance_time,2023-12-20,RLYB116,1,complement-mediated diseases,,,37793705,2023-11-09,https://www.sec.gov/Archives/edgar/data/1739410/000173941023000019/rlyb-122023xex991.htm
0001104659-23-127507,0001787297,"Passage BIO, Inc.  (PASG)  (CIK 0001787297)",PASG,release_text,2023-12-20,2023-12-20T07:05:51,acceptance_time,2023-12-20,PBFT02,1/2,frontotemporal dementia (FTD) with granulin (GRN) mutations,upliFT-D,NCT04747431,54819638,2023-11-13,https://www.sec.gov/Archives/edgar/data/1787297/000110465923127507/tm2332555d3_8k.htm
0001140361-23-058688,0001635088,Roivant Sciences Ltd.  (ROIV)  (CIK 0001635088),IMVT,release_text,2023-12-20,2023-12-20T17:05:51,acceptance_time,2023-12-21,batoclimab,2,Graves’ disease,,,803921356,2023-11-13,https://www.sec.gov/Archives/edgar/data/1635088/000114036123058688/ef20017126_8k.htm
0001764013-23-000159,0001764013,"Immunovant, Inc.  (IMVT)  (CIK 0001764013)",IMVT,release_text,2023-12-20,2023-12-20T16:37:01,acceptance_time,2023-12-21,batoclimab,2,Graves’ disease,,,144661930,2023-11-09,https://www.sec.gov/Archives/edgar/data/1764013/000176401323000159/exhibit991.htm
0001437749-23-035028,0001822791,"Clene Inc.  (CLNN, CLNNW)  (CIK 0001822791)",CLNN,release_text,2023-12-21,2023-12-21T07:00:30,acceptance_time,2023-12-21,CNM-Au8,2,amyotrophic lateral sclerosis,HEALEY ALS Platform Trial,NCT04297683,128415605,2023-11-07,https://www.sec.gov/Archives/edgar/data/1822791/000143774923035028/ex_608193.htm
0000950170-23-072258,0001800315,"Galecto, Inc.  (GLTO)  (CIK 0001800315)",DMRA,sec_current,2023-12-21,2023-12-21T16:30:08,acceptance_time,2023-12-22,GB2064,2a,myelofibrosis,MYLOX-1,,27112697,2023-11-06,https://www.sec.gov/Archives/edgar/data/1800315/000095017023072258/glto-20231221.htm
0001193125-23-301777,0001754068,"Allovir, Inc.  (ALVR)  (CIK 0001754068)",ALVR,release_text,2023-12-22,2023-12-22T07:07:52,acceptance_time,2023-12-22,posoleucel,3,viral infections,,,114063336,2023-11-02,https://www.sec.gov/Archives/edgar/data/1754068/000119312523301777/d671953dex991.htm
0000950170-23-073144,0001061983,CYTOKINETICS INC  (CYTK)  (CIK 0001061983),CYTK,release_text,2023-12-27,2023-12-27T07:30:58,acceptance_time,2023-12-27,aficamten,3,obstructive hypertrophic cardiomyopathy,SEQUOIA-HCM,,98053647,2023-11-03,https://www.sec.gov/Archives/edgar/data/1061983/000095017023073144/cytk-20231227.htm
0000950170-24-000033,0001832168,"Longboard Pharmaceuticals, Inc.  (LBPH)  (CIK 0001832168)",LBPH,release_text,2024-01-02,2024-01-02T09:44:01,acceptance_time,2024-01-02,bexicaserin (LP352),1b/2a,Developmental and Epileptic Encephalopathies (DEEs),PACIFIC,,23857249,2023-11-02,https://www.sec.gov/Archives/edgar/data/1832168/000095017024000033/lbph-20240102.htm
0001193125-24-000991,0001818794,"Dyne Therapeutics, Inc.  (DYN)  (CIK 0001818794)",DYN,release_text,2024-01-03,2024-01-03T06:37:51,acceptance_time,2024-01-03,DYNE-101 and DYNE-251,1/2,myotonic dystrophy type 1 and Duchenne muscular dystrophy,ACHIEVE and DELIVER,NCT05481879;NCT05524883,61375598,2023-10-30,https://www.sec.gov/Archives/edgar/data/1818794/000119312524000991/d586587d8k.htm
0001104659-24-001422,0001697532,Applied Therapeutics Inc.  (APLT)  (CIK 0001697532),APLT,release_text,2024-01-04,2024-01-04T17:02:48,acceptance_time,2024-01-05,AT-001 (caficrestat),3,Diabetic Cardiomyopathy (DbCM),ARISE-HF,,77229207,2023-11-09,https://www.sec.gov/Archives/edgar/data/1697532/000110465924001422/tm242117d1_8k.htm
0001104659-24-001556,0001583107,"Theravance Biopharma, Inc.  (TBPH)  (CIK 0001583107)",TBPH,release_text,2024-01-05,2024-01-05T06:07:26,acceptance_time,2024-01-05,YUPELRI (revefenacin),4,severe to very severe Chronic Obstructive Pulmonary Disease (COPD),PIFR-2,NCT05165485,49797866,2023-11-09,https://www.sec.gov/Archives/edgar/data/1583107/000110465924001556/tm242154d1_8k.htm
0001104659-24-002401,0001279704,"Cellectar Biosciences, Inc.  (CLRB)  (CIK 0001279704)",CLRB,release_text,2024-01-08,2024-01-09T06:02:18,release_date_only,2024-01-09,iopofosine I 131,,Waldenstrom’s macroglobulinemia,CLOVER WaM,,12288325,2023-11-13,https://www.sec.gov/Archives/edgar/data/1279704/000110465924002401/tm242431d1_8k.htm
0001104659-24-004162,0001509745,"LEAP THERAPEUTICS, INC.  (LPTX)  (CIK 0001509745)",LPTX,release_text,2024-01-16,2024-01-16T17:10:22,acceptance_time,2024-01-17,DKN-01,2,colorectal cancer,DeFianCe,NCT05480306,25565414,2023-11-13,https://www.sec.gov/Archives/edgar/data/1509745/000110465924004162/tm243430d1_8k.htm
0000950170-24-004829,0001445283,"KINETA, INC./DE  (KA)  (CIK 0001445283)",KA,release_text,2024-01-17,2024-01-17T08:30:09,acceptance_time,2024-01-17,KVA12123,1/2,advanced solid tumors,VISTA-101,NCT05708950,10393567,2023-11-03,https://www.sec.gov/Archives/edgar/data/1445283/000095017024004829/ka-ex99_1.htm
0001140361-24-002995,0000874015,IONIS PHARMACEUTICALS INC  (IONS)  (CIK 0000874015),IONS,release_text,2024-01-22,2024-01-22T07:10:32,acceptance_time,2024-01-22,donidalorsen,3,hereditary angioedema,OASIS-HAE,NCT04307381;NCT05139810,143472119,2023-11-02,https://www.sec.gov/Archives/edgar/data/874015/000114036124002995/ef20019323_8k.htm
0001193125-24-014808,0001831828,"Vera Therapeutics, Inc.  (VERA)  (CIK 0001831828)",VERA,release_text,2024-01-25,2024-01-25T06:31:03,acceptance_time,2024-01-25,atacicept,2b,IgA nephropathy,ORIGIN,NCT04716231,44432945,2023-11-09,https://www.sec.gov/Archives/edgar/data/1831828/000119312524014808/d717089d8k.htm
0001493152-24-003705,0001533743,"Processa Pharmaceuticals, Inc.  (PCSA)  (CIK 0001533743)",PCSA,release_text,2024-01-25,2024-01-25T08:35:27,acceptance_time,2024-01-25,NGC-Cap,1b,advanced cancer,,,24631474,2023-11-13,https://www.sec.gov/Archives/edgar/data/1533743/000149315224003705/ex99-1.htm
0000950170-24-008530,0001659323,Iterum Therapeutics plc  (ITRM)  (CIK 0001659323),ITRM,release_text,2024-01-30,2024-01-30T07:15:32,acceptance_time,2024-01-30,oral sulopenem,3,uncomplicated urinary tract infections,REASSURE,,13050007,2023-11-14,https://www.sec.gov/Archives/edgar/data/1659323/000095017024008530/itrm-20240130.htm
0001193125-24-023459,0001746473,"PLIANT THERAPEUTICS, INC.  (PLRX)  (CIK 0001746473)",PLRX,release_text,2024-02-04,2024-02-05T07:31:01,release_date_only,2024-02-05,bexotegrast,2a,primary sclerosing cholangitis,INTEGRIS-PSC,NCT04480840,59895958,2023-11-09,https://www.sec.gov/Archives/edgar/data/1746473/000119312524023459/d734141d8k.htm
0000950170-24-011011,0001856725,"Rani Therapeutics Holdings, Inc.  (RANI)  (CIK 0001856725)",RANI,release_text,2024-02-05,2024-02-05T08:10:21,acceptance_time,2024-02-05,RT-111,1,psoriasis,,,,,https://www.sec.gov/Archives/edgar/data/1856725/000095017024011011/rani-20240205.htm
0001171843-24-000648,0001069530,CASSAVA SCIENCES INC  (SAVA)  (CIK 0001069530),SAVA,release_text,2024-02-07,2024-02-07T09:20:27,acceptance_time,2024-02-07,simufilam,,Alzheimer’s disease dementia,NCT04388254,NCT04388254;NCT04994483;NCT05026177,,,https://www.sec.gov/Archives/edgar/data/1069530/000117184324000648/exh_991.htm
0001493152-24-005897,0001535955,Lipocine Inc.  (LPCN)  (CIK 0001535955),LPCN,release_text,2024-02-06,2024-02-12T16:10:26,release_date_only,2024-02-07,LPCN 1154,,postpartum depression,,,5315830,2023-11-08,https://www.sec.gov/Archives/edgar/data/1535955/000149315224005897/ex99-1.htm
0001493152-24-005649,0000946644,AIM ImmunoTech Inc.  (AIM)  (CIK 0000946644),AIM,release_text,2024-02-08,2024-02-09T15:47:35,release_date_only,2024-02-09,Ampligen,2,Post-COVID condition of fatigue,AMP-518,NCT05592418,48841656,2023-11-14,https://www.sec.gov/Archives/edgar/data/946644/000149315224005649/ex99-1.htm
0000950170-24-013803,0001527599,"SYNLOGIC, INC.  (SYBX)  (CIK 0001527599)",SYBX,release_text,2024-02-08,2024-02-12T16:00:17,release_date_only,2024-02-09,labafenogene marselecobac,3,phenylketonuria,Synpheny-3,,9189353,2023-11-09,https://www.sec.gov/Archives/edgar/data/1527599/000095017024013803/sybx-ex99_1.htm
0000950170-24-013563,0001374690,"Larimar Therapeutics, Inc.  (LRMR)  (CIK 0001374690)",LRMR,release_text,2024-02-12,2024-02-12T07:03:55,acceptance_time,2024-02-12,nomlabofusp,2,Friedreich’s ataxia,,,43905903,2023-11-14,https://www.sec.gov/Archives/edgar/data/1374690/000095017024013563/lrmr-20240212.htm
0001104659-24-024347,0001697532,Applied Therapeutics Inc.  (APLT)  (CIK 0001697532),APLT,release_text,2024-02-15,2024-02-15T07:07:35,acceptance_time,2024-02-15,govorestat (AT-007),3,SORD Deficiency,INSPIRE,,77229207,2023-11-09,https://www.sec.gov/Archives/edgar/data/1697532/000110465924024347/tm246347d1_8k.htm
0001714899-24-000065,0001714899,Denali Therapeutics Inc.  (DNLI)  (CIK 0001714899),DNLI,release_text,2024-02-16,2024-02-16T08:02:47,acceptance_time,2024-02-16,SAR443820/DNL788,2,amyotrophic lateral sclerosis,HIMALAYA,,138196848,2023-11-07,https://www.sec.gov/Archives/edgar/data/1714899/000171489924000065/dnli-20240216.htm
0001437749-24-005132,0001822791,"Clene Inc.  (CLNN, CLNNW)  (CIK 0001822791)",CLNN,release_text,2024-02-22,2024-02-22T08:04:03,acceptance_time,2024-02-22,CNM-Au8,,amyotrophic lateral sclerosis,,,128415605,2023-11-07,https://www.sec.gov/Archives/edgar/data/1822791/000143774924005132/ex_628988.htm
0001493152-24-007772,0001582554,"Matinas BioPharma Holdings, Inc.  (MTNB)  (CIK 0001582554)",MTNB,release_text,2024-02-26,2024-02-26T08:05:14,acceptance_time,2024-02-26,MAT2203,,invasive fungal infections,Compassionate/Expanded Use Access Program,,217264526,2023-11-08,https://www.sec.gov/Archives/edgar/data/1582554/000149315224007772/ex99-1.htm
0000950170-24-020183,0001817713,"Janux Therapeutics, Inc.  (JANX)  (CIK 0001817713)",JANX,release_text,2024-02-26,2024-02-26T16:23:58,acceptance_time,2024-02-27,JANX007 and JANX008,1a,metastatic castration-resistant prostate cancer and solid tumors,,,46168430,2023-11-07,https://www.sec.gov/Archives/edgar/data/1817713/000095017024020183/janx-20240226.htm
0001839882-24-005612,0001430306,Tonix Pharmaceuticals Holding Corp.  (TNXP)  (CIK 0001430306),TNXP,release_text,2024-02-27,2024-02-27T08:07:07,acceptance_time,2024-02-27,Tonmya,3,fibromyalgia,RESILIENT,,23849341,2023-11-09,https://www.sec.gov/Archives/edgar/data/1430306/000183988224005612/ex99-01.htm
0000950170-24-020616,0001607678,"Viking Therapeutics, Inc.  (VKTX)  (CIK 0001607678)",VKTX,release_text,2024-02-27,2024-02-27T07:04:52,acceptance_time,2024-02-27,VK2735,2,obesity,VENTURE,,100488339,2024-02-07,https://www.sec.gov/Archives/edgar/data/1607678/000095017024020616/vktx-ex99_1.htm
0001213900-24-017751,0001873875,Incannex Healthcare Inc.  (IXHL)  (CIK 0001873875),IXHL,release_text,2024-02-28,2024-02-28T07:42:46,acceptance_time,2024-02-28,psilocybin,2,generalised anxiety disorder,Psi-GAD1,,15873113,2024-02-14,https://www.sec.gov/Archives/edgar/data/1873875/000121390024017751/ea0200859-8k_incannex.htm
0001628280-24-007972,0001213037,"Cardiff Oncology, Inc.  (CRDF)  (CIK 0001213037)",CRDF,release_text,2024-02-29,2024-02-29T16:08:01,acceptance_time,2024-03-01,onvansertib,2,RAS-mutated metastatic colorectal cancer,ONSEMBLE,,44677169,2024-02-29,https://www.sec.gov/Archives/edgar/data/1213037/000162828024007972/a992ex022924.htm
0001437749-24-006362,0000925741,"BioCardia, Inc.  (BCDA)  (CIK 0000925741)",BCDA,release_text,2024-03-04,2024-03-04T08:00:21,acceptance_time,2024-03-04,CardiAMP autologous cell therapy,3,advanced chronic heart failure,,,21619432,2023-11-08,https://www.sec.gov/Archives/edgar/data/925741/000143774924006362/bcda20240303_8k.htm
0001493152-24-008670,0001857044,"Indaptus Therapeutics, Inc.  (INDP)  (CIK 0001857044)",INDP,release_text,2024-03-04,2024-03-04T11:01:33,acceptance_time,2024-03-04,Decoy20,1,cancer,INDP-D101,,8401047,2023-11-06,https://www.sec.gov/Archives/edgar/data/1857044/000149315224008670/form8-k.htm
0001493152-24-009400,0001878313,"MAIA Biotechnology, Inc.  (MAIA)  (CIK 0001878313)",MAIA,release_text,2024-03-06,2024-03-08T16:15:28,release_date_only,2024-03-07,THIO,2,non-small cell lung cancer,THIO-101,NCT05208944,14213511,2023-11-07,https://www.sec.gov/Archives/edgar/data/1878313/000149315224009400/ex99-1.htm
0001193125-24-062154,0001840439,"Biomea Fusion, Inc.  (BMEA)  (CIK 0001840439)",BMEA,release_text,2024-03-06,2024-03-07T16:02:04,release_date_only,2024-03-07,BMF-219,2,Type 2 Diabetes,COVALENT-111,NCT05731544;NCT06152042,35705786,2023-10-30,https://www.sec.gov/Archives/edgar/data/1840439/000119312524062154/d802391dex991.htm
0001839882-24-007193,0001430306,Tonix Pharmaceuticals Holding Corp.  (TNXP)  (CIK 0001430306),TNXP,release_text,2024-03-07,2024-03-07T08:06:09,acceptance_time,2024-03-07,TNX-102 SL,2,"acute stress reaction (ASR), acute stress disorder (ASD) and PTSD",OASIS,,23849341,2023-11-09,https://www.sec.gov/Archives/edgar/data/1430306/000183988224007193/ex99-01.htm
0000950170-24-027613,0001671584,Aptevo Therapeutics Inc.  (APVO)  (CIK 0001671584),APVO,release_text,2024-03-07,2024-03-07T08:56:23,acceptance_time,2024-03-07,ALG.APV-527,1,solid tumor cancers,,,23472436,2024-03-05,https://www.sec.gov/Archives/edgar/data/1671584/000095017024027613/apvo-20240307.htm
0001193125-24-062878,0001658551,"Amylyx Pharmaceuticals, Inc.  (AMLX)  (CIK 0001658551)",AMLX,release_text,2024-03-08,2024-03-08T07:10:02,acceptance_time,2024-03-08,AMX0035,3,amyotrophic lateral sclerosis,PHOENIX,NCT05676034;NCT06122662,67782139,2024-02-22,https://www.sec.gov/Archives/edgar/data/1658551/000119312524062878/d787565d8k.htm
0001493152-24-009481,0001106838,"Sonnet BioTherapeutics Holdings, Inc.  (SONN)  (CIK 0001106838)",SONN,release_text,2024-03-11,2024-03-11T07:30:24,acceptance_time,2024-03-11,SON-080,1b/2a,Chemotherapy-Induced Peripheral Neuropathy,SB211,NCT05435742,3069516,2024-02-14,https://www.sec.gov/Archives/edgar/data/1106838/000149315224009481/ex99-1.htm
0001213900-24-021233,0001821586,MoonLake Immunotherapeutics  (MLTX)  (CIK 0001821586),MLTX,release_text,2024-03-10,2024-03-11T08:01:23,release_date_only,2024-03-11,sonelokimab,2,psoriatic arthritis,ARGO,NCT03384745;NCT05322473;NCT05640245,,,https://www.sec.gov/Archives/edgar/data/1821586/000121390024021233/ea020149801ex99-1_moonlake.htm
0001193125-24-064405,0001851194,"Ventyx Biosciences, Inc.  (VTYX)  (CIK 0001851194)",VTYX,release_text,2024-03-11,2024-03-11T09:01:59,acceptance_time,2024-03-11,VTX3232,1,neuroinflammatory diseases,,,59252349,2024-02-27,https://www.sec.gov/Archives/edgar/data/1851194/000119312524064405/d737752d8k.htm
0001962918-24-000018,0001962918,"ACELYRIN, Inc.  (SLRN)  (CIK 0001962918)",,missing,2024-03-11,2024-03-11T08:05:53,acceptance_time,2024-03-11,izokibep,2b/3,Psoriatic arthritis,,,97339494,2023-11-09,https://www.sec.gov/Archives/edgar/data/1962918/000196291824000018/a993psaandhsdata.htm
0001193125-24-064791,0001070494,ACADIA PHARMACEUTICALS INC  (ACAD)  (CIK 0001070494),ACAD,release_text,2024-03-11,2024-03-11T16:05:55,acceptance_time,2024-03-12,pimavanserin,3,schizophrenia,ADVANCE-2,,164771521,2024-02-28,https://www.sec.gov/Archives/edgar/data/1070494/000119312524064791/d786050d8k.htm
0001193125-24-068000,0001505512,Regulus Therapeutics Inc.  (RGLS)  (CIK 0001505512),RGLS,release_text,2024-03-12,2024-03-14T16:57:01,release_date_only,2024-03-13,RGLS8429,1b,Autosomal Dominant Polycystic Kidney Disease (ADPKD),MAD,NCT05521191,20222672,2023-11-09,https://www.sec.gov/Archives/edgar/data/1505512/000119312524068000/d767023dex992.htm
0001628280-24-011308,0001398733,"Aquestive Therapeutics, Inc.  (AQST)  (CIK 0001398733)",AQST,release_text,2024-03-14,2024-03-14T21:56:50,acceptance_time,2024-03-15,Anaphylm,3,"severe life-threatening allergic reactions, including anaphylaxis",,,73301201,2024-03-05,https://www.sec.gov/Archives/edgar/data/1398733/000162828024011308/aqst-20240314.htm
0001193125-24-070706,0001658247,"Crinetics Pharmaceuticals, Inc.  (CRNX)  (CIK 0001658247)",CRNX,release_text,2024-03-19,2024-03-19T06:31:10,acceptance_time,2024-03-19,paltusotine,3,acromegaly,PATHFNDR-2,NCT04837040;NCT05192382,69596202,2024-02-28,https://www.sec.gov/Archives/edgar/data/1658247/000119312524070706/d814079d8k.htm
0001193805-24-000392,0001768224,Arcturus Therapeutics Holdings Inc.  (ARCT)  (CIK 0001768224),ARCT,sec_current,2024-03-19,2024-03-19T06:00:29,acceptance_time,2024-03-19,Kostaive (ARCT-2301),3,COVID-19,jRCT2031230340,,26915243,2024-03-14,https://www.sec.gov/Archives/edgar/data/1768224/000119380524000392/e619378_8k-arct.htm
0001962918-24-000021,0001962918,"ACELYRIN, Inc.  (SLRN)  (CIK 0001962918)",SLRN,release_text,2024-03-20,2024-03-20T07:04:42,acceptance_time,2024-03-20,lonigutamab,1/2,thyroid eye disease,,NCT05683496,97339494,2023-11-09,https://www.sec.gov/Archives/edgar/data/1962918/000196291824000021/slrn-8kx3202024xexx991.htm
0001104659-24-036125,0001017491,"SEELOS THERAPEUTICS, INC.  (SEEL)  (CIK 0001017491)",SEEL,release_text,2024-03-19,2024-03-19T16:05:48,acceptance_time,2024-03-20,SLS-005 (IV Trehalose),2/3,Amyotrophic Lateral Sclerosis (ALS),HEALEY ALS Platform trial,,13680576,2024-03-06,https://www.sec.gov/Archives/edgar/data/1017491/000110465924036125/tm249064d1_8k.htm
0001599298-24-000043,0001599298,Summit Therapeutics Inc.  (SMMT)  (CIK 0001599298),SMMT,release_text,2024-03-22,2024-03-22T08:07:13,acceptance_time,2024-03-22,ivonescimab,2,NSCLC,"AK112-202, AK112-201",NCT04736823;NCT04900363;NCT05184712;NCT05899608,701697179,2024-02-20,https://www.sec.gov/Archives/edgar/data/1599298/000159929824000043/a2024_prx0322xelccposter.htm
0001104659-24-038165,0001454789,"Astria Therapeutics, Inc.  (ATXS)  (CIK 0001454789)",ATXS,release_text,2024-03-25,2024-03-25T07:37:24,acceptance_time,2024-03-25,STAR-0215,1b/2,hereditary angioedema,ALPHA-STAR,,54903061,2024-03-04,https://www.sec.gov/Archives/edgar/data/1454789/000110465924038165/tm249644d1_8k.htm
0000950170-24-035655,0001579428,"Axsome Therapeutics, Inc.  (AXSM)  (CIK 0001579428)",AXSM,release_text,2024-03-25,2024-03-25T09:02:44,acceptance_time,2024-03-25,AXS-12,3,narcolepsy,SYMPHONY,,47374375,2024-02-23,https://www.sec.gov/Archives/edgar/data/1579428/000095017024035655/axsm-ex99_1.htm
0001193125-24-075582,0001832038,"Invivyd, Inc.  (IVVD)  (CIK 0001832038)",IVVD,release_text,2024-03-22,2024-03-22T20:58:35,acceptance_time,2024-03-25,PEMGARDA,1,COVID-19,CANOPY,,110114960,2023-11-09,https://www.sec.gov/Archives/edgar/data/1832038/000119312524075582/d801617dex991.htm
0001193125-24-076478,0001623526,"Stoke Therapeutics, Inc.  (STOK)  (CIK 0001623526)",STOK,release_text,2024-03-25,2024-03-25T16:07:39,acceptance_time,2024-03-26,STK-001,1/2a,Dravet syndrome,,,46303743,2024-03-25,https://www.sec.gov/Archives/edgar/data/1623526/000119312524076478/d816172dex991.htm
0001437749-24-009476,0001434647,"ZEVRA THERAPEUTICS, INC.  (ZVRA)  (CIK 0001434647)",ZVRA,release_text,2024-03-26,2024-03-26T20:28:30,acceptance_time,2024-03-27,KP1077,2,idiopathic hypersomnia,,NCT05668754,36218164,2023-11-07,https://www.sec.gov/Archives/edgar/data/1434647/000143774924009476/ex_645330.htm
0001493152-24-011600,0001535955,Lipocine Inc.  (LPCN)  (CIK 0001535955),LPCN,release_text,2024-03-28,2024-03-28T06:26:08,acceptance_time,2024-03-28,LPCN 1148,2,cirrhosis,,NCT04874350,5315830,2024-03-07,https://www.sec.gov/Archives/edgar/data/1535955/000149315224011600/ex99-1.htm
0000950170-24-038902,0001824893,"Surrozen, Inc./DE  (SRZN, SRZNW)  (CIK 0001824893)",SRZN,release_text,2024-04-01,2024-04-01T08:52:36,acceptance_time,2024-04-01,SZN-043,1a,cirrhosis,,,30575047,2023-11-08,https://www.sec.gov/Archives/edgar/data/1824893/000095017024038902/srzn-ex99_1.htm
0001193125-24-082709,0001746466,"Equillium, Inc.  (EQ)  (CIK 0001746466)",EQ,release_text,2024-04-01,2024-04-01T08:05:53,acceptance_time,2024-04-01,itolizumab,1b,lupus nephritis,EQUALISE,,35254752,2024-03-25,https://www.sec.gov/Archives/edgar/data/1746466/000119312524082709/d819425d8k.htm
0001193125-24-083358,0001656634,"Gritstone bio, Inc.  (GRTS)  (CIK 0001656634)",GRTS,release_text,2024-04-01,2024-04-01T16:08:12,acceptance_time,2024-04-02,GRANITE (GRTC901/GRT-R902),2,front-line metastatic microsatellite stable colorectal cancer,,,98065594,2024-03-05,https://www.sec.gov/Archives/edgar/data/1656634/000119312524083358/d806967d8k.htm
0001140361-24-017141,0001635088,Roivant Sciences Ltd.  (ROIV)  (CIK 0001635088),ROIV,release_text,2024-04-02,2024-04-02T07:10:35,acceptance_time,2024-04-02,brepocitinib,2,non-infectious uveitis,NEPTUNE,,805846006,2024-02-13,https://www.sec.gov/Archives/edgar/data/1635088/000114036124017141/ef20025692_ex99-1.htm
0001104659-24-042231,0001730430,"Kiniksa Pharmaceuticals, Ltd.  (KNSA)  (CIK 0001730430)",KNSA,release_text,2024-04-02,2024-04-02T07:32:54,acceptance_time,2024-04-02,abiprubart,2,Sjogren’s Disease and rheumatoid arthritis,,,,,https://www.sec.gov/Archives/edgar/data/1730430/000110465924042231/tm249997d4_8k.htm
0001193125-24-084937,0001816736,"Disc Medicine, Inc.  (IRON)  (CIK 0001816736)",IRON,release_text,2024-04-01,2024-04-02T17:25:57,release_date_only,2024-04-02,bitopertin,2,Erythropoietic Protoporphyria,AURORA,,24681028,2024-03-21,https://www.sec.gov/Archives/edgar/data/1816736/000119312524084937/d815786d8k.htm
0001493152-24-012910,0000764195,VBI Vaccines Inc/BC  (VBIVQ)  (CIK 0000764195),VBIV,release_text,2024-04-03,2024-04-03T08:00:23,acceptance_time,2024-04-03,VBI-1901,2b,recurrent glioblastoma,,NCT03382977,23687695,2023-11-14,https://www.sec.gov/Archives/edgar/data/764195/000149315224012910/ex99-1.htm
0001815776-24-000035,0001815776,"LENZ Therapeutics, Inc.  (LENZ)  (CIK 0001815776)",LENZ,release_text,2024-04-03,2024-04-03T07:32:00,acceptance_time,2024-04-03,LNZ100 and LNZ101,3,presbyopia,CLARITY,,58236926,2024-02-27,https://www.sec.gov/Archives/edgar/data/1815776/000181577624000035/exhibit991-8xk.htm
0001193125-24-086664,0001828522,"eFFECTOR Therapeutics, Inc.  (EFTR, EFTRW)  (CIK 0001828522)",EFTR,release_text,2024-04-04,2024-04-04T08:38:37,acceptance_time,2024-04-04,tomivosertib,2,non-small cell lung cancer,KICKSTART,,3687309,2024-03-26,https://www.sec.gov/Archives/edgar/data/1828522/000119312524086664/d823667d8k.htm
0001193125-24-089091,0001693011,"Inozyme Pharma, Inc.  (INZY)  (CIK 0001693011)",INZY,release_text,2024-04-08,2024-04-08T06:44:01,acceptance_time,2024-04-08,INZ-701,1/2,ABCC6 Deficiency and ENPP1 Deficiency,,,61760748,2023-11-07,https://www.sec.gov/Archives/edgar/data/1693011/000119312524089091/d757694d8k.htm
0001140361-24-018449,0000874015,IONIS PHARMACEUTICALS INC  (IONS)  (CIK 0000874015),IONS,release_text,2024-04-07,2024-04-08T06:04:00,release_date_only,2024-04-08,olezarsen,3,familial chylomicronemia syndrome,Balance,NCT04568434,145751797,2024-02-21,https://www.sec.gov/Archives/edgar/data/874015/000114036124018449/ef20026226_8k.htm
0001601485-24-000025,0001601485,"Elicio Therapeutics, Inc.  (ELTX)  (CIK 0001601485)",ELTX,release_text,2024-04-05,2024-04-05T16:33:57,acceptance_time,2024-04-08,ELI-002,1,pancreatic and colorectal cancers,AMPLIFY-201,NCT04853017;NCT05726864,10235469,2024-03-29,https://www.sec.gov/Archives/edgar/data/1601485/000160148524000025/eliciotherapeutics_aacrr.htm
0001104659-24-044767,0001408443,Milestone Pharmaceuticals Inc.  (MIST)  (CIK 0001408443),MIST,release_text,2024-04-08,2024-04-08T16:38:37,acceptance_time,2024-04-09,etripamil,3,paroxysmal supraventricular tachycardia,NODE-303,NCT04072835,53149778,2024-03-21,https://www.sec.gov/Archives/edgar/data/1408443/000110465924044767/tm2411306d1_8k.htm
0001193125-24-089653,0001661460,"Poseida Therapeutics, Inc.  (PSTX)  (CIK 0001661460)",PSTX,release_text,2024-04-08,2024-04-08T16:30:56,acceptance_time,2024-04-09,P-BCMA-ALLO1,1,multiple myeloma,,NCT04960579;NCT05239143,96489127,2024-03-07,https://www.sec.gov/Archives/edgar/data/1661460/000119312524089653/d808044dex991.htm
0000950170-24-042791,0001520262,Alkermes plc.  (ALKS)  (CIK 0001520262),ALKS,release_text,2024-04-09,2024-04-09T07:09:35,acceptance_time,2024-04-09,ALKS 2680,1b,narcolepsy type 2 and idiopathic hypersomnia,,,167076133,2024-02-21,https://www.sec.gov/Archives/edgar/data/1520262/000095017024042791/alks-20240409.htm
0000950170-24-042972,0001805890,Fusion Pharmaceuticals Inc.  (CIK 0001805890),FUSN,release_text,2024-04-09,2024-04-09T16:10:23,acceptance_time,2024-04-10,FPI-2265,2,metastatic castration-resistant prostate cancer,TATCIST,,84692585,2024-03-20,https://www.sec.gov/Archives/edgar/data/1805890/000095017024042972/fusn-20240409.htm
0001104659-24-045577,0001485003,Carisma Therapeutics Inc.  (CARM)  (CIK 0001485003),CARM,release_text,2024-04-10,2024-04-10T08:00:33,acceptance_time,2024-04-10,CT-0508,1,HER2 overexpressing cancers,,,41542534,2024-04-01,https://www.sec.gov/Archives/edgar/data/1485003/000110465924045577/tm2411506d1_8k.htm
0001193125-24-091463,0001658551,"Amylyx Pharmaceuticals, Inc.  (AMLX)  (CIK 0001658551)",AMLX,release_text,2024-04-10,2024-04-10T09:19:31,acceptance_time,2024-04-10,AMX0035,2,Wolfram syndrome,HELIOS,,67782139,2024-02-22,https://www.sec.gov/Archives/edgar/data/1658551/000119312524091463/d818999d8k.htm
0001493152-24-014273,0001535955,Lipocine Inc.  (LPCN)  (CIK 0001535955),LPCN,release_text,2024-04-11,2024-04-11T07:24:28,acceptance_time,2024-04-11,LPCN 2401,2,obesity,NCT04134091,NCT04134091,5315830,2024-03-07,https://www.sec.gov/Archives/edgar/data/1535955/000149315224014273/ex99-1.htm
0001193125-24-092522,0001672619,"Enliven Therapeutics, Inc.  (ELVN)  (CIK 0001672619)",ELVN,release_text,2024-04-11,2024-04-11T08:02:54,acceptance_time,2024-04-11,ELVN-001,1,chronic myeloid leukemia,NCT05304377,NCT05304377,41347632,2024-03-14,https://www.sec.gov/Archives/edgar/data/1672619/000119312524092522/d763719d8k.htm
0000950123-24-003302,0001515673,Ultragenyx Pharmaceutical Inc.  (RARE)  (CIK 0001515673),RARE,release_text,2024-04-15,2024-04-15T08:07:03,acceptance_time,2024-04-15,GTX-102,1/2,Angelman syndrome,,,82335687,2024-02-21,https://www.sec.gov/Archives/edgar/data/1515673/000095012324003302/rare-20240415.htm
0001193125-24-096988,0001567514,"Intra-Cellular Therapies, Inc.  (ITCI)  (CIK 0001567514)",ITCI,release_text,2024-04-16,2024-04-16T07:10:01,acceptance_time,2024-04-16,lumateperone,3,major depressive disorder,Study 501,,96807191,2024-02-22,https://www.sec.gov/Archives/edgar/data/1567514/000119312524096988/d429750d8k.htm
0001437749-24-012182,0001822791,"Clene Inc.  (CLNN, CLNNW)  (CIK 0001822791)",CLNN,release_text,2024-04-16,2024-04-16T16:06:45,acceptance_time,2024-04-17,CNM-Au8,2,multiple sclerosis,VISIONARY-MS,,128430098,2024-03-13,https://www.sec.gov/Archives/edgar/data/1822791/000143774924012182/ex_653935.htm
0001193125-24-098524,0001597553,"Sage Therapeutics, Inc.  (SAGE)  (CIK 0001597553)",SAGE,release_text,2024-04-17,2024-04-17T06:35:32,acceptance_time,2024-04-17,dalzanemdor (SAGE-718),2,mild cognitive impairment in Parkinson’s Disease,PRECEDENT,,60106687,2024-02-14,https://www.sec.gov/Archives/edgar/data/1597553/000119312524098524/d787749d8k.htm
0001193125-24-100080,0001808898,Benitec Biopharma Inc.  (BNTC)  (CIK 0001808898),BNTC,release_text,2024-04-18,2024-04-18T08:53:27,acceptance_time,2024-04-18,BB-301,1b/2a,Oculopharyngeal Muscular Dystrophy,,NCT06185673,2592434,2024-02-13,https://www.sec.gov/Archives/edgar/data/1808898/000119312524100080/d815188dex991.htm
0001828185-24-000022,0001828185,Barinthus Biotherapeutics plc.  (BRNS)  (CIK 0001828185),BRNS,release_text,2024-04-18,2024-04-18T16:15:43,acceptance_time,2024-04-19,VTP-200,1b/2,persistent high-risk human papillomavirus (HPV) infections,APOLLO,NCT04607850,38921212,2024-03-20,https://www.sec.gov/Archives/edgar/data/1828185/000182818524000022/brns-20240418.htm
0001104659-24-050307,0000894158,"Theriva Biologics, Inc.  (TOVX)  (CIK 0000894158)",TOVX,release_text,2024-04-23,2024-04-23T07:00:47,acceptance_time,2024-04-23,VCN-01,1,refractory retinoblastoma,,,17148049,2024-03-25,https://www.sec.gov/Archives/edgar/data/894158/000110465924050307/tm2412300d2_8k.htm
0001437749-24-013283,0001411685,"Vistagen Therapeutics, Inc.  (VTGN)  (CIK 0001411685)",VTGN,release_text,2024-04-25,2024-04-25T19:18:40,acceptance_time,2024-04-26,PH15,2A,psychomotor impairment caused by mental fatigue,,,27025209,2024-02-13,https://www.sec.gov/Archives/edgar/data/1411685/000143774924013283/ex_660814.htm
0000950170-24-049870,0001831363,"Terns Pharmaceuticals, Inc.  (TERN)  (CIK 0001831363)",TERN,release_text,2024-04-29,2024-04-29T16:15:24,acceptance_time,2024-04-30,TERN-701,1,CML,CARDINAL,NCT05367700,64651693,2024-03-14,https://www.sec.gov/Archives/edgar/data/1831363/000095017024049870/tern-ex99_1.htm
0001437749-24-014059,0000925741,"BioCardia, Inc.  (BCDA)  (CIK 0000925741)",BCDA,release_text,2024-05-01,2024-05-01T07:00:23,acceptance_time,2024-05-01,CardiAMP® Cell Therapy,,Chronic Myocardial Ischemia,CardiAMP® Cell Therapy in Chronic Myocardial Ischemia Trial,,26732542,2024-03-27,https://www.sec.gov/Archives/edgar/data/925741/000143774924014059/bcda20240430_8k.htm
0001193125-24-126425,0001420565,"Aileron Therapeutics, Inc.  (ALRN)  (CIK 0001420565)",ALRN,release_text,2024-05-01,2024-05-01T08:40:55,acceptance_time,2024-05-01,LTI-03,1b,idiopathic pulmonary fibrosis,,,16868480,2024-04-29,https://www.sec.gov/Archives/edgar/data/1420565/000119312524126425/d65915d8k.htm
0001437749-24-013983,0000072444,"Vaxart, Inc.  (VXRT)  (CIK 0000072444)",VXRT,release_text,2024-04-30,2024-04-30T16:22:06,acceptance_time,2024-05-01,bivalent norovirus vaccine candidate,1,norovirus,VXA-NVV-108,,173861684,2024-03-14,https://www.sec.gov/Archives/edgar/data/72444/000143774924013983/ex_664492.htm
0001104659-24-055041,0001719406,"NRX Pharmaceuticals, Inc.  (NRXP, NRXPW)  (CIK 0001719406)",NRXP,release_text,2024-04-30,2024-04-30T17:26:58,acceptance_time,2024-05-01,NRX-101,2b/3,suicidal bipolar depression,,NCT03395392,10555405,2024-04-29,https://www.sec.gov/Archives/edgar/data/1719406/000110465924055041/tm2413153d1_ex99-2.htm
0001104659-24-056664,0001837607,"AEON Biopharma, Inc.  (AEON)  (CIK 0001837607)",AEON,release_text,2024-05-03,2024-05-03T07:01:29,acceptance_time,2024-05-03,ABP-450,2,chronic migraine,,,37788858,2024-03-29,https://www.sec.gov/Archives/edgar/data/1837607/000110465924056664/tm2413422d1_8k.htm
0001213900-24-039306,0001860657,"Allarity Therapeutics, Inc.  (ALLR)  (CIK 0001860657)",ALLR,release_text,2024-05-02,2024-05-03T06:09:15,release_date_only,2024-05-03,stenoparib,2,advanced recurrent ovarian cancer,,NCT03878849,2386273,2024-04-29,https://www.sec.gov/Archives/edgar/data/1860657/000121390024039306/ea020520201ex99-1_allarity.htm
0001193125-24-130800,0001991792,"CG Oncology, Inc.  (CGON)  (CIK 0001991792)",CGON,release_text,2024-05-03,2024-05-03T16:31:07,acceptance_time,2024-05-06,cretostimogene,3,high-risk Non-Muscle-Invasive Bladder Cancer,BOND-003,,,,https://www.sec.gov/Archives/edgar/data/1991792/000119312524130800/d823423d8k.htm
0001558370-24-006793,0001253689,GLYCOMIMETICS INC  (GLYC)  (CIK 0001253689),GLYC,release_text,2024-05-06,2024-05-06T16:01:01,acceptance_time,2024-05-07,uproleselan,3,Relapsed/Refractory Acute Myeloid Leukemia,,,64450385,2024-03-27,https://www.sec.gov/Archives/edgar/data/1253689/000155837024006793/glyc-20240506x8k.htm
0001404644-24-000049,0001404644,Neurogene Inc.  (NGNE)  (CIK 0001404644),NGNE,release_text,2024-05-07,2024-05-07T06:20:01,acceptance_time,2024-05-07,NGN-401,1/2,Rett syndrome,,,12852985,2024-03-18,https://www.sec.gov/Archives/edgar/data/1404644/000140464424000049/ngne_asgctpresentationxfin.htm
0001193125-24-133086,0001528115,"Annexon, Inc.  (ANNX)  (CIK 0001528115)",ANNX,release_text,2024-05-07,2024-05-07T16:05:07,acceptance_time,2024-05-08,ANX007,2,geographic atrophy,ARCHER,,38563565,2022-05-09,https://www.sec.gov/Archives/edgar/data/1528115/000119312524133086/d825274dex991.htm
0000950170-24-055046,0001061983,CYTOKINETICS INC  (CYTK)  (CIK 0001061983),CYTK,release_text,2024-05-08,2024-05-08T07:00:11,acceptance_time,2024-05-08,CK-4021586,1,heart failure with preserved ejection fraction,,,103004710,2024-02-28,https://www.sec.gov/Archives/edgar/data/1061983/000095017024055046/cytk-20240508.htm
0001816590-24-000083,0001816590,COMPASS Pathways plc  (CMPS)  (CIK 0001816590),CMPS,release_text,2024-05-08,2024-05-08T06:34:00,acceptance_time,2024-05-08,COMP360 psilocybin,2,post-traumatic stress disorder (PTSD),,,64227371,2024-02-29,https://www.sec.gov/Archives/edgar/data/1816590/000181659024000083/cmps-20240508.htm
0001193125-24-134284,0001501989,"CytomX Therapeutics, Inc.  (CTMX)  (CIK 0001501989)",CTMX,release_text,2024-05-08,2024-05-08T16:41:03,acceptance_time,2024-05-09,CX-904,1a,advanced metastatic solid tumor,,,67721658,2024-03-11,https://www.sec.gov/Archives/edgar/data/1501989/000119312524134284/d835346d8k.htm
0001140361-24-025476,0001228627,"Ocuphire Pharma, Inc.  (OCUP)  (CIK 0001228627)",IRD,sec_current,,2024-05-10T16:30:24,acceptance_time,2024-05-13,APX3330,2,non-proliferative diabetic retinopathy,ZETA-1,,25924158,2024-05-10,https://www.sec.gov/Archives/edgar/data/1228627/000114036124025476/ef20028889_ex99-1.htm
0000950170-24-058654,0001061983,CYTOKINETICS INC  (CYTK)  (CIK 0001061983),CYTK,release_text,2024-05-13,2024-05-13T16:09:19,acceptance_time,2024-05-14,aficamten,3,symptomatic obstructive hypertrophic cardiomyopathy (HCM),SEQUOIA-HCM,,104853918,2024-05-10,https://www.sec.gov/Archives/edgar/data/1061983/000095017024058654/cytk-ex99_1.htm
0001193125-24-137731,0001746473,"PLIANT THERAPEUTICS, INC.  (PLRX)  (CIK 0001746473)",PLRX,release_text,2024-05-14,2024-05-14T07:43:03,acceptance_time,2024-05-14,bexotegrast (PLN-74809),2a,idiopathic pulmonary fibrosis (IPF),,NCT05621252,60325832,2024-05-06,https://www.sec.gov/Archives/edgar/data/1746473/000119312524137731/d798874d8k.htm
0000950170-24-060031,0001750284,"Olema Pharmaceuticals, Inc.  (OLMA)  (CIK 0001750284)",OLMA,sec_current,2024-05-15,2024-05-15T07:06:06,acceptance_time,2024-05-15,palazestrant,3,ER+/HER2- metastatic breast cancer,OPERA-02,,55933827,2024-05-08,https://www.sec.gov/Archives/edgar/data/1750284/000095017024060031/olma-ex99_2.htm
0001493152-24-020551,0001106838,"Sonnet BioTherapeutics Holdings, Inc.  (SONN)  (CIK 0001106838)",SONN,release_text,2024-05-20,2024-05-20T09:25:20,acceptance_time,2024-05-20,SON-1010,1,advanced solid tumors,SB101,NCT05352750;NCT05408572;NCT05756907,3112401,2024-05-14,https://www.sec.gov/Archives/edgar/data/1106838/000149315224020551/ex99-1.htm
0001193125-24-142232,0001818794,"Dyne Therapeutics, Inc.  (DYN)  (CIK 0001818794)",DYN,release_text,2024-05-20,2024-05-20T07:37:38,acceptance_time,2024-05-20,DYNE-101,1/2,myotonic dystrophy type 1,ACHIEVE,NCT05481879;NCT05524883,87382638,2024-05-02,https://www.sec.gov/Archives/edgar/data/1818794/000119312524142232/d821973d8k.htm
0001213900-24-045573,0001506251,"Citius Pharmaceuticals, Inc.  (CTXR)  (CIK 0001506251)",CTXR,release_text,2024-05-21,2024-05-21T16:05:34,acceptance_time,2024-05-22,Mino-Lok,3,central line-associated infections (CLABSI) or catheter-related bloodstream infections (CRBSI),MDA 2013-0039,NCT02901717,180673355,2024-05-14,https://www.sec.gov/Archives/edgar/data/1506251/000121390024045573/ea0206620-8k_citius.htm
0001104659-24-065073,0001509261,"Rezolute, Inc.  (RZLT)  (CIK 0001509261)",RZLT,release_text,2024-05-21,2024-05-24T14:37:52,release_date_only,2024-05-22,RZ402,2,Diabetic Macular Edema,,,40135147,2024-05-15,https://www.sec.gov/Archives/edgar/data/1509261/000110465924065073/tm2415552d1_8k.htm
0000950170-24-064309,0001991792,"CG Oncology, Inc.  (CGON)  (CIK 0001991792)",CGON,release_text,2024-05-24,2024-05-24T08:15:17,acceptance_time,2024-05-24,cretostimogene grenadenorepvec,2,"BCG-Unresponsive, High-Risk Non-Muscle Invasive Bladder Cancer",CORE-001,,66640150,2024-05-09,https://www.sec.gov/Archives/edgar/data/1991792/000095017024064309/ck0001991792-20240524.htm
0001601485-24-000037,0001601485,"Elicio Therapeutics, Inc.  (ELTX)  (CIK 0001601485)",ELTX,release_text,2024-05-23,2024-05-23T17:41:48,acceptance_time,2024-05-24,ELI-002 7P,1a,mKRAS-driven solid tumors,AMPLIFY-7P,NCT04853017;NCT05726864,10270285,2024-05-15,https://www.sec.gov/Archives/edgar/data/1601485/000160148524000037/a2024-05x23xxeltxxxph1am.htm
0001558370-24-008779,0001133818,"BIO-PATH HOLDINGS, INC.  (BPTH)  (CIK 0001133818)",BPTH,release_text,2024-05-23,2024-05-30T16:10:23,release_date_only,2024-05-24,prexigebersen,2,acute myeloid leukemia,,,1656235,2024-05-14,https://www.sec.gov/Archives/edgar/data/1133818/000155837024008779/bpth-20240523xex99d1.htm
0001104659-24-064825,0001425205,"IOVANCE BIOTHERAPEUTICS, INC.  (IOVA)  (CIK 0001425205)",IOVA,release_text,2024-05-23,2024-05-23T20:00:33,acceptance_time,2024-05-24,lifileucel,3,advanced melanoma,IOV-COM-202,,279832722,2024-05-09,https://www.sec.gov/Archives/edgar/data/1425205/000110465924064825/tm2415493d1_8k.htm
0000950170-24-064025,0001789972,"Cullinan Therapeutics, Inc.  (CGEM)  (CIK 0001789972)",CGEM,release_text,2024-05-23,2024-05-23T17:07:21,acceptance_time,2024-05-24,CLN-619,1,advanced solid tumors,,NCT05117476;NCT06381141,57634234,2024-05-15,https://www.sec.gov/Archives/edgar/data/1789972/000095017024064025/cgem-20240523.htm
0001193125-24-146093,0001829802,"Sensei Biotherapeutics, Inc.  (SNSE)  (CIK 0001829802)",SNSE,release_text,2024-05-23,2024-05-23T17:10:36,acceptance_time,2024-05-24,SNS-101,1/2,advanced solid tumors,,,25080958,2024-05-09,https://www.sec.gov/Archives/edgar/data/1829802/000119312524146093/d830013d8k.htm
0001104659-24-064762,0001760542,HOOKIPA Pharma Inc.  (HOOK)  (CIK 0001760542),HOOK,release_text,2024-05-23,2024-05-23T17:05:13,acceptance_time,2024-05-24,HB-200,1/2,human papillomavirus 16 positive (HPV16+) head and neck cancers,,NCT04180215,21588756,2019-08-12,https://www.sec.gov/Archives/edgar/data/1760542/000110465924064762/tm2415416d1_8k.htm
0001104659-24-064781,0001526119,"Verastem, Inc.  (VSTM)  (CIK 0001526119)",VSTM,release_text,2024-05-23,2024-05-23T17:24:02,acceptance_time,2024-05-24,avutometinib plus defactinib,1/2,metastatic pancreatic cancer,RAMP 205,NCT04625270;NCT05074810;NCT05375994;NCT05669482;NCT06072781,25325551,2024-05-09,https://www.sec.gov/Archives/edgar/data/1526119/000110465924064781/tm2415352d1_8k.htm
0001356576-24-000034,0001356576,"SUPERNUS PHARMACEUTICALS, INC.  (SUPN)  (CIK 0001356576)",SUPN,release_text,2024-05-23,2024-05-23T16:25:14,acceptance_time,2024-05-24,SPN-817,2a,treatment-resistant seizures,,,54974254,2024-05-08,https://www.sec.gov/Archives/edgar/data/1356576/000135657624000034/ex99105-23x2024.htm
0000950170-24-064022,0001841387,"Candel Therapeutics, Inc.  (CADL)  (CIK 0001841387)",CADL,release_text,2024-05-23,2024-05-23T17:05:10,acceptance_time,2024-05-24,CAN-2409,2,non-small cell lung cancer,,,29744731,2024-05-14,https://www.sec.gov/Archives/edgar/data/1841387/000095017024064022/cadl-20240523.htm
0001140361-24-027535,0001104506,INSMED Inc  (INSM)  (CIK 0001104506),INSM,release_text,2024-05-28,2024-05-28T06:30:24,acceptance_time,2024-05-28,brensocatib,3,bronchiectasis,ASPEN,,148604548,2024-05-09,https://www.sec.gov/Archives/edgar/data/1104506/000114036124027535/ef20030032_8k.htm
0001683168-24-003849,0001533040,Phio Pharmaceuticals Corp.  (PHIO)  (CIK 0001533040),PHIO,release_text,2024-05-28,2024-05-28T17:00:13,acceptance_time,2024-05-29,PH-762,1b,"cutaneous squamous cell carcinoma, melanoma and Merkel cell carcinoma",,,4591700,2024-05-09,https://www.sec.gov/Archives/edgar/data/1533040/000168316824003849/phio_ex9901.htm
0001193125-24-148089,0001651311,Merus N.V.  (MRUS)  (CIK 0001651311),MRUS,release_text,2024-05-28,2024-05-28T16:06:03,acceptance_time,2024-05-29,petosemtamab,1/2,recurrent/metastatic head and neck squamous cell carcinoma,,,58687551,2024-05-08,https://www.sec.gov/Archives/edgar/data/1651311/000119312524148089/d840774d8k.htm
0001493152-24-021727,0000764195,VBI Vaccines Inc/BC  (VBIVQ)  (CIK 0000764195),VBIV,release_text,2024-05-29,2024-05-29T08:00:20,acceptance_time,2024-05-29,VBI-1901,2b,recurrent glioblastoma,,NCT03382977,28682275,2024-05-15,https://www.sec.gov/Archives/edgar/data/764195/000149315224021727/ex99-1.htm
0001193125-24-149338,0001802768,Royalty Pharma plc  (RPRX)  (CIK 0001802768),RPRX,release_text,2024-05-29,2024-05-29T17:25:01,acceptance_time,2024-05-30,seltorexant,3,major depressive disorder,MDD3001,,388132400,2020-11-12,https://www.sec.gov/Archives/edgar/data/1802768/000119312524149338/d34372d8k.htm
0001839882-24-016704,0001430306,Tonix Pharmaceuticals Holding Corp.  (TNXP)  (CIK 0001430306),TNXP,release_text,2024-05-30,2024-05-30T08:05:48,acceptance_time,2024-05-30,TNX-102 SL,2,fibromyalgia-type Long COVID,PREVAIL,,95543805,2024-05-13,https://www.sec.gov/Archives/edgar/data/1430306/000183988224016704/ex99-01.htm
0000950170-24-066553,0001515673,Ultragenyx Pharmaceutical Inc.  (RARE)  (CIK 0001515673),RARE,release_text,2024-05-30,2024-05-30T16:04:17,acceptance_time,2024-05-31,DTX401,3,Glycogen Storage Disease Type Ia,GlucoGene,NCT05139316,83133341,2024-05-03,https://www.sec.gov/Archives/edgar/data/1515673/000095017024066553/rare-20240530.htm
0001599298-24-000096,0001599298,Summit Therapeutics Inc.  (SMMT)  (CIK 0001599298),SMMT,release_text,2024-05-30,2024-05-30T16:48:30,acceptance_time,2024-05-31,ivonescimab,3,non-small cell lung cancer,HARMONi-2,,701979596,2024-05-01,https://www.sec.gov/Archives/edgar/data/1599298/000159929824000096/a2024_prx0530xivonescima.htm
0001140361-24-028247,0000874015,IONIS PHARMACEUTICALS INC  (IONS)  (CIK 0000874015),IONS,release_text,2024-05-31,2024-05-31T07:15:31,acceptance_time,2024-05-31,donidalorsen,3,hereditary angioedema,OASIS-HAE,NCT04307381;NCT05139810,145965374,2024-05-07,https://www.sec.gov/Archives/edgar/data/874015/000114036124028247/ef20030319_8k.htm
0001193125-24-152493,0001740279,"IN8BIO, INC.  (INAB)  (CIK 0001740279)",INAB,release_text,2024-06-03,2024-06-03T08:53:31,acceptance_time,2024-06-03,INB-200,1,glioblastoma,,,44123949,2024-05-09,https://www.sec.gov/Archives/edgar/data/1740279/000119312524152493/d777605d8k.htm
0001193125-24-152380,0001785530,"Werewolf Therapeutics, Inc.  (HOWL)  (CIK 0001785530)",HOWL,release_text,2024-06-01,2024-06-03T07:56:58,release_date_only,2024-06-03,WTX-124,1/1b,solid tumors,,,43455367,2024-05-03,https://www.sec.gov/Archives/edgar/data/1785530/000119312524152380/d800910d8k.htm
0000950170-24-067650,0001683553,"SPRUCE BIOSCIENCES, INC.  (SPRB)  (CIK 0001683553)",SPRB,release_text,2024-06-03,2024-06-03T07:05:12,acceptance_time,2024-06-03,tildacerfont,2,polycystic ovary syndrome,POWER,,41154799,2024-05-13,https://www.sec.gov/Archives/edgar/data/1683553/000095017024067650/sprb-20240602.htm
0001104659-24-067483,0001888886,Structure Therapeutics Inc.  (GPCR)  (CIK 0001888886),GPCR,release_text,2024-06-03,2024-06-03T08:00:25,acceptance_time,2024-06-03,GSBR-1290,2a,obesity,,,139863370,2024-05-09,https://www.sec.gov/Archives/edgar/data/1888886/000110465924067483/tm2414821d7_8k.htm
0001193125-24-152391,0001804591,23andMe Holding Co.  (ME)  (CIK 0001804591),ME,release_text,2024-06-03,2024-06-03T08:06:02,acceptance_time,2024-06-03,23ME-00610,2,neuroendocrine and ovarian cancer,,,,,https://www.sec.gov/Archives/edgar/data/1804591/000119312524152391/d836506d8k.htm
0000950170-24-067644,0001676725,"IDEAYA Biosciences, Inc.  (IDYA)  (CIK 0001676725)",IDYA,release_text,2024-06-03,2024-06-03T06:05:36,acceptance_time,2024-06-03,darovasertib,2,uveal melanoma,,,75686628,2024-05-07,https://www.sec.gov/Archives/edgar/data/1676725/000095017024067644/idya-20240603.htm
0000950170-24-067662,0001789972,"Cullinan Therapeutics, Inc.  (CGEM)  (CIK 0001789972)",CGEM,release_text,2024-06-01,2024-06-03T08:12:14,release_date_only,2024-06-03,zipalertinib,2b,non-small cell lung cancer (NSCLC) harboring EGFR Exon 20 insertion mutations,REZILIENT1,,57634234,2024-05-15,https://www.sec.gov/Archives/edgar/data/1789972/000095017024067662/cgem-20240601.htm
0001619856-24-000046,0001619856,"Caribou Biosciences, Inc.  (CRBU)  (CIK 0001619856)",CRBU,release_text,2024-06-02,2024-06-03T06:01:56,release_date_only,2024-06-03,CB-010,1,relapsed or refractory B cell non-Hodgkin lymphoma (r/r B-NHL) and second-line large B cell lymphoma (2L LBCL),ANTLER,NCT04637763,90317771,2024-05-07,https://www.sec.gov/Archives/edgar/data/1619856/000161985624000046/cariboubiosciencesireven.htm
0000950170-24-067670,0001498382,"Kintara Therapeutics, Inc.  (KTRA)  (CIK 0001498382)",KTRA,release_text,2024-06-03,2024-06-03T08:45:11,acceptance_time,2024-06-03,IFx-2.0,1b,Merkel Cell Carcinoma (MCC) and Cutaneous Squamous Cell Carcinoma (cSCC),,NCT04160065,55304613000,2024-05-14,https://www.sec.gov/Archives/edgar/data/1498382/000095017024067670/ktra-20240603.htm
0001558370-24-008844,0001133818,"BIO-PATH HOLDINGS, INC.  (BPTH)  (CIK 0001133818)",BPTH,release_text,2024-06-03,2024-06-03T07:10:12,acceptance_time,2024-06-03,prexigebersen (BP1001),2,acute myeloid leukemia,,,1656235,2024-05-14,https://www.sec.gov/Archives/edgar/data/1133818/000155837024008844/bpth-20240603xex99d1.htm
0001140361-24-028366,0001671927,Immunocore Holdings plc  (IMCR)  (CIK 0001671927),IMCR,release_text,2024-05-31,2024-05-31T16:21:44,acceptance_time,2024-06-03,brenetafusp (IMC-F106C),1,cutaneous melanoma,,NCT06112314,49820613,2024-02-28,https://www.sec.gov/Archives/edgar/data/1671927/000114036124028366/ef20030354_ex99-1.htm
0001558370-24-008865,0001727196,Scholar Rock Holding Corp  (SRRK)  (CIK 0001727196),SRRK,release_text,2024-06-03,2024-06-03T16:25:30,acceptance_time,2024-06-04,SRK-181,1,advanced solid tumors,DRAGON,NCT04291079,79754065,2024-05-07,https://www.sec.gov/Archives/edgar/data/1727196/000155837024008865/srrk-20240603xex99d1.htm
0001437749-24-019074,0001434647,"ZEVRA THERAPEUTICS, INC.  (ZVRA)  (CIK 0001434647)",ZVRA,release_text,2024-06-03,2024-06-03T17:06:30,acceptance_time,2024-06-04,KP1077,2,idiopathic hypersomnia,NCT05668754,NCT05668754,41853494,2024-05-09,https://www.sec.gov/Archives/edgar/data/1434647/000143774924019074/ex_681567.htm
0001193125-24-153075,0001658247,"Crinetics Pharmaceuticals, Inc.  (CRNX)  (CIK 0001658247)",CRNX,release_text,2024-06-03,2024-06-03T16:35:07,acceptance_time,2024-06-04,atumelnant,2,Congenital Adrenal Hyperplasia (CAH) and ACTH-Dependent Cushing’s Syndrome (ADCS),TouCAHn,NCT05804669;NCT05907291,78859510,2024-05-09,https://www.sec.gov/Archives/edgar/data/1658247/000119312524153075/d823838d8k.htm
0001193125-24-153625,0001528115,"Annexon, Inc.  (ANNX)  (CIK 0001528115)",ANNX,release_text,2024-06-04,2024-06-04T07:05:38,acceptance_time,2024-06-04,ANX005,3,Guillain-Barre syndrome,,,38563565,2022-05-09,https://www.sec.gov/Archives/edgar/data/1528115/000119312524153625/d838099d8k.htm
0001140361-24-029050,0001743881,"BridgeBio Pharma, Inc.  (BBIO)  (CIK 0001743881)",BBIO,release_text,2024-06-04,2024-06-06T06:01:23,release_date_only,2024-06-05,infigratinib,2,achondroplasia,PROPEL 2,NCT04035811;NCT06164951;NCT06410976,187129260,2024-05-02,https://www.sec.gov/Archives/edgar/data/1743881/000114036124029050/ef20030678_ex99-1.htm
0001171843-24-003302,0001447028,Arbutus Biopharma Corp  (ABUS)  (CIK 0001447028),ABUS,release_text,2024-06-05,2024-06-05T06:00:21,acceptance_time,2024-06-05,imdusiran,2a,chronic hepatitis B virus,IM-PROVE I (AB-729-201),NCT04980482,188717409,2024-05-02,https://www.sec.gov/Archives/edgar/data/1447028/000117184324003302/exh_991.htm
0001104659-24-068948,0001737953,"Replimune Group, Inc.  (REPL)  (CIK 0001737953)",REPL,release_text,2024-06-06,2024-06-06T09:15:41,acceptance_time,2024-06-06,RP1 plus nivolumab,,anti-PD1 failed melanoma,IGNYTE,,61415105,2024-05-16,https://www.sec.gov/Archives/edgar/data/1737953/000110465924068948/tm2416613d1_8k.htm
0001493152-24-022906,0001878313,"MAIA Biotechnology, Inc.  (MAIA)  (CIK 0001878313)",MAIA,release_text,2024-06-06,2024-06-06T14:57:40,acceptance_time,2024-06-06,THIO,2,non-small cell lung cancer (NSCLC),THIO-101,NCT05208944,21837149,2024-05-14,https://www.sec.gov/Archives/edgar/data/1878313/000149315224022906/ex99-1.htm
0001171843-24-003323,0001447028,Arbutus Biopharma Corp  (ABUS)  (CIK 0001447028),ABUS,release_text,2024-06-06,2024-06-06T11:16:15,acceptance_time,2024-06-06,imdusiran and VTP-300,2a,chronic hepatitis B virus (cHBV) infection,"IM-PROVE II, AB-729-202",,188717409,2024-05-02,https://www.sec.gov/Archives/edgar/data/1447028/000117184324003323/exh_991.htm
0001828185-24-000063,0001828185,Barinthus Biotherapeutics plc.  (BRNS)  (CIK 0001828185),BRNS,release_text,2024-06-06,2024-06-06T16:02:55,acceptance_time,2024-06-07,VTP-300,2b,chronic hepatitis B,HBV003,,39033158,2024-05-13,https://www.sec.gov/Archives/edgar/data/1828185/000182818524000063/brns-20240606.htm
0001516551-24-000059,0001516551,"Skye Bioscience, Inc.  (SKYE)  (CIK 0001516551)",SKYE,release_text,2024-06-10,2024-06-10T09:27:39,acceptance_time,2024-06-10,SBI-100 Ophthalmic Emulsion,2a,primary open-angle glaucoma or ocular hypertension,,,28067907,2024-05-10,https://www.sec.gov/Archives/edgar/data/1516551/000151655124000059/a240610_skyexnrxsbip2atopl.htm
0001493152-24-023289,0001535955,Lipocine Inc.  (LPCN)  (CIK 0001535955),LPCN,release_text,2024-06-10,2024-06-10T09:00:30,acceptance_time,2024-06-10,LPCN 1148,2,sarcopenia and hepatic encephalopathy,,,5347940,2024-05-09,https://www.sec.gov/Archives/edgar/data/1535955/000149315224023289/form8-k.htm
0000950170-24-071093,0001832168,"Longboard Pharmaceuticals, Inc.  (LBPH)  (CIK 0001832168)",LBPH,release_text,2024-06-10,2024-06-10T09:05:13,acceptance_time,2024-06-10,bexicaserin (LP352),1b/2a,Developmental and Epileptic Encephalopathies,PACIFIC Study,,38880054,2024-05-02,https://www.sec.gov/Archives/edgar/data/1832168/000095017024071093/lbph-20240610.htm
0001193125-24-157913,0001850270,PROKIDNEY CORP.  (PROK)  (CIK 0001850270),PROK,release_text,2024-06-10,2024-06-10T08:00:36,acceptance_time,2024-06-10,rilparencel,2,chronic kidney disease,REGEN-007,,,,https://www.sec.gov/Archives/edgar/data/1850270/000119312524157913/d827829dex991.htm
0001193125-24-158710,0001597553,"Sage Therapeutics, Inc.  (SAGE)  (CIK 0001597553)",,missing,2024-06-11,2024-06-11T06:45:00,acceptance_time,2024-06-11,dalzanemdor (SAGE-718),2,Huntington’s Disease,SURVEYOR,NCT05358821,60182031,2024-04-25,https://www.sec.gov/Archives/edgar/data/1597553/000119312524158710/d750546dex991.htm
0001104659-24-070450,0001477845,"Annovis Bio, Inc.  (ANVS)  (CIK 0001477845)",ANVS,release_text,2024-06-11,2024-06-11T17:00:39,acceptance_time,2024-06-12,Buntanetap,II/III,Alzheimer's,,,11171480,2024-05-10,https://www.sec.gov/Archives/edgar/data/1477845/000110465924070450/tm2416963d1_8k.htm
0001104659-24-070914,0001346830,"Cara Therapeutics, Inc.  (CARA)  (CIK 0001346830)",CARA,release_text,2024-06-12,2024-06-12T17:12:54,acceptance_time,2024-06-13,oral difelikefalin,2/3,notalgia paresthetica,KOURAGE-1,,54675954,2024-05-13,https://www.sec.gov/Archives/edgar/data/1346830/000110465924070914/tm2416682d3_8k.htm
0001193125-24-160703,0001740279,"IN8BIO, INC.  (INAB)  (CIK 0001740279)",INAB,release_text,2024-06-13,2024-06-13T16:07:54,acceptance_time,2024-06-14,INB-100,1,leukemia,,NCT03533816,44123949,2024-05-09,https://www.sec.gov/Archives/edgar/data/1740279/000119312524160703/d774911d8k.htm
0001104659-24-071445,0001855644,"Zura Bio Ltd  (ZURA, ZURAW)  (CIK 0001855644)",ZURA,release_text,2024-06-14,2024-06-14T06:04:41,acceptance_time,2024-06-14,tibulizumab (ZB-106),1,"Sjogren’s syndrome, rheumatoid arthritis",,,63683806,2024-05-15,https://www.sec.gov/Archives/edgar/data/1855644/000110465924071445/tm24172501_ex99-1.htm
0001104659-24-072012,0001267813,"MARINUS PHARMACEUTICALS, INC.  (MRNS)  (CIK 0001267813)",MRNS,release_text,2024-06-17,2024-06-17T07:01:43,acceptance_time,2024-06-17,IV ganaxolone,3,refractory status epilepticus (RSE),RAISE,NCT04391569,54933774,2024-05-08,https://www.sec.gov/Archives/edgar/data/1267813/000110465924072012/tm2417385d1_8k.htm
0001549595-24-000086,0001549595,"Nurix Therapeutics, Inc.  (NRIX)  (CIK 0001549595)",NRIX,release_text,2024-06-16,2024-06-17T07:02:24,release_date_only,2024-06-17,NX-5948,1a/b,relapsed refractory chronic lymphocytic leukemia (CLL),,NCT05131022,49150794,2024-04-10,https://www.sec.gov/Archives/edgar/data/1549595/000154959524000086/a240616ehadatarelease-final.htm
0001615219-24-000049,0001615219,"Salarius Pharmaceuticals, Inc.  (SLRX)  (CIK 0001615219)",SLRX,release_text,2024-06-17,2024-06-17T08:05:28,acceptance_time,2024-06-17,seclidemstat,1/2,MDS and CMML,,,4776433,2024-05-13,https://www.sec.gov/Archives/edgar/data/1615219/000161521924000049/a061724slrxmdandersonehase.htm
0000950170-24-073998,0001636651,Ovid Therapeutics Inc.  (OVID)  (CIK 0001636651),OVID,release_text,2024-06-17,2024-06-17T07:10:10,acceptance_time,2024-06-17,soticlestat,3,Dravet syndrome and Lennox-Gastaut syndrome,SKYLINE and SKYWAY,,70944627,2024-05-14,https://www.sec.gov/Archives/edgar/data/1636651/000095017024073998/ovid-ex99_1.htm
0001664710-24-000055,0001664710,"Keros Therapeutics, Inc.  (KROS)  (CIK 0001664710)",KROS,release_text,2024-06-17,2024-06-17T06:07:19,acceptance_time,2024-06-17,elritercept (KER-050),2,myelodysplastic syndromes and myelofibrosis,,NCT04419649;NCT05037760,36083886,2024-05-08,https://www.sec.gov/Archives/edgar/data/1664710/000166471024000055/a62024corporateupdate.htm
0001193125-24-162056,0001759425,"Mirum Pharmaceuticals, Inc.  (MIRM)  (CIK 0001759425)",MIRM,release_text,2024-06-17,2024-06-17T08:03:33,acceptance_time,2024-06-17,volixibat,2b,primary biliary cholangitis and primary sclerosing cholangitis,VANTAGE and VISTAS,,47133021,2024-05-08,https://www.sec.gov/Archives/edgar/data/1759425/000119312524162056/d853346d8k.htm
0001104659-24-072058,0001798749,"Aerovate Therapeutics, Inc.  (AVTE)  (CIK 0001798749)",AVTE,release_text,2024-06-17,2024-06-17T08:35:53,acceptance_time,2024-06-17,AV-101,2b,pulmonary arterial hypertension,IMPAHCT,NCT05036135,28808334,2024-05-13,https://www.sec.gov/Archives/edgar/data/1798749/000110465924072058/tm2417394d1_8k.htm
0001193125-24-163038,0001567514,"Intra-Cellular Therapies, Inc.  (ITCI)  (CIK 0001567514)",ITCI,release_text,2024-06-18,2024-06-18T07:37:30,acceptance_time,2024-06-18,lumateperone,3,Major Depressive Disorder,Study 502,,105574855,2024-05-07,https://www.sec.gov/Archives/edgar/data/1567514/000119312524163038/d842233d8k.htm
0001193125-24-163050,0001806310,"Taysha Gene Therapies, Inc.  (TSHA)  (CIK 0001806310)",TSHA,release_text,2024-06-18,2024-06-18T07:45:05,acceptance_time,2024-06-18,TSHA-102,1/2,Rett syndrome,REVEAL,,187018275,2024-05-14,https://www.sec.gov/Archives/edgar/data/1806310/000119312524163050/d851091d8k.htm
0001404644-24-000073,0001404644,Neurogene Inc.  (NGNE)  (CIK 0001404644),NGNE,release_text,2024-06-18,2024-06-18T14:11:01,acceptance_time,2024-06-18,NGN-401,1/2,Rett syndrome,,,12980289,2024-05-10,https://www.sec.gov/Archives/edgar/data/1404644/000140464424000073/irsfpr_final.htm
0001558370-24-009313,0001070081,"PTC THERAPEUTICS, INC.  (PTCT)  (CIK 0001070081)",PTCT,release_text,2024-06-20,2024-06-20T07:55:18,acceptance_time,2024-06-20,PTC518,2,Huntington’s disease,PIVOT-HD,,76696785,2024-04-25,https://www.sec.gov/Archives/edgar/data/1070081/000155837024009313/tmb-20240617x8k.htm
0001193125-24-166299,0001505512,Regulus Therapeutics Inc.  (RGLS)  (CIK 0001505512),RGLS,release_text,2024-06-24,2024-06-24T07:23:01,acceptance_time,2024-06-24,RGLS8429,1b,autosomal dominant polycystic kidney disease (ADPKD),,,65465876,2024-05-09,https://www.sec.gov/Archives/edgar/data/1505512/000119312524166299/d836286d8k.htm
0001628280-24-029426,0001560241,"G1 Therapeutics, Inc.  (GTHX)  (CIK 0001560241)",GTHX,release_text,2024-06-24,2024-06-24T06:35:21,acceptance_time,2024-06-24,trilaciclib,3,metastatic triple negative breast cancer (mTNBC),PRESERVE 2,,52281391,2024-05-01,https://www.sec.gov/Archives/edgar/data/1560241/000162828024029426/a208finalanalysis_update.htm
0001104659-24-074078,0001689375,"Entrada Therapeutics, Inc.  (TRDA)  (CIK 0001689375)",TRDA,release_text,2024-06-24,2024-06-24T06:07:40,acceptance_time,2024-06-24,ENTR-601-44,1,Duchenne muscular dystrophy,ENTR-601-44-101,,33758976,2024-05-07,https://www.sec.gov/Archives/edgar/data/1689375/000110465924074078/tm2417848d2_8k.htm
0001193125-24-167481,0001631574,Wave Life Sciences Ltd.  (WVE)  (CIK 0001631574),WVE,release_text,2024-06-25,2024-06-25T07:36:30,acceptance_time,2024-06-25,WVE-003,1b/2a,Huntington’s disease,SELECT-HD,NCT05032196,122460160,2024-05-10,https://www.sec.gov/Archives/edgar/data/1631574/000119312524167481/d771392d8k.htm
0001104659-24-074545,0001720893,"BioXcel Therapeutics, Inc.  (BTAI)  (CIK 0001720893)",BTAI,release_text,2024-06-25,2024-06-25T07:05:28,acceptance_time,2024-06-25,IGALMI,,agitation associated with bipolar disorders or schizophrenia,,,37530821,2024-05-09,https://www.sec.gov/Archives/edgar/data/1720893/000110465924074545/tm249625d7_8k.htm
0001213900-24-055436,0001766140,"Unicycive Therapeutics, Inc.  (UNCY)  (CIK 0001766140)",UNCY,release_text,2024-06-25,2024-06-25T09:15:57,acceptance_time,2024-06-25,Oxylanthanum Carbonate (OLC),,hyperphosphatemia in patients with chronic kidney disease,UNI-OLC-201,,37606630,2024-05-13,https://www.sec.gov/Archives/edgar/data/1766140/000121390024055436/ea0208437-8k_unicycive.htm
0001193125-24-167467,0001785530,"Werewolf Therapeutics, Inc.  (HOWL)  (CIK 0001785530)",HOWL,release_text,2024-06-25,2024-06-25T07:07:31,acceptance_time,2024-06-25,WTX-330,1,advanced or metastatic solid tumors or non-Hodgkin lymphoma,,,43455367,2024-05-03,https://www.sec.gov/Archives/edgar/data/1785530/000119312524167467/d857404d8k.htm
0001193125-24-168501,0001160308,Savara Inc  (SVRA)  (CIK 0001160308),SVRA,release_text,2024-06-26,2024-06-26T06:40:01,acceptance_time,2024-06-26,molgramostim,3,autoimmune pulmonary alveolar proteinosis,IMPALA-2,NCT04544293,138188891,2024-05-09,https://www.sec.gov/Archives/edgar/data/1160308/000119312524168501/d860197d8k.htm
0000950170-24-077299,0001564824,Allakos Inc.  (ALLK)  (CIK 0001564824),ALLK,release_text,2024-06-25,2024-06-25T16:20:09,acceptance_time,2024-06-26,AK006,1,mast cell-driven diseases,,NCT06072157,88544474,2024-05-09,https://www.sec.gov/Archives/edgar/data/1564824/000095017024077299/allk-20240625.htm
0001193125-24-168597,0001806952,"Lyell Immunopharma, Inc.  (LYEL)  (CIK 0001806952)",LYEL,release_text,2024-06-26,2024-06-26T08:32:21,acceptance_time,2024-06-26,LYL797,1,solid tumors,,NCT05274451,254939222,2024-05-06,https://www.sec.gov/Archives/edgar/data/1806952/000119312524168597/d808272d8k.htm
0001193125-24-169805,0001534133,"CalciMedica, Inc.  (CALC)  (CIK 0001534133)",CALC,release_text,2024-06-27,2024-06-27T08:45:55,acceptance_time,2024-06-27,Auxora,2b,acute pancreatitis,CARPO,NCT04195347;NCT04345614;NCT04681066;NCT06374797,10749065,2024-05-13,https://www.sec.gov/Archives/edgar/data/1534133/000119312524169805/d124614d8k.htm
0001628280-24-030243,0001501697,"X4 Pharmaceuticals, Inc  (XFOR, XFOWW)  (CIK 0001501697)",XFOR,release_text,2024-06-27,2024-06-27T08:01:09,acceptance_time,2024-06-27,mavorixafor,2,chronic neutropenia,,NCT04154488;NCT06056297,167937781,2024-05-07,https://www.sec.gov/Archives/edgar/data/1501697/000162828024030243/a991pressreleasedatedjune2.htm
0001140361-24-031563,0001601485,"Elicio Therapeutics, Inc.  (ELTX)  (CIK 0001601485)",ELTX,release_text,2024-06-27,2024-06-27T16:09:40,acceptance_time,2024-06-28,ELI-002 7P,1a,pancreatic ductal adenocarcinoma,AMPLIFY-7P,NCT04853017;NCT05726864,10270285,2024-05-15,https://www.sec.gov/Archives/edgar/data/1601485/000114036124031563/ny20031755x2_8k.htm
0000950170-24-079290,0001394319,"Tracon Pharmaceuticals, Inc.  (TCON)  (CIK 0001394319)",TCON,release_text,2024-07-01,2024-07-01T09:02:10,acceptance_time,2024-07-01,envafolimab,2,sarcoma subtypes of undifferentiated pleomorphic sarcoma (UPS) and myxofibrosarcoma (MFS),ENVASARC,,2679035,2024-05-14,https://www.sec.gov/Archives/edgar/data/1394319/000095017024079290/tcon-20240701.htm
0001193125-24-172762,0001580063,"BIORA THERAPEUTICS, INC.  (BIOR)  (CIK 0001580063)",BIOR,release_text,2024-07-01,2024-07-01T08:21:57,acceptance_time,2024-07-01,BT-600,1,ulcerative colitis,,NCT06275464,35883843,2024-05-15,https://www.sec.gov/Archives/edgar/data/1580063/000119312524172762/d821796d8k.htm
0001628280-24-030546,0001636651,Ovid Therapeutics Inc.  (OVID)  (CIK 0001636651),OVID,release_text,2024-07-01,2024-07-01T08:04:04,acceptance_time,2024-07-01,OV888/GV101,1,cerebral cavernous malformations,,,70944627,2024-05-14,https://www.sec.gov/Archives/edgar/data/1636651/000162828024030546/ovid-20240701.htm
0001140361-24-032080,0001453687,"Cartesian Therapeutics, Inc.  (RNAC)  (CIK 0001453687)",RNAC,release_text,2024-07-02,2024-07-02T06:30:27,acceptance_time,2024-07-02,Descartes-08,2b,generalized myasthenia gravis,,,17796053,2024-05-08,https://www.sec.gov/Archives/edgar/data/1453687/000114036124032080/ef20031962_8k.htm
0001437749-24-022267,0000925741,"BioCardia, Inc.  (BCDA)  (CIK 0000925741)",BCDA,release_text,2024-07-08,2024-07-08T07:00:39,acceptance_time,2024-07-08,ProtheraCytes,2,acute myocardial infarction,EXCELLENT,,27304116,2024-05-14,https://www.sec.gov/Archives/edgar/data/925741/000143774924022267/ex_695818.htm
0001193125-24-175867,0001676725,"IDEAYA Biosciences, Inc.  (IDYA)  (CIK 0001676725)",IDYA,release_text,2024-07-08,2024-07-08T06:04:01,acceptance_time,2024-07-08,IDE397,2,MTAP-deletion urothelial cancer and non-small cell lung cancer,,NCT04794699;NCT05975073,75686628,2024-05-07,https://www.sec.gov/Archives/edgar/data/1676725/000119312524175867/d587447d8k.htm
0001193125-24-175915,0001888012,"HilleVax, Inc.  (HLVX)  (CIK 0001888012)",HLVX,release_text,2024-07-08,2024-07-08T07:40:53,acceptance_time,2024-07-08,HIL-214,2b,acute gastroenteritis,NEST-IN1,,49720943,2024-05-09,https://www.sec.gov/Archives/edgar/data/1888012/000119312524175915/d574834d8k.htm
0001104659-24-078451,0001485003,Carisma Therapeutics Inc.  (CARM)  (CIK 0001485003),,missing,,2024-07-09T07:30:18,acceptance_time,2024-07-09,CT-0508,1,HER2+ solid tumors,,,41542744,2024-05-09,https://www.sec.gov/Archives/edgar/data/1485003/000110465924078451/tm2419051d1_8k.htm
0000950170-24-083386,0001907108,"Lexeo Therapeutics, Inc.  (LXEO)  (CIK 0001907108)",LXEO,release_text,2024-07-15,2024-07-15T07:55:24,acceptance_time,2024-07-15,LX2006,1/2,Friedreich ataxia cardiomyopathy,SUNRISE-FA,NCT05302271;NCT05445323,32945341,2024-05-09,https://www.sec.gov/Archives/edgar/data/1907108/000095017024083386/lxeo-20240715.htm
0001193125-24-178937,0001746473,"PLIANT THERAPEUTICS, INC.  (PLRX)  (CIK 0001746473)",PLRX,release_text,2024-07-15,2024-07-15T11:54:00,acceptance_time,2024-07-15,bexotegrast,2a,primary sclerosing cholangitis,INTEGRIS-PSC,NCT04480840,60325832,2024-05-06,https://www.sec.gov/Archives/edgar/data/1746473/000119312524178937/d829862d8k.htm
0001193125-24-179950,0001650648,"4D Molecular Therapeutics, Inc.  (FDMT)  (CIK 0001650648)",FDMT,release_text,2024-07-17,2024-07-17T06:04:01,acceptance_time,2024-07-17,4D-150,2,wet AMD,PRISM,,49778127,2024-02-29,https://www.sec.gov/Archives/edgar/data/1650648/000119312524179950/d873208d8k.htm
0001193125-24-180412,0001501756,"Adverum Biotechnologies, Inc.  (ADVM)  (CIK 0001501756)",ADVM,release_text,2024-07-17,2024-07-17T16:38:02,acceptance_time,2024-07-18,Ixo-vec,2,wet AMD,LUNA,,20756850,2024-05-09,https://www.sec.gov/Archives/edgar/data/1501756/000119312524180412/d824402d8k.htm
0001104659-24-081680,0001279704,"Cellectar Biosciences, Inc.  (CLRB)  (CIK 0001279704)",CLRB,release_text,2024-07-23,2024-07-23T06:45:24,acceptance_time,2024-07-23,iopofosine I 131,,Waldenstrom’s macroglobulinemia,CLOVER WaM,,35848924,2024-05-14,https://www.sec.gov/Archives/edgar/data/1279704/000110465924081680/tm2419979d1_8k.htm
0001104659-24-081721,0001585608,"Jaguar Health, Inc.  (JAGX)  (CIK 0001585608)",JAGX,release_text,2024-07-23,2024-07-23T08:05:13,acceptance_time,2024-07-23,crofelemer,3,diarrhea in adult cancer patients with solid tumors receiving targeted therapy,OnTarget,,171350166,2018-05-15,https://www.sec.gov/Archives/edgar/data/1585608/000110465924081721/tm2419925d1_ex99-1.htm
0001193125-24-183284,0001597553,"Sage Therapeutics, Inc.  (SAGE)  (CIK 0001597553)",SAGE,release_text,2024-07-24,2024-07-24T06:39:54,acceptance_time,2024-07-24,SAGE-324 (BIIB124),2,essential tremor,KINETIC 2,,60182031,2024-04-25,https://www.sec.gov/Archives/edgar/data/1597553/000119312524183284/d783653d8k.htm
0001193125-24-183318,0001827087,"Vigil Neuroscience, Inc.  (VIGL)  (CIK 0001827087)",VIGL,release_text,2024-07-24,2024-07-24T07:15:52,acceptance_time,2024-07-24,VG-3927,1,Alzheimer’s disease,,,37584312,2024-05-07,https://www.sec.gov/Archives/edgar/data/1827087/000119312524183318/d875446d8k.htm
0001628280-24-032815,0001001233,"SANGAMO THERAPEUTICS, INC  (SGMO)  (CIK 0001001233)",SGMO,release_text,2024-07-24,2024-07-24T16:05:28,acceptance_time,2024-07-25,giroctocogene fitelparvovec,3,hemophilia A,AFFINE,NCT03587116;NCT04370054,207510076,2024-05-09,https://www.sec.gov/Archives/edgar/data/1001233/000162828024032815/exhibit-991072424.htm
0001628280-24-032917,0001398733,"Aquestive Therapeutics, Inc.  (AQST)  (CIK 0001398733)",AQST,release_text,2024-07-25,2024-07-25T08:16:24,acceptance_time,2024-07-25,Anaphylm™,,"severe life-threatening allergic reactions, including anaphylaxis",,,91038532,2024-05-07,https://www.sec.gov/Archives/edgar/data/1398733/000162828024032917/aqst-selfadministrations.htm
0001558370-24-010223,0001374339,ProMIS Neurosciences Inc.  (PMN)  (CIK 0001374339),PMN,release_text,2024-07-26,2024-07-26T08:50:25,acceptance_time,2024-07-26,PMN310,1a,Alzheimer’s disease,,NCT06105528,18961116,2024-05-14,https://www.sec.gov/Archives/edgar/data/1374339/000155837024010223/pmn-20240726x8k.htm
0001193125-24-186747,0001936258,"NewAmsterdam Pharma Co N.V.  (NAMS, NAMSW)  (CIK 0001936258)",NAMS,release_text,2024-07-29,2024-07-29T08:30:35,acceptance_time,2024-07-29,obicetrapib,3,heterozygous familial hypercholesterolemia,BROOKLYN,NCT05425745,89976538,2024-05-08,https://www.sec.gov/Archives/edgar/data/1936258/000119312524186747/d660026d8k.htm
0001654954-24-009490,0000725363,CEL SCI CORP  (CVM)  (CIK 0000725363),CVM,release_text,2024-07-26,2024-07-26T17:27:40,acceptance_time,2024-07-29,Multikine,3,head and neck cancer,,,54159937,2024-05-15,https://www.sec.gov/Archives/edgar/data/725363/000165495424009490/cvm_8k.htm
0001493152-24-029517,0000749647,"Imunon, Inc.  (IMNN)  (CIK 0000749647)",IMNN,release_text,2024-07-30,2024-07-30T08:12:44,acceptance_time,2024-07-30,IMNN-001,2,advanced ovarian cancer,OVATION 2,,9400889,2024-05-13,https://www.sec.gov/Archives/edgar/data/749647/000149315224029517/ex99-1.htm
0001013762-24-002270,0001690080,"180 Life Sciences Corp.  (ATNF, ATNFW)  (CIK 0001690080)",ATNF,release_text,2024-07-30,2024-07-30T08:00:33,acceptance_time,2024-07-30,CBD,,epilepsy,Study,,941590,2024-05-15,https://www.sec.gov/Archives/edgar/data/1690080/000101376224002270/ea0210232-8k_180lifesci.htm
0001193125-24-188977,0001835597,PepGen Inc.  (PEPG)  (CIK 0001835597),PEPG,release_text,2024-07-30,2024-07-30T16:55:09,acceptance_time,2024-07-31,PGN-EDO51,2,Duchenne muscular dystrophy,CONNECT1-EDO51,,32417181,2024-05-14,https://www.sec.gov/Archives/edgar/data/1835597/000119312524188977/d879173d8k.htm
0001193125-24-189569,0001205922,"VACCINEX, INC.  (VCNX)  (CIK 0001205922)",VCNX,release_text,2024-07-31,2024-07-31T09:05:29,acceptance_time,2024-07-31,pepinemab,1b/2,Alzheimer’s disease,SIGNAL-AD,NCT02481674;NCT04381468,1584300,2024-05-15,https://www.sec.gov/Archives/edgar/data/1205922/000119312524189569/d858316d8k.htm
0001818382-24-000146,0001818382,"Humacyte, Inc.  (HUMA, HUMAW)  (CIK 0001818382)",HUMA,release_text,2024-07-31,2024-07-31T16:08:23,acceptance_time,2024-08-01,Acellular Tissue Engineered Vessel (ATEV™),3,end-stage renal disease,V007,NCT03183245,119084353,2024-05-13,https://www.sec.gov/Archives/edgar/data/1818382/000181838224000146/huma-20240731.htm
0001193125-24-193404,0001528115,"Annexon, Inc.  (ANNX)  (CIK 0001528115)",ANNX,release_text,2024-08-05,2024-08-05T08:11:59,acceptance_time,2024-08-05,ANX007,3,geographic atrophy,ARCHER II,,38563565,2022-05-09,https://www.sec.gov/Archives/edgar/data/1528115/000119312524193404/d833325dex991.htm
0001213900-24-065375,0001733413,"TFF Pharmaceuticals, Inc.  (TFFP)  (CIK 0001733413)",TFFP,release_text,2024-08-06,2024-08-06T08:00:17,acceptance_time,2024-08-06,Tacrolimus Inhalation Powder (TFF TAC),2,lung transplant rejection,,,3098134,2024-05-14,https://www.sec.gov/Archives/edgar/data/1733413/000121390024065375/ea021067901ex99-1_tffpharma.htm
0001193125-24-196465,0001492422,"Apellis Pharmaceuticals, Inc.  (APLS)  (CIK 0001492422)",APLS,release_text,2024-08-08,2024-08-08T07:06:59,acceptance_time,2024-08-08,pegcetacoplan,3,C3 glomerulopathy (C3G) or primary immune complex membranoproliferative glomerulonephritis (IC-MPGN),VALIANT,,121766328,2024-08-01,https://www.sec.gov/Archives/edgar/data/1492422/000119312524196465/d848612d8k.htm
0001193125-24-197047,0001880438,"AN2 Therapeutics, Inc.  (ANTX)  (CIK 0001880438)",ANTX,release_text,2024-08-08,2024-08-08T16:50:01,acceptance_time,2024-08-09,epetraborole,2/3,treatment-refractory Mycobacterium avium Complex (MAC) lung disease,EBO-301,,29829040,2024-05-14,https://www.sec.gov/Archives/edgar/data/1880438/000119312524197047/d865374d8k.htm
0001599901-24-000135,0001599901,"Avidity Biosciences, Inc.  (RNA)  (CIK 0001599901)",RNA,release_text,2024-08-09,2024-08-09T07:02:28,acceptance_time,2024-08-09,"delpacibart zotadirsen (del-zota, formerly AOC 1044)",1/2,Duchenne Muscular Dystrophy (DMD),EXPLORE44,,95636748,2024-05-09,https://www.sec.gov/Archives/edgar/data/1599901/000159990124000135/finalavidityvol10aoc1044.htm
0001999371-24-009889,0001430306,Tonix Pharmaceuticals Holding Corp.  (TNXP)  (CIK 0001430306),TNXP,release_text,2024-08-12,2024-08-12T08:18:07,acceptance_time,2024-08-12,TNX-102 SL,3,fibromyalgia,RESILIENT,,95543805,2024-05-13,https://www.sec.gov/Archives/edgar/data/1430306/000199937124009889/ex99-01.htm
0001193125-24-198969,0001556263,"Syros Pharmaceuticals, Inc.  (SYRS)  (CIK 0001556263)",SYRS,release_text,2024-08-12,2024-08-12T17:03:51,acceptance_time,2024-08-13,tamibarotene,2,acute myeloid leukemia,SELECT-AML-1,,26728337,2024-05-14,https://www.sec.gov/Archives/edgar/data/1556263/000119312524198969/d883084d8k.htm
0001437749-24-026563,0001645469,Monopar Therapeutics  (MNPR)  (CIK 0001645469),MNPR,release_text,2024-08-14,2024-08-14T08:00:10,acceptance_time,2024-08-14,MNPR-101-Zr,1,cancer,,NCT06337084,17601827.0,2024-08-09,https://www.sec.gov/Archives/edgar/data/1645469/000143774924026563/ex_712879.htm
0001140361-24-037428,0001010086,SIGA TECHNOLOGIES INC  (SIGA)  (CIK 0001010086),SIGA,sec_current,2024-08-15,2024-08-15T07:40:18,acceptance_time,2024-08-15,tecovirimat,,mpox,PALM 007,NCT05559099,71369274,2024-08-01,https://www.sec.gov/Archives/edgar/data/1010086/000114036124037428/ef20034039_8k.htm
0001558370-24-012413,0001133818,"BIO-PATH HOLDINGS, INC.  (BPTH)  (CIK 0001133818)",BPTH,release_text,2024-08-21,2024-08-21T16:15:26,acceptance_time,2024-08-22,BP1001-A,1/1b,solid tumors,,,2552190,2024-08-14,https://www.sec.gov/Archives/edgar/data/1133818/000155837024012413/bpth-20240821xex99d1.htm
0001213900-24-072570,0001840563,Elevai Labs Inc.  (ELAB)  (CIK 0001840563),ELAB,release_text,2024-08-26,2024-08-26T15:32:49,acceptance_time,2024-08-26,Elevai Enfinity,,facial photoaging,,,20192114,2024-08-14,https://www.sec.gov/Archives/edgar/data/1840563/000121390024072570/ea021239701ex99-1_elevailab.htm
0001193125-24-207466,0001832038,"Invivyd, Inc.  (IVVD)  (CIK 0001832038)",IVVD,release_text,2024-08-27,2024-08-27T08:05:02,acceptance_time,2024-08-27,pemivibart,3,COVID-19,CANOPY,,119442635,2024-08-14,https://www.sec.gov/Archives/edgar/data/1832038/000119312524207466/d890200dex991.htm
0000914475-24-000199,0000914475,NEUROCRINE BIOSCIENCES INC  (NBIX)  (CIK 0000914475),NBIX,release_text,2024-08-28,2024-08-28T07:00:59,acceptance_time,2024-08-28,NBI-1117568,2,schizophrenia,NBI-’568-SCZ2028,,100976249,2024-08-01,https://www.sec.gov/Archives/edgar/data/914475/000091447524000199/nbix-20240828.htm
0001711279-24-000045,0001711279,"Krystal Biotech, Inc.  (KRYS)  (CIK 0001711279)",KRYS,release_text,2024-08-28,2024-08-28T16:31:56,acceptance_time,2024-08-29,KB301,1,lateral canthal lines and dynamic wrinkles of the décolleté,PEARL-1,NCT04540900,28729950,2024-08-05,https://www.sec.gov/Archives/edgar/data/1711279/000171127924000045/exhibit991.htm
0001193125-24-211572,0001649094,"Vaxcyte, Inc.  (PCVX)  (CIK 0001649094)",PCVX,release_text,2024-09-03,2024-09-03T08:04:02,acceptance_time,2024-09-03,VAX-31,1/2,invasive pneumococcal disease,,NCT06151288,111609671,2024-08-06,https://www.sec.gov/Archives/edgar/data/1649094/000119312524211572/d813919d8k.htm
0001104659-24-096035,0001689548,"Praxis Precision Medicines, Inc.  (PRAX)  (CIK 0001689548)",PRAX,sec_current,2024-09-03,2024-09-03T08:15:48,acceptance_time,2024-09-03,relutrigine,2,early onset SCN2A-DEE or SCN8A-DEE,EMBOLD,,17757069,2024-08-13,https://www.sec.gov/Archives/edgar/data/1689548/000110465924096035/tm2423220d1_8k.htm
0001193125-24-211534,0001818794,"Dyne Therapeutics, Inc.  (DYN)  (CIK 0001818794)",DYN,release_text,2024-09-03,2024-09-03T07:16:35,acceptance_time,2024-09-03,DYNE-251,1/2,Duchenne muscular dystrophy,DELIVER,NCT05524883,100400798,2024-08-12,https://www.sec.gov/Archives/edgar/data/1818794/000119312524211534/d786894d8k.htm
0000950170-24-102788,0001620463,"Athira Pharma, Inc.  (ATHA)  (CIK 0001620463)",ATHA,release_text,2024-09-03,2024-09-03T16:01:11,acceptance_time,2024-09-04,fosgonimeton,2/3,mild-to-moderate Alzheimer’s disease,LIFT-AD,NCT04488419,38439375,2024-08-09,https://www.sec.gov/Archives/edgar/data/1620463/000095017024102788/atha-20240903.htm
0001104659-24-098059,0001868279,"ArriVent BioPharma, Inc.  (AVBP)  (CIK 0001868279)",AVBP,release_text,2024-09-09,2024-09-09T12:15:45,acceptance_time,2024-09-09,firmonertinib,1b,non-small cell lung cancer,FURTHER,NCT05364073;NCT05607550,33585893,2024-08-14,https://www.sec.gov/Archives/edgar/data/1868279/000110465924098059/tm2423588d1_8k.htm
0000950170-24-104550,0001831363,"Terns Pharmaceuticals, Inc.  (TERN)  (CIK 0001831363)",TERN,release_text,2024-09-09,2024-09-09T07:16:14,acceptance_time,2024-09-09,TERN-601,1,obesity,,,70371911,2024-08-05,https://www.sec.gov/Archives/edgar/data/1831363/000095017024104550/tern-20240909.htm
0001326732-24-000046,0001326732,Xencor Inc  (XNCR)  (CIK 0001326732),XNCR,release_text,2024-09-09,2024-09-09T09:00:54,acceptance_time,2024-09-09,XmAb819,1,clear cell renal cell carcinoma,,,61833530,2024-08-05,https://www.sec.gov/Archives/edgar/data/1326732/000132673224000046/xencorstrategycallandsep.htm
0001599298-24-000128,0001599298,Summit Therapeutics Inc.  (SMMT)  (CIK 0001599298),SMMT,release_text,2024-09-08,2024-09-09T07:23:04,release_date_only,2024-09-09,ivonescimab,3,NSCLC,HARMONi-2,,724537751,2024-08-06,https://www.sec.gov/Archives/edgar/data/1599298/000159929824000128/a2024_prx0908xwclcharmon.htm
0000950170-24-104557,0001812364,"Relay Therapeutics, Inc.  (RLAY)  (CIK 0001812364)",RLAY,release_text,2024-09-09,2024-09-09T08:00:16,acceptance_time,2024-09-09,RLY-2608,,"PI3Kα-mutated, HR+/HER2- metastatic breast cancer",ReDiscover,,133889966,2024-08-06,https://www.sec.gov/Archives/edgar/data/1812364/000095017024104557/rlay-20240909.htm
0001140361-24-040650,0001635088,Roivant Sciences Ltd.  (ROIV)  (CIK 0001635088),ROIV,release_text,2024-09-10,2024-09-10T07:15:22,acceptance_time,2024-09-10,mosliciguat,1b,pulmonary hypertension,ATMOS,,739521824,2024-08-09,https://www.sec.gov/Archives/edgar/data/1635088/000114036124040650/ef20035693_ex99-1.htm
0000950170-24-104915,0001720580,"Adicet Bio, Inc.  (ACET)  (CIK 0001720580)",ACET,release_text,2024-09-10,2024-09-10T07:01:18,acceptance_time,2024-09-10,ADI-001,1,mantle cell lymphoma,,,82400960,2024-08-13,https://www.sec.gov/Archives/edgar/data/1720580/000095017024104915/acet-20240910.htm
0001193125-24-216320,0001847903,Centessa Pharmaceuticals plc  (CNTA)  (CIK 0001847903),CNTA,release_text,2024-09-10,2024-09-10T07:08:39,acceptance_time,2024-09-10,ORX750,1,acutely sleep-deprived,,,113314295,2024-08-13,https://www.sec.gov/Archives/edgar/data/1847903/000119312524216320/d857057d8k.htm
0001140361-24-040755,0001743881,"BridgeBio Pharma, Inc.  (BBIO)  (CIK 0001743881)",BBIO,release_text,2024-09-10,2024-09-10T18:23:18,acceptance_time,2024-09-11,BBP-631,1/2,congenital adrenal hyperplasia (CAH),ADventure,,188032738,2024-08-01,https://www.sec.gov/Archives/edgar/data/1743881/000114036124040755/ef20035749_8k.htm
0001682852-24-000049,0001682852,"Moderna, Inc.  (MRNA)  (CIK 0001682852)",MRNA,release_text,2024-09-12,2024-09-12T06:03:14,acceptance_time,2024-09-12,,3,"RSV, flu, COVID-19",,,384396030,2024-08-01,https://www.sec.gov/Archives/edgar/data/1682852/000168285224000049/exhibit991-09122024.htm
0001193125-24-217822,0001680581,"Fulcrum Therapeutics, Inc.  (FULC)  (CIK 0001680581)",FULC,release_text,2024-09-12,2024-09-12T12:43:53,acceptance_time,2024-09-12,losmapimod,3,Facioscapulohumeral Muscular Dystrophy (FSHD),REACH,NCT05397470,62400770,2024-07-31,https://www.sec.gov/Archives/edgar/data/1680581/000119312524217822/d844807d8k.htm
0001193125-24-217619,0001501796,"Aura Biosciences, Inc.  (AURA)  (CIK 0001501796)",AURA,release_text,2024-09-12,2024-09-12T06:50:35,acceptance_time,2024-09-12,bel-sar (AU-011),2,early-stage choroidal melanoma (CM),,NCT04417530,49606115,2024-08-08,https://www.sec.gov/Archives/edgar/data/1501796/000119312524217619/d886516d8k.htm
0001104659-24-099121,0001566044,VYNE Therapeutics Inc.  (VYNE)  (CIK 0001566044),VYNE,release_text,2024-09-12,2024-09-12T08:01:12,acceptance_time,2024-09-12,VYN202,1a,psoriasis and rheumatoid arthritis,,,14749397,2024-08-14,https://www.sec.gov/Archives/edgar/data/1566044/000110465924099121/tm2423851d1_ex99-1.htm
0000950170-24-105987,0001260990,"Oncternal Therapeutics, Inc.  (ONCT)  (CIK 0001260990)",ONCT,release_text,2024-09-12,2024-09-12T16:49:42,acceptance_time,2024-09-13,ONCT-534 and ONCT-808,1,metastatic castration resistant cancer and aggressive B-cell lymphoma,,,2959645,2024-08-08,https://www.sec.gov/Archives/edgar/data/1260990/000095017024105987/onct-20240911.htm
0001790340-24-000069,0001790340,Immuneering Corp  (IMRX)  (CIK 0001790340),IMRX,release_text,2024-09-12,2024-09-12T16:11:22,acceptance_time,2024-09-13,IMM-1-104,2a,pancreatic cancer,,,25938064,2021-09-09,https://www.sec.gov/Archives/edgar/data/1790340/000179034024000069/imrx-20240912.htm
0000950170-24-106362,0001678660,Prelude Therapeutics Inc  (PRLD)  (CIK 0001678660),PRLD,release_text,2024-09-13,2024-09-13T16:15:28,acceptance_time,2024-09-16,PRT3789,1,SMARCA4-mutated non-small cell lung cancer (NSCLC) and esophageal cancer,,,55024470,2024-08-12,https://www.sec.gov/Archives/edgar/data/1678660/000095017024106362/prld-20240913.htm
0001125345-24-000151,0001125345,MACROGENICS INC  (MGNX)  (CIK 0001125345),MGNX,release_text,2024-09-15,2024-09-16T16:02:02,release_date_only,2024-09-16,vobramitamab duocarmazine (vobra duo),2,metastatic castration-resistant prostate cancer (mCRPC),TAMARACK,,62722244,2024-08-06,https://www.sec.gov/Archives/edgar/data/1125345/000112534524000151/exhibit991phase2tamarackes.htm
0001279569-24-001116,0001633932,ESSA Pharma Inc.  (EPIX)  (CIK 0001633932),EPIX,release_text,2024-09-13,2024-09-13T17:33:33,acceptance_time,2024-09-16,masofaniten,1/2,prostate cancer,,NCT04421222;NCT05075577,44368959,2024-08-05,https://www.sec.gov/Archives/edgar/data/1633932/000127956924001116/ex991.htm
0000950170-24-106614,0001671584,Aptevo Therapeutics Inc.  (APVO)  (CIK 0001671584),APVO,release_text,2024-09-16,2024-09-16T08:09:44,acceptance_time,2024-09-16,ALG.APV-527,1,solid tumors,,,9420489,2024-08-08,https://www.sec.gov/Archives/edgar/data/1671584/000095017024106614/apvo-20240916.htm
0001140361-24-041100,0001671927,Immunocore Holdings plc  (IMCR)  (CIK 0001671927),IMCR,release_text,2024-09-14,2024-09-16T06:46:57,release_date_only,2024-09-16,brenetafusp,1,ovarian cancer,,,50018756,2024-08-08,https://www.sec.gov/Archives/edgar/data/1671927/000114036124041100/ef20035872_8k.htm
0001193125-24-219180,0001781174,"Acrivon Therapeutics, Inc.  (ACRV)  (CIK 0001781174)",ACRV,release_text,2024-09-14,2024-09-16T06:43:01,release_date_only,2024-09-16,ACR-368,2,endometrial cancer,,,30972163,2024-08-13,https://www.sec.gov/Archives/edgar/data/1781174/000119312524219180/d355136d8k.htm
0001558370-24-012793,0001787297,"Passage BIO, Inc.  (PASG)  (CIK 0001787297)",PASG,release_text,2024-09-16,2024-09-16T07:00:19,acceptance_time,2024-09-16,PBFT02,1/2,frontotemporal dementia,upliFT-D,NCT04747431,61767286,2024-08-08,https://www.sec.gov/Archives/edgar/data/1787297/000155837024012793/pasg-20240916xex99d1.htm
0001213900-24-079165,0001860657,"Allarity Therapeutics, Inc.  (ALLR)  (CIK 0001860657)",ALLR,release_text,2024-09-16,2024-09-17T08:00:32,release_date_only,2024-09-17,stenoparib,2,ovarian cancer,,NCT03878849,42379508,2024-08-05,https://www.sec.gov/Archives/edgar/data/1860657/000121390024079165/ea021470501ex99-1_allarity.htm
0001193125-24-221375,0001650648,"4D Molecular Therapeutics, Inc.  (FDMT)  (CIK 0001650648)",FDMT,release_text,2024-09-18,2024-09-18T16:06:01,acceptance_time,2024-09-19,4D-150,1/2,wet age-related macular degeneration,PRISM,,49778127,2024-02-29,https://www.sec.gov/Archives/edgar/data/1650648/000119312524221375/d865019d8k.htm
0000950170-24-108629,0001426800,"ASSEMBLY BIOSCIENCES, INC.  (ASMB)  (CIK 0001426800)",ASMB,release_text,2024-09-23,2024-09-23T08:05:08,acceptance_time,2024-09-23,ABI-5366,1a,recurrent genital herpes,ABI-5366-101,NCT06385327,6345561,2024-08-08,https://www.sec.gov/Archives/edgar/data/1426800/000095017024108629/asmb-20240923.htm
0001193125-24-223230,0001676725,"IDEAYA Biosciences, Inc.  (IDYA)  (CIK 0001676725)",IDYA,release_text,2024-09-23,2024-09-23T06:12:30,acceptance_time,2024-09-23,darovasertib,2,uveal melanoma,IDE196-009,NCT05187884;NCT05907954,84481494,2024-08-06,https://www.sec.gov/Archives/edgar/data/1676725/000119312524223230/d884691d8k.htm
0001104659-24-101874,0001701541,"Black Diamond Therapeutics, Inc.  (BDTX)  (CIK 0001701541)",BDTX,release_text,2024-09-23,2024-09-23T07:09:18,acceptance_time,2024-09-23,BDTX-1535,2,EGFR-mutant non-small cell lung cancer,,NCT05256290;NCT06072586,56504895,2024-08-06,https://www.sec.gov/Archives/edgar/data/1701541/000110465924101874/tm2424526d1_8k.htm
0001935979-24-000073,0001935979,Biohaven Ltd.  (BHVN)  (CIK 0001935979),BHVN,release_text,2024-09-23,2024-09-23T09:11:53,acceptance_time,2024-09-23,troriluzole,3,Spinocerebellar Ataxia (SCA),BHV4157-206-RWE,NCT06529146,94542253,2024-08-09,https://www.sec.gov/Archives/edgar/data/1935979/000193597924000073/bhvn-20240923.htm
0001193125-24-224116,0001631574,Wave Life Sciences Ltd.  (WVE)  (CIK 0001631574),WVE,release_text,2024-09-24,2024-09-24T07:34:59,acceptance_time,2024-09-24,WVE-N531,2,Duchenne muscular dystrophy,FORWARD-53,,124737862,2024-08-08,https://www.sec.gov/Archives/edgar/data/1631574/000119312524224116/d876211d8k.htm
0001437749-24-029936,0000946486,"WINDTREE THERAPEUTICS INC /DE/  (WINT, WINTW)  (CIK 0000946486)",WINT,release_text,2024-09-25,2024-09-25T08:05:12,acceptance_time,2024-09-25,istaroxime,2b,early cardiogenic shock,SEISMiC Extension Study,,591909,2024-08-19,https://www.sec.gov/Archives/edgar/data/946486/000143774924029936/ex_727011.htm
0001213900-24-081982,0001841330,"Pasithea Therapeutics Corp.  (KTTA, KTTAW)  (CIK 0001841330)",KTTA,release_text,2024-09-26,2024-09-26T08:45:07,acceptance_time,2024-09-26,PAS-004,1,advanced solid tumors,,NCT06299839,1044081,2024-08-13,https://www.sec.gov/Archives/edgar/data/1841330/000121390024081982/ea0215731-8k_pasithea.htm
0000950170-24-109463,0001980845,"enGene Holdings Inc.  (ENGN, ENGNW)  (CIK 0001980845)",ENGN,release_text,2024-09-26,2024-09-26T06:33:37,acceptance_time,2024-09-26,detalimogene voraplasmid,,"high-risk, Bacillus Calmette-Guérin (BCG)-unresponsive, non-muscle invasive bladder cancer (NMIBC) with carcinoma in situ (Cis)",LEGEND,,44215577,2024-09-10,https://www.sec.gov/Archives/edgar/data/1980845/000095017024109463/engn-20240926.htm
0001193125-24-228441,0001661460,"Poseida Therapeutics, Inc.  (PSTX)  (CIK 0001661460)",PSTX,release_text,2024-09-27,2024-09-30T08:00:32,release_date_only,2024-09-30,P-BCMA-ALLO1,1,relapsed/refractory multiple myeloma,,,97120175,2024-08-05,https://www.sec.gov/Archives/edgar/data/1661460/000119312524228441/d718563d8k.htm
0001193125-24-229255,0001656634,"Gritstone bio, Inc.  (GRTS)  (CIK 0001656634)",GRTS,release_text,2024-09-30,2024-09-30T20:05:58,acceptance_time,2024-10-01,GRANITE (GRTC901/GRT-R902),2,metastatic microsatellite stable colorectal cancer,,,118109074,2024-08-13,https://www.sec.gov/Archives/edgar/data/1656634/000119312524229255/d892677d8k.htm
0001140361-24-042537,0001472091,PDS Biotechnology Corp  (PDSB)  (CIK 0001472091),PDSB,release_text,2024-10-02,2024-10-02T08:05:27,acceptance_time,2024-10-02,Versamune® HPV,2,locally advanced cervical cancer,IMMUNOCERV,NCT04580771,36819810,2024-08-13,https://www.sec.gov/Archives/edgar/data/1472091/000114036124042537/ef20036539_ex99-1.htm
0001493152-24-039016,0001610820,"BriaCell Therapeutics Corp.  (BCTX, BCTXW)  (CIK 0001610820)",BCTX,release_text,2024-10-01,2024-10-01T16:02:31,acceptance_time,2024-10-02,Bria-IMT™,2,metastatic breast cancer,,,18284661,2024-06-14,https://www.sec.gov/Archives/edgar/data/1610820/000149315224039016/ex99-1.htm
0001104659-24-106461,0001727196,Scholar Rock Holding Corp  (SRRK)  (CIK 0001727196),SRRK,release_text,2024-10-07,2024-10-07T08:00:33,acceptance_time,2024-10-07,apitegromab,3,spinal muscular atrophy,SAPPHIRE,NCT05156320,80032623,2024-08-08,https://www.sec.gov/Archives/edgar/data/1727196/000110465924106461/tm2425688d7_8k.htm
0001193125-24-233797,0001796129,"Vincerx Pharma, Inc.  (VINC)  (CIK 0001796129)",,missing,2024-10-07,2024-10-07T16:12:00,acceptance_time,2024-10-08,VIP943,1,"acute myeloid leukemia (AML), higher-risk myelodysplastic syndrome (HR-MDS), and B-cell acute lymphoblastic leukemia (B-ALL)",,,29671903,2024-08-08,https://www.sec.gov/Archives/edgar/data/1796129/000119312524233797/d862040d8k.htm
0001193125-24-234111,0001597553,"Sage Therapeutics, Inc.  (SAGE)  (CIK 0001597553)",SAGE,release_text,2024-10-08,2024-10-08T06:37:30,acceptance_time,2024-10-08,dalzanemdor (SAGE-718),2,mild cognitive impairment (MCI) or mild dementia due to Alzheimer’s Disease (AD),LIGHTWAVE,,61050418,2024-07-31,https://www.sec.gov/Archives/edgar/data/1597553/000119312524234111/d833930d8k.htm
0001493152-24-040651,0001535955,Lipocine Inc.  (LPCN)  (CIK 0001535955),LPCN,release_text,2024-10-10,2024-10-10T06:04:19,acceptance_time,2024-10-10,oral brexanolone,1,post-partum depression (PPD),,,5347940,2024-08-08,https://www.sec.gov/Archives/edgar/data/1535955/000149315224040651/ex99-1.htm
0001193125-24-237227,0001808898,Benitec Biopharma Inc.  (BNTC)  (CIK 0001808898),BNTC,release_text,2024-10-12,2024-10-15T08:07:52,release_date_only,2024-10-14,BB-301,1b/2a,Oculopharyngeal Muscular Dystrophy,,NCT06185673,10555728,2024-09-26,https://www.sec.gov/Archives/edgar/data/1808898/000119312524237227/d863953dex991.htm
0001558370-24-013273,0001735438,MeiraGTx Holdings plc  (MGTX)  (CIK 0001735438),MGTX,release_text,2024-10-15,2024-10-15T07:09:08,acceptance_time,2024-10-15,AAV-GAD,,Parkinson’s disease,MGT-GAD-025,NCT05894343,64898918,2024-08-12,https://www.sec.gov/Archives/edgar/data/1735438/000155837024013273/mgtx-20241015x8k.htm
0001213900-24-087394,0001788028,"Jasper Therapeutics, Inc.  (JSPR, JSPRW)  (CIK 0001788028)",JSPR,release_text,2024-10-14,2024-10-15T06:03:19,release_date_only,2024-10-15,briquilimab,1b/2a,chronic inducible urticaria,SPOTLIGHT,,111575261,2023-11-09,https://www.sec.gov/Archives/edgar/data/1788028/000121390024087394/ea0217519-8k_jasper.htm
0001193125-24-237869,0001631574,Wave Life Sciences Ltd.  (WVE)  (CIK 0001631574),WVE,release_text,2024-10-16,2024-10-16T08:34:02,acceptance_time,2024-10-16,WVE-006,1b/2a,alpha-1 antitrypsin deficiency,RestorAATion-2,,124737862,2024-08-08,https://www.sec.gov/Archives/edgar/data/1631574/000119312524237869/d890226dex991.htm
0001104659-24-109439,0001526119,"Verastem, Inc.  (VSTM)  (CIK 0001526119)",VSTM,sec_current,,2024-10-17T11:50:50,acceptance_time,2024-10-17,Avutometinib ± Defactinib,2,recurrent low-grade serous ovarian cancer,RAMP 201,NCT03875820;NCT04625270,40243745,2024-08-08,https://www.sec.gov/Archives/edgar/data/1526119/000110465924109439/tm2426322d1_ex99-1.htm
0001193125-24-238572,0001658551,"Amylyx Pharmaceuticals, Inc.  (AMLX)  (CIK 0001658551)",AMLX,release_text,2024-10-17,2024-10-17T09:12:58,acceptance_time,2024-10-17,AMX0035,2,Wolfram syndrome,HELIOS,,68082468,2024-08-08,https://www.sec.gov/Archives/edgar/data/1658551/000119312524238572/d858945d8k.htm
0001356576-24-000058,0001356576,"SUPERNUS PHARMACEUTICALS, INC.  (SUPN)  (CIK 0001356576)",SUPN,release_text,2024-10-17,2024-10-17T16:16:40,acceptance_time,2024-10-18,SPN-820,2a,major depressive disorder,,,55105387,2024-08-06,https://www.sec.gov/Archives/edgar/data/1356576/000135657624000058/ex-991xsupnspnx820phase2ar.htm
0001437749-24-031684,0001645469,Monopar Therapeutics  (MNPR)  (CIK 0001645469),MNPR,release_text,2024-10-22,2024-10-22T08:00:17,acceptance_time,2024-10-22,MNPR-101,1a,solid tumors,,NCT06337084;NCT06617169,17601827.0,2024-08-09,https://www.sec.gov/Archives/edgar/data/1645469/000143774924031684/ex_735439.htm
0001193125-24-241092,0001999480,"Alto Neuroscience, Inc.  (ANRO)  (CIK 0001999480)",ANRO,release_text,2024-10-22,2024-10-22T16:35:00,acceptance_time,2024-10-23,ALTO-100,2b,major depressive disorder,,,26958973,2024-08-13,https://www.sec.gov/Archives/edgar/data/1999480/000119312524241092/d876702d8k.htm
0001558370-24-013486,0001781983,"Aprea Therapeutics, Inc.  (APRE)  (CIK 0001781983)",APRE,release_text,2024-10-23,2024-10-23T09:00:25,acceptance_time,2024-10-23,APR-1051,1,advanced solid tumors,ACESOT-1051,NCT06260514,5431903,2024-08-12,https://www.sec.gov/Archives/edgar/data/1781983/000155837024013486/apre-20241023xex99d1.htm
0001558370-24-013565,0001267813,"MARINUS PHARMACEUTICALS, INC.  (MRNS)  (CIK 0001267813)",MRNS,release_text,2024-10-24,2024-10-24T08:05:19,acceptance_time,2024-10-24,ganaxolone,3,tuberous sclerosis complex,TrustTSC,NCT05323734,55084038,2024-08-13,https://www.sec.gov/Archives/edgar/data/1267813/000155837024013565/mrns-20241024x8k.htm
0001628280-24-043505,0001398733,"Aquestive Therapeutics, Inc.  (AQST)  (CIK 0001398733)",AQST,release_text,2024-10-24,2024-10-24T08:06:00,acceptance_time,2024-10-24,Anaphylm,,oral allergy syndrome,,,91059760,2024-08-06,https://www.sec.gov/Archives/edgar/data/1398733/000162828024043505/aqst-20241024.htm
0000950170-24-116853,0001678660,Prelude Therapeutics Inc  (PRLD)  (CIK 0001678660),PRLD,release_text,2024-10-24,2024-10-24T07:40:21,acceptance_time,2024-10-24,PRT3789,1,non-small cell lung cancer,,,55024470,2024-08-12,https://www.sec.gov/Archives/edgar/data/1678660/000095017024116853/prld-20241024.htm
0000950170-24-116856,0001761918,"Erasca, Inc.  (ERAS)  (CIK 0001761918)",ERAS,release_text,2024-10-24,2024-10-24T08:10:07,acceptance_time,2024-10-24,naporafenib plus trametinib,1b,solid tumor malignancies,SEACRAFT-1,,282504318,2024-08-12,https://www.sec.gov/Archives/edgar/data/1761918/000095017024116856/eras-20241024.htm
0001558370-24-013563,0001787297,"Passage BIO, Inc.  (PASG)  (CIK 0001787297)",PASG,release_text,2024-10-24,2024-10-24T07:00:15,acceptance_time,2024-10-24,PBFT02,,frontotemporal dementia with GRN mutations,upliFT-D,,61767286,2024-08-08,https://www.sec.gov/Archives/edgar/data/1787297/000155837024013563/pasg-20241024xex99d1.htm
0001193125-24-243475,0001863127,"Tyra Biosciences, Inc.  (TYRA)  (CIK 0001863127)",TYRA,release_text,2024-10-25,2024-10-25T08:01:32,acceptance_time,2024-10-25,TYRA-300,,mUC,SURF301,,52806137,2024-08-07,https://www.sec.gov/Archives/edgar/data/1863127/000119312524243475/d898462d8k.htm
0000950170-24-117318,0001816736,"Disc Medicine, Inc.  (IRON)  (CIK 0001816736)",IRON,release_text,2024-10-25,2024-10-25T13:11:07,acceptance_time,2024-10-25,DISC-0974,1b,non-dialysis-dependent chronic kidney disease (NDD-CKD) and anemia,,,29725763,2024-08-08,https://www.sec.gov/Archives/edgar/data/1816736/000095017024117318/iron-20241025.htm
0001558370-24-013664,0001006281,"Protalix BioTherapeutics, Inc.  (PLX)  (CIK 0001006281)",PLX,release_text,2024-10-25,2024-10-25T08:27:50,acceptance_time,2024-10-25,PRX-115,1,uncontrolled gout,,,73542674,2024-08-14,https://www.sec.gov/Archives/edgar/data/1006281/000155837024013664/plx-20241025x8k.htm
0000950170-24-117087,0001693011,"Inozyme Pharma, Inc.  (INZY)  (CIK 0001693011)",INZY,release_text,2024-10-24,2024-10-24T16:34:14,acceptance_time,2024-10-25,INZ-701,1,end-stage kidney disease,SEAPORT 1,NCT06283589,62734395,2024-08-06,https://www.sec.gov/Archives/edgar/data/1693011/000095017024117087/inzy-20241024.htm
0001193125-24-243413,0001676725,"IDEAYA Biosciences, Inc.  (IDYA)  (CIK 0001676725)",IDYA,release_text,2024-10-25,2024-10-25T06:04:53,acceptance_time,2024-10-25,IDE397,1,MTAP-deletion urothelial cancer and non-small cell lung cancer,,NCT04794699;NCT05975073,84481494,2024-08-06,https://www.sec.gov/Archives/edgar/data/1676725/000119312524243413/d898951d8k.htm
0001815776-24-000064,0001815776,"LENZ Therapeutics, Inc.  (LENZ)  (CIK 0001815776)",LENZ,release_text,2024-10-27,2024-10-28T08:09:55,release_date_only,2024-10-28,LNZ100,3,presbyopia,JX07001,,27496665,2024-08-14,https://www.sec.gov/Archives/edgar/data/1815776/000181577624000064/exhibit991-jixingdataannou.htm
0001193125-24-245704,0001831828,"Vera Therapeutics, Inc.  (VERA)  (CIK 0001831828)",VERA,release_text,2024-10-26,2024-10-28T17:30:56,release_date_only,2024-10-28,atacicept,2b,immunoglobulin A nephropathy (IgAN),ORIGIN,NCT04716231,54827665,2024-08-08,https://www.sec.gov/Archives/edgar/data/1831828/000119312524245704/d891191d8k.htm
0000950170-24-117578,0001841387,"Candel Therapeutics, Inc.  (CADL)  (CIK 0001841387)",CADL,release_text,2024-10-28,2024-10-28T08:30:08,acceptance_time,2024-10-28,CAN-3110,1b,recurrent high-grade glioma (rHGG),,,32084777,2024-08-13,https://www.sec.gov/Archives/edgar/data/1841387/000095017024117578/cadl-20241028.htm
0001818382-24-000192,0001818382,"Humacyte, Inc.  (HUMA, HUMAW)  (CIK 0001818382)",HUMA,release_text,2024-10-28,2024-10-28T16:07:53,acceptance_time,2024-10-29,ATEV,3,end-stage renal disease,V007,NCT03183245,119351122,2024-08-13,https://www.sec.gov/Archives/edgar/data/1818382/000181838224000192/huma-20241028.htm
0001104659-24-112054,0001253689,GLYCOMIMETICS INC  (GLYC)  (CIK 0001253689),GLYC,release_text,2024-10-29,2024-10-29T08:09:13,acceptance_time,2024-10-29,uproleselan,2/3,acute myeloid leukemia,adaptive Phase 2/3 study,,64483958,2024-08-08,https://www.sec.gov/Archives/edgar/data/1253689/000110465924112054/tm2427013d1_8k.htm
0000950170-24-117946,0001404281,"Eledon Pharmaceuticals, Inc.  (ELDN)  (CIK 0001404281)",ELDN,release_text,2024-10-29,2024-10-29T08:00:12,acceptance_time,2024-10-29,tegoprubart,,type 1 diabetes,,NCT06305286,39655702,2024-08-19,https://www.sec.gov/Archives/edgar/data/1404281/000095017024117946/eldn-20241029.htm
0001193125-24-246171,0001835022,"Coya Therapeutics, Inc.  (COYA)  (CIK 0001835022)",COYA,release_text,2024-10-29,2024-10-29T08:00:55,acceptance_time,2024-10-29,low-dose interleukin-2,2,Alzheimer’s Disease,,,15221308,2024-08-12,https://www.sec.gov/Archives/edgar/data/1835022/000119312524246171/d821192d8k.htm
0000950170-24-118569,0001907108,"Lexeo Therapeutics, Inc.  (LXEO)  (CIK 0001907108)",LXEO,release_text,2024-10-30,2024-10-30T06:15:39,acceptance_time,2024-10-30,LX1001,1/2,APOE4-associated Alzheimer’s disease,,NCT03634007,33061004,2024-08-12,https://www.sec.gov/Archives/edgar/data/1907108/000095017024118569/lxeo-20241030.htm
0001193125-24-247004,0001534133,"CalciMedica, Inc.  (CALC)  (CIK 0001534133)",CALC,release_text,2024-10-30,2024-10-30T07:24:04,acceptance_time,2024-10-30,Auxora,2b,acute pancreatitis,CARPO,NCT04195347;NCT04345614;NCT04681066;NCT06374797,10750156,2024-08-12,https://www.sec.gov/Archives/edgar/data/1534133/000119312524247004/d885957d8k.htm
0001193125-24-246627,0001701108,"Spero Therapeutics, Inc.  (SPRO)  (CIK 0001701108)",SPRO,release_text,2024-10-29,2024-10-29T17:01:05,acceptance_time,2024-10-30,SPR720,2a,Nontuberculous Mycobacterial Pulmonary Disease,,NCT05496374;NCT06059846,54049139,2024-08-05,https://www.sec.gov/Archives/edgar/data/1701108/000119312524246627/d889032d8k.htm
0001493152-24-043187,0001858685,"Biofrontera Inc.  (BFRI, BFRIW)  (CIK 0001858685)",BFRI,release_text,2024-10-31,2024-10-31T15:25:57,acceptance_time,2024-10-31,Ameluz,3,superficial basal cell carcinoma,ALA-BCC-CT013,,5543518,2024-08-14,https://www.sec.gov/Archives/edgar/data/1858685/000149315224043187/ex99-1.htm
0001279569-24-001310,0001633932,ESSA Pharma Inc.  (EPIX)  (CIK 0001633932),EPIX,release_text,2024-10-31,2024-11-01T16:30:06,release_date_only,2024-11-01,masofaniten,2,metastatic castration-resistant prostate cancer,,NCT05075577,44368959,2024-08-05,https://www.sec.gov/Archives/edgar/data/1633932/000127956924001310/ex991.htm
0000950170-24-120268,0001488039,"ATOSSA THERAPEUTICS, INC.  (ATOS)  (CIK 0001488039)",ATOS,release_text,2024-11-04,2024-11-04T06:35:08,acceptance_time,2024-11-04,(Z)-endoxifen,2,mammographic breast density,KARISMA-Endoxifen,,125757416,2024-08-12,https://www.sec.gov/Archives/edgar/data/1488039/000095017024120268/atos-20241104.htm
0001193125-24-250965,0001567514,"Intra-Cellular Therapies, Inc.  (ITCI)  (CIK 0001567514)",ITCI,release_text,2024-11-05,2024-11-05T07:10:52,acceptance_time,2024-11-05,lumateperone,3,schizophrenia,Study 304,,106017103,2024-10-30,https://www.sec.gov/Archives/edgar/data/1567514/000119312524250965/d875236d8k.htm
0000950170-24-121099,0001745999,Beam Therapeutics Inc.  (BEAM)  (CIK 0001745999),BEAM,release_text,2024-11-05,2024-11-05T09:00:08,acceptance_time,2024-11-05,BEAM-101,1/2,sickle cell disease,BEACON,,82415619,2024-08-06,https://www.sec.gov/Archives/edgar/data/1745999/000095017024121099/beam-20241105.htm
0001193125-24-251014,0001786205,"Arcellx, Inc.  (ACLX)  (CIK 0001786205)",ACLX,release_text,2024-11-05,2024-11-05T09:17:00,acceptance_time,2024-11-05,anitocabtagene autoleucel,1,relapsed or refractory multiple myeloma,iMMagine-1,NCT05396885;NCT06413498,53755679,2024-08-08,https://www.sec.gov/Archives/edgar/data/1786205/000119312524251014/d844485d8k.htm
0001683168-24-007713,0001533040,Phio Pharmaceuticals Corp.  (PHIO)  (CIK 0001533040),PHIO,release_text,2024-11-07,2024-11-07T10:21:15,acceptance_time,2024-11-07,PH-762,1b,"cutaneous squamous carcinoma, Merkel cell carcinoma and melanoma",,,860721,2024-08-14,https://www.sec.gov/Archives/edgar/data/1533040/000168316824007713/phio_8k.htm
0001493152-24-044218,0001878313,"MAIA Biotechnology, Inc.  (MAIA)  (CIK 0001878313)",MAIA,release_text,2024-11-08,2024-11-08T12:51:36,acceptance_time,2024-11-08,THIO,2,advanced non-small cell lung cancer,THIO-101,,23907212,2024-08-09,https://www.sec.gov/Archives/edgar/data/1878313/000149315224044218/form8-k.htm
0000950170-24-123722,0001445283,"KINETA, INC./DE  (KANT)  (CIK 0001445283)",KANT,release_text,2024-11-08,2024-11-08T09:00:09,acceptance_time,2024-11-08,KVA12123,1/2,advanced solid tumors,VISTA-101,,12263203,2024-11-06,https://www.sec.gov/Archives/edgar/data/1445283/000095017024123722/kant-ex99_1.htm
0001601485-24-000067,0001601485,"Elicio Therapeutics, Inc.  (ELTX)  (CIK 0001601485)",ELTX,release_text,2024-11-07,2024-11-07T16:27:28,acceptance_time,2024-11-08,ELI-002,1,mKRAS-driven solid tumors,AMPLIFY-7P,NCT04853017;NCT05726864,10774574,2024-08-13,https://www.sec.gov/Archives/edgar/data/1601485/000160148524000067/sitc_posterxprx11-5x24.htm
0001493152-24-044224,0000715446,Anixa Biosciences Inc  (ANIX)  (CIK 0000715446),ANIX,release_text,2024-11-08,2024-11-08T13:31:46,acceptance_time,2024-11-08,alpha-lactalbumin vaccine,1,triple negative breast cancer,,NCT04674306,32179492,2024-09-06,https://www.sec.gov/Archives/edgar/data/715446/000149315224044224/ex99-1.htm
0000950170-24-124458,0001515673,Ultragenyx Pharmaceutical Inc.  (RARE)  (CIK 0001515673),RARE,release_text,2024-11-09,2024-11-12T06:03:26,release_date_only,2024-11-11,GTX-102,1/2,Angelman syndrome,Aspire,,92344268,2024-11-06,https://www.sec.gov/Archives/edgar/data/1515673/000095017024124458/rare-20241109.htm
0000950170-24-124545,0001395937,Syndax Pharmaceuticals Inc  (SNDX)  (CIK 0001395937),SNDX,release_text,2024-11-12,2024-11-12T07:05:36,acceptance_time,2024-11-12,revumenib,2,relapsed or refractory mutant NPM1 acute myeloid leukemia,AUGMENT-101,NCT04065399,85096358.0,2024-08-01,https://www.sec.gov/Archives/edgar/data/1395937/000095017024124545/sndx-20241112.htm
0001404644-24-000091,0001404644,Neurogene Inc.  (NGNE)  (CIK 0001404644),NGNE,release_text,2024-11-11,2024-11-12T06:05:25,release_date_only,2024-11-12,NGN-401,1/2,Rett syndrome,,,12993613,2024-08-09,https://www.sec.gov/Archives/edgar/data/1404644/000140464424000091/a202411_ngn-401interimclin.htm
0001213900-24-096268,0001506251,"Citius Pharmaceuticals, Inc.  (CTXR)  (CIK 0001506251)",CTXR,release_text,2024-11-11,2024-11-12T08:30:19,release_date_only,2024-11-12,pembrolizumab and LYMPHIR,1,recurrent solid tumors,,,180725407,2024-08-12,https://www.sec.gov/Archives/edgar/data/1506251/000121390024096268/ea022067001ex99-1_citius.htm
0001628280-24-046860,0001636282,"Spyre Therapeutics, Inc.  (SYRE)  (CIK 0001636282)",SYRE,release_text,2024-11-12,2024-11-12T07:35:35,acceptance_time,2024-11-12,SPY001,1,inflammatory bowel disease,,,51431220,2024-11-07,https://www.sec.gov/Archives/edgar/data/1636282/000162828024046860/exhibit991-8xkdatarelease.htm
0001213900-24-096269,0001851484,"CITIUS ONCOLOGY, INC.  (CTOR)  (CIK 0001851484)",CTXR,release_text,2024-11-11,2024-11-12T08:30:19,release_date_only,2024-11-12,pembrolizumab and LYMPHIR,1,recurrent solid tumors,,,2355249,2024-08-09,https://www.sec.gov/Archives/edgar/data/1851484/000121390024096269/ea022066601ex99-1_citius.htm
0001193125-24-256586,0001556263,"Syros Pharmaceuticals, Inc.  (SYRS)  (CIK 0001556263)",SYRS,release_text,2024-11-12,2024-11-13T07:00:54,release_date_only,2024-11-13,tamibarotene,3,higher-risk myelodysplastic syndrome,SELECT-MDS-1,,26832457,2024-10-31,https://www.sec.gov/Archives/edgar/data/1556263/000119312524256586/d885527d8k.htm
0001628280-24-047433,0001501697,"X4 Pharmaceuticals, Inc  (XFOR, XFOWW)  (CIK 0001501697)",XFOR,release_text,2024-11-13,2024-11-13T08:11:57,acceptance_time,2024-11-13,mavorixafor,2,chronic neutropenia,4WARD,NCT04154488;NCT06056297,168499514,2024-08-08,https://www.sec.gov/Archives/edgar/data/1501697/000162828024047433/a991x4fullphase2cnresultsr.htm
0001558370-24-015446,0001621227,Adaptimmune Therapeutics PLC  (ADAP)  (CIK 0001621227),ADAP,release_text,2024-11-13,2024-11-13T09:10:04,acceptance_time,2024-11-13,lete-cel,2,synovial sarcoma or myxoid/round cell liposarcoma,IGNYTE-ESO,NCT03967223,1534472670,2024-08-12,https://www.sec.gov/Archives/edgar/data/1621227/000155837024015446/adap-20241113xex99d1.htm
0001171843-24-006400,0001447028,Arbutus Biopharma Corp  (ABUS)  (CIK 0001447028),ABUS,release_text,2024-11-15,2024-11-15T11:03:13,acceptance_time,2024-11-15,imdusiran,2a,chronic hepatitis B virus,IM-PROVE I,NCT04980482,189491685,2024-11-06,https://www.sec.gov/Archives/edgar/data/1447028/000117184324006400/exh_991.htm
0001213900-24-099633,0001513525,"ADIAL PHARMACEUTICALS, INC.  (ADIL)  (CIK 0001513525)",ADIL,release_text,2024-11-14,2024-11-18T16:01:10,release_date_only,2024-11-15,AD04,,Alcohol Use Disorder,AD04-103,,6405781,2024-11-13,https://www.sec.gov/Archives/edgar/data/1513525/000121390024099633/ea022169101ex99-1_adialpharm.htm
0001104659-24-119760,0001682639,"EYENOVIA, INC.  (EYEN)  (CIK 0001682639)",EYEN,release_text,2024-11-15,2024-11-15T16:57:18,acceptance_time,2024-11-18,low-dose atropine,3,pediatric progressive myopia,CHAPERONE,,86441611,2024-11-12,https://www.sec.gov/Archives/edgar/data/1682639/000110465924119760/tm2428238d1_ex99-1.htm
0001104659-24-120165,0001377121,"Protagonist Therapeutics, Inc  (PTGX)  (CIK 0001377121)",PTGX,sec_current,2024-11-18,2024-11-18T16:36:22,acceptance_time,2024-11-19,icotrokinra (JNJ-2113),3,plaque psoriasis,ICONIC-LEAD and ICONIC-TOTAL,NCT06049017;NCT06095102;NCT06095115;NCT06143878;NCT06220604,59598018,2024-11-07,https://www.sec.gov/Archives/edgar/data/1377121/000110465924120165/tm2428765d1_8k.htm
0001140361-24-047166,0001281895,"ROCKET PHARMACEUTICALS, INC.  (RCKT, RCKTW)  (CIK 0001281895)",RCKT,release_text,2024-11-18,2024-11-18T16:15:31,acceptance_time,2024-11-19,RP-A501,1,Danon disease,,,91157085,2024-11-07,https://www.sec.gov/Archives/edgar/data/1281895/000114036124047166/ef20038805_8k.htm
0001193125-24-262103,0001597553,"Sage Therapeutics, Inc.  (SAGE)  (CIK 0001597553)",SAGE,release_text,2024-11-20,2024-11-20T06:40:29,acceptance_time,2024-11-20,dalzanemdor (SAGE-718),2,cognitive impairment associated with Huntington’s Disease,DIMENSION,,61173263,2024-10-29,https://www.sec.gov/Archives/edgar/data/1597553/000119312524262103/d873020d8k.htm
0000950170-24-129018,0001671584,Aptevo Therapeutics Inc.  (APVO)  (CIK 0001671584),APVO,release_text,2024-11-20,2024-11-20T08:45:07,acceptance_time,2024-11-20,mipletamig,1b/2,Acute Myeloid Leukemia (AML),RAINIER,,18512084,2024-11-07,https://www.sec.gov/Archives/edgar/data/1671584/000095017024129018/apvo-ex99_1.htm
0001193125-24-262125,0001936258,"NewAmsterdam Pharma Co N.V.  (NAMS, NAMSW)  (CIK 0001936258)",NAMS,release_text,2024-11-20,2024-11-20T07:07:03,acceptance_time,2024-11-20,obicetrapib 10 mg and ezetimibe 10 mg,3,ASCVD or ASCVD risk factors and/or HeFH,TANDEM,NCT06005597,92385872,2024-11-06,https://www.sec.gov/Archives/edgar/data/1936258/000119312524262125/d868860d8k.htm
0001193125-24-262940,0001232524,Jazz Pharmaceuticals plc  (JAZZ)  (CIK 0001232524),JAZZ,release_text,2024-11-20,2024-11-21T06:06:02,release_date_only,2024-11-21,Ziihera (zanidatamab-hrii),2b,biliary tract cancer (BTC),HERIZON-BTC-01,NCT06282575,60454592,2024-11-07,https://www.sec.gov/Archives/edgar/data/1232524/000119312524262940/d832756dex991.htm
0001193125-24-263398,0001937653,Zymeworks Inc.  (ZYME)  (CIK 0001937653),ZYME,release_text,2024-11-21,2024-11-21T16:07:02,acceptance_time,2024-11-22,Ziihera (zanidatamab-hrii),,biliary tract cancer (BTC),HERIZON-BTC-01,,68877526,2024-10-31,https://www.sec.gov/Archives/edgar/data/1937653/000119312524263398/d769907dex991.htm
0001171843-24-006545,0001069530,CASSAVA SCIENCES INC  (SAVA)  (CIK 0001069530),SAVA,release_text,2024-11-25,2024-11-25T07:35:10,acceptance_time,2024-11-25,simufilam,3,mild-to-moderate Alzheimer’s disease,ReThink-ALZ,NCT04994483,,,https://www.sec.gov/Archives/edgar/data/1069530/000117184324006545/exh_991.htm
0001193125-24-264714,0001740279,"IN8BIO, INC.  (INAB)  (CIK 0001740279)",INAB,release_text,2024-11-25,2024-11-25T07:09:29,acceptance_time,2024-11-25,INB-200,1,glioblastoma,,,72483253,2024-11-12,https://www.sec.gov/Archives/edgar/data/1740279/000119312524264714/d844601d8k.htm
0000950170-24-130564,0001653087,"Alector, Inc.  (ALEC)  (CIK 0001653087)",ALEC,release_text,2024-11-25,2024-11-25T16:10:07,acceptance_time,2024-11-26,AL002,2,early Alzheimer’s disease,INVOKE-2,NCT04592874,97932605,2024-11-06,https://www.sec.gov/Archives/edgar/data/1653087/000095017024130564/alec-ex99_1.htm
0000950170-24-130755,0001579428,"Axsome Therapeutics, Inc.  (AXSM)  (CIK 0001579428)",AXSM,release_text,2024-11-26,2024-11-26T07:05:36,acceptance_time,2024-11-26,AXS-12,3,narcolepsy with cataplexy,ENCORE,,48462376,2024-11-12,https://www.sec.gov/Archives/edgar/data/1579428/000095017024130755/axsm-ex99_1.htm
0001104659-24-123554,0001649989,"Outlook Therapeutics, Inc.  (OTLK)  (CIK 0001649989)",OTLK,release_text,2024-11-27,2024-11-27T12:26:46,acceptance_time,2024-11-27,ONS-5010,,wet age-related macular degeneration,NORSE EIGHT,NCT06190093,23655636,2024-08-14,https://www.sec.gov/Archives/edgar/data/1649989/000110465924123554/tm2429443d1_8k.htm
0001193125-24-268404,0001628171,"Revolution Medicines, Inc.  (RVMD, RVMDW)  (CIK 0001628171)",RVMD,release_text,2024-12-02,2024-12-02T07:30:32,acceptance_time,2024-12-02,RMC-6236,1,pancreatic ductal adenocarcinoma,RMC-6236-001,,168219391,2024-11-06,https://www.sec.gov/Archives/edgar/data/1628171/000119312524268404/d169582d8k.htm
0001140361-24-048114,0001854270,"Senti Biosciences, Inc.  (SNTI)  (CIK 0001854270)",SNTI,release_text,2024-12-02,2024-12-02T08:26:07,acceptance_time,2024-12-02,SENTI-202,1,acute myeloid leukemia,,,4588645,2024-11-14,https://www.sec.gov/Archives/edgar/data/1854270/000114036124048114/ef20039399_8k.htm
0001104659-24-124279,0001974640,"Apogee Therapeutics, Inc.  (APGE)  (CIK 0001974640)",APGE,release_text,2024-12-02,2024-12-02T06:17:35,acceptance_time,2024-12-02,APG808,1,"atopic dermatitis, asthma, chronic obstructive pulmonary disease, eosinophilic esophagitis",,,56899295,2024-11-12,https://www.sec.gov/Archives/edgar/data/1974640/000110465924124279/tm2429855d1_8k.htm
0000950170-24-132302,0001817713,"Janux Therapeutics, Inc.  (JANX)  (CIK 0001817713)",JANX,release_text,2024-12-02,2024-12-02T17:10:46,acceptance_time,2024-12-03,JANX007,1a,metastatic castration-resistant prostate cancer,,,52482020,2024-11-06,https://www.sec.gov/Archives/edgar/data/1817713/000095017024132302/janx-20241202.htm
0001140361-24-048238,0001635088,Roivant Sciences Ltd.  (ROIV)  (CIK 0001635088),ROIV,sec_current,2024-12-03,2024-12-03T07:20:26,acceptance_time,2024-12-03,namilumab,2,chronic active pulmonary sarcoidosis,RESOLVE-Lung,NCT05314517,727949744,2024-11-12,https://www.sec.gov/Archives/edgar/data/1635088/000114036124048238/ef20039426_8k.htm
0000950170-24-132452,0001831363,"Terns Pharmaceuticals, Inc.  (TERN)  (CIK 0001831363)",TERN,release_text,2024-12-03,2024-12-03T07:10:04,acceptance_time,2024-12-03,TERN-701,1,chronic myeloid leukemia,CARDINAL,,84938855,2024-11-12,https://www.sec.gov/Archives/edgar/data/1831363/000095017024132452/tern-20241203.htm
0000950170-24-132883,0001563880,"Trevi Therapeutics, Inc.  (TRVI)  (CIK 0001563880)",TRVI,sec_current,2024-12-03,2024-12-03T17:20:34,acceptance_time,2024-12-04,oral nalbuphine,,,human abuse potential study,,76865711,2024-11-06,https://www.sec.gov/Archives/edgar/data/1563880/000095017024132883/trvi-20241203.htm
0001140361-24-048293,0001854270,"Senti Biosciences, Inc.  (SNTI)  (CIK 0001854270)",SNTI,sec_current,,2024-12-03T16:02:26,acceptance_time,2024-12-04,SNTI-202,1,,,NCT06325748,4588645,2024-11-14,https://www.sec.gov/Archives/edgar/data/1854270/000114036124048293/ef20039439_8k.htm
0001213900-24-105245,0001553643,"RELMADA THERAPEUTICS, INC.  (RLMD)  (CIK 0001553643)",RLMD,release_text,2024-12-04,2024-12-04T07:30:15,acceptance_time,2024-12-04,REL-1017,3,major depressive disorder,Reliance II,,30174202,2024-11-07,https://www.sec.gov/Archives/edgar/data/1553643/000121390024105245/ea022356301ex99-1_relmada.htm
0001193125-24-271116,0001991792,"CG Oncology, Inc.  (CGON)  (CIK 0001991792)",CGON,release_text,2024-12-05,2024-12-05T07:52:59,acceptance_time,2024-12-05,cretostimogene,3,Non-Muscle Invasive Bladder Cancer,BOND-003,NCT04452591,67629675,2024-11-12,https://www.sec.gov/Archives/edgar/data/1991792/000119312524271116/d809707d8k.htm
0000950170-24-133525,0001826457,"Monte Rosa Therapeutics, Inc.  (GLUE)  (CIK 0001826457)",GLUE,release_text,2024-12-05,2024-12-05T07:03:23,acceptance_time,2024-12-05,MRT-2359,1/2,MYC-driven solid tumors,,,61372824,2024-08-08,https://www.sec.gov/Archives/edgar/data/1826457/000095017024133525/glue-20241205.htm
0001213900-24-105782,0001359931,"Protara Therapeutics, Inc.  (TARA)  (CIK 0001359931)",TARA,sec_current,,2024-12-05T08:45:39,acceptance_time,2024-12-05,TARA-002,2,NMIBC,ADVANCED-2,,20629772,2024-11-12,https://www.sec.gov/Archives/edgar/data/1359931/000121390024105782/ea0223706-8k_protara.htm
0001171843-24-006814,0000882361,Aptose Biosciences Inc.  (APTO)  (CIK 0000882361),APTO,release_text,2024-12-09,2024-12-09T12:05:43,acceptance_time,2024-12-09,tuspetinib,1/2,Acute Myeloid Leukemia,APTIVATE,NCT03850574,19521183,2024-11-12,https://www.sec.gov/Archives/edgar/data/882361/000117184324006814/exh_991.htm
0001493152-24-049207,0001106838,"Sonnet BioTherapeutics Holdings, Inc.  (SONN)  (CIK 0001106838)",SONN,release_text,2024-12-09,2024-12-09T08:50:14,acceptance_time,2024-12-09,SON-1010,1,advanced solid tumors,SB101,NCT05352750;NCT05756907,5202505,2024-08-14,https://www.sec.gov/Archives/edgar/data/1106838/000149315224049207/ex99-1.htm
0001193125-24-272936,0001177648,ENANTA PHARMACEUTICALS INC  (ENTA)  (CIK 0001177648),ENTA,release_text,2024-12-09,2024-12-09T08:29:32,acceptance_time,2024-12-09,zelicapavir,2,Respiratory Syncytial Virus,,,21194326,2024-11-27,https://www.sec.gov/Archives/edgar/data/1177648/000119312524272936/d706648d8k.htm
0001628280-24-050349,0001662579,"C4 Therapeutics, Inc.  (CCCC)  (CIK 0001662579)",CCCC,release_text,2024-12-08,2024-12-09T09:49:23,release_date_only,2024-12-09,cemsidomide,1,Multiple Myeloma and Non-Hodgkin’s Lymphoma,,NCT04756726,70588959,2024-10-31,https://www.sec.gov/Archives/edgar/data/1662579/000162828024050349/c4tdecembercorporatepres.htm
0001193125-24-272814,0001786205,"Arcellx, Inc.  (ACLX)  (CIK 0001786205)",ACLX,release_text,2024-12-08,2024-12-09T06:11:00,release_date_only,2024-12-09,anitocabtagene autoleucel (anito-cel),2,relapsed or refractory multiple myeloma,iMMagine-1,,54074670,2024-11-07,https://www.sec.gov/Archives/edgar/data/1786205/000119312524272814/d917635d8k.htm
0001193125-24-272891,0001817229,Vor Biopharma Inc.  (VOR)  (CIK 0001817229),VOR,release_text,2024-12-09,2024-12-09T07:39:09,acceptance_time,2024-12-09,trem-cel + Mylotarg,1/2,relapsed/refractory AML,VBP101,,68673612,2024-11-07,https://www.sec.gov/Archives/edgar/data/1817229/000119312524272891/d818014d8k.htm
0001628280-24-050545,0001001233,"SANGAMO THERAPEUTICS, INC  (SGMO)  (CIK 0001001233)",SGMOQ,sec_current,2024-12-07,2024-12-09T21:27:28,release_date_only,2024-12-09,giroctocogene fitelparvovec,3,moderately severe to severe hemophilia A,AFFINE,,208646870,2024-11-12,https://www.sec.gov/Archives/edgar/data/1001233/000162828024050545/a66thamericansocietyofhe.htm
0001193125-24-273688,0001806952,"Lyell Immunopharma, Inc.  (LYEL)  (CIK 0001806952)",LYEL,release_text,2024-12-09,2024-12-09T21:03:01,acceptance_time,2024-12-10,IMPT-314,1-2,large B-cell lymphoma,,,279220614,2024-11-07,https://www.sec.gov/Archives/edgar/data/1806952/000119312524273688/d873794d8k.htm
0000950170-24-134759,0001750284,"Olema Pharmaceuticals, Inc.  (OLMA)  (CIK 0001750284)",OLMA,release_text,2024-12-10,2024-12-10T07:15:12,acceptance_time,2024-12-10,palazestrant,1b/2,ER+/HER2- advanced or metastatic breast cancer,,,57297845,2024-11-12,https://www.sec.gov/Archives/edgar/data/1750284/000095017024134759/olma-20241209.htm
0001664710-24-000099,0001664710,"Keros Therapeutics, Inc.  (KROS)  (CIK 0001664710)",KROS,release_text,2024-12-09,2024-12-09T19:31:33,acceptance_time,2024-12-10,elritercept,2,myelodysplastic syndromes and myelofibrosis,,NCT04419649;NCT05037760,40507409,2024-11-06,https://www.sec.gov/Archives/edgar/data/1664710/000166471024000099/exhibit991ash2024.htm
0001655759-24-000140,0001655759,"ARVINAS, INC.  (ARVN)  (CIK 0001655759)",ARVN,release_text,2024-12-10,2024-12-10T09:07:13,acceptance_time,2024-12-10,vepdegestrant,1b,locally advanced or metastatic estrogen receptor positive (ER+)/human epidermal growth factor receptor 2 negative (HER2-) breast cancer,TACTIVE-U,NCT05548127;NCT05573555;NCT06125522,68713098,2024-10-30,https://www.sec.gov/Archives/edgar/data/1655759/000165575924000140/arvn-20241210.htm
0000950170-24-134757,0001637715,"OnKure Therapeutics, Inc.  (OKUR)  (CIK 0001637715)",OKUR,release_text,2024-12-10,2024-12-10T07:05:15,acceptance_time,2024-12-10,OKI-219,,oncology,PIKture-01,NCT06239467,33428808,2024-08-13,https://www.sec.gov/Archives/edgar/data/1637715/000095017024134757/okur-20241210.htm
0001193125-24-273959,0001936258,"NewAmsterdam Pharma Co N.V.  (NAMS, NAMSW)  (CIK 0001936258)",NAMS,release_text,2024-12-10,2024-12-10T07:24:10,acceptance_time,2024-12-10,obicetrapib,3,atherosclerotic cardiovascular disease and/or heterozygous familial hypercholesterolemia,BROADWAY,NCT05142722,92385872,2024-11-06,https://www.sec.gov/Archives/edgar/data/1936258/000119312524273959/d910195d8k.htm
0000950170-24-134749,0001213037,"Cardiff Oncology, Inc.  (CRDF)  (CIK 0001213037)",CRDF,sec_current,2024-12-10,2024-12-10T06:02:28,acceptance_time,2024-12-10,onvansertib,2,1st line RAS-mutated mCRC,CRDF-004,,51133747,2024-11-07,https://www.sec.gov/Archives/edgar/data/1213037/000095017024134749/crdf-20241210.htm
0001437749-24-037053,0001053691,CervoMed Inc.  (CRVO)  (CIK 0001053691),CRVO,release_text,2024-12-10,2024-12-10T07:10:21,acceptance_time,2024-12-10,,2b,dementia with Lewy bodies,RewinD-LB,,8253741,2024-11-12,https://www.sec.gov/Archives/edgar/data/1053691/000143774924037053/crvo20241209_8k.htm
0001104659-24-126758,0001034842,RIGEL PHARMACEUTICALS INC  (RIGL)  (CIK 0001034842),RIGL,release_text,2024-12-09,2024-12-09T16:15:15,acceptance_time,2024-12-10,R289,1b,lower-risk myelodysplastic syndrome,,NCT05308264,17615040,2024-11-07,https://www.sec.gov/Archives/edgar/data/1034842/000110465924126758/tm2430504d1_8k.htm
0000950170-24-134765,0001382101,"SUTRO BIOPHARMA, INC.  (STRO)  (CIK 0001382101)",STRO,release_text,2024-12-10,2024-12-10T08:00:08,acceptance_time,2024-12-10,luveltamab tazevibulin,,platinum-resistant ovarian cancer,REFRαME-O1,,82458725,2024-11-13,https://www.sec.gov/Archives/edgar/data/1382101/000095017024134765/stro-20241210.htm
0001193125-24-274856,0001661998,Q32 Bio Inc.  (QTTB)  (CIK 0001661998),QTTB,release_text,2024-12-10,2024-12-11T07:00:36,release_date_only,2024-12-11,bempikibart,2a,alopecia areata,SIGNAL-AA,,12180701,2024-11-07,https://www.sec.gov/Archives/edgar/data/1661998/000119312524274856/d903481d8k.htm
0001193125-24-274870,0001841387,"Candel Therapeutics, Inc.  (CADL)  (CIK 0001841387)",CADL,release_text,2024-12-11,2024-12-11T07:45:07,acceptance_time,2024-12-11,CAN-2409,3,"intermediate-to-high risk, localized prostate cancer",,,32475537,2024-11-14,https://www.sec.gov/Archives/edgar/data/1841387/000119312524274870/d901922d8k.htm
0000950170-24-135212,0001678660,Prelude Therapeutics Inc  (PRLD)  (CIK 0001678660),PRLD,release_text,2024-12-11,2024-12-11T07:45:09,acceptance_time,2024-12-11,PRT2527,1,relapsed/refractory lymphoid malignancies,,,55035170,2024-11-06,https://www.sec.gov/Archives/edgar/data/1678660/000095017024135212/prld-20241211.htm
0001962918-24-000137,0001962918,"ACELYRIN, Inc.  (SLRN)  (CIK 0001962918)",SLRN,release_text,2024-12-10,2024-12-10T16:34:53,acceptance_time,2024-12-11,izokibep,2b/3,"non-infectious, non-anterior uveitis",,NCT05683496,100325569,2024-11-13,https://www.sec.gov/Archives/edgar/data/1962918/000196291824000137/slrn-20241209.htm
0001140361-24-048907,0001010086,SIGA TECHNOLOGIES INC  (SIGA)  (CIK 0001010086),SIGA,sec_current,2024-12-10,2024-12-10T16:05:17,acceptance_time,2024-12-11,tecovirimat,,mild to moderate clade II mpox,STOMP,NCT05534984,71404669,2024-11-07,https://www.sec.gov/Archives/edgar/data/1010086/000114036124048907/ef20039836_ex99-1.htm
0000950170-24-134969,0001683553,"SPRUCE BIOSCIENCES, INC.  (SPRB)  (CIK 0001683553)",SPRB,release_text,2024-12-10,2024-12-10T16:08:57,acceptance_time,2024-12-11,tildacerfont,2b,Congenital Adrenal Hyperplasia,CAHmelia-204 and CAHptain-205,,41302599,2024-11-12,https://www.sec.gov/Archives/edgar/data/1683553/000095017024134969/sprb-20241210.htm
0001711279-24-000062,0001711279,"Krystal Biotech, Inc.  (KRYS)  (CIK 0001711279)",KRYS,release_text,2024-12-12,2024-12-12T08:30:31,acceptance_time,2024-12-12,KB408 and KB407,,rare respiratory disease,,,28760548,2024-11-04,https://www.sec.gov/Archives/edgar/data/1711279/000171127924000062/krys-20241212.htm
0001193125-24-277086,0001808158,Repare Therapeutics Inc.  (RPTX)  (CIK 0001808158),RPTX,release_text,2024-12-12,2024-12-12T16:28:58,acceptance_time,2024-12-13,lunresertib and camonsertib,1,endometrial cancer and platinum-resistant ovarian cancer,MYTHIC,NCT04855656,42510708,2024-11-07,https://www.sec.gov/Archives/edgar/data/1808158/000119312524277086/d191675d8k.htm
0000950170-24-136384,0001374690,"Larimar Therapeutics, Inc.  (LRMR)  (CIK 0001374690)",LRMR,release_text,2024-12-16,2024-12-16T07:02:46,acceptance_time,2024-12-16,nomlabofusp,,Friedreich’s ataxia,,,63806628,2024-10-30,https://www.sec.gov/Archives/edgar/data/1374690/000095017024136384/lrmr-20241216.htm
0001193125-24-279038,0001528115,"Annexon, Inc.  (ANNX)  (CIK 0001528115)",ANNX,release_text,2024-12-16,2024-12-16T07:46:31,acceptance_time,2024-12-16,ANX005,3,Guillain-Barré Syndrome,,,38563565,2022-05-09,https://www.sec.gov/Archives/edgar/data/1528115/000119312524279038/d909577d8k.htm
0001437749-24-037520,0001742927,"REVIVA PHARMACEUTICALS HOLDINGS, INC.  (RVPH, RVPHW)  (CIK 0001742927)",RVPH,release_text,2024-12-16,2024-12-16T08:10:18,acceptance_time,2024-12-16,brilaroxazine,3,schizophrenia,RECOVER,,33441199,2024-11-14,https://www.sec.gov/Archives/edgar/data/1742927/000143774924037520/ex_757662.htm
0001437749-24-037689,0001710340,"Eton Pharmaceuticals, Inc.  (ETON)  (CIK 0001710340)",ETON,release_text,2024-12-17,2024-12-17T07:05:13,acceptance_time,2024-12-17,PKU GOLIKE,,phenylketonuria,,NCT05487378,25836204,2024-11-12,https://www.sec.gov/Archives/edgar/data/1710340/000143774924037689/ex_758050.htm
0001193125-24-280112,0001858848,"Tenaya Therapeutics, Inc.  (TNYA)  (CIK 0001858848)",TNYA,release_text,2024-12-17,2024-12-17T07:58:31,acceptance_time,2024-12-17,TN-201,1b/2,MYBPC3-associated hypertrophic cardiomyopathy,MyPEAK-1,NCT05836259,79220516,2024-11-06,https://www.sec.gov/Archives/edgar/data/1858848/000119312524280112/d883027d8k.htm
0001104659-24-129001,0001710072,"Edgewise Therapeutics, Inc.  (EWTX)  (CIK 0001710072)",EWTX,release_text,2024-12-16,2024-12-16T17:25:51,acceptance_time,2024-12-17,sevasemten,2,Becker muscular dystrophy,CANYON,NCT05291091,94688517,2024-11-07,https://www.sec.gov/Archives/edgar/data/1710072/000110465924129001/tm2431151d1_8k.htm
0001558370-24-016343,0001626971,"Corvus Pharmaceuticals, Inc.  (CRVS)  (CIK 0001626971)",CRVS,release_text,2024-12-18,2024-12-18T07:30:14,acceptance_time,2024-12-18,soquelitinib,1,atopic dermatitis,,NCT06561048,64257251,2024-11-12,https://www.sec.gov/Archives/edgar/data/1626971/000155837024016343/crvs-20241218x8k.htm
0001558370-24-016344,0001638287,MetaVia Inc.  (MTVA)  (CIK 0001638287),MTVA,release_text,2024-12-18,2024-12-18T08:30:20,acceptance_time,2024-12-18,DA-1241,2a,metabolic dysfunction-associated steatohepatitis,,NCT06054815,8616010,2024-11-07,https://www.sec.gov/Archives/edgar/data/1638287/000155837024016344/mtva-20241218xex99d1.htm
0001711279-24-000065,0001711279,"Krystal Biotech, Inc.  (KRYS)  (CIK 0001711279)",KRYS,release_text,2024-12-18,2024-12-18T08:39:33,acceptance_time,2024-12-18,KB707,,solid tumors of the lung,KYANITE-1,NCT06228326,28760548,2024-11-04,https://www.sec.gov/Archives/edgar/data/1711279/000171127924000065/cancerdataannouncementfinal.htm
0001193125-24-283008,0001840439,"Biomea Fusion, Inc.  (BMEA)  (CIK 0001840439)",BMEA,release_text,2024-12-17,2024-12-20T15:06:04,release_date_only,2024-12-18,icovamenib,2,Type 2 Diabetes,COVALENT-111,,36238687,2024-10-29,https://www.sec.gov/Archives/edgar/data/1840439/000119312524283008/d827448d8k.htm
0001683168-24-008794,0001652935,"ACTUATE THERAPEUTICS, INC.  (ACTU)  (CIK 0001652935)",ACTU,release_text,2024-12-17,2024-12-17T16:57:31,acceptance_time,2024-12-18,elraglusib,2,metastatic pancreatic ductal adenocarcinoma,Actuate-1801,NCT03678883,19531636,2024-11-13,https://www.sec.gov/Archives/edgar/data/1652935/000168316824008794/actuate_8k.htm
0001104659-24-129981,0000921114,"Armata Pharmaceuticals, Inc.  (ARMP)  (CIK 0000921114)",ARMP,release_text,2024-12-19,2024-12-19T07:38:42,acceptance_time,2024-12-19,AP-PA02,2,non-cystic fibrosis bronchiectasis,Tail wind,NCT05616221,36183067,2024-11-13,https://www.sec.gov/Archives/edgar/data/921114/000110465924129981/tm2431487d1_ex99-1.htm
0001104659-24-130002,0001094038,"Marker Therapeutics, Inc.  (MRKR)  (CIK 0001094038)",MRKR,release_text,2024-12-19,2024-12-19T08:21:17,acceptance_time,2024-12-19,MT-601,1,lymphoma,APOLLO,NCT05798897,8923490,2024-11-14,https://www.sec.gov/Archives/edgar/data/1094038/000110465924130002/tm2431560d1_ex99-1.htm
0001104659-24-130812,0001829635,"Transcode Therapeutics, Inc.  (RNAZ)  (CIK 0001829635)",RNAZ,release_text,2024-12-18,2024-12-20T16:10:28,release_date_only,2024-12-19,TTX-MC138,1,metastatic solid cancers,,NCT06260774,17265658,2024-11-14,https://www.sec.gov/Archives/edgar/data/1829635/000110465924130812/tm2431511d1_ex99-1.htm
0001140361-24-050005,0001133416,GALECTIN THERAPEUTICS INC  (GALT)  (CIK 0001133416),GALT,release_text,2024-12-20,2024-12-20T07:50:19,acceptance_time,2024-12-20,belapectin,,Metabolic Dysfunction-Associated Steatohepatitis (MASH) cirrhosis and portal hypertension,NAVIGATE,NCT04365868,62761825,2024-11-14,https://www.sec.gov/Archives/edgar/data/1133416/000114036124050005/ef20040433_ex99-1.htm
0001104659-24-131064,0001566044,VYNE Therapeutics Inc.  (VYNE)  (CIK 0001566044),VYNE,release_text,2024-12-23,2024-12-23T07:42:43,acceptance_time,2024-12-23,VYN202,1a,immune-mediated disorders,,,14751433,2024-11-07,https://www.sec.gov/Archives/edgar/data/1566044/000110465924131064/tm2431817d1_ex99-1.htm
0000950170-24-139962,0001426800,"ASSEMBLY BIOSCIENCES, INC.  (ASMB)  (CIK 0001426800)",ASMB,release_text,2024-12-26,2024-12-26T08:25:41,acceptance_time,2024-12-26,ABI-4334,1b,chronic hepatitis B,ABI-4334-102,NCT06384131,6356286,2024-11-07,https://www.sec.gov/Archives/edgar/data/1426800/000095017024139962/asmb-ex99_1.htm
0000950170-24-140949,0001579428,"Axsome Therapeutics, Inc.  (AXSM)  (CIK 0001579428)",AXSM,release_text,2024-12-30,2024-12-30T07:56:30,acceptance_time,2024-12-30,AXS-05,3,Alzheimer’s disease agitation,ACCORD-2,,48462376,2024-11-12,https://www.sec.gov/Archives/edgar/data/1579428/000095017024140949/axsm-20241230.htm
0001193125-25-000084,0001885522,"Neumora Therapeutics, Inc.  (NMRA)  (CIK 0001885522)",NMRA,release_text,2025-01-02,2025-01-02T07:10:30,acceptance_time,2025-01-02,navacaprant,3,major depressive disorder,KOASTAL-1,,161561064,2024-11-12,https://www.sec.gov/Archives/edgar/data/1885522/000119312525000084/d859264dex991.htm
0001104659-25-001350,0001671502,"Quoin Pharmaceuticals, Ltd.  (QNRX)  (CIK 0001671502)",QNRX,release_text,2025-01-06,2025-01-06T16:34:50,acceptance_time,2025-01-07,QRX003,,Netherton Syndrome,,,3354650799,2022-04-14,https://www.sec.gov/Archives/edgar/data/1671502/000110465925001350/tm252105d1_8k.htm
0001962918-25-000003,0001962918,"ACELYRIN, Inc.  (SLRN)  (CIK 0001962918)",SLRN,release_text,2025-01-06,2025-01-06T16:01:46,acceptance_time,2025-01-07,lonigutamab,2,thyroid eye disease,,,100325569,2024-11-13,https://www.sec.gov/Archives/edgar/data/1962918/000196291825000003/slrn-20250106.htm
0001714899-25-000007,0001714899,Denali Therapeutics Inc.  (DNLI)  (CIK 0001714899),DNLI,release_text,2025-01-06,2025-01-06T18:13:37,acceptance_time,2025-01-07,DNL343,2/3,amyotrophic lateral sclerosis,HEALEY ALS Platform Trial,,143921624,2024-11-06,https://www.sec.gov/Archives/edgar/data/1714899/000171489925000007/dnli-20250106.htm
0000950170-25-002555,0001776111,"MBX Biosciences, Inc.  (MBX)  (CIK 0001776111)",MBX,release_text,2025-01-07,2025-01-07T07:21:00,acceptance_time,2025-01-07,MBX 1416,1,post-bariatric hypoglycemia,,,33417418,2024-11-07,https://www.sec.gov/Archives/edgar/data/1776111/000095017025002555/mbx-20250107.htm
0001790340-25-000012,0001790340,Immuneering Corp  (IMRX)  (CIK 0001790340),IMRX,release_text,2025-01-07,2025-01-07T08:26:10,acceptance_time,2025-01-07,IMM-1-104,2a,advanced RAS-mutant solid tumors,,,25938064,2021-09-09,https://www.sec.gov/Archives/edgar/data/1790340/000179034025000012/imrx-20250107.htm
0001437749-25-000678,0001659617,"Moleculin Biotech, Inc.  (MBRX)  (CIK 0001659617)",MBRX,release_text,2025-01-08,2025-01-08T08:30:51,acceptance_time,2025-01-08,Annamycin,3,Relapsed or Refractory Acute Myeloid Leukemia,MIRACLE,,3001895,2024-11-08,https://www.sec.gov/Archives/edgar/data/1659617/000143774925000678/ex_763052.htm
0001193125-25-003214,0001706431,"Vir Biotechnology, Inc.  (VIR)  (CIK 0001706431)",VIR,release_text,2025-01-08,2025-01-08T07:50:01,acceptance_time,2025-01-08,VIR-5818,1,HER2-expressing solid tumors,,NCT05356741;NCT05997615,137720120,2024-11-04,https://www.sec.gov/Archives/edgar/data/1706431/000119312525003214/d887412d8k.htm
0001213900-25-001810,0001788028,"Jasper Therapeutics, Inc.  (JSPR, JSPRW)  (CIK 0001788028)",JSPR,release_text,2025-01-08,2025-01-08T07:05:29,acceptance_time,2025-01-08,briquilimab,1b/2a,chronic spontaneous urticaria,BEACON,,111575261,2023-11-09,https://www.sec.gov/Archives/edgar/data/1788028/000121390025001810/ea0227148-8k_jasper.htm
0001193125-25-004045,0002012593,"Rapport Therapeutics, Inc.  (RAPP)  (CIK 0002012593)",RAPP,release_text,2025-01-09,2025-01-10T06:30:18,release_date_only,2025-01-10,RAP-219,1,CNS disorders,,,36576457,2024-11-07,https://www.sec.gov/Archives/edgar/data/2012593/000119312525004045/d925938dex991.htm
0000950170-25-003781,0001832038,"Invivyd, Inc.  (IVVD)  (CIK 0001832038)",IVVD,release_text,2025-01-10,2025-01-10T07:08:18,acceptance_time,2025-01-10,PEMGARDA (pemivibart),,SARS-CoV-2,,,119616035,2024-11-14,https://www.sec.gov/Archives/edgar/data/1832038/000095017025003781/ivvd-ex99_1.htm
0001104659-25-002278,0001787297,"Passage BIO, Inc.  (PASG)  (CIK 0001787297)",PASG,release_text,2025-01-10,2025-01-10T07:00:25,acceptance_time,2025-01-10,PBFT02,1/2,frontotemporal dementia (FTD),upliFT-D,NCT04747431,61767286,2024-11-13,https://www.sec.gov/Archives/edgar/data/1787297/000110465925002278/tm252728d1_8k.htm
0001193125-25-004455,0001496323,"IGM Biosciences, Inc.  (IGMS)  (CIK 0001496323)",IGMS,release_text,2025-01-09,2025-01-10T16:10:43,release_date_only,2025-01-10,imvotamab,1b,rheumatoid arthritis and systemic lupus erythematosus,,,25905471,2021-11-04,https://www.sec.gov/Archives/edgar/data/1496323/000119312525004455/d778635dex991.htm
0000950170-25-003832,0001650648,"4D Molecular Therapeutics, Inc.  (FDMT)  (CIK 0001650648)",FDMT,sec_current,2025-01-10,2025-01-10T08:36:20,acceptance_time,2025-01-10,4D-150,,DME,SPECTRA,,49778127,2024-02-29,https://www.sec.gov/Archives/edgar/data/1650648/000095017025003832/fdmt-20250110.htm
0001104659-25-002312,0001442836,"Mersana Therapeutics, Inc.  (MRSN)  (CIK 0001442836)",MRSN,release_text,2025-01-10,2025-01-10T08:32:35,acceptance_time,2025-01-10,emiltatug ledadotin,1,triple-negative breast cancer,,,123532909,2024-11-13,https://www.sec.gov/Archives/edgar/data/1442836/000110465925002312/tm252819d1_8k.htm
0000950170-25-003801,0001658247,"Crinetics Pharmaceuticals, Inc.  (CRNX)  (CIK 0001658247)",CRNX,release_text,2025-01-10,2025-01-10T07:34:34,acceptance_time,2025-01-10,atumelnant,2,congenital adrenal hyperplasia,TouCAHn,NCT05907291,92737627,2024-11-12,https://www.sec.gov/Archives/edgar/data/1658247/000095017025003801/crnx-20250110.htm
0001683168-25-000274,0001533040,Phio Pharmaceuticals Corp.  (PHIO)  (CIK 0001533040),PHIO,release_text,2025-01-13,2025-01-13T10:55:47,acceptance_time,2025-01-13,PH-762,1b,"cutaneous squamous cell carcinoma, melanoma and Merkel cell carcinoma",NCT 06014086,,1055219,2024-11-14,https://www.sec.gov/Archives/edgar/data/1533040/000168316825000274/phio_ex9901.htm
0001411685-25-000007,0001411685,"Vistagen Therapeutics, Inc.  (VTGN)  (CIK 0001411685)",VTGN,release_text,2025-01-14,2025-01-14T17:16:28,acceptance_time,2025-01-15,PH284,2a,cancer cachexia,,,27843466,2024-11-07,https://www.sec.gov/Archives/edgar/data/1411685/000141168525000007/ex-991ph284phase2pr20250114.htm
0002007919-25-000007,0002007919,"Inhibrx Biosciences, Inc.  (INBX)  (CIK 0002007919)",INBX,release_text,2025-01-21,2025-01-21T17:03:34,acceptance_time,2025-01-22,ozekibart (INBRX-109),1,colorectal adenocarcinoma,,,14475904,2024-11-14,https://www.sec.gov/Archives/edgar/data/2007919/000200791925000007/exhibit991-pressreleasecol.htm
0001213900-25-005700,0001873875,Incannex Healthcare Inc.  (IXHL)  (CIK 0001873875),IXHL,release_text,2025-01-23,2025-01-23T07:30:25,acceptance_time,2025-01-23,IHL-42X,,Obstructive Sleep Apnea,RePOSA,,17642832,2024-11-14,https://www.sec.gov/Archives/edgar/data/1873875/000121390025005700/ea0228313-8k_incannex.htm
0001193125-25-010817,0001827087,"Vigil Neuroscience, Inc.  (VIGL)  (CIK 0001827087)",VIGL,release_text,2025-01-23,2025-01-23T07:15:17,acceptance_time,2025-01-23,VG-3927,1,Alzheimer’s Disease,,,40879485,2024-11-07,https://www.sec.gov/Archives/edgar/data/1827087/000119312525010817/d810501d8k.htm
0001104659-25-005455,0001130598,"Traws Pharma, Inc.  (TRAW)  (CIK 0001130598)",TRAW,release_text,2025-01-23,2025-01-23T07:00:19,acceptance_time,2025-01-23,tivoxavir marboxil,1,H5N1 Bird Flu,,,3025554,2024-11-14,https://www.sec.gov/Archives/edgar/data/1130598/000110465925005455/tm253126d1_ex99-1.htm
0000320017-25-000004,0000320017,"LISATA THERAPEUTICS, INC.  (LSTA)  (CIK 0000320017)",LSTA,release_text,2025-01-22,2025-01-23T16:02:42,release_date_only,2025-01-23,certepetide,2,metastatic pancreatic ductal adenocarcinoma,ASCEND,NCT05042128,8394903,2024-11-12,https://www.sec.gov/Archives/edgar/data/320017/000032001725000004/ex991ascendpressrelease.htm
0001104659-25-005648,0001390478,"SELLAS Life Sciences Group, Inc.  (SLS)  (CIK 0001390478)",SLS,release_text,2025-01-23,2025-01-23T16:42:03,acceptance_time,2025-01-24,galinpepimut-S (GPS),3,acute myeloid leukemia,REGAL,,70381979,2024-11-13,https://www.sec.gov/Archives/edgar/data/1390478/000110465925005648/tm254291d1_ex99-1.htm
0000950170-25-008992,0001564824,Allakos Inc.  (ALLK)  (CIK 0001564824),ALLK,release_text,2025-01-27,2025-01-27T07:05:07,acceptance_time,2025-01-27,AK006,1,Chronic Spontaneous Urticaria,,,89343634,2024-11-06,https://www.sec.gov/Archives/edgar/data/1564824/000095017025008992/allk-ex99_1.htm
0001193125-25-012750,0001744659,"Akero Therapeutics, Inc.  (AKRO)  (CIK 0001744659)",AKRO,release_text,2025-01-27,2025-01-27T08:31:17,acceptance_time,2025-01-27,efruxifermin (EFX),2b,compensated cirrhosis (F4) due to metabolic dysfunction-associated steatohepatitis (MASH),SYMMETRY,,69799148,2024-11-08,https://www.sec.gov/Archives/edgar/data/1744659/000119312525012750/d907495d8k.htm
0001104659-25-006544,0001509745,"LEAP THERAPEUTICS, INC.  (LPTX)  (CIK 0001509745)",LPTX,release_text,2025-01-28,2025-01-28T08:00:32,acceptance_time,2025-01-28,sirexatamab,2,colorectal cancer,DeFianCe,NCT05480306,38317897,2024-11-13,https://www.sec.gov/Archives/edgar/data/1509745/000110465925006544/tm254560d1_8k.htm
0000950170-25-009474,0001833214,"SAB Biotherapeutics, Inc.  (SABS, SABSW)  (CIK 0001833214)",SABS,release_text,2025-01-28,2025-01-28T07:11:34,acceptance_time,2025-01-28,SAB-142,1,type 1 diabetes,,,9229274,2024-11-06,https://www.sec.gov/Archives/edgar/data/1833214/000095017025009474/sabs-ex99_1.htm
0001725160-25-000013,0001725160,"Zentalis Pharmaceuticals, Inc.  (ZNTL)  (CIK 0001725160)",ZNTL,release_text,2025-01-29,2025-01-29T09:18:14,acceptance_time,2025-01-29,azenosertib,,Cyclin E1+ platinum-resistant ovarian cancer,DENALI,,71265400,2024-11-12,https://www.sec.gov/Archives/edgar/data/1725160/000172516025000013/corporateeventpr01222025-f.htm
0000950170-25-010199,0001789972,"Cullinan Therapeutics, Inc.  (CGEM)  (CIK 0001789972)",CGEM,sec_current,2025-01-28,2025-01-29T07:00:08,release_date_only,2025-01-29,zipalertinib,2b,non-small cell lung cancer,REZILIENT1,NCT04036682,58227593,2024-11-07,https://www.sec.gov/Archives/edgar/data/1789972/000095017025010199/cgem-20250128.htm
0001193125-25-015648,0001750149,"Inhibikase Therapeutics, Inc.  (IKT)  (CIK 0001750149)",IKT,release_text,2025-01-29,2025-01-29T16:05:22,acceptance_time,2025-01-30,risvodetinib,2,Parkinson’s disease,201 Trial,,67192570,2024-11-14,https://www.sec.gov/Archives/edgar/data/1750149/000119312525015648/d919757d8k.htm
0001193125-25-016224,0001681087,"Tectonic Therapeutic, Inc.  (TECX)  (CIK 0001681087)",TECX,sec_current,,2025-01-30T06:35:25,acceptance_time,2025-01-30,TX45,1b,Group 2 Pulmonary Hypertension,,,14752689,2024-11-12,https://www.sec.gov/Archives/edgar/data/1681087/000119312525016224/d817477d8k.htm
0001193125-25-021348,0001746466,"Equillium, Inc.  (EQ)  (CIK 0001746466)",EQ,release_text,2025-02-06,2025-02-06T08:01:27,acceptance_time,2025-02-06,itolizumab,2,ulcerative colitis,,,35430763,2024-11-13,https://www.sec.gov/Archives/edgar/data/1746466/000119312525021348/d898732d8k.htm
0001999371-25-001243,0001430306,Tonix Pharmaceuticals Holding Corp.  (TNXP)  (CIK 0001430306),TNXP,release_text,2025-02-06,2025-02-06T08:06:04,acceptance_time,2025-02-06,TNX-1500,1,kidney transplant rejection,,,186894225,2024-11-12,https://www.sec.gov/Archives/edgar/data/1430306/000199937125001243/ex99-01.htm
0001140361-25-003645,0001444192,"Grace Therapeutics, Inc.  (GRCE)  (CIK 0001444192)",GRCE,release_text,2025-02-10,2025-02-10T08:11:31,acceptance_time,2025-02-10,GTx-104,3,aneurysmal Subarachnoid Hemorrhage,STRIVE-ON,NCT05995405,10139861,2024-11-13,https://www.sec.gov/Archives/edgar/data/1444192/000114036125003645/ef20043150_8k.htm
0000950170-25-016708,0001650648,"4D Molecular Therapeutics, Inc.  (FDMT)  (CIK 0001650648)",FDMT,release_text,2025-02-08,2025-02-10T08:37:56,release_date_only,2025-02-10,4D-150,2b,wet age-related macular degeneration,PRISM,,49778127,2024-02-29,https://www.sec.gov/Archives/edgar/data/1650648/000095017025016708/fdmt-20250208.htm
0001213900-25-011733,0001711754,"Inmune Bio, Inc.  (INMB)  (CIK 0001711754)",INMB,release_text,2025-02-10,2025-02-10T16:00:32,acceptance_time,2025-02-11,CORDStrom,,Recessive Dystrophic Epidermolysis Bullosa,MissionEB,,22172451,2024-10-31,https://www.sec.gov/Archives/edgar/data/1711754/000121390025011733/ea023027701ex99-1_inmune.htm
0001753926-25-000211,0001347242,LIPELLA PHARMACEUTICALS INC.  (LIPO)  (CIK 0001347242),LIPO,release_text,2025-02-11,2025-02-11T09:28:38,acceptance_time,2025-02-11,LP-310,2a,oral lichen planus,,NCT06233591,1208919,2024-11-14,https://www.sec.gov/Archives/edgar/data/1347242/000175392625000211/g084697_8-k.htm
0001193125-25-024005,0001740279,"IN8BIO, INC.  (INAB)  (CIK 0001740279)",INAB,release_text,2025-02-11,2025-02-11T08:11:58,acceptance_time,2025-02-11,INB-100,1,leukemia,,,72483253,2024-11-12,https://www.sec.gov/Archives/edgar/data/1740279/000119312525024005/d905966dex991.htm
0001370053-25-000010,0001370053,"ANAPTYSBIO, INC  (ANAB)  (CIK 0001370053)",ANAB,release_text,2025-02-12,2025-02-12T08:30:37,acceptance_time,2025-02-12,rosnilimab,2b,rheumatoid arthritis,RENOIR,,30428682,2024-11-05,https://www.sec.gov/Archives/edgar/data/1370053/000137005325000010/anab-20250212.htm
0001628280-25-005018,0001398733,"Aquestive Therapeutics, Inc.  (AQST)  (CIK 0001398733)",AQST,release_text,2025-02-12,2025-02-12T07:22:34,acceptance_time,2025-02-12,Anaphylm,2,"severe allergic reactions, including anaphylaxis",OASIS,,91178193,2024-11-04,https://www.sec.gov/Archives/edgar/data/1398733/000162828025005018/a2025-2x10aaaaimeetingda.htm
0000950170-25-020424,0001595097,"Corbus Pharmaceuticals Holdings, Inc.  (CRBP)  (CIK 0001595097)",CRBP,release_text,2025-02-14,2025-02-14T08:05:18,acceptance_time,2025-02-14,CRB-701 (SYS6002),1,urothelial cancer and other solid tumors,,,12179482,2024-11-07,https://www.sec.gov/Archives/edgar/data/1595097/000095017025020424/crbp-20250214.htm
0001356576-25-000008,0001356576,"SUPERNUS PHARMACEUTICALS, INC.  (SUPN)  (CIK 0001356576)",SUPN,release_text,2025-02-18,2025-02-18T16:35:35,acceptance_time,2025-02-19,SPN-820,2b,treatment-resistant depression,,,55219273,2024-11-04,https://www.sec.gov/Archives/edgar/data/1356576/000135657625000008/ex-991xspnx820studyresults.htm
0001193805-25-000212,0001280776,"IMMUNIC, INC.  (IMUX)  (CIK 0001280776)",IMUX,release_text,2025-02-20,2025-02-20T07:30:56,acceptance_time,2025-02-20,IMU-856,1b,celiac disease,,,90079016,2024-11-07,https://www.sec.gov/Archives/edgar/data/1280776/000119380525000212/e664213_ex99-1.htm
0000950170-25-024134,0001426800,"ASSEMBLY BIOSCIENCES, INC.  (ASMB)  (CIK 0001426800)",ASMB,release_text,2025-02-20,2025-02-20T16:05:09,acceptance_time,2025-02-21,ABI-1179,1a,recurrent genital herpes,ABI-1179-101,NCT06698575,6356286,2024-11-07,https://www.sec.gov/Archives/edgar/data/1426800/000095017025024134/asmb-20250220.htm
0000950170-25-026100,0001841387,"Candel Therapeutics, Inc.  (CADL)  (CIK 0001841387)",CADL,release_text,2025-02-25,2025-02-25T08:15:09,acceptance_time,2025-02-25,CAN-2409,2,borderline resectable pancreatic ductal adenocarcinoma,,,32475537,2024-11-14,https://www.sec.gov/Archives/edgar/data/1841387/000095017025026100/cadl-ex99_1.htm
0001104659-25-017178,0001455365,COGNITION THERAPEUTICS INC  (CGTX)  (CIK 0001455365),CGTX,release_text,2025-02-26,2025-02-26T07:09:28,acceptance_time,2025-02-26,zervimesine (CT1812),2,geographic atrophy secondary to dry age-related macular degeneration,MAGNIFY,NCT05531656;NCT05893537,41547995,2024-11-13,https://www.sec.gov/Archives/edgar/data/1455365/000110465925017178/tm257579d1_ex99-1.htm
0001140361-25-005994,0001472091,"PDS Biotechnology Corp  (EDGE, PDSB)  (CIK 0001472091)",PDSB,release_text,2025-02-26,2025-02-26T08:05:28,acceptance_time,2025-02-26,"Versamune HPV (PDS0101), PDS01ADC, and a PD-L1 immune checkpoint inhibitor",,recurrent/metastatic HPV-associated cancers,,,37409137,2024-11-14,https://www.sec.gov/Archives/edgar/data/1472091/000114036125005994/ef20044390_ex99-1.htm
0001104659-25-018234,0001671502,"Quoin Pharmaceuticals, Ltd.  (QNRX)  (CIK 0001671502)",QNRX,release_text,2025-02-27,2025-02-27T16:16:27,acceptance_time,2025-02-28,QRX003,,Netherton Syndrome,Investigator Pediatric Netherton Syndrome (NS) study,,3354650799,2022-04-14,https://www.sec.gov/Archives/edgar/data/1671502/000110465925018234/tm257848d1_8k.htm
0001689548-25-000037,0001689548,"Praxis Precision Medicines, Inc.  (PRAX)  (CIK 0001689548)",PRAX,release_text,2025-02-28,2025-02-28T08:03:42,acceptance_time,2025-02-28,ulixacaltamide,,essential tremor,Essential3,,18637777,2024-11-06,https://www.sec.gov/Archives/edgar/data/1689548/000168954825000037/praxisye2024pr.htm
0001104659-25-019516,0001377121,"Protagonist Therapeutics, Inc  (PTGX)  (CIK 0001377121)",PTGX,release_text,2025-03-03,2025-03-03T08:18:56,acceptance_time,2025-03-03,rusfertide,3,polycythemia vera,VERIFY,NCT05210790,61384289,2025-02-21,https://www.sec.gov/Archives/edgar/data/1377121/000110465925019516/tm258056d1_8k.htm
0001999371-25-002252,0001430306,Tonix Pharmaceuticals Holding Corp.  (TNXP)  (CIK 0001430306),TNXP,release_text,2025-03-04,2025-03-04T07:05:40,acceptance_time,2025-03-04,TNX-102 SL,3,fibromyalgia,,,186894225,2024-11-12,https://www.sec.gov/Archives/edgar/data/1430306/000199937125002252/ex99-01.htm
0001493152-25-008988,0001862150,"Cingulate Inc.  (CING, CINGW)  (CIK 0001862150)",CING,release_text,2025-03-04,2025-03-04T09:05:29,acceptance_time,2025-03-04,CTx-1301,3,Attention Deficit Hyperactivity Disorder,CTx-1301-004,,3212233,2024-11-07,https://www.sec.gov/Archives/edgar/data/1862150/000149315225008988/ex99-1.htm
0001104659-25-021986,0001377121,"Protagonist Therapeutics, Inc  (PTGX)  (CIK 0001377121)",PTGX,sec_current,2025-03-08,2025-03-10T08:17:57,release_date_only,2025-03-10,icotrokinra,3,plaque psoriasis,ICONIC-LEAD,NCT06095102;NCT06095115;NCT06143878;NCT06220604;NCT06807424,61384289,2025-02-21,https://www.sec.gov/Archives/edgar/data/1377121/000110465925021986/tm258665d1_8k.htm
0001193125-25-050372,0001661998,Q32 Bio Inc.  (QTTB)  (CIK 0001661998),QTTB,release_text,2025-03-08,2025-03-10T07:00:20,release_date_only,2025-03-10,bempikibart,2a,alopecia areata,SIGNAL-AA,,12180701,2024-11-07,https://www.sec.gov/Archives/edgar/data/1661998/000119312525050372/d931400dex991.htm
0001628280-25-011459,0001933414,"Mineralys Therapeutics, Inc.  (MLYS)  (CIK 0001933414)",MLYS,release_text,2025-03-10,2025-03-10T07:05:22,acceptance_time,2025-03-10,lorundrostat,3,uncontrolled hypertension or resistant hypertension,Launch-HTN,NCT05769608;NCT06153693,49835637,2025-02-12,https://www.sec.gov/Archives/edgar/data/1933414/000162828025011459/exhibit991-8xk.htm
0001193125-25-050334,0001745999,Beam Therapeutics Inc.  (BEAM)  (CIK 0001745999),BEAM,release_text,2025-03-10,2025-03-10T06:06:45,acceptance_time,2025-03-10,BEAM-302,1/2,alpha-1 antitrypsin deficiency,,,83688295,2025-02-25,https://www.sec.gov/Archives/edgar/data/1745999/000119312525050334/d922493d8k.htm
0001655759-25-000057,0001655759,"ARVINAS, INC.  (ARVN)  (CIK 0001655759)",ARVN,release_text,2025-03-11,2025-03-11T06:48:49,acceptance_time,2025-03-11,vepdegestrant,3,"estrogen receptor-positive, human epidermal growth factor receptor 2-negative (ER+/HER2-) advanced or metastatic breast cancer",VERITAC-2,NCT05654623,68771867,2025-02-11,https://www.sec.gov/Archives/edgar/data/1655759/000165575925000057/arvn-20250311.htm
0000950170-25-036503,0001563880,"Trevi Therapeutics, Inc.  (TRVI)  (CIK 0001563880)",TRVI,sec_current,2025-03-10,2025-03-10T17:03:50,acceptance_time,2025-03-11,Haduvio,2a,refractory chronic cough,RIVER,,76865711,2024-11-06,https://www.sec.gov/Archives/edgar/data/1563880/000095017025036503/trvi-20250310.htm
0001437749-25-006832,0001053691,CervoMed Inc.  (CRVO)  (CIK 0001053691),CRVO,release_text,2025-03-10,2025-03-10T16:13:02,acceptance_time,2025-03-11,neflamapimod,2b,dementia with Lewy bodies,RewinD-LB,,8253741,2024-11-12,https://www.sec.gov/Archives/edgar/data/1053691/000143774925006832/crvo20250310_8k.htm
0001140361-25-007867,0001671927,Immunocore Holdings plc  (IMCR)  (CIK 0001671927),IMCR,release_text,2025-03-10,2025-03-10T16:17:36,acceptance_time,2025-03-11,IMC-M113V,1/2,human immunodeficiency virus,STRIVE,,50068126,2025-02-26,https://www.sec.gov/Archives/edgar/data/1671927/000114036125007867/ef20045169_8k.htm
0001437749-25-007615,0001710340,"Eton Pharmaceuticals, Inc.  (ETON)  (CIK 0001710340)",ETON,sec_current,2025-03-14,2025-03-14T07:15:13,acceptance_time,2025-03-14,ET-600,,central diabetes insipidus,,,25836204,2024-11-12,https://www.sec.gov/Archives/edgar/data/1710340/000143774925007615/eton20250312_8k.htm
0001599901-25-000065,0001599901,"Avidity Biosciences, Inc.  (RNA)  (CIK 0001599901)",RNA,release_text,2025-03-17,2025-03-17T07:02:13,acceptance_time,2025-03-17,del-zota,1/2,Duchenne Muscular Dystrophy,EXPLORE44,,120212301,2025-02-27,https://www.sec.gov/Archives/edgar/data/1599901/000159990125000065/a03-17x25delxzotatopline.htm
0001437749-25-008139,0001860657,"Allarity Therapeutics, Inc.  (ALLR)  (CIK 0001860657)",ALLR,release_text,2025-03-17,2025-03-18T08:01:28,release_date_only,2025-03-18,stenoparib,2,Ovarian Cancer,,,4433587,2024-11-14,https://www.sec.gov/Archives/edgar/data/1860657/000143774925008139/allr20250317_8k.htm
0001764013-25-000037,0001764013,"Immunovant, Inc.  (IMVT)  (CIK 0001764013)",IMVT,release_text,2025-03-19,2025-03-19T07:51:41,acceptance_time,2025-03-19,batoclimab,3,Myasthenia Gravis (MG) and Chronic Inflammatory Demyelinating Polyneuropathy (CIDP),,,169860683,2025-02-06,https://www.sec.gov/Archives/edgar/data/1764013/000176401325000037/exhibit9912025319.htm
0001213900-25-024826,0001782107,"Onconetix, Inc.  (ONCO)  (CIK 0001782107)",ONCO,release_text,2025-03-19,2025-03-19T08:30:37,acceptance_time,2025-03-19,Proclarix,,prostate cancer,,,8294734,2024-12-10,https://www.sec.gov/Archives/edgar/data/1782107/000121390025024826/ea023488301ex99-1_onconetix.htm
0001140361-25-009362,0001635088,Roivant Sciences Ltd.  (ROIV)  (CIK 0001635088),IMVT,release_text,2025-03-19,2025-03-19T07:51:07,acceptance_time,2025-03-19,batoclimab,3,Myasthenia Gravis and Chronic Inflammatory Demyelinating Polyneuropathy,,,713549458,2025-02-10,https://www.sec.gov/Archives/edgar/data/1635088/000114036125009362/ef20045740_ex99-1.htm
0001104659-25-025878,0001783032,"Elevation Oncology, Inc.  (ELEV)  (CIK 0001783032)",ELEV,release_text,2025-03-20,2025-03-20T08:08:12,acceptance_time,2025-03-20,EO-3021,1,gastric and gastroesophageal junction (GEJ) cancers,,,59215795,2025-03-06,https://www.sec.gov/Archives/edgar/data/1783032/000110465925025878/tm259617d1_ex99-1.htm
0001104659-25-026392,0001130598,"Traws Pharma, Inc.  (TRAW)  (CIK 0001130598)",TRAW,release_text,2025-03-21,2025-03-21T07:01:01,acceptance_time,2025-03-21,tivoxavir marboxil,1,influenza,,,3025554,2024-11-14,https://www.sec.gov/Archives/edgar/data/1130598/000110465925026392/tm259925d1_8k.htm
0000950170-25-043483,0001463361,"Unity Biotechnology, Inc.  (UBX)  (CIK 0001463361)",UBX,release_text,2025-03-24,2025-03-24T07:00:11,acceptance_time,2025-03-24,UBX1325,2b,diabetic macular edema (DME),ASPIRE,NCT06011798,16867647,2025-03-07,https://www.sec.gov/Archives/edgar/data/1463361/000095017025043483/ubx-20250324.htm
0001171843-25-001678,0001069530,CASSAVA SCIENCES INC  (SAVA)  (CIK 0001069530),SAVA,release_text,2025-03-25,2025-03-25T08:15:10,acceptance_time,2025-03-25,simufilam,3,mild-to-moderate Alzheimer’s disease,REFOCUS-ALZ,NCT05026177,,,https://www.sec.gov/Archives/edgar/data/1069530/000117184325001678/exh_991.htm
0001104659-25-027545,0001130598,"Traws Pharma, Inc.  (TRAW)  (CIK 0001130598)",TRAW,release_text,2025-03-25,2025-03-25T07:30:22,acceptance_time,2025-03-25,ratutrelvir,1,COVID-19,,,3025554,2024-11-14,https://www.sec.gov/Archives/edgar/data/1130598/000110465925027545/tm2510212d1_8k.htm
0000950170-25-044096,0001579428,"Axsome Therapeutics, Inc.  (AXSM)  (CIK 0001579428)",AXSM,release_text,2025-03-25,2025-03-25T07:06:40,acceptance_time,2025-03-25,solriamfetol,3,attention deficit hyperactivity disorder (ADHD),FOCUS,,48765403,2025-02-18,https://www.sec.gov/Archives/edgar/data/1579428/000095017025044096/axsm-ex99_1.htm
0001193125-25-061872,0001971543,Mural Oncology plc  (MURA)  (CIK 0001971543),MURA,release_text,2025-03-25,2025-03-25T06:38:54,acceptance_time,2025-03-25,nemvaleukin alfa,3,platinum-resistant ovarian cancer,ARTISTRY-7,,17228291,2025-03-11,https://www.sec.gov/Archives/edgar/data/1971543/000119312525061872/d936530d8k.htm
0001193125-25-063184,0001631574,Wave Life Sciences Ltd.  (WVE)  (CIK 0001631574),WVE,release_text,2025-03-26,2025-03-26T07:38:33,acceptance_time,2025-03-26,WVE-N531,2,Duchenne muscular dystrophy,FORWARD-53,,153486021,2025-03-04,https://www.sec.gov/Archives/edgar/data/1631574/000119312525063184/d918658d8k.htm
0001654954-25-003372,0001853816,"Dermata Therapeutics, Inc.  (DRMA, DRMAW)  (CIK 0001853816)",DRMA,release_text,2025-03-27,2025-03-27T08:00:59,acceptance_time,2025-03-27,XYNGARI™,3,moderate-to-severe acne,STAR-1,,5430648,2025-03-17,https://www.sec.gov/Archives/edgar/data/1853816/000165495425003372/drma_8k.htm
0001193125-25-064685,0001505512,Regulus Therapeutics Inc.  (RGLS)  (CIK 0001505512),,missing,2025-03-27,2025-03-27T07:15:19,acceptance_time,2025-03-27,farabursen (RGLS8429),1b,ADPKD,,,66243384,2025-03-13,https://www.sec.gov/Archives/edgar/data/1505512/000119312525064685/d823727d8k.htm
0001641172-25-001045,0001878313,"MAIA Biotechnology, Inc.  (MAIA)  (CIK 0001878313)",MAIA,release_text,2025-03-28,2025-03-28T07:01:04,acceptance_time,2025-03-28,THIO,2,advanced non-small cell lung cancer,THIO-101,,29587314,2025-03-21,https://www.sec.gov/Archives/edgar/data/1878313/000164117225001045/form8-k.htm
0001213900-25-025820,0001739174,BiomX Inc.  (PHGE)  (CIK 0001739174),PHGE,release_text,2025-03-31,2025-03-31T09:07:10,acceptance_time,2025-03-31,BX211,2,diabetic foot osteomyelitis,DANCE,,24966053,2025-03-25,https://www.sec.gov/Archives/edgar/data/1739174/000121390025025820/ea0236313-8k_biomx.htm
0001104659-25-029654,0000894158,"Theriva Biologics, Inc.  (TOVX)  (CIK 0000894158)",TOVX,release_text,2025-03-31,2025-03-31T08:31:30,acceptance_time,2025-03-31,VCN-01,2b,metastatic pancreatic ductal adenocarcinoma,VIRAGE,NCT05673811,2782449,2025-03-06,https://www.sec.gov/Archives/edgar/data/894158/000110465925029654/tm2510883d1_ex99-1.htm
0001654954-25-003600,0000911216,PALATIN TECHNOLOGIES INC  (PTN)  (CIK 0000911216),PTN,release_text,2025-03-28,2025-03-31T08:01:03,release_date_only,2025-03-31,PL8177,2,ulcerative colitis,,NCT05466890,26005846,2025-02-13,https://www.sec.gov/Archives/edgar/data/911216/000165495425003600/ptn_8k.htm
0000950170-25-046978,0000921299,FIBROGEN INC  (FGEN)  (CIK 0000921299),FGEN,release_text,2025-03-28,2025-03-28T17:44:39,acceptance_time,2025-03-31,FG-3246,1,metastatic castration-resistant prostate cancer,,NCT03575819,100916956,2025-03-17,https://www.sec.gov/Archives/edgar/data/921299/000095017025046978/fgen-ex99_1.htm
0001437749-25-009978,0000925741,"BioCardia, Inc.  (BCDA)  (CIK 0000925741)",BCDA,release_text,2025-03-31,2025-03-31T08:00:11,acceptance_time,2025-03-31,CardiAMP,3,ischemic heart failure,CardiAMP-HF,,4680005,2025-03-26,https://www.sec.gov/Archives/edgar/data/925741/000143774925009978/ex_796698.htm
0001193125-25-067871,0001088856,CORCEPT THERAPEUTICS INC  (CORT)  (CIK 0001088856),CORT,release_text,2025-03-31,2025-03-31T08:05:57,acceptance_time,2025-03-31,relacorilant,3,platinum-resistant ovarian cancer,ROSELLA,,105503432,2025-02-26,https://www.sec.gov/Archives/edgar/data/1088856/000119312525067871/d924664d8k.htm
0001193125-25-067901,0001649094,"Vaxcyte, Inc.  (PCVX)  (CIK 0001649094)",PCVX,release_text,2025-03-31,2025-03-31T08:36:21,acceptance_time,2025-03-31,VAX-24,2,invasive pneumococcal disease,,NCT05844423,128761622,2025-02-25,https://www.sec.gov/Archives/edgar/data/1649094/000119312525067901/d848914d8k.htm
0001664710-25-000029,0001664710,"Keros Therapeutics, Inc.  (KROS)  (CIK 0001664710)",KROS,release_text,2025-03-31,2025-03-31T06:01:11,acceptance_time,2025-03-31,KER-065,1,Duchenne muscular dystrophy,,,40562047,2025-02-26,https://www.sec.gov/Archives/edgar/data/1664710/000166471025000029/exhibit99133125pr.htm
0000875320-25-000156,0000875320,VERTEX PHARMACEUTICALS INC / MA  (VRTX)  (CIK 0000875320),VRTX,release_text,2025-03-28,2025-03-28T16:08:01,acceptance_time,2025-03-31,VX-264,1/2,type 1 diabetes,,,256789869,2025-02-13,https://www.sec.gov/Archives/edgar/data/875320/000087532025000156/vrtx-20250328.htm
0001171843-25-001900,0001738021,"Compass Therapeutics, Inc.  (CMPX)  (CIK 0001738021)",CMPX,release_text,2025-04-01,2025-04-01T07:00:17,acceptance_time,2025-04-01,tovecimig (formerly CTX-009),2/3,biliary tract cancer,COMPANION-002,NCT05506943,138282498,2025-02-27,https://www.sec.gov/Archives/edgar/data/1738021/000117184325001900/exh_991.htm
0001628280-25-015759,0001398733,"Aquestive Therapeutics, Inc.  (AQST)  (CIK 0001398733)",AQST,release_text,2025-04-01,2025-04-01T08:26:39,acceptance_time,2025-04-01,Anaphylm™ (epinephrine) Sublingual Film,,"allergic reactions and at high risk for serious allergic reactions, including anaphylaxis",,,98871369,2025-03-05,https://www.sec.gov/Archives/edgar/data/1398733/000162828025015759/aqst-20250401.htm
0001104659-25-030839,0001710072,"Edgewise Therapeutics, Inc.  (EWTX)  (CIK 0001710072)",EWTX,release_text,2025-04-02,2025-04-02T06:06:33,acceptance_time,2025-04-02,EDG-7500,2,Hypertrophic Cardiomyopathy,CIRRUS-HCM,NCT06347159,95205283,2025-03-03,https://www.sec.gov/Archives/edgar/data/1710072/000110465925030839/tm2510984d2_8k.htm
0001104659-25-031240,0001671502,"Quoin Pharmaceuticals, Ltd.  (QNRX)  (CIK 0001671502)",QNRX,release_text,2025-04-02,2025-04-02T16:59:29,acceptance_time,2025-04-03,QRX003,,Netherton Syndrome,Investigator Pediatric Netherton Syndrome (NS) study,,3354650799,2022-04-14,https://www.sec.gov/Archives/edgar/data/1671502/000110465925031240/tm2511344d1_8k.htm
0001655759-25-000066,0001655759,"ARVINAS, INC.  (ARVN)  (CIK 0001655759)",ARVN,release_text,2025-04-04,2025-04-04T07:01:53,acceptance_time,2025-04-04,ARV-102,1,Parkinson's disease and progressive supranuclear palsy,,,68771867,2025-02-11,https://www.sec.gov/Archives/edgar/data/1655759/000165575925000066/a2025-04x04xarvx102datapre.htm
0001558370-25-004507,0001649904,"RHYTHM PHARMACEUTICALS, INC.  (RYTM)  (CIK 0001649904)",RYTM,release_text,2025-04-07,2025-04-07T07:01:12,acceptance_time,2025-04-07,setmelanotide,3,acquired hypothalamic obesity,TRANSCEND,,63223727,2025-02-28,https://www.sec.gov/Archives/edgar/data/1649904/000155837025004507/rytm-20250407x8k.htm
0001739410-25-000052,0001739410,Rallybio Corp  (RLYB)  (CIK 0001739410),RLYB,release_text,2025-04-08,2025-04-08T08:25:00,acceptance_time,2025-04-08,RLYB212,2,fetal and neonatal alloimmune thrombocytopenia,,,41612039,2025-03-13,https://www.sec.gov/Archives/edgar/data/1739410/000173941025000052/rlyb-20250408xex991pressre.htm
0001193125-25-079607,0001840574,"Verve Therapeutics, Inc.  (VERV)  (CIK 0001840574)",VERV,release_text,2025-04-14,2025-04-14T07:15:21,acceptance_time,2025-04-14,VERVE-102,1b,heterozygous familial hypercholesterolemia and/or premature coronary artery disease,Heart-2,,88795768,2025-02-27,https://www.sec.gov/Archives/edgar/data/1840574/000119312525079607/d890262d8k.htm
0001558370-25-004796,0001638287,MetaVia Inc.  (MTVA)  (CIK 0001638287),MTVA,release_text,2025-04-15,2025-04-15T07:01:18,acceptance_time,2025-04-15,DA-1726,1,obesity,,NCT06252220,8654869,2025-03-20,https://www.sec.gov/Archives/edgar/data/1638287/000155837025004796/mtva-20250415x8k.htm
0001599298-25-000064,0001599298,Summit Therapeutics Inc.  (SMMT)  (CIK 0001599298),SMMT,release_text,2025-04-23,2025-04-23T08:54:14,acceptance_time,2025-04-23,ivonescimab,3,squamous non-small cell lung cancer,HARMONi-6,,737679704,2025-02-24,https://www.sec.gov/Archives/edgar/data/1599298/000159929825000064/a2025_prx0423xivonescima.htm
0001854270-25-000046,0001854270,"Senti Biosciences, Inc.  (SNTI)  (CIK 0001854270)",SNTI,release_text,2025-04-28,2025-04-28T07:12:26,acceptance_time,2025-04-28,SENTI-202,1,Relapsed/Refractory Hematologic Malignancies Including AML,SENTI-202-101,NCT06325748,26004366,2025-03-20,https://www.sec.gov/Archives/edgar/data/1854270/000185427025000046/ex991snti_conferencecall.htm
0001213900-25-035941,0001553643,"RELMADA THERAPEUTICS, INC.  (RLMD)  (CIK 0001553643)",RLMD,release_text,2025-04-28,2025-04-28T13:18:07,acceptance_time,2025-04-28,NDV-01,2,non-muscle invasive bladder cancer,,NCT06663137,33191622,2025-03-27,https://www.sec.gov/Archives/edgar/data/1553643/000121390025035941/ea0239764-8k_relmada.htm
0001213900-25-035785,0001359931,"Protara Therapeutics, Inc.  (TARA)  (CIK 0001359931)",TARA,release_text,2025-04-26,2025-04-28T08:35:12,release_date_only,2025-04-28,TARA-002,2,Non-Muscle Invasive Bladder Cancer,ADVANCED-2,NCT05951179,36767465,2025-03-05,https://www.sec.gov/Archives/edgar/data/1359931/000121390025035785/ea0239689-8k_protara.htm
0001193805-25-000582,0001280776,"IMMUNIC, INC.  (IMUX)  (CIK 0001280776)",IMUX,release_text,2025-04-30,2025-04-30T07:37:26,acceptance_time,2025-04-30,vidofludimus calcium (IMU-838),2,progressive multiple sclerosis (PMS),CALLIPER,NCT05054140,90150869,2025-03-31,https://www.sec.gov/Archives/edgar/data/1280776/000119380525000582/e664445_ex99-1.htm
0001193125-25-105825,0001585608,"Jaguar Health, Inc.  (JAGX)  (CIK 0001585608)",JAGX,release_text,2025-04-30,2025-04-30T08:15:22,acceptance_time,2025-04-30,crofelemer,,Microvillus Inclusion Disease (MVID) and Short Bowel Syndrome with Intestinal Failure (SBS-IF),,,171350166,2018-05-15,https://www.sec.gov/Archives/edgar/data/1585608/000119312525105825/d935544dex991.htm
0001193125-25-110019,0001880438,"AN2 Therapeutics, Inc.  (ANTX)  (CIK 0001880438)",ANTX,release_text,2025-05-01,2025-05-01T16:27:52,acceptance_time,2025-05-02,epetraborole,3,treatment-refractory MAC lung disease,EBO-301,NCT05327803,30098720,2025-03-25,https://www.sec.gov/Archives/edgar/data/1880438/000119312525110019/d116214d8k.htm
0001104659-25-045309,0000894158,"Theriva Biologics, Inc.  (TOVX)  (CIK 0000894158)",TOVX,release_text,2025-05-07,2025-05-07T07:10:40,acceptance_time,2025-05-07,VCN-01,2b,metastatic pancreatic ductal adenocarcinoma,VIRAGE,NCT05673811,2782449,2025-03-06,https://www.sec.gov/Archives/edgar/data/894158/000110465925045309/tm2514050d1_8k.htm
0001437749-25-014880,0001645469,Monopar Therapeutics  (MNPR)  (CIK 0001645469),MNPR,release_text,2025-05-07,2025-05-07T06:00:58,acceptance_time,2025-05-07,ALXN1840,,Wilson disease,,,6112593.0,2025-03-31,https://www.sec.gov/Archives/edgar/data/1645469/000143774925014880/ex_812050.htm
0001104659-25-045886,0001455365,COGNITION THERAPEUTICS INC  (CGTX)  (CIK 0001455365),CGTX,release_text,2025-05-08,2025-05-08T07:35:46,acceptance_time,2025-05-08,zervimesine (CT1812),2,geographic atrophy secondary to dry age-related macular degeneration,MAGNIFY,NCT05531656;NCT05893537,61993046,2025-05-07,https://www.sec.gov/Archives/edgar/data/1455365/000110465925045886/tm2514313d1_8k.htm
0001558370-25-007074,0001735438,MeiraGTx Holdings plc  (MGTX)  (CIK 0001735438),MGTX,release_text,2025-05-09,2025-05-09T08:13:51,acceptance_time,2025-05-09,AAV-GAD,1 and 2,Parkinson’s disease,,,78854936,2025-03-13,https://www.sec.gov/Archives/edgar/data/1735438/000155837025007074/mgtx-20250509xex99d1.htm
0000950170-25-069815,0001808865,"iTeos Therapeutics, Inc.  (ITOS)  (CIK 0001808865)",ITOS,release_text,2025-05-13,2025-05-13T07:56:19,acceptance_time,2025-05-13,belrestotug + dostarlimab,2,non-small cell lung cancer,GALAXIES Lung-201,,38273795,2025-04-28,https://www.sec.gov/Archives/edgar/data/1808865/000095017025069815/itos-ex99_1.htm
0001753926-25-000842,0001347242,LIPELLA PHARMACEUTICALS INC.  (LIPO)  (CIK 0001347242),LIPO,release_text,2025-05-15,2025-05-15T09:10:57,acceptance_time,2025-05-15,LP-310,2a,Oral Lichen Planus,,,4467395,2025-05-14,https://www.sec.gov/Archives/edgar/data/1347242/000175392625000842/g084819_8k.htm
0001736730-25-000041,0001736730,Camp4 Therapeutics Corp  (CAMP)  (CIK 0001736730),CAMP,release_text,2025-05-16,2025-05-16T06:28:22,acceptance_time,2025-05-16,CMP-CPS-001,1,Urea Cycle Disorders,,,20161073,2025-05-13,https://www.sec.gov/Archives/edgar/data/1736730/000173673025000041/exhibit991-pressreleasemay.htm
0001193125-25-122156,0001894562,"Prime Medicine, Inc.  (PRME)  (CIK 0001894562)",PRME,release_text,2025-05-19,2025-05-19T09:09:57,acceptance_time,2025-05-19,PM359,1/2,Chronic Granulomatous Disease,,,131294454,2025-05-08,https://www.sec.gov/Archives/edgar/data/1894562/000119312525122156/d863812d8k.htm
0001140361-25-019620,0000874015,IONIS PHARMACEUTICALS INC  (IONS)  (CIK 0000874015),IONS,release_text,2025-05-19,2025-05-19T07:18:21,acceptance_time,2025-05-19,olezarsen,3,moderate hypertriglyceridemia,Essence,NCT05610280,159159099,2025-04-30,https://www.sec.gov/Archives/edgar/data/874015/000114036125019620/ef20049265_8k.htm
0001104659-25-050219,0000921114,"Armata Pharmaceuticals, Inc.  (ARMP)  (CIK 0000921114)",ARMP,release_text,2025-05-19,2025-05-19T07:06:04,acceptance_time,2025-05-19,AP-SA02,1b/2a,Staphylococcus aureus bacteremia,diSArm,NCT05184764,36193479,2025-05-14,https://www.sec.gov/Archives/edgar/data/921114/000110465925050219/tm2515395d1_8k.htm
0001827506-25-000063,0001827506,"Tourmaline Bio, Inc.  (TRML)  (CIK 0001827506)",TRML,release_text,2025-05-20,2025-05-20T09:02:35,acceptance_time,2025-05-20,pacibekitug,2,elevated high-sensitivity C-reactive protein and chronic kidney disease,TRANQUILITY,NCT06362759,25688479,2025-05-02,https://www.sec.gov/Archives/edgar/data/1827506/000182750625000063/a20250520amexhibit991.htm
0001140361-25-020157,0001124105,"GYRE THERAPEUTICS, INC.  (GYRE)  (CIK 0001124105)",GYRE,release_text,2025-05-22,2025-05-22T16:01:49,acceptance_time,2025-05-23,Hydronidone (F351),3,CHB-associated liver fibrosis,,NCT05115942,93757602,2025-05-09,https://www.sec.gov/Archives/edgar/data/1124105/000114036125020157/ef20048898_8k.htm
0001104659-25-052220,0001526119,"Verastem, Inc.  (VSTM)  (CIK 0001526119)",VSTM,release_text,2025-05-22,2025-05-23T07:12:39,release_date_only,2025-05-23,avutometinib plus defactinib,1/2,metastatic pancreatic ductal adenocarcinoma,RAMP 205,NCT05074810;NCT05669482,54949170,2025-05-13,https://www.sec.gov/Archives/edgar/data/1526119/000110465925052220/tm2516049d1_8k.htm
0001193125-25-125881,0001559053,PROTHENA CORP PUBLIC LTD CO  (PRTA)  (CIK 0001559053),PRTA,release_text,2025-05-23,2025-05-23T16:33:24,acceptance_time,2025-05-27,birtamimab,3,AL amyloidosis,AFFIRM-AL,,53826982,2025-05-08,https://www.sec.gov/Archives/edgar/data/1559053/000119312525125881/d891971d8k.htm
0000950170-25-076911,0001782303,"Boundless Bio, Inc.  (BOLD)  (CIK 0001782303)",BOLD,release_text,2025-05-23,2025-05-23T16:06:08,acceptance_time,2025-05-27,BBI-355,1/2,oncogene-amplified cancers,POTENTIATE,,22385611,2025-05-09,https://www.sec.gov/Archives/edgar/data/1782303/000095017025076911/bold-20250523.htm
0001140361-25-020409,0001281895,"ROCKET PHARMACEUTICALS, INC.  (RCKT, RCKTW)  (CIK 0001281895)",RCKT,release_text,2025-05-27,2025-05-27T07:40:06,acceptance_time,2025-05-27,RP-A501,2,Danon disease,,NCT06092034,107737919,2025-05-08,https://www.sec.gov/Archives/edgar/data/1281895/000114036125020409/ef20049685_ex99-1.htm
0001193125-25-128680,0001701108,"Spero Therapeutics, Inc.  (SPRO)  (CIK 0001701108)",SPRO,release_text,2025-05-28,2025-05-28T07:12:40,acceptance_time,2025-05-28,tebipenem HBr,3,complicated urinary tract infections (cUTIs),PIVOT-PO,NCT06059846,55910641,2025-05-13,https://www.sec.gov/Archives/edgar/data/1701108/000119312525128680/d903768d8k.htm
0001664710-25-000052,0001664710,"Keros Therapeutics, Inc.  (KROS)  (CIK 0001664710)",KROS,release_text,2025-05-29,2025-05-29T06:58:59,acceptance_time,2025-05-29,cibotercept (KER-012),2,pulmonary arterial hypertension (PAH),TROPOS,NCT05975905,40615414,2025-05-06,https://www.sec.gov/Archives/edgar/data/1664710/000166471025000052/exhibit99152925pr.htm
0001193125-25-129849,0001806310,"Taysha Gene Therapies, Inc.  (TSHA)  (CIK 0001806310)",TSHA,release_text,2025-05-28,2025-05-29T06:02:26,release_date_only,2025-05-29,TSHA-102,1/2,Rett syndrome,REVEAL,,214661715,2025-05-15,https://www.sec.gov/Archives/edgar/data/1806310/000119312525129849/d907074dex991.htm
0000950170-25-078428,0001835597,PepGen Inc.  (PEPG)  (CIK 0001835597),PEPG,release_text,2025-05-28,2025-05-28T17:11:50,acceptance_time,2025-05-29,PGN-EDO51,,Duchenne muscular dystrophy (DMD),CONNECT1-EDO51,,32720943,2025-05-08,https://www.sec.gov/Archives/edgar/data/1835597/000095017025078428/pepg-20250528.htm
0001599298-25-000099,0001599298,Summit Therapeutics Inc.  (SMMT)  (CIK 0001599298),SMMT,release_text,2025-05-30,2025-05-30T16:17:49,acceptance_time,2025-06-02,ivonescimab,3,"EGFR-mutated, locally advanced or metastatic non-squamous non-small cell lung cancer",HARMONi,,742665924,2025-05-01,https://www.sec.gov/Archives/edgar/data/1599298/000159929825000099/a2025_prx0530-xxharmonix.htm
0001193125-25-132890,0001563880,"Trevi Therapeutics, Inc.  (TRVI)  (CIK 0001563880)",TIVI,release_text,2025-06-02,2025-06-02T09:31:48,acceptance_time,2025-06-02,Haduvio,2b,chronic cough in patients with idiopathic pulmonary fibrosis,CORAL,,101744767,2025-05-08,https://www.sec.gov/Archives/edgar/data/1563880/000119312525132890/d949267d8k.htm
0001437749-25-019062,0001742927,"REVIVA PHARMACEUTICALS HOLDINGS, INC.  (RVPH, RVPHW)  (CIK 0001742927)",RVPH,release_text,2025-06-02,2025-06-02T07:05:26,acceptance_time,2025-06-02,brilaroxazine,3,schizophrenia,RECOVER,,46739949,2025-05-15,https://www.sec.gov/Archives/edgar/data/1742927/000143774925019062/ex_825814.htm
0001193125-25-132760,0001815442,"Kymera Therapeutics, Inc.  (KYMR)  (CIK 0001815442)",KYMR,release_text,2025-06-02,2025-06-02T07:05:27,acceptance_time,2025-06-02,KT-621,1,atopic dermatitis,,,65119568,2025-05-09,https://www.sec.gov/Archives/edgar/data/1815442/000119312525132760/d57872d8k.htm
0001193125-25-132736,0001831828,"Vera Therapeutics, Inc.  (VERA)  (CIK 0001831828)",VERA,release_text,2025-06-02,2025-06-02T06:36:56,acceptance_time,2025-06-02,atacicept,3,IgA nephropathy,ORIGIN,NCT04716231,63774158,2025-05-07,https://www.sec.gov/Archives/edgar/data/1831828/000119312525132736/d916346d8k.htm
0001641172-25-013176,0001878313,"MAIA Biotechnology, Inc.  (MAIA)  (CIK 0001878313)",MAIA,release_text,2025-06-02,2025-06-02T06:06:48,acceptance_time,2025-06-02,THIO,2,non-small cell lung cancer,THIO-101,,30307313,2025-05-09,https://www.sec.gov/Archives/edgar/data/1878313/000164117225013176/form8-k.htm
0001711279-25-000055,0001711279,"Krystal Biotech, Inc.  (KRYS)  (CIK 0001711279)",KRYS,sec_current,2025-06-02,2025-06-02T17:12:19,acceptance_time,2025-06-03,KB707,1/2,advanced solid tumor malignancies affecting the lungs,NCT06228326,NCT06228326,28898680,2025-05-06,https://www.sec.gov/Archives/edgar/data/1711279/000171127925000055/asco2025poster_02jun25fi.htm
0001193125-25-134462,0002036042,"Sionna Therapeutics, Inc.  (SION)  (CIK 0002036042)",SION,release_text,2025-06-04,2025-06-04T07:13:27,acceptance_time,2025-06-04,SION-719 and SION-451,1,cystic fibrosis,,,44124394,2025-05-12,https://www.sec.gov/Archives/edgar/data/2036042/000119312525134462/d944102dex991.htm
0001104659-25-056160,0001400118,Sagimet Biosciences Inc.  (SGMT)  (CIK 0001400118),SGMT,release_text,2025-06-04,2025-06-04T06:03:02,acceptance_time,2025-06-04,denifanstat,3,acne vulgaris,,NCT06192264,30674855,2024-11-14,https://www.sec.gov/Archives/edgar/data/1400118/000110465925056160/tm2517101d1_ex99-1.htm
0001437749-25-019375,0001659617,"Moleculin Biotech, Inc.  (MBRX)  (CIK 0001659617)",MBRX,release_text,2025-06-04,2025-06-04T08:45:11,acceptance_time,2025-06-04,Annamycin,1b/2,soft tissue sarcoma lung metastases,MB-107,NCT04887298,14127494,2025-05-13,https://www.sec.gov/Archives/edgar/data/1659617/000143774925019375/ex_826738.htm
0001193125-25-137422,0002040807,"Metsera, Inc.  (MTSR)  (CIK 0002040807)",MTSR,release_text,2025-06-09,2025-06-09T07:04:25,acceptance_time,2025-06-09,MET-233i,1,obesity and overweight,,,105055538,2025-05-12,https://www.sec.gov/Archives/edgar/data/2040807/000119312525137422/d50153d8k.htm
0001193125-25-137432,0001936258,"NewAmsterdam Pharma Co N.V.  (NAMS, NAMSW)  (CIK 0001936258)",NAMS,release_text,2025-06-09,2025-06-09T07:28:48,acceptance_time,2025-06-09,obicetrapib,3,Alzheimer’s Disease,BROADWAY,NCT05142722,112270677,2025-05-08,https://www.sec.gov/Archives/edgar/data/1936258/000119312525137432/d74901d8k.htm
0001140361-25-022023,0001104506,INSMED Inc  (INSM)  (CIK 0001104506),INSM,release_text,2025-06-10,2025-06-10T07:00:27,acceptance_time,2025-06-10,treprostinil palmitil inhalation powder (TPIP),2b,pulmonary arterial hypertension,,,182138923,2025-05-08,https://www.sec.gov/Archives/edgar/data/1104506/000114036125022023/ef20050418_8k.htm
0001437749-25-020040,0000072444,"Vaxart, Inc.  (VXRT)  (CIK 0000072444)",VXRT,release_text,2025-06-11,2025-06-11T08:18:02,acceptance_time,2025-06-11,second-generation oral pill norovirus vaccine constructs,1,norovirus,,,228222953,2025-05-13,https://www.sec.gov/Archives/edgar/data/72444/000143774925020040/ex_829639.htm
0001193125-25-138737,0001759138,"Cabaletta Bio, Inc.  (CABA)  (CIK 0001759138)",CABA,release_text,2025-06-11,2025-06-11T06:11:28,acceptance_time,2025-06-11,rese-cel,,"myositis, lupus and scleroderma","RESET-Myositis, RESET-SLE and RESET-SSc",,50743101,2025-05-15,https://www.sec.gov/Archives/edgar/data/1759138/000119312525138737/d78097dex991.htm
0001171843-25-003854,0000882361,Aptose Biosciences Inc.  (APTOF)  (CIK 0000882361),APS,release_text,2025-06-12,2025-06-12T12:15:09,acceptance_time,2025-06-12,tuspetinib,1/2,AML,TUSCANY,,2552429,2025-05-08,https://www.sec.gov/Archives/edgar/data/882361/000117184325003854/exh_991.htm
0001549595-25-000086,0001549595,"Nurix Therapeutics, Inc.  (NRIX)  (CIK 0001549595)",NRIX,release_text,2025-06-12,2025-06-12T08:02:05,acceptance_time,2025-06-12,bexobrutideg (NX-5948),1a/b,chronic lymphocytic leukemia (CLL) and Waldenström macroglobulinemia (WM),NX-5948-301,NCT05131022,76235594,2025-04-08,https://www.sec.gov/Archives/edgar/data/1549595/000154959525000086/a250612_ehaxdataprxvfinal-.htm
0001193125-25-140285,0001672619,"Enliven Therapeutics, Inc.  (ELVN, IMRA)  (CIK 0001672619)",ELVN,release_text,2025-06-13,2025-06-13T06:05:38,acceptance_time,2025-06-13,ELVN-001,1,chronic myeloid leukemia,ENABLE,NCT05304377,49069258,2025-05-14,https://www.sec.gov/Archives/edgar/data/1672619/000119312525140285/d877944d8k.htm
0001641172-25-015172,0001053369,ELITE PHARMACEUTICALS INC /NV/  (ELTP)  (CIK 0001053369),ELTP,release_text,2025-06-16,2025-06-16T07:05:36,acceptance_time,2025-06-16,undisclosed anticoagulant generic drug product,,,,,1068273108,2025-02-13,https://www.sec.gov/Archives/edgar/data/1053369/000164117225015172/ex99-1.htm
0001213900-25-054465,0001788028,"Jasper Therapeutics, Inc.  (JSPR, JSPRW)  (CIK 0001788028)",JSPR,release_text,2025-06-14,2025-06-16T06:19:34,release_date_only,2025-06-16,briquilimab,1b/2a,chronic inducible urticaria,SPOTLIGHT,,15022122,2025-05-12,https://www.sec.gov/Archives/edgar/data/1788028/000121390025054465/ea0245793-8k_jasper.htm
0001933414-25-000070,0001933414,"Mineralys Therapeutics, Inc.  (MLYS)  (CIK 0001933414)",MLYS,release_text,2025-06-17,2025-06-17T07:07:35,acceptance_time,2025-06-17,lorundrostat,2,hypertension,Explore-CKD,NCT06150924,65175287,2025-05-12,https://www.sec.gov/Archives/edgar/data/1933414/000193341425000070/mlys-20250617.htm
0000950170-25-087068,0001851194,"Ventyx Biosciences, Inc.  (VTYX)  (CIK 0001851194)",VTYX,release_text,2025-06-17,2025-06-17T08:00:29,acceptance_time,2025-06-17,VTX3232,2a,Parkinson’s disease,,NCT06556173,71161201,2025-05-08,https://www.sec.gov/Archives/edgar/data/1851194/000095017025087068/vtyx-20250617.htm
0001193125-25-141739,0001818794,"Dyne Therapeutics, Inc.  (DYN)  (CIK 0001818794)",DYN,release_text,2025-06-17,2025-06-17T07:04:28,acceptance_time,2025-06-17,DYNE-101,1/2,myotonic dystrophy type 1,ACHIEVE,,113666578,2025-05-08,https://www.sec.gov/Archives/edgar/data/1818794/000119312525141739/d47489d8k.htm
0001790340-25-000077,0001790340,Immuneering Corp  (IMRX)  (CIK 0001790340),IMRX,release_text,2025-06-17,2025-06-17T06:09:26,acceptance_time,2025-06-17,atebimetinib,2a,pancreatic cancer,mGnP Arm,,25938064,2021-09-09,https://www.sec.gov/Archives/edgar/data/1790340/000179034025000077/imrx-20250617.htm
0001641172-25-015342,0001701478,"Azitra, Inc.  (AZTR)  (CIK 0001701478)",AZTR,release_text,2025-06-17,2025-06-17T08:10:36,acceptance_time,2025-06-17,ATR12-351,1b,Netherton syndrome,,NCT06137157,16476354,2025-05-13,https://www.sec.gov/Archives/edgar/data/1701478/000164117225015342/ex99-1.htm
0001193125-25-141756,0001636282,"Spyre Therapeutics, Inc.  (SYRE)  (CIK 0001636282)",SYRE,release_text,2025-06-17,2025-06-17T07:35:45,acceptance_time,2025-06-17,SPY002 and SPY072,1,Inflammatory Bowel Disease,,NCT07012395,60353561,2025-05-08,https://www.sec.gov/Archives/edgar/data/1636282/000119312525141756/d18728dex991.htm
0001193125-25-141795,0001806952,"Lyell Immunopharma, Inc.  (LYEL)  (CIK 0001806952)",LYEL,release_text,2025-06-17,2025-06-17T08:49:17,acceptance_time,2025-06-17,LYL314,1/2,large B-cell lymphoma,PiNACLE,,295337557,2025-05-13,https://www.sec.gov/Archives/edgar/data/1806952/000119312525141795/d15114d8k.htm
0001558370-25-008711,0001727196,Scholar Rock Holding Corp  (SRRK)  (CIK 0001727196),SRRK,release_text,2025-06-18,2025-06-18T07:10:13,acceptance_time,2025-06-18,apitegromab,2,obesity or overweight,EMBRAZE,,94945562,2025-05-14,https://www.sec.gov/Archives/edgar/data/1727196/000155837025008711/srrk-20250618x8k.htm
0001816590-25-000085,0001816590,COMPASS Pathways plc  (CMPS)  (CIK 0001816590),CMPS,release_text,2025-06-19,2025-06-23T06:32:31,release_date_only,2025-06-20,COMP360,3,treatment-resistant depression (TRD),COMP005,,93561753,2025-05-08,https://www.sec.gov/Archives/edgar/data/1816590/000181659025000085/cmps-20250623.htm
0001104659-25-061375,0001868279,"ArriVent BioPharma, Inc.  (AVBP)  (CIK 0001868279)",AVBP,release_text,2025-06-23,2025-06-23T07:06:57,acceptance_time,2025-06-23,firmonertinib,1b,EGFR PACC mutant non-small cell lung cancer,FURTHER,NCT05364073;NCT05607550,34212561,2025-05-12,https://www.sec.gov/Archives/edgar/data/1868279/000110465925061375/tm2518615d1_ex99-1.htm
0000950170-25-088738,0000876343,"Lineage Cell Therapeutics, Inc.  (LCTX)  (CIK 0000876343)",LCTX,release_text,2025-06-23,2025-06-23T09:26:11,acceptance_time,2025-06-23,RG6501 (OpRegen),1/2a,geographic atrophy (GA) secondary to age-related macular degeneration (AMD),,NCT02286089;NCT05626114,228356290,2025-05-13,https://www.sec.gov/Archives/edgar/data/876343/000095017025088738/lctx-20250623.htm
0001193125-25-144174,0001419041,"Forte Biosciences, Inc.  (FBRX)  (CIK 0001419041)",FBRX,release_text,2025-06-23,2025-06-23T07:47:28,acceptance_time,2025-06-23,FB102,1b,celiac disease,FB102-101,,6581667,2025-03-28,https://www.sec.gov/Archives/edgar/data/1419041/000119312525144174/d874957d8k.htm
0001104659-25-061371,0001787297,"Passage BIO, Inc.  (PASG)  (CIK 0001787297)",PASG,release_text,2025-06-23,2025-06-23T07:00:59,acceptance_time,2025-06-23,PBFT02,1/2,frontotemporal dementia (FTD) with granulin (GRN) mutations,upliFT-D,NCT04747431,62148274,2025-05-13,https://www.sec.gov/Archives/edgar/data/1787297/000110465925061371/tm2518584d1_8k.htm
0000950170-25-089213,0001861560,"Nuvalent, Inc.  (NUVL)  (CIK 0001861560)",NUVL,release_text,2025-06-24,2025-06-24T06:35:07,acceptance_time,2025-06-24,zidesamtinib,1/2,ROS1-positive non-small cell lung cancer,ARROS-1,,3129384,2021-09-08,https://www.sec.gov/Archives/edgar/data/1861560/000095017025089213/nuvl-20250624.htm
0001213900-25-056909,0000906709,NEKTAR THERAPEUTICS  (NKTR)  (CIK 0000906709),NKTR,release_text,2025-06-24,2025-06-24T07:45:13,acceptance_time,2025-06-24,rezpegaldesleukin,2b,moderate-to-severe atopic dermatitis,REZOLVE-AD,,186103588,2025-05-09,https://www.sec.gov/Archives/edgar/data/906709/000121390025056909/ea0246672-8k_nektar.htm
0001628280-25-032748,0001001233,"SANGAMO THERAPEUTICS, INC  (SGMO)  (CIK 0001001233)",SGMO,release_text,2025-06-24,2025-06-24T08:08:25,acceptance_time,2025-06-24,isaralgagene civaparvovec (ST-920),1/2,Fabry disease,STAAR,,233166972,2025-05-12,https://www.sec.gov/Archives/edgar/data/1001233/000162828025032748/sgmo-20250624.htm
0000950170-25-089949,0001426800,"ASSEMBLY BIOSCIENCES, INC.  (ASMB)  (CIK 0001426800)",ASMB,release_text,2025-06-25,2025-06-25T16:05:30,acceptance_time,2025-06-26,ABI-4334,1b,chronic hepatitis B,,NCT06384131,7637553,2025-05-08,https://www.sec.gov/Archives/edgar/data/1426800/000095017025089949/asmb-20250625.htm
0001140361-25-023732,0001228627,"Opus Genetics, Inc.  (IRD)  (CIK 0001228627)",IRD,release_text,2025-06-26,2025-06-26T07:06:15,acceptance_time,2025-06-26,Phentolamine Ophthalmic Solution 0.75%,3,presbyopia,VEGA-3,NCT06542497,59661197,2025-05-15,https://www.sec.gov/Archives/edgar/data/1228627/000114036125023732/ef20051231_8k.htm
0001326190-25-000037,0001326190,"Altimmune, Inc.  (ALT)  (CIK 0001326190)",ALT,release_text,2025-06-26,2025-06-26T07:30:26,acceptance_time,2025-06-26,pemvidutide,2b,metabolic dysfunction-associated steatohepatitis,IMPACT,NCT05989711,81106973,2025-05-13,https://www.sec.gov/Archives/edgar/data/1326190/000132619025000037/alt-20250626x8k.htm
0001824293-25-000082,0001824293,"GRI Bio, Inc.  (GRI)  (CIK 0001824293)",GRI,release_text,2025-06-26,2025-06-26T08:01:08,acceptance_time,2025-06-26,GRI-0621,2a,Idiopathic Pulmonary Fibrosis,,NCT06331624,2141473,2025-05-15,https://www.sec.gov/Archives/edgar/data/1824293/000182429325000082/ex991_pressrelease6weeksaf.htm
0000950170-25-090172,0001832038,"Invivyd, Inc.  (IVVD)  (CIK 0001832038)",IVVD,release_text,2025-06-26,2025-06-26T07:13:10,acceptance_time,2025-06-26,VYD2311,1/2,COVID-19,,,119961445,2025-05-15,https://www.sec.gov/Archives/edgar/data/1832038/000095017025090172/ivvd-20250626.htm
0001999480-25-000053,0001999480,"Alto Neuroscience, Inc.  (ANRO)  (CIK 0001999480)",ANRO,release_text,2025-06-26,2025-06-26T07:40:43,acceptance_time,2025-06-26,ALTO-203,2,major depressive disorder,,,27072129,2025-05-14,https://www.sec.gov/Archives/edgar/data/1999480/000199948025000053/exhibit991-pressrelease.htm
0001600620-25-000083,0001600620,Aurinia Pharmaceuticals Inc.  (AUPH)  (CIK 0001600620),AUPH,release_text,2025-06-30,2025-06-30T06:03:53,acceptance_time,2025-06-30,aritinercept (AUR200),1,autoimmune diseases,,,135104302,2025-05-12,https://www.sec.gov/Archives/edgar/data/1600620/000160062025000083/auph-20250630.htm
0001213900-25-059252,0001711754,"Inmune Bio, Inc.  (INMB)  (CIK 0001711754)",INMB,release_text,2025-06-29,2025-06-30T08:01:08,release_date_only,2025-06-30,XPro™,2,early Alzheimer’s Disease,MINDFuL,NCT05318976,23210377,2025-05-08,https://www.sec.gov/Archives/edgar/data/1711754/000121390025059252/ea0247460-8k_inmune.htm
0001140361-25-024290,0001840904,ATAI Life Sciences N.V.  (ATAI)  (CIK 0001840904),ATAI,release_text,2025-07-01,2025-07-01T07:16:59,acceptance_time,2025-07-01,BPL-003,2b,treatment-resistant depression,,NCT05870540,200337609,2025-05-14,https://www.sec.gov/Archives/edgar/data/1840904/000114036125024290/ef20051402_8k.htm
0001193805-25-000946,0001768224,Arcturus Therapeutics Holdings Inc.  (ARCT)  (CIK 0001768224),ARCT,release_text,2025-06-30,2025-06-30T16:05:54,acceptance_time,2025-07-01,ARCT-810,2,Ornithine Transcarbamylase (OTC) Deficiency,,,27120603,2025-05-12,https://www.sec.gov/Archives/edgar/data/1768224/000119380525000946/e664658_ex99-1.htm
0001193125-25-155811,0001622229,"Cogent Biosciences, Inc.  (COGT)  (CIK 0001622229)",COGT,release_text,2025-07-07,2025-07-07T07:15:14,acceptance_time,2025-07-07,bezuclastinib,,non-advanced systemic mastocytosis,SUMMIT,,113856454,2025-05-06,https://www.sec.gov/Archives/edgar/data/1622229/000119312525155811/d156610d8k.htm
0001104659-25-065926,0001974640,"Apogee Therapeutics, Inc.  (APGE)  (CIK 0001974640)",APGE,release_text,2025-07-07,2025-07-07T06:06:11,acceptance_time,2025-07-07,APG777,2,moderate-to-severe atopic dermatitis,APEX,,58304801,2025-05-12,https://www.sec.gov/Archives/edgar/data/1974640/000110465925065926/tm2519512d2_8k.htm
0000950170-25-094445,0001850270,PROKIDNEY CORP.  (PROK)  (CIK 0001850270),PROK,release_text,2025-07-08,2025-07-08T07:03:08,acceptance_time,2025-07-08,rilparencel,2,chronic kidney disease and diabetes,REGEN-007,,,,https://www.sec.gov/Archives/edgar/data/1850270/000095017025094445/prok-20250708.htm
0001104659-25-066724,0001649904,"RHYTHM PHARMACEUTICALS, INC.  (RYTM)  (CIK 0001649904)",RYTM,release_text,2025-07-09,2025-07-09T16:39:20,acceptance_time,2025-07-10,bivamelagon,2,acquired hypothalamic obesity,,,63621472,2025-05-07,https://www.sec.gov/Archives/edgar/data/1649904/000110465925066724/tm2520203d1_8k.htm
0001641172-25-018894,0001401914,"Dare Bioscience, Inc.  (DARE)  (CIK 0001401914)",DARE,release_text,2025-07-14,2025-07-14T08:01:40,acceptance_time,2025-07-14,Ovaprene,3,contraceptive,,NCT06127199,8850386,2025-05-13,https://www.sec.gov/Archives/edgar/data/1401914/000164117225018894/ex99-1.htm
0001641172-25-019645,0001962011,"Kairos Pharma, LTD.  (KAPA)  (CIK 0001962011)",KAPA,release_text,2025-07-15,2025-07-15T09:11:08,acceptance_time,2025-07-15,ENV-105,2,metastatic castration-resistant prostate cancer,,,16849306,2025-05-14,https://www.sec.gov/Archives/edgar/data/1962011/000164117225019645/ex99-1.htm
0001437749-25-022877,0001401040,DiaMedica Therapeutics Inc.  (DMAC)  (CIK 0001401040),DMAC,release_text,2025-07-17,2025-07-17T08:05:13,acceptance_time,2025-07-17,DM199,2,preeclampsia,,,42883465,2025-05-13,https://www.sec.gov/Archives/edgar/data/1401040/000143774925022877/ex_839667.htm
0000950170-25-097323,0001520262,Alkermes plc.  (ALKS)  (CIK 0001520262),ALKS,release_text,2025-07-21,2025-07-21T17:16:35,acceptance_time,2025-07-22,alixorexton,2,narcolepsy type 1,Vibrance-1,NCT06358950;NCT06555783;NCT06843590,164901285,2025-05-01,https://www.sec.gov/Archives/edgar/data/1520262/000095017025097323/alks-20250721.htm
0001023024-25-000072,0001023024,ANI PHARMACEUTICALS INC  (ANIP)  (CIK 0001023024),ANIP,release_text,2025-07-23,2025-07-23T06:53:00,acceptance_time,2025-07-23,ILUVIEN,,diabetic macular edema,NEW DAY,,24422240,2013-02-28,https://www.sec.gov/Archives/edgar/data/1023024/000102302425000072/anip-20250723xexx991.htm
0001711279-25-000069,0001711279,"Krystal Biotech, Inc.  (KRYS)  (CIK 0001711279)",KRYS,release_text,2025-07-24,2025-07-24T16:45:59,acceptance_time,2025-07-25,KB304,1,moderate to severe wrinkles of the décolleté,PEARL-2,NCT06724900,28898680,2025-05-06,https://www.sec.gov/Archives/edgar/data/1711279/000171127925000069/a07242025-kb304xexhibit991.htm
0001493152-25-011441,0000946644,"AIM ImmunoTech Inc.  (AIM, AIMI)  (CIK 0000946644)",AIM,release_text,2025-07-28,2025-07-28T09:20:23,acceptance_time,2025-07-28,Ampligen (rintatolimod),2,metastatic pancreatic cancer,DURIPANC,NCT05927142,76423889,2025-05-15,https://www.sec.gov/Archives/edgar/data/946644/000149315225011441/ex99-1.htm
0001437749-25-023646,0001053691,CervoMed Inc.  (CRVO)  (CIK 0001053691),CRVO,release_text,2025-07-28,2025-07-28T16:08:43,acceptance_time,2025-07-29,neflamapimod,2b,dementia with Lewy bodies,RewinD-LB,,8702719,2025-05-12,https://www.sec.gov/Archives/edgar/data/1053691/000143774925023646/ex_844372.htm
0001558370-25-009739,0001557746,"Aclaris Therapeutics, Inc.  (ACRS)  (CIK 0001557746)",ACRS,sec_current,2025-07-29,2025-07-29T16:15:18,acceptance_time,2025-07-30,ATI-2138,2a,alopecia areata,,,108281239,2025-05-08,https://www.sec.gov/Archives/edgar/data/1557746/000155837025009739/acrs-20250729x8k.htm
0001104659-25-071953,0001566044,VYNE Therapeutics Inc.  (VYNE)  (CIK 0001566044),VYNE,release_text,2025-07-30,2025-07-30T08:05:49,acceptance_time,2025-07-30,Repibresib gel,2b,nonsegmental vitiligo,,,16664892,2025-05-08,https://www.sec.gov/Archives/edgar/data/1566044/000110465925071953/tm2522042d1_8k.htm
0001213900-25-068954,0001873875,Incannex Healthcare Inc.  (IXHL)  (CIK 0001873875),IXHL,release_text,2025-07-30,2025-07-30T08:00:36,acceptance_time,2025-07-30,IHL-42X,2,obstructive sleep apnoea,RePOSA,,29433798,2025-05-15,https://www.sec.gov/Archives/edgar/data/1873875/000121390025068954/ea0250564-8k_incannex.htm
0000950170-25-099891,0001936258,"NewAmsterdam Pharma Co N.V.  (NAMS, NAMSW)  (CIK 0001936258)",NAMS,release_text,2025-07-30,2025-07-30T08:25:54,acceptance_time,2025-07-30,obicetrapib,3,Alzheimer’s disease,BROADWAY,NCT05142722,112270677,2025-05-08,https://www.sec.gov/Archives/edgar/data/1936258/000095017025099891/nams-20250730.htm
0001824293-25-000094,0001824293,"GRI Bio, Inc.  (GRI)  (CIK 0001824293)",GRI,release_text,2025-07-31,2025-07-31T09:02:46,acceptance_time,2025-07-31,GRI-0621,2a,Idiopathic Pulmonary Fibrosis,,NCT06331624,2141473,2025-05-15,https://www.sec.gov/Archives/edgar/data/1824293/000182429325000094/ex991_pressrelease6weekbio.htm
0001789769-25-000074,0001789769,"Instil Bio, Inc.  (TIL)  (CIK 0001789769)",TIL,release_text,2025-07-31,2025-07-31T16:31:09,acceptance_time,2025-08-01,IMM2510/AXN-2510,2,non-small cell lung cancer,Phase 2 Chemo Combo Trial,,6559927,2025-05-13,https://www.sec.gov/Archives/edgar/data/1789769/000178976925000074/til-20250731.htm
0001104659-25-072708,0000812796,"SOLIGENIX, INC.  (SNGX)  (CIK 0000812796)",SNGX,release_text,2025-07-31,2025-07-31T16:18:24,acceptance_time,2025-08-01,SGX945 (dusquetide),2a,Behçet’s Disease,DUS-AUBD-01,,3264346,2025-05-09,https://www.sec.gov/Archives/edgar/data/812796/000110465925072708/tm2522246d1_ex99-1.htm
0001437749-25-024720,0000946486,"WINDTREE THERAPEUTICS INC /DE/  (WINT, WINTW)  (CIK 0000946486)",WINT,release_text,2025-08-05,2025-08-05T09:05:15,acceptance_time,2025-08-05,istaroxime,2,cardiogenic shock,SEISMiC C,,3661289,2025-05-15,https://www.sec.gov/Archives/edgar/data/946486/000143774925024720/ex_848198.htm
0001628280-25-038094,0001357874,PRECISION BIOSCIENCES INC  (DTIL)  (CIK 0001357874),DTIL,release_text,2025-08-06,2025-08-06T08:00:17,acceptance_time,2025-08-06,PBGENE-HBV,1,chronic hepatitis B,ELIMINATE-B,,11088234,2025-05-15,https://www.sec.gov/Archives/edgar/data/1357874/000162828025038094/dtil-20250806xex991.htm
0001193125-25-176138,0001426800,"ASSEMBLY BIOSCIENCES, INC.  (ASMB)  (CIK 0001426800)",ASMB,release_text,2025-08-08,2025-08-08T08:24:47,acceptance_time,2025-08-08,ABI-5366,1b,recurrent genital herpes,,NCT06385327,7672261,2025-08-06,https://www.sec.gov/Archives/edgar/data/1426800/000119312525176138/d802767d8k.htm
0001193125-25-177471,0001865494,"IO Biotech, Inc.  (IOBT)  (CIK 0001865494)",IOBT,release_text,2025-08-11,2025-08-11T08:00:33,acceptance_time,2025-08-11,Cylembio,3,advanced melanoma,,NCT05077709;NCT05155254;NCT05280314,65880914,2025-05-14,https://www.sec.gov/Archives/edgar/data/1865494/000119312525177471/d454108d8k.htm
0001607678-25-000003,0001607678,"Viking Therapeutics, Inc.  (VKTX)  (CIK 0001607678)",VKTX,release_text,2025-08-19,2025-08-19T07:09:43,acceptance_time,2025-08-19,VK2735,2,obesity,VENTURE-Oral Dosing,,112444961,2025-07-23,https://www.sec.gov/Archives/edgar/data/1607678/000160767825000003/vktx-20250819.htm
0001193125-25-184680,0001029142,DYNAVAX TECHNOLOGIES CORP  (DVAX)  (CIK 0001029142),DVAX,release_text,2025-08-21,2025-08-21T08:15:30,acceptance_time,2025-08-21,Z-1018,1/2,shingles,,,117267482,2025-08-07,https://www.sec.gov/Archives/edgar/data/1029142/000119312525184680/d57006d8k.htm
0001104659-25-082783,0001094038,"Marker Therapeutics, Inc.  (MRKR)  (CIK 0001094038)",MRKR,release_text,2025-08-26,2025-08-26T07:16:20,acceptance_time,2025-08-26,MT-601,1,lymphoma,APOLLO,NCT05798897,12938910,2025-08-14,https://www.sec.gov/Archives/edgar/data/1094038/000110465925082783/tm2524197d1_ex99-1.htm
0001213900-25-080509,0001873875,Incannex Healthcare Inc.  (IXHL)  (CIK 0001873875),IXHL,release_text,2025-08-26,2025-08-26T08:00:30,acceptance_time,2025-08-26,PSX-001,2,Generalised Anxiety Disorder,,,29433798,2025-05-15,https://www.sec.gov/Archives/edgar/data/1873875/000121390025080509/ea0254452-8k_incannex.htm
0001104659-25-083402,0001720893,"BioXcel Therapeutics, Inc.  (BTAI)  (CIK 0001720893)",BTAI,release_text,2025-08-27,2025-08-27T07:01:35,acceptance_time,2025-08-27,BXCL501,3,agitation associated with bipolar disorders or schizophrenia,SERENITY At-Home,,14556743,2025-08-12,https://www.sec.gov/Archives/edgar/data/1720893/000110465925083402/tm2524474d1_8k.htm
0001104659-25-085976,0001082554,UNITED THERAPEUTICS Corp  (UTHR)  (CIK 0001082554),UTHR,release_text,2025-09-02,2025-09-02T07:00:49,acceptance_time,2025-09-02,Tyvaso (treprostinil) Inhalation Solution,3,idiopathic pulmonary fibrosis (IPF),TETON-2,NCT04708782;NCT04905693;NCT05255991,45226262,2025-07-30,https://www.sec.gov/Archives/edgar/data/1082554/000110465925085976/tm2524831d1_8k.htm
0002022626-25-000005,0002022626,"Upstream Bio, Inc.  (UPB)  (CIK 0002022626)",UPB,release_text,2025-09-02,2025-09-02T08:38:15,acceptance_time,2025-09-02,verekitug,2,chronic rhinosinusitis with nasal polyps (CRSwNP),VIBRANT,NCT06164704;NCT06196879;NCT06966479;NCT06981078,53909427,2025-08-06,https://www.sec.gov/Archives/edgar/data/2022626/000202262625000005/upb-20250902.htm
0001140361-25-033541,0000874015,IONIS PHARMACEUTICALS INC  (IONS)  (CIK 0000874015),IONS,release_text,2025-09-02,2025-09-02T07:05:42,acceptance_time,2025-09-02,olezarsen,3,severe hypertriglyceridemia (sHTG),CORE and CORE2,NCT05079919;NCT05552326,159391229,2025-07-30,https://www.sec.gov/Archives/edgar/data/874015/000114036125033541/ef20054942_8k.htm
0000950170-25-112564,0001061983,CYTOKINETICS INC  (CYTK)  (CIK 0001061983),CYTK,release_text,2025-08-30,2025-09-02T17:20:58,release_date_only,2025-09-02,aficamten,3,symptomatic obstructive hypertrophic cardiomyopathy (oHCM),MAPLE-HCM,,119657156,2025-08-07,https://www.sec.gov/Archives/edgar/data/1061983/000095017025112564/cytk-ex99_1.htm
0001140361-25-033767,0001635088,Roivant Sciences Ltd.  (ROIV)  (CIK 0001635088),IMVT,release_text,2025-09-03,2025-09-03T13:38:54,acceptance_time,2025-09-03,batoclimab,,Graves' disease,,,682881743,2025-08-11,https://www.sec.gov/Archives/edgar/data/1635088/000114036125033767/ef20055076_ex99-1.htm
0001764013-25-000136,0001764013,"Immunovant, Inc.  (IMVT)  (CIK 0001764013)",IMVT,release_text,2025-09-03,2025-09-03T13:09:06,acceptance_time,2025-09-03,batoclimab,,Graves' disease,,,174316841,2025-08-11,https://www.sec.gov/Archives/edgar/data/1764013/000176401325000136/exhibit991202593.htm
0001193125-25-194511,0001631574,Wave Life Sciences Ltd.  (WVE)  (CIK 0001631574),WVE,release_text,2025-09-03,2025-09-03T07:40:03,acceptance_time,2025-09-03,WVE-006,1b/2a,alpha-1 antitrypsin deficiency (AATD),RestorAATion-2,NCT06405633,159140460,2025-07-30,https://www.sec.gov/Archives/edgar/data/1631574/000119312525194511/d67509d8k.htm
0001640334-25-001617,0001621221,"ARTELO BIOSCIENCES, INC.  (ARTL, ATLEW)  (CIK 0001621221)",ARTL,release_text,2025-09-03,2025-09-03T17:29:52,acceptance_time,2025-09-04,ART27.13,2,cancer anorexia-cachexia syndrome (CACS),CAReS,,1321552,2025-08-13,https://www.sec.gov/Archives/edgar/data/1621221/000164033425001617/artl_8k.htm
0000950170-25-113379,0001520262,Alkermes plc.  (ALKS)  (CIK 0001520262),ALKS,release_text,2025-09-08,2025-09-08T09:15:27,acceptance_time,2025-09-08,alixorexton,2,narcolepsy type 1,Vibrance-1,NCT06358950;NCT06555783;NCT06843590,165077979,2025-07-29,https://www.sec.gov/Archives/edgar/data/1520262/000095017025113379/alks-ex99_1.htm
0001193125-25-197605,0001676725,"IDEAYA Biosciences, Inc.  (IDYA)  (CIK 0001676725)",IDYA,release_text,2025-09-07,2025-09-08T06:08:13,release_date_only,2025-09-08,IDE849,1,small cell lung cancer,,,87643686,2025-08-05,https://www.sec.gov/Archives/edgar/data/1676725/000119312525197605/d38716d8k.htm
0001193125-25-197751,0001690585,"Dianthus Therapeutics, Inc. /DE/  (DNTH)  (CIK 0001690585)",DNTH,release_text,2025-09-08,2025-09-08T08:01:42,acceptance_time,2025-09-08,claseprubart (DNTH103),2,generalized Myasthenia Gravis (gMG),MaGic,,32188345,2025-08-07,https://www.sec.gov/Archives/edgar/data/1690585/000119312525197751/d933929d8k.htm
0001493152-25-012769,0001878313,"MAIA Biotechnology, Inc.  (MAIA)  (CIK 0001878313)",MAIA,release_text,2025-09-08,2025-09-08T06:11:22,acceptance_time,2025-09-08,THIO,2,advanced non-small cell lung cancer (NSCLC),THIO-101,,32993220,2025-08-11,https://www.sec.gov/Archives/edgar/data/1878313/000149315225012769/form8-k.htm
0001193125-25-197610,0002012593,"Rapport Therapeutics, Inc.  (RAPP)  (CIK 0002012593)",RAPP,release_text,2025-09-08,2025-09-08T06:12:16,acceptance_time,2025-09-08,RAP-219,2a,focal onset seizures,RAP-219-FOS-201,,36497920,2025-08-07,https://www.sec.gov/Archives/edgar/data/2012593/000119312525197610/d919002d8k.htm
0001810560-25-000006,0001810560,"REVELATION BIOSCIENCES, INC.  (REVB, REVBW)  (CIK 0001810560)",REVB,release_text,2025-09-09,2025-09-09T08:02:12,acceptance_time,2025-09-09,Gemini,1b,chronic kidney disease (CKD),PRIME,,1699637,2025-08-08,https://www.sec.gov/Archives/edgar/data/1810560/000181056025000006/revb-20250909.htm
0001558370-25-011954,0001868279,"ArriVent BioPharma, Inc.  (AVBP)  (CIK 0001868279)",AVBP,release_text,2025-09-09,2025-09-09T08:00:13,acceptance_time,2025-09-09,firmonertinib,1b,EGFR PACC mutant non-small cell lung cancer,FURTHER,NCT05607550,40568944,2025-08-11,https://www.sec.gov/Archives/edgar/data/1868279/000155837025011954/avbp-20250909xex99d1.htm
0001193125-25-200760,0001842295,"Maze Therapeutics, Inc.  (MAZE)  (CIK 0001842295)",MAZE,release_text,2025-09-11,2025-09-11T07:48:53,acceptance_time,2025-09-11,MZE782,1,Phenylketonuria and Chronic Kidney Disease,,,43850884,2025-08-12,https://www.sec.gov/Archives/edgar/data/1842295/000119312525200760/d90404dex992.htm
0001193125-25-200078,0001628171,"Revolution Medicines, Inc.  (RVMD, RVMDW)  (CIK 0001628171)",RVMD,release_text,2025-09-10,2025-09-10T16:05:33,acceptance_time,2025-09-11,daraxonrasib,1,metastatic RAS-mutant pancreatic ductal adenocarcinoma,RMC-6236-001,,186933190,2025-08-06,https://www.sec.gov/Archives/edgar/data/1628171/000119312525200078/d947102d8k.htm
0001193125-25-202865,0001339970,aTYR PHARMA INC  (ATYR)  (CIK 0001339970),ATYR,sec_current,2025-09-15,2025-09-15T08:30:27,acceptance_time,2025-09-15,Efzofitimod,3,Pulmonary Sarcoidosis,EFZO-FIT,,97986634,2025-08-07,https://www.sec.gov/Archives/edgar/data/1339970/000119312525202865/atyr-20250915.htm
0001437749-25-029005,0001645469,Monopar Therapeutics  (MNPR)  (CIK 0001645469),MNPR,release_text,2025-09-14,2025-09-15T07:00:11,release_date_only,2025-09-15,ALXN1840,,Wilson disease,,,6169961.0,2025-08-12,https://www.sec.gov/Archives/edgar/data/1645469/000143774925029005/ex_861328.htm
0001193125-25-205107,0001671584,Aptevo Therapeutics Inc.  (APVO)  (CIK 0001671584),APVO,release_text,2025-09-16,2025-09-16T17:07:43,acceptance_time,2025-09-17,mipletamig,1b/2,acute myeloid leukemia,RAINIER,,3287918,2025-08-11,https://www.sec.gov/Archives/edgar/data/1671584/000119312525205107/apvo-ex99_1.htm
0001193125-25-205522,0001601485,"Elicio Therapeutics, Inc.  (ELTX)  (CIK 0001601485)",ELTX,release_text,2025-09-17,2025-09-17T08:16:34,acceptance_time,2025-09-17,ELI-002 7P,2,cancer,AMPLIFY-7P,NCT04853017;NCT05726864,16338284,2025-08-07,https://www.sec.gov/Archives/edgar/data/1601485/000119312525205522/d38971dex991.htm
0001140361-25-035190,0001635088,Roivant Sciences Ltd.  (ROIV)  (CIK 0001635088),ROIV,release_text,2025-09-17,2025-09-17T07:45:44,acceptance_time,2025-09-17,brepocitinib,3,dermatomyositis,VALOR,,682881743,2025-08-11,https://www.sec.gov/Archives/edgar/data/1635088/000114036125035190/ef20055655_8k.htm
0001213900-25-090129,0000907654,"Oruka Therapeutics, Inc.  (ORKA)  (CIK 0000907654)",ORKA,release_text,2025-09-17,2025-09-22T16:26:04,release_date_only,2025-09-18,ORKA-001,1,plaque psoriasis,,,37450745,2025-08-11,https://www.sec.gov/Archives/edgar/data/907654/000121390025090129/ea0257865-8k_oruka.htm
0001213900-25-088792,0000906709,NEKTAR THERAPEUTICS  (NKTR)  (CIK 0000906709),NKTR,sec_current,,2025-09-18T08:56:13,acceptance_time,2025-09-18,rezpegaldesleukin,2b,atopic dermatitis,REZOLVE-AD,,19018573,2025-08-08,https://www.sec.gov/Archives/edgar/data/906709/000121390025088792/ea025784201ex99-1_nektar.htm
0001437749-25-029347,0000925741,"BioCardia, Inc.  (BCDA)  (CIK 0000925741)",BCDA,release_text,2025-09-18,2025-09-18T07:00:10,acceptance_time,2025-09-18,CardiAMP Cell Therapy,,Chronic Myocardial Ischemia,CardiAMP Cell Therapy in Chronic Myocardial Ischemia Trial,,5801224,2025-08-11,https://www.sec.gov/Archives/edgar/data/925741/000143774925029347/bcda20250917_8k.htm
0001753926-25-001525,0001347242,LIPELLA PHARMACEUTICALS INC.  (LIPO)  (CIK 0001347242),LIPO,release_text,2025-09-18,2025-09-18T08:01:38,acceptance_time,2025-09-18,LP-10,2a,oral lichen planus,,,4620837,2025-08-14,https://www.sec.gov/Archives/edgar/data/1347242/000175392625001525/g084955_8k.htm
0001437749-25-029349,0001855175,"Contineum Therapeutics, Inc.  (CTNM)  (CIK 0001855175)",CTNM,release_text,2025-09-18,2025-09-18T08:16:26,acceptance_time,2025-09-18,PIPE-791,1b,idiopathic pulmonary fibrosis and progressive multiple sclerosis,Phase 1b Positron Emission Tomography (PET) Trial,NCT06683612,28041895,2025-08-05,https://www.sec.gov/Archives/edgar/data/1855175/000143774925029349/ctnm20250910_8k.htm
0001493152-25-014393,0001904286,"MIRA PHARMACEUTICALS, INC.  (MIRA)  (CIK 0001904286)",MIRA,release_text,2025-09-22,2025-09-22T07:30:50,acceptance_time,2025-09-22,Ketamir-2,1,neuropathic pain,,,19069315,2025-08-14,https://www.sec.gov/Archives/edgar/data/1904286/000149315225014393/form8-k.htm
0001193125-25-210049,0001776111,"MBX Biosciences, Inc.  (MBX)  (CIK 0001776111)",MBX,release_text,2025-09-22,2025-09-22T08:00:09,acceptance_time,2025-09-22,canvuparatide,2,chronic hypoparathyroidism,Avail,NCT06465108,33593866,2025-08-07,https://www.sec.gov/Archives/edgar/data/1776111/000119312525210049/mbx-20250922.htm
0001140361-25-035634,0000874015,IONIS PHARMACEUTICALS INC  (IONS)  (CIK 0000874015),IONS,release_text,2025-09-22,2025-09-22T07:05:51,acceptance_time,2025-09-22,zilganersen,1-3,Alexander disease,NCT04849741,NCT04849741,159391229,2025-07-30,https://www.sec.gov/Archives/edgar/data/874015/000114036125035634/ef20055880_8k.htm
0001628280-25-042245,0001662579,"C4 Therapeutics, Inc.  (CCCC)  (CIK 0001662579)",CCCC,release_text,2025-09-20,2025-09-22T06:41:16,release_date_only,2025-09-22,cemsidomide,1,relapsed/refractory multiple myeloma,,,71170815,2025-08-07,https://www.sec.gov/Archives/edgar/data/1662579/000162828025042245/cccc-20250920xexx991.htm
0001140361-25-035777,0001840904,ATAI Life Sciences N.V.  (ATAI)  (CIK 0001840904),ATAI,release_text,2025-09-23,2025-09-23T07:10:47,acceptance_time,2025-09-23,BPL-003,2a,treatment-resistant depression,,NCT05660642,214338329,2025-08-14,https://www.sec.gov/Archives/edgar/data/1840904/000114036125035777/ef20055927_8k.htm
0001104659-25-092740,0001590560,uniQure N.V.  (QURE)  (CIK 0001590560),QURE,release_text,2025-09-24,2025-09-24T07:06:10,acceptance_time,2025-09-24,AMT-130,1/2,Huntington’s disease,,NCT04120493,,,https://www.sec.gov/Archives/edgar/data/1590560/000110465925092740/qure-20250924x8k.htm
0001104659-25-092776,0001802665,"Harmony Biosciences Holdings, Inc.  (HRMY)  (CIK 0001802665)",HRMY,release_text,2025-09-24,2025-09-24T08:39:11,acceptance_time,2025-09-24,ZYN002,3,Fragile X syndrome,RECONNECT,,57532601,2025-08-05,https://www.sec.gov/Archives/edgar/data/1802665/000110465925092776/hrmy-20250924x8k.htm
0001193805-25-001357,0001280776,"IMMUNIC, INC.  (IMUX)  (CIK 0001280776)",IMUX,release_text,2025-09-25,2025-09-25T07:01:02,acceptance_time,2025-09-25,vidofludimus calcium,2,multiple sclerosis,CALLIPER,,98650590,2025-08-07,https://www.sec.gov/Archives/edgar/data/1280776/000119380525001357/e664856_8k-immunic.htm
0001193125-25-217810,0001661181,Organogenesis Holdings Inc.  (ORGO)  (CIK 0001661181),ORGO,release_text,2025-09-25,2025-09-25T17:00:11,acceptance_time,2025-09-26,ReNu,3,knee osteoarthritis,,,126857709,2025-08-07,https://www.sec.gov/Archives/edgar/data/1661181/000119312525217810/d870311d8k.htm
0001104659-25-094125,0001479419,"KALA BIO, Inc.  (KALA)  (CIK 0001479419)",KALA,release_text,2025-09-29,2025-09-29T08:08:47,acceptance_time,2025-09-29,KPI-012,2b,persistent corneal epithelial defect (PCED),CHASE,,7021040,2025-08-08,https://www.sec.gov/Archives/edgar/data/1479419/000110465925094125/tm2527340d1_8k.htm
0001193125-25-221527,0001177648,ENANTA PHARMACEUTICALS INC  (ENTA)  (CIK 0001177648),ENTA,release_text,2025-09-29,2025-09-29T06:51:36,acceptance_time,2025-09-29,zelicapavir,2b,Respiratory Syncytial Virus,RSVHR,,21377923,2025-08-13,https://www.sec.gov/Archives/edgar/data/1177648/000119312525221527/d16388d8k.htm
0001193125-25-221538,0001374690,"Larimar Therapeutics, Inc.  (LRMR)  (CIK 0001374690)",LRMR,release_text,2025-09-29,2025-09-29T07:00:16,acceptance_time,2025-09-29,nomlabofusp,,Friedreich’s ataxia,,,85590392,2025-08-14,https://www.sec.gov/Archives/edgar/data/1374690/000119312525221538/d24800dex991.htm
0001213900-25-092614,0001821586,MoonLake Immunotherapeutics  (MLTX)  (CIK 0001821586),MLTX,release_text,2025-09-28,2025-09-29T07:15:53,release_date_only,2025-09-29,sonelokimab,3,hidradenitis suppurativa,VELA,NCT03384745;NCT05322473;NCT06411379;NCT06411899;NCT06641076;NCT06641089;NCT06768671,,,https://www.sec.gov/Archives/edgar/data/1821586/000121390025092614/ea025912901ex99-1_moonlake.htm
0001193125-25-223440,0002040807,"Metsera, Inc.  (MTSR)  (CIK 0002040807)",MTSR,release_text,2025-09-29,2025-09-29T17:16:53,acceptance_time,2025-09-30,MET-097i,2b,overweight or obesity,VESPER-1 and VESPER-3,,105055538,2025-07-28,https://www.sec.gov/Archives/edgar/data/2040807/000119312525223440/d943312d8k.htm
0001140361-25-036637,0001228627,"Opus Genetics, Inc.  (IRD)  (CIK 0001228627)",IRD,sec_current,2025-09-30,2025-09-30T07:24:16,acceptance_time,2025-09-30,OPGx-LCA5,1/2,inherited retinal diseases,,,59908055,2025-08-13,https://www.sec.gov/Archives/edgar/data/1228627/000114036125036637/ef20056246_8k.htm
0001213900-25-093930,0001711754,"Inmune Bio, Inc.  (INMB)  (CIK 0001711754)",INMB,release_text,2025-09-29,2025-09-30T16:05:40,release_date_only,2025-09-30,XPro1595,2,Alzheimer’s disease,MINDFuL,,26585258,2025-08-07,https://www.sec.gov/Archives/edgar/data/1711754/000121390025093930/ea0258531-8k_inmune.htm
0001628280-25-044212,0001655759,"ARVINAS, INC.  (ARVN)  (CIK 0001655759)",ARVN,release_text,2025-10-05,2025-10-06T07:37:20,release_date_only,2025-10-06,ARV-102,1,Parkinson’s disease,ARV-102-101 and ARV-102-103,,73417595,2025-08-06,https://www.sec.gov/Archives/edgar/data/1655759/000162828025044212/arvn-20251005.htm
0001724521-25-000107,0001724521,"Arcus Biosciences, Inc.  (RCUS)  (CIK 0001724521)",RCUS,release_text,2025-10-06,2025-10-06T10:02:38,acceptance_time,2025-10-06,casdatifan,1/1b,metastatic clear cell renal cell carcinoma,ARC-20,,106430976,2025-08-06,https://www.sec.gov/Archives/edgar/data/1724521/000172452125000107/rcus-20251006.htm
0001193125-25-230409,0001636651,Ovid Therapeutics Inc.  (OVID)  (CIK 0001636651),OVID,release_text,2025-10-03,2025-10-03T17:09:37,acceptance_time,2025-10-06,OV329,1,drug-resistant epilepsies,,,71109514,2025-08-13,https://www.sec.gov/Archives/edgar/data/1636651/000119312525230409/d45212d8k.htm
0001628280-25-044223,0001516551,"Skye Bioscience, Inc.  (SKYE)  (CIK 0001516551)",SKYE,release_text,2025-10-06,2025-10-06T08:18:06,acceptance_time,2025-10-06,nimacimab,2a,obesity,CBeyond,NCT06577090,30988420,2025-08-07,https://www.sec.gov/Archives/edgar/data/1516551/000162828025044223/a251006_skyexnrxp2topline.htm
0001193125-25-232514,0001907108,"Lexeo Therapeutics, Inc.  (LXEO)  (CIK 0001907108)",LXEO,sec_current,2025-10-07,2025-10-07T06:03:59,acceptance_time,2025-10-07,LX2006,1/2,Friedreich ataxia cardiomyopathy,,,54001214,2025-08-14,https://www.sec.gov/Archives/edgar/data/1907108/000119312525232514/lxeo-20251007.htm
0001493152-25-017208,0001962011,"Kairos Pharma, LTD.  (KAPA)  (CIK 0001962011)",KAPA,release_text,2025-10-07,2025-10-07T08:00:47,acceptance_time,2025-10-07,ENV105 (carotuximab),2,prostate cancer,,NCT05534646,20743765,2025-08-12,https://www.sec.gov/Archives/edgar/data/1962011/000149315225017208/ex99-1.htm
0001104659-25-097153,0001819411,"Gain Therapeutics, Inc.  (GANX)  (CIK 0001819411)",GANX,release_text,2025-10-06,2025-10-06T17:01:14,acceptance_time,2025-10-07,GT-02287,1b,Parkinson’s disease,,,35948606,2025-08-12,https://www.sec.gov/Archives/edgar/data/1819411/000110465925097153/tm2528094d1_8k.htm
0001193125-25-232539,0001720580,"Adicet Bio, Inc.  (ACET)  (CIK 0001720580)",ACET,release_text,2025-10-07,2025-10-07T06:48:42,acceptance_time,2025-10-07,ADI-001,1,Lupus Nephritis and Systemic Lupus Erythematosus,,,83253779,2025-08-07,https://www.sec.gov/Archives/edgar/data/1720580/000119312525232539/acet-20251007.htm
0001437749-25-030719,0001053691,CervoMed Inc.  (CRVO)  (CIK 0001053691),CRVO,release_text,2025-10-08,2025-10-08T16:33:30,acceptance_time,2025-10-09,neflamapimod,2b,dementia with Lewy bodies,RewinD-LB,,9252719,2025-08-08,https://www.sec.gov/Archives/edgar/data/1053691/000143774925030719/crvo20251008_8k.htm
0001193125-25-235533,0001759138,"Cabaletta Bio, Inc.  (CABA)  (CIK 0001759138)",CABA,release_text,2025-10-09,2025-10-09T12:03:05,acceptance_time,2025-10-09,rese-cel,1/2,pemphigus vulgaris,RESET-PV,,91465233,2025-08-07,https://www.sec.gov/Archives/edgar/data/1759138/000119312525235533/caba-ex99_1.htm
0001104659-25-098908,0001346830,"Tvardi Therapeutics, Inc.  (TVRD)  (CIK 0001346830)",TVRD,release_text,2025-10-13,2025-10-14T06:11:33,release_date_only,2025-10-14,TTI-101,2,idiopathic pulmonary fibrosis,REVERT,NCT05440708,9377433,2025-08-14,https://www.sec.gov/Archives/edgar/data/1346830/000110465925098908/tm2528638d1_8k.htm
0001104659-25-099029,0001829635,"Transcode Therapeutics, Inc.  (RNAZ)  (CIK 0001829635)",RNAZ,release_text,2025-10-14,2025-10-14T08:11:31,acceptance_time,2025-10-14,TTX-MC138,1a,metastatic disease,,NCT06260774,833683,2025-08-14,https://www.sec.gov/Archives/edgar/data/1829635/000110465925099029/tm2528668d1_ex99-1.htm
0001193125-25-243558,0001676725,"IDEAYA Biosciences, Inc.  (IDYA)  (CIK 0001676725)",IDYA,release_text,2025-10-17,2025-10-20T16:05:19,release_date_only,2025-10-20,darovasertib and crizotinib,1/2,metastatic uveal melanoma,OptimUM-01,,87643686,2025-08-05,https://www.sec.gov/Archives/edgar/data/1676725/000119312525243558/d42028d8k.htm
0001193125-25-243053,0001673772,"RAPT Therapeutics, Inc.  (RAPT)  (CIK 0001673772)",,missing,2025-10-20,2025-10-20T08:02:29,acceptance_time,2025-10-20,RPT904 (JYB1904),2,Chronic Spontaneous Urticaria,,,16537794,2025-08-07,https://www.sec.gov/Archives/edgar/data/1673772/000119312525243053/rapt-20251020.htm
0001628280-25-045445,0001655759,"ARVINAS, INC.  (ARVN)  (CIK 0001655759)",ARVN,release_text,2025-10-20,2025-10-20T06:06:41,acceptance_time,2025-10-20,vepdegestrant,3,"ESR1 mutated, ER-positive/HER2-negative advanced or metastatic breast cancer",VERITAC-2,,73417595,2025-08-06,https://www.sec.gov/Archives/edgar/data/1655759/000162828025045445/arvn-20251020.htm
0001193125-25-243765,0001750284,"Olema Pharmaceuticals, Inc.  (OLMA)  (CIK 0001750284)",OLMA,release_text,2025-10-18,2025-10-20T17:13:29,release_date_only,2025-10-20,palazestrant,1b/2,ER+/HER2- metastatic breast cancer,,,68634329,2025-08-11,https://www.sec.gov/Archives/edgar/data/1750284/000119312525243765/olma-20251018.htm
0001104659-25-100537,0001526119,"Verastem, Inc.  (VSTM)  (CIK 0001526119)",VSTM,release_text,2025-10-19,2025-10-20T06:01:00,release_date_only,2025-10-20,GFH375 (VS-7375),1/2,advanced KRAS G12D mutant pancreatic ductal adenocarcinoma,,,61545270,2025-08-07,https://www.sec.gov/Archives/edgar/data/1526119/000110465925100537/tm2529024d1_8k.htm
0001104659-25-100646,0001509745,"LEAP THERAPEUTICS, INC.  (LPTX)  (CIK 0001509745)",LPTX,release_text,2025-10-20,2025-10-20T08:49:15,acceptance_time,2025-10-20,sirexatamab,2,microsatellite stable (MSS) colorectal cancer (CRC),DeFianCe,NCT05480306,41439529,2025-08-14,https://www.sec.gov/Archives/edgar/data/1509745/000110465925100646/tm2529085d1_ex99-1.htm
0001193125-25-243046,0001595097,"Corbus Pharmaceuticals Holdings, Inc.  (CRBP)  (CIK 0001595097)",CRBP,release_text,2025-10-18,2025-10-20T07:53:43,release_date_only,2025-10-20,CRB-701 (SYS6002),1/2,"head and neck squamous cell carcinoma, cervical cancer and locally advanced/metastatic urothelial tumors",,NCT06265727,12255225,2025-08-05,https://www.sec.gov/Archives/edgar/data/1595097/000119312525243046/crbp-ex99_1.htm
0001213900-25-100371,0001191070,Neuphoria Therapeutics Inc.  (NEUP)  (CIK 0001191070),NEUP,release_text,2025-10-20,2025-10-20T16:15:43,acceptance_time,2025-10-21,BNC210,3,social anxiety disorder,AFFIRM-1,,2357613,2025-09-29,https://www.sec.gov/Archives/edgar/data/1191070/000121390025100371/ea0261841-8k_neuphoria.htm
0001193125-25-246226,0001808158,Repare Therapeutics Inc.  (RPTX)  (CIK 0001808158),RPTX,release_text,2025-10-22,2025-10-22T12:01:29,acceptance_time,2025-10-22,RP-1664,1,advanced solid tumors,LIONS,,42959172,2025-08-08,https://www.sec.gov/Archives/edgar/data/1808158/000119312525246226/rptx-20251022.htm
0001193805-25-001499,0001768224,Arcturus Therapeutics Holdings Inc.  (ARCT)  (CIK 0001768224),ARCT,release_text,2025-10-22,2025-10-22T07:50:46,acceptance_time,2025-10-22,ARCT-032,2,cystic fibrosis,LUNAR-CF,,27154529,2025-08-11,https://www.sec.gov/Archives/edgar/data/1768224/000119380525001499/e664913_8k-arct.htm
0001193125-25-245404,0001831363,"Terns Pharmaceuticals, Inc.  (TERN)  (CIK 0001831363)",TERN,release_text,2025-10-21,2025-10-21T17:40:22,acceptance_time,2025-10-22,TERN-601,2,obesity,,,87511048,2025-08-05,https://www.sec.gov/Archives/edgar/data/1831363/000119312525245404/d14463dex991.htm
0001193125-25-245102,0001653087,"Alector, Inc.  (ALEC)  (CIK 0001653087)",ALEC,release_text,2025-10-21,2025-10-21T16:08:27,acceptance_time,2025-10-22,latozinemab,3,frontotemporal dementia due to a GRN mutation,INFRONT-3,NCT04374136;NCT06111014,101212329,2025-08-07,https://www.sec.gov/Archives/edgar/data/1653087/000119312525245102/alec-ex99_1.htm
0001104659-25-101447,0000921114,"Armata Pharmaceuticals, Inc.  (ARMP)  (CIK 0000921114)",ARMP,release_text,2025-10-22,2025-10-22T11:15:43,acceptance_time,2025-10-22,AP-SA02,2a,Staphylococcus aureus bacteremia,diSArm,NCT05184764,36229842,2025-08-12,https://www.sec.gov/Archives/edgar/data/921114/000110465925101447/tm2529060d1_8k.htm
0001193125-25-246808,0001851194,"Ventyx Biosciences, Inc.  (VTYX)  (CIK 0001851194)",VTYX,release_text,2025-10-22,2025-10-22T16:19:05,acceptance_time,2025-10-23,VTX3232,2,Obesity and Cardiovascular Risk Factors,,,71308518,2025-08-07,https://www.sec.gov/Archives/edgar/data/1851194/000119312525246808/d98315d8k.htm
0001104659-25-101817,0001526119,"Verastem, Inc.  (VSTM)  (CIK 0001526119)",VSTM,release_text,2025-10-23,2025-10-23T16:02:05,acceptance_time,2025-10-24,VS-7375,1/2a,KRAS G12D mutant solid tumors,VS-7375-101,,61545270,2025-08-07,https://www.sec.gov/Archives/edgar/data/1526119/000110465925101817/tm2529362d1_8k.htm
0002007919-25-000089,0002007919,"Inhibrx Biosciences, Inc.  (INBX)  (CIK 0002007919)",INBX,release_text,2025-10-23,2025-10-23T16:05:56,acceptance_time,2025-10-24,ozekibart (INBRX-109),,chondrosarcoma,ChonDRAgon,,14485421,2025-08-13,https://www.sec.gov/Archives/edgar/data/2007919/000200791925000089/exhibit991-pressreleaseoct.htm
0001326732-25-000082,0001326732,Xencor Inc  (XNCR)  (CIK 0001326732),XNCR,release_text,2025-10-24,2025-10-24T13:57:11,acceptance_time,2025-10-24,XmAb819,1,clear cell renal cell carcinoma,,,71323046,2025-08-06,https://www.sec.gov/Archives/edgar/data/1326732/000132673225000082/xncr-20251024xexx992.htm
0001193125-25-250674,0001434316,FATE THERAPEUTICS INC  (FATE)  (CIK 0001434316),FATE,release_text,2025-10-26,2025-10-27T07:00:13,release_date_only,2025-10-27,FT819,1,systemic lupus erythematosus,,NCT06308978,115329697,2025-08-12,https://www.sec.gov/Archives/edgar/data/1434316/000119312525250674/d36426dex991.htm
0001104659-25-102317,0001953926,"Zenas BioPharma, Inc.  (ZBIO)  (CIK 0001953926)",ZBIO,release_text,2025-10-27,2025-10-27T07:19:24,acceptance_time,2025-10-27,obexelimab,2,Relapsing Multiple Sclerosis,MoonStone,,42110313,2025-08-12,https://www.sec.gov/Archives/edgar/data/1953926/000110465925102317/tm2529508d1_8k.htm
0001193125-25-252200,0001341235,"Aldeyra Therapeutics, Inc.  (ALDX)  (CIK 0001341235)",ALDX,release_text,2025-10-28,2025-10-28T07:00:28,acceptance_time,2025-10-28,ADX-629,2,alcohol-associated hepatitis,,,59895588,2025-08-07,https://www.sec.gov/Archives/edgar/data/1341235/000119312525252200/aldx-20251028.htm
0001140361-25-039463,0001743881,"BridgeBio Pharma, Inc.  (BBIO)  (CIK 0001743881)",BBIO,release_text,2025-10-27,2025-10-27T16:11:32,acceptance_time,2025-10-28,BBP-418,3,limb-girdle muscular dystrophy type 2I/R9,FORTIFY,,191168504,2025-08-05,https://www.sec.gov/Archives/edgar/data/1743881/000114036125039463/ef20057750_ex99-1.htm
0001193125-25-253636,0001817229,Vor Biopharma Inc.  (VOR)  (CIK 0001817229),VOR,sec_current,2025-10-28,2025-10-28T16:37:05,acceptance_time,2025-10-29,telitacicept,3,Primary Sjögren’s Disease,,,126683111,2025-08-12,https://www.sec.gov/Archives/edgar/data/1817229/000119312525253636/vor-ex99_1.htm
0001140361-25-039656,0001472091,PDS Biotechnology Corp  (PDSB)  (CIK 0001472091),PDSB,release_text,2025-10-29,2025-10-29T08:45:37,acceptance_time,2025-10-29,PDS0101,3,HPV16-positive Head and Neck Cancer,VERSATILE-003,NCT04260126,46633362,2025-08-13,https://www.sec.gov/Archives/edgar/data/1472091/000114036125039656/ef20057871_ex99-1.htm
0001193125-25-254571,0001994702,"Kyverna Therapeutics, Inc.  (KYTX)  (CIK 0001994702)",KYTX,release_text,2025-10-29,2025-10-29T06:32:20,acceptance_time,2025-10-29,KYV-101,2,generalized myasthenia gravis,KYSA-6,,43245667,2025-08-12,https://www.sec.gov/Archives/edgar/data/1994702/000119312525254571/d80007d8k.htm
0001193125-25-256682,0001631574,Wave Life Sciences Ltd.  (WVE)  (CIK 0001631574),WVE,release_text,2025-10-29,2025-10-29T17:22:21,acceptance_time,2025-10-30,WVE-007,,obesity,INLIGHT,,159140460,2025-07-30,https://www.sec.gov/Archives/edgar/data/1631574/000119312525256682/d95356dex991.htm
0001140361-25-039705,0001743881,"BridgeBio Pharma, Inc.  (BBIO)  (CIK 0001743881)",BBIO,release_text,2025-10-29,2025-10-29T16:09:02,acceptance_time,2025-10-30,encaleret,3,Autosomal Dominant Hypocalcemia Type 1,CALIBRATE,,192708813,2025-10-29,https://www.sec.gov/Archives/edgar/data/1743881/000114036125039705/ef20057894_8k.htm
0001193125-25-261665,0001808898,Benitec Biopharma Inc.  (BNTC)  (CIK 0001808898),BNTC,release_text,2025-11-03,2025-11-03T07:11:20,acceptance_time,2025-11-03,BB-301,1b/2a,OPMD with dysphagia,,,26250469,2025-09-22,https://www.sec.gov/Archives/edgar/data/1808898/000119312525261665/bntc-20251102.htm
0001193125-25-261798,0001831363,"Terns Pharmaceuticals, Inc.  (TERN)  (CIK 0001831363)",TERN,release_text,2025-11-03,2025-11-03T09:13:48,acceptance_time,2025-11-03,TERN-701,1,chronic myeloid leukemia (CML),CARDINAL,NCT06163430,87511048,2025-08-05,https://www.sec.gov/Archives/edgar/data/1831363/000119312525261798/d78407dex991.htm
0001619856-25-000065,0001619856,"Caribou Biosciences, Inc.  (CRBU)  (CIK 0001619856)",CRBU,sec_current,2025-11-03,2025-11-03T07:02:57,acceptance_time,2025-11-03,CB-011,1,relapsed or refractory multiple myeloma,CaMMouflage,NCT04637763;NCT05722418,93123239,2025-08-12,https://www.sec.gov/Archives/edgar/data/1619856/000161985625000065/crbu-20251103.htm
0001193125-25-261799,0001789972,"Cullinan Therapeutics, Inc.  (CGEM)  (CIK 0001789972)",CGEM,release_text,2025-11-03,2025-11-03T09:14:11,acceptance_time,2025-11-03,CLN-049,1,relapsed/refractory (r/r) acute myeloid leukemia (AML) and myelodysplastic syndrome (MDS),,NCT05143996,59074391,2025-08-07,https://www.sec.gov/Archives/edgar/data/1789972/000119312525261799/cgem-20251103.htm
0001193125-25-264748,0001774857,"Aardvark Therapeutics, Inc.  (AARD)  (CIK 0001774857)",AARD,release_text,2025-11-04,2025-11-04T16:19:58,acceptance_time,2025-11-05,ARD-201,2,metabolic obesity,POWER,,21696893,2025-08-13,https://www.sec.gov/Archives/edgar/data/1774857/000119312525264748/ck0001774857-ex99_3.htm
0001193125-25-267934,0001650648,"4D Molecular Therapeutics, Inc.  (FDMT)  (CIK 0001650648)",FDMT,release_text,2025-11-06,2025-11-06T06:02:14,acceptance_time,2025-11-06,4D-150,1/2,wet age-related macular degeneration,PRISM,,49778127,2024-02-29,https://www.sec.gov/Archives/edgar/data/1650648/000119312525267934/d280681d8k.htm
0001193125-25-268331,0001831828,"Vera Therapeutics, Inc.  (VERA)  (CIK 0001831828)",VERA,sec_current,2025-11-06,2025-11-06T09:59:49,acceptance_time,2025-11-06,Atacicept,,IgAN,,,63928066,2025-11-05,https://www.sec.gov/Archives/edgar/data/1831828/000119312525268331/d30094d8k.htm
0001193125-25-270286,0001404281,"Eledon Pharmaceuticals, Inc.  (ELDN)  (CIK 0001404281)",ELDN,release_text,2025-11-06,2025-11-06T18:44:31,acceptance_time,2025-11-07,tegoprubart,2,kidney transplant rejection,BESTOW,NCT05027906;NCT06126380,59881775,2025-08-14,https://www.sec.gov/Archives/edgar/data/1404281/000119312525270286/eldn-20251106.htm
0001193125-25-271189,0001840233,"Xilio Therapeutics, Inc.  (XLO)  (CIK 0001840233)",XLO,release_text,2025-11-07,2025-11-07T09:05:24,acceptance_time,2025-11-07,vilastobart,2,microsatellite stable (MSS) metastatic colorectal cancer (mCRC),,NCT04896697,51827910,2025-08-14,https://www.sec.gov/Archives/edgar/data/1840233/000119312525271189/xlo-ex99_1.htm
0001193125-25-273315,0001622229,"Cogent Biosciences, Inc.  (COGT)  (CIK 0001622229)",COGT,sec_current,2025-11-10,2025-11-10T08:01:19,acceptance_time,2025-11-10,bezuclastinib + sunitinib,,Gastrointestinal Stromal Tumors,Peak Trial,NCT06948955,142376529,2025-11-07,https://www.sec.gov/Archives/edgar/data/1622229/000119312525273315/d54064d8k.htm
0001493152-25-021418,0001855485,"Calidi Biotherapeutics, Inc.  (CLDI, CLDWW)  (CIK 0001855485)",CLDI,release_text,2025-11-10,2025-11-10T08:30:53,acceptance_time,2025-11-10,CLD-401,,"non-small cell lung cancer, head and neck cancer",,,3426406,2025-08-08,https://www.sec.gov/Archives/edgar/data/1855485/000149315225021418/ex99-3.htm
0001193125-25-273269,0001806952,"Lyell Immunopharma, Inc.  (LYEL)  (CIK 0001806952)",LYEL,release_text,2025-11-10,2025-11-10T07:32:53,acceptance_time,2025-11-10,LYL273,1,metastatic colorectal cancer,,,19211202,2025-08-12,https://www.sec.gov/Archives/edgar/data/1806952/000119312525273269/d57756dex991.htm
0001437749-25-033948,0001645469,Monopar Therapeutics  (MNPR)  (CIK 0001645469),MNPR,release_text,2025-11-09,2025-11-10T08:00:55,release_date_only,2025-11-10,ALXN1840,2,Wilson disease,ALXN1840-WD-204,,6169961.0,2025-08-12,https://www.sec.gov/Archives/edgar/data/1645469/000143774925033948/ex_885508.htm
0001370053-25-000091,0001370053,"ANAPTYSBIO, INC  (ANAB)  (CIK 0001370053)",ANAB,release_text,2025-11-10,2025-11-10T09:10:20,acceptance_time,2025-11-10,rosnilimab,2,moderate-to-severe ulcerative colitis,,,27688470,2025-11-04,https://www.sec.gov/Archives/edgar/data/1370053/000137005325000091/anaptysannouncesphase2tria.htm
0001140361-25-041275,0001133416,GALECTIN THERAPEUTICS INC  (GALT)  (CIK 0001133416),GALT,release_text,2025-11-10,2025-11-10T07:56:04,acceptance_time,2025-11-10,belapectin,2b,compensated MASH cirrhosis and portal hypertension,NAVIGATE,NCT04365868,64060262,2025-08-14,https://www.sec.gov/Archives/edgar/data/1133416/000114036125041275/ny20058530x1_ex99-1.htm
0001213900-25-107821,0000906709,NEKTAR THERAPEUTICS  (NKTR)  (CIK 0000906709),NKTR,release_text,2025-11-08,2025-11-10T06:31:01,release_date_only,2025-11-10,rezpegaldesleukin,2b,moderate-to-severe atopic dermatitis,REZOLVE-AD,NCT06136741,20341589,2025-11-07,https://www.sec.gov/Archives/edgar/data/906709/000121390025107821/ea026473601ex99-1_nektar.htm
0001193125-25-273321,0000899460,MANNKIND CORP  (MNKD)  (CIK 0000899460),MNKD,release_text,2025-11-10,2025-11-10T08:05:14,acceptance_time,2025-11-10,MNKD-101,3,refractory nontuberculous mycobacterial lung disease,ICoN-1 Study,,307070281,2025-11-05,https://www.sec.gov/Archives/edgar/data/899460/000119312525273321/d25083d8k.htm
0001140361-25-041225,0000874015,IONIS PHARMACEUTICALS INC  (IONS)  (CIK 0000874015),IONS,release_text,2025-11-08,2025-11-10T06:04:26,release_date_only,2025-11-10,olezarsen,3,severe hypertriglyceridemia,CORE and CORE2,NCT05079919;NCT05552326,161974393,2025-10-29,https://www.sec.gov/Archives/edgar/data/874015/000114036125041225/ef20058520_8k.htm
0001628280-25-051168,0001357874,PRECISION BIOSCIENCES INC  (DTIL)  (CIK 0001357874),DTIL,release_text,2025-11-10,2025-11-10T17:20:10,acceptance_time,2025-11-11,PBGENE-HBV,1,chronic Hepatitis B,ELIMINATE-B,,13256751,2025-11-03,https://www.sec.gov/Archives/edgar/data/1357874/000162828025051168/a20251108precision_aasldxd.htm
0001193125-25-276161,0001520262,Alkermes plc.  (ALKS)  (CIK 0001520262),ALKS,release_text,2025-11-12,2025-11-12T08:45:28,acceptance_time,2025-11-12,alixorexton,2,narcolepsy type 2,Vibrance-2,NCT06555783;NCT06843590,165117509,2025-10-28,https://www.sec.gov/Archives/edgar/data/1520262/000119312525276161/alks-20251112.htm
0001193125-25-275902,0001817241,"Artiva Biotherapeutics, Inc.  (ARTV)  (CIK 0001817241)",ARTV,release_text,2025-11-12,2025-11-12T07:22:26,acceptance_time,2025-11-12,AlloNK,1 and 2,"refractory rheumatoid arthritis, Sjögren’s disease, idiopathic inflammatory myopathies, systemic sclerosis, and systemic lupus erythematosus/lupus nephritis",,,24425762,2025-08-06,https://www.sec.gov/Archives/edgar/data/1817241/000119312525275902/artv-ex99_1.htm
0001829126-25-009076,0001979414,"NEONC TECHNOLOGIES HOLDINGS, INC.  (NTHI)  (CIK 0001979414)",NTHI,sec_current,2025-11-12,2025-11-12T17:06:36,acceptance_time,2025-11-13,NEO100,2a,recurrent IDH1-mutated high-grade gliomas,NEO100-01,,19159118,2025-08-18,https://www.sec.gov/Archives/edgar/data/1979414/000182912625009076/neonctechnologies_ex99-3.htm
0001453687-25-000123,0001453687,"Cartesian Therapeutics, Inc.  (RNAC)  (CIK 0001453687)",RNAC,release_text,2025-11-13,2025-11-13T16:08:56,acceptance_time,2025-11-14,Descartes-08,2,systemic lupus erythematosus,,,26003606,2025-11-06,https://www.sec.gov/Archives/edgar/data/1453687/000145368725000123/pressrelease11132025.htm
0001193125-25-283873,0001937653,Zymeworks Inc.  (ZYME)  (CIK 0001937653),ZYME,release_text,2025-11-17,2025-11-17T06:13:29,acceptance_time,2025-11-17,Ziihera (zanidatamab-hrii),3,HER2-positive locally advanced or metastatic gastroesophageal adenocarcinoma,HERIZON-GEA-01,,74836534,2025-11-06,https://www.sec.gov/Archives/edgar/data/1937653/000119312525283873/d17392d8k.htm
0001193125-25-283887,0001232524,Jazz Pharmaceuticals plc  (JAZZ)  (CIK 0001232524),JAZZ,release_text,2025-11-17,2025-11-17T06:28:37,acceptance_time,2025-11-17,Ziihera (zanidatamab-hrii),3,HER2-positive locally advanced or metastatic gastroesophageal adenocarcinoma,HERIZON-GEA-01,NCT05152147,60765116,2025-11-05,https://www.sec.gov/Archives/edgar/data/1232524/000119312525283887/d827060d8k.htm
0001193125-25-283893,0001861560,"Nuvalent, Inc.  (NUVL)  (CIK 0001861560)",,missing,2025-11-17,2025-11-17T06:36:32,acceptance_time,2025-11-17,neladalkib,1/2,advanced ALK-positive non-small cell lung cancer,ALKOVE-1,,3129384,2021-09-08,https://www.sec.gov/Archives/edgar/data/1861560/000119312525283893/d23395d8k.htm
0001437749-25-035860,0001855175,"Contineum Therapeutics, Inc.  (CTNM)  (CIK 0001855175)",CTNM,release_text,2025-11-20,2025-11-20T16:07:30,acceptance_time,2025-11-21,PIPE-307,2,relapsing-remitting multiple sclerosis,VISTA,,23099173,2025-10-30,https://www.sec.gov/Archives/edgar/data/1855175/000143774925035860/ctnm20251117_8k.htm
0001213900-25-114763,0001841330,"Pasithea Therapeutics Corp.  (KTTA, KTTAW)  (CIK 0001841330)",KTTA,release_text,2025-11-20,2025-11-25T16:15:29,release_date_only,2025-11-21,PAS-004,1,advanced solid tumors,,NCT06299839;NCT06961565,7443577,2025-11-13,https://www.sec.gov/Archives/edgar/data/1841330/000121390025114763/ea026660601ex99-1_pasithea.htm
0001193125-25-308154,0001501756,"Adverum Biotechnologies, Inc.  (ADVM)  (CIK 0001501756)",,missing,2025-12-01,2025-12-04T16:36:21,release_date_only,2025-12-02,Ixo-vec,2,nAMD,LUNA,,22077467,2025-11-12,https://www.sec.gov/Archives/edgar/data/1501756/000119312525308154/d66011dex991.htm
0001213900-25-116943,0001788028,"Jasper Therapeutics, Inc.  (JSPR, JSPRW)  (CIK 0001788028)",JSPR,release_text,2025-12-02,2025-12-02T07:06:37,acceptance_time,2025-12-02,briquilimab,1b,allergic asthma,ETESIAN,,27984039,2025-11-10,https://www.sec.gov/Archives/edgar/data/1788028/000121390025116943/ea0268071-8k_jasper.htm
0001437749-25-037025,0001053691,CervoMed Inc.  (CRVO)  (CIK 0001053691),CRVO,release_text,2025-12-02,2025-12-05T16:05:42,release_date_only,2025-12-03,neflamapimod,2b,dementia with Lewy bodies,RewinD-LB,,9252719,2025-11-07,https://www.sec.gov/Archives/edgar/data/1053691/000143774925037025/crvo20251205_8k.htm
0001104659-25-117975,0001701541,"Black Diamond Therapeutics, Inc.  (BDTX)  (CIK 0001701541)",BDTX,release_text,2025-12-03,2025-12-03T08:20:44,acceptance_time,2025-12-03,silevertinib,2,frontline (1L) non-small cell lung cancer (NSCLC),,,56974913,2025-11-06,https://www.sec.gov/Archives/edgar/data/1701541/000110465925117975/tm2532577d1_8k.htm
0001104659-25-117697,0001211583,FENNEC PHARMACEUTICALS INC.  (FENC)  (CIK 0001211583),FENC,release_text,2025-12-02,2025-12-02T16:02:26,acceptance_time,2025-12-03,PEDMARK,2/3,cisplatin-induced ototoxicity,STS-J01,,28116829,2025-11-13,https://www.sec.gov/Archives/edgar/data/1211583/000110465925117697/tm2532518d1_8k.htm
0001104659-25-117947,0001133869,"CAPRICOR THERAPEUTICS, INC.  (CAPR)  (CIK 0001133869)",CAPR,release_text,2025-12-03,2025-12-03T07:21:12,acceptance_time,2025-12-03,Deramiocel,3,Duchenne muscular dystrophy,HOPE-3,NCT05126758,45718475,2025-11-10,https://www.sec.gov/Archives/edgar/data/1133869/000110465925117947/capr-20251203x8k.htm
0001213900-25-117577,0001359931,"Protara Therapeutics, Inc.  (TARA)  (CIK 0001359931)",TARA,sec_current,2025-12-03,2025-12-03T08:08:52,acceptance_time,2025-12-03,TARA-002,,BCG-Naïve NMIBC,ADVANCED-2,NCT05951179,38587260,2025-11-10,https://www.sec.gov/Archives/edgar/data/1359931/000121390025117577/ea0268248-8k_protara.htm
0001213900-25-118097,0001844417,"Estrella Immunopharma, Inc.  (ESLA, ESLAW)  (CIK 0001844417)",ESLA,release_text,2025-12-04,2025-12-04T09:21:19,acceptance_time,2025-12-04,EB103,1,relapsed/refractory (R/R) B-cell non-Hodgkin's lymphoma (NHL),STARLIGHT-1,NCT06343311,37765589,2025-11-12,https://www.sec.gov/Archives/edgar/data/1844417/000121390025118097/ea026849601ex99-1_estrella.htm
0001193125-25-310516,0001818794,"Dyne Therapeutics, Inc.  (DYN)  (CIK 0001818794)",DYN,release_text,2025-12-08,2025-12-08T06:36:58,acceptance_time,2025-12-08,z-rostudirsen,1/2,Duchenne muscular dystrophy,DELIVER,,142824687,2025-11-05,https://www.sec.gov/Archives/edgar/data/1818794/000119312525310516/d16518d8k.htm
0001549595-25-000121,0001549595,"Nurix Therapeutics, Inc.  (NRIX)  (CIK 0001549595)",NRIX,release_text,2025-12-06,2025-12-09T06:05:19,release_date_only,2025-12-08,bexobrutideg (NX-5948),1a/1b,relapsed or refractory chronic lymphocytic leukemia (CLL) and small lymphocytic lymphoma (SLL),NX-5948-301,NCT05131022;NCT07221500,76883436,2025-10-09,https://www.sec.gov/Archives/edgar/data/1549595/000154959525000121/ash2025investorpresentat.htm
0001104659-25-119095,0001888886,Structure Therapeutics Inc.  (GPCR)  (CIK 0001888886),GPCR,release_text,2025-12-08,2025-12-08T08:47:01,acceptance_time,2025-12-08,aleniglipron,2b,obesity and/or overweight,ACCESS,,182032920,2025-11-06,https://www.sec.gov/Archives/edgar/data/1888886/000110465925119095/tm2532078d2_8k.htm
0001493152-25-026500,0001873835,"Immix Biopharma, Inc.  (IMMX)  (CIK 0001873835)",IMMX,release_text,2025-12-07,2025-12-08T06:15:37,release_date_only,2025-12-08,NXC-201,2,relapsed/refractory AL Amyloidosis,NEXICART-2,NCT06097832,33577873,2025-11-07,https://www.sec.gov/Archives/edgar/data/1873835/000149315225026500/ex99-1.htm
0001824293-25-000160,0001824293,"GRI Bio, Inc.  (GRI)  (CIK 0001824293)",GRI,release_text,,2025-12-08T08:00:31,acceptance_time,2025-12-08,GRI-0621,2a,Idiopathic Pulmonary Fibrosis,GRI-0621-IPF-02,,3268727,2025-11-14,https://www.sec.gov/Archives/edgar/data/1824293/000182429325000160/val-20251208.htm
0001193125-25-310572,0001815442,"Kymera Therapeutics, Inc.  (KYMR)  (CIK 0001815442)",KYMR,release_text,2025-12-08,2025-12-08T07:17:49,acceptance_time,2025-12-08,KT-621,1b,atopic dermatitis,BroADen,,71949027,2025-11-04,https://www.sec.gov/Archives/edgar/data/1815442/000119312525310572/d69739d8k.htm
0001601830-25-000174,0001601830,"RECURSION PHARMACEUTICALS, INC.  (RXRX)  (CIK 0001601830)",RXRX,release_text,2025-12-08,2025-12-08T07:31:44,acceptance_time,2025-12-08,REC-4881,1b/2,Familial Adenomatous Polyposis,TUPELO,,168320745,2021-05-12,https://www.sec.gov/Archives/edgar/data/1601830/000160183025000174/exhibit991-fappr.htm
0001193125-25-311276,0001786205,"Arcellx, Inc.  (ACLX)  (CIK 0001786205)",ACLX,release_text,2025-12-06,2025-12-08T16:25:54,release_date_only,2025-12-08,anitocabtagene autoleucel,2,relapsed and/or refractory multiple myeloma,iMMagine-1,,57822871,2025-11-05,https://www.sec.gov/Archives/edgar/data/1786205/000119312525311276/d89813d8k.htm
0001689548-25-000114,0001689548,"Praxis Precision Medicines, Inc.  (PRAX)  (CIK 0001689548)",PRAX,sec_current,2025-12-06,2025-12-08T16:18:09,release_date_only,2025-12-08,relutrigine,,SCN2A and SCN8A developmental and epileptic encephalopathies,EMBOLD,,25007171,2025-11-05,https://www.sec.gov/Archives/edgar/data/1689548/000168954825000114/prax-20251204.htm
0001193125-25-310509,0001680581,"Fulcrum Therapeutics, Inc.  (FULC)  (CIK 0001680581)",FULC,release_text,2025-12-06,2025-12-08T06:32:47,release_date_only,2025-12-08,pociredir,1b,sickle cell disease,PIONEER,NCT05169580,54118438,2025-10-29,https://www.sec.gov/Archives/edgar/data/1680581/000119312525310509/fulc-20251208.htm
0001193125-25-310595,0001631574,Wave Life Sciences Ltd.  (WVE)  (CIK 0001631574),WVE,release_text,2025-12-08,2025-12-08T07:37:55,acceptance_time,2025-12-08,WVE-007,1,obesity,INLIGHT,,167181784,2025-11-10,https://www.sec.gov/Archives/edgar/data/1631574/000119312525310595/d20484d8k.htm
0001171843-25-007795,0000882361,Aptose Biosciences Inc.  (APTOF)  (CIK 0000882361),APTO,release_text,2025-12-06,2025-12-08T07:15:26,release_date_only,2025-12-08,tuspetinib,,AML,TUSCANY,,2552429,2025-11-13,https://www.sec.gov/Archives/edgar/data/882361/000117184325007795/exh_991.htm
0001193125-25-310764,0001789972,"Cullinan Therapeutics, Inc.  (CGEM)  (CIK 0001789972)",CGEM,release_text,2025-12-08,2025-12-08T10:34:15,acceptance_time,2025-12-08,CLN-049,1,relapsed/refractory acute myeloid leukemia and myelodysplastic syndrome,,NCT05143996,59076259,2025-11-06,https://www.sec.gov/Archives/edgar/data/1789972/000119312525310764/cgem-20251208.htm
0001628280-25-055953,0001854270,"Senti Biosciences, Inc.  (SNTI)  (CIK 0001854270)",SNTI,release_text,2025-12-09,2025-12-09T07:04:36,acceptance_time,2025-12-09,SENTI-202,1,relapsed or refractory Acute Myeloid Leukemia (R/R AML),,NCT06325748,26290838,2025-11-13,https://www.sec.gov/Archives/edgar/data/1854270/000162828025055953/ex991snti2025ashdata202512.htm
0001193125-25-312972,0001671584,Aptevo Therapeutics Inc.  (APVO)  (CIK 0001671584),APVO,release_text,2025-12-09,2025-12-09T17:23:00,acceptance_time,2025-12-10,mipletamig,1b/2,acute myeloid leukemia (AML),RAINIER,,16850494,2025-11-06,https://www.sec.gov/Archives/edgar/data/1671584/000119312525312972/apvo-ex99_1.htm
0001828185-25-000075,0001828185,Barinthus Biotherapeutics plc.  (BRNS)  (CIK 0001828185),BRNS,release_text,2025-12-10,2025-12-10T08:05:05,acceptance_time,2025-12-10,VTP-1000,1,celiac disease,AVALON,NCT06310291,40830353,2025-11-07,https://www.sec.gov/Archives/edgar/data/1828185/000182818525000075/brns-20251210xexx991.htm
0001104659-25-120141,0001649904,"RHYTHM PHARMACEUTICALS, INC.  (RYTM)  (CIK 0001649904)",RYTM,release_text,2025-12-11,2025-12-11T07:50:13,acceptance_time,2025-12-11,setmelanotide,2,Prader-Willi syndrome,,,66736056,2025-11-04,https://www.sec.gov/Archives/edgar/data/1649904/000110465925120141/rytm-20251211xex99d1.htm
0001193125-25-315951,0001858848,"Tenaya Therapeutics, Inc.  (TNYA)  (CIK 0001858848)",TNYA,release_text,2025-12-11,2025-12-11T16:11:50,acceptance_time,2025-12-12,TN-401,1b/2,arrhythmogenic right ventricular cardiomyopathy,RIDGE-1,NCT06228924,166505885,2025-11-10,https://www.sec.gov/Archives/edgar/data/1858848/000119312525315951/d68368d8k.htm
0001493152-25-027321,0000715446,Anixa Biosciences Inc  (ANIX)  (CIK 0000715446),ANIX,release_text,2025-12-11,2025-12-11T18:34:20,acceptance_time,2025-12-12,breast cancer vaccine,1,breast cancer,,NCT04674306,32916915,2025-09-10,https://www.sec.gov/Archives/edgar/data/715446/000149315225027321/ex99-1.htm
0001724521-25-000120,0001724521,"Arcus Biosciences, Inc.  (RCUS)  (CIK 0001724521)",RCUS,release_text,2025-12-12,2025-12-12T08:34:23,acceptance_time,2025-12-12,domvanalimab plus zimberelimab,3,advanced gastric and esophageal cancers,STAR-221,,107973536,2025-10-28,https://www.sec.gov/Archives/edgar/data/1724521/000172452125000120/rcus-20251212.htm
0001193125-25-318429,0001472012,Immunome Inc.  (IMNM)  (CIK 0001472012),IMNM,release_text,2025-12-15,2025-12-15T07:05:25,acceptance_time,2025-12-15,varegacestat,3,desmoid tumors,RINGSIDE,NCT04871282,91710277,2025-11-06,https://www.sec.gov/Archives/edgar/data/1472012/000119312525318429/d793961d8k.htm
0001193125-25-318377,0001994702,"Kyverna Therapeutics, Inc.  (KYTX)  (CIK 0001994702)",KYTX,release_text,2025-12-15,2025-12-15T06:30:11,acceptance_time,2025-12-15,mivocabtagene autoleucel,2,stiff person syndrome,KYSA-8,,43796170,2025-11-12,https://www.sec.gov/Archives/edgar/data/1994702/000119312525318377/d285116d8k.htm
0001193125-25-319981,0001826457,"Monte Rosa Therapeutics, Inc.  (GLUE)  (CIK 0001826457)",GLUE,release_text,2025-12-16,2025-12-16T07:30:38,acceptance_time,2025-12-16,MRT-2359,1/2,metastatic castration-resistant prostate cancer,,NCT05546268;NCT07119125,65117761,2025-11-06,https://www.sec.gov/Archives/edgar/data/1826457/000119312525319981/glue-20251216.htm
0001193125-25-320009,0000906709,NEKTAR THERAPEUTICS  (NKTR)  (CIK 0000906709),NKTR,release_text,2025-12-16,2025-12-16T08:00:21,acceptance_time,2025-12-16,rezpegaldesleukin,2b,alopecia areata,REZOLVE-AA,NCT06340360,20341589,2025-11-07,https://www.sec.gov/Archives/edgar/data/906709/000119312525320009/d24251d8k.htm
0001193125-25-320901,0001613780,"DBV Technologies S.A.  (DBVT, DBVTF)  (CIK 0001613780)",DBVT,release_text,2025-12-16,2025-12-16T16:21:29,acceptance_time,2025-12-17,VIASKIN Peanut,3,peanut allergy,VITESSE,NCT05741476,169113619,2025-10-28,https://www.sec.gov/Archives/edgar/data/1613780/000119312525320901/d28682d8k.htm
0001104659-25-121749,0001130598,"Traws Pharma, Inc.  (TRAW)  (CIK 0001130598)",TRAW,release_text,2025-12-17,2025-12-17T06:00:56,acceptance_time,2025-12-17,ratutrelvir,2,mild-to-moderate COVID-19,,,7990867,2025-11-13,https://www.sec.gov/Archives/edgar/data/1130598/000110465925121749/tm2533729d1_8k.htm
0001437749-25-038079,0001659617,"Moleculin Biotech, Inc.  (MBRX)  (CIK 0001659617)",MBRX,release_text,2025-12-17,2025-12-17T08:30:12,acceptance_time,2025-12-17,WP1066,1,pediatric recurrent malignant brain tumors,,NCT04334863,50910476,2025-11-13,https://www.sec.gov/Archives/edgar/data/1659617/000143774925038079/ex_899730.htm
0001140361-25-045836,0001104506,INSMED Inc  (INSM)  (CIK 0001104506),INSM,release_text,2025-12-17,2025-12-17T16:02:43,acceptance_time,2025-12-18,brensocatib,2b,chronic rhinosinusitis without nasal polyps (CRSsNP),BiRCh,,213273469,2025-10-30,https://www.sec.gov/Archives/edgar/data/1104506/000114036125045836/ef20061465_8k.htm
0001193125-25-322950,0001754068,"Kalaris Therapeutics, Inc.  (KLRS)  (CIK 0001754068)",KLRS,release_text,2025-12-17,2025-12-17T17:19:38,acceptance_time,2025-12-18,TH103,1a,neovascular age-related macular degeneration (nAMD),,,18702418,2025-11-12,https://www.sec.gov/Archives/edgar/data/1754068/000119312525322950/d25416d8k.htm
0001193125-25-323704,0001782223,"Pyxis Oncology, Inc.  (PYXS)  (CIK 0001782223)",PYXS,release_text,2025-12-18,2025-12-18T07:25:28,acceptance_time,2025-12-18,micvotabart pelidotin (MICVO),1,recurrent/metastatic head and neck squamous cell carcinoma (R/M HNSCC),,,62264215,2025-11-03,https://www.sec.gov/Archives/edgar/data/1782223/000119312525323704/pyxs-20251218.htm
0001104659-25-122353,0001819411,"Gain Therapeutics, Inc.  (GANX)  (CIK 0001819411)",GANX,release_text,2025-12-18,2025-12-18T09:00:45,acceptance_time,2025-12-18,GT-02287,1b,Parkinson’s Disease,,,36097536,2025-11-12,https://www.sec.gov/Archives/edgar/data/1819411/000110465925122353/tm2533810d1_8k.htm
0001628280-25-058594,0001411685,"Vistagen Therapeutics, Inc.  (VTGN)  (CIK 0001411685)",VTGN,release_text,2025-12-17,2025-12-22T17:29:13,release_date_only,2025-12-18,fasedienol,3,social anxiety disorder,PALISADE-3,,39495451,2025-11-13,https://www.sec.gov/Archives/edgar/data/1411685/000162828025058594/vtgn-20251217.htm
0001104659-25-122724,0001326190,"Altimmune, Inc.  (ALT)  (CIK 0001326190)",ALT,release_text,2025-12-19,2025-12-19T06:30:43,acceptance_time,2025-12-19,pemvidutide,2b,metabolic dysfunction-associated steatohepatitis,IMPACT,NCT05989711,104254173,2025-11-06,https://www.sec.gov/Archives/edgar/data/1326190/000110465925122724/tm2533869d1_8k.htm
0001193125-25-332520,0001719714,Mereo BioPharma Group plc  (MREO)  (CIK 0001719714),MREO,release_text,2025-12-29,2025-12-29T08:54:12,acceptance_time,2025-12-29,setrusumab (UX143),3,Osteogenesis Imperfecta,ORBIT and COSMIC,,795658504,2025-11-10,https://www.sec.gov/Archives/edgar/data/1719714/000119312525332520/mreo-20251229.htm
0001193125-25-332422,0001515673,Ultragenyx Pharmaceutical Inc.  (RARE)  (CIK 0001515673),RARE,release_text,2025-12-29,2025-12-29T08:45:24,acceptance_time,2025-12-29,setrusumab (UX143),3,Osteogenesis Imperfecta,Orbit and Cosmic,,96477569,2025-11-05,https://www.sec.gov/Archives/edgar/data/1515673/000119312525332422/rare-20251229.htm
0001493152-26-000270,0001231457,GENELUX Corp  (GNLX)  (CIK 0001231457),GNLX,release_text,2026-01-05,2026-01-05T08:15:29,acceptance_time,2026-01-05,Olvi-Vec,1b/2,small cell lung cancer and non-small cell lung cancer,OLVI-VEC-SCLC-202 and VIRO-25,NCT06463665;NCT07136285,38051771,2025-11-05,https://www.sec.gov/Archives/edgar/data/1231457/000149315226000270/ex99-1.htm
0001104659-26-000432,0001638287,MetaVia Inc.  (MTVA)  (CIK 0001638287),MTVA,release_text,2026-01-05,2026-01-05T08:32:38,acceptance_time,2026-01-05,DA-1726,1b,obesity,,NCT06252220,24214788,2025-11-06,https://www.sec.gov/Archives/edgar/data/1638287/000110465926000432/tm2528002d7_8k.htm
0001193125-26-001472,0001885522,"Neumora Therapeutics, Inc.  (NMRA)  (CIK 0001885522)",NMRA,release_text,2026-01-05,2026-01-05T06:44:27,acceptance_time,2026-01-05,NMRA-511,1b,Alzheimer’s disease agitation,,,167089114,2025-11-06,https://www.sec.gov/Archives/edgar/data/1885522/000119312526001472/d33765d8k.htm
0001104659-26-000402,0001953926,"Zenas BioPharma, Inc.  (ZBIO)  (CIK 0001953926)",ZBIO,release_text,2026-01-05,2026-01-05T07:16:12,acceptance_time,2026-01-05,obexelimab,3,Immunoglobulin G4-Related Disease,INDIGO,NCT05662241,53679166,2025-11-12,https://www.sec.gov/Archives/edgar/data/1953926/000110465926000402/tm261774d1_8k.htm
0001193125-26-002368,0001658247,"Crinetics Pharmaceuticals, Inc.  (CRNX)  (CIK 0001658247)",CRNX,release_text,2026-01-05,2026-01-05T16:01:16,acceptance_time,2026-01-06,atumelnant,2,congenital adrenal hyperplasia,TouCAHn,NCT07144163,94891840,2025-11-06,https://www.sec.gov/Archives/edgar/data/1658247/000119312526002368/d86003d8k.htm
0001104659-26-001076,0001557746,"Aclaris Therapeutics, Inc.  (ACRS)  (CIK 0001557746)",ACRS,release_text,2026-01-06,2026-01-06T07:15:11,acceptance_time,2026-01-06,ATI-052,1a,immuno-inflammatory diseases,,,108345239,2025-11-06,https://www.sec.gov/Archives/edgar/data/1557746/000110465926001076/acrs-20260106x8k.htm
0001104659-26-001073,0001847367,ALUMIS INC.  (ALMS)  (CIK 0001847367),ALMS,release_text,2026-01-06,2026-01-06T07:12:41,acceptance_time,2026-01-06,envudeucitinib,3,moderate-to-severe plaque psoriasis,ONWARD1 and ONWARD2,NCT06586112;NCT06588738,,,https://www.sec.gov/Archives/edgar/data/1847367/000110465926001073/tm262035d1_ex99-1.htm
0001104659-26-001063,0001974640,"Apogee Therapeutics, Inc.  (APGE)  (CIK 0001974640)",APGE,release_text,2026-01-06,2026-01-06T07:00:45,acceptance_time,2026-01-06,zumilokibart (APG777),1b,mild-to-moderate asthma,,,59315738,2025-11-10,https://www.sec.gov/Archives/edgar/data/1974640/000110465926001063/tm261950d1_8k.htm
0001193125-26-005420,0001826457,"Monte Rosa Therapeutics, Inc.  (GLUE)  (CIK 0001826457)",GLUE,release_text,2026-01-07,2026-01-07T07:06:15,acceptance_time,2026-01-07,MRT-8102,1,elevated cardiovascular disease (CVD) risk,GFORCE-1,NCT07119125,65117761,2025-11-06,https://www.sec.gov/Archives/edgar/data/1826457/000119312526005420/glue-20260107.htm
0001193125-26-005425,0001869105,"BridgeBio Oncology Therapeutics, Inc.  (BBOT)  (CIK 0001869105)",BBOT,release_text,2026-01-07,2026-01-07T07:09:49,acceptance_time,2026-01-07,"BBO-8520, BBO-11818, BBO-10203",,RAS-pathway malignancies,,NCT06343402;NCT06625775;NCT06917079,79988687,2025-11-12,https://www.sec.gov/Archives/edgar/data/1869105/000119312526005425/d941846d8k.htm
0001140361-26-000435,0000874015,IONIS PHARMACEUTICALS INC  (IONS)  (CIK 0000874015),IONS,release_text,2026-01-07,2026-01-07T06:02:27,acceptance_time,2026-01-07,bepirovirsen,3,chronic hepatitis B,B-Well 1 and B-Well 2,NCT05630807;NCT05630820,161974393,2025-10-29,https://www.sec.gov/Archives/edgar/data/874015/000114036126000435/ef20062477_8k.htm
0000879407-26-000004,0000879407,"ARROWHEAD PHARMACEUTICALS, INC.  (ARWR)  (CIK 0000879407)",ARWR,release_text,2026-01-06,2026-01-06T16:05:43,acceptance_time,2026-01-07,ARO-INHBE and ARO-ALK7,1/2a,obesity,,NCT06700538;NCT06937203,135809558,2025-11-25,https://www.sec.gov/Archives/edgar/data/879407/000087940726000004/aro-inhbeandaroxalk72025.htm
0001193125-26-007007,0001781174,"Acrivon Therapeutics, Inc.  (ACRV)  (CIK 0001781174)",ACRV,release_text,2026-01-08,2026-01-08T07:30:25,acceptance_time,2026-01-08,"ACR-368, ACR-2316","2b, 1",endometrial cancer,,,31555126,2025-11-13,https://www.sec.gov/Archives/edgar/data/1781174/000119312526007007/acrv-20260108.htm
0001193125-26-007042,0001835022,"Coya Therapeutics, Inc.  (COYA)  (CIK 0001835022)",COYA,release_text,2026-01-08,2026-01-08T08:10:31,acceptance_time,2026-01-08,low-dose IL-2 and CTLA4-Ig,,Frontotemporal Dementia,,,20924456,2025-11-12,https://www.sec.gov/Archives/edgar/data/1835022/000119312526007042/d39008d8k.htm
0001711279-26-000005,0001711279,"Krystal Biotech, Inc.  (KRYS)  (CIK 0001711279)",KRYS,release_text,2026-01-08,2026-01-08T16:35:06,acceptance_time,2026-01-09,KB407,1,cystic fibrosis,CORAL-1,NCT05504837,28997519,2025-11-03,https://www.sec.gov/Archives/edgar/data/1711279/000171127926000005/a10806kb407dataannouncemen.htm
0001193125-26-010091,0001907108,"Lexeo Therapeutics, Inc.  (LXEO)  (CIK 0001907108)",LXEO,release_text,2026-01-12,2026-01-12T11:45:40,acceptance_time,2026-01-12,LX2020,1/2,PKP2-associated arrhythmogenic cardiomyopathy,HEROIC-PKP2,NCT06109181,72987327,2025-11-05,https://www.sec.gov/Archives/edgar/data/1907108/000119312526010091/lxeo-20260112.htm
0001683168-26-000217,0001652935,"ACTUATE THERAPEUTICS, INC.  (ACTU)  (CIK 0001652935)",ACTU,release_text,2026-01-12,2026-01-12T16:00:25,acceptance_time,2026-01-13,elraglusib,2,metastatic pancreatic cancer,Actuate 1801-Part 3B,NCT03678883,23243328,2025-11-13,https://www.sec.gov/Archives/edgar/data/1652935/000168316826000217/actuate_ex9901.htm
0001437749-26-001140,0001659617,"Moleculin Biotech, Inc.  (MBRX)  (CIK 0001659617)",MBRX,release_text,2026-01-13,2026-01-13T08:55:12,acceptance_time,2026-01-13,Annamycin,,acute myeloid leukemia (AML) and soft tissue sarcoma (STS),,,50910476,2025-11-13,https://www.sec.gov/Archives/edgar/data/1659617/000143774926001140/ex_906272.htm
0001104659-26-003900,0001372299,"Ocugen, Inc.  (OCGN)  (CIK 0001372299)",OCGN,release_text,2026-01-15,2026-01-15T08:31:02,acceptance_time,2026-01-15,OCU410,2,geographic atrophy (GA) secondary to dry age-related macular degeneration (dAMD),ArMaDa,,312320112,2025-11-05,https://www.sec.gov/Archives/edgar/data/1372299/000110465926003900/tm263269d1_8k.htm
0001104659-26-004795,0001626971,"Corvus Pharmaceuticals, Inc.  (CRVS)  (CIK 0001626971)",CRVS,release_text,2026-01-20,2026-01-20T07:13:09,acceptance_time,2026-01-20,soquelitinib,1,atopic dermatitis,,NCT06561048,74681872,2025-11-04,https://www.sec.gov/Archives/edgar/data/1626971/000110465926004795/tm263501d4_8k.htm
0000885590-26-000008,0000885590,Bausch Health Companies Inc.  (BHC)  (CIK 0000885590),BHC,release_text,2026-01-23,2026-01-23T16:06:26,acceptance_time,2026-01-26,amorphous-rifaximin solid soluble dispersion (SSD),3,hepatic encephalopathy (HE),RED-C,,370516926,2025-10-30,https://www.sec.gov/Archives/edgar/data/885590/000088559026000008/ex991red-cresultspressrele.htm
0001193125-26-024375,0001213037,"Cardiff Oncology, Inc.  (CRDF)  (CIK 0001213037)",CRDF,release_text,2026-01-27,2026-01-27T16:01:24,acceptance_time,2026-01-28,onvansertib,2,first-line (1L) RAS-mutated metastatic colorectal cancer (mCRC),CRDF-004,NCT06106308,67360564,2025-11-06,https://www.sec.gov/Archives/edgar/data/1213037/000119312526024375/crdf-ex99_2.htm
0001193125-26-025649,0001534133,"CalciMedica, Inc.  (CALC)  (CIK 0001534133)",CALC,release_text,2026-01-28,2026-01-28T07:06:11,acceptance_time,2026-01-28,Auxora,2,Stage 2 or Stage 3 acute kidney injury (AKI) with associated acute hypoxemic respiratory failure (AHRF),KOURAGE,NCT04345614;NCT04681066,13972177,2025-08-12,https://www.sec.gov/Archives/edgar/data/1534133/000119312526025649/d55769d8k.htm
0001193125-26-029524,0001662774,"Quince Therapeutics, Inc.  (QNCX)  (CIK 0001662774)",QNCX,release_text,2026-01-29,2026-01-29T16:40:03,acceptance_time,2026-01-30,dexamethasone sodium phosphate encapsulated in autologous erythrocytes (eDSP),3,Ataxia-Telangiectasia,NEAT,NCT06193200;NCT06664853,55681490,2025-11-12,https://www.sec.gov/Archives/edgar/data/1662774/000119312526029524/d61547dex991.htm
0001104659-26-008925,0001400118,Sagimet Biosciences Inc.  (SGMT)  (CIK 0001400118),SGMT,release_text,2026-02-02,2026-02-02T07:05:54,acceptance_time,2026-02-02,ASC40 (denifanstat),3,moderate to severe acne vulgaris,ASC40-304,NCT06192264;NCT06248008,30674855,2024-11-14,https://www.sec.gov/Archives/edgar/data/1400118/000110465926008925/tm264534d1_8k.htm
0001193125-26-034474,0001515673,Ultragenyx Pharmaceutical Inc.  (RARE)  (CIK 0001515673),RARE,release_text,2026-02-03,2026-02-03T08:15:25,acceptance_time,2026-02-03,UX111,,Sanfilippo syndrome type A,,,96477569,2025-11-05,https://www.sec.gov/Archives/edgar/data/1515673/000119312526034474/rare-20260203.htm
0001001233-26-000005,0001001233,"SANGAMO THERAPEUTICS, INC  (SGMO)  (CIK 0001001233)",SGMO,release_text,2026-02-03,2026-02-03T16:07:22,acceptance_time,2026-02-04,isaralgagene civaparvovec,1/2,Fabry disease,STAAR,,336494489,2025-11-06,https://www.sec.gov/Archives/edgar/data/1001233/000100123326000005/sgmo-20260203.htm
0001493152-26-005208,0000946644,AIM ImmunoTech Inc.  (AIM)  (CIK 0000946644),AIM,release_text,2026-02-05,2026-02-05T08:40:53,acceptance_time,2026-02-05,Ampligen,2,metastatic pancreatic cancer,DURIPANC,NCT05927142,2853114,2025-11-17,https://www.sec.gov/Archives/edgar/data/946644/000149315226005208/ex99-3.htm
0001193125-26-039399,0001683553,"SPRUCE BIOSCIENCES, INC.  (SPRB)  (CIK 0001683553)",SPRB,release_text,2026-02-05,2026-02-05T16:11:53,acceptance_time,2026-02-06,tralesinidase alfa,,Sanfilippo Syndrome Type B,,,1070370,2025-11-10,https://www.sec.gov/Archives/edgar/data/1683553/000119312526039399/sprb-20260205.htm
0001493152-26-005717,0001858685,"Biofrontera Inc.  (BFRI, BFRIW)  (CIK 0001858685)",BFRI,release_text,2026-02-09,2026-02-09T09:20:43,acceptance_time,2026-02-09,Ameluz,3,actinic keratoses,,,11648323,2025-11-12,https://www.sec.gov/Archives/edgar/data/1858685/000149315226005717/ex99-1.htm
0001193125-26-043771,0002044725,"Evommune, Inc.  (EVMN)  (CIK 0002044725)",EVMN,release_text,2026-02-10,2026-02-10T08:28:34,acceptance_time,2026-02-10,EVO301,2a,moderate-to-severe atopic dermatitis,,,31524093,2025-12-11,https://www.sec.gov/Archives/edgar/data/2044725/000119312526043771/evmn-20260210.htm
0001493152-26-006081,0001445815,"BIOXYTRAN, INC  (BIXT)  (CIK 0001445815)",BIXT,release_text,2026-02-11,2026-02-11T06:04:17,acceptance_time,2026-02-11,ProLectin-M,2,acute viral infection,,,99103873,2025-11-14,https://www.sec.gov/Archives/edgar/data/1445815/000149315226006081/ex99-1.htm
0001193125-26-045500,0002022626,"Upstream Bio, Inc.  (UPB)  (CIK 0002022626)",UPB,release_text,2026-02-11,2026-02-11T06:38:51,acceptance_time,2026-02-11,verekitug,2,severe asthma,VALIANT,NCT06164704;NCT06196879;NCT06966479;NCT06981078,54038591,2025-11-05,https://www.sec.gov/Archives/edgar/data/2022626/000119312526045500/d44802d8k.htm
0001140361-26-004995,0001743881,"BridgeBio Pharma, Inc.  (BBIO)  (CIK 0001743881)",BBIO,release_text,2026-02-12,2026-02-12T16:05:57,acceptance_time,2026-02-13,infigratinib,3,achondroplasia,PROPEL 3,NCT06410976;NCT06873035;NCT07169279,192708813,2025-10-29,https://www.sec.gov/Archives/edgar/data/1743881/000114036126004995/ef20065539_8k.htm
0001437749-26-004455,0001659617,"Moleculin Biotech, Inc.  (MBRX)  (CIK 0001659617)",MBRX,release_text,2026-02-18,2026-02-18T08:20:16,acceptance_time,2026-02-18,Annamycin,2B/3,acute myeloid leukemia,MIRACLE,NCT06788756,50910476,2025-11-13,https://www.sec.gov/Archives/edgar/data/1659617/000143774926004455/ex_921084.htm
0001104659-26-016797,0001781983,"Aprea Therapeutics, Inc.  (APRE)  (CIK 0001781983)",APRE,release_text,2026-02-18,2026-02-18T08:30:38,acceptance_time,2026-02-18,APR-1051,1,advanced solid tumors,ACESOT-1051,NCT06260514,6310673,2025-11-12,https://www.sec.gov/Archives/edgar/data/1781983/000110465926016797/tm266669d1_ex99-1.htm
0001213900-26-018396,0001711754,"Inmune Bio, Inc.  (INMB)  (CIK 0001711754)",INMB,release_text,2026-02-19,2026-02-19T16:00:25,acceptance_time,2026-02-20,CORDStrom,3,recessive dystrophic epidermolysis bullosa,MissionEB,,26585258,2025-10-30,https://www.sec.gov/Archives/edgar/data/1711754/000121390026018396/ea027766302ex99-1_inmune.htm
0001628280-26-009808,0002023658,Bicara Therapeutics Inc.  (BCAX)  (CIK 0002023658),BCAX,release_text,2026-02-19,2026-02-19T16:32:45,acceptance_time,2026-02-20,ficerafusp alfa,1b,head and neck squamous cell carcinoma,,,54781950,2025-11-10,https://www.sec.gov/Archives/edgar/data/2023658/000162828026009808/bicara2000mgmhncspressrele.htm
0001104659-26-018128,0001211583,FENNEC PHARMACEUTICALS INC.  (FENC)  (CIK 0001211583),FENC,release_text,2026-02-20,2026-02-20T16:02:24,acceptance_time,2026-02-23,PEDMARK,,head and neck cancers,,,28116829,2025-11-13,https://www.sec.gov/Archives/edgar/data/1211583/000110465926018128/fencf-20260220xex99d1.htm
0001728117-26-000004,0001728117,"Gossamer Bio, Inc.  (GOSS)  (CIK 0001728117)",GOSS,release_text,2026-02-23,2026-02-23T08:30:24,acceptance_time,2026-02-23,seralutinib,3,pulmonary arterial hypertension,PROSERA,,231456247,2025-11-05,https://www.sec.gov/Archives/edgar/data/1728117/000172811726000004/goss-20260223.htm
0001193125-26-065159,0001583648,"PALVELLA THERAPEUTICS, INC.  (PVLA)  (CIK 0001583648)",PVLA,release_text,2026-02-24,2026-02-24T06:30:26,acceptance_time,2026-02-24,QTORIN™ 3.9% rapamycin anhydrous gel,3,microcystic lymphatic malformations,SELVA,,11836490,2025-11-12,https://www.sec.gov/Archives/edgar/data/1583648/000119312526065159/pvla-20260224.htm
0001213900-26-019606,0001937993,"Cadrenal Therapeutics, Inc.  (CVKD)  (CIK 0001937993)",CVKD,release_text,2026-02-24,2026-02-24T08:35:37,acceptance_time,2026-02-24,CAD-1005,2,heparin-induced thrombocytopenia,,,2075845,2025-11-10,https://www.sec.gov/Archives/edgar/data/1937993/000121390026019606/ea0278072-8k_cadrenal.htm
0001193125-26-068614,0001544227,"Tempest Therapeutics, Inc.  (TPST)  (CIK 0001544227)",TPST,release_text,2026-02-25,2026-02-25T08:09:00,acceptance_time,2026-02-25,TPST-2003,1/2a,relapsed/refractory multiple myeloma,REDEEM-1,NCT04714827;NCT06223646;NCT06518876,4440161,2025-11-05,https://www.sec.gov/Archives/edgar/data/1544227/000119312526068614/d22967dex991.htm
0001140361-26-006880,0002081043,AtaiBeckley Inc.  (CIK 0002081043),ATAI,release_text,2026-02-26,2026-02-26T07:50:46,acceptance_time,2026-02-26,EMP-01,2a,Social Anxiety Disorder,,NCT06693609,,,https://www.sec.gov/Archives/edgar/data/2081043/000114036126006880/ef20066456_8k.htm
0001104659-26-021869,0001082554,UNITED THERAPEUTICS Corp  (UTHR)  (CIK 0001082554),UTHR,release_text,2026-03-02,2026-03-02T06:32:18,acceptance_time,2026-03-02,ralinepag,3,pulmonary arterial hypertension,ADVANCE OUTCOMES,,43827686,2026-02-25,https://www.sec.gov/Archives/edgar/data/1082554/000110465926021869/tm267696d1_8k.htm
0001104659-26-021801,0001649904,"RHYTHM PHARMACEUTICALS, INC.  (RYTM)  (CIK 0001649904)",RYTM,release_text,2026-03-01,2026-03-02T06:01:48,release_date_only,2026-03-02,setmelanotide,3,acquired hypothalamic obesity,TRANSCEND,,68285039,2026-02-26,https://www.sec.gov/Archives/edgar/data/1649904/000110465926021801/tm267699d1_8k.htm
0001193125-26-084142,0001984086,"Septerna, Inc.  (SEPN)  (CIK 0001984086)",SEPN,release_text,2026-03-01,2026-03-02T07:00:43,release_date_only,2026-03-02,SEP-631,1,mast cell-driven diseases,,,44774192,2025-11-10,https://www.sec.gov/Archives/edgar/data/1984086/000119312526084142/d44190d8k.htm
0001437749-26-006481,0000925741,"BioCardia, Inc.  (BCDA)  (CIK 0000925741)",BCDA,release_text,2026-03-03,2026-03-03T08:01:30,acceptance_time,2026-03-03,CardiAMP cell therapy,3,ischemic heart failure of reduced ejection fraction,CardiAMP HF,,10612734,2025-11-12,https://www.sec.gov/Archives/edgar/data/925741/000143774926006481/ex_927698.htm
0001104659-26-022572,0001583107,"Theravance Biopharma, Inc.  (TBPH)  (CIK 0001583107)",TBPH,release_text,2026-03-03,2026-03-03T08:35:05,acceptance_time,2026-03-03,ampreloxetine,3,symptomatic neurogenic orthostatic hypotension,CYPRESS,NCT05696717,50672431,2025-11-12,https://www.sec.gov/Archives/edgar/data/1583107/000110465926022572/tm267846d1_ex99-1.htm
0001213900-26-023439,0001506251,"Citius Pharmaceuticals, Inc.  (CTXR)  (CIK 0001506251)",CTOR,release_text,2026-03-04,2026-03-04T09:25:21,acceptance_time,2026-03-04,LYMPHIR,1,high-risk relapsed or refractory diffuse large B-cell lymphoma,,NCT04855253,22376427,2026-02-13,https://www.sec.gov/Archives/edgar/data/1506251/000121390026023439/ea027742201ex99-1_citius.htm
0001213900-26-023440,0001851484,"CITIUS ONCOLOGY, INC.  (CTOR)  (CIK 0001851484)",CTOR,release_text,2026-03-04,2026-03-04T09:25:21,acceptance_time,2026-03-04,LYMPHIR (E7777),1,diffuse large B-cell lymphoma,,NCT04855253,88275204,2026-02-13,https://www.sec.gov/Archives/edgar/data/1851484/000121390026023440/ea027742301ex99-1_citius.htm
0001829126-26-002020,0001979414,"NEONC TECHNOLOGIES HOLDINGS, INC.  (NTHI)  (CIK 0001979414)",NTHI,release_text,2026-03-04,2026-03-06T17:01:00,release_date_only,2026-03-05,NEO212,1,CNS cancers,NEO212-01,,19474303,2025-11-14,https://www.sec.gov/Archives/edgar/data/1979414/000182912626002020/neonctechnologies_ex99-1.htm
0001193125-26-097577,0001582313,Xenon Pharmaceuticals Inc.  (XENE)  (CIK 0001582313),XENE,release_text,2026-03-09,2026-03-09T07:36:58,acceptance_time,2026-03-09,azetukalner,3,focal onset seizures,X-TOLE2,NCT05614063,83190316,2026-02-26,https://www.sec.gov/Archives/edgar/data/1582313/000119312526097577/d107087d8k.htm
0001213900-26-024918,0001553643,"RELMADA THERAPEUTICS, INC.  (RLMD)  (CIK 0001553643)",RLMD,release_text,2026-03-09,2026-03-09T07:11:01,acceptance_time,2026-03-09,NDV-01,2,non-muscle invasive bladder cancer,,NCT06663137,73333622,2025-11-13,https://www.sec.gov/Archives/edgar/data/1553643/000121390026024918/ea0280436-8k_relmada.htm
0001933414-26-000048,0001933414,"Mineralys Therapeutics, Inc.  (MLYS)  (CIK 0001933414)",MLYS,release_text,2026-03-09,2026-03-09T16:36:20,acceptance_time,2026-03-10,lorundrostat,2,hypertension,Explore-OSA,NCT05769608;NCT06153693;NCT06785454,79139956,2025-11-10,https://www.sec.gov/Archives/edgar/data/1933414/000193341426000048/mlys-20260306.htm
0001193125-26-099376,0001833214,"SAB Biotherapeutics, Inc.  (SABS, SABSW)  (CIK 0001833214)",SABS,release_text,2026-03-10,2026-03-10T07:35:30,acceptance_time,2026-03-10,SAB-142,1,type 1 diabetes,HUMAN,NCT07187531,50951037,2026-03-09,https://www.sec.gov/Archives/edgar/data/1833214/000119312526099376/sabs-ex99_1.htm
0001213900-26-025464,0001851484,"CITIUS ONCOLOGY, INC.  (CTOR)  (CIK 0001851484)",CTOR,release_text,2026-03-10,2026-03-10T09:11:34,acceptance_time,2026-03-10,LYMPHIR™,1,relapsed or refractory gynecologic cancers,NCT05200559,NCT05200559,88275204,2026-02-13,https://www.sec.gov/Archives/edgar/data/1851484/000121390026025464/ea0280663-8k_citius.htm
0001193125-26-100539,0001671584,Aptevo Therapeutics Inc.  (APVO)  (CIK 0001671584),APVO,release_text,2026-03-10,2026-03-10T17:59:12,acceptance_time,2026-03-11,mipletamig,,acute myeloid leukemia,RAINIER,,16850494,2025-11-06,https://www.sec.gov/Archives/edgar/data/1671584/000119312526100539/apvo-20260310.htm
0001193125-26-103167,0001515673,Ultragenyx Pharmaceutical Inc.  (RARE)  (CIK 0001515673),RARE,release_text,2026-03-12,2026-03-12T08:45:25,acceptance_time,2026-03-12,DTX301,3,ornithine transcarbamylase deficiency,Enh3ance,,96629788,2026-02-18,https://www.sec.gov/Archives/edgar/data/1515673/000119312526103167/rare-20260312.htm
0001193125-26-102489,0001707502,Solid Biosciences Inc.  (SLDB)  (CIK 0001707502),SLDB,release_text,2026-03-11,2026-03-11T17:34:28,acceptance_time,2026-03-12,SGT-003,1/2,Duchenne muscular dystrophy,INSPIRE DUCHENNE,,77910239,2025-11-03,https://www.sec.gov/Archives/edgar/data/1707502/000119312526102489/sldb-20260311.htm
0001193125-26-107312,0001812364,"Relay Therapeutics, Inc.  (RLAY)  (CIK 0001812364)",RLAY,release_text,2026-03-16,2026-03-16T08:30:08,acceptance_time,2026-03-16,zovegalisib (RLY-2608),1/2,"PI3Kα-mutated, HR+/HER2- metastatic breast cancer",ReDiscover,NCT06982521,178725809,2026-02-26,https://www.sec.gov/Archives/edgar/data/1812364/000119312526107312/rlay-20260316.htm
0001104659-26-028023,0001888886,Structure Therapeutics Inc.  (GPCR)  (CIK 0001888886),GPCR,release_text,2026-03-16,2026-03-16T08:01:08,acceptance_time,2026-03-16,aleniglipron,2,obesity and/or overweight,ACCESS II,,212525437,2026-02-26,https://www.sec.gov/Archives/edgar/data/1888886/000110465926028023/tm268880d1_8k.htm
0001140361-26-010651,0001104506,INSMED Inc  (INSM)  (CIK 0001104506),INSM,release_text,2026-03-23,2026-03-23T07:00:30,acceptance_time,2026-03-23,ARIKAYCE,3b,Mycobacterium avium complex (MAC) lung infection,ENCORE,,215551896,2026-02-19,https://www.sec.gov/Archives/edgar/data/1104506/000114036126010651/ef20068516_8k.htm
0001104659-26-032950,0001974640,"Apogee Therapeutics, Inc.  (APGE)  (CIK 0001974640)",APGE,release_text,2026-03-23,2026-03-23T06:36:25,acceptance_time,2026-03-23,zumilokibart (APG777),2,moderate-to-severe atopic dermatitis,APEX,,68401349,2026-03-02,https://www.sec.gov/Archives/edgar/data/1974640/000110465926032950/tm269553d1_ex99-1.htm
0001104659-26-033724,0001372299,"Ocugen, Inc.  (OCGN)  (CIK 0001372299)",OCGN,release_text,2026-03-24,2026-03-24T12:02:11,acceptance_time,2026-03-24,OCU410,2,geographic atrophy secondary to dry age-related macular degeneration,ArMaDa,,327897296,2026-03-04,https://www.sec.gov/Archives/edgar/data/1372299/000110465926033724/tm269664d1_ex99-1.htm
0001193125-26-120770,0001503802,Karyopharm Therapeutics Inc.  (KPTI)  (CIK 0001503802),KPTI,release_text,2026-03-24,2026-03-24T08:00:37,acceptance_time,2026-03-24,selinexor,3,myelofibrosis,SENTRY,NCT04562389,18343968,2026-02-13,https://www.sec.gov/Archives/edgar/data/1503802/000119312526120770/d125009d8k.htm
0001193125-26-125092,0001631574,Wave Life Sciences Ltd.  (WVE)  (CIK 0001631574),WVE,release_text,2026-03-26,2026-03-26T07:41:00,acceptance_time,2026-03-26,WVE-007,1,overweight or obesity,INLIGHT,,188254954,2026-02-26,https://www.sec.gov/Archives/edgar/data/1631574/000119312526125092/d17239d8k.htm
0001193125-26-127041,0001468748,Kodiak Sciences Inc.  (KOD)  (CIK 0001468748),KOD,release_text,2026-03-26,2026-03-26T21:56:48,acceptance_time,2026-03-27,Zenkuda,3,diabetic retinopathy,GLOW2,NCT05066230;NCT06270836;NCT06556368,53048428,2025-11-13,https://www.sec.gov/Archives/edgar/data/1468748/000119312526127041/d283186d8k.htm
0001104659-26-036386,0001847367,ALUMIS INC.  (ALMS)  (CIK 0001847367),ALMS,release_text,2026-03-28,2026-03-30T06:06:35,release_date_only,2026-03-30,envudeucitinib,3,plaque psoriasis,ONWARD1 and ONWARD2,NCT06586112;NCT06588738;NCT06846541,,,https://www.sec.gov/Archives/edgar/data/1847367/000110465926036386/tm269978d1_ex99-1.htm
0001104659-26-036445,0001082554,UNITED THERAPEUTICS Corp  (UTHR)  (CIK 0001082554),UTHR,release_text,2026-03-30,2026-03-30T07:00:25,acceptance_time,2026-03-30,nebulized Tyvaso,3,idiopathic pulmonary fibrosis,TETON-1,NCT04708782;NCT04905693,43827686,2026-02-25,https://www.sec.gov/Archives/edgar/data/1082554/000110465926036445/tm2610558d1_8k.htm
0001193125-26-130433,0001590750,"Viridian Therapeutics, Inc.\DE  (VRDN)  (CIK 0001590750)",VRDN,release_text,2026-03-30,2026-03-30T07:50:20,acceptance_time,2026-03-30,elegrobart,3,active thyroid eye disease,REVEAL-1,,102206571,2026-02-26,https://www.sec.gov/Archives/edgar/data/1590750/000119312526130433/d27955d8k.htm
0001835268-26-000006,0001835268,Connect Biopharma Holdings Ltd  (CNTB)  (CIK 0001835268),CNTB,release_text,2026-03-30,2026-03-30T07:06:04,acceptance_time,2026-03-30,rademikibart,1,asthma or COPD,CBP-201-105,,55903513,2025-11-12,https://www.sec.gov/Archives/edgar/data/1835268/000183526826000006/cntb-20260329.htm
0001999371-26-007254,0001430306,Tonix Pharmaceuticals Holding Corp.  (TNXP)  (CIK 0001430306),TNXP,release_text,2026-03-31,2026-03-31T07:05:34,acceptance_time,2026-03-31,TNX-4800,1,Lyme disease,,NCT04863287,13405401,2026-03-12,https://www.sec.gov/Archives/edgar/data/1430306/000199937126007254/ex99-01.htm
0001104659-26-036821,0001781983,"Aprea Therapeutics, Inc.  (APRE)  (CIK 0001781983)",APRE,release_text,2026-03-30,2026-03-30T17:30:52,acceptance_time,2026-03-31,APR-1051,1,biomarker-defined cancers,ACESOT-1051,NCT06260514,11452452,2026-03-16,https://www.sec.gov/Archives/edgar/data/1781983/000110465926036821/tm2610566d1_ex99-2.htm
0001193125-26-131786,0001835597,PepGen Inc.  (PEPG)  (CIK 0001835597),PEPG,release_text,2026-03-30,2026-03-30T17:30:21,acceptance_time,2026-03-31,PGN-EDODM1,2,myotonic dystrophy type 1,FREEDOM2-DM1,,69115292,2026-03-04,https://www.sec.gov/Archives/edgar/data/1835597/000119312526131786/pepg-20260330.htm
0001104659-26-038593,0001999480,"Alto Neuroscience, Inc.  (ANRO)  (CIK 0001999480)",ANRO,release_text,2026-04-01,2026-04-01T16:55:20,acceptance_time,2026-04-02,ALTO-101,2,cognitive impairment associated with schizophrenia,,,31945516,2026-03-16,https://www.sec.gov/Archives/edgar/data/1999480/000110465926038593/tm2610746d1_8k.htm
0001493152-26-014834,0001535955,Lipocine Inc.  (LPCN)  (CIK 0001535955),LPCN,release_text,2026-04-02,2026-04-02T09:35:13,acceptance_time,2026-04-02,LPCN 1154,3,postpartum depression,,NCT06979544,7299687,2026-03-10,https://www.sec.gov/Archives/edgar/data/1535955/000149315226014834/ex99-1.htm
0001140361-26-012885,0001635088,Roivant Sciences Ltd.  (ROIV)  (CIK 0001635088),ROIV,release_text,2026-04-02,2026-04-02T07:00:32,acceptance_time,2026-04-02,batoclimab,3,thyroid eye disease,GO,,715701137,2026-02-06,https://www.sec.gov/Archives/edgar/data/1635088/000114036126012885/ef20069685_8k.htm
0001689548-26-000031,0001689548,"Praxis Precision Medicines, Inc.  (PRAX)  (CIK 0001689548)",PRAX,sec_current,2026-04-06,2026-04-06T16:23:42,acceptance_time,2026-04-07,elsunersen,1/2,SCN2A development and epileptic encephalopathy,EMBRAVE,,27850833,2026-02-19,https://www.sec.gov/Archives/edgar/data/1689548/000168954826000031/prax-20260406.htm
0001140361-26-013659,0001104506,INSMED Inc  (INSM)  (CIK 0001104506),INSM,release_text,2026-04-07,2026-04-07T16:01:21,acceptance_time,2026-04-08,brensocatib,2b,moderate to severe hidradenitis suppurativa,CEDAR,,215551896,2026-02-19,https://www.sec.gov/Archives/edgar/data/1104506/000114036126013659/ef20070042_8k.htm
0001193125-26-151893,0001676725,"IDEAYA Biosciences, Inc.  (IDYA)  (CIK 0001676725)",IDYA,release_text,2026-04-13,2026-04-13T06:05:15,acceptance_time,2026-04-13,darovasertib in combination with crizotinib,2/3,first-line HLA-A*A2:01-negative metastatic uveal melanoma,OptimUM-02,,87814027,2026-02-17,https://www.sec.gov/Archives/edgar/data/1676725/000119312526151893/d114952d8k.htm
0001193125-26-151999,0001737287,"Allogene Therapeutics, Inc.  (ALLO)  (CIK 0001737287)",ALLO,release_text,2026-04-13,2026-04-13T07:45:15,acceptance_time,2026-04-13,cemacabtagene ansegedleucel,2,large B-cell lymphoma,ALPHA3,,243777920,2026-03-12,https://www.sec.gov/Archives/edgar/data/1737287/000119312526151999/d49895d8k.htm
0001193125-26-152039,0001628171,"Revolution Medicines, Inc.  (RVMD, RVMDW)  (CIK 0001628171)",RVMD,release_text,2026-04-13,2026-04-13T08:25:24,acceptance_time,2026-04-13,daraxonrasib,3,metastatic pancreatic ductal adenocarcinoma,RASolute 302,,198173397,2026-02-25,https://www.sec.gov/Archives/edgar/data/1628171/000119312526152039/d69348d8k.htm
0001628280-26-024831,0001636282,"Spyre Therapeutics, Inc.  (SYRE)  (CIK 0001636282)",SYRE,release_text,2026-04-13,2026-04-13T07:46:49,acceptance_time,2026-04-13,SPY001,2,moderate-to-severely active ulcerative colitis,SKYLINE,,78540164,2026-02-19,https://www.sec.gov/Archives/edgar/data/1636282/000162828026024831/exhibit991-8xkdatarelease.htm
0001193125-26-154927,0001799448,"Aligos Therapeutics, Inc.  (ALGS)  (CIK 0001799448)",ALGS,release_text,2026-04-14,2026-04-14T16:17:32,acceptance_time,2026-04-15,pevifoscorvir sodium,2,chronic hepatitis B virus infection,B-SUPREME,NCT04536337;NCT06963710,42608792,2021-08-05,https://www.sec.gov/Archives/edgar/data/1799448/000119312526154927/d107028dex991.htm
0001104659-26-044025,0001735438,MeiraGTx Holdings plc  (MGTX)  (CIK 0001735438),MGTX,release_text,2026-04-16,2026-04-16T07:09:05,acceptance_time,2026-04-16,AAV-hAQP1,1,grade 2/3 late radiation-induced xerostomia,AQUAx,,81446126,2026-03-30,https://www.sec.gov/Archives/edgar/data/1735438/000110465926044025/mgtx-20260416xex99d1.htm
0001437749-26-012751,0001645469,Monopar Therapeutics  (MNPR)  (CIK 0001645469),MNPR,release_text,2026-04-19,2026-04-20T06:22:12,release_date_only,2026-04-20,ALXN1840,3,Wilson disease,FoCus,,6692140.0,2026-04-01,https://www.sec.gov/Archives/edgar/data/1645469/000143774926012751/ex_947617.htm
0001104659-26-045198,0001761612,BICYCLE THERAPEUTICS PLC  (BCYC)  (CIK 0001761612),BCYC,release_text,2026-04-20,2026-04-20T07:06:05,acceptance_time,2026-04-20,nuzefatide pevedotin,1/2,metastatic urothelial cancer,,,30043486,2023-05-04,https://www.sec.gov/Archives/edgar/data/1761612/000110465926045198/tm2612166d1_ex99-1.htm
0002007919-26-000010,0002007919,"Inhibrx Biosciences, Inc.  (INBX)  (CIK 0002007919)",INBX,release_text,2026-04-21,2026-04-21T16:04:25,acceptance_time,2026-04-22,ozekibart (INBRX-109),1/2,colorectal cancer,,,14607036,2026-03-19,https://www.sec.gov/Archives/edgar/data/2007919/000200791926000010/exhibit991-pressreleaseapr.htm
0001193125-26-167078,0002012593,"Rapport Therapeutics, Inc.  (RAPP)  (CIK 0002012593)",RAPP,release_text,2026-04-21,2026-04-21T16:50:43,acceptance_time,2026-04-22,RAP-219,2a,focal onset seizures,,,47792943,2026-03-10,https://www.sec.gov/Archives/edgar/data/2012593/000119312526167078/rapp-ex99_1.htm
0001193125-26-168569,0001833214,"SAB Biotherapeutics, Inc.  (SABS, SABSW)  (CIK 0001833214)",SABS,release_text,2026-04-22,2026-04-22T08:13:57,acceptance_time,2026-04-22,SAB-142,1,type 1 diabetes,HUMAN,NCT07187531,50951037,2026-03-09,https://www.sec.gov/Archives/edgar/data/1833214/000119312526168569/sabs-ex99_1.htm
0001193125-26-167512,0001994702,"Kyverna Therapeutics, Inc.  (KYTX)  (CIK 0001994702)",KYTX,release_text,2026-04-21,2026-04-21T18:45:14,acceptance_time,2026-04-22,miv-cel,2,stiff person syndrome,KYSA-8,,60439893,2026-03-26,https://www.sec.gov/Archives/edgar/data/1994702/000119312526167512/kytx-ex99_1.htm
0001628280-26-027354,0001827635,"Veradermics, Inc  (MANE)  (CIK 0001827635)",MANE,release_text,2026-04-27,2026-04-27T09:10:32,acceptance_time,2026-04-27,VDPHL01,2/3,pattern hair loss,302,,37340290,2026-03-30,https://www.sec.gov/Archives/edgar/data/1827635/000162828026027354/exhibit991-8xk.htm
0001193125-26-179048,0001759425,"Mirum Pharmaceuticals, Inc.  (MIRM)  (CIK 0001759425)",MIRM,release_text,2026-04-27,2026-04-27T08:07:58,acceptance_time,2026-04-27,brelovitug,2b,chronic hepatitis delta virus,AZURE-1,,60341617,2026-02-25,https://www.sec.gov/Archives/edgar/data/1759425/000119312526179048/d116875d8k.htm
0001193125-26-179404,0001812364,"Relay Therapeutics, Inc.  (RLAY)  (CIK 0001812364)",RLAY,release_text,2026-04-27,2026-04-27T09:15:24,acceptance_time,2026-04-27,zovegalisib + atirmociclib,,"PI3Kα-mutated, HR+/HER2- metastatic breast cancer",ReDiscover,,178725809,2026-02-26,https://www.sec.gov/Archives/edgar/data/1812364/000119312526179404/rlay-20260427.htm
0001213900-26-047743,0000907654,"Oruka Therapeutics, Inc.  (ORKA)  (CIK 0000907654)",ORKA,release_text,2026-04-27,2026-04-27T08:00:37,acceptance_time,2026-04-27,ORKA-001,2a,moderate-to-severe plaque psoriasis,EVERLAST-A,,49542691,2026-03-12,https://www.sec.gov/Archives/edgar/data/907654/000121390026047743/ea0287782-8k_oruka.htm
0001213900-26-047748,0001410098,CorMedix Inc.  (CRMD)  (CIK 0001410098),CRMD,release_text,2026-04-27,2026-04-27T08:05:12,acceptance_time,2026-04-27,REZZAYO,3,invasive fungal diseases,ReSPECT,,79050395,2026-03-05,https://www.sec.gov/Archives/edgar/data/1410098/000121390026047748/ea0287640-8k_cormedix.htm
0001193125-26-182137,0001761918,"Erasca, Inc.  (ERAS)  (CIK 0001761918)",ERAS,release_text,2026-04-27,2026-04-27T16:17:23,acceptance_time,2026-04-28,ERAS-0015,1,RAS-mutant solid tumors,AURORAS-1 and JYP0015M101,,310799547,2026-03-12,https://www.sec.gov/Archives/edgar/data/1761918/000119312526182137/d126999d8k.htm
0001104659-26-049787,0000812796,"SOLIGENIX, INC.  (SNGX)  (CIK 0000812796)",SNGX,release_text,2026-04-28,2026-04-28T07:30:13,acceptance_time,2026-04-28,HyBryte™,3,cutaneous T-cell lymphoma,FLASH 2,,10306079,2026-03-31,https://www.sec.gov/Archives/edgar/data/812796/000110465926049787/sngx-20260428x8k.htm
0001193125-26-183710,0001840439,"Biomea Fusion, Inc.  (BMEA)  (CIK 0001840439)",BMEA,sec_current,2026-04-28,2026-04-28T08:30:07,acceptance_time,2026-04-28,Icovamenib,,Type 1 Diabetes,COVALENT-112,NCT06152042,72299440,2026-03-24,https://www.sec.gov/Archives/edgar/data/1840439/000119312526183710/d142809d8k.htm
0001070081-26-000006,0001070081,"PTC THERAPEUTICS, INC.  (PTCT)  (CIK 0001070081)",PTCT,release_text,2026-04-28,2026-04-28T16:29:29,acceptance_time,2026-04-29,votoplam,,Huntington’s disease,PIVOT-HD,,82774730,2026-02-19,https://www.sec.gov/Archives/edgar/data/1070081/000107008126000006/tmb-20260428x8k.htm
0001213900-26-050211,0001795091,OS Therapies Inc  (OSTX)  (CIK 0001795091),OSTX,release_text,2026-04-30,2026-04-30T16:06:12,acceptance_time,2026-05-01,OST-HER2,2b,pulmonary metastatic osteosarcoma,,,39533227,2026-03-31,https://www.sec.gov/Archives/edgar/data/1795091/000121390026050211/ea028858801ex99-1.htm
0001628280-26-028876,0001855175,"Contineum Therapeutics, Inc.  (CTNM)  (CIK 0001855175)",CTNM,release_text,2026-04-30,2026-04-30T16:07:33,acceptance_time,2026-05-01,PIPE-791,1b,chronic osteoarthritis pain or chronic low back pain,,NCT06810245,23099173,2025-10-30,https://www.sec.gov/Archives/edgar/data/1855175/000162828026028876/a8-kpaindataex991.htm
0001193125-26-202389,0001759138,"Cabaletta Bio, Inc.  (CABA)  (CIK 0001759138)",CABA,release_text,,2026-05-04T06:02:39,acceptance_time,2026-05-04,rese-cel,1/2,pemphigus vulgaris,RESET-PV,,111322671,2026-03-23,https://www.sec.gov/Archives/edgar/data/1759138/000119312526202389/d110169d8k.htm
0001193125-26-202609,0001759425,"Mirum Pharmaceuticals, Inc.  (MIRM)  (CIK 0001759425)",MIRM,release_text,2026-05-04,2026-05-04T08:00:06,acceptance_time,2026-05-04,volixibat,2b,primary sclerosing cholangitis,VISTAS,,60341617,2026-02-25,https://www.sec.gov/Archives/edgar/data/1759425/000119312526202609/d150234d8k.htm
0001193125-26-205099,0001590750,"Viridian Therapeutics, Inc.\DE  (VRDN)  (CIK 0001590750)",VRDN,release_text,2026-05-05,2026-05-05T07:56:52,acceptance_time,2026-05-05,elegrobart,3,chronic thyroid eye disease,REVEAL-2,,102206571,2026-02-26,https://www.sec.gov/Archives/edgar/data/1590750/000119312526205099/d20977d8k.htm
0001326732-26-000036,0001326732,Xencor Inc  (XNCR)  (CIK 0001326732),XNCR,release_text,2026-05-05,2026-05-05T08:41:27,acceptance_time,2026-05-05,XmAb942,1,ulcerative colitis,XENITH-UC,NCT05270668;NCT06619990;NCT06863961;NCT06903065;NCT06956235;NCT07133633;NCT07137598;NCT07148414;NCT07176390;NCT07486960,73338642,2026-02-25,https://www.sec.gov/Archives/edgar/data/1326732/000132673226000036/xncr-20260504.htm
0001534120-26-000028,0001534120,"Avalo Therapeutics, Inc.  (AVTX)  (CIK 0001534120)",AVTX,release_text,2026-05-05,2026-05-05T16:01:30,acceptance_time,2026-05-06,abdakibart,2,moderate to severe hidradenitis suppurativa,LOTUS,NCT06603077,22788452,2026-03-23,https://www.sec.gov/Archives/edgar/data/1534120/000153412026000028/avtx-20260505.htm
0001193125-26-208958,0001671584,Aptevo Therapeutics Inc.  (APVO)  (CIK 0001671584),APVO,release_text,2026-05-06,2026-05-06T16:08:30,acceptance_time,2026-05-07,mipletamig,1b,acute myeloid leukemia,RAINIER,,1181725,2026-03-26,https://www.sec.gov/Archives/edgar/data/1671584/000119312526208958/apvo-ex99_1.htm
0001689375-26-000027,0001689375,"Entrada Therapeutics, Inc.  (TRDA)  (CIK 0001689375)",TRDA,release_text,2026-05-07,2026-05-07T07:11:40,acceptance_time,2026-05-07,ENTR-601-44,1/2,Duchenne muscular dystrophy,ELEVATE-44-201,,38284313,2026-02-26,https://www.sec.gov/Archives/edgar/data/1689375/000168937526000027/entradatherapeuticscohort1.htm
0001193125-26-210316,0001980845,"enGene Therapeutics Inc.  (ENGN, ENGNW)  (CIK 0001980845)",ENGN,release_text,2026-05-07,2026-05-07T07:11:10,acceptance_time,2026-05-07,detalimogene voraplasmid,2,"high-risk, Bacillus Calmette-Guérin (BCG)-unresponsive non-muscle invasive bladder cancer (NMIBC)",LEGEND,,66989466,2026-03-09,https://www.sec.gov/Archives/edgar/data/1980845/000119312526210316/d335486d8k.htm
0001193125-26-215676,0001776111,"MBX Biosciences, Inc.  (MBX)  (CIK 0001776111)",MBX,release_text,2026-05-11,2026-05-11T07:04:22,acceptance_time,2026-05-11,MBX 4291,1,obesity,,,47597536,2026-05-07,https://www.sec.gov/Archives/edgar/data/1776111/000119312526215676/mbx-20260511.htm
0002007919-26-000020,0002007919,"Inhibrx Biosciences, Inc.  (INBX)  (CIK 0002007919)",INBX,release_text,2026-05-11,2026-05-11T16:02:50,acceptance_time,2026-05-12,INBRX-106,2,Head and Neck Squamous Cell Carcinoma,HexAgon,,14607036,2026-03-19,https://www.sec.gov/Archives/edgar/data/2007919/000200791926000020/exhibit991-pressreleasemay.htm
0001628280-26-033883,0001411685,"Vistagen Therapeutics, Inc.  (VTGN)  (CIK 0001411685)",VTGN,release_text,2026-05-12,2026-05-12T07:44:41,acceptance_time,2026-05-12,fasedienol,3,social anxiety disorder,PALISADE-3,,39620317,2026-02-12,https://www.sec.gov/Archives/edgar/data/1411685/000162828026033883/vtgn-20260512.htm
0001193125-26-218150,0001520262,Alkermes plc.  (ALKS)  (CIK 0001520262),ALKS,release_text,2026-05-12,2026-05-12T07:07:58,acceptance_time,2026-05-12,LUMRYZ,3,idiopathic hypersomnia,REVITALYZ,,166675807,2026-05-05,https://www.sec.gov/Archives/edgar/data/1520262/000119312526218150/alks-20260512.htm
0001140361-26-021036,0001743881,"BridgeBio Pharma, Inc.  (BBIO)  (CIK 0001743881)",BBIO,release_text,2026-05-12,2026-05-13T16:01:37,release_date_only,2026-05-13,encaleret,3,autosomal dominant hypocalcemia type 1,CALIBRATE,NCT07080385,195861242,2026-05-07,https://www.sec.gov/Archives/edgar/data/1743881/000114036126021036/ef20073370_ex99-1.htm
0001171843-26-003397,0001626971,"Corvus Pharmaceuticals, Inc.  (CRVS)  (CIK 0001626971)",CRVS,release_text,2026-05-14,2026-05-14T07:01:18,acceptance_time,2026-05-14,soquelitinib,1,atopic dermatitis,,NCT06561048,84090424,2026-05-07,https://www.sec.gov/Archives/edgar/data/1626971/000117184326003397/exh_991.htm
0001628280-26-034834,0001854270,"Senti Biosciences Holdings, Inc.  (SNTI)  (CIK 0001854270)",SNTI,release_text,2026-05-14,2026-05-14T08:48:56,acceptance_time,2026-05-14,SENTI-202,1,relapsed/refractory acute myeloid leukemia,,NCT06325748,31144754,2026-04-29,https://www.sec.gov/Archives/edgar/data/1854270/000162828026034834/ex992sntifdameeting20260514.htm
0001193125-26-227875,0001807120,"Design Therapeutics, Inc.  (DSGN)  (CIK 0001807120)",DSGN,release_text,2026-05-18,2026-05-18T07:15:07,acceptance_time,2026-05-18,DT-216P2,1/2,Friedreich ataxia,RESTORE-FA,,62456974,2026-04-28,https://www.sec.gov/Archives/edgar/data/1807120/000119312526227875/d154773d8k.htm
0001193125-26-228956,0001662774,"Quince Therapeutics, Inc.  (QNCX)  (CIK 0001662774)",QNCX,release_text,2026-05-18,2026-05-18T16:20:26,acceptance_time,2026-05-19,LAM-001,2a,pulmonary arterial hypertension and pulmonary hypertension associated with interstitial lung disease,,NCT05798923,16300740,2026-05-11,https://www.sec.gov/Archives/edgar/data/1662774/000119312526228956/d135388dex992.htm
0001193125-26-229770,0001812364,"Relay Therapeutics, Inc.  (RLAY)  (CIK 0001812364)",RLAY,release_text,2026-05-19,2026-05-19T08:45:19,acceptance_time,2026-05-19,zovegalisib,2,vascular anomalies,ReInspire,,191586165,2026-05-05,https://www.sec.gov/Archives/edgar/data/1812364/000119312526229770/rlay-20260519.htm
0001193125-26-229076,0001631574,Wave Life Sciences Ltd.  (WVE)  (CIK 0001631574),WVE,release_text,2026-05-18,2026-05-18T16:51:59,acceptance_time,2026-05-19,WVE-006,1b/2a,alpha-1 antitrypsin deficiency,RestorAATion-2,NCT06405633,192353438,2026-04-30,https://www.sec.gov/Archives/edgar/data/1631574/000119312526229076/d154261d8k.htm
0001193125-26-232717,0001583648,"PALVELLA THERAPEUTICS, INC.  (PVLA)  (CIK 0001583648)",PVLA,release_text,2026-05-20,2026-05-20T16:35:15,acceptance_time,2026-05-21,QTORIN™ rapamycin,3,microcystic lymphatic malformations and cutaneous venous malformations,SELVA,,14342844,2026-05-07,https://www.sec.gov/Archives/edgar/data/1583648/000119312526232717/pvla-20260520.htm
0001725160-26-000045,0001725160,"Zentalis Pharmaceuticals, Inc.  (ZNTL)  (CIK 0001725160)",ZNTL,release_text,2026-05-21,2026-05-21T17:29:34,acceptance_time,2026-05-22,azenosertib,1b,platinum-resistant ovarian cancer,MUIR,NCT04516447,71186348,2026-05-12,https://www.sec.gov/Archives/edgar/data/1725160/000172516026000045/asco2026datapressreleasefi.htm
0001193125-26-234848,0001750284,"Olema Pharmaceuticals, Inc.  (OLMA)  (CIK 0001750284)",OLMA,release_text,2026-05-21,2026-05-21T17:05:15,acceptance_time,2026-05-22,OP-3136,1,"ER+/HER2- advanced breast cancer, metastatic castration-resistant prostate cancer, and metastatic non-small cell lung cancer",,,87347471,2026-05-12,https://www.sec.gov/Archives/edgar/data/1750284/000119312526234848/olma-20260521.htm
0001104659-26-065231,0001761612,BICYCLE THERAPEUTICS PLC  (BCYC)  (CIK 0001761612),BCYC,release_text,2026-05-21,2026-05-21T17:05:25,acceptance_time,2026-05-22,zelenectide pevedotin,2,metastatic urothelial cancer,Duravelo-2,,30043486,2023-05-04,https://www.sec.gov/Archives/edgar/data/1761612/000110465926065231/tm2615187d1_ex99-1.htm
0001193125-26-234991,0000728387,"Perspective Therapeutics, Inc.  (CATX)  (CIK 0000728387)",CATX,release_text,2026-05-21,2026-05-21T18:02:43,acceptance_time,2026-05-22,[212Pb]VMT01,1/2a,melanoma,,NCT05636618;NCT05655312;NCT06710756,114046197,2026-05-11,https://www.sec.gov/Archives/edgar/data/728387/000119312526234991/catx-ex99_1.htm
0001714899-26-000070,0001714899,Denali Therapeutics Inc.  (DNLI)  (CIK 0001714899),DNLI,release_text,2026-05-21,2026-05-21T18:17:45,acceptance_time,2026-05-22,BIIB122 (DNL151),2b,early-stage Parkinson’s disease,LUMA,,158709737,2026-05-07,https://www.sec.gov/Archives/edgar/data/1714899/000171489926000070/dnli-20260521.htm
0001628280-26-038307,0001357874,PRECISION BIOSCIENCES INC  (DTIL)  (CIK 0001357874),DTIL,release_text,2026-05-27,2026-05-27T07:30:35,acceptance_time,2026-05-27,PBGENE-HBV,,chronic hepatitis B,ELIMINATE-B,NCT06680232,25802247,2026-05-05,https://www.sec.gov/Archives/edgar/data/1357874/000162828026038307/a05272026ex991.htm
0001104659-26-066572,0001974640,"Apogee Therapeutics, Inc.  (APGE)  (CIK 0001974640)",APGE,release_text,2026-05-27,2026-05-27T06:37:49,acceptance_time,2026-05-27,zumilokibart,2,moderate-to-severe atopic dermatitis,APEX,,74882396,2026-05-11,https://www.sec.gov/Archives/edgar/data/1974640/000110465926066572/tm2615568d1_8k.htm
0001935979-26-000048,0001935979,Biohaven Ltd.  (BHVN)  (CIK 0001935979),BHVN,release_text,2026-05-26,2026-05-27T17:13:33,release_date_only,2026-05-27,Opakalim,2/3,focal epilepsy,,NCT06132893;NCT06309966;NCT06425159;NCT06443463,150560990,2026-05-04,https://www.sec.gov/Archives/edgar/data/1935979/000193597926000048/bhvn-20260526.htm
0001493152-26-025270,0001535955,Lipocine Inc.  (LPCN)  (CIK 0001535955),LPCN,release_text,2026-05-26,2026-05-26T17:08:04,acceptance_time,2026-05-27,LPCN 1154,3,postpartum depression (PPD),,,8244253,2026-05-07,https://www.sec.gov/Archives/edgar/data/1535955/000149315226025270/form8-k.htm
0001493152-26-025324,0001430306,Tonix Pharmaceuticals Holding Corp.  (TNXP)  (CIK 0001430306),TNXP,release_text,2026-05-27,2026-05-27T07:05:55,acceptance_time,2026-05-27,TNX-1500,1,kidney transplant rejection,,,15940801,2026-05-11,https://www.sec.gov/Archives/edgar/data/1430306/000149315226025324/ex99-01.htm
0001437749-26-018586,0001001316,"TG THERAPEUTICS, INC.  (TGTX)  (CIK 0001001316)",TGTX,release_text,2026-05-27,2026-05-27T16:34:57,acceptance_time,2026-05-28,BRIUMVI,3,relapsing forms of multiple sclerosis,ENHANCE,,153083580,2026-05-06,https://www.sec.gov/Archives/edgar/data/1001316/000143774926018586/ex_968837.htm
0001140361-26-023093,0000874015,IONIS PHARMACEUTICALS INC  (IONS)  (CIK 0000874015),IONS,release_text,2026-05-28,2026-05-28T12:41:22,acceptance_time,2026-05-28,bepirovirsen,3,chronic hepatitis B,B-Well 1 and B-Well 2,NCT05630807;NCT05630820,165262556,2026-04-29,https://www.sec.gov/Archives/edgar/data/874015/000114036126023093/ef20075060_8k.htm
0001193805-26-000703,0001280776,"IMMUNIC, INC.  (IMUX)  (CIK 0001280776)",IMUX,release_text,2026-05-28,2026-05-28T07:01:07,acceptance_time,2026-05-28,vidofludimus calcium,2,progressive multiple sclerosis,CALLIPER,,13621526,2026-05-13,https://www.sec.gov/Archives/edgar/data/1280776/000119380526000703/e665514_8k-immunic.htm
0001437749-26-018819,0001659617,"Moleculin Biotech, Inc.  (MBRX)  (CIK 0001659617)",MBRX,release_text,2026-05-29,2026-05-29T09:26:14,acceptance_time,2026-05-29,Annamycin,2b/3,acute myeloid leukemia and soft tissue sarcoma,MIRACLE,,5336350,2026-05-14,https://www.sec.gov/Archives/edgar/data/1659617/000143774926018819/ex_969652.htm
0001104659-26-068604,0001661059,"NextCure, Inc.  (NXTC)  (CIK 0001661059)",NXTC,release_text,2026-06-01,2026-06-01T08:10:58,acceptance_time,2026-06-01,SIM0505,1,gynecologic cancers,,NCT06792552,3612096,2026-05-07,https://www.sec.gov/Archives/edgar/data/1661059/000110465926068604/nxtc-20260601x8k.htm
0001213900-26-063530,0001851484,"CITIUS ONCOLOGY, INC.  (CTOR)  (CIK 0001851484)",CTOR,release_text,2026-06-01,2026-06-01T16:30:18,acceptance_time,2026-06-02,LYMPHIR (denileukin diftitox-cxdl),1,recurrent or refractory gynecologic malignancies,,NCT05200559,92981204,2026-05-15,https://www.sec.gov/Archives/edgar/data/1851484/000121390026063530/ea0292903-8k_citius.htm
0001104659-26-069206,0001509261,"Rezolute, Inc.  (RZLT)  (CIK 0001509261)",RZLT,release_text,2026-06-02,2026-06-02T07:05:59,acceptance_time,2026-06-02,ersodetug,3,tumor hyperinsulinism,upLIFT,,96292331,2026-05-12,https://www.sec.gov/Archives/edgar/data/1509261/000110465926069206/tm2616579d1_ex99-1.htm
0001689548-26-000053,0001689548,"Praxis Precision Medicines, Inc.  (PRAX)  (CIK 0001689548)",PRAX,sec_current,2026-06-01,2026-06-01T16:28:49,acceptance_time,2026-06-02,vormatrigine,2/3,focal onset seizures,POWER1,,27878774,2026-05-07,https://www.sec.gov/Archives/edgar/data/1689548/000168954826000053/prax-20260601.htm
0001213900-26-063531,0001506251,"Citius Pharmaceuticals, Inc.  (CTXR)  (CIK 0001506251)",CTOR,release_text,2026-06-01,2026-06-01T16:30:19,acceptance_time,2026-06-02,LYMPHIR,1,recurrent or refractory gynecologic malignancies,,NCT05200559,27452570,2026-05-15,https://www.sec.gov/Archives/edgar/data/1506251/000121390026063531/ea0292904-8k_citius.htm
0001193125-26-251399,0001676725,"IDEAYA Biosciences, Inc.  (IDYA)  (CIK 0001676725)",IDYA,sec_current,,2026-06-01T16:05:32,acceptance_time,2026-06-02,darovasertib + crizotinib,2/3,metastatic uveal melanoma,OptimUM-02,,87860920,2026-05-05,https://www.sec.gov/Archives/edgar/data/1676725/000119312526251399/d138848d8k.htm
0001437749-26-019262,0001001316,"TG THERAPEUTICS, INC.  (TGTX)  (CIK 0001001316)",TGTX,release_text,2026-06-03,2026-06-03T07:34:29,acceptance_time,2026-06-03,subcutaneous BRIUMVI,1,multiple sclerosis,,,153083580,2026-05-06,https://www.sec.gov/Archives/edgar/data/1001316/000143774926019262/ex_970980.htm
0001193125-26-254658,0001213037,"Cardiff Oncology, Inc.  (CRDF)  (CIK 0001213037)",CRDF,sec_current,2026-06-03,2026-06-03T08:30:20,acceptance_time,2026-06-03,Onvansertib,2,RAS-Mutated mCRC,CRDF-004,,68369896,2026-05-14,https://www.sec.gov/Archives/edgar/data/1213037/000119312526254658/crdf-ex99_1.htm
0001104659-26-069810,0001829635,"Transcode Therapeutics, Inc.  (RNAZ)  (CIK 0001829635)",RNAZ,release_text,2026-06-03,2026-06-03T08:08:44,acceptance_time,2026-06-03,TTX-MC138,1a,metastatic cancer,,NCT06260774,950302,2026-05-15,https://www.sec.gov/Archives/edgar/data/1829635/000110465926069810/tm2616719d1_ex99-1.htm
0000950103-26-008465,0001771910,ADC Therapeutics SA  (ADCT)  (CIK 0001771910),ADCT,release_text,2026-06-03,2026-06-03T16:17:06,acceptance_time,2026-06-04,ZYNLONTA,3,relapsed or refractory diffuse large B-cell lymphoma,LOTIS-5,NCT04384484,127191158,2026-05-04,https://www.sec.gov/Archives/edgar/data/1771910/000095010326008465/dp247928_8k.htm
0001193125-26-257430,0001880438,"AN2 Therapeutics, Inc.  (ANTX)  (CIK 0001880438)",ANTX,release_text,2026-06-04,2026-06-04T16:15:49,acceptance_time,2026-06-05,AN2-502998,1,chronic Chagas disease,,NCT07024589,36016161,2026-05-11,https://www.sec.gov/Archives/edgar/data/1880438/000119312526257430/d247428d8k.htm
0001193125-26-258372,0001768446,"Climb Bio, Inc.  (CLYM)  (CIK 0001768446)",CLYM,release_text,2026-06-05,2026-06-05T07:12:49,acceptance_time,2026-06-05,CLYM116,1,IgAN,,,57260523,2026-05-07,https://www.sec.gov/Archives/edgar/data/1768446/000119312526258372/d132290d8k.htm
0001193125-26-260640,0001789972,"Cullinan Therapeutics, Inc.  (CGEM)  (CIK 0001789972)",CGEM,release_text,2026-06-06,2026-06-08T06:32:15,release_date_only,2026-06-08,CLN-978,1,systemic lupus erythematosus and rheumatoid arthritis,OUTRACE,,61458046,2026-05-07,https://www.sec.gov/Archives/edgar/data/1789972/000119312526260640/cgem-20260606.htm
0001193125-26-260679,0001819133,"Tango Therapeutics, Inc.  (TNGX)  (CIK 0001819133)",TNGX,release_text,2026-06-08,2026-06-08T07:15:55,acceptance_time,2026-06-08,vopimetostat and daraxonrasib,1/2,pancreatic ductal adenocarcinoma,,,144647982,2026-05-13,https://www.sec.gov/Archives/edgar/data/1819133/000119312526260679/d158334d8k.htm
0001104659-26-071211,0001638287,MetaVia Inc.  (MTVA)  (CIK 0001638287),MTVA,release_text,2026-06-08,2026-06-08T09:01:47,acceptance_time,2026-06-08,DA-1726,1,obesity,,,5164370,2026-05-14,https://www.sec.gov/Archives/edgar/data/1638287/000110465926071211/mtva-20260608x8k.htm
0001193125-26-263831,0001680367,"Shattuck Labs, Inc.  (STTK)  (CIK 0001680367)",STTK,release_text,2026-06-08,2026-06-09T16:28:58,release_date_only,2026-06-09,SL-325,1,inflammatory and immune-mediated diseases,,,76680517,2026-05-07,https://www.sec.gov/Archives/edgar/data/1680367/000119312526263831/d120796d8k.htm
0001104659-26-072382,0001818382,"Humacyte, Inc.  (HUMA, HUMAW)  (CIK 0001818382)",HUMA,release_text,2026-06-10,2026-06-10T16:34:18,acceptance_time,2026-06-11,acellular tissue engineered vessel (ATEV),3,end-stage kidney disease,V012,,222019108,2026-05-13,https://www.sec.gov/Archives/edgar/data/1818382/000110465926072382/tm2617224d1_ex99-1.htm
0001104659-26-072633,0000894158,"Theriva Biologics, Inc.  (TOVX)  (CIK 0000894158)",TOVX,release_text,2026-06-11,2026-06-11T08:10:25,acceptance_time,2026-06-11,VCN-01,1,Head & Neck Squamous Cell Carcinoma (HNSCC),NCT03799744,NCT03799744,45892668,2026-05-05,https://www.sec.gov/Archives/edgar/data/894158/000110465926072633/tm2617564d1_ex99-1.htm
0001549595-26-000034,0001549595,"Nurix Therapeutics, Inc.  (NRIX)  (CIK 0001549595)",NRIX,release_text,2026-06-11,2026-06-11T07:06:57,acceptance_time,2026-06-11,bexobrutideg,1a/b,chronic lymphocytic leukemia,NX-5948-301,NCT05131022;NCT06717269;NCT07221500,103405813,2026-04-08,https://www.sec.gov/Archives/edgar/data/1549595/000154959526000034/ex991_nurixpressrelease202.htm
0001619856-26-000043,0001619856,"Caribou Biosciences, Inc.  (CRBU)  (CIK 0001619856)",CRBU,release_text,2026-06-11,2026-06-11T08:02:57,acceptance_time,2026-06-11,vispa-cel,1,relapsed or refractory B cell non-Hodgkin lymphoma,ANTLER,NCT04637763,99180575,2026-05-07,https://www.sec.gov/Archives/edgar/data/1619856/000161985626000043/crbu-20260611.htm
0001193125-26-266731,0001672619,"Enliven Therapeutics, Inc.  (ELVN)  (CIK 0001672619)",ELVN,release_text,2026-06-11,2026-06-11T08:09:27,acceptance_time,2026-06-11,ELVN-001,1,chronic myeloid leukemia,ENABLE,NCT05304377,60904946,2026-05-07,https://www.sec.gov/Archives/edgar/data/1672619/000119312526266731/d202685d8k.htm
0001193125-26-266688,0001768446,"Climb Bio, Inc.  (CLYM)  (CIK 0001768446)",CLYM,release_text,2026-06-11,2026-06-11T07:12:53,acceptance_time,2026-06-11,budoprutug,1b,primary immune thrombocytopenia,Phase 1b/2a study,NCT07043946,57260523,2026-05-07,https://www.sec.gov/Archives/edgar/data/1768446/000119312526266688/d63753d8k.htm
0001193125-26-270328,0001885522,"Neumora Therapeutics, Inc.  (NMRA)  (CIK 0001885522)",NMRA,release_text,2026-06-15,2026-06-15T08:15:16,acceptance_time,2026-06-15,navacaprant,3,major depressive disorder,KOASTAL,,185284244,2026-05-07,https://www.sec.gov/Archives/edgar/data/1885522/000119312526270328/d943192d8k.htm
0001628280-26-043042,0001842952,Context Therapeutics Inc.  (CNTX)  (CIK 0001842952),CNTX,sec_current,2026-06-15,2026-06-15T09:18:44,acceptance_time,2026-06-15,CTIM-76,1,,,NCT06515713,91879177,2026-05-06,https://www.sec.gov/Archives/edgar/data/1842952/000162828026043042/a20260615-ctim76ph1ainte.htm
0001636282-26-000083,0001636282,"Spyre Therapeutics, Inc.  (SYRE)  (CIK 0001636282)",SYRE,release_text,2026-06-15,2026-06-15T08:01:32,acceptance_time,2026-06-15,SPY002,2,ulcerative colitis,SKYLINE,,86841253,2026-05-05,https://www.sec.gov/Archives/edgar/data/1636282/000163628226000083/exhibit99120260615skyline-.htm
0001628280-26-043170,0001649904,"RHYTHM PHARMACEUTICALS, INC.  (RYTM)  (CIK 0001649904)",RYTM,release_text,2026-06-13,2026-06-15T16:07:28,release_date_only,2026-06-15,setmelanotide,2,Prader-Willi syndrome,,,68532607,2026-05-05,https://www.sec.gov/Archives/edgar/data/1649904/000162828026043170/ex991rytmprpwsatendo2026.htm
0001493152-26-028610,0001053369,ELITE PHARMACEUTICALS INC /NV/  (ELTP)  (CIK 0001053369),ELTP,release_text,2026-06-15,2026-06-15T07:02:38,acceptance_time,2026-06-15,undisclosed anticonvulsant generic drug product,,,,,1076996442,2026-02-17,https://www.sec.gov/Archives/edgar/data/1053369/000149315226028610/ex99-1.htm
0001601485-26-000046,0001601485,"Elicio Therapeutics, Inc.  (ELTX)  (CIK 0001601485)",ELTX,release_text,2026-06-15,2026-06-15T09:21:02,acceptance_time,2026-06-15,ELI-002 7P,2,pancreatic ductal adenocarcinoma,AMPLIFY-7P,NCT05726864,19086081,2026-05-11,https://www.sec.gov/Archives/edgar/data/1601485/000160148526000046/a2026-06x15xxeltxxxph2re.htm
0001171843-26-004119,0000882361,Aptose Biosciences Inc.  (APTOF)  (CIK 0000882361),APS,release_text,2026-06-15,2026-06-15T08:00:25,acceptance_time,2026-06-15,tuspetinib,1/2,AML,TUSCANY,,2552429,2026-05-13,https://www.sec.gov/Archives/edgar/data/882361/000117184326004119/exh_991.htm
0001493152-26-028807,0001828673,HCW Biologics Inc.  (HCWB)  (CIK 0001828673),HCWB,release_text,2026-06-16,2026-06-16T07:15:40,acceptance_time,2026-06-16,HCW9302,1,alopecia areata,,NCT07049328,6734104,2026-05-14,https://www.sec.gov/Archives/edgar/data/1828673/000149315226028807/ex99-1.htm
0001104659-26-076044,0001590560,uniQure N.V.  (QURE)  (CIK 0001590560),QURE,release_text,2026-06-19,2026-06-22T06:50:13,release_date_only,2026-06-22,AMT-260,1/2a,refractory mesial temporal lobe epilepsy,GenTLE,NCT06063850,,,https://www.sec.gov/Archives/edgar/data/1590560/000110465926076044/qure-20260619x8k.htm
0001193125-26-276693,0001783328,"TScan Therapeutics, Inc.  (TCRX)  (CIK 0001783328)",TCRX,release_text,2026-06-22,2026-06-22T07:09:59,acceptance_time,2026-06-22,TSC-101,1,heme malignancies,ALLOHA,,23976942,2022-03-09,https://www.sec.gov/Archives/edgar/data/1783328/000119312526276693/d103234d8k.htm
0001193125-26-276738,0001806310,"Taysha Gene Therapies, Inc.  (TSHA)  (CIK 0001806310)",TSHA,release_text,2026-06-22,2026-06-22T08:14:24,acceptance_time,2026-06-22,TSHA-102,1/2,Rett syndrome,REVEAL,,287361020,2026-05-06,https://www.sec.gov/Archives/edgar/data/1806310/000119312526276738/d20817d8k.htm
0001213900-26-070362,0001821586,MoonLake Immunotherapeutics  (MLTX)  (CIK 0001821586),MLTX,release_text,2026-06-21,2026-06-22T07:00:32,release_date_only,2026-06-22,sonelokimab,3,moderate-to-severe hidradenitis suppurativa,VELA,,73615396,2026-05-11,https://www.sec.gov/Archives/edgar/data/1821586/000121390026070362/ea0295399-8k_moonlake.htm
0001672688-26-000118,0001672688,Absci Corp  (ABSI)  (CIK 0001672688),ABSI,release_text,2026-06-24,2026-06-24T06:32:11,acceptance_time,2026-06-24,ABS-201,1,androgenetic alopecia,HEADLINE,NCT07317544,155905056,2026-05-07,https://www.sec.gov/Archives/edgar/data/1672688/000167268826000118/exhibit991-26x06x23pr.htm
0001193125-26-286918,0002044725,"Evommune, Inc.  (EVMN)  (CIK 0002044725)",EVMN,release_text,2026-06-29,2026-06-29T08:32:15,acceptance_time,2026-06-29,EVO756,2b,chronic spontaneous urticaria,,,36018372,2026-05-07,https://www.sec.gov/Archives/edgar/data/2044725/000119312526286918/evmn-20260629.htm
0001193125-26-286780,0001374690,"Larimar Therapeutics, Inc.  (LRMR)  (CIK 0001374690)",LRMR,release_text,2026-06-29,2026-06-29T06:33:36,acceptance_time,2026-06-29,nomlabofusp,,Friedreich’s ataxia,,,103882937,2026-05-14,https://www.sec.gov/Archives/edgar/data/1374690/000119312526286780/lrmr-20260629.htm
0001437749-26-022088,0001659617,"Moleculin Biotech, Inc.  (MBRX)  (CIK 0001659617)",MBRX,release_text,2026-06-30,2026-06-30T08:30:18,acceptance_time,2026-06-30,Annamycin,2/3,relapsed or refractory acute myeloid leukemia,MIRACLE,,5336350,2026-05-14,https://www.sec.gov/Archives/edgar/data/1659617/000143774926022088/ex_983000.htm
0001628280-26-046143,0001411685,"Vistagen Therapeutics, Inc.  (VTGN)  (CIK 0001411685)",VTGN,release_text,2026-06-30,2026-06-30T08:28:42,acceptance_time,2026-06-30,fasedienol,3,social anxiety disorder,PALISADE-4,,41032453,2026-06-15,https://www.sec.gov/Archives/edgar/data/1411685/000162828026046143/vtgn-20260630.htm
0001517022-26-000047,0001517022,"Akebia Therapeutics, Inc.  (AKBA)  (CIK 0001517022)",AKBA,release_text,2026-06-30,2026-06-30T08:05:11,acceptance_time,2026-06-30,Vafseo,,anemia due to CKD,VOICE,NCT06520826,268258243,2026-05-07,https://www.sec.gov/Archives/edgar/data/1517022/000151702226000047/akba-20260630.htm
0001193125-26-290768,0001369568,"CATALYST PHARMACEUTICALS, INC.  (CPRX)  (CIK 0001369568)",CPRX,release_text,2026-06-30,2026-06-30T16:57:55,acceptance_time,2026-07-01,vamorolone,1,chronic inflammatory rare diseases,,,122380992,2026-05-11,https://www.sec.gov/Archives/edgar/data/1369568/000119312526290768/d158010d8k.htm
0001437749-26-022876,0000072444,"Vaxart, Inc.  (VXRT)  (CIK 0000072444)",VXRT,release_text,2026-07-06,2026-07-07T08:00:09,release_date_only,2026-07-07,oral pill COVID-19 vaccine,2b,COVID-19,,,241973011,2026-05-07,https://www.sec.gov/Archives/edgar/data/72444/000143774926022876/ex_985231.htm
0001104659-26-080930,0001346830,"Tvardi Therapeutics, Inc.  (TVRD)  (CIK 0001346830)",TVRD,release_text,2026-07-07,2026-07-07T07:02:35,acceptance_time,2026-07-07,TTI-109,1,inflammatory and proliferative diseases,,NCT05440708,9381344,2026-05-08,https://www.sec.gov/Archives/edgar/data/1346830/000110465926080930/tm2619879d1_ex99-1.htm
0001104659-26-081562,0001567892,Keenova Therapeutics plc  (CIK 0001567892),,missing,2026-07-08,2026-07-08T07:17:28,acceptance_time,2026-07-08,XIAFLEX,3,plantar fibromatosis,,,39581987,2026-05-12,https://www.sec.gov/Archives/edgar/data/1567892/000110465926081562/tm2619951d1_8k.htm
0001193125-26-298005,0001609809,"Seres Therapeutics, Inc.  (MCRB)  (CIK 0001609809)",MCRB,release_text,2026-07-08,2026-07-08T08:00:09,acceptance_time,2026-07-08,SER-155,,immune checkpoint inhibitor-related enterocolitis,NCT06801067,NCT06801067,9586298,2026-03-12,https://www.sec.gov/Archives/edgar/data/1609809/000119312526298005/d130829d8k.htm
0001140361-26-028092,0000874015,IONIS PHARMACEUTICALS INC  (IONS)  (CIK 0000874015),IONS,release_text,2026-07-09,2026-07-09T14:55:22,acceptance_time,2026-07-09,eplontersen,3,transthyretin-mediated amyloid cardiomyopathy,CARDIO-TTRansform,,165262556,2026-04-29,https://www.sec.gov/Archives/edgar/data/874015/000114036126028092/ef20077664_8k.htm
0001193125-26-299177,0001419041,"Forte Biosciences, Inc.  (FBRX)  (CIK 0001419041)",FBRX,release_text,2026-07-09,2026-07-09T08:05:21,acceptance_time,2026-07-09,FB102,1b,vitiligo,,,13885668,2026-03-31,https://www.sec.gov/Archives/edgar/data/1419041/000119312526299177/d170175d8k.htm
0001193125-26-301464,0001661998,Q32 Bio Inc.  (QTTB)  (CIK 0001661998),QTTB,release_text,2026-07-13,2026-07-13T07:09:59,acceptance_time,2026-07-13,bempikibart,2a,alopecia areata,SIGNAL-AA,,16956415,2026-05-05,https://www.sec.gov/Archives/edgar/data/1661998/000119312526301464/d142528d8k.htm
0001493152-26-033289,0001962011,"Kairos Pharma, LTD.  (KAPA)  (CIK 0001962011)",KAPA,release_text,2026-07-15,2026-07-15T08:30:36,acceptance_time,2026-07-15,ENV-105,1,EGFR-mutated non-small cell lung cancer,,NCT01802632,21411198,2026-05-13,https://www.sec.gov/Archives/edgar/data/1962011/000149315226033289/ex99-1.htm
0001437749-26-023538,0001053691,CervoMed Inc.  (CRVO)  (CIK 0001053691),CRVO,release_text,2026-07-14,2026-07-14T16:21:27,acceptance_time,2026-07-15,neflamapimod,2b,Dementia with Lewy Bodies,RewinD-LB,,9258719,2026-05-15,https://www.sec.gov/Archives/edgar/data/1053691/000143774926023538/ex_987941.htm
0001827635-26-000023,0001827635,"Veradermics, Inc  (MANE)  (CIK 0001827635)",MANE,release_text,2026-07-15,2026-07-15T08:54:36,acceptance_time,2026-07-15,VDPHL01,2,female pattern hair loss,Study ‘207’,,41778687,2026-05-12,https://www.sec.gov/Archives/edgar/data/1827635/000182763526000023/a207_resultscallxfinal71.htm
0001140361-26-028602,0001104506,INSMED Inc  (INSM)  (CIK 0001104506),INSM,release_text,2026-07-16,2026-07-16T07:00:46,acceptance_time,2026-07-16,treprostinil palmitil inhalation powder (TPIP),,pulmonary arterial hypertension,,NCT05147805,216752451,2026-05-07,https://www.sec.gov/Archives/edgar/data/1104506/000114036126028602/ef20078093_8k.htm
0001125345-26-000050,0001125345,MACROGENICS INC  (MGNX)  (CIK 0001125345),MGNX,release_text,2026-07-23,2026-07-23T16:07:30,acceptance_time,2026-07-24,MGC026,1,advanced solid tumors,,,63563123,2026-05-13,https://www.sec.gov/Archives/edgar/data/1125345/000112534526000050/exhibit991_clinicalupdatem.htm
0001193125-26-316820,0001770069,"MapLight Therapeutics, Inc.  (MPLT)  (CIK 0001770069)",MPLT,sec_current,2026-07-27,2026-07-27T07:07:27,acceptance_time,2026-07-27,ML-007C-MA,2,Schizophrenia,ZEPHYR,NCT06887192,42436326,2026-03-26,https://www.sec.gov/Archives/edgar/data/1770069/000119312526316820/d139086d8k.htm
0001326190-26-000044,0001326190,"Altimmune, Inc.  (ALT)  (CIK 0001326190)",ALT,release_text,2026-07-28,2026-07-28T07:04:40,acceptance_time,2026-07-28,pemvidutide,2,moderate to severe alcohol use disorder,RECLAIM,NCT06987513,194474154,2026-05-13,https://www.sec.gov/Archives/edgar/data/1326190/000132619026000044/alt-20260728x8k.htm
0001104659-26-087269,0001374339,ProMIS Neurosciences Inc.  (PMN)  (CIK 0001374339),PMN,release_text,2026-07-28,2026-07-28T06:05:27,acceptance_time,2026-07-28,PMN310,1b,mild cognitive impairment due to Alzheimer’s disease or mild Alzheimer’s disease,PRECISE-AD,NCT06105528;NCT06750432,8967693,2026-05-12,https://www.sec.gov/Archives/edgar/data/1374339/000110465926087269/pmn-20260728x8k.htm
0001104659-26-087891,0001133869,"CAPRICOR THERAPEUTICS, INC.  (CAPR)  (CIK 0001133869)",CAPR,release_text,2026-07-29,2026-07-29T10:05:21,acceptance_time,2026-07-29,Deramiocel,3,Duchenne muscular dystrophy,HOPE-3,,57911893,2026-05-13,https://www.sec.gov/Archives/edgar/data/1133869/000110465926087891/capr-20260729xex99d1.htm
0001193125-26-326995,0001503802,Karyopharm Therapeutics Inc.  (KPTI)  (CIK 0001503802),KPTI,release_text,2026-07-30,2026-07-31T08:30:33,release_date_only,2026-07-31,selinexor,3,TP53 wild-type advanced or recurrent endometrial cancer,XPORT-EC-042,,22662943,2026-05-14,https://www.sec.gov/Archives/edgar/data/1503802/000119312526326995/d71318d8k.htm
0001140361-26-030568,0001281895,"ROCKET PHARMACEUTICALS, INC.  (RCKT, RCKTW)  (CIK 0001281895)",RCKT,release_text,2026-08-03,2026-08-03T07:41:33,acceptance_time,2026-08-03,RP-A501,2,Danon disease,,,109193549,2026-05-07,https://www.sec.gov/Archives/edgar/data/1281895/000114036126030568/ef20079241_ex99-1.htm
0001520138-26-000312,0001580149,"BIOVIE INC.  (BIVI, BIVIW)  (CIK 0001580149)",BIVI,release_text,2026-08-06,2026-08-06T07:35:24,acceptance_time,2026-08-06,bezisterim,2,Parkinson’s disease,SUNRISE-PD,NCT06757010,7541839,2026-05-11,https://www.sec.gov/Archives/edgar/data/1580149/000152013826000312/bivi-20260806_8kex99z1.htm
0001193125-26-336867,0001528115,"Annexon, Inc.  (ANNX)  (CIK 0001528115)",ANNX,release_text,2026-08-06,2026-08-06T08:17:10,acceptance_time,2026-08-06,tanruprubart,,Guillain-Barré syndrome,FORWARD,,38563565,2022-05-09,https://www.sec.gov/Archives/edgar/data/1528115/000119312526336867/d159969dex991.htm
0001628280-26-054341,0001411685,"Vistagen Therapeutics, Inc.  (VTGN)  (CIK 0001411685)",VTGN,release_text,2026-08-06,2026-08-06T16:16:48,acceptance_time,2026-08-07,fasedienol,2,social anxiety disorder,,,41032453,2026-06-15,https://www.sec.gov/Archives/edgar/data/1411685/000162828026054341/vtgn-20260806.htm
0001193125-26-341236,0000034956,"TENAX THERAPEUTICS, INC.  (TENX)  (CIK 0000034956)",TENX,release_text,2026-08-10,2026-08-10T07:19:06,acceptance_time,2026-08-10,TNX-103,3,PH-HFpEF,LEVEL,NCT05983250,37423917,2026-07-31,https://www.sec.gov/Archives/edgar/data/34956/000119312526341236/d115761d8k.htm
0001193125-26-341293,0001479615,"Silence Therapeutics plc  (SLN, SLNCF)  (CIK 0001479615)",SLN,release_text,2026-08-10,2026-08-10T07:57:19,acceptance_time,2026-08-10,divesiran,2,polycythemia vera,SANRECO,,141703840,2026-05-07,https://www.sec.gov/Archives/edgar/data/1479615/000119312526341293/d12947d8k.htm
0001703057-26-000053,0001703057,AbCellera Biologics Inc.  (ABCL)  (CIK 0001703057),ABCL,release_text,2026-08-10,2026-08-10T07:49:17,acceptance_time,2026-08-10,ABCL635,2,vasomotor symptoms,,NCT07118891,306611466,2026-08-05,https://www.sec.gov/Archives/edgar/data/1703057/000170305726000053/a2026-08x10abcl635phase2.htm
0001193125-26-341230,0002036042,"Sionna Therapeutics, Inc.  (SION)  (CIK 0002036042)",SION,release_text,2026-08-10,2026-08-10T07:15:06,acceptance_time,2026-08-10,SION-719,2a,cystic fibrosis,PreciSION CF,NCT07035990;NCT07108153,45212399,2026-08-06,https://www.sec.gov/Archives/edgar/data/2036042/000119312526341230/d135438d8k.htm
0001829126-26-008654,0001979414,"NEONC TECHNOLOGIES HOLDINGS, INC.  (NTHI)  (CIK 0001979414)",NTHI,release_text,2026-08-12,2026-08-12T08:30:57,acceptance_time,2026-08-12,NEO100,2a,recurrent or progressive Grade III and Grade IV IDH1-mutant glioma,NEO100-01,,25936365,2026-08-10,https://www.sec.gov/Archives/edgar/data/1979414/000182912626008654/neonctechnologies_8k.htm
0001193125-26-347400,0001789972,"Cullinan Therapeutics, Inc.  (CGEM)  (CIK 0001789972)",CGEM,release_text,2026-08-12,2026-08-12T19:35:50,acceptance_time,2026-08-13,zipalertinib,3,first-line EGFR Exon 20 Insertion Mutation Non-Small Cell Lung Cancer,REZILIENT3,,64354694,2026-08-06,https://www.sec.gov/Archives/edgar/data/1789972/000119312526347400/cgem-20260812.htm
0001193125-26-354716,0001658551,"Amylyx Pharmaceuticals, Inc.  (AMLX)  (CIK 0001658551)",AMLX,release_text,2026-08-18,2026-08-18T07:09:58,acceptance_time,2026-08-18,avexitide,3,post-bariatric hypoglycemia,LUCIDITY,NCT06747468,111423048,2026-08-06,https://www.sec.gov/Archives/edgar/data/1658551/000119312526354716/d180533d8k.htm
0001193125-26-357185,0001515673,Ultragenyx Pharmaceutical Inc.  (RARE)  (CIK 0001515673),RARE,release_text,2026-08-19,2026-08-19T17:24:44,acceptance_time,2026-08-20,GENGLYCOS (pariglasgene brecaparvovec-opnr),3,glycogen storage disease type Ia (GSDIa),GlucoGene,,98588873,2026-08-05,https://www.sec.gov/Archives/edgar/data/1515673/000119312526357185/rare-20260819.htm
0001185185-26-003691,0001098009,America Great Health  (AAGH)  (CIK 0001098009),AAGH,sec_current,,2026-08-24T16:08:00,acceptance_time,2026-08-25,AX-3 and PPY-3,,"solid tumors, malignant lymphoma, bronchiectasis",,,21204811608,2026-08-06,https://www.sec.gov/Archives/edgar/data/1098009/000118518526003691/aaghex99-1.htm
0001636282-26-000105,0001636282,"Spyre Therapeutics, Inc.  (SYRE)  (CIK 0001636282)",SYRE,release_text,2026-08-25,2026-08-25T16:04:39,acceptance_time,2026-08-26,SPY072,2,rheumatoid arthritis,SKYWAY,NCT07148414,88173762,2026-08-04,https://www.sec.gov/Archives/edgar/data/1636282/000163628226000105/spyre-20260825xexx991.htm
0001599298-26-000074,0001599298,Summit Therapeutics Inc.  (SMMT)  (CIK 0001599298),SMMT,release_text,2026-08-25,2026-08-26T09:17:16,release_date_only,2026-08-26,ivonescimab,3,advanced biliary tract cancer,HARMONi-GI1,,797749602,2026-07-23,https://www.sec.gov/Archives/edgar/data/1599298/000159929826000074/a2026_prx0825xharmoni-gi.htm
0001193125-26-372456,0001061983,CYTOKINETICS INC  (CYTK)  (CIK 0001061983),CYTK,release_text,2026-08-28,2026-08-28T09:21:49,acceptance_time,2026-08-28,aficamten,3,non-obstructive hypertrophic cardiomyopathy,ACACIA-HCM,,139023418,2026-08-06,https://www.sec.gov/Archives/edgar/data/1061983/000119312526372456/cytk-ex99_1.htm
0001104659-26-104145,0001847367,ALUMIS INC.  (ALMS)  (CIK 0001847367),ALMS,release_text,2026-09-01,2026-09-01T08:30:46,acceptance_time,2026-09-01,envudeucitinib,2b,systemic lupus erythematosus,LUMUS,NCT05966480,,,https://www.sec.gov/Archives/edgar/data/1847367/000110465926104145/tm2624540d1_8k.htm
