adsh,cik,file_date,company,doc_name,release_date,exchange,ticker,drug,phase,condition,trial_name,previously_announced,nct_ids
0001104659-18-029542,0001434868,2018-05-02,"Esperion Therapeutics, Inc.  (ESPR)  (CIK 0001434868)",a18-12501_28k.htm,2018-05-02,NASDAQ,ESPR,bempedoic acid,3,atherosclerotic cardiovascular disease,Study 1 or 1002-040,False,
0001104659-18-030441,0001261249,2018-05-04,"AGILE THERAPEUTICS INC  (AGRX, AGXRW)  (CIK 0001261249)",a18-12631_18k.htm,2018-05-04,,,AG200-15 (Twirla),3,birth control,SECURE,True,
0001493152-18-006526,0000764195,2018-05-10,VBI Vaccines Inc/BC  (VBIVQ)  (CIK 0000764195),ex99-2.htm,2018-05-10,Nasdaq,VBIV,VBI-1501,1,cytomegalovirus (CMV),,False,NCT02826798
0001437749-18-009447,0001434647,2018-05-10,"KEMPHARM, INC  (ZVRA)  (CIK 0001434647)",ex_112582.htm,2018-05-10,NASDAQ,KMPH,KP415,,attention deficit/hyperactivity disorder (ADHD),KP415.A03,False,
0001564590-18-013520,0001582313,2018-05-15,Xenon Pharmaceuticals Inc.  (XENE)  (CIK 0001582313),xene-ex991_6.htm,2018-05-15,Nasdaq,XENE,XEN901,1,epilepsy,,False,
0001171843-18-004015,0001183765,2018-05-16,"Molecular Templates, Inc.  (MTEM)  (CIK 0001183765)",exh_991.htm,2018-05-16,Nasdaq,MTEM,MT-3724,1,B-cell non-Hodgkin's lymphoma,,False,
0001564590-18-013716,0001628738,2018-05-16,"Audentes Therapeutics, Inc.  (CIK 0001628738)",bold-8k_20180516.htm,2018-05-16,Nasdaq,BOLD,AT132,1/2,X-Linked Myotubular Myopathy,ASPIRO,False,
0001104659-18-033970,0000855654,2018-05-17,IMMUNOGEN INC  (CIK 0000855654),a18-13726_1ex99d1.htm,2018-05-16,Nasdaq,IMGN,mirvetuximab soravtansine,2,ovarian cancer,FORWARD II,False,
0001104659-18-034434,0001260990,2018-05-18,GTX INC /DE/  (ONCT)  (CIK 0001260990),a18-13789_1ex99d1.htm,2018-05-18,Nasdaq,GTXI,enobosarm,2,stress urinary incontinence,ASTRID,True,
0001628280-18-007001,0000357097,2018-05-21,"Fibrocell Science, Inc.  (CIK 0000357097)",a052118finalfcscfcx007v9.htm,2018-05-21,NASDAQ,FCSC,FCX-007,1/2,recessive dystrophic epidermolysis bullosa,,False,NCT02810951
0001193125-18-169689,0000921299,2018-05-21,FIBROGEN INC  (FGEN)  (CIK 0000921299),d582567dex991.htm,2018-05-21,NASDAQ,FGEN,pamrevlumab,2b,idiopathic pulmonary fibrosis,PRAISE,True,
0001485003-18-000075,0001485003,2018-05-21,"Sesen Bio, Inc.  (CARM)  (CIK 0001485003)",vistaauapresentation2018.htm,2018-05-21,,,Vicinium,3,BCG-unresponsive non-muscle invasive bladder cancer,VISTA,False,
0001485003-18-000077,0001485003,2018-05-21,"Sesen Bio, Inc.  (CARM)  (CIK 0001485003)",sesn-auadataprvfinal.htm,2018-05-21,Nasdaq,SESN,Vicinium,3,high-grade non-muscle invasive bladder cancer,VISTA,False,NCT02449239
0001104659-18-034636,0001641640,2018-05-21,Nabriva Therapeutics plc  (CIK 0001641640),a18-13938_18k.htm,2018-05-21,,,lefamulin,3,CABP,LEAP 2,False,
0001193125-18-172007,0001347178,2018-05-23,Vanda Pharmaceuticals Inc.  (VNDA)  (CIK 0001347178),d564013dex991.htm,2018-05-23,Nasdaq,VNDA,tasimelteon,,Jet Lag Disorder,JET Study,False,
0001104659-18-035292,0001434868,2018-05-23,"Esperion Therapeutics, Inc.  (ESPR)  (CIK 0001434868)",a18-14203_18k.htm,2018-05-23,Nasdaq,ESPR,bempedoic acid,3,hypercholesterolemia,Study 3,False,
0001615774-18-004308,0001430306,2018-05-24,Tonix Pharmaceuticals Holding Corp.  (TNXP)  (CIK 0001430306),s110252_ex99-01.htm,2018-05-24,Nasdaq,TNXP,TNX-102 SL,1,PTSD and agitation in Alzheimer’s disease,,False,NCT03062540
0001564590-18-014356,0001358762,2018-05-25,REATA PHARMACEUTICALS INC  (CIK 0001358762),reta-8k_20180525.htm,2018-05-25,NASDAQ,RETA,bardoxolone methyl,2,autosomal dominant polycystic kidney disease and IgA nephropathy,PHOENIX,False,
0001104659-18-036423,0001347613,2018-05-29,"SYNERGY PHARMACEUTICALS, INC.  (CIK 0001347613)",a18-14478_1ex99d1.htm,2018-05-29,NASDAQ,SGYP,TRULANCE (plecanatide),3,Chronic Idiopathic Constipation (CIC) and Irritable Bowel Syndrome with Constipation (IBS-C),,False,
0001193125-18-177717,0001174940,2018-05-30,ORAGENICS INC  (OGEN)  (CIK 0001174940),d596803d8k.htm,2018-05-30,NYSE American,OGEN,AG013,2,oral mucositis,,False,NCT03234465
0001193125-18-179489,0000921299,2018-05-31,FIBROGEN INC  (FGEN)  (CIK 0000921299),d598105d8k.htm,2018-05-31,Nasdaq,FGEN,roxadustat,3,anemia in hemodialysis-dependent chronic kidney disease,,False,
0001104659-18-036933,0001157601,2018-05-31,"MADRIGAL PHARMACEUTICALS, INC.  (MDGL)  (CIK 0001157601)",a18-14602_1ex99d1.htm,2018-05-31,Nasdaq,MDGL,MGL-3196,2,non-alcoholic steatohepatitis (NASH),,False,NCT02912260
0001615774-18-004663,0001430306,2018-05-31,Tonix Pharmaceuticals Holding Corp.  (TNXP)  (CIK 0001430306),s110564_ex99-02.htm,2018-05-31,Nasdaq,TNXP,Tonmya,2,posttraumatic stress disorder (PTSD),AtEase,True,NCT03062540
0001193125-18-181722,0001403752,2018-06-01,Zymeworks Inc.  (CIK 0001403752),d557578d8k.htm,2018-06-01,NYSE/TSX,ZYME,ZW25,1,HER2-expressing cancers,,False,
0001615774-18-004763,0000906709,2018-06-04,NEKTAR THERAPEUTICS  (NKTR)  (CIK 0000906709),s110616_8k.htm,2018-06-02,Nasdaq,NKTR,NKTR-214,1/2,"metastatic melanoma, renal cell carcinoma, and urothelial cancers",PIVOT,False,
0001193125-18-182512,0000921299,2018-06-04,FIBROGEN INC  (FGEN)  (CIK 0000921299),d590719dex991.htm,2018-06-03,NASDAQ,FGEN,pamrevlumab,1/2,locally advanced unresectable pancreatic cancer,,False,
0001654954-18-006261,0001001316,2018-06-04,"TG THERAPEUTICS, INC.  (TGTX)  (CIK 0001001316)",v060418_8kv1.htm,2018-06-04,NASDAQ,TGTX,umbralisib,2,Chronic Lymphocytic Leukemia,KI Intolerance Study,False,
0001100412-18-000011,0001100412,2018-06-04,ARRAY BIOPHARMA INC  (CIK 0001100412),ascocolumbusdatareleasefin.htm,2018-06-04,NASDAQ,ARRY,encorafenib and binimetinib,3,BRAF-mutant advanced melanoma,COLUMBUS,True,NCT01909453
0001193125-18-182405,0001175505,2018-06-04,FIVE PRIME THERAPEUTICS INC  (CIK 0001175505),d588733dex991.htm,2018-06-04,,,cabiralizumab + nivolumab,1a/1b,advanced solid tumors,NCT02526017,False,NCT02526017;NCT03336216
0001171843-18-004400,0001183765,2018-06-04,"Molecular Templates, Inc.  (MTEM)  (CIK 0001183765)",exh_991.htm,2018-06-04,Nasdaq,MTEM,MT-3724 and Evofosfamide,1,B-cell non-Hodgkin Lymphoma,,False,
0001193125-18-182566,0001262104,2018-06-04,"MEI Pharma, Inc.  (MEIP)  (CIK 0001262104)",d596104d8k.htm,2018-06-04,NASDAQ,MEIP,ME-401,1b,Indolent B-Cell Malignancies,,False,NCT03151304
0001193125-18-182600,0001401667,2018-06-04,"PUMA BIOTECHNOLOGY, INC.  (PBYI)  (CIK 0001401667)",d596483d8k.htm,2018-06-02,Nasdaq,PUMA,PB272 (neratinib),1b/2,HER2-positive metastatic breast cancer,FB-10,False,
0001193125-18-182618,0001439222,2018-06-04,AGIOS PHARMACEUTICALS INC  (AGIO)  (CIK 0001439222),d565101d8k.htm,2018-06-01,NASDAQ,AGIO,AG-881,1,IDH mutant positive advanced glioma and other solid tumors,,False,
0001193125-18-182602,0001501989,2018-06-04,"CytomX Therapeutics, Inc.  (CTMX)  (CIK 0001501989)",d596961d8k.htm,2018-06-02,Nasdaq,CYTK,CX-072,1/2,"advanced, unresectable solid tumors",PROCLAIM-072,False,
0001104659-18-037792,0001581720,2018-06-04,"Loxo Oncology, Inc.  (CIK 0001581720)",a18-14651_18k.htm,2018-06-02,Nasdaq,LOXO,LOXO-292,1,RET-altered cancers,LIBRETTO-001,False,
0001104659-18-037806,0001621227,2018-06-04,Adaptimmune Therapeutics PLC  (ADAP)  (CIK 0001621227),a18-14776_18k.htm,2018-06-02,Nasdaq,ADAP,NY-ESO SPEAR T-cells,,myxoid/round cell liposarcoma,,True,
0001640455-18-000064,0001640455,2018-06-04,"Jounce Therapeutics, Inc.  (CIK 0001640455)",jnce060420188-k.htm,2018-06-02,Nasdaq,JNCE,JTX-2011,1/2,advanced solid tumors,ICONIC,False,
0001193125-18-182449,0001654151,2018-06-04,"Deciphera Pharmaceuticals, Inc.  (CIK 0001654151)",d596074dex991.htm,2018-06-02,NASDAQ,DCPH,DCC-2618,1,gastrointestinal stromal tumors,,False,
0001193125-18-183495,0001654151,2018-06-04,"Deciphera Pharmaceuticals, Inc.  (CIK 0001654151)",d594238dex992.htm,,,,DCC-2618,1,gastrointestinal stromal tumor,,True,
0001437749-18-011261,0000835887,2018-06-05,PROGENICS PHARMACEUTICALS INC  (CIK 0000835887),ex_115928.htm,2018-06-04,Nasdaq,PGNX,AZEDRA,2,pheochromocytoma and paraganglioma,,False,
0001193125-18-183849,0001029142,2018-06-05,DYNAVAX TECHNOLOGIES CORP  (DVAX)  (CIK 0001029142),d775958dex991.htm,2018-06-04,Nasdaq,DVAX,SD-101,1b/2,advanced melanoma,,False,
0001280600-18-000035,0001280600,2018-06-05,ACCELERON PHARMA INC  (CIK 0001280600),xlrn-20180605form8xkex991.htm,2018-06-04,Nasdaq,XLRN,luspatercept,2,myelodysplastic syndromes,,False,
0001104659-18-038489,0001347613,2018-06-06,"SYNERGY PHARMACEUTICALS, INC.  (CIK 0001347613)",a18-14478_2ex99d1.htm,2018-06-05,Nasdaq,SGYP,plecanatide,,Chronic Idiopathic Constipation (CIC) and Irritable Bowel Syndrome with Constipation (IBS-C),,False,
0001193125-18-185615,0001445283,2018-06-06,"PROTEOSTASIS THERAPEUTICS, INC.  (KA)  (CIK 0001445283)",d598426d8k.htm,2018-06-06,Nasdaq,PTI,PTI-801,1,cystic fibrosis,,False,
0001193125-18-185821,0001403752,2018-06-07,Zymeworks Inc.  (CIK 0001403752),d596080d8k.htm,2018-06-01,,,ZW25,1,HER2-expressing cancers,,False,
0001171843-18-004545,0000819050,2018-06-11,VICAL INC  (FRTX)  (CIK 0000819050),exh_991.htm,2018-06-11,Nasdaq,VICL,therapeutic bivalent vaccine candidate for herpes simplex virus type 2,2,herpes simplex virus type 2 (HSV-2),,False,
0001178913-18-001893,0001158780,2018-06-12,PLURISTEM THERAPEUTICS INC  (PLUR)  (CIK 0001158780),zk1821796.htm,2018-06-12,,,PLX-PAD,2,Intermittent Claudication (IC),,False,
0001564590-18-015482,0001641489,2018-06-12,vTv Therapeutics Inc.  (VTVT)  (CIK 0001641489),vtvt-8k_20180612.htm,2018-06-12,Nasdaq,VTVT,azeliragon,3,mild Alzheimer’s disease,STEADFAST,False,
0001493152-18-008575,0001595097,2018-06-13,"Corbus Pharmaceuticals Holdings, Inc.  (CRBP)  (CIK 0001595097)",ex99-1.htm,2018-06-13,NASDAQ,CRBP,lenabasum,2,systemic sclerosis and dermatomyositis,,False,NCT02466243
0001654954-18-006703,0001001316,2018-06-15,"TG THERAPEUTICS, INC.  (TGTX)  (CIK 0001001316)",v061518_8k.htm,2018-06-15,NASDAQ,TGTX,umbralisib,1 or 2,relapsed or refractory lymphoid malignancies,,True,
0001564590-18-015655,0001293971,2018-06-15,"bluebird bio, Inc.  (BLUE)  (CIK 0001293971)",blue-8k_20180615.htm,2018-06-15,Nasdaq,BLUE,LentiGlobin,1,severe sickle cell disease,HGB-206,False,
0001453687-18-000039,0001453687,2018-06-15,SELECTA BIOSCIENCES INC  (RNAC)  (CIK 0001453687),exhibit991_pressrelease.htm,2018-06-15,NASDAQ,SELB,SEL-212,2,chronic severe gout,,True,
0001558370-18-005297,0001597264,2018-06-15,Blueprint Medicines Corp  (BPMC)  (CIK 0001597264),ex-99d1.htm,2018-06-15,Nasdaq,BPMC,avapritinib,1,advanced Systemic Mastocytosis,EXPLORER,True,NCT02561988
0001171843-18-004660,0001629137,2018-06-15,"Global Blood Therapeutics, Inc.  (CIK 0001629137)",exh_991.htm,2018-06-15,Nasdaq,GBT,voxelotor,2a,sickle cell disease,HOPE-KIDS 1,False,
0001171843-18-004688,0001651308,2018-06-15,"BeiGene, Ltd.  (BGNE, BEIGF)  (CIK 0001651308)",exh_991.htm,2018-06-15,Nasdaq,BGNE,zanubrutinib,1,Waldenström macroglobulinemia,,False,
0001654954-18-006743,0001001316,2018-06-18,"TG THERAPEUTICS, INC.  (TGTX)  (CIK 0001001316)",v061818_8k.htm,2018-06-18,Nasdaq,TGTX,umbralisib,2,Chronic Lymphocytic Leukemia,,False,
0001171843-18-004697,0001061983,2018-06-18,CYTOKINETICS INC  (CYTK)  (CIK 0001061983),exh_991.htm,2018-06-16,Nasdaq,CYTK,reldesemtiv,2,spinal muscular atrophy,,False,
0001564590-18-015793,0000873303,2018-06-19,"Sarepta Therapeutics, Inc.  (SRPT)  (CIK 0000873303)",srpt-ex991_7.htm,2018-06-19,Nasdaq,SRPT,AAVrh74.MHCK7.micro-Dystrophin,1/2a,Duchenne muscular dystrophy,,False,
0001280600-18-000042,0001280600,2018-06-20,ACCELERON PHARMA INC  (CIK 0001280600),xlrn-20180620form8kex991.htm,2018-06-15,Nasdaq,XLRN,luspatercept,2,beta-thalassemia,,True,
0001193125-18-198673,0000818033,2018-06-21,"HERON THERAPEUTICS, INC. /DE/  (HRTX)  (CIK 0000818033)",d611150d8k.htm,2018-06-21,Nasdaq,HRTX,HTX-011,2b,total knee arthroplasty and breast augmentation,Study 209 and Study 211,False,
0001494650-18-000074,0001494650,2018-06-21,"OptiNose, Inc.  (OPTN)  (CIK 0001494650)",a20180620exhance-12announc.htm,2018-06-21,Nasdaq,OPTN,XHANCE,3,nasal polyps and chronic sinusitis,NAVIGATE II and EXHANCE-12,True,
0001193125-18-202464,0000818033,2018-06-25,"HERON THERAPEUTICS, INC. /DE/  (HRTX)  (CIK 0000818033)",d601588dex991.htm,2018-06-21,Nasdaq,HRTX,HTX-011,2b,total knee arthroplasty and breast augmentation,Study 209 and Study 211,False,
0001100412-18-000013,0001100412,2018-06-25,ARRAY BIOPHARMA INC  (CIK 0001100412),arraybeaconesmogi62218fi.htm,2018-06-23,NASDAQ,ARRY,"encorafenib, binimetinib and cetuximab",3,BRAF-mutant metastatic colorectal cancer,BEACON CRC,True,NCT01719380;NCT02928224
0001193125-18-201664,0001374690,2018-06-25,"ZAFGEN, INC.  (LRMR)  (CIK 0001374690)",d466524dex991.htm,2018-06-23,Nasdaq,ZFGN,ZGN-1061,2,type 2 diabetes,,False,
0001437749-18-012318,0001563855,2018-06-25,SOPHIRIS BIO INC.  (CIK 0001563855),ex_116884.htm,2018-06-25,NASDAQ,SPHS,topsalysin,2b,localized prostate cancer,,False,
0001193125-18-203109,0001339970,2018-06-26,aTYR PHARMA INC  (ATYR)  (CIK 0001339970),d831924d8k.htm,2018-06-26,Nasdaq,LIFE,ATYR1923,1,interstitial lung diseases,,False,
0001193125-18-205087,0001213037,2018-06-27,"Trovagene, Inc.  (CRDF)  (CIK 0001213037)",d797957d8k.htm,2018-06-27,NASDAQ,TROV,PCM-075,1b/2,relapsed or refractory Acute Myeloid Leukemia,,False,NCT03303339;NCT03414034
0001193125-18-205700,0001346830,2018-06-27,"Cara Therapeutics, Inc.  (CARA)  (CIK 0001346830)",d851937d8k.htm,2018-06-27,Nasdaq,CARA,I.V. CR845,2/3,abdominal surgery,,False,
0001193125-18-204812,0001404644,2018-06-27,"AQUINOX PHARMACEUTICALS, INC  (NGNE)  (CIK 0001404644)",d849855dex991.htm,2018-06-27,NASDAQ,AQXP,rosiptor (AQX-1125),3,interstitial cystitis/bladder pain syndrome (IC/BPS),LEADERSHIP 301,False,
0001171843-18-004849,0001629137,2018-06-27,"Global Blood Therapeutics, Inc.  (CIK 0001629137)",exh_991.htm,2018-06-27,NASDAQ,GBT,voxelotor,3,sickle cell disease,HOPE,False,
0001104659-18-042589,0001720893,2018-06-27,"BioXcel Therapeutics, Inc.  (BTAI)  (CIK 0001720893)",a18-16160_18k.htm,2018-06-27,Nasdaq,BTAI,dexmedetomidine,1b,agitation,,False,
0001144204-18-036399,0000816284,2018-06-28,CELGENE CORP /DE/  (CIK 0000816284),tv497569_8k.htm,2018-06-28,NASDAQ,"CELG, XLRN",luspatercept,3,myelodysplastic syndromes,MEDALIST,False,
0001280600-18-000044,0001280600,2018-06-28,ACCELERON PHARMA INC  (CIK 0001280600),xlrn-20180628ex991.htm,2018-06-28,NASDAQ,"CELG, XLRN",luspatercept,3,myelodysplastic syndromes,MEDALIST,False,
0001193125-18-206538,0001501697,2018-06-28,"Arsanis, Inc.  (XFOR, XFOWW)  (CIK 0001501697)",d641974dex991.htm,2018-06-28,NASDAQ,ASNS,ASN100,2,S. aureus pneumonia,,False,
0001126234-18-000108,0001126234,2018-07-02,NEWLINK GENETICS CORP  (LUMO)  (CIK 0001126234),nlnk-20180702x8kxex991.htm,2018-07-02,NASDAQ,NLNK,indoximod,1,diffuse intrinsic pontine glioma,NLG2105,True,
0001654954-18-007269,0001604191,2018-07-03,"AzurRx BioPharma, Inc.  (ENTO)  (CIK 0001604191)",ex99-1.htm,2018-06-29,NASDAQ,AZRX,MS1819-SD,2a,exocrine pancreatic insufficiency,,False,NCT03481803
0001104659-18-043916,0001621443,2018-07-05,"Zynerba Pharmaceuticals, Inc.  (CIK 0001621443)",a18-16397_18k.htm,2018-07-05,NASDAQ,ZYNE,ZYN001,1,,,False,
0001144204-18-037719,0000816284,2018-07-09,CELGENE CORP /DE/  (CIK 0000816284),tv498220_8k.htm,2018-07-09,Nasdaq,CELG,luspatercept,3,transfusion-dependent beta-thalassemia,BELIEVE,False,
0001280600-18-000046,0001280600,2018-07-09,ACCELERON PHARMA INC  (CIK 0001280600),xlrn-20180709ex991.htm,2018-07-09,Nasdaq,CELG,luspatercept,3,transfusion-dependent beta-thalassemia,BELIEVE,False,
0001437749-18-013068,0001434647,2018-07-09,"KEMPHARM, INC  (ZVRA)  (CIK 0001434647)",ex_117455.htm,2018-07-09,Nasdaq,KMPH,KP415,,attention-deficit/hyperactivity disorder,KP415.E01,False,
0001193125-18-214220,0001701108,2018-07-09,"Spero Therapeutics, Inc.  (SPRO)  (CIK 0001701108)",d698178d8k.htm,2018-07-09,Nasdaq,SPRO,SPR994,1,Gram-negative infections,,False,
0001104659-18-044447,0000881524,2018-07-10,VIVUS INC  (CIK 0000881524),a18-17019_18k.htm,2018-07-10,Nasdaq,VVUS,VI-0106,1,pulmonary arterial hypertension,,False,
0001193125-18-216483,0001375151,2018-07-12,"ZOGENIX, INC.  (CIK 0001375151)",d489105d8k.htm,2018-07-12,,,ZX008,3,Dravet syndrome,Study 1504,False,
0001104659-18-044790,0001621443,2018-07-12,"Zynerba Pharmaceuticals, Inc.  (CIK 0001621443)",a18-16527_28k.htm,2018-07-12,Nasdaq,ZYNE,ZYN002,2,Fragile X Syndrome,FAB-C,False,
0001564590-18-016892,0001080709,2018-07-17,ARENA PHARMACEUTICALS INC  (CIK 0001080709),arna-8k_20180717.htm,2018-07-17,,,BELVIQ,,obesity,CAMELLIA-TIMI61,False,
0001144204-18-038672,0001279704,2018-07-17,"Cellectar Biosciences, Inc.  (CLRB)  (CIK 0001279704)",tv498708_ex99-1.htm,2018-07-17,Nasdaq,CLRB,CLR 131,2,Waldenstrom macroglobulinemia,CLR 131 Phase 2 trial,False,NCT02952508
0001193125-18-220636,0001124105,2018-07-18,"CATALYST BIOSCIENCES, INC.  (GYRE)  (CIK 0001124105)",d559464d8k.htm,2018-07-18,NASDAQ,CBIO,marzeptacog alfa (activated),2/3,hemophilia A or B with inhibitors,,False,
0001144204-18-038862,0001279704,2018-07-18,"Cellectar Biosciences, Inc.  (CLRB)  (CIK 0001279704)",tv498814_8k.htm,2018-07-18,Nasdaq,CLRB,CLR 131,2,diffuse large B-cell lymphoma (DLBCL),,False,NCT02952508
0001564590-18-017084,0001358762,2018-07-23,REATA PHARMACEUTICALS INC  (CIK 0001358762),reta-ex991_35.htm,2018-07-23,Nasdaq,RETA,bardoxolone methyl,2,chronic kidney disease (CKD),CARDINAL and PHOENIX,False,
0001104659-18-046458,0001583771,2018-07-23,"ContraVir Pharmaceuticals, Inc.  (HEPA, CTRVP)  (CIK 0001583771)",a18-17590_1ex99d1.htm,2018-07-23,NASDAQ,CTRV,CRV431,1/2A,hepatitis B virus (HBV),,False,
0001193125-18-224701,0001656328,2018-07-24,"Sienna Biopharmaceuticals, Inc.  (CIK 0001656328)",d550872dex991.htm,2018-07-24,NASDAQ,SNNA,SNA-120,1b,itch associated with psoriasis,,False,
0001493152-18-010414,0001360214,2018-07-25,"Imprimis Pharmaceuticals, Inc.  (HROW, HROWL, HROWM)  (CIK 0001360214)",ex99-1.htm,2018-07-24,,,EM-100,3,ocular itching associated with allergic conjunctivitis,,False,
0001654954-18-008007,0001410098,2018-07-25,CorMedix Inc.  (CRMD)  (CIK 0001410098),crmd_8k.htm,2018-07-25,NYSE American,CRMD,Neutrolin,3,catheter-related blood stream infections (CRBSI),LOCK-IT-100,False,
0001564590-18-017423,0001539029,2018-07-25,"Clearside Biomedical, Inc.  (CLSD)  (CIK 0001539029)",clsd-8k_20180725.htm,2018-07-25,Nasdaq,CLS,CLS-TA,3,Noninfectious Uveitis,PEACHTREE,False,
0001193125-18-225295,0001720580,2018-07-25,"resTORbio, Inc.  (ACET)  (CIK 0001720580)",d549570d8k.htm,2018-07-25,Nasdaq,TORC,RTB101,2b,respiratory tract infections,,False,NCT03373903
0001171843-18-005403,0000882796,2018-07-26,BIOCRYST PHARMACEUTICALS INC  (BCRX)  (CIK 0000882796),exh_991.htm,2018-07-25,NASDAQ,BCRX,BCX7353,2,hereditary angioedema,APeX-1,False,
0001100412-18-000015,0001100412,2018-07-26,ARRAY BIOPHARMA INC  (CIK 0001100412),draft8k726az.htm,2018-07-26,,ARRY,selumetinib,3,differentiated thyroid cancer,ASTRA,False,
0001104659-18-047412,0001651308,2018-07-26,"BeiGene, Ltd.  (BGNE, BEIGF)  (CIK 0001651308)",a18-17578_28k.htm,2018-07-22,NASDAQ,BGNE,tislelizumab,2,relapsed/refractory classical Hodgkin’s lymphoma,,False,
0001615774-18-006927,0001430306,2018-07-27,Tonix Pharmaceuticals Holding Corp.  (TNXP)  (CIK 0001430306),s111593_ex99-01.htm,2018-07-27,Nasdaq,TNXP,Tonmya,3,military-related posttraumatic stress disorder (PTSD),HONOR,False,
0001104659-18-047866,0001651308,2018-07-30,"BeiGene, Ltd.  (BGNE, BEIGF)  (CIK 0001651308)",a18-17930_18k.htm,2018-07-30,,,tislelizumab,2,relapsed/refractory classical Hodgkin’s lymphoma,,True,
0001714899-18-000003,0001714899,2018-08-01,Denali Therapeutics Inc.  (DNLI)  (CIK 0001714899),exh991lrrk2pressrelease.htm,2018-08-01,NASDAQ,DNLI,DNL201,1,Parkinson’s disease,,False,
0001564590-18-019277,0001636651,2018-08-06,Ovid Therapeutics Inc.  (OVID)  (CIK 0001636651),ovid-8k_20180806.htm,2018-08-06,NASDAQ,OVID,OV101,2,Angelman syndrome,STARS,False,
0001600132-18-000128,0001600132,2018-08-07,"Bellerophon Therapeutics, Inc.  (BLPH)  (CIK 0001600132)",a8-kaugust2018studydataex9.htm,2018-08-07,Nasdaq,BLPH,INOpulse,3,pulmonary arterial hypertension (PAH),INOvation-1,False,
0001104659-18-050259,0001082554,2018-08-08,UNITED THERAPEUTICS Corp  (UTHR)  (CIK 0001082554),a18-18453_18k.htm,2018-08-08,Nasdaq,UTHR,Orenitram,3,pulmonary arterial hypertension,FREEDOM-EV,False,
0001144204-18-044009,0001682639,2018-08-13,"EYENOVIA, INC.  (EYEN)  (CIK 0001682639)",tv500728_8k.htm,2018-08-13,NASDAQ,EYEN,latanoprost,,intraocular pressure (IOP),EYN PG21,False,
0001144204-18-044482,0001053369,2018-08-14,ELITE PHARMACEUTICALS INC /NV/  (ELTP)  (CIK 0001053369),tv500994_8k.htm,2018-08-14,,,undisclosed antibiotic generic product,,,,False,
0001193125-18-249889,0001124105,2018-08-15,"CATALYST BIOSCIENCES, INC.  (GYRE)  (CIK 0001124105)",d610054d8k.htm,2018-08-15,NASDAQ,CBIO,marzeptacog alfa (activated),2/3,hemophilia A or B with inhibitors,,True,
0001193125-18-249109,0001337553,2018-08-15,AERIE PHARMACEUTICALS INC  (CIK 0001337553),d604455dex991.htm,2018-08-15,NASDAQ,AERI,Rhopressa,,open-angle glaucoma or ocular hypertension,AR-13324-CS206,False,NCT02406287;NCT03233308
0001144204-18-045577,0001279704,2018-08-20,"Cellectar Biosciences, Inc.  (CLRB)  (CIK 0001279704)",tv501378_ex99-1.htm,2018-08-20,Nasdaq,CLRB,CLR 131,1b,relapsed/refractory multiple myeloma,,False,
0001615774-18-008412,0001430306,2018-08-21,Tonix Pharmaceuticals Holding Corp.  (TNXP)  (CIK 0001430306),s112214_ex99-02.htm,2018-08-21,Nasdaq,TNXP,TNX-102 SL,3,posttraumatic stress disorder,HONOR,True,NCT03062540
0001615774-18-008538,0001430306,2018-08-23,Tonix Pharmaceuticals Holding Corp.  (TNXP)  (CIK 0001430306),s112271_8k.htm,2018-08-23,,,TNX-102 SL,3,posttraumatic stress disorder,HONOR,True,
0001104659-18-053610,0001434868,2018-08-27,"Esperion Therapeutics, Inc.  (ESPR)  (CIK 0001434868)",a18-21191_18k.htm,2018-08-27,NASDAQ,ESPR,bempedoic acid / ezetimibe,3,LDL-C,1002-053,False,
0001012477-18-000025,0001012477,2018-08-29,AVADEL PHARMACEUTICALS PLC  (AVDL)  (CIK 0001012477),icspressrelease_updatedx08.htm,2018-08-29,Nasdaq,AVDL,AV002,3,nocturia,,False,
0001564590-18-022422,0001582313,2018-08-29,Xenon Pharmaceuticals Inc.  (XENE)  (CIK 0001582313),xene-ex991_7.htm,2018-08-29,Nasdaq,XENE,XEN1101,1b,epilepsy,,False,
0001193125-18-265020,0001326190,2018-08-31,"Altimmune, Inc.  (ALT)  (CIK 0001326190)",d614112d8k.htm,2018-08-31,Nasdaq,ALT,NasoShield,1,anthrax,,False,
0001171843-18-006354,0000882796,2018-09-04,BIOCRYST PHARMACEUTICALS INC  (BCRX)  (CIK 0000882796),exh_991.htm,2018-09-04,NASDAQ,BCRX,BCX7353,,Hereditary Angioedema (HAE),ZENITH-1,False,
0001171843-18-006363,0000882796,2018-09-04,BIOCRYST PHARMACEUTICALS INC  (BCRX)  (CIK 0000882796),exh_991.htm,2018-09-04,NASDAQ,BCRX,BCX7353,,Hereditary Angioedema (HAE) attacks,ZENITH-1,True,
0001193125-18-266160,0001326190,2018-09-04,"Altimmune, Inc.  (ALT)  (CIK 0001326190)",d617294d8k.htm,2018-09-04,Nasdaq,ALT,NasoVAX,2a,influenza,,True,
0001144204-18-047702,0001372514,2018-09-04,"EYEGATE PHARMACEUTICALS INC  (KPRX, KPHMW)  (CIK 0001372514)",tv502229_8k.htm,2018-09-04,NASDAQ,EYEG,EGP-437,3,non-infectious anterior segment uveitis,,False,
0001193125-18-265528,0001492422,2018-09-04,"Apellis Pharmaceuticals, Inc.  (APLS)  (CIK 0001492422)",d617643dex991.htm,2018-09-04,Nasdaq,APLS,APL-2,1b,paroxysmal nocturnal hemoglobinuria (PNH),PHAROAH,True,
0001564590-18-022572,0001636282,2018-09-04,"Aeglea BioTherapeutics, Inc.  (SYRE)  (CIK 0001636282)",agle-ex991_327.htm,2018-09-04,NASDAQ,AGLE,pegzilarginase,1/2,Arginase 1 Deficiency (ARG1-D),,False,
0001564590-18-022630,0001293971,2018-09-05,"bluebird bio, Inc.  (BLUE)  (CIK 0001293971)",blue-8k_20180905.htm,2018-09-05,Nasdaq,BLUE,Lenti-D,2/3,cerebral adrenoleukodystrophy,Starbeam,True,
0001193125-18-266656,0001399529,2018-09-05,Dicerna Pharmaceuticals Inc  (CIK 0001399529),d619088d8k.htm,,,,DCR-PHXC,1,primary hyperoxaluria type 1 and type 2,PHYOX,False,NCT03392896
0001104659-18-055203,0001491576,2018-09-05,"TESARO, Inc.  (CIK 0001491576)",a18-26058_1ex99d1.htm,2018-09-04,NASDAQ,TSRO,ZEJULA,2,non-small cell lung cancer,JASPER,False,
0001193125-18-266683,0001588972,2018-09-05,"Recro Pharma, Inc.  (CIK 0001588972)",d603527dex991.htm,2018-09-05,NASDAQ,REPH,IV meloxicam,3,moderate to severe pain,,True,
0001144204-18-048216,0001651407,2018-09-06,"Checkpoint Therapeutics, Inc.  (CKPT)  (CIK 0001651407)",tv502388_8k.htm,2018-09-06,NASDAQ,CKPT,CK-101,1/2,non-small cell lung cancer (NSCLC),,False,NCT02926768
0001437749-18-016923,0000835887,2018-09-12,PROGENICS PHARMACEUTICALS INC  (CIK 0000835887),ex_123866.htm,2018-09-12,NASDAQ,PGNX,1404,3,prostate cancer,,False,
0001171843-18-006497,0001280776,2018-09-12,VITAL THERAPIES INC  (IMUX)  (CIK 0001280776),exh_991.htm,2018-09-12,Nasdaq,VTL,ELAD,3,acute forms of liver failure,VTL-308,False,
0001193125-18-271781,0001660334,2018-09-12,Verrica Pharmaceuticals Inc.  (VRCA)  (CIK 0001660334),d630711d8k.htm,2018-09-12,Nasdaq,VRCA,VP-102,2,molluscum contagiosum,Innovate,False,
0001615774-18-009490,0001488039,2018-09-13,ATOSSA GENETICS INC  (ATOS)  (CIK 0001488039),s112679_ex99-1.htm,2018-09-13,NASDAQ,ATOS,topical Endoxifen,1,gynecomastia,,False,
0001193125-18-273420,0001503802,2018-09-14,Karyopharm Therapeutics Inc.  (KPTI)  (CIK 0001503802),d622053d8k.htm,2018-09-13,Nasdaq,KPTI,selinexor,2b,penta-refractory multiple myeloma,STORM,True,
0001213900-18-012620,0001385818,2018-09-17,"AYTU BIOSCIENCE, INC  (AYTU)  (CIK 0001385818)",f8k091718ex99-1_aytubio.htm,2018-09-17,NASDAQ,AYTU,Natesto,4,hypogonadism,Natesto Spermatogenesis Study,True,NCT03203681
0001104659-18-057064,0001730430,2018-09-17,"Kiniksa Pharmaceuticals, Ltd.  (KNSA)  (CIK 0001730430)",a18-30113_18k.htm,2018-09-15,Nasdaq,KNSA,KPL-716,1a/1b,atopic dermatitis,,False,
0001104659-18-057358,0001583771,2018-09-18,"ContraVir Pharmaceuticals, Inc.  (HEPA, CTRVP)  (CIK 0001583771)",a18-31085_1ex99d1.htm,2018-09-18,NASDAQ,CTRV,CRV431,1,hepatitis B virus,,False,
0001564590-18-023246,0001607678,2018-09-18,"Viking Therapeutics, Inc.  (VKTX)  (CIK 0001607678)",vktx-ex991_6.htm,2018-09-18,NASDAQ,VKTX,VK2809,2,non-alcoholic fatty liver disease,,False,
0001193125-18-278131,0000921299,2018-09-20,FIBROGEN INC  (FGEN)  (CIK 0000921299),d627812d8k.htm,2018-09-20,TSE,4503,roxadustat,3,anemia in chronic kidney disease,ALPS,False,
0001193125-18-278101,0001133416,2018-09-20,GALECTIN THERAPEUTICS INC  (GALT)  (CIK 0001133416),d626312dex991.htm,2018-09-20,NASDAQ,GALT,GR-MD-02 and KEYTRUDA,1b,advanced melanoma and head and neck cancer,,True,NCT02575404
0001144204-18-050260,0001006281,2018-09-21,"Protalix BioTherapeutics, Inc.  (PLX)  (CIK 0001006281)",tv503284_8k.htm,2018-09-21,NYSE American,PLX,pegunigalsidase alfa (PRX-102),,Fabry disease,BRIDGE,False,
0001104659-18-057922,0001260990,2018-09-21,GTX INC /DE/  (ONCT)  (CIK 0001260990),a18-31242_18k.htm,2018-09-21,Nasdaq,GTXI,enobosarm,2,stress urinary incontinence,ASTRID,False,
0001193125-18-280561,0000897448,2018-09-24,AMARIN CORP PLC\UK  (AMRN)  (CIK 0000897448),d629023d8k.htm,2018-09-24,NASDAQ,AMRN,Vascepa,,cardiovascular risk,REDUCE-IT,False,
0001564590-18-023519,0001080709,2018-09-24,ARENA PHARMACEUTICALS INC  (CIK 0001080709),arna-8k_20180924.htm,2018-09-24,,,olorinab,2a,abdominal pain associated with Crohn’s disease,,False,
0001193125-18-280420,0001370053,2018-09-24,ANAPTYSBIO INC  (ANAB)  (CIK 0001370053),d626999dex991.htm,2018-09-24,Nasdaq,ANAB,etokimab,2a,severe eosinophilic asthma,,False,
0001415889-18-001421,0001604191,2018-09-24,"AzurRx BioPharma, Inc.  (ENTO)  (CIK 0001604191)",ex99-09242018_010909.htm,2018-09-24,Nasdaq,AZRX,MS1819-SD,2a,exocrine pancreatic insufficiency,,True,NCT03481803
0001171843-18-006672,0001651308,2018-09-24,"BeiGene, Ltd.  (BGNE, BEIGF)  (CIK 0001651308)",exh_991.htm,2018-09-20,Nasdaq,BGNE,tislelizumab,1/2,microsatellite instability-high or mismatch repair-deficient solid tumors,,False,
0001193125-18-281789,0001341235,2018-09-25,"Aldeyra Therapeutics, Inc.  (ALDX)  (CIK 0001341235)",d628877dex991.htm,2018-09-25,Nasdaq,ALDX,ADX-1612,1/2,pleural malignant mesothelioma,MESO-2,False,
0001564590-18-023539,0001358762,2018-09-25,REATA PHARMACEUTICALS INC  (CIK 0001358762),reta-ex991_33.htm,2018-09-25,Nasdaq,RETA,bardoxolone methyl,2,IgA nephropathy and type 1 diabetic chronic kidney disease,PHOENIX,False,
0001193125-18-285631,0001701108,2018-09-27,"Spero Therapeutics, Inc.  (SPRO)  (CIK 0001701108)",d630573dex991.htm,2018-09-27,Nasdaq,SPRO,SPR994,1,Gram-negative infections,,True,
0001193125-18-288517,0001060736,2018-10-01,SEATTLE GENETICS INC /WA  (CIK 0001060736),d633013d8k.htm,2018-10-01,Nasdaq,SGEN,ADCETRIS,3,peripheral T-cell lymphoma,ECHELON-2,False,
0001104659-18-059771,0001347613,2018-10-01,"SYNERGY PHARMACEUTICALS, INC.  (CIK 0001347613)",a18-36108_1ex99d1.htm,2018-10-01,NASDAQ,SGYP,TRULANCE,,Chronic Idiopathic Constipation and Irritable Bowel Syndrome with Constipation,,False,
0001193125-18-288547,0001681087,2018-10-01,"AVROBIO, Inc.  (TECX)  (CIK 0001681087)",d632954d8k.htm,2018-10-01,Nasdaq,AVRO,AVR-RD-01,1,Fabry disease,FAB-201,True,
0001564590-18-023845,0001080709,2018-10-02,ARENA PHARMACEUTICALS INC  (CIK 0001080709),arna-8k_20181002.htm,2018-10-02,,,ralinepag,2,pulmonary arterial hypertension,,True,
0001193125-18-292068,0000873303,2018-10-03,"Sarepta Therapeutics, Inc.  (SRPT)  (CIK 0000873303)",d616670dex991.htm,2018-10-03,NASDAQ,SRPT,AAVrh74.MHCK7.micro-Dystrophin,,Duchenne muscular dystrophy,,True,
0001437749-18-017999,0000835887,2018-10-05,PROGENICS PHARMACEUTICALS INC  (CIK 0000835887),ex_125093.htm,2018-10-05,Nasdaq,PGNX,PyL,2/3,prostate cancer,OSPREY 2301 Study,False,
0001144204-18-052605,0001006281,2018-10-05,"Protalix BioTherapeutics, Inc.  (PLX)  (CIK 0001006281)",tv504325_8k.htm,2018-10-05,NYSE American,PLX,pegunigalsidase alfa (PRX-102),3,Fabry disease,BRIDGE,True,
0001070081-18-000071,0001070081,2018-10-05,"PTC THERAPEUTICS, INC.  (PTCT)  (CIK 0001070081)",a2018-10x03ptct2018wmssmax.htm,2018-10-03,Nasdaq,PTCT,risdiplam (RG7916),1,spinal muscular atrophy,FIREFISH and SUNFISH,False,
0001104659-18-060642,0001178879,2018-10-05,AMICUS THERAPEUTICS INC  (FOLD)  (CIK 0001178879),a18-36411_18k.htm,2018-10-05,Nasdaq,FOLD,AT-GAA,1/2,Pompe disease,ATB200-02,False,
0001144204-18-052845,0000921114,2018-10-09,AmpliPhi Biosciences Corp  (ARMP)  (CIK 0000921114),tv504502_ex99-1.htm,2018-10-05,NYSE American,APHB,AB-SA01,,S. aureus infections,,False,
0001104659-18-060905,0001347613,2018-10-09,"SYNERGY PHARMACEUTICALS, INC.  (CIK 0001347613)",a18-36447_1ex99d1.htm,2018-10-08,NASDAQ,SGYP,TRULANCE (plecanatide),3,chronic idiopathic constipation (CIC) or irritable bowel syndrome with constipation (IBS-C),,True,
0001564590-18-024047,0001566044,2018-10-09,Menlo Therapeutics Inc.  (VYNE)  (CIK 0001566044),mnlo-ex991_6.htm,2018-10-08,NASDAQ,MNLO,serlopitant,2,refractory chronic cough,MTI-110 (TUSSIX),False,
0001558370-18-007655,0001597264,2018-10-09,Blueprint Medicines Corp  (BPMC)  (CIK 0001597264),ex-99d2.htm,2018-10-06,,,BLU-667,1,advanced RET-altered thyroid cancers,ARROW,True,NCT03037385
0001144204-18-053469,0001425205,2018-10-11,"IOVANCE BIOTHERAPEUTICS, INC.  (IOVA)  (CIK 0001425205)",tv504694_ex99-1.htm,2018-10-11,NASDAQ,IOVA,lifileucel,2,"metastatic melanoma, recurrent metastatic squamous cell carcinoma of the head and neck cancer, recurrent, metastatic or persistent cervical carcinoma",C-144-01,True,
0001144204-18-053318,0001535955,2018-10-11,Lipocine Inc.  (LPCN)  (CIK 0001535955),tv504499_8k.htm,2018-10-11,,,LPCN 1144,,non-alcoholic fatty liver disease (NAFLD) / non-alcoholic steatohepatitis (NASH),,False,
0001213900-18-013884,0000812796,2018-10-15,"SOLIGENIX, INC.  (SNGX)  (CIK 0000812796)",f8k101518ex99-1_soligenixinc.htm,2018-10-15,Nasdaq,SNGX,SGX301,3,Cutaneous T-cell lymphoma,FLASH,False,
0001654954-18-011171,0001001316,2018-10-15,"TG THERAPEUTICS, INC.  (TGTX)  (CIK 0001001316)",v101518_ex991.htm,2018-10-11,NASDAQ,TGTX,ublituximab (TG-1101),2,Multiple Sclerosis,,False,
0001193125-18-298897,0001711279,2018-10-15,"Krystal Biotech, Inc.  (KRYS)  (CIK 0001711279)",d638711dex991.htm,2018-10-15,Nasdaq,KRYS,KB103,1/2,Dystrophic Epidermolysis Bullosa,GEM,False,
0001171843-18-006990,0001651308,2018-10-16,"BeiGene, Ltd.  (BGNE, BEIGF)  (CIK 0001651308)",exh_991.htm,2018-10-12,NASDAQ,BGNE,zanubrutinib,1,Waldenström’s Macroglobulinemia,,True,
0001193125-18-301087,0001445283,2018-10-17,"PROTEOSTASIS THERAPEUTICS, INC.  (KA)  (CIK 0001445283)",d639182d8k.htm,2018-10-17,NASDAQ,PTI,PTI-801 and PTI-808,1,cystic fibrosis,,False,
0001564590-18-024362,0001636282,2018-10-17,"Aeglea BioTherapeutics, Inc.  (SYRE)  (CIK 0001636282)",agle-8k_20181017.htm,2018-10-17,NASDAQ,AGLE,pegzilarginase,1/2,Arginase 1 Deficiency,,False,
0001193125-18-303052,0001654151,2018-10-19,"Deciphera Pharmaceuticals, Inc.  (CIK 0001654151)",d640111dex991.htm,2018-10-19,,,DCC-2618,1,gastrointestinal stromal tumors,,False,
0001193125-18-303690,0001029142,2018-10-22,DYNAVAX TECHNOLOGIES CORP  (DVAX)  (CIK 0001029142),d633065dex991.htm,2018-10-20,NASDAQ,DVAX,SD-101,1b/2,advanced melanoma,SYNERGY-001,False,
0001564590-18-024573,0001422143,2018-10-22,"Kura Oncology, Inc.  (KURA)  (CIK 0001422143)",kura-ex991_6.htm,2018-10-22,Nasdaq,KURA,tipifarnib,2,squamous cell carcinomas,,False,
0001453687-18-000069,0001453687,2018-10-22,SELECTA BIOSCIENCES INC  (RNAC)  (CIK 0001453687),acrpostergoutflare2018fi.htm,,,,SEL-212,2,symptomatic gout,SEL-212/201,False,NCT02959918
0001104659-18-063175,0001509745,2018-10-22,"LEAP THERAPEUTICS, INC.  (LPTX)  (CIK 0001509745)",a18-37030_1ex99d1.htm,2018-10-21,Nasdaq,LPTX,DKN-01,1/2,esophagogastric cancer,P102,False,
0001104659-18-063179,0001621227,2018-10-22,Adaptimmune Therapeutics PLC  (ADAP)  (CIK 0001621227),a18-37038_18k.htm,2018-10-20,Nasdaq,ADAP,MAGE-A10 and MAGE-A4 SPEAR T-cells,,cancer,,False,
0001104659-18-063164,0001634432,2018-10-22,Strongbridge Biopharma plc  (CIK 0001634432),a18-37009_1ex99d1.htm,2018-10-22,Nasdaq,SBBP,RECORLEV (levoketoconazole),3,endogenous Cushing’s syndrome,SONICS,True,
0001564590-18-024570,0001636282,2018-10-22,"Aeglea BioTherapeutics, Inc.  (SYRE)  (CIK 0001636282)",agle-8k_20181022.htm,2018-10-22,Nasdaq,AGLE,pegzilarginase,1,melanoma,,False,
0001144204-18-054946,0001053369,2018-10-23,ELITE PHARMACEUTICALS INC /NV/  (ELTP)  (CIK 0001053369),tv505359_8k.htm,2018-10-23,OTCBB,ELTP,undisclosed immediate-release antibiotic generic product,,,,False,
0001453687-18-000071,0001453687,2018-10-23,SELECTA BIOSCIENCES INC  (RNAC)  (CIK 0001453687),a992acrpostersuaandada20.htm,2018-05-02,Nasdaq,SEL-212,SEL-212,2,symptomatic gout,NCT02959918,False,NCT02959918
0001564590-18-025039,0001636651,2018-10-25,Ovid Therapeutics Inc.  (OVID)  (CIK 0001636651),ovid-ex991_6.htm,2018-10-25,Nasdaq,OVID,OV101,2,Angelman syndrome,STARS,True,
0001171843-18-007233,0001651308,2018-10-25,"BeiGene, Ltd.  (BGNE, BEIGF)  (CIK 0001651308)",exh_991.htm,2018-10-22,Nasdaq,BGNE,pamiparib,1b,locally advanced or metastatic solid tumors,NCT03150810,False,NCT03150810
0001193125-18-308090,0000921299,2018-10-26,FIBROGEN INC  (FGEN)  (CIK 0000921299),d633501dex991.htm,2018-10-25,Nasdaq,FGEN,roxadustat,3,anemia associated with chronic kidney disease,,False,
0001104659-18-064280,0001434868,2018-10-29,"Esperion Therapeutics, Inc.  (ESPR)  (CIK 0001434868)",a18-38164_18k.htm,2018-10-28,Nasdaq,ESPR,bempedoic acid,3,atherosclerotic cardiovascular disease and/or heterozygous familial hypercholesterolemia,Study 2 or 1002-047,False,
0001193125-18-309367,0001590877,2018-10-29,REGENXBIO Inc.  (RGNX)  (CIK 0001590877),d646384dex992.htm,2018-10-26,Nasdaq,RGNX,RGX-314,1,wet age-related macular degeneration,,True,NCT03066258
0001104659-18-064473,0000827871,2018-10-30,"EAGLE PHARMACEUTICALS, INC.  (EGRX)  (CIK 0000827871)",a18-38166_2ex99d1.htm,2018-10-30,Nasdaq,EGRX,fulvestrant,,,,False,
0001193125-18-311307,0000921299,2018-10-30,FIBROGEN INC  (FGEN)  (CIK 0000921299),d646661dex991.htm,2018-10-30,Nasdaq,FGEN,roxadustat,3,anemia associated with Chronic Kidney Disease,1517-CL-0302 and 1517-CL-0307,False,
0001140361-18-041664,0001398733,2018-10-30,"Aquestive Therapeutics, Inc.  (AQST)  (CIK 0001398733)",ex99_1.htm,2018-10-24,NASDAQ,AQST,diazepam buccal film,,epilepsy,Epilepsy Monitoring Unit (EMU) Clinical Study,False,
0001561743-18-000086,0001561743,2018-10-30,"Kindred Biosciences, Inc.  (CIK 0001561743)",a8-koctober302018.htm,2018-10-30,,,KIND-016,,atopic dermatitis in dogs,,False,
0001193125-18-312991,0001070494,2018-10-31,ACADIA PHARMACEUTICALS INC  (ACAD)  (CIK 0001070494),d646498d8k.htm,2018-10-31,Nasdaq,ACAD,pimavanserin,2,major depressive disorder,CLARITY,False,
0001062993-18-004299,0000875622,2018-11-01,BIOSPECIFICS TECHNOLOGIES CORP  (CIK 0000875622),exhibit99-1.htm,2018-10-31,NASDAQ,BSTC,Collagenase Clostridium Histolyticum (CCH),1,uterine fibroids,,False,
0001193125-18-317364,0001597553,2018-11-02,"Sage Therapeutics, Inc.  (SAGE)  (CIK 0001597553)",d648938dex991.htm,2018-11-02,NASDAQ,SAGE,ZULRESSO (brexanolone),,postpartum depression,,False,
0001193125-18-318390,0001325879,2018-11-05,AVEO PHARMACEUTICALS INC  (CIK 0001325879),d647855d8k.htm,,,,tivozanib,3,Renal Cell Carcinoma,TIVO-3,False,
0001493152-18-015235,0001444307,2018-11-06,ONCOSEC MEDICAL Inc  (ONCSQ)  (CIK 0001444307),ex99-1.htm,2018-11-06,NASDAQ,ONCS,TAVO (tavokinogene telseplasmid / IL-12),2b,metastatic melanoma,KEYNOTE-695,False,
0001104659-18-066525,0001614067,2018-11-07,"Aridis Pharmaceuticals, Inc.  (ARDS)  (CIK 0001614067)",a18-39703_18k.htm,2018-11-07,Nasdaq,ARDS,AR-301,1/2a,severe pneumonia caused by Staphylococcus aureus,,False,
0001126234-18-000145,0001126234,2018-11-09,NEWLINK GENETICS CORP  (LUMO)  (CIK 0001126234),nlnk-20181109x8kxex991.htm,2018-11-09,Nasdaq,NLNK,NLG802,1a,recurrent advanced solid malignancies,,False,
0001193125-18-323130,0001435049,2018-11-09,"ADURO BIOTECH, INC.  (CIK 0001435049)",d649974dex991.htm,2018-11-09,Nasdaq,ADRO,ADU-S100 (MIW815),1,"advanced, metastatic treatment-refractory solid tumors or lymphomas",,False,NCT02675439;NCT03172936
0001193125-18-324645,0000897448,2018-11-13,AMARIN CORP PLC\UK  (AMRN)  (CIK 0000897448),d601790d8k.htm,2018-11-10,Nasdaq,AMRN,Vascepa (icosapent ethyl),,cardiovascular risk,REDUCE-IT,False,
0001144204-18-058952,0001372514,2018-11-13,"EYEGATE PHARMACEUTICALS INC  (KPRX, KPHMW)  (CIK 0001372514)",tv507057_8-k.htm,2018-11-13,Nasdaq,EYEG,Ocular Bandage Gel (OBG),,corneal epithelial defects,,True,
0001410939-18-000059,0001410939,2018-11-13,Ophthotech Corp.  (CIK 0001410939),item801form8k_oph2007resul.htm,2018-11-12,NASDAQ,OPHT,Zimura,2a,wet age-related macular degeneration,,True,
0001171843-18-007863,0001626971,2018-11-13,"Corvus Pharmaceuticals, Inc.  (CRVS)  (CIK 0001626971)",exh_991.htm,2018-11-10,NASDAQ,CRVS,CPI-444 and CPI-006,1/1b,renal cell carcinoma,,True,
0001564590-18-029055,0001731831,2018-11-13,"Eidos Therapeutics, Inc.  (CIK 0001731831)",eidx-ex991_6.htm,2018-11-10,Nasdaq,EIDX,AG10,2,transthyretin (TTR) amyloidosis cardiomyopathy,,False,
0001437749-18-020646,0000925741,2018-11-14,"BioCardia, Inc.  (BCDA)  (CIK 0000925741)",ex_129726.htm,2018-11-12,OTC,BCDA,CardiAMP Cell Therapy System,,heart failure,CardiAMP Heart Failure Trial,False,
0001341004-18-000620,0001403752,2018-11-14,Zymeworks Inc.  (CIK 0001403752),ex99_1.htm,2018-11-14,NYSE/TSX,ZYME,ZW25,1,HER2-expressing cancers,,True,
0001104659-18-068277,0001720893,2018-11-14,"BioXcel Therapeutics, Inc.  (BTAI)  (CIK 0001720893)",a18-39574_28k.htm,2018-11-14,Nasdaq,BTAI,dexmedetomidine,1b,agitation in patients suffering from schizophrenia,,False,
0001213900-18-015865,0001385818,2018-11-15,"AYTU BIOSCIENCE, INC  (AYTU)  (CIK 0001385818)",f8k111518ex99-1_aytubio.htm,2018-11-15,NASDAQ,AYTU,Natesto,,hypogonadism,Natesto Spermatogenesis Study,True,NCT03203681
0001104659-18-068675,0001590560,2018-11-15,uniQure N.V.  (QURE)  (CIK 0001590560),a18-40291_18k.htm,2018-11-15,NASDAQ,QURE,AMT-061,2b,hemophilia B,,False,
0001558370-18-009374,0001597264,2018-11-15,Blueprint Medicines Corp  (BPMC)  (CIK 0001597264),ex-99d1.htm,2018-11-15,NASDAQ,BPMC,avapritinib,1,advanced gastrointestinal tumors (GIST),NAVIGATOR,True,NCT03465722
0001193125-18-328948,0001439222,2018-11-16,AGIOS PHARMACEUTICALS INC  (AGIO)  (CIK 0001439222),d653545d8k.htm,2018-11-16,NASDAQ,AGIO,AG-881,1,IDH mutant positive advanced glioma,,True,
0001193125-18-329424,0001631650,2018-11-19,"Aimmune Therapeutics, Inc.  (CIK 0001631650)",d654912d8k.htm,2018-11-18,Nasdaq,AIMT,AR101,3,peanut allergy,PALISADE,False,NCT02635776
0001171843-18-008038,0001651308,2018-11-19,"BeiGene, Ltd.  (BGNE, BEIGF)  (CIK 0001651308)",exh_991.htm,2018-11-16,NASDAQ,BGNE,pamiparib,1/2,glioblastoma multiforme,NCT03150862,False,NCT03150862
0001714899-18-000020,0001714899,2018-11-19,Denali Therapeutics Inc.  (DNLI)  (CIK 0001714899),ex991pressrelease111918.htm,2018-11-19,NASDAQ,DNLI,DNL747,1,neurodegenerative diseases,,False,
0001213900-18-016269,0001218683,2018-11-20,"Wize Pharma, Inc.  (MIGI)  (CIK 0001218683)",f8k111518_wizepharma.htm,2018-11-20,OTCQB,WIZP,LO2A,II,dry eye syndrome,,False,
0001144204-18-061521,0001351288,2018-11-26,GW PHARMACEUTICALS PLC  (CIK 0001351288),tv507829_8k.htm,2018-11-26,Nasdaq,GWPH,EPIDIOLEX,3,Dravet syndrome,,False,
0001193125-18-334098,0001560241,2018-11-27,"G1 Therapeutics, Inc.  (GTHX)  (CIK 0001560241)",d660229dex991.htm,2018-11-26,Nasdaq,GTHX,trilaciclib,2,small cell lung cancer,,False,NCT02499770;NCT02514447;NCT02978716;NCT03041311
0001193125-18-337148,0001520262,2018-11-29,Alkermes plc.  (ALKS)  (CIK 0001520262),d647919d8k.htm,2018-11-29,Nasdaq,ALKS,ALKS 3831,3,schizophrenia,ENLIGHTEN-2,False,
0001193125-18-338506,0001510487,2018-11-30,Principia Biopharma Inc.  (CIK 0001510487),d612079d8k.htm,2018-11-29,Nasdaq,PRNB,PRN1008,2,pemphigus,,False,
0001564590-18-030395,0001061027,2018-12-03,SUNESIS PHARMACEUTICALS INC  (VIRX)  (CIK 0001061027),snss-8k_20181202.htm,2018-12-02,Nasdaq,SNSS,vecabrutinib,1b/2,chronic lymphocytic leukemia and other B-cell malignancies,,False,
0001126234-18-000149,0001126234,2018-12-03,NEWLINK GENETICS CORP  (LUMO)  (CIK 0001126234),nlnk-20181203x8kxex991.htm,2018-12-02,NASDAQ,NLNK,indoximod,1,acute myeloid leukemia,,False,
0001410578-18-000570,0001130598,2018-12-03,"Onconova Therapeutics, Inc.  (TRAW)  (CIK 0001130598)",a18-41020_1ex99d1.htm,2018-12-03,Nasdaq,ONTX,oral rigosertib,2,Myelodysplastic Syndromes,,False,NCT02562443
0001144204-18-062890,0001133818,2018-12-03,BIO-PATH HOLDINGS INC  (BPTH)  (CIK 0001133818),tv508349_8-k.htm,2018-12-03,Nasdaq,BPTH,prexigebersen,2,Acute Myeloid Leukemia,,True,
0001193125-18-341242,0001262104,2018-12-03,"MEI Pharma, Inc.  (MEIP)  (CIK 0001262104)",d667507d8k.htm,2018-12-02,Nasdaq,MEIP,ME-401,1b,Indolent B-Cell Malignancies,,False,
0001280600-18-000065,0001280600,2018-12-03,ACCELERON PHARMA INC  (CIK 0001280600),xlrn-20181203form8xk.htm,,,,Luspatercept,3,Beta-Thalassemia,BELIEVE,False,
0001564590-18-030374,0001293971,2018-12-03,"bluebird bio, Inc.  (BLUE)  (CIK 0001293971)",blue-ex991_6.htm,2018-12-01,Nasdaq,BLUE,LentiGlobin,1/2,transfusion-dependent β-Thalassemia and Sickle Cell Disease,Northstar (HGB-204) and HGB-206,True,NCT02140554;NCT02906202;NCT03207009
0001193125-18-341161,0001347178,2018-12-03,Vanda Pharmaceuticals Inc.  (VNDA)  (CIK 0001347178),d666078dex991.htm,2018-12-03,Nasdaq,VNDA,tradipitant,2,gastroparesis,VLY686-2301,False,
0001564590-18-030377,0001422143,2018-12-03,"Kura Oncology, Inc.  (KURA)  (CIK 0001422143)",kura-ex991_6.htm,2018-12-02,Nasdaq,KURA,tipifarnib,2,angioimmunoblastic T-cell lymphoma and peripheral T-cell lymphoma,,False,
0001193125-18-341083,0001439222,2018-12-03,AGIOS PHARMACEUTICALS INC  (AGIO)  (CIK 0001439222),d642700d8k.htm,2018-12-03,NASDAQ,AGIO,ivosidenib or enasidenib,1,acute myeloid leukemia,,False,
0001193125-18-341091,0001503802,2018-12-03,Karyopharm Therapeutics Inc.  (KPTI)  (CIK 0001503802),d655035d8k.htm,2018-12-01,Nasdaq,KPTI,selinexor,2b,diffuse large B-cell lymphoma,SADAL,False,
0001410578-18-000568,0001556263,2018-12-03,"Syros Pharmaceuticals, Inc.  (SYRS)  (CIK 0001556263)",a18-40969_18k.htm,2018-12-02,NASDAQ,SYRS,SY-1425,2,acute myeloid leukemia and myelodysplastic syndrome,,False,NCT02807558
0001104659-18-070938,0001590560,2018-12-03,uniQure N.V.  (QURE)  (CIK 0001590560),a18-41023_18k.htm,2018-12-03,NASDAQ,QURE,AMT-060,1/2,hemophilia B,,False,
0001558370-18-009542,0001597264,2018-12-03,Blueprint Medicines Corp  (BPMC)  (CIK 0001597264),ex-99d1.htm,2018-12-02,NASDAQ,BPMC,avapritinib,1,systemic mastocytosis,EXPLORER,False,
0001171843-18-008276,0001629137,2018-12-03,"Global Blood Therapeutics, Inc.  (CIK 0001629137)",exh_991.htm,2018-12-03,Nasdaq,GBT,voxelotor,3,sickle cell disease,HOPE,True,
0001193125-18-340357,0001656328,2018-12-03,"Sienna Biopharmaceuticals, Inc.  (CIK 0001656328)",d666695d8k.htm,2018-12-03,NASDAQ,SNNA,SNA-120,2b,psoriasis,,False,
0001104659-18-070939,0001689813,2018-12-03,Biohaven Pharmaceutical Holding Co Ltd.  (CIK 0001689813),a18-41019_18k.htm,2018-12-03,NYSE,BHVN,rimegepant,3,migraine,BHV3000-303,False,NCT01430442;NCT03235479;NCT03237845;NCT03461757
0001654954-18-013524,0001001316,2018-12-04,"TG THERAPEUTICS, INC.  (TGTX)  (CIK 0001001316)",v120318_ex991.htm,2018-12-03,NASDAQ,TGTX,"ublituximab, umbralisib, and pembrolizumab",1/2,Relapsed/Refractory Chronic Lymphocytic Leukemia (CLL) and Richter’s Transformation (RT),,False,
0001104659-18-071355,0001267813,2018-12-04,MARINUS PHARMACEUTICALS INC  (MRNS)  (CIK 0001267813),a18-41111_1ex99d1.htm,2018-12-04,Nasdaq,MRNS,ganaxolone,2,CDKL5 Deficiency Disorder (CDD) and PCDH19-related pediatric epilepsy,,False,
0001193125-18-341645,0001479290,2018-12-04,"Revance Therapeutics, Inc.  (RVNC)  (CIK 0001479290)",d668154d8k.htm,2018-12-04,NASDAQ,RVNC,DaxibotulinumtoxinA for Injection (RT002),3,glabellar (frown) lines,SAKURA 3,False,
0001171843-18-008331,0001383701,2018-12-06,Conatus Pharmaceuticals Inc.  (CIK 0001383701),f8k_120618.htm,2018-12-05,,,emricasan,2b,nonalcoholic steatohepatitis (NASH) cirrhosis,ENCORE-PH,False,
0001193125-18-342992,0001631574,2018-12-06,Wave Life Sciences Ltd.  (WVE)  (CIK 0001631574),d661400dex991.htm,2018-12-06,NASDAQ,WVE,WVE-210201,1,Duchenne muscular dystrophy (DMD),,False,
0001171843-18-008354,0001651308,2018-12-06,"BeiGene, Ltd.  (BGNE, BEIGF)  (CIK 0001651308)",exh_991.htm,2018-12-01,Nasdaq,BGNE,zanubrutinib,2,mantle cell lymphoma,,False,NCT02343120;NCT03206970
0001193125-18-344931,0001560241,2018-12-07,"G1 Therapeutics, Inc.  (GTHX)  (CIK 0001560241)",d671420dex991.htm,2018-12-04,Nasdaq,GTHX,trilaciclib,2,metastatic triple-negative breast cancer,,False,NCT02499770;NCT02514447;NCT02978716;NCT03041311
0001564590-18-030709,0001080709,2018-12-10,ARENA PHARMACEUTICALS INC  (CIK 0001080709),arna-8k_20181210.htm,2018-12-10,,,nelotanserin,2,Lewy Body Dementia,,False,
0001193125-18-346177,0001347178,2018-12-10,Vanda Pharmaceuticals Inc.  (VNDA)  (CIK 0001347178),d666968dex991.htm,2018-12-10,Nasdaq,VNDA,HETLIOZ (tasimelteon),,Smith-Magenis Syndrome,VEC-162-2401,False,
0001104659-18-072101,0001481512,2018-12-10,"Ra Pharmaceuticals, Inc.  (CIK 0001481512)",a18-41344_38k.htm,2018-12-10,,,zilucoplan,2,generalized myasthenia gravis,,False,
0001564590-18-030737,0001566044,2018-12-10,Menlo Therapeutics Inc.  (VYNE)  (CIK 0001566044),mnlo-ex991_6.htm,2018-12-10,Nasdaq,MNLO,serlopitant,2,pruritus associated with psoriasis,MTI-109,False,
0001104659-18-071959,0001579428,2018-12-10,"Axsome Therapeutics, Inc.  (AXSM)  (CIK 0001579428)",a18-41321_1ex99d1.htm,2018-12-10,Nasdaq,AXSM,AXS-05,2/3,agitation associated with Alzheimer’s disease,ADVANCE-1,False,
0001104659-18-071968,0001689813,2018-12-10,Biohaven Pharmaceutical Holding Co Ltd.  (CIK 0001689813),a18-39741_28k.htm,2018-12-10,NYSE,BHVN,rimegepant,,migraine,BHV3000-201,False,NCT03266588
0001193125-18-347337,0000914475,2018-12-12,NEUROCRINE BIOSCIENCES INC  (NBIX)  (CIK 0000914475),d670203dex991.htm,2018-12-12,Nasdaq,NBIX,valbenazine,2b,Tourette syndrome,T-Force GOLD,False,
0001193125-18-347297,0001567514,2018-12-12,"Intra-Cellular Therapies, Inc.  (ITCI)  (CIK 0001567514)",d669564dex991.htm,2018-12-11,Nasdaq,ITCI,lumateperone,,schizophrenia,Study 303,True,
0001104659-18-072585,0001621443,2018-12-12,"Zynerba Pharmaceuticals, Inc.  (CIK 0001621443)",a18-41469_18k.htm,2018-12-12,NASDAQ,ZYNE,ZYN002,2,Fragile X Syndrome,FAB-C,False,
0001193125-18-348318,0001273636,2018-12-13,APPLIED GENETIC TECHNOLOGIES CORP  (CIK 0001273636),d644374d8k.htm,2018-12-12,NASDAQ,AGTC,rAAV2tYF-CB-hRS1,1/2,X-linked retinoschisis,,False,
0001104659-18-072952,0001509745,2018-12-14,"LEAP THERAPEUTICS, INC.  (LPTX)  (CIK 0001509745)",a18-41600_1ex99d1.htm,2018-12-14,NASDAQ,LPTX,TRX518,1/2,advanced solid tumors,,False,
0001477932-18-006009,0001355250,2018-12-17,Innovation Pharmaceuticals Inc.  (IPIX)  (CIK 0001355250),ipix_8k.htm,2018-12-14,,,Prurisol,2b,moderate-to-severe chronic plaque psoriasis,,False,
0001558370-18-009730,0001557746,2018-12-17,"Aclaris Therapeutics, Inc.  (ACRS)  (CIK 0001557746)",ex-99d1.htm,2018-12-17,NASDAQ,ACRS,ATI-502,2,alopecia areata,AA-202 Topical,False,
0001437749-18-022078,0001563855,2018-12-17,SOPHIRIS BIO INC.  (CIK 0001563855),ex_131739.htm,2018-12-17,Nasdaq,SPHS,topsalysin (PRX302),2b,localized prostate cancer,,False,
0001618835-18-000135,0001618835,2018-12-17,"Evofem Biosciences, Inc.  (EVFM)  (CIK 0001618835)",evfm8-ktoplinedata.htm,2018-12-17,Nasdaq,EVFM,Amphora,3,prevention of pregnancy,AMPOWER,False,
0001564590-18-030969,0001636651,2018-12-17,Ovid Therapeutics Inc.  (OVID)  (CIK 0001636651),ovid-ex991_6.htm,2018-12-17,Nasdaq,OVID,OV935/TAK-935,1b/2a,rare developmental and epileptic encephalopathies (DEE),,False,
0001193125-18-351272,0001401667,2018-12-18,"PUMA BIOTECHNOLOGY, INC.  (PBYI)  (CIK 0001401667)",d676700d8k.htm,2018-12-17,,,PB272 (neratinib),3,HER2-positive metastatic breast cancer,NALA,False,
0001193125-18-351544,0001567514,2018-12-18,"Intra-Cellular Therapies, Inc.  (ITCI)  (CIK 0001567514)",d673708dex991.htm,2018-12-18,Nasdaq,ITCI,lumateperone (9 mg ITI-007),3,agitation in patients with probable Alzheimer’s disease,Study 201,False,
0001193125-18-352716,0001160308,2018-12-19,Savara Inc  (SVRA)  (CIK 0001160308),d675989dex991.htm,2018-12-19,Nasdaq,SVRA,Molgradex,2a,nontuberculous mycobacterial (NTM) lung infection,OPTIMA,False,
0001193125-18-353411,0001560241,2018-12-19,"G1 Therapeutics, Inc.  (GTHX)  (CIK 0001560241)",d675654d8k.htm,2018-12-19,Nasdaq,GTHX,trilaciclib,2,small cell lung cancer,,False,NCT02499770;NCT02514447;NCT02978716;NCT03041311
0001193125-18-353929,0000921299,2018-12-20,FIBROGEN INC  (FGEN)  (CIK 0000921299),d676533d8k.htm,2018-12-20,NASDAQ,FGEN,roxadustat,3,anemia in patients with chronic kidney disease,"ANDES, HIMALAYAS, SIERRAS",False,NCT02174627;NCT02174731
0001144204-18-065510,0001535955,2018-12-20,Lipocine Inc.  (LPCN)  (CIK 0001535955),tv509532_8k.htm,2018-12-20,,,LPCN 1144,,non-alcoholic fatty liver disease,,False,
0001171843-18-008520,0001651308,2018-12-20,"BeiGene, Ltd.  (BGNE, BEIGF)  (CIK 0001651308)",exh_991.htm,2018-12-15,NASDAQ,BGNE,tislelizumab,1A/1B,cancer,NCT02407990,True,NCT02407990
0001104659-18-074466,0001356576,2018-12-21,SUPERNUS PHARMACEUTICALS INC  (SUPN)  (CIK 0001356576),a18-41980_18k.htm,2018-12-20,NASDAQ,SUPN,SPN-812,3,attention deficit hyperactivity disorder (ADHD),P302,False,
0001564590-18-031301,0001394319,2018-12-21,"Tracon Pharmaceuticals, Inc.  (TCON)  (CIK 0001394319)",tcon-8k_20181220.htm,2018-12-21,NASDAQ,TCON,TRC105,2,renal cell carcinoma,TRAXAR,False,
0001193125-18-362273,0001445283,2018-12-31,"PROTEOSTASIS THERAPEUTICS, INC.  (KA)  (CIK 0001445283)",d672527d8k.htm,2018-12-31,,,PTI-428,1,cystic fibrosis,,False,
0001144204-19-000147,0001138776,2019-01-02,"Aevi Genomic Medicine, Inc.  (CIK 0001138776)",tv510221_8k.htm,2019-01-02,NASDAQ,GNMX,AEVI-001,2,ADHD,ASCEND,False,
0001193125-19-001151,0000818033,2019-01-03,"HERON THERAPEUTICS, INC. /DE/  (HRTX)  (CIK 0000818033)",d682701d8k.htm,2019-01-03,Nasdaq,HRTX,HTX-011,,postoperative pain,,False,
0001193125-19-001051,0001434418,2019-01-03,CONSTELLATION PHARMACEUTICALS INC  (CIK 0001434418),d679719dex991.htm,2019-01-03,Nasdaq,CNST,CPI-0610,2,myelofibrosis,MANIFEST,True,
0001453687-19-000002,0001453687,2019-01-03,SELECTA BIOSCIENCES INC  (RNAC)  (CIK 0001453687),exhibit991pressreleaseissu.htm,2019-01-03,Nasdaq,SELB,SEL-212,2,chronic refractory gout,,False,
0001485003-19-000003,0001485003,2019-01-03,"Sesen Bio, Inc.  (CARM)  (CIK 0001485003)",sesenupdatedvisattrialda.htm,2019-01-03,Nasdaq,SESN,Vicinium,3,non-muscle invasive bladder cancer,VISTA,True,NCT02449239
0001193125-19-001555,0001590877,2019-01-03,REGENXBIO Inc.  (RGNX)  (CIK 0001590877),d684871dex991.htm,2019-01-03,Nasdaq,RGNX,RGX-314,1,wet age-related macular degeneration,,True,
0001193125-19-001094,0001660334,2019-01-03,Verrica Pharmaceuticals Inc.  (VRCA)  (CIK 0001660334),d678670d8k.htm,2019-01-03,Nasdaq,VRCA,VP-102,3,molluscum contagiosum,CAMP-1 and CAMP-2,False,
0001144204-19-000592,0001094038,2019-01-04,"Marker Therapeutics, Inc.  (MRKR)  (CIK 0001094038)",tv510398_ex99-1.htm,2019-01-03,NASDAQ,MRKR,MultiTAA T cells,1/2,lymphoma,,True,
0001193125-19-001889,0001337553,2019-01-04,AERIE PHARMACEUTICALS INC  (CIK 0001337553),d680132d8k.htm,2018-05-02,Nasdaq,AERI,netarsudil ophthalmic solution,2,"open-angle glaucoma, retina diseases and other diseases of the eye",,False,
0001485003-19-000005,0001485003,2019-01-04,"Sesen Bio, Inc.  (CARM)  (CIK 0001485003)",sesncorpoverviewv2019010.htm,2019-01-04,Nasdaq,SESN,Vicinium,3,non-muscle invasive bladder cancer,VISTA,True,
0001193125-19-002583,0001505512,2019-01-04,Regulus Therapeutics Inc.  (RGLS)  (CIK 0001505512),d681827d8k.htm,2019-01-04,,,RGLS4326,1,Autosomal Dominant Polycystic Kidney Disease,,True,
0001193125-19-003247,0000818033,2019-01-07,"HERON THERAPEUTICS, INC. /DE/  (HRTX)  (CIK 0000818033)",d651146dex991.htm,2019-01-07,Nasdaq,HRTX,HTX-011,,postoperative pain,,False,
0001564590-19-000243,0001515673,2019-01-07,Ultragenyx Pharmaceutical Inc.  (RARE)  (CIK 0001515673),rare-8k_20190104.htm,2019-01-04,Nasdaq,RARE,DTX401,1/2,glycogen storage disease type Ia,,False,
0001104659-19-000962,0001579428,2019-01-07,"Axsome Therapeutics, Inc.  (AXSM)  (CIK 0001579428)",a19-1343_18k.htm,2019-01-07,NASDAQ,AXSM,AXS-05,2,major depressive disorder,ASCEND,False,
0001600132-19-000020,0001600132,2019-01-07,"Bellerophon Therapeutics, Inc.  (BLPH)  (CIK 0001600132)",a8-kjan2019ildupdateex991.htm,2019-01-07,Nasdaq,BLPH,INOpulse,2b,Pulmonary Hypertension associated with Interstitial Lung Disease,iNO-PF,False,
0001553350-19-000022,0001476963,2019-01-08,"HEAT BIOLOGICS, INC.  (SCPX)  (CIK 0001476963)",htbx_8k.htm,2018-01-08,NASDAQ,HTBX,HS-110,2,non-small cell lung cancer,,False,
0001104659-19-001165,0001649904,2019-01-08,"RHYTHM PHARMACEUTICALS, INC.  (RYTM)  (CIK 0001649904)",a19-1257_18k.htm,2019-01-04,NASDAQ,RYTM,setmelanotide,2,Bardet-Biedl Syndrome,,True,
0001193125-19-005114,0001668243,2019-01-09,UroGen Pharma Ltd.  (URGN)  (CIK 0001668243),d672941d8k.htm,2019-01-08,Nasdaq,URGN,UGN-101,3,low-grade upper tract urothelial cancer,OLYMPUS,True,
0001561743-19-000003,0001561743,2019-01-14,"Kindred Biosciences, Inc.  (CIK 0001561743)",a8-kjanuary142019.htm,2019-01-14,,,epoCat™,,non-regenerative anemia in cats,pilot field effectiveness study,False,
0001104659-19-002008,0001674365,2019-01-16,Aptinyx Inc.  (CIK 0001674365),a19-3004_18k.htm,2019-01-16,Nasdaq,APTX,NYX-2925,2,painful diabetic peripheral neuropathy,,False,
0001193125-19-010961,0001374690,2019-01-17,"ZAFGEN, INC.  (LRMR)  (CIK 0001374690)",d655163dex991.htm,2019-01-17,Nasdaq,ZFGN,ZGN-1061,2,type 2 diabetes,,False,
0001654954-19-000547,0001410098,2019-01-17,CorMedix Inc.  (CRMD)  (CIK 0001410098),crmd_8k.htm,2019-01-17,NYSE American,CRMD,Neutrolin®,3,catheter-related blood stream infections,LOCK-IT-100,True,
0001144204-19-001913,0001535955,2019-01-17,Lipocine Inc.  (LPCN)  (CIK 0001535955),tv511184_ex99-1.htm,2019-01-17,NASDAQ,LPCN,LPCN 1144,,non-alcoholic steatohepatitis,Liver Fat Imaging study,False,
0001564590-19-000744,0001008848,2019-01-18,ACORDA THERAPEUTICS INC  (CIK 0001008848),acor-ex991_6.htm,2019-01-17,Nasdaq,ACOR,INBRIJA,3,Parkinson’s,SPAN-PD,True,NCT02240030
0001193125-19-012092,0001537917,2019-01-18,"TYME TECHNOLOGIES, INC.  (CIK 0001537917)",d678702dex991.htm,2019-01-18,NASDAQ,TYME,SM-88,2,advanced pancreatic cancer,88-Panc,False,NCT03512756
0001144204-19-002174,0000850261,2019-01-22,"Sorrento Therapeutics, Inc.  (SRNE)  (CIK 0000850261)",tv511309_ex99-1.htm,2019-01-22,NASDAQ,SRNE,resiniferatoxin,1b,osteoarthritis knee pain,PTVA-OA-001,False,NCT03542838
0001140361-19-001362,0001228627,2019-01-22,"REXAHN PHARMACEUTICALS, INC.  (OCUP)  (CIK 0001228627)",ex99_1.htm,2019-01-22,NYSE American,RNN,RX-3117,2a,metastatic pancreatic cancer,,False,
0001564590-19-001269,0001564824,2019-01-29,Allakos Inc.  (ALLK)  (CIK 0001564824),allk-8k_20190129.htm,2019-01-29,NASDAQ,ALLK,AK002,2,cholinergic urticaria and symptomatic dermographism,,False,
0001171843-19-000573,0001629137,2019-01-29,"Global Blood Therapeutics, Inc.  (CIK 0001629137)",exh_991.htm,2019-01-29,NASDAQ,GBT,voxelotor,1/2,sickle cell disease,,False,
0001654954-19-000870,0001410098,2019-01-30,CorMedix Inc.  (CRMD)  (CIK 0001410098),crmd_ex991.htm,2019-01-30,NYSE American,CRMD,Neutrolin,3,catheter-related blood stream infection,LOCK-IT-100,True,
0001144204-19-003625,0001682639,2019-01-30,"EYENOVIA, INC.  (EYEN)  (CIK 0001682639)",tv511916_8k.htm,2019-01-30,NASDAQ,EYEN,MicroStat,3,mydriasis,MIST-1,False,
0001104659-19-004865,0001082554,2019-02-01,UNITED THERAPEUTICS Corp  (UTHR)  (CIK 0001082554),a19-3803_1ex99d1.htm,2019-01-31,Nasdaq,UTHR,Orenitram,,pulmonary arterial hypertension,FREEDOM-EV,False,
0001493152-19-001233,0001444307,2019-02-01,ONCOSEC MEDICAL Inc  (ONCSQ)  (CIK 0001444307),ex99-1.htm,2019-02-01,NASDAQ,ONCS,TAVO + KEYTRUDA,,metastatic/recurrent melanoma,KEYNOTE-695,False,
0001104659-19-005571,0001720893,2019-02-04,"BioXcel Therapeutics, Inc.  (BTAI)  (CIK 0001720893)",a19-3981_1ex99d1.htm,2019-02-04,Nasdaq,BTAI,BXCL501,1b,opioid withdrawal symptoms,,False,
0001144204-19-004918,0001006281,2019-02-05,"Protalix BioTherapeutics, Inc.  (PLX)  (CIK 0001006281)",tv512430_ex99-1.htm,2019-02-05,NYSE American,PLX,pegunigalsidase alfa,3,Fabry disease,BRIGHT,False,
0001178879-19-000010,0001178879,2019-02-05,"AMICUS THERAPEUTICS, INC.  (FOLD)  (CIK 0001178879)",exhibit991.htm,2018-02-05,Nasdaq,FOLD,AT-GAA,1/2,Pompe disease,ATB200-02,True,NCT03729362
0001125345-19-000012,0001125345,2019-02-06,MACROGENICS INC  (MGNX)  (CIK 0001125345),form8-k_sophiaph3results.htm,2019-02-06,,,margetuximab,3,metastatic breast cancer,SOPHIA,False,
0001193125-19-028978,0001681087,2019-02-06,"AVROBIO, Inc.  (TECX)  (CIK 0001681087)",d664592d8k.htm,2019-02-06,Nasdaq,AVRO,AVR-RD-01,1 and 2,Fabry disease,FAB-201,True,NCT03454893
0001104659-19-006535,0001590560,2019-02-08,uniQure N.V.  (QURE)  (CIK 0001590560),a19-4212_18k.htm,2019-02-08,NASDAQ,QURE,AMT-061,2b,hemophilia B,,True,
0001193125-19-031637,0001656328,2019-02-08,"Sienna Biopharmaceuticals, Inc.  (CIK 0001656328)",d703775d8k.htm,2019-02-08,NASDAQ,SNNA,SNA-001,,light hair,,False,
0001104659-19-007141,0001261249,2019-02-11,"AGILE THERAPEUTICS INC  (AGRX, AGXRW)  (CIK 0001261249)",a19-4369_18k.htm,2019-02-11,Nasdaq,AGRX,Twirla,,contraception,comparative wear study,False,
0001564590-19-002481,0001564824,2019-02-11,Allakos Inc.  (ALLK)  (CIK 0001564824),allk-ex991_20.htm,2019-02-11,NASDAQ,ALLK,AK002,2,chronic spontaneous urticaria,,False,
0001193125-19-035877,0001682852,2019-02-12,"Moderna, Inc.  (MRNA)  (CIK 0001682852)",d707391dex991.htm,2019-02-12,Nasdaq,MRNA,mRNA-1653,1,human metapneumovirus (hMPV) and parainfluenza type 3 (PIV3),,False,
0001193125-19-039318,0001537917,2019-02-14,"TYME TECHNOLOGIES, INC.  (CIK 0001537917)",d706314dex991.htm,2019-02-14,Nasdaq,TYME,SM-88,2,prostate cancer,,False,
0001615774-19-002632,0000906709,2019-02-15,NEKTAR THERAPEUTICS  (NKTR)  (CIK 0000906709),s113941_8k.htm,2019-02-15,Nasdaq,NKTR,bempegaldesleukin (NKTR-214) with nivolumab,1/2,metastatic urothelial carcinoma,PIVOT-02,False,NCT03785925
0001564590-19-003197,0001564824,2019-02-19,Allakos Inc.  (ALLK)  (CIK 0001564824),allk-ex991_7.htm,2019-02-19,NASDAQ,ALLK,AK002,1,indolent systemic mastocytosis,,False,
0001564590-19-003668,0001515673,2019-02-21,Ultragenyx Pharmaceutical Inc.  (RARE)  (CIK 0001515673),rare-8k_20190221.htm,2019-02-21,NASDAQ,RARE,DTX401,1/2,glycogen storage disease type Ia,,False,
0001171843-19-001171,0000882796,2019-02-25,BIOCRYST PHARMACEUTICALS INC  (BCRX)  (CIK 0000882796),exh_991.htm,2019-02-23,Nasdaq,BCRX,BCX7353,2,hereditary angioedema,ZENITH-1,True,
0001144204-19-009717,0001094038,2019-02-25,"Marker Therapeutics, Inc.  (MRKR)  (CIK 0001094038)",tv514584_ex99-1.htm,2019-02-25,NASDAQ,MRKR,MultiTAA,2,hematological malignancies and solid tumor indications,,True,
0001144204-19-009885,0001270073,2019-02-25,"INTERCEPT PHARMACEUTICALS, INC.  (CIK 0001270073)",tv514418_8k.htm,2019-02-19,Nasdaq,ICPT,obeticholic acid,3,liver fibrosis due to NASH,REGENERATE,False,
0001144204-19-009850,0001279704,2019-02-25,"Cellectar Biosciences, Inc.  (CLRB)  (CIK 0001279704)",tv514612_8k.htm,2019-02-25,NASDAQ,CLRB,CLR 131,2,multiple myeloma,,False,NCT02952508
0001553350-19-000171,0001476963,2019-02-25,"HEAT BIOLOGICS, INC.  (SCPX)  (CIK 0001476963)",htbx_8k.htm,2019-02-25,,,HS-110,2,advanced non-small cell lung cancer,,True,
0001144204-19-009715,0001682639,2019-02-25,"EYENOVIA, INC.  (EYEN)  (CIK 0001682639)",tv514573_8k.htm,2019-02-25,NASDAQ,EYEN,MicroStat,3,mydriasis,MIST-2,False,
0001564590-19-004252,0001501989,2019-02-26,"CytomX Therapeutics, Inc.  (CTMX)  (CIK 0001501989)",ctmx-ex991_23.htm,2019-02-26,Nasdaq,CTMX,CX-072,1,cancer,PROCLAIM-CX-072,False,
0001144204-19-010780,0001000694,2019-02-28,NOVAVAX INC  (NVAX)  (CIK 0001000694),tv515015_8k.htm,,,,ResVax,,RSV,Prepare,False,
0001654954-19-002047,0001001316,2019-02-28,"TG THERAPEUTICS, INC.  (TGTX)  (CIK 0001001316)",v022819_ex991.htm,2019-02-28,NASDAQ,TGTX,umbralisib,2b,Relapsed/Refractory Marginal Zone Lymphoma,UNITY-NHL,False,
0001193125-19-056253,0001213037,2019-02-28,"Trovagene, Inc.  (CRDF)  (CIK 0001213037)",d715537dex991.htm,2019-02-28,Nasdaq,TROV,onvansertib,1b/2,Acute Myeloid Leukemia,,False,NCT03303339;NCT03414034
0001553350-19-000179,0001476963,2019-02-28,"HEAT BIOLOGICS, INC.  (SCPX)  (CIK 0001476963)",htbx_ex99z1.htm,,,,Viagenpumatucel-L (HS-110),,non-small cell lung cancer,HS110-102,False,NCT02439450
0001553350-19-000185,0001476963,2019-02-28,"HEAT BIOLOGICS, INC.  (SCPX)  (CIK 0001476963)",htbx_8k.htm,2019-02-28,NASDAQ,HTBX,HS-110,2,non-small cell lung cancer,,True,
0001193125-19-055871,0001492426,2019-02-28,Horizon Pharma plc  (CIK 0001492426),d698914d8k.htm,2019-02-28,,,teprotumumab,3,thyroid eye disease,OPTIC,False,
0001615774-19-003462,0000906709,2019-03-01,NEKTAR THERAPEUTICS  (NKTR)  (CIK 0000906709),s116482_8k.htm,2019-03-01,Nasdaq,NKTR,NKTR-262 and bempegaldesleukin,1/2,"melanoma, leiomyosarcoma, triple negative breast cancer",REVEAL,False,NCT03435640
0001564590-19-005930,0001169245,2019-03-04,PhaseBio Pharmaceuticals Inc  (PHASQ)  (CIK 0001169245),phas-ex992_7.htm,2019-03-04,Nasdaq,PHAS,PB2452,1,major bleeding and urgent surgery situations,,False,
0001193125-19-062224,0001510487,2019-03-04,Principia Biopharma Inc.  (CIK 0001510487),d673642d8k.htm,2019-03-01,Nasdaq,PRNB,PRN2246/SAR442168,1,multiple sclerosis,,False,
0001144204-19-012556,0001133818,2019-03-06,BIO-PATH HOLDINGS INC  (BPTH)  (CIK 0001133818),tv515604_ex99-1.htm,2019-03-06,Nasdaq,BPTH,prexigebersen (BP1001),2,acute myeloid leukemia (AML),,True,
0000792977-19-000050,0000792977,2019-03-08,AMAG PHARMACEUTICALS INC.  (CIK 0000792977),amag20198-k3819.htm,2019-03-08,Nasdaq,AMAG,Makena,,preterm delivery,PROLONG,False,
0001193125-19-070125,0000818033,2019-03-11,"HERON THERAPEUTICS, INC. /DE/  (HRTX)  (CIK 0000818033)",d671098d8k.htm,2019-03-11,Nasdaq,HRTX,HTX-011,3,postoperative pain,,True,
0001104659-19-013732,0001634432,2019-03-11,Strongbridge Biopharma plc  (CIK 0001634432),a19-6233_18k.htm,2019-03-11,Nasdaq,SBBP,RECORLEV (levoketoconazole),3,endogenous Cushing’s syndrome,SONICS,False,
0001144204-19-013395,0001535955,2019-03-12,Lipocine Inc.  (LPCN)  (CIK 0001535955),tv515982_ex99-1.htm,2019-03-12,Nasdaq,LPCN,LPCN 1144,,non-alcoholic steatohepatitis (NASH),Liver Fat Imaging Study,True,
0001104659-19-015610,0001261249,2019-03-18,"AGILE THERAPEUTICS INC  (AGRX, AGXRW)  (CIK 0001261249)",a19-6685_1ex99d2.htm,2019-03-18,,,AG200-15,1,contraceptive,ATI-CL26 and ATI-CL25,False,
0001193125-19-077488,0001422142,2019-03-18,"Aerpio Pharmaceuticals, Inc.  (AADI)  (CIK 0001422142)",d727289dex991.htm,2019-03-18,Nasdaq,ARPO,AKB-9778,2b,diabetic retinopathy,TIME-2b,False,
0001104659-19-015410,0001509745,2019-03-18,"LEAP THERAPEUTICS, INC.  (LPTX)  (CIK 0001509745)",a19-6684_1ex99d1.htm,2019-03-18,Nasdaq,LPTX,DKN-01,2,gynecological malignancies,,False,
0001193125-19-077442,0001557883,2019-03-18,"Dermira, Inc.  (CIK 0001557883)",d722390d8k.htm,2019-03-18,NASDAQ,DERM,lebrikizumab,2b,atopic dermatitis,,False,
0001171843-19-001847,0001061983,2019-03-20,CYTOKINETICS INC  (CYTK)  (CIK 0001061983),exh_991.htm,2019-03-20,NASDAQ,"AMGN, CYTK",omecamtiv mecarbil,3,heart failure,GALACTIC-HF,True,
0001564590-19-008654,0001740547,2019-03-20,Urovant Sciences Ltd.  (CIK 0001740547),urov-8k_20190319.htm,2019-03-19,Nasdaq,UROV,vibegron,3,overactive bladder,EMPOWUR,False,
0001564590-19-008789,0001169245,2019-03-21,PhaseBio Pharmaceuticals Inc  (PHASQ)  (CIK 0001169245),phas-ex991_6.htm,2019-03-17,Nasdaq,PHAS,PB2452,1,ticagrelor antiplatelet effects,,False,
0001171843-19-001889,0001383701,2019-03-21,Conatus Pharmaceuticals Inc.  (CIK 0001383701),f8k_032119.htm,2019-03-21,,,emricasan,2b,nonalcoholic steatohepatitis and liver fibrosis,ENCORE-NF,False,
0001193125-19-084285,0001445283,2019-03-25,"PROTEOSTASIS THERAPEUTICS, INC.  (KA)  (CIK 0001445283)",d692089d8k.htm,2019-03-25,NASDAQ,PTI,"PTI-801, PTI-808, and PTI-428",1,cystic fibrosis,,False,
0001193125-19-084341,0001631650,2019-03-25,"Aimmune Therapeutics, Inc.  (CIK 0001631650)",d692138d8k.htm,2019-03-25,Nasdaq,AIMT,AR101,3,peanut allergy,ARTEMIS,False,
0001659617-19-000030,0001659617,2019-03-26,"Moleculin Biotech, Inc.  (MBRX)  (CIK 0001659617)",exh991-pressreleasepositiv.htm,2019-03-26,Nasdaq,MBRX,Annamycin,1/2,acute myeloid leukemia,,False,
0001144204-19-016088,0001535955,2019-03-27,Lipocine Inc.  (LPCN)  (CIK 0001535955),tv517244_ex99-1.htm,2019-03-27,NASDAQ,LPCN,TLANDO,,hypogonadal,ABPM Study,False,NCT02081300;NCT03868059
0001564590-19-009692,0000873303,2019-03-28,"Sarepta Therapeutics, Inc.  (SRPT)  (CIK 0000873303)",srpt-ex991_6.htm,2019-03-28,NASDAQ,SRPT,casimersen,3,Duchenne muscular dystrophy,ESSENCE,False,
0001193125-19-089251,0001060736,2019-03-28,SEATTLE GENETICS INC /WA  (CIK 0001060736),d721432d8k.htm,2019-03-28,Nasdaq,SGEN,enfortumab vedotin,2,locally advanced or metastatic urothelial cancer,EV-201,False,
0001171843-19-002031,0001359931,2019-03-28,PROTEON THERAPEUTICS INC  (TARA)  (CIK 0001359931),exh_991.htm,2019-03-28,Nasdaq,PRTO,vonapanitase,3,chronic kidney disease,PATENCY-2,False,
0001595585-19-000060,0001595585,2019-03-28,"Tricida, Inc.  (CIK 0001595585)",trca-301epressrelease.htm,2019-03-28,Nasdaq,TCDA,TRC101,3,metabolic acidosis,TRCA-301E,False,
0001104659-19-018231,0001649904,2019-03-28,"RHYTHM PHARMACEUTICALS, INC.  (RYTM)  (CIK 0001649904)",a19-7352_18k.htm,2019-03-28,Nasdaq,RYTM,setmelanotide,2,melanocortin-4 receptor (MC4R) pathway heterozygous (HET) obesity,,True,
0001654954-19-003766,0001001316,2019-04-01,"TG THERAPEUTICS, INC.  (TGTX)  (CIK 0001001316)",ex991_v040119.htm,2019-04-01,NASDAQ,TGTX,umbralisib,2b,marginal zone lymphoma,UNITY-NHL,False,
0001193125-19-094145,0001213037,2019-04-01,"Trovagene, Inc.  (CRDF)  (CIK 0001213037)",d718864dex991.htm,2019-04-01,Nasdaq,TROV,onvansertib,1b/2,Acute Myeloid Leukemia,,False,NCT03303339
0001193125-19-094135,0001434418,2019-04-01,CONSTELLATION PHARMACEUTICALS INC  (CIK 0001434418),d726326d8k.htm,2019-04-01,Nasdaq,CNST,CPI-1205,1b,metastatic castration-resistant prostate cancer,ProSTAR,False,
0001651308-19-000031,0001651308,2019-04-02,"BeiGene, Ltd.  (BGNE, BEIGF)  (CIK 0001651308)",aacr2019final.htm,2019-04-01,Nasdaq,BGNE,tislelizumab,1,advanced solid tumors,,False,NCT02407990
0001654954-19-004073,0001411685,2019-04-04,"VistaGen Therapeutics, Inc.  (VTGN)  (CIK 0001411685)",ex99-1.htm,2019-04-01,Nasdaq,VTGN,PH94B,3,social anxiety disorder,,False,
0001280600-19-000017,0001280600,2019-04-05,ACCELERON PHARMA INC  (CIK 0001280600),xlrn-20190405form8kxex991.htm,2019-04-04,Nasdaq,XLRN,ACE-2494,1,neuromuscular disorders,,False,
0001104659-19-020230,0001082554,2019-04-08,UNITED THERAPEUTICS Corp  (UTHR)  (CIK 0001082554),a19-7981_18k.htm,2019-04-08,Nasdaq,UTHR,esuberaprost,,pulmonary arterial hypertension,BEAT,False,
0001564590-19-010958,0001636282,2019-04-08,"Aeglea BioTherapeutics, Inc.  (SYRE)  (CIK 0001636282)",agle-ex991_6.htm,2019-04-07,Nasdaq,AGLE,pegzilarginase,1/2,Arginase 1 Deficiency,,False,
0001564590-19-011445,0001394319,2019-04-12,"Tracon Pharmaceuticals, Inc.  (TCON)  (CIK 0001394319)",tcon-8k_20190412.htm,2019-04-12,Nasdaq,TCON,TRC105,3,advanced or metastatic angiosarcoma,TAPPAS,False,
0001193125-19-105182,0001466301,2019-04-12,"Clovis Oncology, Inc.  (CIK 0001466301)",d719637d8k.htm,2019-04-12,,,rucaparib,2,"recurrent, metastatic bladder cancer",ATLAS,False,
0001104659-19-021219,0001579428,2019-04-15,"Axsome Therapeutics, Inc.  (AXSM)  (CIK 0001579428)",a19-8349_18k.htm,2019-04-15,Nasdaq,AXSM,AXS-05,2,smoking cessation,,False,
0001193125-19-107259,0001631574,2019-04-16,Wave Life Sciences Ltd.  (WVE)  (CIK 0001631574),d735229dex991.htm,2019-04-16,Nasdaq,WVE,suvodirsen,1,Duchenne muscular dystrophy,,False,
0001144204-19-020097,0001270073,2019-04-17,"INTERCEPT PHARMACEUTICALS, INC.  (CIK 0001270073)",tv518597_ex99-1.htm,2019-04-11,Nasdaq,ICPT,obeticholic acid,3,nonalcoholic steatohepatitis,REGENERATE,True,
0001559053-19-000009,0001559053,2019-04-18,Prothena Corp plc  (PRTA)  (CIK 0001559053),a20198-kaprvitalstudyresul.htm,2019-04-18,NASDAQ,PRTA,NEOD001 (birtamimab),3,AL Amyloidosis,VITAL Amyloidosis study,True,
0001193125-19-119188,0000908259,2019-04-25,MATEON THERAPEUTICS INC  (OTLC)  (CIK 0000908259),d737649dex991.htm,2019-04-25,OTCQB,MATN,OT-101,2,"advanced cancers including aggressive brain tumors, pancreatic cancer, and melanoma",Study P001 and Study G004,False,
0001493152-19-006051,0000876343,2019-04-29,BIOTIME INC  (LCTX)  (CIK 0000876343),ex99-1.htm,2019-04-26,NYSE American,BTX,OPC1,1/2a,Subacute Cervical Spinal Cord Injury,SCiStar Study,False,
0001104659-19-024280,0001264587,2019-04-29,STEMLINE THERAPEUTICS INC  (CIK 0001264587),a19-9040_1ex99d1.htm,2019-04-25,Nasdaq,STML,ELZONRIS (tagraxofusp),,blastic plasmacytoid dendritic cell neoplasm (BPDCN),,False,
0001213900-19-007374,0001506251,2019-04-30,"Citius Pharmaceuticals, Inc.  (CTXR)  (CIK 0001506251)",f8k043019ex99-1_citiuspharma.htm,2019-04-30,Nasdaq,CTXR,Mino-Lok,3,CLABSI/CRBSI,,False,
0001564590-19-014883,0001293971,2019-05-01,"bluebird bio, Inc.  (BLUE)  (CIK 0001293971)",blue-8k_20190501.htm,2019-05-01,Nasdaq,"CELG, BLUE",bb2121,1,multiple myeloma,CRB-401,False,NCT02658929
0001564590-19-014708,0001628738,2019-05-01,"Audentes Therapeutics, Inc.  (CIK 0001628738)",bold-8k_20190501.htm,2019-05-01,Nasdaq,BOLD,AT132,1/2,X-linked Myotubular Myopathy,ASPIRO,False,
0001144204-19-022661,0001651407,2019-05-01,"Checkpoint Therapeutics, Inc.  (CKPT)  (CIK 0001651407)",tv520278_ex99-1.htm,2019-05-01,NASDAQ,CKPT,cosibelimab,1,recurrent or metastatic cancers,,False,NCT03212404
0001493152-19-006272,0000876343,2019-05-02,BIOTIME INC  (LCTX)  (CIK 0000876343),ex99-1.htm,2019-05-02,NYSE American,BTX,OpRegen,1/2a,dry age-related macular degeneration,,True,
0001654954-19-005208,0001411685,2019-05-02,"VistaGen Therapeutics, Inc.  (VTGN)  (CIK 0001411685)",ex99-2.htm,2019-05-02,NASDAQ,VTGN,AV-101,2,treatment-resistant depression,,False,
0001193125-19-134882,0001439222,2019-05-02,AGIOS PHARMACEUTICALS INC  (AGIO)  (CIK 0001439222),d743145dex991.htm,2019-05-02,Nasdaq,AGIO,TIBSOVO,1,acute myeloid leukemia,,False,NCT02074839
0001171843-19-002975,0001061983,2019-05-06,CYTOKINETICS INC  (CYTK)  (CIK 0001061983),exh_991.htm,2019-05-05,Nasdaq,CYTK,reldesemtiv,2,ALS,FORTITUDE-ALS,False,
0001104659-19-026958,0001621227,2019-05-06,Adaptimmune Therapeutics PLC  (ADAP)  (CIK 0001621227),a19-9411_1ex99d1.htm,2019-05-06,Nasdaq,ADAP,ADP-A2M4,2,synovial sarcoma,SPEARHEAD-1,False,
0001104659-19-027293,0000827871,2019-05-07,"EAGLE PHARMACEUTICALS, INC.  (EGRX)  (CIK 0000827871)",a19-9491_28k.htm,2019-05-07,Nasdaq,EGRX,RYANODEX,,nerve agent exposure,,False,
0001564590-19-016491,0001564824,2019-05-07,Allakos Inc.  (ALLK)  (CIK 0001564824),allk-8k_20190507.htm,2019-05-07,Nasdaq,ALLK,AK002,1,severe allergic conjunctivitis,,False,
0001659617-19-000062,0001659617,2019-05-07,"Moleculin Biotech, Inc.  (MBRX)  (CIK 0001659617)",exh991-pressreleasefirstco.htm,2019-05-07,Nasdaq,MBRX,Annamycin,1/2,Acute Myeloid Leukemia,,False,
0001104659-19-027408,0001689813,2019-05-07,Biohaven Pharmaceutical Holding Co Ltd.  (CIK 0001689813),a19-9458_1ex99d1.htm,2019-05-04,,,Rimegepant,3,Migraine,Study 303,False,NCT03461757
0001104659-19-027407,0001739426,2019-05-07,Osmotica Pharmaceuticals plc  (RVLPQ)  (CIK 0001739426),a19-9492_18k.htm,2019-05-06,Nasdaq,OSMT,RVL-1201,3,Acquired Blepharoptosis,Study 202,False,
0001654954-19-005419,0001001316,2019-05-08,"TG THERAPEUTICS, INC.  (TGTX)  (CIK 0001001316)",v050719_8k.htm,2019-05-07,NASDAQ,TGTX,Ublituximab,2,Multiple Sclerosis,,True,
0001564590-19-016785,0001082038,2019-05-08,DURECT CORP  (DRRX)  (CIK 0001082038),drrx-8k_20190507.htm,2019-05-07,Nasdaq,DRRX,DUR-928,2a,Alcoholic Hepatitis,,False,
0001493152-19-006739,0001076682,2019-05-10,"POLARITYTE, INC.  (RGTPQ)  (CIK 0001076682)",ex99-2.htm,2019-05-10,Nasdaq,PTE,SkinTE,,diabetic foot ulcers and venous stasis leg ulcers,,False,NCT03881254;NCT03881267
0001104659-19-028486,0001590560,2019-05-10,uniQure N.V.  (QURE)  (CIK 0001590560),a19-9791_18k.htm,2019-05-10,NASDAQ,QURE,AMT-061,2b,hemophilia B,,False,
0001193125-19-146046,0000818033,2019-05-14,"HERON THERAPEUTICS, INC. /DE/  (HRTX)  (CIK 0000818033)",d718016d8k.htm,2019-05-14,Nasdaq,HRTX,HTX-011,,postoperative pain,HOPE Project,False,
0001193125-19-148009,0001439222,2019-05-15,AGIOS PHARMACEUTICALS INC  (AGIO)  (CIK 0001439222),d740240d8k.htm,2019-05-15,NASDAQ,AGIO,TIBSOVO,3,cholangiocarcinoma,ClarIDHy,False,
0001144204-19-026880,0001425205,2019-05-16,"IOVANCE BIOTHERAPEUTICS, INC.  (IOVA)  (CIK 0001425205)",tv521835_8k.htm,2019-05-15,NASDAQ,IOVA,LN-145 and lifileucel,,cervical cancer and melanoma,innovaTIL-04 and innovaTIL-01,True,NCT03645928
0001193125-19-148650,0001434418,2019-05-16,CONSTELLATION PHARMACEUTICALS INC  (CIK 0001434418),d938451dex991.htm,2019-05-16,Nasdaq,CNST,CPI-0610,2,myelofibrosis,MANIFEST,False,
0001193125-19-148632,0001598646,2019-05-16,"Minerva Neurosciences, Inc.  (NERV)  (CIK 0001598646)",d750055dex991.htm,2019-05-13,Nasdaq,NERV,seltorexant (MIN-202),2b,major depressive disorder (MDD),,False,
0001193125-19-149994,0001070336,2019-05-17,ACHILLION PHARMACEUTICALS INC  (CIK 0001070336),d744683d8k.htm,2019-05-17,,,ACH-4471,2,PNH,,False,NCT03472885
0001104659-19-030555,0001393434,2019-05-20,"OCULAR THERAPEUTIX, INC  (OCUL)  (CIK 0001393434)",a19-10286_18k.htm,2019-05-20,Nasdaq,OCUL,OTX-TP,3,primary open-angle glaucoma or ocular hypertension,,False,
0001654954-19-006350,0001604191,2019-05-20,"AzurRx BioPharma, Inc.  (ENTO)  (CIK 0001604191)",ex99-1.htm,2019-05-20,Nasdaq,AZRX,MS1819-SD,2,exocrine pancreatic insufficiency (EPI) in patients with chronic pancreatitis,MS1819-SD Chronic Pancreatitis Study,True,NCT03746483
0001104659-19-030423,0001720893,2019-05-20,"BioXcel Therapeutics, Inc.  (BTAI)  (CIK 0001720893)",a19-10234_18k.htm,2019-05-20,Nasdaq,BTAI,BXCL501,1,agitation across multiple neuropsychiatric indications,,False,
0001193125-19-152334,0000818033,2019-05-21,"HERON THERAPEUTICS, INC. /DE/  (HRTX)  (CIK 0000818033)",d752659dex991.htm,2019-05-21,Nasdaq,HRTX,HTX-011,3,bunionectomy,EPOCH 1,False,
0001171843-19-003529,0000882796,2019-05-21,BIOCRYST PHARMACEUTICALS INC  (BCRX)  (CIK 0000882796),exh_991.htm,2019-05-21,Nasdaq,BCRX,BCX7353,3,hereditary angioedema,APeX-2,False,
0001100412-19-000023,0001100412,2019-05-21,ARRAY BIOPHARMA INC  (CIK 0001100412),a8k_5212019.htm,2019-05-21,Nasdaq Global Market,ARRY,"BRAFTOVI, MEKTOVI, and ERBITUX",3,BRAF V600E-mutant metastatic colorectal cancer,BEACON CRC,False,
0001144204-19-027511,0001279704,2019-05-21,"Cellectar Biosciences, Inc.  (CLRB)  (CIK 0001279704)",tv522175_ex99-1.htm,2019-05-21,NASDAQ,CLRB,CLR 131,2,"chronic lymphocytic leukemia/small lymphocytic lymphoma, lymphoplasmacytic lymphoma, marginal zone lymphoma, diffuse large b-cell lymphoma, multiple myeloma",CLOVER-1,True,NCT02952508
0001600132-19-000080,0001600132,2019-05-21,"Bellerophon Therapeutics, Inc.  (BLPH)  (CIK 0001600132)",a8-kmay2019atsdata.htm,2019-05-21,The Nasdaq Global Market,BLPH,INOpulse,2/3,pulmonary hypertension associated with interstitial lung disease,,True,
0001213900-19-009328,0001697805,2019-05-21,"XYNOMIC PHARMACEUTICALS HOLDINGS, INC.  (CIK 0001697805)",f8k051519ex99-1_xynomic.htm,2019-05-21,Nasdaq,XYN,abexinostat,1b,Renal Cell Carcinoma,,True,NCT03592472
0001583648-19-000028,0001583648,2019-05-22,"PIERIS PHARMACEUTICALS, INC.  (PIRS)  (CIK 0001583648)",form8-k.htm,2019-05-22,,,PRS-060,1a,,,False,
0001213900-19-009469,0001173313,2019-05-23,American BriVision (Holding) Corp  (ABVC)  (CIK 0001173313),f8k052319_americanbrivision.htm,2019-05-23,,,ABV-1504,2,major depression disorder,,False,
0001193125-19-158835,0001346830,2019-05-29,"Cara Therapeutics, Inc.  (CARA)  (CIK 0001346830)",d753179d8k.htm,2019-05-29,Nasdaq,CARA,KORSUVA,3,chronic kidney disease-associated pruritus,KALM-1,False,
0001437749-19-011160,0000946486,2019-05-31,"WINDTREE THERAPEUTICS INC /DE/  (WINT, WINTW)  (CIK 0000946486)",ex_146241.htm,2019-05-30,OTCQB,WINT,istaroxime,2b,acute heart failure,,False,
0001564590-19-021082,0001595893,2019-05-31,"Turning Point Therapeutics, Inc.  (CIK 0001595893)",tptx-8k_20190531.htm,2019-05-31,NASDAQ,TPTX,repotrectinib,1/2,ROS1-positive non-small cell lung cancer,TRIDENT-1,True,
0001193125-19-164088,0001262104,2019-06-03,"MEI Pharma, Inc.  (MEIP)  (CIK 0001262104)",d743672d8k.htm,2019-06-01,NASDAQ,MEIP,ME-344,,early HER2-negative breast cancer,,False,
0001193125-19-163365,0001290149,2019-06-03,"Sierra Oncology, Inc.  (CIK 0001290149)",d757680d8k.htm,2019-06-01,,SRRA,SRA737,1/2,anogenital cancer,,False,NCT02797964;NCT02797977
0001358403-19-000066,0001358403,2019-06-03,"BELLICUM PHARMACEUTICALS, INC  (CIK 0001358403)",exh991pressreleasedatedjun.htm,2019-06-01,NASDAQ,BLCM,BPX-601,1/2,metastatic pancreatic cancer,,True,
0001193125-19-164072,0001439222,2019-06-03,AGIOS PHARMACEUTICALS INC  (AGIO)  (CIK 0001439222),d757077d8k.htm,2019-06-03,,,TIBSOVO (ivosidenib),1,acute myeloid leukemia,,True,
0001558370-19-005447,0001597264,2019-06-03,Blueprint Medicines Corp  (BPMC)  (CIK 0001597264),ex-99d1.htm,2019-06-01,Nasdaq,BPMC,avapritinib,3,gastrointestinal stromal tumors (GIST),NAVIGATOR,False,NCT03465722
0001171843-19-003763,0001626971,2019-06-03,"Corvus Pharmaceuticals, Inc.  (CRVS)  (CIK 0001626971)",exh_991.htm,,,,CPI-006,1/1b,Advanced cancers,,False,
0001144204-19-029339,0001644963,2019-06-03,"AVENUE THERAPEUTICS, INC.  (ATXI)  (CIK 0001644963)",tv522901_8k.htm,2019-06-03,Nasdaq,ATXI,IV tramadol,3,postoperative pain,,False,
0001193125-19-163337,0001682852,2019-06-03,"Moderna, Inc.  (MRNA)  (CIK 0001682852)",d754931d8k.htm,2019-06-01,Nasdaq,MRNA,mRNA-4157,1,solid tumors,,False,
0001493152-19-008650,0000764195,2019-06-04,VBI Vaccines Inc/BC  (VBIVQ)  (CIK 0000764195),ex99-1.htm,2019-06-04,Nasdaq,VBIV,VBI-1901,1/2a,recurrent Glioblastoma (GBM),,False,NCT03382977
0001564590-19-021520,0001624658,2019-06-04,"Allena Pharmaceuticals, Inc.  (CIK 0001624658)",alna-8k_20190604.htm,2019-06-04,NASDAQ,ALNA,reloxaliase,2,primary hyperoxaluria or enteric hyperoxaluria,Study 206,False,
0001410578-19-000294,0001674365,2019-06-10,Aptinyx Inc.  (CIK 0001674365),a19-11277_18k.htm,2019-06-10,Nasdaq,APTX,NYX-2925,2,fibromyalgia,,False,NCT03249103
0001493152-19-008907,0001695357,2019-06-10,"Provention Bio, Inc.  (CIK 0001695357)",form8-k.htm,2019-06-09,The Nasdaq Capital Market,PRVB,teplizumab,2,Stage 2 T1D,At-Risk,False,
0001193125-19-171254,0001160308,2019-06-12,Savara Inc  (SVRA)  (CIK 0001160308),d739080d8k.htm,2019-06-12,Nasdaq,SVRA,Molgradex,3,Autoimmune Alveolar Pulmonary Proteinosis (aPAP),IMPALA,False,
0001564590-19-022455,0001645666,2019-06-13,"Kezar Life Sciences, Inc.  (KZR)  (CIK 0001645666)",kzr-ex991_6.htm,2019-06-13,Nasdaq,KZR,KZR-616,1b,systemic lupus erythematosus,MISSION,False,NCT03393013
0001104659-19-035218,0001724344,2019-06-13,Entasis Therapeutics Holdings Inc.  (CIK 0001724344),a19-11467_1ex99d1.htm,2019-06-13,NASDAQ,ETTX,ETX0282,1,serious drug-resistant infections,,False,NCT03491748
0001193125-19-173019,0001422143,2019-06-14,"Kura Oncology, Inc.  (KURA)  (CIK 0001422143)",d826525d8k.htm,2019-06-14,Nasdaq,KURA,tipifarnib,2,relapsed or refractory peripheral T-cell lymphoma,,False,
0001193125-19-173040,0001503802,2019-06-14,Karyopharm Therapeutics Inc.  (KPTI)  (CIK 0001503802),d753873d8k.htm,2019-06-14,Nasdaq,KPTI,selinexor,1b/2,multiple myeloma,STOMP,False,
0001171843-19-003994,0001629137,2019-06-14,"Global Blood Therapeutics, Inc.  (CIK 0001629137)",f8k_061419.htm,2019-06-14,NASDAQ,GBT,voxelotor,3,sickle cell disease,HOPE,False,
0001564590-19-022659,0001169245,2019-06-17,PhaseBio Pharmaceuticals Inc  (PHASQ)  (CIK 0001169245),phas-ex991_6.htm,2019-03-17,Nasdaq,PHAS,PB2452,2a,reversal of the antiplatelet activity of ticagrelor,,False,NCT03928353
0001564590-19-022611,0001382101,2019-06-17,"SUTRO BIOPHARMA, INC.  (STRO)  (CIK 0001382101)",stro-ex991_6.htm,2019-06-15,,,STRO-001,1,advanced B-Cell malignancies,STRO-001-BCM1,False,
0001558370-19-005736,0001557746,2019-06-17,"Aclaris Therapeutics, Inc.  (ACRS)  (CIK 0001557746)",acrs-20190617ex991be3be2.htm,2019-06-17,Nasdaq,ACRS,ATI-502,2,androgenetic alopecia,,False,
0001558370-19-005739,0001597264,2019-06-17,Blueprint Medicines Corp  (BPMC)  (CIK 0001597264),ex-99d2.htm,2019-06-15,Nasdaq,BPMC,avapritinib,,systemic mastocytosis,EXPLORER,True,
0001651308-19-000063,0001651308,2019-06-17,"BeiGene, Ltd.  (BGNE, BEIGF)  (CIK 0001651308)",a992eha_3zanupostersx61319.htm,2019-06-14,Nasdaq,BGNE,zanubrutinib,3,Waldenström’s Macroglobulinemia,ASPEN,False,NCT02343120;NCT03053440
0001193125-19-175173,0001560241,2019-06-18,"G1 Therapeutics, Inc.  (GTHX)  (CIK 0001560241)",d766824d8k.htm,2019-06-18,Nasdaq,GTHX,trilaciclib,2,metastatic triple-negative breast cancer,,True,NCT02978716
0001104659-19-036034,0001651308,2019-06-18,"BeiGene, Ltd.  (BGNE, BEIGF)  (CIK 0001651308)",a19-11671_1ex99d2.htm,2019-06-14,Nasdaq,BGNE,zanubrutinib,3,Waldenström’s Macroglobulinemia,ASPEN,False,NCT02343120;NCT03053440
0001144204-19-031390,0000850261,2019-06-19,"Sorrento Therapeutics, Inc.  (SRNE)  (CIK 0000850261)",tv523828_ex99-2.htm,2019-06-19,Nasdaq,SRNE,resiniferatoxin (RTX),1b,osteoarthritis of the knee,,False,NCT03542838
0001437749-19-012278,0001401040,2019-06-19,DiaMedica Therapeutics Inc.  (DMAC)  (CIK 0001401040),ex_147963.htm,2019-06-19,Nasdaq,DMAC,DM199,1b,chronic kidney disease,,False,
0001193125-19-176471,0001503802,2019-06-19,Karyopharm Therapeutics Inc.  (KPTI)  (CIK 0001503802),d755638d8k.htm,2019-06-19,Nasdaq,KPTI,selinexor,2b,diffuse large B-cell lymphoma,SADAL,True,
0000939767-19-000144,0000939767,2019-06-20,"EXELIXIS, INC.  (EXEL)  (CIK 0000939767)",form8-kimspire170.htm,2019-06-19,Nasdaq,EXEL,cobimetinib and atezolizumab,3,BRAF V600 wild-type advanced melanoma,IMspire170,False,
0001171843-19-004145,0001383701,2019-06-24,Conatus Pharmaceuticals Inc.  (CIK 0001383701),f8k_062419.htm,2019-06-24,,,emricasan,2b,decompensated NASH cirrhosis and liver cirrhosis,ENCORE-LF and ENCORE-PH,False,
0001193125-19-179370,0001711279,2019-06-24,"Krystal Biotech, Inc.  (KRYS)  (CIK 0001711279)",d744907d8k.htm,2019-06-24,Nasdaq,KRYS,KB103,2,severe generalized recessive dystrophic epidermolysis bullosa,GEM-2,False,
0001558370-19-005869,0001504167,2019-06-25,BioPharmX Corp  (CIK 0001504167),ex-99d1.htm,2019-06-25,NYSE American,BPMX,BPX-04,2b,moderate-to-severe papulopustular rosacea,,False,
0001193125-19-181947,0001598646,2019-06-26,"Minerva Neurosciences, Inc.  (NERV)  (CIK 0001598646)",d767481dex991.htm,2019-06-24,NASDAQ,NERV,seltorexant (MIN-202),2b,insomnia disorder,ISM2005,False,
0001558370-19-005901,0001638287,2019-06-26,Gemphire Therapeutics Inc.  (NRBO)  (CIK 0001638287),ex-99d1.htm,2019-06-26,NASDAQ,GEMP,gemcabene,2a,Familial Partial Lipodystrophy (FPLD),,False,
0001437749-19-012879,0001488039,2019-06-27,ATOSSA GENETICS INC  (ATOS)  (CIK 0001488039),ex_148659.htm,2019-06-27,Nasdaq,ATOS,topical Z Endoxifen,2,breast density,,False,
0001193125-19-183398,0001660334,2019-06-27,Verrica Pharmaceuticals Inc.  (VRCA)  (CIK 0001660334),d737187d8k.htm,2019-06-26,Nasdaq,VRCA,VP-102,2,common warts,COVE-1,False,
0001564590-19-023957,0000921299,2019-06-28,FIBROGEN INC  (FGEN)  (CIK 0000921299),fgen-ex991_85.htm,2019-06-28,,,Pamrevlumab,2,Duchenne Muscular Dystrophy,FG-3019-079,False,NCT02606136
0001104659-19-038107,0001261249,2019-06-28,"AGILE THERAPEUTICS INC  (AGRX, AGXRW)  (CIK 0001261249)",a19-12185_1ex99d1.htm,,,,AG200-15,1,contraception,ATI-CL26 and ATI-CL25,False,
0001193125-19-189296,0001463361,2019-07-03,"Unity Biotechnology, Inc.  (UBX)  (CIK 0001463361)",d768129d8k.htm,2019-06-18,NASDAQ,UBX,UBX0101,1,osteoarthritis,,False,
0001193125-19-189447,0001537917,2019-07-05,"TYME TECHNOLOGIES, INC.  (CIK 0001537917)",d770087dex991.htm,2019-07-05,NASDAQ,TYME,SM-88,2,pancreatic cancer,TYME-88-Panc,True,
0001193125-19-189981,0001567514,2019-07-08,"Intra-Cellular Therapies, Inc.  (ITCI)  (CIK 0001567514)",d898004d8k.htm,2019-07-08,Nasdaq,ITCI,lumateperone,3,Bipolar I or Bipolar II disorder,Study 404,False,
0001193125-19-190905,0001537917,2019-07-09,"TYME TECHNOLOGIES, INC.  (CIK 0001537917)",d772766dex991.htm,2019-07-09,NASDAQ,TYME,SM-88,2,Pancreatic Cancer,TYME-88-Panc,False,NCT03512756
0001104659-19-039704,0001590560,2019-07-09,uniQure N.V.  (QURE)  (CIK 0001590560),a19-12589_1ex99d1.htm,2019-07-06,NASDAQ,QURE,AMT-061,2b,hemophilia B,,False,
0001144204-19-034627,0001133869,2019-07-15,"CAPRICOR THERAPEUTICS, INC.  (CAPR)  (CIK 0001133869)",tv525181_8k.htm,2019-07-15,NASDAQ,CAPR,CAP-1002,2,Duchenne muscular dystrophy,HOPE-2,False,
0001157523-19-001521,0001527599,2019-07-15,"SYNLOGIC, INC.  (SYBX)  (CIK 0001527599)",a52012759.htm,2019-07-15,,,SYNB1618,1/2a,PKU,,True,
0001193125-19-193574,0001681087,2019-07-15,"AVROBIO, Inc.  (TECX)  (CIK 0001681087)",d753129d8k.htm,2019-07-15,Nasdaq,AVRO,AVR-RD-01,2,Fabry disease,FAB-201,False,
0001694187-19-000056,0001694187,2019-07-15,"Neon Therapeutics, Inc.  (CIK 0001694187)",ntgn-20190715xex991.htm,2019-07-15,Nasdaq,NTGN,NEO-PV-01,1b,"advanced or metastatic melanoma, smoking-associated non-small cell lung cancer (NSCLC) and bladder cancer",NT-001,False,
0001104659-19-040934,0001447028,2019-07-18,Arbutus Biopharma Corp  (ABUS)  (CIK 0001447028),a19-12981_18k.htm,2019-07-15,Nasdaq,ABUS,AB-506,1a/1b,chronic hepatitis B,AB-506-001,False,
0001659617-19-000114,0001659617,2019-07-18,"Moleculin Biotech, Inc.  (MBRX)  (CIK 0001659617)",exh991-pressreleasepolanda.htm,2019-07-18,Nasdaq,MBRX,Annamycin,1/2,relapsed or refractory acute myeloid leukemia,,False,
0001144204-19-035266,0001094038,2019-07-22,"Marker Therapeutics, Inc.  (MRKR)  (CIK 0001094038)",tv525553_ex99-2.htm,2019-07-20,Nasdaq,MRKR,MultiTAA T cell therapy,,pancreatic adenocarcinoma,TACTOPS,False,
0001213900-19-013239,0001638381,2019-07-22,Intec Pharma Ltd.  (CIK 0001638381),f8k072219_intecpharma.htm,2019-07-22,,,,3,,ACCORDANCE,False,
0001104659-19-041197,0001720893,2019-07-22,"BioXcel Therapeutics, Inc.  (BTAI)  (CIK 0001720893)",a19-13073_18k.htm,2019-07-22,Nasdaq,BTAI,BXCL501,1b,agitation in patients with schizophrenia,,False,
0001193125-19-199353,0001339469,2019-07-23,"CHIASMA, INC  (CIK 0001339469)",d767636d8k.htm,2019-07-23,NASDAQ,CHMA,Mycapssa,3,acromegaly,CHIASMA OPTIMAL,False,
0001193125-19-200528,0001597553,2019-07-24,"Sage Therapeutics, Inc.  (SAGE)  (CIK 0001597553)",d759433dex991.htm,2019-07-24,NASDAQ,SAGE,SAGE-217,2,bipolar depression,ARCHWAY,False,
0001144204-19-035881,0000318306,2019-07-25,ABEONA THERAPEUTICS INC.  (ABEO)  (CIK 0000318306),tv525876_ex99-1.htm,2019-07-25,Nasdaq,ABEO,ABO-102,1/2,Sanfilippo syndrome type A (MPS IIIA),The Transpher A Study,False,NCT02716246
0001564590-19-025941,0000921299,2019-07-25,FIBROGEN INC  (FGEN)  (CIK 0000921299),fgen-ex991_93.htm,2019-07-24,NASDAQ,FGEN,roxadustat,3,anemia in chronic kidney disease,FGCL-4592-806,False,
0001193125-19-204244,0001062822,2019-07-29,"LEXICON PHARMACEUTICALS, INC.  (LXRX)  (CIK 0001062822)",d773162d8k.htm,2019-07-26,Nasdaq,LXRX,Zynquista (sotagliflozin),3,type 2 diabetes,InSynchrony,False,
0001564590-19-026439,0001468748,2019-07-29,Kodiak Sciences Inc.  (KOD)  (CIK 0001468748),kod-ex991_6.htm,2019-07-27,Nasdaq,KOD,KSI-301,1b,"wet age-related macular degeneration (AMD), diabetic macular edema (DME), and macular edema due to retinal vein occlusion (RVO)",,False,NCT03790852
0001193125-19-204788,0001610618,2019-07-29,"Cidara Therapeutics, Inc.  (CDTX)  (CIK 0001610618)",d758216d8k.htm,2019-07-29,Nasdaq,CDTX,rezafungin,2,candidemia and/or invasive candidiasis,STRIVE,False,
0001610618-19-000043,0001610618,2019-07-29,"Cidara Therapeutics, Inc.  (CDTX)  (CIK 0001610618)",cdtx8-k2019x07x29_13x00x00.htm,2019-07-29,,,rezafungin,2,candidemia and invasive candidiasis,STRIVE,True,
0001564590-19-026738,0001520262,2019-07-30,Alkermes plc.  (ALKS)  (CIK 0001520262),alks-8k_20190730.htm,2019-07-30,Nasdaq,ALKS,diroximel fumarate,3,relapsing-remitting multiple sclerosis,EVOLVE-MS-2,False,
0001558370-19-006557,0001557746,2019-07-30,"Aclaris Therapeutics, Inc.  (ACRS)  (CIK 0001557746)",ex-99d1.htm,2019-07-30,NASDAQ,ACRS,ATI-501,2,alopecia areata,AUAT-201 Oral,False,
0001193125-19-207763,0001513818,2019-07-31,"Aravive, Inc.  (CIK 0001513818)",d733483d8k.htm,2019-07-31,Nasdaq,ARAV,AVB-500,1b,platinum-resistant recurrent ovarian cancer,,False,NCT03401528
0001178879-19-000060,0001178879,2019-08-01,"AMICUS THERAPEUTICS, INC.  (FOLD)  (CIK 0001178879)",exhibit99113.htm,2019-08-01,Nasdaq,FOLD,AAV-CLN6,1/2,CLN6 Batten disease,,False,
0001558370-19-007085,0001253689,2019-08-05,GLYCOMIMETICS INC  (GLYC)  (CIK 0001253689),ex-99d1.htm,2019-08-02,Nasdaq,GLYC,rivipansel,3,sickle cell disease,RESET,False,
0001564590-19-028511,0001564824,2019-08-05,Allakos Inc.  (ALLK)  (CIK 0001564824),allk-ex991_6.htm,2019-08-05,Nasdaq,ALLK,AK002,2,eosinophilic gastritis and/or eosinophilic gastroenteritis,ENIGMA,False,
0001104659-19-044131,0001509745,2019-08-06,"LEAP THERAPEUTICS, INC.  (LPTX)  (CIK 0001509745)",a19-16659_1ex99d1.htm,2019-08-06,NASDAQ,LPTX,DKN-01 plus Keytruda,,gastroesophageal junction and gastric cancer,KEYNOTE-731,True,
0001104659-19-044424,0001649904,2019-08-07,"RHYTHM PHARMACEUTICALS, INC.  (RYTM)  (CIK 0001649904)",a19-16774_18k.htm,2019-08-07,Nasdaq,RYTM,setmelanotide,3,pro-opiomelanocortin (POMC) and leptin receptor (LEPR) deficiency obesities,,False,
0001640334-19-001540,0001711754,2019-08-07,"Inmune Bio, Inc.  (INMB)  (CIK 0001711754)",inmb_8k.htm,2019-08-05,NASDAQ,INMB,INB03,1,advanced solid tumors,,False,
0001485003-19-000066,0001485003,2019-08-08,"Sesen Bio, Inc.  (CARM)  (CIK 0001485003)",sesenbio2q2019pressrelea.htm,2019-08-08,Nasdaq,SESN,Vicinium,3,"high-risk, bacillus Calmette-Guérin (BCG) unresponsive, non-muscle invasive bladder cancer (NMIBC)",VISTA,True,NCT02449239
0001104659-19-045001,0001661059,2019-08-09,"NextCure, Inc.  (NXTC)  (CIK 0001661059)",a19-16898_18k.htm,2019-08-08,Nasdaq,NXTC,NC318,1,advanced or metastatic solid tumors,,False,
0001193125-19-219468,0001654151,2019-08-13,"Deciphera Pharmaceuticals, Inc.  (CIK 0001654151)",d791955d8k.htm,2019-08-13,Nasdaq,DCPH,ripretinib,3,gastrointestinal stromal tumor,INVICTUS,False,
0001104659-19-046145,0001213037,2019-08-15,"Trovagene, Inc.  (CRDF)  (CIK 0001213037)",a19-17231_18k.htm,2019-08-15,Nasdaq,TROV,onvansertib,2,metastatic Castration-Resistant Prostate Cancer,,False,
0001564590-19-032608,0000818033,2019-08-20,"HERON THERAPEUTICS, INC. /DE/  (HRTX)  (CIK 0000818033)",hrtx-ex991_48.htm,2019-08-20,Nasdaq,HRTX,HTX-011,3,postoperative pain,EPOCH 2,False,
0001104659-19-046600,0000881524,2019-08-20,VIVUS INC  (CIK 0000881524),a19-17380_1ex99d1.htm,2019-08-20,NASDAQ,VVUS,Qsymia,,obesity,,False,
0001628280-19-011171,0001213037,2019-08-26,"Trovagene, Inc.  (CRDF)  (CIK 0001213037)",trov8-k82619.htm,2019-08-26,Nasdaq,TROV,onvansertib,2,metastatic Castration-Resistant Prostate Cancer (mCRPC),,False,NCT03303339;NCT03414034;NCT03829410
0001410578-19-000970,0001434868,2019-08-29,"Esperion Therapeutics, Inc.  (ESPR)  (CIK 0001434868)",tv528546_8k.htm,2019-08-29,NASDAQ,ESPR,bempedoic acid / ezetimibe,2,hypercholesterolemia and type 2 diabetes,1002-058,False,
0001213900-19-016975,0001697805,2019-08-30,"XYNOMIC PHARMACEUTICALS HOLDINGS, INC.  (CIK 0001697805)",f8k083019_xynomicpharma.htm,2019-08-30,,XYNO,abexinostat,1b,multiple solid tumors,,False,
0001193125-19-235863,0001422143,2019-09-03,"Kura Oncology, Inc.  (KURA)  (CIK 0001422143)",d795883d8k.htm,2019-09-03,Nasdaq,KURA,tipifarnib,2,relapsed or refractory urothelial carcinomas,,False,
0001193125-19-235868,0001437402,2019-09-03,"ARDELYX, INC.  (ARDX)  (CIK 0001437402)",d795858d8k.htm,2019-09-03,The Nasdaq Global Market,ARDX,tenapanor,3,chronic kidney disease (CKD) on dialysis,AMPLIFY,False,
0001104659-19-048359,0001614067,2019-09-03,"Aridis Pharmaceuticals, Inc.  (ARDS)  (CIK 0001614067)",a19-18182_1ex99d1.htm,2019-09-03,Nasdaq,ARDS,AR-105,2,ventilator-associated pneumonia (VAP) caused by gram-negative Pseudomonas aeruginosa,,False,NCT03027609;NCT03816956
0001564590-19-033820,0001636282,2019-09-03,"Aeglea BioTherapeutics, Inc.  (SYRE)  (CIK 0001636282)",agle-8k_20190903.htm,2019-09-03,Nasdaq,AGLE,pegzilarginase,1/2,Arginase 1 Deficiency,PEACE,False,
0001193125-19-237824,0001439222,2019-09-04,"AGIOS PHARMACEUTICALS, INC.  (AGIO)  (CIK 0001439222)",d769077dex991.htm,2019-09-04,Nasdaq,AGIO,mitapivat,2,pyruvate kinase deficiency,DRIVE PK,False,
0001564590-19-033927,0001515673,2019-09-04,Ultragenyx Pharmaceutical Inc.  (RARE)  (CIK 0001515673),rare-8k_20190904.htm,2019-09-04,Nasdaq,RARE,DTX401,1/2,glycogen storage disease type Ia,,False,
0001193805-19-000797,0001280776,2019-09-05,"IMMUNIC, INC.  (IMUX)  (CIK 0001280776)",e618637_ex99-1.htm,2019-09-05,Nasdaq,IMUX,IMU-838,2,ulcerative colitis,CALDOSE-1,False,
0001558370-19-008490,0001579428,2019-09-05,"Axsome Therapeutics, Inc.  (AXSM)  (CIK 0001579428)",ex-99d1.htm,2019-09-05,Nasdaq,AXSM,AXS-07,1,migraine,MOMENTUM,False,
0001171843-19-005858,0001069530,2019-09-09,CASSAVA SCIENCES INC  (SAVA)  (CIK 0001069530),exh_991.htm,2019-09-09,Nasdaq,SAVA,PTI-125,2a,Alzheimer’s disease,,False,
0001193125-19-240440,0001070494,2019-09-09,ACADIA PHARMACEUTICALS INC  (ACAD)  (CIK 0001070494),d800506d8k.htm,2019-09-09,Nasdaq,ACAD,pimavanserin,3,dementia-related psychosis,HARMONY,False,
0001144204-19-043868,0001513856,2019-09-09,"Neurotrope, Inc.  (CIK 0001513856)",tv529026_8k.htm,2019-09-09,Nasdaq,NTRP,Bryostatin-1,2,moderate to severe Alzheimer’s disease,,False,
0001193125-19-241618,0001325879,2019-09-10,AVEO PHARMACEUTICALS INC  (CIK 0001325879),d800866dex991.htm,2019-09-10,NASDAQ,AVEO,tivozanib,3,metastatic renal cell carcinoma,TIVO-3,True,
0001628280-19-011560,0001587221,2019-09-10,Zosano Pharma Corp  (CIK 0001587221),qtrypta.htm,2019-09-09,The Nasdaq Stock Market,ZSAN,Qtrypta (M207),,migraine,,False,
0001654954-19-010620,0001001316,2019-09-12,"TG THERAPEUTICS, INC.  (TGTX)  (CIK 0001001316)",tgtx_ex991.htm,2019-09-12,Nasdaq,TGTX,ublituximab,3,relapsing forms of multiple sclerosis,ULTIMATE I & II,False,
0001493152-19-014032,0001460702,2019-09-12,RITTER PHARMACEUTICALS INC  (QLGN)  (CIK 0001460702),ex99-1.htm,2019-09-12,Nasdaq,RTTR,RP-G28,3,lactose intolerance,Liberatus,False,
0001193125-19-243345,0001501756,2019-09-12,"Adverum Biotechnologies, Inc.  (ADVM)  (CIK 0001501756)",d796347dex991.htm,2019-09-11,Nasdaq,ADVM,ADVM-022,1,wet age-related macular degeneration,OPTIC,False,NCT03748784
0001193125-19-243385,0001682852,2019-09-12,"Moderna, Inc.  (MRNA)  (CIK 0001682852)",d796420dex991.htm,2019-09-12,Nasdaq,MRNA,mRNA-1647,1,cytomegalovirus,,False,
0001144204-19-044706,0001279704,2019-09-16,"Cellectar Biosciences, Inc.  (CLRB)  (CIK 0001279704)",tv529504_ex99-1.htm,2019-09-16,NASDAQ,CLRB,CLR 131,1,relapsed or refractory multiple myeloma,,False,
0001280600-19-000048,0001280600,2019-09-16,ACCELERON PHARMA INC  (CIK 0001280600),xlrn-20190916ex991.htm,2019-09-16,NASDAQ,XLRN,ACE-083,2,facioscapulohumeral muscular dystrophy,,False,
0001564590-19-034836,0001082038,2019-09-17,DURECT CORP  (DRRX)  (CIK 0001082038),drrx-ex991_6.htm,2019-09-17,Nasdaq,DRRX,DUR-928,2a,alcoholic hepatitis,,False,
0001104659-19-050329,0001509745,2019-09-17,"LEAP THERAPEUTICS, INC.  (LPTX)  (CIK 0001509745)",a19-18730_18k.htm,2019-09-17,Nasdaq,LPTX,DKN-01,2,advanced gynecological malignancies,P204,True,
0001564590-19-034969,0001293971,2019-09-18,"bluebird bio, Inc.  (BLUE)  (CIK 0001293971)",blue-8k_20190918.htm,2019-09-18,NASDAQ,BLUE,Lenti-D,2/3,cerebral adrenoleukodystrophy,Starbeam Study (ALD-102),True,
0001493152-19-014284,0001460702,2019-09-18,RITTER PHARMACEUTICALS INC  (QLGN)  (CIK 0001460702),form8-k.htm,2019-09-12,Nasdaq,RTTR,RP-G28,3,lactose intolerance,,False,
0001104659-19-050481,0001621443,2019-09-18,"Zynerba Pharmaceuticals, Inc.  (CIK 0001621443)",a19-18767_18k.htm,2019-09-18,Nasdaq,ZYNE,Zygel,2,Developmental and Epileptic Encephalopathies (DEE),BELIEVE 1,False,
0001493152-19-014295,0000876343,2019-09-19,"Lineage Cell Therapeutics, Inc.  (LCTX)  (CIK 0000876343)",ex99-1.htm,2019-09-19,NYSE American,LCTX,Renevia,,facial lipoatrophy,,True,
0001104659-19-050671,0001213037,2019-09-19,"Trovagene, Inc.  (CRDF)  (CIK 0001213037)",a19-18826_1ex99d1.htm,2019-09-19,Nasdaq,TROV,onvansertib,1b,Acute Myeloid Leukemia (AML),,False,NCT03414034;NCT03829410
0001140361-19-016975,0001472091,2019-09-19,PDS Biotechnology Corp  (PDSB)  (CIK 0001472091),ex99_1.htm,2019-09-18,Nasdaq,PDSB,PDS0101,1,cervical intraepithelial neoplasia (CIN),,True,
0000944809-19-000060,0000944809,2019-09-23,"Opko Health, Inc.  (OPK)  (CIK 0000944809)",a8khghctpex991.htm,,,,Somatrogon,2,Growth Hormone Deficiency (GHD),,False,NCT01592500
0001493152-19-014410,0001544238,2019-09-23,"CARDAX, INC.  (CIK 0001544238)",ex99-1.htm,2019-09-23,OTCQB,CDXI,ZanthoSyn,,cardiovascular health,CHASE,False,
0001144204-19-045690,0001012477,2019-09-24,AVADEL PHARMACEUTICALS PLC  (AVDL)  (CIK 0001012477),tv529887_ex99-1.htm,2019-09-24,Nasdaq,AVDL,FT218,1,narcolepsy,,False,
0001564590-19-035318,0001169245,2019-09-24,PhaseBio Pharmaceuticals Inc  (PHASQ)  (CIK 0001169245),phas-ex991_11.htm,2019-09-24,Nasdaq,PHAS,PB2452,2a,reversal of the antiplatelet activity of ticagrelor,,False,NCT03928353
0001651308-19-000090,0001651308,2019-09-24,"BeiGene, Ltd.  (BGNE, BEIGF)  (CIK 0001651308)",a8-kx92419.htm,2019-09-22,NASDAQ,BGNE,tislelizumab,,,,True,
0001193125-19-253710,0001668243,2019-09-24,UroGen Pharma Ltd.  (URGN)  (CIK 0001668243),d778092d8k.htm,2019-09-24,Nasdaq,URGN,UGN-101,3,low-grade upper tract urothelial cancer,OLYMPUS,True,
0001104659-19-051291,0000072444,2019-09-25,"Vaxart, Inc.  (VXRT)  (CIK 0000072444)",a19-18367_58k.htm,2019-09-25,NASDAQ,VXRT,oral tableted bivalent norovirus vaccine,1b,norovirus,,False,
0001654954-19-011103,0001604191,2019-09-25,"AzurRx BioPharma, Inc.  (ENTO)  (CIK 0001604191)",azrx8k_20190925.htm,2019-09-25,NASDAQ,AZRX,MS1819,2,exocrine pancreatic insufficiency in cystic fibrosis,OPTION,False,
0001558370-19-008729,0000855654,2019-09-30,"ImmunoGen, Inc.  (CIK 0000855654)",imgn-20190929ex9912e4fdd.htm,2019-09-29,Nasdaq,IMGN,mirvetuximab soravtansine,3,"folate receptor alpha (FRα)-positive, platinum-resistant ovarian cancer",FORWARD I,False,
0001193125-19-258123,0001174940,2019-09-30,ORAGENICS INC  (OGEN)  (CIK 0001174940),d787658d8k.htm,2019-09-30,NYSE American,OGEN,AG013,2,oral mucositis,NCT03234465,False,NCT03234465
0001144204-19-046508,0001279704,2019-09-30,"Cellectar Biosciences, Inc.  (CLRB)  (CIK 0001279704)",tv530304_ex99-1.htm,2019-09-30,NASDAQ,CLRB,CLR 131,2,relapsed or refractory diffuse large B cell lymphoma,CLOVER-1,False,NCT02952508
0001370053-19-000035,0001370053,2019-09-30,"ANAPTYSBIO, INC  (ANAB)  (CIK 0001370053)",anab-93019x8k.htm,2019-09-30,Nasdaq,ANAB,ANB019,2,generalized pustular psoriasis,,False,
0001193125-19-258364,0001439222,2019-09-30,"AGIOS PHARMACEUTICALS, INC.  (AGIO)  (CIK 0001439222)",d808786dex991.htm,2019-09-30,NASDAQ,AGIO,TIBSOVO,3,cholangiocarcinoma,ClarIDHy,False,
0001193125-19-258069,0001501697,2019-09-30,"X4 Pharmaceuticals, Inc  (XFOR, XFOWW)  (CIK 0001501697)",d805977d8k.htm,2019-09-30,Nasdaq,XFOR,mavorixafor,2a,advanced clear cell renal cell carcinoma,,False,
0001193125-19-258196,0001654151,2019-09-30,"Deciphera Pharmaceuticals, Inc.  (CIK 0001654151)",d809273dex991.htm,2019-09-30,Nasdaq,DCPH,ripretinib,3,advanced gastrointestinal stromal tumors,INVICTUS,True,NCT03353753
0001104659-19-051888,0001761612,2019-09-30,BICYCLE THERAPEUTICS plc  (BCYC)  (CIK 0001761612),a19-19170_1ex99d1.htm,2019-09-28,NASDAQ,BCYC,BT1718,1/2a,advanced solid tumors,,False,
0001140361-19-017653,0001472091,2019-10-01,PDS Biotechnology Corp  (PDSB)  (CIK 0001472091),ex99_1.htm,2019-10-01,Nasdaq,PDSB,PDS0101,1,advanced cancers,,False,
0001193125-19-259970,0001560241,2019-10-01,"G1 Therapeutics, Inc.  (GTHX)  (CIK 0001560241)",d813335dex991.htm,2019-09-28,Nasdaq,GTHX,trilaciclib,2,metastatic triple-negative breast cancer,,False,NCT02978716;NCT03041311
0001493152-19-014865,0000764195,2019-10-02,VBI Vaccines Inc/BC  (VBIVQ)  (CIK 0000764195),ex99-1.htm,2019-10-02,Nasdaq,VBIV,Sci-B-Vac,3,hepatitis B,PROTECT,False,
0001564590-19-036139,0000818033,2019-10-02,"HERON THERAPEUTICS, INC. /DE/  (HRTX)  (CIK 0000818033)",hrtx-8k_20191002.htm,2019-10-02,Nasdaq,HRTX,HTX-011,3b,postoperative pain,,False,
0001193125-19-260354,0001160308,2019-10-02,Savara Inc  (SVRA)  (CIK 0001160308),d807268dex991.htm,,,,Molgramostim,,Autoimmune Pulmonary Alveolar Proteinosis,IMPALA,False,
0001410578-19-001500,0001178879,2019-10-02,"AMICUS THERAPEUTICS, INC.  (FOLD)  (CIK 0001178879)",tv530493_8k.htm,2019-10-02,Nasdaq,FOLD,AT-GAA,1/2,Pompe disease,ATB200-02,False,NCT03729362
0001651308-19-000092,0001651308,2019-10-02,"BeiGene, Ltd.  (BGNE, BEIGF)  (CIK 0001651308)",a8-kx10219.htm,2019-09-30,NASDAQ,BGNE,tislelizumab and pamiparib,,,,False,
0001193125-19-262065,0001680581,2019-10-04,"Fulcrum Therapeutics, Inc.  (FULC)  (CIK 0001680581)",d815726dex991.htm,2019-10-04,Nasdaq,FULC,losmapimod,1,facioscapulohumeral dystrophy,,False,
0001193125-19-263227,0001375151,2019-10-07,"ZOGENIX, INC.  (CIK 0001375151)",d827655d8k.htm,2019-10-07,Nasdaq,ZGNX,pyrimidine nucleoside substrate enhancement therapy,2,Thymidine Kinase 2 deficiency,RETRO,False,
0001564590-19-036522,0001426332,2019-10-07,NGM BIOPHARMACEUTICALS INC  (CIK 0001426332),ngm-ex991_6.htm,2019-10-07,Nasdaq,NGM,aldafermin,2,non-alcoholic steatohepatitis,,False,
0001628280-19-012219,0001628738,2019-10-09,"Audentes Therapeutics, Inc.  (CIK 0001628738)",exhibit991.htm,2019-10-05,Nasdaq,BOLD,AT132,1/2,X-Linked Myotubular Myopathy,ASPIRO,False,
0001193125-19-265503,0001510487,2019-10-10,Principia Biopharma Inc.  (CIK 0001510487),d819052d8k.htm,2019-10-10,Nasdaq,PRNB,PRN1008,2,pemphigus,PEGASUS,False,
0001493152-19-015458,0000876343,2019-10-15,"Lineage Cell Therapeutics, Inc.  (LCTX)  (CIK 0000876343)",ex99-1.htm,2019-10-14,NYSE American,LCTX,OpRegen,1/2a,dry age-related macular degeneration,,False,
0001213900-19-020388,0001173313,2019-10-15,American BriVision (Holding) Corp  (ABVC)  (CIK 0001173313),f8k101519ex99-1_americanbri.htm,2019-10-15,OTCQB,ABVC,Vitargus,1,retinal detachment or vitreous hemorrhage,,False,
0001564590-19-036894,0001358762,2019-10-15,REATA PHARMACEUTICALS INC  (CIK 0001358762),reta-ex991_6.htm,2019-10-14,Nasdaq,RETA,omaveloxolone,2,Friedreich’s ataxia,MOXIe,False,
0001564590-19-036888,0001468748,2019-10-15,Kodiak Sciences Inc.  (KOD)  (CIK 0001468748),kod-ex991_6.htm,2019-10-11,Nasdaq,KOD,KSI-301,1b,"wet age-related macular degeneration, diabetic macular edema and retinal vein occlusion",DAZZLE,False,NCT04049266
0001193125-19-267205,0001510487,2019-10-15,Principia Biopharma Inc.  (CIK 0001510487),d801254d8k.htm,2019-10-15,Nasdaq,PRNB,PRN1008,1/2,immune thrombocytopenia,,False,
0001193125-19-266891,0001590877,2019-10-15,REGENXBIO Inc.  (RGNX)  (CIK 0001590877),d816528dex992.htm,2019-10-11,Nasdaq,RGNX,RGX-314,1/2a,wet age-related macular degeneration,,False,
0001104659-19-054507,0001006281,2019-10-17,"Protalix BioTherapeutics, Inc.  (PLX)  (CIK 0001006281)",tm1920403d1_ex99-1.htm,2019-10-17,NYSE American,PLX,pegunigalsidase alfa,3,Fabry disease,BRIDGE,True,
0001193125-19-269686,0001660334,2019-10-18,Verrica Pharmaceuticals Inc.  (VRCA)  (CIK 0001660334),d819249d8k.htm,2019-10-18,Nasdaq,VRCA,VP-102,3,molluscum contagiosum and common warts,"CAMP-1, CAMP-2, COVE-1",False,
0001564590-19-037206,0001082038,2019-10-21,DURECT CORP  (DRRX)  (CIK 0001082038),drrx-ex991_6.htm,2019-10-21,Nasdaq,DRRX,DUR-928,2a,alcoholic hepatitis,,False,
0001104659-19-055064,0001082554,2019-10-21,UNITED THERAPEUTICS Corp  (UTHR)  (CIK 0001082554),tm19206102_ex99-1.htm,2019-10-21,Nasdaq,UTHR,Orenitram,3,pulmonary arterial hypertension,FREEDOM-EV,True,
0001213900-19-020718,0001553643,2019-10-21,"RELMADA THERAPEUTICS, INC.  (RLMD)  (CIK 0001553643)",f8k101519_relmada.htm,2019-10-15,NASDAQ,RLMD,REL-1017,2,treatment resistant depression,REL-1017-202,False,
0001171843-19-006621,0001629137,2019-10-21,"Global Blood Therapeutics, Inc.  (CIK 0001629137)",exh_991.htm,2019-10-21,NASDAQ,GBT,voxelotor,3,sickle cell disease,HOPE,True,
0001125345-19-000103,0001125345,2019-10-22,MACROGENICS INC  (MGNX)  (CIK 0001125345),exhibit99-1sophiaos.htm,2019-10-22,NASDAQ,MGNX,margetuximab,3,HER2-positive metastatic breast cancer,SOPHIA,True,NCT02492711;NCT04082364
0001600132-19-000141,0001600132,2019-10-23,"Bellerophon Therapeutics, Inc.  (BLPH)  (CIK 0001600132)",a8-koctober2019chestdata.htm,2019-10-23,The Nasdaq Capital Market,BLPH,INOpulse,2/3,Pulmonary Hypertension Associated with Interstitial Lung Disease,,False,
0001636050-19-000089,0001636050,2019-10-23,Axovant Gene Therapies Ltd.  (CIK 0001636050),axovant1023198-k.htm,2019-10-23,Nasdaq,AXGT,AXO-AAV-GM2,1,infantile Tay-Sachs disease,,False,
0001193125-19-272040,0001655759,2019-10-23,"ARVINAS, INC.  (ARVN)  (CIK 0001655759)",d819744d8k.htm,2019-10-23,Nasdaq,ARVN,ARV-110 and ARV-471,1,metastatic castration-resistant prostate cancer and estrogen receptor positive / human epidermal growth factor receptor-2 negative locally advanced or metastatic breast cancer,,False,
0001104659-19-055975,0001178879,2019-10-24,"AMICUS THERAPEUTICS, INC.  (FOLD)  (CIK 0001178879)",tm19208881_ex99-1.htm,2019-10-24,Nasdaq,FOLD,AAV-CLN6,1/2,CLN6 Batten disease,,True,
0001193125-19-273138,0001556263,2019-10-24,"Syros Pharmaceuticals, Inc.  (SYRS)  (CIK 0001556263)",d823026dex991.htm,2019-10-24,NASDAQ,SYRS,SY-1425,2,acute myeloid leukemia,,False,NCT02807558
0001493152-19-015917,0000764195,2019-10-25,VBI Vaccines Inc/BC  (VBIVQ)  (CIK 0000764195),ex99-1.htm,2019-10-24,Nasdaq,VBIV,VBI-1901,1/2a,recurrent glioblastoma,,False,NCT03382977
0001104659-19-056422,0001722964,2019-10-25,"Y-mAbs Therapeutics, Inc.  (YMAB)  (CIK 0001722964)",a19-20973_1ex99d1.htm,2019-10-25,Nasdaq,YMAB,naxitamab,2,neuroblastoma and osteosarcoma,Study 15-096,False,NCT01757626
0001171843-19-006859,0000882796,2019-10-28,BIOCRYST PHARMACEUTICALS INC  (BCRX)  (CIK 0000882796),exh_991.htm,2019-10-28,Nasdaq,BCRX,BCX9930,1,complement-mediated diseases,,False,
0001654954-19-012023,0001001316,2019-10-28,"TG THERAPEUTICS, INC.  (TGTX)  (CIK 0001001316)",tgtx_ex991.htm,2019-10-28,NASDAQ,TGTX,umbralisib,2b,follicular lymphoma,UNITY-NHL,False,
0001193125-19-276192,0001403752,2019-10-28,Zymeworks Inc.  (CIK 0001403752),d787733dex991.htm,2019-10-28,NYSE,ZYME,ZW25,1,gastroesophageal adenocarcinoma,,False,NCT03929666
0001410939-19-000053,0001410939,2019-10-28,"IVERIC bio, Inc.  (CIK 0001410939)",item801.htm,2019-10-28,,,Zimura,2b,geographic atrophy secondary to dry age-related macular degeneration,,False,
0001193125-19-276327,0001576263,2019-10-28,"Mirati Therapeutics, Inc.  (CIK 0001576263)",d825784d8k.htm,2019-10-28,Nasdaq,MRTX,MRTX849,1/2,solid tumors expressing KRAS G12C mutations,,False,
0001104659-19-056720,0001722964,2019-10-28,"Y-mAbs Therapeutics, Inc.  (YMAB)  (CIK 0001722964)",a19-20973_2ex99d1.htm,2019-10-28,Nasdaq,YMAB,omburtamab,,central nervous system (CNS) leptomeningeal metastases from neuroblastoma,Study 03-133,True,
0001564590-19-038263,0001564824,2019-10-29,Allakos Inc.  (ALLK)  (CIK 0001564824),allk-ex991_8.htm,2019-10-25,,,AK002,2,active eosinophilic gastritis and/or eosinophilic gastroenteritis,ENIGMA,False,NCT03496571
0001193125-19-277684,0001654151,2019-10-29,"Deciphera Pharmaceuticals, Inc.  (CIK 0001654151)",d816474dex991.htm,2019-10-28,Nasdaq,DCPH,rebastinib,1b/2,advanced or metastatic solid tumors,,False,NCT03601897;NCT03717415
0001193125-19-276931,0001711279,2019-10-29,"Krystal Biotech, Inc.  (KRYS)  (CIK 0001711279)",d825146dex991.htm,2019-10-29,Nasdaq,KRYS,bercolagene telserpavec (B-VEC),1/2,severe generalized RDEB,,False,
0001193125-19-278423,0001369568,2019-10-30,"CATALYST PHARMACEUTICALS, INC.  (CPRX)  (CIK 0001369568)",d785565d8k.htm,2019-10-30,Nasdaq,CPRX,amifampridine phosphate,3,Congenital Myasthenic Syndromes,CMS-001,False,
0001564590-19-038415,0001382101,2019-10-30,"SUTRO BIOPHARMA, INC.  (STRO)  (CIK 0001382101)",stro-ex991_7.htm,2019-10-29,NASDAQ,STRO,STRO-002,1,advanced ovarian cancer,,False,NCT03748186
0001564590-19-038526,0001422143,2019-10-30,"Kura Oncology, Inc.  (KURA)  (CIK 0001422143)",kura-ex991_6.htm,2019-10-29,Nasdaq,KURA,tipifarnib,2,HRAS mutant head and neck squamous cell carcinomas,RUN-HN,True,
0001104659-19-057505,0001755237,2019-10-30,"Cyclerion Therapeutics, Inc.  (CYCN)  (CIK 0001755237)",a19-21444_18k.htm,2019-10-30,Nasdaq,CYCN,praliciguat,2,diabetic nephropathy,,False,
0001193125-19-283989,0001337553,2019-11-05,AERIE PHARMACEUTICALS INC  (CIK 0001337553),d643513d8k.htm,2019-11-05,NASDAQ,AERI,netarsudil ophthalmic solution,2,open-angle glaucoma or ocular hypertension,,False,
0001457612-19-000137,0001457612,2019-11-05,"GENOCEA BIOSCIENCES, INC.  (CIK 0001457612)",a115198-k.htm,2019-11-05,,,ATLAS,,tumor,,False,
0001553350-19-001123,0001476963,2019-11-05,"HEAT BIOLOGICS, INC.  (SCPX)  (CIK 0001476963)",htbx_ex99z1.htm,,,,Viagenpumatucel-L (HS-110) plus nivolumab,,advanced non-small lung cancer (NSCLC),DURGA,False,
0001583648-19-000070,0001583648,2019-11-05,"PIERIS PHARMACEUTICALS, INC.  (PIRS)  (CIK 0001583648)",a191105pierisprs343sitca.htm,,,,PRS-343,1,HER2-positive malignancies,NCT03330561,False,NCT03330561
0001564590-19-040711,0001293971,2019-11-06,"bluebird bio, Inc.  (BLUE)  (CIK 0001293971)",blue-ex991_6.htm,2019-11-06,Nasdaq,BLUE,bb21217,1,relapsed/refractory multiple myeloma,CRB-402,True,NCT02633943;NCT02906202;NCT03207009;NCT03274219
0001193125-19-285878,0001337553,2019-11-06,AERIE PHARMACEUTICALS INC  (CIK 0001337553),d825095d8k.htm,2019-11-06,,,netarsudil,2,open-angle glaucoma (OAG) or ocular hypertension (OHT),AR-13324-CS208,False,
0001193125-19-285901,0001337553,2019-11-06,AERIE PHARMACEUTICALS INC  (CIK 0001337553),d823801d8k.htm,2019-11-06,,,Rhopressa,4,open-angle glaucoma (OAG) or ocular hypertension (OHT),MOST,False,
0001140361-19-019940,0001472091,2019-11-06,PDS Biotechnology Corp  (PDSB)  (CIK 0001472091),ex99_1.htm,2019-11-06,Nasdaq,PDSB,PDS0101,1,HPV-associated cancers,,True,
0001171843-19-007216,0001629137,2019-11-06,"Global Blood Therapeutics, Inc.  (CIK 0001629137)",exh_991.htm,2019-11-06,NASDAQ,GBT,voxelotor,3,sickle cell disease (SCD),HOPE,False,
0001104659-19-060306,0001649904,2019-11-06,"RHYTHM PHARMACEUTICALS, INC.  (RYTM)  (CIK 0001649904)",a19-21973_1ex99d1.htm,2019-11-04,Nasdaq,RYTM,setmelanotide,3,pro-opiomelanocortin (POMC) deficiency obesity and leptin receptor (LEPR) deficiency obesity,,True,
0001600132-19-000150,0001600132,2019-11-07,"Bellerophon Therapeutics, Inc.  (BLPH)  (CIK 0001600132)",pressreleasenovember72019e.htm,2019-11-07,Nasdaq,BLPH,INOpulse,2/3,Pulmonary Hypertension associated with Interstitial Lung Disease (PH-ILD),iNO-PF,True,
0001193125-19-286673,0001624658,2019-11-07,"Allena Pharmaceuticals, Inc.  (CIK 0001624658)",d831178d8k.htm,2019-11-07,NASDAQ,ALNA,reloxaliase,3,enteric hyperoxaluria,URIROX-1,False,
0001564590-19-042158,0000921299,2019-11-08,FIBROGEN INC  (FGEN)  (CIK 0000921299),fgen-ex991_6.htm,2019-11-07,NASDAQ,FGEN,roxadustat,3,anemia in incident dialysis patients with chronic kidney disease,HIMALAYAS,False,
0001171843-19-007381,0001626971,2019-11-08,"Corvus Pharmaceuticals, Inc.  (CRVS)  (CIK 0001626971)",f8k_110819.htm,2019-11-08,,Corvus Pharmaceuticals,CPI-006,1/1b,"advanced, refractory disease",,True,
0001564590-19-043015,0001082038,2019-11-12,DURECT CORP  (DRRX)  (CIK 0001082038),drrx-8k_20191112.htm,2019-11-12,NASDAQ,DRRX,DUR-928,2a,alcoholic hepatitis,,False,
0001213900-19-022717,0001176309,2019-11-12,ORAMED PHARMACEUTICALS INC.  (ORMP)  (CIK 0001176309),f8k111219_oramedpharma.htm,2019-11-12,,Oramed Pharmaceuticals Inc.,ORMD-0801,2b,type 2 diabetes,,False,
0001193125-19-289408,0001552451,2019-11-12,MyoKardia Inc  (CIK 0001552451),d657775d8k.htm,2019-11-11,Nasdaq,MYOK,mavacamten,2,non-obstructive hypertrophic cardiomyopathy,MAVERICK-HCM,False,
0001193125-19-289086,0001576263,2019-11-12,"Mirati Therapeutics, Inc.  (CIK 0001576263)",d829437d8k.htm,2019-11-09,Nasdaq,MRTX,sitravatinib,2,metastatic urothelial cancer,,False,
0001600132-19-000152,0001600132,2019-11-12,"Bellerophon Therapeutics, Inc.  (BLPH)  (CIK 0001600132)",a8-knovember2019rhcdata.htm,2019-11-12,Nasdaq,BLPH,INOpulse,,Pulmonary Hypertension Associated with Interstitial Lung Disease,,False,
0001564590-19-042643,0001645666,2019-11-12,"Kezar Life Sciences, Inc.  (KZR)  (CIK 0001645666)",kzr-ex991_6.htm,2019-11-12,Nasdaq,KZR,KZR-616,1b,systemic lupus erythematosus,MISSION,True,NCT03393013
0001557142-19-000082,0001557142,2019-11-13,"Kadmon Holdings, Inc.  (CIK 0001557142)",kdmn-20191112x8k.htm,2019-11-11,NYSE,KDMN,KD025,,chronic graft-versus-host disease,ROCKstar (KD025-213),False,
0001193125-19-291076,0001654151,2019-11-13,"Deciphera Pharmaceuticals, Inc.  (CIK 0001654151)",d834294d8k.htm,2019-11-13,NASDAQ,DCPH,DCC-3014,1,diffuse-type tenosynovial giant cell tumor (TGCT),,False,NCT03069469;NCT03353753
0001628280-19-014171,0001213037,2019-11-14,"Trovagene, Inc.  (CRDF)  (CIK 0001213037)",trov8-k111419.htm,2019-11-14,Nasdaq Capital Market,TROV,onvansertib,2,metastatic Castration-Resistant Prostate Cancer (mCRPC),,False,
0001654954-19-012881,0001411685,2019-11-14,"VistaGen Therapeutics, Inc.  (VTGN)  (CIK 0001411685)",ex99-1.htm,2019-11-14,NASDAQ,VTGN,AV-101,2,major depressive disorder (MDD),ELEVATE,False,
0001193125-19-292868,0001720580,2019-11-15,"resTORbio, Inc.  (ACET)  (CIK 0001720580)",d832662d8k.htm,2019-11-15,Nasdaq,TORC,RTB101,3,clinically symptomatic respiratory illness (CSRI),PROTECTOR 1,False,
0001193125-19-293984,0001731831,2019-11-18,"Eidos Therapeutics, Inc.  (CIK 0001731831)",d80110d8k.htm,2019-11-16,Nasdaq,"BBIO, EIDX",AG10,2,transthyretin (TTR) amyloidosis cardiomyopathy (ATTR-CM),,False,
0001193125-19-293845,0001771917,2019-11-18,"Karuna Therapeutics, Inc.  (CIK 0001771917)",d836305d8k.htm,2019-11-18,Nasdaq,KRTX,KarXT,2,acute psychosis in patients with schizophrenia,,False,
0001659617-19-000177,0001659617,2019-11-19,"Moleculin Biotech, Inc.  (MBRX)  (CIK 0001659617)",exh991-pressreleasectcldata.htm,2019-11-19,Nasdaq,MBRX,WP1220,1,cutaneous T-cell lymphoma,,False,
0001193125-19-295192,0001674416,2019-11-19,CRISPR Therapeutics AG  (CRSP)  (CIK 0001674416),d808697d8k.htm,2019-11-19,NASDAQ,"CRSP, VRTX",CTX001,1/2,severe hemoglobinopathies,,False,
0001193125-19-295582,0001743881,2019-11-19,"BridgeBio Pharma, Inc.  (BBIO)  (CIK 0001743881)",d24594d8k.htm,2019-11-16,Nasdaq,"BBIO, EIDX",AG10,2,transthyretin (TTR) amyloidosis cardiomyopathy,,False,
0001104659-19-065650,0000881524,2019-11-20,VIVUS INC  (CIK 0000881524),a19-23438_18k.htm,2019-11-20,Nasdaq,VVUS,Qsymia,,binge-eating disorder or bulimia nervosa,NCT02553824,False,NCT02553824
0001564590-19-043923,0001513818,2019-11-20,"Aravive, Inc.  (CIK 0001513818)",arav-8k_20191120.htm,2019-11-20,Nasdaq,ARAV,AVB-500,1b,platinum-resistant recurrent ovarian cancer,,False,
0001564590-19-043921,0001676725,2019-11-20,"IDEAYA Biosciences, Inc.  (IDYA)  (CIK 0001676725)",idya-ex991_6.htm,2019-11-20,Nasdaq,IDYA,IDE196,1,Metastatic Uveal Melanoma,A Phase 1/2 Study in Patients with Solid Tumors Harboring GNAQ/11 Mutations or PRKC Fusions,False,NCT03947385
0001493152-19-018204,0000764195,2019-11-22,VBI Vaccines Inc/BC  (VBIVQ)  (CIK 0000764195),ex99-1.htm,2019-11-22,Nasdaq,VBIV,VBI-1901,1/2a,recurrent glioblastoma,,False,NCT03382977
0001104659-19-066395,0001372514,2019-11-22,"EYEGATE PHARMACEUTICALS INC  (KPRX, KPHMW)  (CIK 0001372514)",tm1923677d1_8k.htm,2019-11-22,NASDAQ,EYEG,Ocular Bandage Gel,,corneal wound repair,,True,
0001193125-19-298517,0001403752,2019-11-22,Zymeworks Inc.  (CIK 0001403752),d836726dex991.htm,2019-11-22,NYSE,ZYME,ZW25,1,HER2-expressing solid tumors,,True,
0001193125-19-298670,0001439222,2019-11-22,"AGIOS PHARMACEUTICALS, INC.  (AGIO)  (CIK 0001439222)",d837319dex991.htm,2019-11-22,NASDAQ,AGIO,vorasidenib and TIBSOVO (ivosidenib),,low-grade glioma,perioperative study,False,
0001193125-19-299251,0001107421,2019-11-25,ZIOPHARM ONCOLOGY INC  (TCRT)  (CIK 0001107421),d839803d8k.htm,2019-11-23,Nasdaq,ZIOP,Controlled IL-12,1,recurrent or progressive glioblastoma multiforme,,True,NCT02026271;NCT03636477;NCT03679754
0001193125-19-299865,0001340652,2019-11-25,"ChemoCentryx, Inc.  (CIK 0001340652)",d839895d8k.htm,2019-11-25,NASDAQ,CCXI,avacopan,3,ANCA-associated vasculitis,ADVOCATE,False,
0001651308-19-000123,0001651308,2019-11-25,"BeiGene, Ltd.  (BGNE, BEIGF)  (CIK 0001651308)",a8-kx112519.htm,2019-11-23,NASDAQ,BGNE,tislelizumab,2,gastric/ gastroesophageal junction (G/GEJ) adenocarcinoma or esophageal squamous cell carcinoma (ESCC),,False,
0001140361-19-021505,0001398733,2019-11-26,"Aquestive Therapeutics, Inc.  (AQST)  (CIK 0001398733)",ex99_4.htm,,,,Diazepam buccal film,,epilepsy,NCT03953820,False,NCT03953820
0000920465-19-000166,0000920465,2019-11-29,LA JOLLA PHARMACEUTICAL CO  (CIK 0000920465),exhibit-pr25nov19.htm,2019-11-25,Nasdaq,LJPC,LJPC-401,2,hereditary hemochromatosis,Study LJ401-HH01,False,
0001104659-19-068757,0001372514,2019-12-02,"EYEGATE PHARMACEUTICALS INC  (KPRX, KPHMW)  (CIK 0001372514)",tm1924125d1_8k.htm,2019-12-02,NASDAQ,EYEG,Ocular Bandage Gel,,corneal wound repair,,True,
0001618835-19-000208,0001618835,2019-12-02,"Evofem Biosciences, Inc.  (EVFM)  (CIK 0001618835)",evfm8-ktoplineamprevence.htm,2019-12-02,NASDAQ,EVFM,Amphora,2b,urogenital chlamydia and gonorrhea,AMPREVENCE,False,
0001193125-19-304808,0001341235,2019-12-03,"Aldeyra Therapeutics, Inc.  (ALDX)  (CIK 0001341235)",d833293d8k.htm,2019-12-03,Nasdaq,ALDX,reproxalap,3,dry eye disease,RENEW,False,
0001104659-19-069243,0001346830,2019-12-03,"Cara Therapeutics, Inc.  (CARA)  (CIK 0001346830)",tm1924380-1_8k.htm,2019-12-03,Nasdaq,CARA,Oral KORSUVA,2,pruritus in patients with stage III-V chronic kidney disease,,False,
0001193125-19-304836,0001375151,2019-12-03,"ZOGENIX, INC.  (CIK 0001375151)",d843060d8k.htm,2019-12-02,Nasdaq,ZGNX,FINTEPLA,3,Dravet syndrome,Study 1504,True,
0001193125-19-304803,0001437402,2019-12-03,"ARDELYX, INC.  (ARDX)  (CIK 0001437402)",d843175d8k.htm,2019-12-03,Nasdaq,ARDX,tenapanor,3,hyperphosphatemia,PHREEDOM,False,
0001104659-19-069244,0001579428,2019-12-03,"Axsome Therapeutics, Inc.  (AXSM)  (CIK 0001579428)",tm1924374-1_8k.htm,2019-12-03,Nasdaq,AXSM,AXS-12,2,narcolepsy,CONCERT,False,
0001659617-19-000186,0001659617,2019-12-04,"Moleculin Biotech, Inc.  (MBRX)  (CIK 0001659617)",exh991-pressrelease180coho.htm,2019-12-04,Nasdaq,MBRX,Annamycin,1/2,acute myeloid leukemia,,True,
0001193125-19-306717,0001597553,2019-12-05,"Sage Therapeutics, Inc.  (SAGE)  (CIK 0001597553)",d842008d8k.htm,2019-12-05,Nasdaq,SAGE,SAGE-217,3,major depressive disorder,MOUNTAIN,False,
0001069530-19-000038,0001069530,2019-12-06,CASSAVA SCIENCES INC  (SAVA)  (CIK 0001069530),sava-20191206xex99_2.htm,2019-12-05,Nasdaq,SAVA,PTI-125,2a,Alzheimer’s disease,,True,
0001193125-19-308386,0001108205,2019-12-06,CURIS INC  (CRIS)  (CIK 0001108205),d98029d8k.htm,2019-12-06,NASDAQ,CRIS,CA-4948,1,relapsed or refractory (R/R) non-Hodgkin’s lymphoma (NHL),,False,
0001564590-19-045479,0001293971,2019-12-06,"bluebird bio, Inc.  (BLUE)  (CIK 0001293971)",blue-8k_20191206.htm,2019-12-06,Nasdaq,BLUE,idecabtagene vicleucel (ide-cel; bb2121),2,relapsed and refractory multiple myeloma,KarMMa,False,NCT03361748
0001171843-19-008008,0000882361,2019-12-09,Aptose Biosciences Inc.  (APTO)  (CIK 0000882361),exh_991.htm,2019-12-07,NASDAQ,APTO,CG-806 and APTO-253,1,"B cell malignancies, including CLL and non-Hodgkin lymphomas (NHL), AML, MDS",,False,
0001654954-19-013703,0001001316,2019-12-09,"TG THERAPEUTICS, INC.  (TGTX)  (CIK 0001001316)",tgtx-20191231.htm,2019-12-08,NASDAQ,TGTX,"ublituximab, umbralisib, and venetoclax",1/2,relapsed/refractory chronic lymphocytic leukemia (CLL),"A Phase 1/2 Study of Umbralisib, Ublituximab and Venetoclax in Patients with Relapsed or Refractory Chronic Lymphocytic Leukemia (CLL)",False,
0001104659-19-070818,0001130598,2019-12-09,"Onconova Therapeutics, Inc.  (TRAW)  (CIK 0001130598)",tm1924763d2_ex99-1.htm,2019-12-09,NASDAQ,ONTX,rigosertib,2,myelodysplastic syndromes,INSPIRE,False,NCT02562443
0001564590-19-045493,0001260990,2019-12-09,"Oncternal Therapeutics, Inc.  (ONCT)  (CIK 0001260990)",onct-8k_20191209.htm,2019-12-09,Nasdaq,ONCT,cirmtuzumab,1/2,chronic lymphocytic leukemia or mantle cell lymphoma,CIRLL,False,
0001104659-19-070786,0001267813,2019-12-09,MARINUS PHARMACEUTICALS INC  (MRNS)  (CIK 0001267813),tm1924752d1_ex99-1.htm,2019-12-07,Nasdaq,MRNS,ganaxolone,2,refractory status epilepticus,,True,
0001104659-19-070959,0001279704,2019-12-09,"Cellectar Biosciences, Inc.  (CLRB)  (CIK 0001279704)",tm1924802d1_ex99-1.htm,2019-12-09,NASDAQ,CLRB,CLR 131,2,relapsed/refractory multiple myeloma,CLOVER-1,False,NCT02952508
0001654954-19-013694,0001378624,2019-12-09,"Cellular Biomedicine Group, Inc.  (CIK 0001378624)",cbmg_ex992.htm,2019-12-07,NASDAQ,CBMG,C-CAR088,1,relapsed or refractory multiple myeloma,,False,
0000950123-19-011815,0001422143,2019-12-09,"Kura Oncology, Inc.  (KURA)  (CIK 0001422143)",kura-ex991_6.htm,2019-12-08,Nasdaq,KURA,tipifarnib,2,angioimmunoblastic T-cell lymphoma,,False,
0001193125-19-309199,0001439222,2019-12-09,"AGIOS PHARMACEUTICALS, INC.  (AGIO)  (CIK 0001439222)",d795045dex991.htm,2019-12-08,NASDAQ,AGIO,mitapivat,2,non-transfusion-dependent thalassemia,,False,
0001193125-19-308678,0001503802,2019-12-09,Karyopharm Therapeutics Inc.  (KPTI)  (CIK 0001503802),d800521dex991.htm,2019-12-07,Nasdaq,KPTI,selinexor,1b/2,multiple myeloma,STOMP,False,
0001193125-19-308602,0001510487,2019-12-09,Principia Biopharma Inc.  (CIK 0001510487),d676466d8k.htm,2019-12-07,Nasdaq,PRNB,PRN1008,1/2,immune thrombocytopenia,,False,
0001558370-19-011419,0001597264,2019-12-09,Blueprint Medicines Corp  (BPMC)  (CIK 0001597264),bpmc-20191208x8ke996981.htm,2019-12-08,,,avapritinib,1,advanced systemic mastocytosis,EXPLORER,False,
0001193125-19-308661,0001622229,2019-12-09,Unum Therapeutics Inc.  (COGT)  (CIK 0001622229),d841927dex991.htm,2019-12-07,Nasdaq,UMRX,ACTR707,1,relapsed or refractory CD20+ non-Hodgkin Lymphoma,ATTCK-20-03,False,
0001171843-19-008006,0001626971,2019-12-09,"Corvus Pharmaceuticals, Inc.  (CRVS)  (CIK 0001626971)",exh_991.htm,2019-12-07,Nasdaq,CRVS,CPI-818,1/1b,T-cell lymphomas,,False,
0001651308-19-000131,0001651308,2019-12-09,"BeiGene, Ltd.  (BGNE, BEIGF)  (CIK 0001651308)",a8-kx8dec19.htm,2019-12-08,NASDAQ,BGNE,BRUKINSA (zanubrutinib),,"chronic lymphocytic leukemia (CLL), small lymphocytic lymphoma (SLL), and B-cell malignancies",,False,
0001564590-19-045581,0001395937,2019-12-10,Syndax Pharmaceuticals Inc  (SNDX)  (CIK 0001395937),sndx-ex991_58.htm,2019-12-10,Nasdaq,SNDX,SNDX-6352,1,chronic graft versus host disease,,False,
0001104659-19-071679,0001722964,2019-12-11,"Y-mAbs Therapeutics, Inc.  (YMAB)  (CIK 0001722964)",tm1924621d2_ex99-1.htm,2019-12-11,Nasdaq,YMAB,naxitamab,,high-risk stage 4 neuroblastoma,,False,
0001564590-19-045783,0001339970,2019-12-12,aTYR PHARMA INC  (ATYR)  (CIK 0001339970),life-ex991_6.htm,2019-12-12,Nasdaq,LIFE,ATYR1923,1b/2a,pulmonary sarcoidosis,,False,
0001356576-19-000049,0001356576,2019-12-12,"SUPERNUS PHARMACEUTICALS, INC.  (SUPN)  (CIK 0001356576)",ex99112-9x19.htm,2019-12-09,Nasdaq,SUPN,SPN-810,3,Impulsive Aggression (IA) in ADHD,P301,True,
0001193125-19-312200,0001751299,2019-12-12,"Kaleido Biosciences, Inc.  (KLDO)  (CIK 0001751299)",d847802d8k.htm,2019-12-12,Nasdaq,KLDO,KB174,,cirrhosis,,False,
0001564590-19-045870,0001260990,2019-12-13,"Oncternal Therapeutics, Inc.  (ONCT)  (CIK 0001260990)",onct-8k_20191212.htm,2019-12-12,Nasdaq,ONCT,cirmtuzumab,1b,"HER2-negative, metastatic or locally advanced unresectable breast cancer",,True,
0001280600-19-000061,0001280600,2019-12-13,ACCELERON PHARMA INC  (CIK 0001280600),xlrn20191209ex991.htm,2019-12-09,NYSE,BMY,Reblozyl (luspatercept-aamt),2,myelofibrosis-associated anemia,,False,
0001193125-19-313488,0001300699,2019-12-13,"Athenex, Inc.  (CIK 0001300699)",d838422dex991.htm,2019-12-13,Nasdaq,ATNX,oral paclitaxel and encequidar,3,metastatic breast cancer,,False,
0001193125-19-313917,0001300699,2019-12-13,"Athenex, Inc.  (CIK 0001300699)",d837714dex991.htm,,,,oral paclitaxel and encequidar,1,metastatic breast cancer,,False,
0001564590-19-045969,0001653087,2019-12-13,"Alector, Inc.  (ALEC)  (CIK 0001653087)",alec-ex991_6.htm,2019-12-13,Nasdaq,ALEC,AL001,1b,frontotemporal dementia,,True,
0001193125-19-314015,0001656634,2019-12-13,"Gritstone Oncology, Inc.  (GRTS)  (CIK 0001656634)",d850041d8k.htm,2019-12-12,Nasdaq,GRTS,GRANITE and SLATE,1,solid tumor,GO-004,False,
0001558370-19-011521,0001579428,2019-12-16,"Axsome Therapeutics, Inc.  (AXSM)  (CIK 0001579428)",ex-99d1.htm,2019-12-16,NASDAQ,AXSM,AXS-05,3,major depressive disorder,GEMINI,False,
0001193125-19-314469,0001631574,2019-12-16,Wave Life Sciences Ltd.  (WVE)  (CIK 0001631574),d822489dex991.htm,2019-12-16,Nasdaq,WVE,suvodirsen,1,Duchenne muscular dystrophy,,False,
0001193125-19-315680,0001445283,2019-12-17,"PROTEOSTASIS THERAPEUTICS, INC.  (KA)  (CIK 0001445283)",d614069d8k.htm,2019-12-17,NASDAQ,PTI,"dirocaftor (PTI-808), posenacaftor (PTI-801), and nesolicaftor (PTI-428)",2,cystic fibrosis,,False,
0001213900-19-026351,0001711754,2019-12-17,"Inmune Bio, Inc.  (INMB)  (CIK 0001711754)",f8k121719_inmunebioinc.htm,2019-12-17,NASDAQ,INMB,INB03,1,advanced solid tumors,,False,
0001104659-19-073582,0000881524,2019-12-18,VIVUS INC  (CIK 0000881524),a19-26486_1ex99d1.htm,2019-12-18,Nasdaq,VVUS,Qsymia,,obesity,,False,NCT02714062
0001193125-19-316470,0001375151,2019-12-18,"ZOGENIX, INC.  (CIK 0001375151)",d849838d8k.htm,2019-12-17,The Nasdaq Global Market,ZGNX,FINTEPLA,3,Dravet syndrome,Study 1,True,
0001193125-19-317563,0001598646,2019-12-18,"Minerva Neurosciences, Inc.  (NERV)  (CIK 0001598646)",d852969dex991.htm,2019-12-18,Nasdaq,NERV,MIN-117,2b,major depressive disorder,,False,NCT03446846
0001193125-19-316730,0001707502,2019-12-18,Solid Biosciences Inc.  (SLDB)  (CIK 0001707502),d850463d8k.htm,2019-12-18,Nasdaq,SLDB,SGT-001,1/2,Duchenne muscular dystrophy,IGNITE DMD,True,
0001559053-19-000040,0001559053,2019-12-19,Prothena Corp plc  (PRTA)  (CIK 0001559053),form8-k2019x4.htm,,Nasdaq,PRTA,PRX004,1,hereditary transthyretin amyloidosis,,False,NCT03336580
0001193125-19-318478,0001661998,2019-12-19,"Homology Medicines, Inc.  (QTTB)  (CIK 0001661998)",d849575d8k.htm,2019-12-17,Nasdaq,FIXX,HMI-102,1/2,phenylketonuria,pheNIX,False,
0001437749-19-024760,0000835887,2019-12-23,PROGENICS PHARMACEUTICALS INC  (CIK 0000835887),ex_168018.htm,2019-12-23,Nasdaq,PGNX,PyL,3,prostate cancer,CONDOR,False,
0001493152-19-019764,0000908259,2019-12-27,MATEON THERAPEUTICS INC  (OTLC)  (CIK 0000908259),ex99-1.htm,2019-12-23,OTCQB,MATN,Combretastatin A1,,acute myeloid leukemia,OXI1222,False,NCT00977210;NCT01085656;NCT02576301
0001558370-19-011695,0001579428,2019-12-30,"Axsome Therapeutics, Inc.  (AXSM)  (CIK 0001579428)",ex-99d1.htm,2019-12-30,NASDAQ,AXSM,AXS-07,3,migraine,MOMENTUM,False,
0001193125-19-325442,0001631574,2019-12-30,Wave Life Sciences Ltd.  (WVE)  (CIK 0001631574),d857761d8k.htm,2019-12-30,Nasdaq,WVE,WVE-120102,1b/2a,Huntington’s disease,PRECISION-HD2,False,
0001564590-20-000064,0001082038,2020-01-02,DURECT CORP  (DRRX)  (CIK 0001082038),drrx-ex991_6.htm,2020-01-02,Nasdaq,DRRX,DUR-928,2a,plaque psoriasis,,False,
0001467154-20-000002,0001467154,2020-01-03,"Novan, Inc.  (CIK 0001467154)",a20200103novanwebcastvff.htm,2020-01-02,Nasdaq,NOVN,SB206,3,molluscum contagiosum,B-SIMPLE,False,
0001193125-20-002622,0001492422,2020-01-07,"Apellis Pharmaceuticals, Inc.  (APLS)  (CIK 0001492422)",d781419d8k.htm,2020-01-07,Nasdaq,APLS,pegcetacoplan (APL-2),3,paroxysmal nocturnal hemoglobinuria,PEGASUS,False,
0001193125-20-003545,0001422142,2020-01-08,"Aerpio Pharmaceuticals, Inc.  (AADI)  (CIK 0001422142)",d860967dex991.htm,2020-01-08,Nasdaq,ARPO,AKB-9778,1b,primary open angle glaucoma or ocular hypertension,,False,
0001558370-20-000074,0001597264,2020-01-08,Blueprint Medicines Corp  (BPMC)  (CIK 0001597264),bpmc-20200108x8k5b17d17.htm,2020-01-08,NASDAQ,BPMC,pralsetinib,1/2,RET fusion-positive non-small cell lung cancer,ARROW,False,
0001564590-20-000633,0001515673,2020-01-09,Ultragenyx Pharmaceutical Inc.  (RARE)  (CIK 0001515673),rare-8k_20200109.htm,2020-01-09,NASDAQ,RARE,DTX301,1/2,ornithine transcarbamylase (OTC) deficiency,,False,
0001493152-20-000447,0000764195,2020-01-10,VBI Vaccines Inc/BC  (VBIVQ)  (CIK 0000764195),ex99-1.htm,2020-01-09,Nasdaq,VBIV,Sci-B-Vac®,3,hepatitis B,CONSTANT,False,
0001193125-20-005950,0001492426,2020-01-13,Horizon Therapeutics Public Ltd Co  (CIK 0001492426),d868690dex991.htm,2020-01-13,Nasdaq,HZNP,KRYSTEXXA,,uncontrolled gout,MIRROR,False,
0001104659-20-003255,0001579428,2020-01-13,"Axsome Therapeutics, Inc.  (AXSM)  (CIK 0001579428)",tm203196d1_ex99-1.htm,2020-01-13,NASDAQ,AXSM,AXS-14,3,fibromyalgia,,False,
0001654954-20-000304,0001604191,2020-01-13,"AzurRx BioPharma, Inc.  (ENTO)  (CIK 0001604191)",ex99-1.htm,2020-01-09,NASDAQ,AZRX,MS1819-SD,2,Cystic Fibrosis,,False,
0001193125-20-005937,0001720725,2020-01-13,"Oyster Point Pharma, Inc.  (CIK 0001720725)",d865031d8k.htm,2020-01-12,Nasdaq,OYST,OC-01,2,Dry Eye Disease,MYSTIC,False,
0001104659-20-003162,0001755237,2020-01-13,"Cyclerion Therapeutics, Inc.  (CYCN)  (CIK 0001755237)",tm202191d1_8k.htm,2020-01-13,Nasdaq,CYCN,IW-6463,1,neurodegenerative diseases,,False,
0001714899-20-000005,0001714899,2020-01-14,Denali Therapeutics Inc.  (DNLI)  (CIK 0001714899),ex991pressreleasejanua.htm,2020-01-14,Nasdaq,DNLI,DNL201 and DNL151,1b,Parkinson’s disease,,False,NCT04056689
0001651308-20-000008,0001651308,2020-01-21,"BeiGene, Ltd.  (BGNE, BEIGF)  (CIK 0001651308)",a317-307readout_en.htm,2020-01-21,Nasdaq,BGNE,tislelizumab,3,squamous non-small cell lung cancer,BGB-A317-307,False,
0001193125-20-011478,0001662524,2020-01-22,"AKCEA THERAPEUTICS, INC.  (CIK 0001662524)",d869331d8k.htm,2020-01-22,Nasdaq,AKCA,AKCEA-APOCIII-L Rx,2,hypertriglyceridemia,,False,
0001437749-20-001132,0001029125,2020-01-24,"Sun BioPharma, Inc.  (PBLA)  (CIK 0001029125)",ex_170324.htm,2020-01-24,OTCQB,SNBP,SBP-101,1,pancreatic ductal adenocarcinoma,,False,
0001104659-20-006911,0000850261,2020-01-27,"Sorrento Therapeutics, Inc.  (SRNE)  (CIK 0000850261)",tm205898d1_8k.htm,2020-01-27,Nasdaq,SRNE,resiniferatoxin,1b/2,osteoarthritis of the knee and intractable advanced stage cancer pain,,False,NCT03226574;NCT03542838
0001628280-20-000533,0001213037,2020-01-27,"Trovagene, Inc.  (CRDF)  (CIK 0001213037)",trov8-k012720.htm,2020-01-27,Nasdaq,TROV,onvansertib plus FOLFIRI and Avastin (bevacizumab),1b/2,KRAS-mutated metastatic colorectal cancer (mCRC),,False,
0001280600-20-000005,0001280600,2020-01-27,ACCELERON PHARMA INC  (CIK 0001280600),xlrn-20200127form8xk.htm,2020-01-27,,,sotatercept,2,pulmonary arterial hypertension (PAH),PULSAR,False,
0001193125-20-016998,0001662524,2020-01-28,"AKCEA THERAPEUTICS, INC.  (CIK 0001662524)",d857323d8k.htm,2020-01-28,NASDAQ,AKCA,AKCEA-ANGPTL3-L Rx,2,"hypertriglyceridemia, type 2 diabetes and non-alcoholic fatty liver disease (NAFLD)",,False,
0001104659-20-009450,0001082554,2020-02-03,UNITED THERAPEUTICS Corp  (UTHR)  (CIK 0001082554),tm206503d1_ex99-1.htm,2020-02-03,Nasdaq,UTHR,Unituxin (dinutuximab),2/3,relapsed or refractory small cell lung cancer (SCLC),DISTINCT,False,
0001104659-20-009488,0001104506,2020-02-03,INSMED Inc  (INSM)  (CIK 0001104506),tm206508d1_8k.htm,2020-02-03,Nasdaq,INSM,INS1007,2,non-cystic fibrosis bronchiectasis (NCFBE),WILLOW,False,
0001171843-20-000651,0001626971,2020-02-03,"Corvus Pharmaceuticals, Inc.  (CRVS)  (CIK 0001626971)",exh_991.htm,2020-02-01,Nasdaq,CRVS,CPI-818,1/1b,T-cell lymphomas,,True,
0001659617-20-000023,0001659617,2020-02-03,"Moleculin Biotech, Inc.  (MBRX)  (CIK 0001659617)",exh991-pressreleaseusphase.htm,2020-02-03,Nasdaq,MBRX,Annamycin,1,acute myeloid leukemia,,False,
0001178879-20-000006,0001178879,2020-02-07,"AMICUS THERAPEUTICS, INC.  (FOLD)  (CIK 0001178879)",exhibit99121.htm,2020-02-07,Nasdaq,FOLD,ATB200/AT2221,1/2,Pompe disease,ATB200-02,False,
0001193125-20-027291,0001375151,2020-02-07,"ZOGENIX, INC.  (CIK 0001375151)",d880064d8k.htm,2020-02-06,Nasdaq,ZGNX,FINTEPLA,3,Lennox-Gastaut syndrome,Study 1601,False,
0001104659-20-012235,0001393434,2020-02-07,"OCULAR THERAPEUTIX, INC  (OCUL)  (CIK 0001393434)",tm207057-1_8k.htm,2020-02-07,Nasdaq,OCUL,OTX-TIC,1,primary open-angle glaucoma or ocular hypertension,,False,
0001564590-20-003759,0001510487,2020-02-07,Principia Biopharma Inc.  (CIK 0001510487),prnb-8k_20200205.htm,2020-02-06,Nasdaq,PRNB,PRN2246/SAR442168,2b,multiple sclerosis,,False,
0001104659-20-013512,0001006281,2020-02-10,"Protalix BioTherapeutics, Inc.  (PLX)  (CIK 0001006281)",tm207251d1_8k.htm,2020-02-10,NYSE American,PLX,pegunigalsidase alfa (PRX-102),3,Fabry disease,BRIDGE,True,
0001193125-20-029771,0001681087,2020-02-10,"AVROBIO, Inc.  (TECX)  (CIK 0001681087)",d882927d8k.htm,2020-02-10,NASDAQ,AVRO,AVR-RD-04,1/2,cystinosis,,False,
0001628280-20-001467,0001213037,2020-02-13,"Trovagene, Inc.  (CRDF)  (CIK 0001213037)",trov8-k021320.htm,2020-02-13,Nasdaq,TROV,onvansertib,2,metastatic castration-resistant prostate cancer,,False,
0001477932-20-000606,0001355250,2020-02-13,Innovation Pharmaceuticals Inc.  (IPIX)  (CIK 0001355250),ipix_8k.htm,2020-02-13,OTCQB,IPIX,Brilacidin,1,Ulcerative Colitis,NCT03234465,False,NCT03234465
0001171843-20-000943,0001626971,2020-02-13,"Corvus Pharmaceuticals, Inc.  (CRVS)  (CIK 0001626971)",exh_991.htm,2020-02-13,Nasdaq,CRVS,ciforadenant,1b/2,metastatic castration resistant prostate cancer,,False,
0001193125-20-039763,0001175505,2020-02-18,"FIVE PRIME THERAPEUTICS, INC.  (CIK 0001175505)",d891508d8k.htm,2020-02-18,Nasdaq,FPRX,cabiralizumab,2,advanced pancreatic cancer,NCT03336216,False,NCT03336216
0001600132-20-000012,0001600132,2020-02-18,"Bellerophon Therapeutics, Inc.  (BLPH)  (CIK 0001600132)",a8-kfebruary2020rhcdata.htm,2020-02-18,Nasdaq,BLPH,INOpulse,,Pulmonary Hypertension Associated with Pulmonary Fibrosis,,False,
0001104659-20-022587,0001279704,2020-02-19,"Cellectar Biosciences, Inc.  (CLRB)  (CIK 0001279704)",tm209328d1_8k.htm,2020-02-19,Nasdaq,CLRB,CLR 131,2,relapsed/refractory B-cell lymphomas,CLOVER-1,False,NCT02952508
0001493152-20-002783,0001100397,2020-02-20,"Advaxis, Inc.  (ADXS)  (CIK 0001100397)",ex99-1.htm,2020-02-20,Nasdaq,ADXS,ADXS-503,1/2,non-small cell lung cancer,,False,
0001659617-20-000038,0001659617,2020-02-20,"Moleculin Biotech, Inc.  (MBRX)  (CIK 0001659617)",exh991-pressreleaseusindep.htm,2020-02-20,Nasdaq,MBRX,Annamycin,1,acute myeloid leukemia,,False,
0001654954-20-001787,0001411685,2020-02-21,"VistaGen Therapeutics, Inc.  (VTGN)  (CIK 0001411685)",ex99-1.htm,2020-02-20,NASDAQ,VTGN,PH10,2a,major depressive disorder,,False,
0001104659-20-024053,0001082554,2020-02-24,UNITED THERAPEUTICS Corp  (UTHR)  (CIK 0001082554),tm2010751-1_8k.htm,2020-02-24,NASDAQ,UTHR,Tyvaso,3,pulmonary hypertension associated with interstitial lung disease,INCREASE,False,
0001193125-20-045535,0001341235,2020-02-24,"Aldeyra Therapeutics, Inc.  (ALDX)  (CIK 0001341235)",d911378dex991.htm,2020-02-24,Nasdaq,ALDX,reproxalap,2,dry eye disease,RENEW,False,
0001564590-20-005893,0001426332,2020-02-24,NGM BIOPHARMACEUTICALS INC  (CIK 0001426332),ngm-8k_20200224.htm,2020-02-24,Nasdaq,NGM,aldafermin,2,non-alcoholic steatohepatitis,,False,
0001557142-20-000007,0001557142,2020-02-24,"Kadmon Holdings, Inc.  (CIK 0001557142)",kdmn-20200224xex99_1.htm,2020-02-23,NYSE,KDMN,KD025,pivotal,chronic graft-versus-host disease,ROCKstar (KD025-213),True,
0001213900-20-004778,0001176309,2020-02-26,ORAMED PHARMACEUTICALS INC.  (ORMP)  (CIK 0001176309),ea119019-8k_oramedpharma.htm,2020-02-26,,,ORMD-0801,2b,type 2 diabetes,,False,
0001193125-20-049300,0001347178,2020-02-26,Vanda Pharmaceuticals Inc.  (VNDA)  (CIK 0001347178),d892669d8k.htm,2020-02-25,Nasdaq,VNDA,tradipitant,3,pruritus in atopic dermatitis,EPIONE,False,
0001104659-20-025079,0001513856,2020-02-26,"Neurotrope, Inc.  (CIK 0001513856)",tm2010842d1_ex99-1.htm,,,,bryostatin,2,advanced Alzheimer’s,NTRP 101-202,False,
0001493152-20-003076,0001100397,2020-02-27,"Advaxis, Inc.  (ADXS)  (CIK 0001100397)",ex99-1.htm,2020-02-27,Nasdaq,ADXS,ADXS-503,1/2,non-small cell lung cancer,,True,NCT02325557
0001193125-20-057801,0001503802,2020-03-02,Karyopharm Therapeutics Inc.  (KPTI)  (CIK 0001503802),d873788d8k.htm,2020-03-02,Nasdaq,KPTI,XPOVIO (selinexor),3,multiple myeloma,BOSTON,False,
0001493152-20-003250,0000764195,2020-03-03,VBI Vaccines Inc/BC  (VBIVQ)  (CIK 0000764195),ex99-1.htm,2020-03-03,NASDAQ,VBIV,VBI-1901,1/2a,recurrent glioblastoma,,False,NCT03382977
0001280600-20-000017,0001280600,2020-03-09,ACCELERON PHARMA INC  (CIK 0001280600),xlrn-20200309ex991.htm,2020-03-09,NASDAQ,XLRN,ACE-083,2,Charcot-Marie-Tooth disease,,False,
0001104659-20-030426,0001479419,2020-03-09,"Kala Pharmaceuticals, Inc.  (KALA)  (CIK 0001479419)",tm2012073d1_8k.htm,2020-03-09,Nasdaq,KALA,EYSUVIS,3,dry eye disease,STRIDE 3,False,
0001564590-20-009472,0001394319,2020-03-10,"Tracon Pharmaceuticals, Inc.  (TCON)  (CIK 0001394319)",tcon-8k_20200309.htm,2020-03-09,,,DE-122,2a,wet age-related macular degeneration,AVANTE,False,
0001654954-20-002581,0000034956,2020-03-13,"TENAX THERAPEUTICS, INC.  (TENX)  (CIK 0000034956)",tenx_ex992.htm,2020-03-12,Nasdaq,TENX,levosimendan,2,pulmonary hypertension and heart failure with preserved ejection fraction,HELP,False,
0001493152-20-004116,0001533743,2020-03-17,"Processa Pharmaceuticals, Inc.  (PCSA)  (CIK 0001533743)",ex99-1.htm,2020-03-17,OTCQB,PCSA,PCS-499,2,Necrobiosis Lipoidica,PCS499-NL01,False,
0001493152-20-004113,0001710340,2020-03-17,"Eton Pharmaceuticals, Inc.  (ETON)  (CIK 0001710340)",ex99-1.htm,2020-03-17,Nasdaq,ETON,ET-101,,"partial-onset or primary generalized tonic-clonic seizures, seizures associated with Lennox-Gastaut syndrome, migraine",,False,
0001213900-20-006814,0000812796,2020-03-19,"SOLIGENIX, INC.  (SNGX)  (CIK 0000812796)",ea119783-8k_soligenix.htm,2020-03-19,Nasdaq,SNGX,SGX301,3,cutaneous T-cell lymphoma,FLASH,False,
0001104659-20-037367,0001408443,2020-03-23,Milestone Pharmaceuticals Inc.  (MIST)  (CIK 0001408443),tm2013489-1_8k.htm,2020-03-23,Nasdaq,MIST,etripamil,3,paroxysmal supraventricular tachycardia,NODE-301,False,
0001104659-20-037764,0001000694,2020-03-24,NOVAVAX INC  (NVAX)  (CIK 0001000694),tm2013650d1_8k.htm,2020-03-24,NASDAQ,NVAX,NanoFlu,3,seasonal influenza,,False,
0001171843-20-002125,0001061983,2020-03-30,CYTOKINETICS INC  (CYTK)  (CIK 0001061983),exh_991.htm,2020-03-30,Nasdaq,CYTK,omecamtiv mecarbil,3,heart failure,GALACTIC-HF,False,
0001104659-20-040376,0001442836,2020-03-30,"Mersana Therapeutics, Inc.  (MRSN)  (CIK 0001442836)",tm2014197d1_ex99-1.htm,2020-03-30,NASDAQ,MRSN,XMT-1536,1,ovarian cancer and non-small cell lung cancer (NSCLC) adenocarcinoma,,False,
0001193125-20-091094,0001552451,2020-03-30,"MyoKardia, Inc.  (CIK 0001552451)",d912653dex991.htm,2020-03-30,Nasdaq,MYOK,mavacamten,2,non-obstructive hypertrophic cardiomyopathy,MAVERICK-HCM,False,
0001104659-20-040002,0001579428,2020-03-30,"Axsome Therapeutics, Inc.  (AXSM)  (CIK 0001579428)",tm2011781-2_8k.htm,2020-03-30,NASDAQ,AXSM,AXS-05,3,treatment resistant depression,STRIDE-1,False,
0001564590-20-013857,0001636651,2020-03-30,Ovid Therapeutics Inc.  (OVID)  (CIK 0001636651),ovid-8k_20200330.htm,2020-03-30,NASDAQ,OVID,soticlestat,2,CDKL5 deficiency disorder and Dup15q syndrome,ARCADE,False,
0001104659-20-040798,0001372514,2020-03-31,"EYEGATE PHARMACEUTICALS INC  (KPRX, KPHMW)  (CIK 0001372514)",tm2014291d1_8k.htm,2020-03-31,NASDAQ,EYEG,Ocular Bandage Gel,,dry eye,,True,
0001399529-20-000018,0001399529,2020-03-31,Dicerna Pharmaceuticals Inc  (CIK 0001399529),exhibit991.htm,2020-03-31,Nasdaq,DRNA,nedosiran,,primary hyperoxaluria,PHYOX3,False,NCT04042402
0001104659-20-041258,0001689813,2020-03-31,Biohaven Pharmaceutical Holding Co Ltd.  (CIK 0001689813),tm2014321d1_8k.htm,2020-03-30,NYSE,BHVN,rimegepant,,migraine,NCT03732638,False,NCT03732638
0001213900-20-008122,0001739174,2020-03-31,"BiomX Inc.  (PHGE, PHGEW, PHGE-UN)  (CIK 0001739174)",ea120233ex99-1_biomxinc.htm,2020-03-31,NYSE,PHGE,BX001,1,acne-prone skin,,False,
0001104659-20-040850,0001744659,2020-03-31,"Akero Therapeutics, Inc.  (AKRO)  (CIK 0001744659)",tm2014246-1_8k.htm,2020-03-31,Nasdaq,AKRO,AKR-001,2a,NASH,BALANCED,False,
0001564590-20-014775,0001080709,2020-04-01,ARENA PHARMACEUTICALS INC  (CIK 0001080709),arna-8k_20200401.htm,2020-04-01,Nasdaq,ARNA,etrasimod CR,1,immune-mediated inflammatory diseases,,False,
0001564590-20-014845,0001260990,2020-04-02,"Oncternal Therapeutics, Inc.  (ONCT)  (CIK 0001260990)",onct-8k_20200402.htm,2020-04-02,"The Nasdaq Stock Market, LLC",ONCT,TK216,1,Ewing sarcoma,,True,
0001659617-20-000087,0001659617,2020-04-02,"Moleculin Biotech, Inc.  (MBRX)  (CIK 0001659617)",exh991-pressreleasepositiv.htm,2020-04-02,Nasdaq,MBRX,Annamycin,1/2,acute myeloid leukemia,,True,
0001104659-20-043387,0001544227,2020-04-06,"Millendo Therapeutics, Inc.  (TPST)  (CIK 0001544227)",tm2015079-1_8k.htm,2020-04-06,Nasdaq,MLND,livoletide,2b,Prader-Willi syndrome,ZEPHYR,False,NCT03669549;NCT03790865
0001104659-20-043432,0001566044,2020-04-06,Menlo Therapeutics Inc.  (VYNE)  (CIK 0001566044),tm2014909-3_8k.htm,2020-04-06,Nasdaq,MNLO,serlopitant,3,pruritus associated with prurigo nodularis,MTI-105 and MTI-106,False,NCT03546816;NCT03677401
0001558370-20-003618,0001579428,2020-04-06,"Axsome Therapeutics, Inc.  (AXSM)  (CIK 0001579428)",ex-99d1.htm,2020-04-06,NASDAQ,AXSM,AXS-07,3,migraine,INTERCEPT,False,
0001493152-20-005980,0000908259,2020-04-07,MATEON THERAPEUTICS INC  (OTLC)  (CIK 0000908259),ex99-1.htm,2020-04-02,OTCQB,MATN,OT-101,2,recalcitrant resistant anaplastic astrocytoma,NCT00431561,True,NCT00431561
0001213900-20-008735,0001158780,2020-04-07,PLURISTEM THERAPEUTICS INC  (PLUR)  (CIK 0001158780),ea120496-8k_pluristem.htm,2020-04-07,Nasdaq,PSTI,PLX cells,,COVID-19,,False,
0001104659-20-043974,0001761612,2020-04-07,BICYCLE THERAPEUTICS plc  (BCYC)  (CIK 0001761612),tm2015222d1_ex99-1.htm,2020-04-07,NASDAQ,BCYC,BT1718,1,solid tumors,,False,
0001193125-20-105860,0001341235,2020-04-14,"Aldeyra Therapeutics, Inc.  (ALDX)  (CIK 0001341235)",d919317dex991.htm,2020-04-14,Nasdaq,ALDX,ADX-629,1,systemic immune-mediated diseases,,False,
0001493152-20-006424,0001174940,2020-04-15,ORAGENICS INC  (OGEN)  (CIK 0001174940),ex99-1.htm,2020-04-15,NYSE American,OGEN,AG013,2,oral mucositis,,False,
0001654954-20-004130,0001385818,2020-04-16,"AYTU BIOSCIENCE, INC  (AYTU)  (CIK 0001385818)",aytu_ex991.htm,2020-04-16,NASDAQ,AYTU,COVID-19 IgG/IgM Rapid Test,,COVID-19,,False,
0000939767-20-000051,0000939767,2020-04-20,"EXELIXIS, INC.  (EXEL)  (CIK 0000939767)",exel8-k20200420.htm,2020-04-20,Nasdaq,EXEL,cabozantinib (CABOMETYX®) in combination with nivolumab (Opdivo®),3,advanced or metastatic renal cell carcinoma,CheckMate -9ER,False,
0001104659-20-049013,0000861838,2020-04-21,"IDERA PHARMACEUTICALS, INC.  (CIK 0000861838)",tm2016447-1_8k.htm,2020-04-21,NASDAQ,IDRA,tilsotolimod,1/2,anti-PD-1 refractory advanced melanoma,ILLUMINATE-204,False,NCT02644967;NCT03445533
0001193125-20-113337,0001178253,2020-04-21,SCYNEXIS INC  (SCYX)  (CIK 0001178253),d895609d8k.htm,2020-04-21,Nasdaq,SCYX,ibrexafungerp,3,vulvovaginal candidiasis,VANISH-306,False,NCT03987620
0001104659-20-049009,0001346830,2020-04-21,"Cara Therapeutics, Inc.  (CARA)  (CIK 0001346830)",tm2016471d1_8k.htm,2020-04-21,Nasdaq,CARA,KORSUVA,3,chronic kidney disease-associated pruritus,KALM-2,False,
0001104659-20-049003,0001697532,2020-04-21,Applied Therapeutics Inc.  (APLT)  (CIK 0001697532),tm2016464d1_ex99-1.htm,2020-04-21,Nasdaq,APLT,AT-007,2,Galactosemia,ACTION-Galactosemia,True,
0001104659-20-049520,0001730430,2020-04-22,"Kiniksa Pharmaceuticals, Ltd.  (KNSA)  (CIK 0001730430)",tm2016542d1_ex99-1.htm,2020-04-22,Nasdaq,KNSA,vixarelimab,2a,prurigo nodularis,,False,NCT03816891
0001104659-20-049890,0001082554,2020-04-23,UNITED THERAPEUTICS Corp  (UTHR)  (CIK 0001082554),tm2016627d1_ex99-1.htm,2020-04-23,Nasdaq,UTHR,Orenitram,3,pulmonary arterial hypertension,FREEDOM-EV,True,
0001104659-20-050023,0001509745,2020-04-23,"LEAP THERAPEUTICS, INC.  (LPTX)  (CIK 0001509745)",tm2016685d1_ex99-1.htm,2020-04-23,Nasdaq,LPTX,DKN-01,2,advanced gynecological malignancies,P204,False,
0001104659-20-050048,0001644963,2020-04-23,"AVENUE THERAPEUTICS, INC.  (ATXI)  (CIK 0001644963)",tm2016672d1_ex99-1.htm,2020-04-23,NASDAQ,ATXI,IV tramadol,3,postoperative pain,,True,
0001564590-20-018489,0001510487,2020-04-24,Principia Biopharma Inc.  (CIK 0001510487),prnb-8k_20200423.htm,2020-04-24,The Nasdaq Global Select Market,PRNB,PRN2246/SAR442168,2b,multiple sclerosis,,False,
0001171843-20-002890,0000882361,2020-04-27,Aptose Biosciences Inc.  (APTO)  (CIK 0000882361),exh_991.htm,2020-04-27,Nasdaq,APTO,CG-806,1a/b,relapsed or refractory CLL/SLL or non-Hodgkin’s lymphomas,,False,
0001104659-20-051350,0001012477,2020-04-27,AVADEL PHARMACEUTICALS PLC  (AVDL)  (CIK 0001012477),tm2017769d1_8k.htm,2020-04-27,Nasdaq,AVDL,FT218,3,excessive daytime sleepiness and cataplexy in patients with narcolepsy,REST-ON,False,
0001564590-20-018684,0001382101,2020-04-27,"SUTRO BIOPHARMA, INC.  (STRO)  (CIK 0001382101)",stro-8k_20200427.htm,2020-04-27,Nasdaq,STRO,STRO-002,1,ovarian cancer,,False,NCT03748186
0001104659-20-051308,0001579428,2020-04-27,"Axsome Therapeutics, Inc.  (AXSM)  (CIK 0001579428)",tm2017765-1_8k.htm,2020-04-27,Nasdaq,AXSM,AXS-05,2/3,Alzheimer’s disease agitation,ADVANCE-1,False,
0001628280-20-005682,0001213037,2020-04-28,"Trovagene, Inc.  (CRDF)  (CIK 0001213037)",trov8-k042820.htm,2020-04-28,Nasdaq Capital Market,TROV,onvansertib,1b/2,KRAS-mutated metastatic colorectal cancer,,False,
0001104659-20-051935,0001393434,2020-04-28,"OCULAR THERAPEUTIX, INC  (OCUL)  (CIK 0001393434)",tm2017908d1_8k.htm,2020-04-28,The Nasdaq Global Select Market,OCUL,DEXTENZA,3,ocular itching associated with allergic conjunctivitis,,False,
0001558370-20-004422,0001597264,2020-04-28,Blueprint Medicines Corp  (BPMC)  (CIK 0001597264),bpmc-20200428x8k.htm,2020-04-28,Nasdaq,BPMC,avapritinib,3,gastrointestinal stromal tumor,VOYAGER,False,NCT03465722
0001213900-20-010550,0000812796,2020-04-30,"SOLIGENIX, INC.  (SNGX)  (CIK 0000812796)",ea121217ex99-1_soligenix.htm,2020-04-30,Nasdaq,SNGX,SGX301,3,cutaneous T-cell lymphoma,FLASH,True,
0001104659-20-056292,0001133869,2020-05-04,"CAPRICOR THERAPEUTICS, INC.  (CAPR)  (CIK 0001133869)",tm2018342d1_ex99-1.htm,2020-04-29,NASDAQ,CAPR,CAP-1002,,COVID-19,,False,
0001564590-20-020629,0001564824,2020-05-04,Allakos Inc.  (ALLK)  (CIK 0001564824),allk-ex991_6.htm,2020-05-04,Nasdaq,ALLK,antolimab (AK002),2,eosinophilic gastritis and/or eosinophilic duodenitis,ENIGMA,False,
0001558370-20-005097,0001001316,2020-05-05,"TG THERAPEUTICS, INC.  (TGTX)  (CIK 0001001316)",tgtx-20200505x8k.htm,2020-05-05,NASDAQ,TGTX,umbralisib and ublituximab (U2),3,chronic lymphocytic leukemia,UNITY-CLL,False,
0001104659-20-057195,0001633070,2020-05-06,Axcella Health Inc.  (CIK 0001633070),tm2018731-1_8k.htm,2020-05-06,Nasdaq,AXLA,AXA1125,,NAFLD,AXA1125-003,False,
0001104659-20-058140,0001377121,2020-05-07,"Protagonist Therapeutics, Inc  (PTGX)  (CIK 0001377121)",tm2018917-1_8k.htm,2020-05-07,Nasdaq,PTGX,PTG-300,2,polycythemia vera,,False,NCT04057040
0001104659-20-059085,0001006281,2020-05-11,"Protalix BioTherapeutics, Inc.  (PLX)  (CIK 0001006281)",tm2018938d1_8k.htm,2020-05-11,NYSE American,PLX,pegunigalsidase alfa (PRX-102),3,Fabry disease,BRIDGE,True,
0001564590-20-023891,0001552451,2020-05-11,"MyoKardia, Inc.  (CIK 0001552451)",myok-8k_20200511.htm,2020-05-11,Nasdaq,MYOK,mavacamten,3,obstructive hypertrophic cardiomyopathy,EXPLORER-HCM,False,NCT03470545
0001628280-20-007282,0001720725,2020-05-11,"Oyster Point Pharma, Inc.  (CIK 0001720725)",a2020-05x11xxoystxxpos.htm,2020-05-11,Nasdaq,OYST,OC-01 nasal spray,3,dry eye disease,ONSET-2,False,
0001104659-20-060449,0001133869,2020-05-13,"CAPRICOR THERAPEUTICS, INC.  (CAPR)  (CIK 0001133869)",tm2019534d1_8k.htm,2020-05-13,NASDAQ,CAPR,CAP-1002,,Duchenne muscular dystrophy,HOPE-2,False,
0001293971-20-000035,0001293971,2020-05-13,"bluebird bio, Inc.  (BLUE)  (CIK 0001293971)",exhibit99120200513pm.htm,2020-05-13,NYSE,BMY,idecabtagene vicleucel (ide-cel; bb2121),2,relapsed and refractory multiple myeloma,KarMMa,True,NCT03361748
0001564590-20-025088,0001515673,2020-05-13,Ultragenyx Pharmaceutical Inc.  (RARE)  (CIK 0001515673),rare-ex991_6.htm,2020-05-13,NASDAQ,RARE,DTX301,1/2,ornithine transcarbamylase (OTC) deficiency,,True,
0001193125-20-141629,0001734517,2020-05-13,"Viela Bio, Inc.  (CIK 0001734517)",d928595dex992.htm,2020-05-13,Nasdaq,VIE,VIB7734,1b,cutaneous lupus erythematosus,,False,
0001564590-20-025280,0001394319,2020-05-14,"Tracon Pharmaceuticals, Inc.  (TCON)  (CIK 0001394319)",tcon-8k_20200514.htm,2020-05-14,NASDAQ,TCON,envafolimab,2,MSI-H/dMMR cancer,,False,
0001553350-20-000433,0001476963,2020-05-14,"HEAT BIOLOGICS, INC.  (SCPX)  (CIK 0001476963)",htbx_ex99z2.htm,2020-05-14,NASDAQ,HTBX,HS-110,2,non-small cell lung cancer (NSCLC),,True,
0001193125-20-141786,0001655759,2020-05-14,"ARVINAS, INC.  (ARVN)  (CIK 0001655759)",d905925d8k.htm,2020-05-13,Nasdaq,ARVN,ARV-110,1/2,metastatic castration-resistant prostate cancer,,False,
0001564590-20-025288,0001674416,2020-05-14,CRISPR Therapeutics AG  (CRSP)  (CIK 0001674416),crsp-8k_20200514.htm,2020-05-14,Nasdaq,CRSP,CTX001,1/2,severe hemoglobinopathies,CLIMB-111 and CLIMB-121,False,
0001193125-20-142266,0001711279,2020-05-14,"Krystal Biotech, Inc.  (KRYS)  (CIK 0001711279)",d930814d8k.htm,2020-05-14,Nasdaq,KRYS,KB105,1/2,autosomal recessive congenital ichthyosis,,False,
0001171843-20-003755,0001069530,2020-05-15,CASSAVA SCIENCES INC  (SAVA)  (CIK 0001069530),exh_991.htm,2020-05-15,Nasdaq,SAVA,PTI-125,2b,Alzheimer’s disease,,False,
0001564590-20-025642,0001515673,2020-05-15,Ultragenyx Pharmaceutical Inc.  (RARE)  (CIK 0001515673),rare-8k_20200515.htm,2020-05-15,NASDAQ,RARE,DTX401,1/2,glycogen storage disease type Ia,,False,
0001193125-20-143480,0001668243,2020-05-15,UroGen Pharma Ltd.  (URGN)  (CIK 0001668243),d931056d8k.htm,2020-05-15,Nasdaq,URGN,UGN-102,2b,low-grade intermediate risk non-muscle invasive bladder cancer,OPTIMA II,False,
0001564590-20-025616,0001748907,2020-05-15,Orchard Therapeutics plc  (CIK 0001748907),ortx-8k_20200515.htm,2020-05-15,Nasdaq,ORTX,OTL-203,,mucopolysaccharidosis type I,,False,
0001437749-20-011152,0000835887,2020-05-18,PROGENICS PHARMACEUTICALS INC  (CIK 0000835887),ex_187194.htm,2020-05-18,Nasdaq,PGNX,PyL,3,prostate cancer,CONDOR,False,
0001193125-20-144575,0001340652,2020-05-18,"ChemoCentryx, Inc.  (CIK 0001340652)",d934428d8k.htm,2020-05-18,NASDAQ,CCXI,CCX140,2,Focal Segmental Glomerulosclerosis,LUMINA-1,False,
0001193125-20-144533,0001682852,2020-05-18,"Moderna, Inc.  (MRNA)  (CIK 0001682852)",d918307d8k.htm,2020-05-18,Nasdaq,MRNA,mRNA-1273,1,novel coronavirus,,False,
0001564590-20-026061,0001260990,2020-05-19,"Oncternal Therapeutics, Inc.  (ONCT)  (CIK 0001260990)",onct-8k_20200519.htm,2020-05-19,Nasdaq,ONCT,cirmtuzumab,1/2,mantle cell lymphoma or chronic lymphocytic leukemia,CIRLL,True,
0001557142-20-000036,0001557142,2020-05-21,"Kadmon Holdings, Inc.  (CIK 0001557142)",kdmn-20200521x8k.htm,2020-05-21,NYSE,KDMN,belumosudil (KD025),3,chronic graft-versus-host disease,ROCKstar,True,
0001564590-20-026822,0001082038,2020-05-26,DURECT CORP  (DRRX)  (CIK 0001082038),drrx-8k_20200526.htm,2020-05-26,Nasdaq,DRRX,DUR-928,1b,nonalcoholic steatohepatitis,,False,
0001104659-20-065620,0001621443,2020-05-26,"Zynerba Pharmaceuticals, Inc.  (CIK 0001621443)",tm2020909d1_ex99-1.htm,2020-05-26,NASDAQ,ZYNE,Zygel,2,Fragile X syndrome,FAB-C,True,
0001564590-20-026818,0001636282,2020-05-26,"Aeglea BioTherapeutics, Inc.  (SYRE)  (CIK 0001636282)",agle-8k_20200525.htm,2020-05-26,NASDAQ,AGLE,pegzilarginase,1/2,Arginase 1 Deficiency,,True,
0001104659-20-066367,0001425205,2020-05-27,"IOVANCE BIOTHERAPEUTICS, INC.  (IOVA)  (CIK 0001425205)",tm2021089d1_8k.htm,2020-05-27,NASDAQ,IOVA,lifileucel,2,advanced melanoma,C-144-01,True,
0001104659-20-066071,0001442836,2020-05-27,"Mersana Therapeutics, Inc.  (MRSN)  (CIK 0001442836)",tm2021017-1_8k.htm,2020-05-27,NASDAQ,MRSN,XMT-1536,1,ovarian cancer and non-small cell lung (NSCLC) adenocarcinoma,,False,
0001104659-20-066085,0001621443,2020-05-27,"Zynerba Pharmaceuticals, Inc.  (CIK 0001621443)",tm2020909-2_8k.htm,2020-05-27,NASDAQ,ZYNE,Zygel,2,Autism Spectrum Disorder,BRIGHT,False,
0001193125-20-155032,0001107421,2020-05-29,ZIOPHARM ONCOLOGY INC  (TCRT)  (CIK 0001107421),d863863d8k.htm,2020-05-29,Nasdaq,ZIOP,Controlled IL-12,1,recurrent or progressive glioblastoma multiforme,,True,NCT02026271;NCT03330197;NCT03636477;NCT03679754;NCT04006119
0001628280-20-008589,0001213037,2020-05-29,"Cardiff Oncology, Inc.  (CRDF)  (CIK 0001213037)",a991crdf052920.htm,2020-05-29,Nasdaq,CRDF,onvansertib,1b/2,KRAS-mutated metastatic colorectal cancer,,False,NCT03303339;NCT03414034;NCT03829410
0001193125-20-155682,0001439222,2020-05-29,"AGIOS PHARMACEUTICALS, INC.  (AGIO)  (CIK 0001439222)",d935285dex991.htm,2020-05-29,Nasdaq,AGIO,vorasidenib,1,glioma,,True,
0001553350-20-000496,0001476963,2020-05-29,"HEAT BIOLOGICS, INC.  (SCPX)  (CIK 0001476963)",htbx_8k.htm,2020-05-29,,,HS-110,2,non-small lung cancer,,False,
0001193125-20-155943,0001501989,2020-05-29,"CytomX Therapeutics, Inc.  (CTMX)  (CIK 0001501989)",d937969d8k.htm,2020-05-29,Nasdaq,CTMX,CX-2029,1,advanced solid tumors,,False,
0001193125-20-155824,0001598646,2020-05-29,"Minerva Neurosciences, Inc.  (NERV)  (CIK 0001598646)",d935488dex991.htm,2020-05-29,Nasdaq,NERV,roluperidone,3,schizophrenia,,False,
0001104659-20-067350,0001621227,2020-05-29,Adaptimmune Therapeutics PLC  (ADAP)  (CIK 0001621227),tm2021246d2_ex99-1.htm,2020-05-29,Nasdaq,ADAP,ADP-A2M4,1,synovial sarcoma,,True,
0001171843-20-004067,0001626971,2020-05-29,"Corvus Pharmaceuticals, Inc.  (CRVS)  (CIK 0001626971)",f8k_052920.htm,2020-05-29,Nasdaq,CRVS,ciforadenant,1b/2,advanced refractory renal cell carcinoma,,True,
0001193125-20-154927,0001655759,2020-05-29,"ARVINAS, INC.  (ARVN)  (CIK 0001655759)",d845849d8k.htm,2020-05-29,Nasdaq,ARVN,ARV-110,1/2,metastatic castration-resistant prostate cancer,,True,
0001193125-20-155683,0001708493,2020-05-29,"Harpoon Therapeutics, Inc.  (CIK 0001708493)",d937921d8k.htm,2020-05-29,NASDAQ,HARP,HPN424,1,metastatic castration-resistant prostate cancer,,False,NCT03577028
0001193125-20-156631,0001420565,2020-06-01,AILERON THERAPEUTICS INC  (ALRN)  (CIK 0001420565),d830738d8k.htm,,,,ALRN-6924,1b,Small Cell Lung Cancer,,False,
0001651308-20-000060,0001651308,2020-06-01,"BeiGene, Ltd.  (BGNE, BEIGF)  (CIK 0001651308)",a8-kx1jun2020.htm,2020-05-29,NASDAQ,BGNE,zanubrutinib,3,Waldenström’s macroglobulinemia,ASPEN,True,NCT02343120;NCT03053440;NCT03206918;NCT03206970;NCT03332017;NCT03332173;NCT03336333;NCT03734016;NCT03846427;NCT04002297;NCT04382586
0001654954-20-006219,0000034956,2020-06-02,"TENAX THERAPEUTICS, INC.  (TENX)  (CIK 0000034956)",tenx_8k.htm,2020-06-02,Nasdaq,TENX,levosimendan,2,pulmonary hypertension and heart failure with preserved ejection fraction (PH-HFpEF),,False,
0001104659-20-068688,0000861838,2020-06-02,"IDERA PHARMACEUTICALS, INC.  (CIK 0000861838)",tm2021558d1_8k.htm,2020-06-02,Nasdaq,IDRA,tilsotolimod,2,micro-satellite stable colorectal cancer (MSS-CRC),ILLUMINATE-206,False,
0001104659-20-068678,0001566044,2020-06-02,Menlo Therapeutics Inc.  (VYNE)  (CIK 0001566044),tm2021357-2_8k.htm,2020-06-02,Nasdaq,MNLO,FCD105,2,moderate-to-severe acne vulgaris,FX2016-40,False,
0001564590-20-028249,0001645666,2020-06-03,"Kezar Life Sciences, Inc.  (KZR)  (CIK 0001645666)",kzr-ex991_6.htm,2020-06-03,Nasdaq,KZR,KZR-616,1b,systemic lupus erythematosus (SLE),MISSION,True,NCT03393013
0001193125-20-158937,0001659323,2020-06-03,Iterum Therapeutics plc  (ITRM)  (CIK 0001659323),d936467d8k.htm,2020-06-01,Nasdaq,ITRM,sulopenem,3,complicated urinary tract infection (cUTI),SURE 2,False,
0001564590-20-028307,0000818033,2020-06-04,"HERON THERAPEUTICS, INC. /DE/  (HRTX)  (CIK 0000818033)",hrtx-ex991_15.htm,2020-06-04,Nasdaq,HRTX,HTX-011,2b,primary unilateral total knee arthroplasty,Study 209,False,
0001564590-20-028560,0000873303,2020-06-08,"Sarepta Therapeutics, Inc.  (SRPT)  (CIK 0000873303)",srpt-ex991_17.htm,2020-06-08,NASDAQ,SRPT,SRP-9003,,limb-girdle muscular dystrophy Type 2E,,True,
0001558370-20-007334,0001597264,2020-06-08,Blueprint Medicines Corp  (BPMC)  (CIK 0001597264),bpmc-20200606xex99d1.htm,2020-06-06,NASDAQ,BPMC,avapritinib,,indolent systemic mastocytosis,PIONEER,True,
0001171843-20-004335,0000882361,2020-06-12,Aptose Biosciences Inc.  (APTO)  (CIK 0000882361),exh_991.htm,2020-06-12,NASDAQ,APTO,CG-806,1a/b,relapsed or refractory chronic lymphocytic leukemia / small lymphocytic lymphoma or non-Hodgkin’s lymphoma,,False,
0001293971-20-000039,0001293971,2020-06-12,"bluebird bio, Inc.  (BLUE)  (CIK 0001293971)",blue-20200612.htm,2020-06-12,Nasdaq,BLUE,LentiGlobin,1/2,sickle cell disease,HGB-206,False,NCT02633943
0001193125-20-167090,0001510487,2020-06-12,Principia Biopharma Inc.  (CIK 0001510487),d940036d8k.htm,2020-06-12,Nasdaq,PRNB,rilzabrutinib,1/2,immune thrombocytopenia,,False,
0001664710-20-000013,0001664710,2020-06-12,"Keros Therapeutics, Inc.  (KROS)  (CIK 0001664710)",exhibit991ehapr.htm,2020-06-12,Nasdaq,KROS,KER-050,1,cytopenias in diseases of ineffective hematopoiesis,,True,
0001564590-20-029067,0001674416,2020-06-12,CRISPR Therapeutics AG  (CRSP)  (CIK 0001674416),crsp-8k_20200612.htm,2020-06-12,Nasdaq,CRSP,CTX001,1/2,transfusion-dependent beta thalassemia and severe sickle cell disease,CLIMB-111 and CLIMB-121,True,
0000819050-20-000132,0000819050,2020-06-15,"Brickell Biotech, Inc.  (FRTX)  (CIK 0000819050)",a202006158kexhibit991.htm,2020-06-15,Nasdaq,BBI,"sofpironium bromide gel, 5%",3,primary axillary hyperhidrosis,,True,
0001628280-20-009417,0001213037,2020-06-15,"Cardiff Oncology, Inc.  (CRDF)  (CIK 0001213037)",a991crdf061520.htm,2020-06-15,Nasdaq,CRDF,onvansertib,1b,relapsed or refractory acute myeloid leukemia,,False,NCT03303339;NCT03414034;NCT03829410
0001104659-20-073142,0001235010,2020-06-15,MOMENTA PHARMACEUTICALS INC  (CIK 0001235010),tm2022594d1_8k.htm,2020-06-15,Nasdaq,MNTA,nipocalimab (M281),2,generalized myasthenia gravis (gMG),Vivacity-MG,False,
0001410939-20-000028,0001410939,2020-06-15,"IVERIC bio, Inc.  (CIK 0001410939)",a8-kx2020clinicaltrial.htm,2020-06-15,Nasdaq,ISEE,Zimura (avacincaptad pegol),3,geographic atrophy (GA) secondary to age-related macular degeneration,OPH2003,False,
0001193125-20-169325,0001434418,2020-06-15,CONSTELLATION PHARMACEUTICALS INC  (CIK 0001434418),d825756d8k.htm,2020-06-12,Nasdaq,CNST,CPI-0610,2,myelofibrosis (MF),MANIFEST,True,
0001651308-20-000070,0001651308,2020-06-15,"BeiGene, Ltd.  (BGNE, BEIGF)  (CIK 0001651308)",a12june20pr.htm,2020-06-12,Nasdaq,BGNE,zanubrutinib,1/2,relapsed/refractory (R/R) marginal zone lymphoma (MZL),NCT02343120,True,NCT02343120;NCT02569476;NCT03145064;NCT03493451;NCT03520920;NCT04170283
0001493152-20-011185,0001695357,2020-06-15,"Provention Bio, Inc.  (CIK 0001695357)",form8-k.htm,2020-06-15,Nasdaq,PRVB,teplizumab (PRV-031),2,type 1 diabetes (T1D),At-Risk (TN-10) Study,True,
0001193125-20-171977,0001001233,2020-06-18,"SANGAMO THERAPEUTICS, INC  (SGMO)  (CIK 0001001233)",d911209d8k.htm,2020-06-18,Nasdaq,SGMO,giroctocogene fitelparvovec (SB-525),1/2,severe hemophilia A,Alta,False,NCT03587116;NCT04370054
0001193125-20-172284,0001001233,2020-06-18,"SANGAMO THERAPEUTICS, INC  (SGMO)  (CIK 0001001233)",d911209dex992.htm,,,,giroctocogene fitelparvovec (SB-525),1/2,severe hemophilia A,Alta,False,
0001104659-20-075618,0001614067,2020-06-22,"Aridis Pharmaceuticals, Inc.  (ARDS)  (CIK 0001614067)",a20-23146_18k.htm,2020-06-22,Nasdaq,ARDS,AR-501,1/2a,chronic lung infections in patients with cystic fibrosis,,False,NCT03669614
0001104659-20-075441,0001760542,2020-06-22,HOOKIPA Pharma Inc.  (HOOK)  (CIK 0001760542),tm2022943d2_ex99-1.htm,2020-06-22,NASDAQ,HOOK,HB-101,2,Cytomegalovirus (CMV),,False,NCT03629080
0001280600-20-000045,0001280600,2020-06-24,ACCELERON PHARMA INC  (CIK 0001280600),xlrn-20200624form8xk.htm,2020-06-24,,,Sotatercept,2,Pulmonary Arterial Hypertension,PULSAR,True,
0001193125-20-182690,0001060736,2020-06-29,SEATTLE GENETICS INC /WA  (CIK 0001060736),d935413d8k.htm,2020-06-29,Nasdaq,SGEN,tisotumab vedotin,2,recurrent or metastatic cervical cancer,innovaTV 204,False,
0000950123-20-006465,0001567514,2020-06-29,"Intra-Cellular Therapies, Inc.  (ITCI)  (CIK 0001567514)",d854144d8k.htm,2020-06-29,Nasdaq,ITCI,ITI-214,1/2,chronic systolic heart failure with reduced ejection fraction,ITI-214-104,False,
0001564590-20-030909,0001659323,2020-06-29,Iterum Therapeutics plc  (ITRM)  (CIK 0001659323),itrm-8k_20200629.htm,2020-06-29,Nasdaq,ITRM,oral sulopenem,3,Uncomplicated Urinary Tract Infections,SURE1,False,
0001104659-20-077701,0001730430,2020-06-29,"Kiniksa Pharmaceuticals, Ltd.  (KNSA)  (CIK 0001730430)",tm2023613d3_ex99-1.htm,2020-06-29,Nasdaq,KNSA,rilonacept,3,recurrent pericarditis,RHAPSODY,False,NCT03737110
0001104659-20-078403,0001621443,2020-06-30,"Zynerba Pharmaceuticals, Inc.  (CIK 0001621443)",tm2023748d1_8k.htm,2020-06-30,NASDAQ,ZYNE,Zygel,,Fragile X syndrome,CONNECT-FX,False,
0001104659-20-078983,0001744659,2020-06-30,"Akero Therapeutics, Inc.  (AKRO)  (CIK 0001744659)",tm2023767-1_8k.htm,2020-06-30,Nasdaq,AKRO,efruxifermin,2a,nonalcoholic steatohepatitis,BALANCED,False,
0001193125-20-185881,0001262104,2020-07-02,"MEI Pharma, Inc.  (MEIP)  (CIK 0001262104)",d948494d8k.htm,2020-07-02,Nasdaq,MEIP,pracinostat,3,acute myeloid leukemia,,False,
0001193125-20-187842,0001493566,2020-07-06,"OTONOMY, INC.  (CIK 0001493566)",d946817dex991.htm,2020-07-06,Nasdaq,OTIC,OTO-313,1/2,tinnitus,,False,
0001493152-20-013133,0000749647,2020-07-13,Celsion CORP  (IMNN)  (CIK 0000749647),ex99-1.htm,2020-07-13,NASDAQ,CLSN,ThermoDox,3,hepatocellular carcinoma,OPTIMA,False,
0001104659-20-083106,0001661059,2020-07-13,"NextCure, Inc.  (NXTC)  (CIK 0001661059)",tm2022427d2_ex99-1.htm,2020-07-13,Nasdaq,NXTC,NC318,2,cancer,,False,
0001213900-20-017343,0001711754,2020-07-13,"Inmune Bio, Inc.  (INMB)  (CIK 0001711754)",ea124121-8k_inmunebio.htm,2020-07-13,Nasdaq,INMB,XPro1595,1b,Alzheimer’s disease,,False,NCT03943264
0001193125-20-191424,0001746466,2020-07-13,"Equillium, Inc.  (EQ)  (CIK 0001746466)",d39771dex991.htm,2020-07-13,Nasdaq,EQ,itolizumab,,COVID-19,,False,
0001193125-20-192966,0001682852,2020-07-15,"Moderna, Inc.  (MRNA)  (CIK 0001682852)",d911748d8k.htm,2020-07-14,Nasdaq,MRNA,mRNA-1273,1,COVID-19,,True,NCT04470427
0001104659-20-084302,0001735438,2020-07-17,MeiraGTx Holdings plc  (MGTX)  (CIK 0001735438),tm2025047-1_8k.htm,2020-07-17,Nasdaq,MGTX,AAV-RPGR,1/2,X-linked retinitis pigmentosa,MGT009,False,NCT03252847
0001104659-20-085264,0001279704,2020-07-21,"Cellectar Biosciences, Inc.  (CLRB)  (CIK 0001279704)",tm2025271d1_8k.htm,2020-07-21,NASDAQ,CLRB,CLR 131,2,Relapsed or Refractory lymphoplasmacytic lymphoma (LPL)/Waldenstrom’s Macroglobulinemia (WM),CLOVER-1,False,NCT02952508
0001104659-20-085391,0001621443,2020-07-22,"Zynerba Pharmaceuticals, Inc.  (CIK 0001621443)",tm2025362d1_ex99-1.htm,2020-07-22,Nasdaq,ZYNE,Zygel (ZYN002),,Fragile X syndrome,CONNECT-FX,True,
0001564590-20-033133,0001513818,2020-07-23,"Aravive, Inc.  (CIK 0001513818)",arav-8k_20200723.htm,2020-07-23,Nasdaq,ARAV,AVB-500,1b,platinum resistant ovarian cancer,,False,NCT00976911
0001493152-20-013922,0001076682,2020-07-24,"POLARITYTE, INC.  (RGTPQ)  (CIK 0001076682)",ex99-1.htm,2020-07-24,Nasdaq,PTE,SkinTE,,Diabetic Foot Ulcers,NCT03881254,False,NCT03881254
0001193125-20-199685,0000831547,2020-07-27,SPECTRUM PHARMACEUTICALS INC  (CIK 0000831547),d38176d8k.htm,2020-07-27,NASDAQ-GS,SPPI,poziotinib,2,non-small cell lung cancer,ZENITH20,False,
0001493152-20-014048,0001076682,2020-07-27,"POLARITYTE, INC.  (RGTPQ)  (CIK 0001076682)",form8-k.htm,2020-07-27,Nasdaq Capital Market,,SkinTE™,,diabetic foot ulcer,,False,
0001193125-20-199067,0001337553,2020-07-27,AERIE PHARMACEUTICALS INC  (CIK 0001337553),d97408d8k.htm,2020-07-27,Nasdaq,AERI,AR-1105,2,macular edema associated with retinal vein occlusion,AR-1105-CS201,False,
0001104659-20-086817,0001720893,2020-07-27,"BioXcel Therapeutics, Inc.  (BTAI)  (CIK 0001720893)",tm2025144d1_8k.htm,2020-07-20,Nasdaq,BTAI,BXCL501,,schizophrenia and bipolar disorder,SERENITY I and SERENITY II,False,
0001193125-20-199118,0001750019,2020-07-27,TCR2 THERAPEUTICS INC.  (CIK 0001750019),d931658d8k.htm,2020-07-26,Nasdaq,TCRR,TC-210,1,mesothelin-expressing solid tumors,TC-210 Phase 1/2 clinical trial,False,NCT03907852
0001457612-20-000127,0001457612,2020-07-30,"GENOCEA BIOSCIENCES, INC.  (CIK 0001457612)",gnca-20200730.htm,2020-07-30,,,GEN-009,1/2a,,,False,
0001457612-20-000129,0001457612,2020-07-30,"GENOCEA BIOSCIENCES, INC.  (CIK 0001457612)",gen-009partbdatajuly2020.htm,2020-07-30,,,GEN-009,1/2a,,,False,
0001628280-20-011353,0001787306,2020-07-31,"Arcutis Biotherapeutics, Inc.  (ARQT)  (CIK 0001787306)",arcutis-exhibit991202c.htm,2020-07-31,Nasdaq,ARQT,ARQ-151 (topical roflumilast cream),2,plaque psoriasis,,False,
0001193805-20-000918,0001280776,2020-08-03,"IMMUNIC, INC.  (IMUX)  (CIK 0001280776)",e619816_8k-immunic.htm,2020-08-02,Nasdaq,IMUX,IMU-838,2,relapsing-remitting multiple sclerosis,EMPhASIS,False,
0001193125-20-208124,0001771917,2020-08-03,"Karuna Therapeutics, Inc.  (CIK 0001771917)",d802568dex991.htm,2020-08-03,NASDAQ,KRTX,KarXT,1b,experimentally induced pain,KAR-020,False,
0001664710-20-000019,0001664710,2020-08-04,"Keros Therapeutics, Inc.  (KROS)  (CIK 0001664710)",exhibit991047pr.htm,2020-08-04,Nasdaq,KROS,KER-047,1,anemias due to elevated levels of hepcidin and in fibrodysplasia ossificans progressiva,,False,
0001070081-20-000130,0001070081,2020-08-07,"PTC THERAPEUTICS, INC.  (PTCT)  (CIK 0001070081)",ptctrisdiplamfdaapprov.htm,2020-08-07,NASDAQ,PTCT,Evrysdi (risdiplam),,spinal muscular atrophy,FIREFISH and SUNFISH,False,NCT02908685;NCT02913482;NCT03032172;NCT03779334
0001193125-20-214096,0001609809,2020-08-10,"Seres Therapeutics, Inc.  (MCRB)  (CIK 0001609809)",d907702d8k.htm,2020-08-10,,,SER-109,3,recurrent C. difficile infection,ECOSPOR III,False,
0001193125-20-215058,0001746466,2020-08-10,"Equillium, Inc.  (EQ)  (CIK 0001746466)",d949179d8k.htm,2020-08-10,Nasdaq,EQ,itolizumab,1b,acute graft-versus-host disease,EQUATE,False,
0001654954-20-008881,0001604191,2020-08-11,"AzurRx BioPharma, Inc.  (ENTO)  (CIK 0001604191)",azrx8k_aug112020.htm,2020-08-11,NASDAQ,AZRX,MS1819,2,severe exocrine pancreatic insufficiency,,False,NCT04302662
0001193125-20-222493,0001463361,2020-08-17,"Unity Biotechnology, Inc.  (UBX)  (CIK 0001463361)",d28349d8k.htm,2020-08-17,NASDAQ,UBX,UBX0101,2,painful osteoarthritis of the knee,,False,NCT04129944
0001104659-20-096568,0001322505,2020-08-18,"ALBIREO PHARMA, INC.  (CIK 0001322505)",tm2028898-1_8k.htm,2020-08-18,Nasdaq,ALBO,elobixibat,2,nonalcoholic fatty liver disease and nonalcoholic steatohepatitis,,False,
0001193125-20-223727,0001347178,2020-08-18,Vanda Pharmaceuticals Inc.  (VNDA)  (CIK 0001347178),d89375dex991.htm,2020-08-18,Nasdaq,VNDA,tradipitant,3,COVID-19 pneumonia,ODYSSEY,False,
0001104659-20-097780,0001130598,2020-08-24,"Onconova Therapeutics, Inc.  (TRAW)  (CIK 0001130598)",tm2029247d1_8k.htm,2020-08-24,Nasdaq,ONTX,IV rigosertib,3,higher-risk myelodysplastic syndromes (HR-MDS),INSPIRE,False,NCT02562443
0001564590-20-041044,0001717452,2020-08-24,"Odonate Therapeutics, Inc.  (ODTC)  (CIK 0001717452)",odt-8k_20200824.htm,2020-08-24,Nasdaq,ODT,tesetaxel,3,metastatic breast cancer,CONTESSA,False,
0001564590-20-041092,0001636651,2020-08-25,Ovid Therapeutics Inc.  (OVID)  (CIK 0001636651),ovid-8k_20200825.htm,2020-08-25,NASDAQ,OVID,soticlestat,2,Dravet syndrome or Lennox-Gastaut syndrome,ELEKTRA,False,
0001193125-20-229289,0001764013,2020-08-25,"Immunovant, Inc.  (IMVT)  (CIK 0001764013)",d904718d8k.htm,2020-08-25,Nasdaq,IMVT,IMVT-1401,2a,myasthenia gravis,ASCEND MG,False,
0001104659-20-098520,0001649989,2020-08-26,"Outlook Therapeutics, Inc.  (OTLK)  (CIK 0001649989)",tm2029439d1_8k.htm,2020-08-26,Nasdaq,OTLK,ONS-5010 / LYTENAVA™,,wet age-related macular degeneration,NORSE 1,False,
0001564590-20-041444,0001082038,2020-08-27,DURECT CORP  (DRRX)  (CIK 0001082038),drrx-ex991_6.htm,2020-08-27,Nasdaq,DRRX,DUR-928,2a,alcoholic hepatitis,,True,NCT03432260
0001193125-20-232097,0001668243,2020-08-27,UroGen Pharma Ltd.  (URGN)  (CIK 0001668243),d79937dex991.htm,2020-08-27,Nasdaq,URGN,RTGel hydrogel formulation in combination with BOTOX,2,overactive bladder and urinary incontinence,APOLLO,False,
0001104659-20-099887,0001621227,2020-08-28,Adaptimmune Therapeutics PLC  (ADAP)  (CIK 0001621227),tm2029444d1_ex99-1.htm,2020-08-28,Nasdaq,ADAP,ADP-A2AFP,1,liver cancer,,True,
0001293971-20-000053,0001293971,2020-08-31,"bluebird bio, Inc.  (BLUE)  (CIK 0001293971)",exhibit99120200829.htm,2020-08-29,Nasdaq,BLUE,elivaldogene autotemcel,2/3,cerebral adrenoleukodystrophy,Starbeam,True,
0001171843-20-006188,0001444192,2020-08-31,Acasti Pharma Inc.  (ACST)  (CIK 0001444192),exh_991.htm,2020-08-31,NASDAQ,ACST,CaPre,3,severe hypertriglyceridemia,TRILOGY 2,False,
0001564590-20-042073,0001748907,2020-09-01,Orchard Therapeutics plc  (CIK 0001748907),ortx-8k_20200901.htm,2020-09-01,Nasdaq,ORTX,OTL-203,proof-of-concept,mucopolysaccharidosis type I (MPS-I),,False,
0001193125-20-239118,0001517022,2020-09-03,"Akebia Therapeutics, Inc.  (AKBA)  (CIK 0001517022)",d929509d8k.htm,2020-09-03,Nasdaq,AKBA,vadadustat,3,anemia due to chronic kidney disease,PRO 2 TECT,False,
0001104659-20-102795,0001322505,2020-09-08,"ALBIREO PHARMA, INC.  (CIK 0001322505)",tm2030337d3_8k.htm,2020-09-08,Nasdaq,ALBO,odevixibat,3,progressive familial intrahepatic cholestasis (PFIC),PEDFIC 1,False,NCT03566238;NCT03659916;NCT04336722
0001493152-20-017365,0001595097,2020-09-08,"Corbus Pharmaceuticals Holdings, Inc.  (CRBP)  (CIK 0001595097)",ex99-1.htm,2020-09-08,NASDAQ,CRBP,lenabasum,3,diffuse cutaneous systemic sclerosis (SSc),RESOLVE-1,False,
0001558370-20-011032,0001634432,2020-09-08,Strongbridge Biopharma plc  (CIK 0001634432),sbbp-20200908x8k.htm,2020-09-08,Nasdaq,SBBP,RECORLEV (levoketoconazole),3,endogenous Cushing’s syndrome,LOGICS,False,
0001193125-20-241518,0001567514,2020-09-09,"Intra-Cellular Therapies, Inc.  (ITCI)  (CIK 0001567514)",d54593d8k.htm,2020-09-09,Nasdaq,ITCI,lumateperone,3,bipolar depression,Study 402,False,
0001193125-20-242667,0001375151,2020-09-10,"ZOGENIX, INC.  (CIK 0001375151)",d25064d8k.htm,2020-09-10,The Nasdaq Global Market,ZGNX,FINTEPLA,3,seizures associated with Dravet syndrome,Study 3,False,
0001171843-20-006380,0001626971,2020-09-10,"Corvus Pharmaceuticals, Inc.  (CRVS)  (CIK 0001626971)",f8k_091020.htm,2020-09-10,,,CPI-006,1,COVID-19,,True,
0001193125-20-243159,0001692830,2020-09-10,"Satsuma Pharmaceuticals, Inc.  (CIK 0001692830)",d119300d8k.htm,2020-09-10,The Nasdaq Global Select Market,STSA,STS101,3,migraine,EMERGE,False,
0001193805-20-001136,0001280776,2020-09-11,"IMMUNIC, INC.  (IMUX)  (CIK 0001280776)",e619924_8k-immunic.htm,2020-09-11,Nasdaq,IMUX,IMU-838,2,relapsing-remitting multiple sclerosis,EMPhASIS,True,
0001628280-20-013539,0001213037,2020-09-14,"Cardiff Oncology, Inc.  (CRDF)  (CIK 0001213037)",a991ex09142020.htm,2020-09-14,Nasdaq,CRDF,onvansertib,1b/2,KRAS-mutated metastatic colorectal cancer,,True,NCT03829410
0001104659-20-104915,0001267813,2020-09-14,MARINUS PHARMACEUTICALS INC  (MRNS)  (CIK 0001267813),tm2030376d2_8k.htm,2020-09-14,Nasdaq,MRNS,ganaxolone,3,CDKL5 deficiency disorder,Marigold Study,False,
0001104659-20-104587,0001579428,2020-09-14,"Axsome Therapeutics, Inc.  (AXSM)  (CIK 0001579428)",tm2030760d1_ex99-1.htm,2020-09-14,NASDAQ,AXSM,AXS-05,3,major depressive disorder,GEMINI,False,
0001193125-20-245262,0001785173,2020-09-14,"89bio, Inc.  (ETNB)  (CIK 0001785173)",d20544d8k.htm,2020-09-14,Nasdaq,ETNB,BIO89-100,1b/2a,nonalcoholic steatohepatitis,,False,
0001447028-20-000140,0001447028,2020-09-15,Arbutus Biopharma Corp  (ABUS)  (CIK 0001447028),a2020-09x8kex991pr.htm,2020-09-14,Nasdaq,ABUS,AB-729,1a/1b,chronic hepatitis B,AB-729-001,False,
0001493152-20-017869,0001076682,2020-09-16,"POLARITYTE, INC.  (RGTPQ)  (CIK 0001076682)",ex99-1.htm,2020-09-16,Nasdaq,PTE,SkinTE,,diabetic foot ulcers,,True,
0001104659-20-105486,0001526119,2020-09-16,"Verastem, Inc.  (VSTM)  (CIK 0001526119)",tm2030937d1_8k.htm,2020-09-16,Nasdaq,VSTM,VS-6766 and defactinib,1/2,low-grade serous ovarian cancer,FRAME,True,NCT03875820
0001561743-20-000070,0001561743,2020-09-16,"Kindred Biosciences, Inc.  (CIK 0001561743)",kin-20200916.htm,2020-09-16,NASDAQ,KIN,KIND-030,,canine parvovirus,,False,
0001193125-20-246844,0001661460,2020-09-16,"Poseida Therapeutics, Inc.  (PSTX)  (CIK 0001661460)",d48278d8k.htm,2020-09-16,Nasdaq,PSTX,P-BCMA-101,1,relapsed/refractory multiple myeloma,,False,
0001628280-20-013690,0001213037,2020-09-17,"Cardiff Oncology, Inc.  (CRDF)  (CIK 0001213037)",a991ex09172020.htm,2020-09-17,Nasdaq,CRDF,onvansertib,,KRAS-mutated metastatic colorectal cancer,,False,NCT03829410
0001104659-20-105874,0001442836,2020-09-17,"Mersana Therapeutics, Inc.  (MRSN)  (CIK 0001442836)",tm2031030d1_8k.htm,2020-09-17,NASDAQ,MRSN,XMT-1536,1,ovarian cancer,,True,
0001104659-20-105877,0001651407,2020-09-17,"Checkpoint Therapeutics, Inc.  (CKPT)  (CIK 0001651407)",tm2031020d1_ex99-1.htm,2020-09-17,NASDAQ,CKPT,cosibelimab,1,"advanced cancers, including metastatic cutaneous squamous cell carcinoma",,False,
0001193125-20-248571,0001060736,2020-09-18,SEATTLE GENETICS INC /WA  (CIK 0001060736),d37344d8k.htm,2020-09-18,Nasdaq,SGEN,PADCEV,3,locally advanced or metastatic urothelial cancer,EV-301,False,NCT03474107
0001564590-20-044052,0001394319,2020-09-21,"Tracon Pharmaceuticals, Inc.  (TCON)  (CIK 0001394319)",tcon-8k_20200919.htm,2020-09-21,NASDAQ,TCON,envafolimab,,MSI-H/dMMR colorectal cancer,ENVASARC,True,
0001193125-20-249634,0001439222,2020-09-21,"AGIOS PHARMACEUTICALS, INC.  (AGIO)  (CIK 0001439222)",d14354dex991.htm,2020-09-21,NASDAQ,AGIO,TIBSOVO,3,IDH1-mutant cholangiocarcinoma,ClarIDHy,True,
0001583648-20-000053,0001583648,2020-09-21,"PIERIS PHARMACEUTICALS, INC.  (PIRS)  (CIK 0001583648)",a200920_esmoslidesxfinal.htm,,,,PRS-343,1,HER2-positive malignancies,,False,NCT03330561;NCT03650348
0001651308-20-000160,0001651308,2020-09-21,"BeiGene, Ltd.  (BGNE, BEIGF)  (CIK 0001651308)",esmo202091720en.htm,2020-09-17,Nasdaq,BGNE,tislelizumab and pamiparib,3 and 2,non-squamous non-small cell lung cancer and advanced ovarian cancer,RATIONALE 304,False,NCT03333915;NCT03663205
0001493152-20-018097,0000908259,2020-09-22,MATEON THERAPEUTICS INC  (OTLC)  (CIK 0000908259),ex99-2.htm,2020-09-21,OTC.QB,MATN,OT-101,,pancreatic cancer and COVID-19,P001,False,
0001193125-20-250645,0001205922,2020-09-22,"VACCINEX, INC.  (VCNX)  (CIK 0001205922)",d53921dex991.htm,2020-09-22,Nasdaq,VCNX,pepinemab,2,Huntington’s disease,SIGNAL,False,
0001193125-20-252788,0001337553,2020-09-24,AERIE PHARMACEUTICALS INC  (CIK 0001337553),d32200d8k.htm,2020-09-24,Nasdaq,AERI,Roclanda,3b,open-angle glaucoma or ocular hypertension,Mercury 3,False,
0001171843-20-006729,0000882796,2020-09-30,BIOCRYST PHARMACEUTICALS INC  (BCRX)  (CIK 0000882796),exh_991.htm,2020-09-30,Nasdaq,BCRX,BCX9930,,paroxysmal nocturnal hemoglobinuria,,False,
0001564590-20-045189,0001636651,2020-09-30,Ovid Therapeutics Inc.  (OVID)  (CIK 0001636651),ovid-ex991_6.htm,2020-09-30,Nasdaq,OVID,soticlestat (OV935/TAK-935),2,CDKL5 deficiency disorder (CDD) and Dup15q syndrome (Dup15q),ARCADE and ENDYMION,True,
0001437749-20-020551,0001659617,2020-10-01,"Moleculin Biotech, Inc.  (MBRX)  (CIK 0001659617)",ex_205512.htm,2020-10-01,Nasdaq,MBRX,WP1066,1,diffuse intrinsic pontine glioma (DIPG),,False,NCT04334863
0001171843-20-006837,0001061983,2020-10-05,CYTOKINETICS INC  (CYTK)  (CIK 0001061983),f8k_100520.htm,2020-10-05,Nasdaq,CYTK,omecamtiv mecarbil,2,heart failure with reduced ejection fraction (HFrEF),COSMIC-HF,True,
0001564590-20-045784,0001082038,2020-10-05,DURECT CORP  (DRRX)  (CIK 0001082038),drrx-ex991_6.htm,2020-10-05,Nasdaq,DRRX,DUR-928,1b,nonalcoholic steatohepatitis (NASH),,True,
0001493152-20-018978,0001595097,2020-10-06,"Corbus Pharmaceuticals Holdings, Inc.  (CRBP)  (CIK 0001595097)",ex99-1.htm,2020-10-06,NASDAQ,CRBP,lenabasum,2b,cystic fibrosis (CF),CF-002,False,
0001213900-20-030205,0001711754,2020-10-06,"Inmune Bio, Inc.  (INMB)  (CIK 0001711754)",ea127851ex99-1_inmunebio.htm,2020-10-05,Nasdaq,INMB,XPro1595,1b,Alzheimer’s disease,Phase 1b Study in AD Patients with Neuroinflammation,False,
0001558370-20-011388,0001735438,2020-10-06,MeiraGTx Holdings plc  (MGTX)  (CIK 0001735438),mgtx-20201003x8k.htm,2020-10-03,Nasdaq,MGTX,AAV-RPGR,1/2,X-linked retinitis pigmentosa,MGT009,True,NCT03252847
0001171843-20-006968,0001061983,2020-10-08,CYTOKINETICS INC  (CYTK)  (CIK 0001061983),f8k_100820.htm,2020-10-08,Nasdaq,CYTK,omecamtiv mecarbil,3,heart failure with reduced ejection fraction,GALACTIC-HF,False,
0001193125-20-267921,0001060736,2020-10-13,Seagen Inc.  (CIK 0001060736),d11119d8k.htm,2020-10-12,Nasdaq,SGEN,PADCEV,2,locally advanced or metastatic urothelial cancer,EV-201,False,NCT03219333
0001370053-20-000053,0001370053,2020-10-13,"ANAPTYSBIO, INC  (ANAB)  (CIK 0001370053)",anab-20201013.htm,2020-10-13,Nasdaq,ANAB,Imsidolimab,2,Moderate-to-Severe Generalized Pustular Psoriasis,GALLOP,False,
0001078782-20-000751,0001413754,2020-10-13,MARIZYME INC  (MRZM)  (CIK 0001413754),f8k101220_ex99z1.htm,2020-10-09,OTCQB,MRZM,DuraGraft,,coronary artery bypass grafting (CABG),European DuraGraft Registry,False,NCT02922088
0001437749-20-021042,0001659617,2020-10-13,"Moleculin Biotech, Inc.  (MBRX)  (CIK 0001659617)",ex_206685.htm,2020-10-13,Nasdaq,MBRX,WP1066,1,glioblastoma,,False,
0001564590-20-046250,0001728117,2020-10-13,"Gossamer Bio, Inc.  (GOSS)  (CIK 0001728117)",goss-8k_20201013.htm,2020-10-13,Nasdaq,GOSS,GB001,2b,eosinophilic asthma and chronic rhinosinusitis,LEDA and TITAN,False,NCT03683576;NCT03956862
0001558370-20-011478,0001326732,2020-10-14,Xencor Inc  (XNCR)  (CIK 0001326732),xncr-20201014xex99d1.htm,,,,XmAb20717,1,advanced solid tumors,,False,NCT03517488
0001193125-20-269018,0001479290,2020-10-14,"Revance Therapeutics, Inc.  (RVNC)  (CIK 0001479290)",d70190d8k.htm,2020-10-14,Nasdaq,RVNC,DaxibotulinumtoxinA for Injection,3,cervical dystonia,ASPEN-1,False,
0001104659-20-114973,0001737953,2020-10-14,"Replimune Group, Inc.  (REPL)  (CIK 0001737953)",tm2033233d1_8k.htm,2020-10-14,Nasdaq,REPL,RP2,1,solid tumors,NCT04336241,False,NCT03767348;NCT04336241
0001104659-20-114699,0001755237,2020-10-14,"Cyclerion Therapeutics, Inc.  (CYCN)  (CIK 0001755237)",tm2033102d2_8k.htm,2020-10-14,Nasdaq,CYCN,IW-6463,1,age-related cognitive decline and neurodegenerative diseases,,False,
0001193125-20-269865,0001305253,2020-10-15,"Eiger BioPharmaceuticals, Inc.  (EIGRQ)  (CIK 0001305253)",d40700d8k.htm,2020-10-15,Nasdaq,EIGR,Peginterferon Lambda-1a,,COVID-19,ILIAD Study,False,
0001731122-20-001047,0001314052,2020-10-15,ANAVEX LIFE SCIENCES CORP.  (AVXL)  (CIK 0001314052),e2158_8k.htm,2020-10-15,Nasdaq,AVXL,ANAVEX®2-73 (blarcamesine),2,Parkinson’s disease dementia,ANAVEX®2-73-PDD-001,False,NCT04575259
0001193125-20-269896,0001597553,2020-10-15,"Sage Therapeutics, Inc.  (SAGE)  (CIK 0001597553)",d33596d8k.htm,2020-10-15,NASDAQ,SAGE,zuranolone,3,major depressive disorder,SHORELINE Study,False,
0001104659-20-115292,0001621443,2020-10-15,"Zynerba Pharmaceuticals, Inc.  (CIK 0001621443)",tm2032919d1_ex99-1.htm,2020-10-15,Nasdaq,ZYNE,Zygel (ZYN002),3,Fragile X syndrome,CONNECT-FX,True,
0001104659-20-115521,0001722964,2020-10-16,"Y-mAbs Therapeutics, Inc.  (YMAB)  (CIK 0001722964)",tm2032563d5_ex99-1.htm,2020-10-16,Nasdaq,YMAB,naxitamab and omburtamab,2,neuroblastoma,201 and 101,False,
0001104659-20-116123,0001674365,2020-10-19,Aptinyx Inc.  (CIK 0001674365),tm2033821d1_8k.htm,2020-10-19,Nasdaq,APTX,NYX-783,2,post-traumatic stress disorder,,False,
0001628280-20-014591,0001213037,2020-10-20,"Cardiff Oncology, Inc.  (CRDF)  (CIK 0001213037)",a991ex102020.htm,2020-10-20,Nasdaq,CRDF,onvansertib,2,metastatic castration-resistant prostate cancer,,False,NCT03414034
0001193125-20-272854,0001651431,2020-10-20,"Checkmate Pharmaceuticals, Inc.  (CIK 0001651431)",d68215dex991.htm,2020-10-15,NASDAQ,CMPI,CMP-001,1b,melanoma,,False,
0001104659-20-116255,0001674365,2020-10-20,Aptinyx Inc.  (CIK 0001674365),tm2033821d2_8k.htm,2020-10-20,,,NYX-783,2,PTSD,,False,
0001493152-20-019695,0000908259,2020-10-21,MATEON THERAPEUTICS INC  (OTLC)  (CIK 0000908259),ex99-1.htm,2020-09-21,OTC.QB,MATN,OT-101,,pancreatic cancer,P001,False,
0001564590-20-047119,0001564824,2020-10-21,Allakos Inc.  (ALLK)  (CIK 0001564824),allk-8k_20201021.htm,2020-10-21,Nasdaq,ALLK,lirentelimab (AK002),2,eosinophilic gastritis and/or eosinophilic doudenitis,ENIGMA,True,
0001564590-20-047025,0001674416,2020-10-21,CRISPR Therapeutics AG  (CRSP)  (CIK 0001674416),crsp-8k_20201021.htm,2020-10-21,Nasdaq,CRSP,CTX110,1,relapsed or refractory CD19+ B-cell malignancies,CARBON,False,NCT04035434
0001399529-20-000078,0001399529,2020-10-22,Dicerna Pharmaceuticals Inc  (CIK 0001399529),drna-20201022.htm,2020-10-22,Nasdaq,DRNA,nedosiran,,Primary Hyperoxaluria,PHYOX3,False,NCT04042402
0001169245-20-000086,0001169245,2020-10-23,PhaseBio Pharmaceuticals Inc  (PHASQ)  (CIK 0001169245),ex991-pemziviptadilupd.htm,2020-10-23,Nasdaq,PHAS,pemziviptadil (PB1046),,COVID-related ARDS,VANGARD,False,
0001493152-20-019917,0000764195,2020-10-26,VBI Vaccines Inc/BC  (VBIVQ)  (CIK 0000764195),ex99-1.htm,2020-10-26,Nasdaq,VBIV,Sci-B-Vac,3,hepatitis B,PROTECT and CONSTANT,False,
0001193125-20-276090,0001420565,2020-10-26,AILERON THERAPEUTICS INC  (ALRN)  (CIK 0001420565),d45588d8k.htm,2020-10-24,Nasdaq Capital Market,ALRN,ALRN-6924,1b,small cell lung cancer,,False,
0001104659-20-118204,0001454789,2020-10-26,CATABASIS PHARMACEUTICALS INC  (ATXS)  (CIK 0001454789),tm2034243-1_8k.htm,2020-10-26,NASDAQ,CATB,edasalonexent,3,Duchenne muscular dystrophy,PolarisDMD,False,
0000950170-20-000088,0001515673,2020-10-26,Ultragenyx Pharmaceutical Inc.  (RARE)  (CIK 0001515673),rare-20201026-ex99_1.htm,2020-10-26,NASDAQ,RARE,GTX-102,1/2,Angelman syndrome,,False,
0001193125-20-275988,0001556263,2020-10-26,"Syros Pharmaceuticals, Inc.  (SYRS)  (CIK 0001556263)",d66093d8k.htm,2020-10-24,NASDAQ,SYRS,SY-5609,1,solid tumors,,False,NCT04247126
0001193125-20-276089,0001576263,2020-10-26,"Mirati Therapeutics, Inc.  (CIK 0001576263)",d93930d8k.htm,2020-10-24,Nasdaq,MRTX849,Adagrasib,1/2,NSCLC,KRYSTAL-1,True,NCT03785249;NCT04330664
0001104659-20-117985,0001730430,2020-10-26,"Kiniksa Pharmaceuticals, Ltd.  (KNSA)  (CIK 0001730430)",tm2034235d1_8k.htm,2020-10-26,Nasdaq,KNSA,mavrilimumab,2,giant cell arteritis,,False,
0001157523-20-001347,0001727196,2020-10-27,Scholar Rock Holding Corp  (SRRK)  (CIK 0001727196),a52314353ex99_1.htm,2020-10-27,Nasdaq,SRRK,SRK-015,2,Spinal Muscular Atrophy,TOPAZ,False,
0001193125-20-279883,0001340652,2020-10-28,"ChemoCentryx, Inc.  (CIK 0001340652)",d40485d8k.htm,2020-10-28,Nasdaq,CCXI,avacopan,2,Hidradenitis Suppurativa,AURORA,False,
0001193125-20-281180,0001358403,2020-10-29,"BELLICUM PHARMACEUTICALS, INC  (CIK 0001358403)",d77141d8k.htm,2020-10-29,NASDAQ,BLCM,BPX-601,1,pancreatic cancer,,False,
0001640455-20-000120,0001640455,2020-11-02,"Jounce Therapeutics, Inc.  (CIK 0001640455)",jnce-20201102.htm,2020-11-02,Nasdaq,JNCE,vopratelimab,2,non-small cell lung cancer,EMERGE,False,
0001171843-20-007544,0000882361,2020-11-04,Aptose Biosciences Inc.  (APTO)  (CIK 0000882361),exh_991.htm,2020-11-04,Nasdaq,APTO,CG-806 and APTO-253,1,hematologic malignancies,,False,
0001069530-20-000064,0001069530,2020-11-04,CASSAVA SCIENCES INC  (SAVA)  (CIK 0001069530),sava-20201104xex99_1.htm,2020-11-07,,,sumifilam,2,Alzheimer’s disease,,False,
0001564590-20-050279,0001422143,2020-11-04,"Kura Oncology, Inc.  (KURA)  (CIK 0001422143)",kura-8k_20201104.htm,,,,KO-539,1/2A,acute myeloid leukemia,KOMET-001,False,NCT04067336
0001171843-20-007562,0001629137,2020-11-04,"Global Blood Therapeutics, Inc.  (CIK 0001629137)",exh_991.htm,2020-11-04,Nasdaq,GBT,Oxbryta,3,sickle cell disease,HOPE,True,
0001564590-20-050215,0001674416,2020-11-04,CRISPR Therapeutics AG  (CRSP)  (CIK 0001674416),crsp-8k_20201104.htm,2020-11-04,Nasdaq,CRSP,CTX001,1/2,severe hemoglobinopathies,CLIMB-111 and CLIMB-121,False,
0001558370-20-012661,0001001316,2020-11-05,"TG THERAPEUTICS, INC.  (TGTX)  (CIK 0001001316)",tgtx-20201104xex99d1.htm,2020-11-04,NASDAQ,TGTX,ublituximab and umbralisib,3,Chronic Lymphocytic Leukemia,UNITY-CLL,False,
0001193125-20-286121,0001671584,2020-11-05,Aptevo Therapeutics Inc.  (APVO)  (CIK 0001671584),d44982d8k.htm,2020-11-05,The Nasdaq Stock Market LLC,APVO,APVO436,1,,,True,
0001564590-20-050847,0001748907,2020-11-05,Orchard Therapeutics plc  (CIK 0001748907),ortx-8k_20201105.htm,2020-11-05,Nasdaq,ORTX,OTL-201,,Sanfilippo Syndrome Type A (MPS-IIIA),NCT04201405,False,NCT04201405
0001214659-20-009193,0001293310,2020-11-06,"HUMANIGEN, INC  (CIK 0001293310)",ex99_2.htm,2020-11-06,Nasdaq,HGEN,lenzilumab,3,COVID-19,,False,NCT04351152
0001731122-20-001114,0001314052,2020-11-06,ANAVEX LIFE SCIENCES CORP.  (AVXL)  (CIK 0001314052),e2201_8-k.htm,2020-11-06,Nasdaq,AVXL,ANAVEX®2-73,2,Parkinson’s disease dementia,ANAVEX®2-73-PDD-001,False,NCT02756858;NCT03758924;NCT03790709;NCT03941444;NCT04304482;NCT04575259
0001113148-20-000040,0001113148,2020-11-09,"INFINITY PHARMACEUTICALS, INC.  (INFIQ)  (CIK 0001113148)",pressreleaseinfisitc20.htm,2020-11-09,NASDAQ,INFI,eganelisib,1/1b,melanoma and squamous cell carcinoma of the head and neck,MARIO-1,False,
0001104659-20-122849,0001509745,2020-11-09,"LEAP THERAPEUTICS, INC.  (LPTX)  (CIK 0001509745)",tm2035428d1_ex99-1.htm,2020-11-09,Nasdaq,LPTX,DKN-01,1b/2a,esophagogastric cancer,P102,False,
0001171843-20-007780,0001626971,2020-11-09,"Corvus Pharmaceuticals, Inc.  (CRVS)  (CIK 0001626971)",f8k_110920.htm,2020-11-09,,,CPI-006,1,COVID-19,,False,
0001019056-20-000557,0001671584,2020-11-09,Aptevo Therapeutics Inc.  (APVO)  (CIK 0001671584),aptevo8k_119.htm,2020-11-09,NASDAQ,APVO,APVO436,1,acute myeloid leukemia and myelodysplastic syndrome,,True,
0001193125-20-290319,0001175505,2020-11-10,"FIVE PRIME THERAPEUTICS, INC.  (CIK 0001175505)",d907944d8k.htm,2020-11-10,Nasdaq,FPRX,bemarituzumab,2,advanced gastric or gastroesophageal junction cancer,FIGHT,False,NCT03694522
0001193125-20-289663,0001660334,2020-11-10,Verrica Pharmaceuticals Inc.  (VRCA)  (CIK 0001660334),d948855d8k.htm,2020-11-10,Nasdaq,VRCA,VP-102,2,external genital warts,CARE-1,False,
0001558370-20-013740,0001437402,2020-11-12,"ARDELYX, INC.  (ARDX)  (CIK 0001437402)",ardx-20201112x8k.htm,2020-11-12,Nasdaq,ARDX,RDX013,1,hyperkalemia,,False,
0001739614-20-000006,0001739614,2020-11-12,"Inhibrx, Inc.  (CIK 0001739614)",exhibit991pressrelease.htm,2020-11-11,Nasdaq,INBX,INBRX-109,1,chondrosarcoma,,True,
0001493152-20-021228,0000764195,2020-11-13,VBI Vaccines Inc/BC  (VBIVQ)  (CIK 0000764195),ex99-1.htm,2020-11-13,Nasdaq,VBIV,Sci-B-Vac,3,hepatitis B,PROTECT,True,
0001171843-20-007967,0001061983,2020-11-13,CYTOKINETICS INC  (CYTK)  (CIK 0001061983),f8k_111320.htm,2020-11-13,Nasdaq,CYTK,omecamtiv mecarbil,3,heart failure,GALACTIC-HF,True,
0001564590-20-053900,0001082038,2020-11-13,DURECT CORP  (DRRX)  (CIK 0001082038),drrx-ex991_6.htm,2020-11-13,Nasdaq,DRRX,DUR-928,1b,nonalcoholic steatohepatitis,,True,
0001280600-20-000084,0001280600,2020-11-13,ACCELERON PHARMA INC  (CIK 0001280600),xlrn-20201113.htm,2020-11-13,Nasdaq,XLRN,sotatercept,2,pulmonary arterial hypertension,PULSAR,True,
0001104659-20-124704,0001322505,2020-11-13,"ALBIREO PHARMA, INC.  (CIK 0001322505)",tm2035841d1_8k.htm,2020-11-13,Nasdaq,ALBO,odevixibat,3,progressive familial intrahepatic cholestasis,PEDFIC 1,True,NCT03659916;NCT04336722
0001493152-20-021349,0001444307,2020-11-13,ONCOSEC MEDICAL Inc  (ONCSQ)  (CIK 0001444307),ex99-1.htm,2020-11-09,NASDAQ,ONCS,TAVO,2b,metastatic melanoma,KEYNOTE-695,False,
0001493152-20-021436,0000876343,2020-11-16,"Lineage Cell Therapeutics, Inc.  (LCTX)  (CIK 0000876343)",ex99-1.htm,2020-11-16,NYSE American,LCTX,OpRegen,1/2a,dry age-related macular degeneration (AMD) with geographic atrophy (GA),,False,
0001171843-20-008007,0001447028,2020-11-16,Arbutus Biopharma Corp  (ABUS)  (CIK 0001447028),exh_991.htm,2020-11-15,Nasdaq,ABUS,AB-729,1a/1b,chronic hepatitis B virus (HBV) infection,AB-729-001,False,
0001193125-20-293735,0001682852,2020-11-16,"Moderna, Inc.  (MRNA)  (CIK 0001682852)",d53512dex991.htm,2020-11-16,Nasdaq,MRNA,mRNA-1273,3,COVID-19,COVE,False,
0001558370-20-013854,0001735438,2020-11-16,MeiraGTx Holdings plc  (MGTX)  (CIK 0001735438),mgtx-20201113x8k.htm,2020-11-13,Nasdaq,MGTX,AAV-RPGR,1/2,X-linked retinitis pigmentosa (XLRP),MGT009,False,NCT03252847
0001062822-20-000073,0001062822,2020-11-17,"LEXICON PHARMACEUTICALS, INC.  (LXRX)  (CIK 0001062822)",pressreleaseahasotagli.htm,2020-11-16,Nasdaq,LXRX,sotagliflozin,3,type 2 diabetes and heart failure / chronic kidney disease,SOLOIST and SCORED,False,
0001104659-20-126123,0001137883,2020-11-17,BRAINSTORM CELL THERAPEUTICS INC.  (BCLI)  (CIK 0001137883),tm2036209d1_8k.htm,2020-11-17,Nasdaq,BCLI,NurOwn,3,Amyotrophic lateral sclerosis,,False,NCT03280056;NCT03799718
0001651308-20-000219,0001651308,2020-11-17,"BeiGene, Ltd.  (BGNE, BEIGF)  (CIK 0001651308)",bgne-20201117.htm,2020-11-17,Nasdaq,BGNE,tislelizumab,3,non-small cell lung cancer,RATIONALE 303,False,NCT03358875;NCT03412773;NCT03419897;NCT03430843;NCT03594747;NCT03663205;NCT03736889;NCT03777657;NCT03783442;NCT03924986;NCT03957590;NCT03967977;NCT04005716;NCT04379635
0001193125-20-296012,0001668243,2020-11-17,UroGen Pharma Ltd.  (URGN)  (CIK 0001668243),d23425d8k.htm,2020-11-17,Nasdaq,URGN,UGN-102,2b,low-grade intermediate risk non-muscle invasive bladder cancer,OPTIMA II,True,
0001193125-20-295466,0001681087,2020-11-17,"AVROBIO, Inc.  (TECX)  (CIK 0001681087)",d201515d8k.htm,2020-11-17,Nasdaq,AVRO,AVR-RD-02,,Gaucher disease type 1,,False,
0001493152-20-021904,0000764195,2020-11-18,VBI Vaccines Inc/BC  (VBIVQ)  (CIK 0000764195),ex99-1.htm,2020-11-18,Nasdaq,VBIV,VBI-2601 (BRII-179),1b/2a,chronic hepatitis B virus infection,,False,
0001213900-20-037860,0001158780,2020-11-18,PLURISTEM THERAPEUTICS INC  (PLUR)  (CIK 0001158780),ea130133-8k_pluristem.htm,2020-11-18,Nasdaq,PSTI,PLX-R18,1,incomplete hematopoietic recovery following hematopoietic cell transplantation,,False,
0001493152-20-021995,0000764195,2020-11-19,VBI Vaccines Inc/BC  (VBIVQ)  (CIK 0000764195),ex99-2.htm,2020-11-19,Nasdaq,VBIV,VBI-1901,2a,recurrent glioblastoma,,False,
0001104659-20-127156,0001590560,2020-11-19,uniQure N.V.  (QURE)  (CIK 0001590560),tm2036418d1_8k.htm,2020-11-19,NASDAQ,QURE,etranacogene dezaparvovec,3,hemophilia B,HOPE-B,False,
0001600132-20-000123,0001600132,2020-11-23,"Bellerophon Therapeutics, Inc.  (BLPH)  (CIK 0001600132)",pressreleasenov2020cov.htm,2020-11-23,Nasdaq,BLPH,INOpulse®,3,COVID-19,COViNOX,False,
0001193125-20-301492,0001787306,2020-11-23,"Arcutis Biotherapeutics, Inc.  (ARQT)  (CIK 0001787306)",d80054d8k.htm,2020-11-23,Nasdaq,ARQT,ARQ-154 (topical roflumilast foam),2b,scalp and body psoriasis,,False,
0001193125-20-302694,0001740547,2020-11-24,Urovant Sciences Ltd.  (CIK 0001740547),d48054d8k.htm,2020-11-24,Nasdaq,UROV,vibegron,2a,Irritable Bowel Syndrome,,False,
0001193125-20-303257,0001728328,2020-11-25,InMed Pharmaceuticals Inc.  (INM)  (CIK 0001728328),d66869d8k.htm,2020-11-25,NASDAQ,INM,INM-755,1,epidermolysis bullosa,755-101-HV,False,
0001193125-20-305010,0001624658,2020-11-30,"Allena Pharmaceuticals, Inc.  (CIK 0001624658)",d11581d8k.htm,2020-11-30,NASDAQ,ALNA,ALLN-346,1,hyperuricemia,,False,
0001193125-20-304907,0001682852,2020-11-30,"Moderna, Inc.  (MRNA)  (CIK 0001682852)",d76031dex991.htm,2020-11-30,Nasdaq,MRNA,mRNA-1273,3,COVID-19,COVE,True,
0001104659-20-130194,0001760542,2020-11-30,HOOKIPA Pharma Inc.  (HOOK)  (CIK 0001760542),tm2037251d1_8k.htm,2020-11-30,NASDAQ,HOOK,HB-101,2,Cytomegalovirus,NCT03629080,True,NCT03629080
0001193125-20-306331,0001383701,2020-12-01,Histogen Inc.  (CIK 0001383701),d69769dex991.htm,2020-12-01,NASDAQ,HSTO,HST-001,1b/2a,androgenic alopecia,,False,
0001193125-20-306299,0001439222,2020-12-01,"AGIOS PHARMACEUTICALS, INC.  (AGIO)  (CIK 0001439222)",d82113d8k.htm,2020-12-01,NASDAQ,AGIO,mitapivat,3,pyruvate kinase deficiency,ACTIVATE,False,
0001558370-20-014109,0001579428,2020-12-01,"Axsome Therapeutics, Inc.  (AXSM)  (CIK 0001579428)",axsm-20201201xex99d1.htm,2020-12-01,NASDAQ,AXSM,AXS-05,3,major depressive disorder,COMET,False,
0001564590-20-055762,0001636651,2020-12-01,Ovid Therapeutics Inc.  (OVID)  (CIK 0001636651),ovid-8k_20201201.htm,2020-12-01,NASDAQ,OVID,OV101,3,Angelman syndrome,NEPTUNE,False,
0001558370-20-014137,0001579428,2020-12-02,"Axsome Therapeutics, Inc.  (AXSM)  (CIK 0001579428)",axsm-20201202xex99d1.htm,2020-12-02,NASDAQ,AXSM,AXS-05,2,treatment resistant depression,COMET-TRD,False,
0001193125-20-309507,0001668243,2020-12-03,UroGen Pharma Ltd.  (URGN)  (CIK 0001668243),d36363d8k.htm,2020-12-03,Nasdaq,URGN,UGN-101 Jelmyto,3,low-grade upper tract urothelial cancer,OLYMPUS,False,
0001564590-20-056121,0001357874,2020-12-04,PRECISION BIOSCIENCES INC  (DTIL)  (CIK 0001357874),dtil-8k_20201204.htm,2020-12-04,Nasdaq,DTIL,PBCAR0191,1/2a,Relapsed/Refractory Non-Hodgkin Lymphoma and R/R B-cell Acute Lymphoblastic Leukemia,,False,
0001564590-20-056109,0001382101,2020-12-04,"SUTRO BIOPHARMA, INC.  (STRO)  (CIK 0001382101)",stro-8k_20201203.htm,2020-12-03,NASDAQ,STRO,STRO-002,1,ovarian cancer,STRO-002-GM1,False,NCT03748186
0001104659-20-132306,0001621443,2020-12-04,"Zynerba Pharmaceuticals, Inc.  (CIK 0001621443)",tm2037645d1_ex99-1.htm,2020-12-04,NASDAQ,ZYNE,Zygel,2,Developmental and Epileptic Encephalopathy,BELIEVE,False,
0001558370-20-014200,0000855654,2020-12-07,"ImmunoGen, Inc.  (CIK 0000855654)",imgn-20201205x8k.htm,2020-12-05,Nasdaq,IMGN,IMGN632,1/2,blastic plasmacytoid dendritic cell neoplasm,,True,
0001193125-20-311175,0001001233,2020-12-07,"SANGAMO THERAPEUTICS, INC  (SGMO)  (CIK 0001001233)",d56178d8k.htm,2020-12-07,"NYSE, Nasdaq","PFE, SGMO",giroctocogene fitelparvovec (SB-525 or PF-07055480),1/2,hemophilia A,Alta,True,NCT03587116;NCT04370054
0001171843-20-008396,0001061983,2020-12-07,CYTOKINETICS INC  (CYTK)  (CIK 0001061983),f8k_120720.htm,2020-12-07,Nasdaq,CYTK,omecamtiv mecarbil,3,heart failure,GALACTIC-HF,True,
0001564590-20-056245,0001260990,2020-12-07,"Oncternal Therapeutics, Inc.  (ONCT)  (CIK 0001260990)",onct-8k_20201207.htm,2020-12-07,Nasdaq,ONCT,cirmtuzumab,1/2,mantle cell lymphoma and chronic lymphocytic leukemia,CIRLL,True,
0001104659-20-132642,0001267813,2020-12-07,MARINUS PHARMACEUTICALS INC  (MRNS)  (CIK 0001267813),tm2037816d1_ex99-1.htm,2020-12-07,Nasdaq,MRNS,ganaxolone,3,CDKL5 deficiency disorder,Marigold Study,True,
0001293971-20-000070,0001293971,2020-12-07,"bluebird bio, Inc.  (BLUE)  (CIK 0001293971)",exhibit99120201205.htm,2020-12-05,"NYSE, Nasdaq","BMY, BLUE",idecabtagene viclueucel (ide-cel),1,relapsed and refractory multiple myeloma,CRB-401,True,NCT03274219
0001564590-20-056289,0001382101,2020-12-07,"SUTRO BIOPHARMA, INC.  (STRO)  (CIK 0001382101)",stro-ex991_6.htm,2020-12-07,NASDAQ,STRO,STRO-001,1,B-cell Non-Hodgkin Lymphoma,STRO-001-BCM1,False,NCT03424603
0001401914-20-000124,0001401914,2020-12-07,"Dare Bioscience, Inc.  (DARE)  (CIK 0001401914)",dare8-k12072020bv.htm,2020-12-07,NASDAQ,DARE,DARE-BV1,3,bacterial vaginosis,DARE-BVFREE,False,
0001387131-20-010478,0001430306,2020-12-07,Tonix Pharmaceuticals Holding Corp.  (TNXP)  (CIK 0001430306),ex99-01.htm,2020-12-07,Nasdaq,TNXP,TNX-102 SL,3,fibromyalgia,RELIEF,False,NCT04172831;NCT04508621
0001193125-20-311833,0001439222,2020-12-07,"AGIOS PHARMACEUTICALS, INC.  (AGIO)  (CIK 0001439222)",d88252d8k.htm,2020-12-07,NASDAQ,AGIO,mitapivat,1,sickle cell disease,,False,
0000950170-20-000108,0001515673,2020-12-07,Ultragenyx Pharmaceutical Inc.  (RARE)  (CIK 0001515673),rare-20201205-ex99_1.htm,2020-12-05,NASDAQ,RARE,GTX-102,1/2,Angelman syndrome,,True,
0001551986-20-000312,0001551986,2020-12-07,"9 METERS BIOPHARMA, INC.  (NMTRQ)  (CIK 0001551986)",ex-991pressrelease12720.htm,2020-12-07,Nasdaq,NMTR,NM-002,1b/2a,short bowel syndrome,,False,
0001557142-20-000090,0001557142,2020-12-07,"Kadmon Holdings, Inc.  (CIK 0001557142)",kdmn-20201207xex99_1.htm,2020-12-06,Nasdaq,KDMN,belumosudil,3,chronic graft-versus-host disease,ROCKstar,False,
0001104659-20-132928,0001590560,2020-12-07,uniQure N.V.  (QURE)  (CIK 0001590560),tm2037868d1_8k.htm,2020-12-07,NASDAQ,QURE,etranacogene dezaparvovec,2b,hemophilia B,,False,
0001171843-20-008399,0001626971,2020-12-07,"Corvus Pharmaceuticals, Inc.  (CRVS)  (CIK 0001626971)",f8k_120720.htm,2020-12-06,,,CPI-818,1/1b,T cell lymphoma,,False,
0001171843-20-008400,0001629137,2020-12-07,"Global Blood Therapeutics, Inc.  (CIK 0001629137)",exh_991.htm,2020-12-06,NASDAQ,GBT,Oxbryta,3,sickle cell disease,HOPE,True,
0001193125-20-311217,0001661460,2020-12-07,"Poseida Therapeutics, Inc.  (PSTX)  (CIK 0001661460)",d89295d8k.htm,2020-12-05,Nasdaq,PSTX,P-BCMA-101,1,relapsed/refractory multiple myeloma,,False,NCT03288493
0001664710-20-000057,0001664710,2020-12-07,"Keros Therapeutics, Inc.  (KROS)  (CIK 0001664710)",exhibit991ash2020pr.htm,2020-12-07,Nasdaq,KROS,KER-047,1,iron imbalance,,True,
0001564590-20-056242,0001674416,2020-12-07,CRISPR Therapeutics AG  (CRSP)  (CIK 0001674416),crsp-8k_20201205.htm,2020-12-05,Nasdaq,"CRSP, VRTX",CTX001,1/2,transfusion-dependent beta thalassemia and sickle cell disease,CLIMB-111 and CLIMB-121,False,
0001193125-20-311281,0001746466,2020-12-07,"Equillium, Inc.  (EQ)  (CIK 0001746466)",d92085dex991.htm,2020-12-07,Nasdaq,EQ,itolizumab,1b,acute graft-versus-host disease,EQUATE,False,
0001193125-20-311893,0001754068,2020-12-07,"Allovir, Inc.  (ALVR)  (CIK 0001754068)",d16647dex991.htm,2020-12-07,Nasdaq,ALVR,Viralym-M (ALVR105),2,viral infections in allogeneic hematopoietic stem cell transplantation patients,CHARMS,False,
0001104659-20-132595,0001760542,2020-12-07,HOOKIPA Pharma Inc.  (HOOK)  (CIK 0001760542),tm2037823d1_8k.htm,2020-12-07,Nasdaq,HOOK,HB-201,1,HPV16+ cancers,NCT04180215,False,NCT04180215
0001558370-20-014242,0001001316,2020-12-08,"TG THERAPEUTICS, INC.  (TGTX)  (CIK 0001001316)",tgtx-20201207xex99d2.htm,2020-12-07,Nasdaq,TGTX,umbralisib and ublituximab (U2),3,chronic lymphocytic leukemia (CLL),UNITY-CLL,False,
0001558370-20-014236,0001579428,2020-12-08,"Axsome Therapeutics, Inc.  (AXSM)  (CIK 0001579428)",axsm-20201208xex99d1.htm,2020-12-08,Nasdaq,AXSM,AXS-05,2,major depressive disorder (MDD) with suicidal ideation,COMET-SI,False,
0001651308-20-000229,0001651308,2020-12-08,"BeiGene, Ltd.  (BGNE, BEIGF)  (CIK 0001651308)",bgne-20201206.htm,2020-12-06,Nasdaq,BGNE,BRUKINSA (zanubrutinib),2,marginal zone lymphoma,MAGNOLIA,False,NCT03336333;NCT03846427
0001564590-20-056372,0001748907,2020-12-08,Orchard Therapeutics plc  (CIK 0001748907),ortx-8k_20201208.htm,2020-12-08,Nasdaq,ORTX,OTL-201,,mucopolysaccharidosis type IIIA (MPS-IIIA),,False,
0001171843-20-008462,0001061983,2020-12-09,CYTOKINETICS INC  (CYTK)  (CIK 0001061983),f8k_120920.htm,2020-12-09,Nasdaq,CYTK,CK-274,2,hypertrophic cardiomyopathy,REDWOOD-HCM,False,
0001140361-20-027790,0001281895,2020-12-09,"ROCKET PHARMACEUTICALS, INC.  (RCKT, RCKTW)  (CIK 0001281895)",nt10017732x2_8k.htm,2020-12-06,Nasdaq,RCKT,"RP-L102, RP-L201",1/2,"Fanconi Anemia, Leukocyte Adhesion Deficiency-I, Pyruvate Kinase Deficiency",,True,
0001559053-20-000045,0001559053,2020-12-09,PROTHENA CORP PUBLIC LTD CO  (PRTA)  (CIK 0001559053),prta-20201209.htm,2020-12-09,Nasdaq,PRTA,PRX004,1,,,False,
0001104659-20-133646,0001590560,2020-12-09,uniQure N.V.  (QURE)  (CIK 0001590560),tm2038015d1_ex99-1.htm,2020-12-08,Nasdaq,QURE,etranacogene dezaparvovec,3,hemophilia B,HOPE-B,False,
0001694665-20-000097,0001694665,2020-12-09,"Evelo Biosciences, Inc.  (EVLO)  (CIK 0001694665)",evlo-20201209.htm,2020-12-09,Nasdaq,EVLO,EDP1503,1/2,triple-negative breast cancer,,True,
0001193125-20-313892,0001708493,2020-12-09,"Harpoon Therapeutics, Inc.  (CIK 0001708493)",d92909dex991.htm,2020-12-08,NASDAQ,HARP,HPN424,1/2a,metastatic castration-resistant prostate cancer,,False,
0001558370-20-014296,0001001316,2020-12-10,"TG THERAPEUTICS, INC.  (TGTX)  (CIK 0001001316)",tgtx-20201210x8k.htm,2020-12-10,NASDAQ,TGTX,ublituximab,3,relapsing forms of multiple sclerosis,ULTIMATE I & II,False,NCT03277248;NCT03277261
0001193125-20-314855,0001403752,2020-12-10,Zymeworks Inc.  (CIK 0001403752),d75372dex991.htm,2020-12-10,NYSE,ZYME,zanidatamab,1,HER2-expressing gastroesophageal adenocarcinoma and HER2-expressing/amplified biliary tract cancer,,False,
0001171843-20-008493,0001447028,2020-12-10,Arbutus Biopharma Corp  (ABUS)  (CIK 0001447028),exh_991.htm,2020-12-10,Nasdaq,ABUS,AB-729,1a/1b,chronic hepatitis B,AB-729-001,False,
0001213900-20-041974,0001731176,2020-12-10,Tottenham Acquisition I Ltd  (CIK 0001731176),ea131364-8k_tottenhamacq1.htm,2020-12-10,,,CNM-Au8,2,amyotrophic lateral sclerosis,RESCUE-ALS,False,
0001493152-20-023225,0001799788,2020-12-10,"Greenwich LifeSciences, Inc.  (GLSI)  (CIK 0001799788)",ex99-1.htm,2020-12-09,Nasdaq,GLSI,GP2,2b,breast cancer,,True,NCT00524277
0001193125-20-315989,0001422142,2020-12-11,"Aerpio Pharmaceuticals, Inc.  (AADI)  (CIK 0001422142)",d304630d8k.htm,2020-12-11,Nasdaq,ARPO,razuprotafib,2,open angle glaucoma or ocular hypertension,,False,
0001171843-20-008526,0001061983,2020-12-14,CYTOKINETICS INC  (CYTK)  (CIK 0001061983),f8k_121420.htm,2020-12-14,Nasdaq,CYTK,reldesemtiv,2,amyotrophic lateral sclerosis,FORTITUDE-ALS,True,
0001564590-20-056927,0001527599,2020-12-14,"SYNLOGIC, INC.  (SYBX)  (CIK 0001527599)",sybx-8k_20201214.htm,2020-12-14,Nasdaq,SYBX,SYNB1891,,,,False,
0001193125-20-316409,0001655759,2020-12-14,"ARVINAS, INC.  (ARVN)  (CIK 0001655759)",d96003d8k.htm,2020-12-14,Nasdaq,ARVN,ARV-471 and ARV-110,1/2,breast cancer and metastatic castration-resistant prostate cancer,ARDENT,False,
0001564590-20-057002,0001717452,2020-12-14,"Odonate Therapeutics, Inc.  (ODTC)  (CIK 0001717452)",odt-8k_20201211.htm,2020-12-11,Nasdaq,ODT,tesetaxel,3,metastatic breast cancer,CONTESSA,False,
0001193125-20-316413,0001750019,2020-12-14,TCR2 THERAPEUTICS INC.  (CIK 0001750019),d22170d8k.htm,2020-12-13,Nasdaq,TCRR,TC-210,1/2,mesothelin-expressing solid tumors,,False,NCT03907852
0001731122-20-001291,0001314052,2020-12-15,ANAVEX LIFE SCIENCES CORP.  (AVXL)  (CIK 0001314052),e2291_8k.htm,2020-12-15,Nasdaq,AVXL,ANAVEX®2-73,2,Rett syndrome,ANAVEX®2-73-RS-001,False,NCT03758924;NCT03941444;NCT04304482
0001636050-20-000111,0001636050,2020-12-15,Sio Gene Therapies Inc.  (CIK 0001636050),siox-20201215.htm,2020-12-15,NASDAQ,SIOX,AXO-AAV-GM1,1/2,GM1 gangliosidosis,,False,NCT03952637
0001558370-20-014430,0001735438,2020-12-17,MeiraGTx Holdings plc  (MGTX)  (CIK 0001735438),mgtx-20201216x8k.htm,2020-12-16,Nasdaq,MGTX,AAV-hAQP1,1,radiation-induced xerostomia,AQUAx,False,
0001679082-20-000057,0001679082,2020-12-18,Myovant Sciences Ltd.  (CIK 0001679082),myov-20201218.htm,2020-12-18,New York Stock Exchange,MYOV,ORGOVYX,3,advanced prostate cancer,HERO,False,
0001171843-20-008658,0000882796,2020-12-21,BIOCRYST PHARMACEUTICALS INC  (BCRX)  (CIK 0000882796),exh_991.htm,2020-12-21,Nasdaq,BCRX,BCX9250,1,fibrodysplasia ossificans progressiva,,False,
0001193125-20-322298,0001326110,2020-12-21,"NantKwest, Inc.  (IBRX)  (CIK 0001326110)",d10177dex991.htm,2020-12-21,NASDAQ,NK,Anktiva,2,non-muscle invasive bladder cancer CIS,,False,
0001193125-20-323107,0001340652,2020-12-21,"ChemoCentryx, Inc.  (CIK 0001340652)",d35539d8k.htm,2020-12-21,,,avacopan,,C3 Glomerulopathy,ACCOLADE,False,
0001387131-20-011455,0001430306,2020-12-21,Tonix Pharmaceuticals Holding Corp.  (TNXP)  (CIK 0001430306),ex99-01.htm,2020-12-21,Nasdaq,TNXP,TNX-102 SL,3,posttraumatic stress disorder,RECOVERY,True,NCT02277704;NCT03062540;NCT03668041;NCT03841773
0001193125-20-322377,0001466301,2020-12-21,"Clovis Oncology, Inc.  (CIK 0001466301)",d47125d8k.htm,2020-12-21,,,Rubraca,3,relapsed ovarian cancer,ARIEL4,False,NCT02855944
0001213900-20-043965,0000812796,2020-12-22,"SOLIGENIX, INC.  (SNGX)  (CIK 0000812796)",ea132049-8k_soligenixinc.htm,2020-12-22,Nasdaq,SNGX,SGX942,3,severe oral mucositis,DOM-INNATE,False,
0001193125-20-324544,0000831547,2020-12-22,SPECTRUM PHARMACEUTICALS INC  (CIK 0000831547),d73413d8k.htm,2020-12-22,Nasdaq,SPPI,poziotinib,2,non-small cell lung cancer,ZENITH20,False,
0001171843-20-008722,0000882796,2020-12-22,BIOCRYST PHARMACEUTICALS INC  (BCRX)  (CIK 0000882796),exh_991.htm,2020-12-22,Nasdaq,BCRX,galidesivir,,COVID-19,,False,
0001356576-20-000090,0001356576,2020-12-23,"SUPERNUS PHARMACEUTICALS, INC.  (SUPN)  (CIK 0001356576)",ex99112-22x2020.htm,2020-12-22,Nasdaq,SUPN,SPN-812,3,ADHD,P306,False,
0001104659-20-139077,0001390478,2020-12-23,"SELLAS Life Sciences Group, Inc.  (SLS)  (CIK 0001390478)",tm2039231d1_8k.htm,2020-12-21,Nasdaq,SLS,galinpepimut-S,1/2,ovarian cancer and malignant pleural mesothelioma,,False,NCT03761914;NCT04040231
0001104659-20-139797,0001781983,2020-12-28,"Aprea Therapeutics, Inc.  (APRE)  (CIK 0001781983)",tm2039402d1_ex99-1.htm,2020-12-28,Nasdaq,APRE,eprenetapopt,3,myelodysplastic syndromes (MDS),,False,
0001193125-20-329197,0001659352,2020-12-30,"Codiak BioSciences, Inc.  (CIK 0001659352)",d64502dex991.htm,2020-12-30,NASDAQ,CDAK,exoIL-12,1,cutaneous T cell lymphoma,,False,
0001558370-20-014582,0001579428,2020-12-31,"Axsome Therapeutics, Inc.  (AXSM)  (CIK 0001579428)",axsm-20201231xex99d1.htm,2020-12-31,NASDAQ,AXSM,AXS-07,3,migraine,MOVEMENT,False,
0001564590-21-000167,0001339970,2021-01-04,aTYR PHARMA INC  (ATYR)  (CIK 0001339970),life-8k_20210104.htm,2021-01-04,Nasdaq,LIFE,ATYR1923,2,COVID-19,,False,
0001193125-21-000213,0001496671,2021-01-04,"Calithera Biosciences, Inc.  (CALA)  (CIK 0001496671)",d34379d8k.htm,2021-01-04,Nasdaq,CALA,telaglenastat,,renal cell carcinoma,CANTATA,False,NCT03428217
0001193125-21-000349,0001807901,2021-01-04,"Pandion Therapeutics, Inc.  (CIK 0001807901)",d78635d8k.htm,2021-01-04,Nasdaq,PAND,PT101,1a,"ulcerative colitis, systemic lupus erythematosus, and other autoimmune diseases",,False,
0001628280-21-000035,0001534120,2021-01-05,Cerecor Inc.  (AVTX)  (CIK 0001534120),cerc-20210105.htm,2021-01-05,NASDAQ,CERC,CERC-002,2,COVID-19 associated pneumonia and mild-to-moderate acute respiratory distress syndrome,NCT04412057,False,NCT04412057
0001739614-21-000002,0001739614,2021-01-05,"Inhibrx, Inc.  (CIK 0001739614)",exhibit991pressrelease1520.htm,2021-01-05,,,INBRX-106,1,solid tumors,,False,
0001564590-21-000577,0000873303,2021-01-07,"Sarepta Therapeutics, Inc.  (SRPT)  (CIK 0000873303)",srpt-8k_20210107.htm,2021-01-07,NASDAQ,SRPT,SRP-9001,,Duchenne muscular dystrophy,Study 102,False,
0001193125-21-003740,0001341235,2021-01-07,"Aldeyra Therapeutics, Inc.  (ALDX)  (CIK 0001341235)",d109230dex991.htm,2021-01-07,Nasdaq,ALDX,,3,Dry Eye Disease,TRANQUILITY,False,NCT03709121
0000950170-21-000003,0001515673,2021-01-08,Ultragenyx Pharmaceutical Inc.  (RARE)  (CIK 0001515673),rare-20210108-ex99_1.htm,2021-01-08,NASDAQ,RARE,DTX401 and DTX301,1/2,Glycogen Storage Disease Type Ia (GSDIa) and ornithine transcarbamylase (OTC) deficiency,,False,
0001213900-21-001061,0001728328,2021-01-08,InMed Pharmaceuticals Inc.  (INM)  (CIK 0001728328),ea132946-8k_inmedpharma.htm,2021-01-08,NASDAQ,INM,INM-755,1,Epidermolysis Bullosa,755-102-HV,False,
0001104659-21-003258,0001535955,2021-01-12,Lipocine Inc.  (LPCN)  (CIK 0001535955),tm212885d1_8k.htm,2021-01-12,NASDAQ,LPCN,LPCN 1144,2,non-alcoholic steatohepatitis (NASH),LiFT,False,NCT04134091;NCT04685993
0001104659-21-003903,0001082554,2021-01-13,UNITED THERAPEUTICS Corp  (UTHR)  (CIK 0001082554),tm213040d1_8k.htm,2021-01-13,Nasdaq,UTHR,Tyvaso,,pulmonary hypertension associated with interstitial lung disease (PH-ILD),INCREASE,False,
0001193125-21-008664,0001001233,2021-01-14,"SANGAMO THERAPEUTICS, INC  (SGMO)  (CIK 0001001233)",d848448d8k.htm,,,,giroctocogene fitelparvovec (SB-525),1/2,severe hemophilia A,Alta,True,
0001493152-21-001128,0000764195,2021-01-15,VBI Vaccines Inc/BC  (VBIVQ)  (CIK 0000764195),ex99-1.htm,2021-01-15,Nasdaq,VBIV,3-antigen Hepatitis B virus (HBV) vaccine,4,Hepatitis B,,False,
0001493152-21-001207,0000908259,2021-01-15,MATEON THERAPEUTICS INC  (OTLC)  (CIK 0000908259),ex99-2.htm,2020-12-13,OTCQB,MATN,ARTIVeda,,COVID-19,ARTI-19,False,
0001193125-21-009703,0001175505,2021-01-15,"FIVE PRIME THERAPEUTICS, INC.  (CIK 0001175505)",d77467dex991.htm,2021-01-15,NASDAQ,FPRX,bemarituzumab,2,gastric or gastroesophageal junction (GEJ) cancer,FIGHT,False,
0001628280-21-000474,0001213037,2021-01-15,"Cardiff Oncology, Inc.  (CRDF)  (CIK 0001213037)",a991ex011521.htm,2021-01-15,Nasdaq,CRDF,onvansertib,1b,KRAS-mutated metastatic colorectal cancer (mCRC),,True,NCT03829410;NCT04446793
0001193125-21-010065,0001403752,2021-01-15,Zymeworks Inc.  (CIK 0001403752),d20680d8k.htm,2021-01-15,NYSE,ZYME,zanidatamab,1,HER2-expressing biliary tract cancer (BTC) and gastroesophageal adenocarcinoma (GEA),,True,NCT03929666;NCT04466891
0001558370-21-000248,0001557746,2021-01-19,"Aclaris Therapeutics, Inc.  (ACRS)  (CIK 0001557746)",acrs-20210119x8k.htm,2021-01-19,,,ATI-450,,rheumatoid arthritis,ATI-450-RA-201,False,
0001694665-21-000006,0001694665,2021-01-20,"Evelo Biosciences, Inc.  (EVLO)  (CIK 0001694665)",corporateslidepresentant.htm,2021-01-20,,,EDP1815,1b,atopic dermatitis,,False,
0001493152-21-001497,0001360214,2021-01-21,"HARROW HEALTH, INC.  (HROW, HROWL, HROWM)  (CIK 0001360214)",ex99-1.htm,,,,SURF-201,2,post-cataract surgery pain and inflammation,,False,
0001213900-21-003480,0001711754,2021-01-21,"Inmune Bio, Inc.  (INMB)  (CIK 0001711754)",ea133728ex99-1_inmunebio.htm,2021-01-21,Nasdaq,INMB,XPro1595,1b,Alzheimer’s disease,,False,
0001193125-21-017705,0001439222,2021-01-26,"AGIOS PHARMACEUTICALS, INC.  (AGIO)  (CIK 0001439222)",d25276d8k.htm,2021-01-26,Nasdaq,AGIO,mitapivat,3,Pyruvate Kinase Deficiency,ACTIVATE-T,False,
0001104659-21-007791,0000850261,2021-01-27,"Sorrento Therapeutics, Inc.  (SRNE)  (CIK 0000850261)",tm214308d1_ex99-1.htm,2021-01-26,Nasdaq,SRNE,COVI-MSC™,1b,COVID-19-induced acute respiratory distress (ARD) or acute respiratory distress syndrome (ARDS),PSC-CP-004,False,NCT04486001
0001169245-21-000002,0001169245,2021-01-27,PhaseBio Pharmaceuticals Inc  (PHASQ)  (CIK 0001169245),ex991-12721.htm,2021-01-27,Nasdaq,PHAS,pemziviptadil (PB1046),1b/2a,pulmonary arterial hypertension (PAH),,False,
0001387131-21-001313,0000887247,2021-01-28,Adamis Pharmaceuticals Corp  (DMKPQ)  (CIK 0000887247),admp-8k_012821.htm,2021-01-28,NASDAQ,ADMP,Tempol,,COVID-19,,False,
0001104659-21-008759,0000895051,2021-01-28,"CASI Pharmaceuticals, Inc.  (CIK 0000895051)",tm214502d1_ex99-1.htm,2021-01-28,Nasdaq,CASI,BI-1206,I/IIa,indolent relapsed or refractory B-cell non-Hodgkin's lymphoma (NHL),,False,
0001193125-21-019488,0001403752,2021-01-28,Zymeworks Inc.  (CIK 0001403752),d42843d8k.htm,2021-01-27,NYSE,ZYME,ZW49,1,HER2-positive cancer,,False,
0001651308-21-000017,0001651308,2021-01-28,"BeiGene, Ltd.  (BGNE, BEIGF)  (CIK 0001651308)",bgne-20210127.htm,2021-01-27,NASDAQ,BGNE,tislelizumab,3,advanced unresectable or metastatic esophageal squamous cell carcinoma (ESCC),RATIONALE 302,False,NCT03358875;NCT03412773;NCT03419897;NCT03430843;NCT03594747;NCT03663205;NCT03736889;NCT03777657;NCT03783442;NCT03924986;NCT03957590;NCT03967977;NCT04005716;NCT04379635;NCT04486391
0001193125-21-020756,0001706431,2021-01-28,"Vir Biotechnology, Inc.  (VIR)  (CIK 0001706431)",d54514d8k.htm,2021-01-26,Nasdaq,VIR,VIR-3434,1,chronic hepatitis B virus infection,,False,
0001564590-21-003223,0001595893,2021-01-29,"Turning Point Therapeutics, Inc.  (CIK 0001595893)",tptx-8k_20210129.htm,2021-01-29,NASDAQ,TPTX,repotrectinib,2,ROS1-positive TKI-naïve non-small cell lung cancer,TRIDENT-1,True,
0001493152-21-002160,0001582554,2021-02-01,"Matinas BioPharma Holdings, Inc.  (MTNB)  (CIK 0001582554)",ex99-1.htm,2021-02-01,NYSE AMER,MTNB,LYPDISO,3,hypertriglyceridemia,ENHANCE-IT,False,
0001493152-21-002340,0000908259,2021-02-02,MATEON THERAPEUTICS INC  (OTLC)  (CIK 0000908259),ex99-1.htm,2021-02-02,OTCQB,MATN,ARTIVeda/PulmoHeal,,COVID-19,ARTI-19,False,
0001564590-21-003678,0001082038,2021-02-02,DURECT CORP  (DRRX)  (CIK 0001082038),drrx-ex991_6.htm,2021-02-02,Nasdaq,DRRX,POSIMIR,,post-surgical pain,,False,
0001213900-21-005970,0001739174,2021-02-02,"BiomX Inc.  (PHGE, PHGEW, PHGE-UN)  (CIK 0001739174)",ea134397-8k_biomxinc.htm,2021-02-02,NYSE American,PHGE,BX002,1a,inflammatory bowel disease (IBD) and primary sclerosing cholangitis (PSC),,False,
0001437749-21-001804,0000072444,2021-02-03,"Vaxart, Inc.  (VXRT)  (CIK 0000072444)",ex_223998.htm,2021-02-03,NASDAQ,VXRT,VXA-CoV2-1,1,COVID-19,,False,NCT04563702
0001140361-21-003255,0001472091,2021-02-03,PDS Biotechnology Corp  (PDSB)  (CIK 0001472091),brhc10019666_ex99-1.htm,2021-02-03,Nasdaq,PDSB,PDS0101,2,advanced human papillomavirus (HPV)-associated cancers,,False,
0001104659-21-013630,0001178879,2021-02-08,"AMICUS THERAPEUTICS, INC.  (FOLD)  (CIK 0001178879)",tm215748d1_8k.htm,2021-02-08,Nasdaq,FOLD,AT-GTX-502,1/2,CLN3 Batten disease,,False,
0001193125-21-031585,0001681087,2021-02-08,"AVROBIO, Inc.  (TECX)  (CIK 0001681087)",d106770dex991.htm,2021-02-08,Nasdaq,AVRO,AVR-RD-01,2,Fabry disease,FAB-GT,False,NCT03454893;NCT03897361;NCT04145037
0001493152-21-003017,0001360214,2021-02-09,"HARROW HEALTH, INC.  (HROW, HROWL, HROWM)  (CIK 0001360214)",form8-k.htm,2021-02-09,NASDAQ,HROW,MELT,1,cataract surgery,,False,
0001553350-21-000101,0001476963,2021-02-09,"HEAT BIOLOGICS, INC.  (SCPX)  (CIK 0001476963)",htbx_8k.htm,2021-02-09,NASDAQ,HTBX,HS-110,2,non-small cell lung cancer,,False,
0001654954-21-001339,0001719406,2021-02-09,"Big Rock Partners Acquisition Corp.  (NRXP, NRXPW)  (CIK 0001719406)",brpa_8k.htm,2021-02-09,SIX,RLF,ZYESAMI,2b/3,COVID-19,,False,
0001193125-21-033294,0001748907,2021-02-09,Orchard Therapeutics plc  (CIK 0001748907),d100234d8k.htm,2021-02-09,Nasdaq,ORTX,OTL-203,,Mucopolysaccharidosis Type I Hurler Syndrome,,False,
0001564590-21-005408,0001069308,2021-02-11,Acer Therapeutics Inc.  (CIK 0001069308),acer-8k_20210211.htm,2021-02-11,Nasdaq,ACER,ACER-001,,urea cycle disorders,,False,
0001104659-21-020661,0001178879,2021-02-11,"AMICUS THERAPEUTICS, INC.  (FOLD)  (CIK 0001178879)",tm216326d1_8k.htm,2021-02-11,Nasdaq,FOLD,AT-GAA,3,late-onset Pompe disease,PROPEL,False,NCT03911505
0001628280-21-001908,0001213037,2021-02-11,"Cardiff Oncology, Inc.  (CRDF)  (CIK 0001213037)",a991ex021121.htm,2021-02-11,Nasdaq,CRDF,onvansertib,2,metastatic castrate-resistant prostate cancer,,True,NCT03414034
0001193125-21-037721,0001633932,2021-02-11,ESSA Pharma Inc.  (EPIX)  (CIK 0001633932),d114076dex991.htm,2021-02-11,NASDAQ,EPIX,EPI-7386,1,metastatic castration-resistant prostate cancer,,False,NCT04421222
0001493152-21-003569,0000318306,2021-02-12,ABEONA THERAPEUTICS INC.  (ABEO)  (CIK 0000318306),ex99-1.htm,2021-02-12,Nasdaq,ABEO,ABO-102 and ABO-101,1/2,MPS IIIA and MPS IIIB,Transpher A and Transpher B,True,NCT02716246;NCT03315182
0001714899-21-000018,0001714899,2021-02-12,Denali Therapeutics Inc.  (DNLI)  (CIK 0001714899),ex991pressrelease2122021.htm,2021-02-12,NASDAQ,DNLI,ETV:IDS (DNL310),1/2,Hunter syndrome (MPS II),,True,
0001564590-21-005752,0001746466,2021-02-12,"Equillium, Inc.  (EQ)  (CIK 0001746466)",eq-8k_20210212.htm,2021-02-12,Nasdaq,EQ,itolizumab,2,acute graft-versus-host disease,EQUATE,False,
0001437749-21-002896,0001053691,2021-02-16,Diffusion Pharmaceuticals Inc.  (CRVO)  (CIK 0001053691),ex_226666.htm,2021-02-16,NASDAQ,DFFN,trans sodium crocetinate,1b,COVID-19,,False,
0001615219-21-000017,0001615219,2021-02-17,"Salarius Pharmaceuticals, Inc.  (SLRX)  (CIK 0001615219)",slrxpr02172021.htm,2021-02-17,Nasdaq,SLRX,seclidemstat,1/2,Ewing sarcoma,,False,
0001193805-21-000241,0001280776,2021-02-18,"IMMUNIC, INC.  (IMUX)  (CIK 0001280776)",e620306_8k-immunic.htm,2021-02-17,Nasdaq,IMUX,IMU-838,2,COVID-19,CALVID-1,False,NCT04379271
0001140361-21-005422,0001104506,2021-02-19,INSMED Inc  (INSM)  (CIK 0001104506),brhc10020565_8k.htm,2021-02-19,Nasdaq,INSM,treprostinil palmitil inhalation powder,1,pulmonary arterial hypertension,,False,
0001193125-21-049866,0001493566,2021-02-22,"OTONOMY, INC.  (CIK 0001493566)",d91016dex991.htm,2021-02-22,Nasdaq,OTIC,OTIVIDEX,3,Ménière’s disease,OTIVIDEX Phase 3 trial,False,
0001193125-21-050730,0001703647,2021-02-22,"Frequency Therapeutics, Inc.  (KRRO)  (CIK 0001703647)",d135631dex991.htm,2021-02-22,Nasdaq,FREQ,FX-322,1/2,acquired sensorineural hearing loss,FX-322 Phase 1/2 study,False,
0001558370-21-001407,0001006281,2021-02-23,"Protalix BioTherapeutics, Inc.  (PLX)  (CIK 0001006281)",plx-20210223x8k.htm,2021-02-23,NYSE American,PLX,pegunigalsidase alfa (PRX-102),3,Fabry disease,BRIGHT,True,
0001654954-21-002007,0001719406,2021-02-24,"Big Rock Partners Acquisition Corp.  (NRXP, NRXPW)  (CIK 0001719406)",brpa_8k.htm,2021-02-23,NASDAQ,BRPA,ZYESAMI (aviptadil),2b/3,Covid-19,,False,NCT04311697
0001171843-21-001346,0000882796,2021-02-25,BIOCRYST PHARMACEUTICALS INC  (BCRX)  (CIK 0000882796),exh_991.htm,2021-02-25,Nasdaq,BCRX,ORLADEYO (berotralstat),,hereditary angioedema,APeX-2,False,
0001213900-21-012199,0001822791,2021-02-26,"Clene Inc.  (CLNN, CLNNW)  (CIK 0001822791)",ea136662-8k_cleneinc.htm,2021-01-27,,,CNM-Au8,2,Relapsing MS,REPAIR-MS,True,
0001493152-21-005160,0000908259,2021-03-02,MATEON THERAPEUTICS INC  (OTLC)  (CIK 0000908259),ex99-1.htm,2021-03-01,OTCQB,MATN,PulmoHeal,,COVID-19,ARTI-19,False,
0001564590-21-010309,0001080709,2021-03-02,ARENA PHARMACEUTICALS INC  (CIK 0001080709),arna-8k_20210302.htm,2021-03-02,Nasdaq,ARNA,olorinab,2b,Irritable Bowel Syndrome,CAPTIVATE,False,NCT04043455
0001104659-21-031198,0001372299,2021-03-03,"Ocugen, Inc.  (OCGN)  (CIK 0001372299)",tm218561d1_ex99-1.htm,2021-03-03,NASDAQ,OCGN,COVAXIN,3,COVID-19,,False,
0001193125-21-068571,0000318154,2021-03-04,AMGEN INC  (AMGN)  (CIK 0000318154),d151856d8k.htm,2021-03-04,NASDAQ,AMGN,bemarituzumab,2,gastric or gastroesophageal junction cancer,FIGHT,True,
0001193125-21-068593,0001175505,2021-03-04,"FIVE PRIME THERAPEUTICS, INC.  (CIK 0001175505)",d77427d8k.htm,2021-03-04,Nasdaq,AMGN,bemarituzumab,2,gastric or gastroesophageal junction (GEJ) cancer,FIGHT,False,
0001193125-21-073448,0001175680,2021-03-08,CytoDyn Inc.  (CYDY)  (CIK 0001175680),d145217dex991.htm,2021-03-04,,,Leronlimab (PRO 140),,COVID-19,CD12_COVID-19,False,
0001370053-21-000022,0001370053,2021-03-08,"ANAPTYSBIO, INC  (ANAB)  (CIK 0001370053)",anab-20210308.htm,2021-03-08,Nasdaq,ANAB,imsidolimab,2,moderate-to-severe palmoplantar pustulosis (PPP),POPLAR,False,
0001140361-21-008429,0001228627,2021-03-15,"Ocuphire Pharma, Inc.  (OCUP)  (CIK 0001228627)",nt10021594x4_ex99-2.htm,2021-03-15,Nasdaq,OCUP,Nyxol,3,pharmacologically induced mydriasis,MIRA-2,False,NCT04620213;NCT04638660;NCT04675151;NCT04692688
0001293971-21-000020,0001293971,2021-03-15,"bluebird bio, Inc.  (BLUE)  (CIK 0001293971)",exhibit99120210315.htm,2021-03-15,Nasdaq,BLUE,"elivaldogene autotemcel (eli-cel, Lenti-D™)",2/3,cerebral adrenoleukodystrophy (CALD),Starbeam study (ALD-102),True,NCT01896102
0001564590-21-013011,0001339970,2021-03-15,aTYR PHARMA INC  (ATYR)  (CIK 0001339970),life-8k_20210315.htm,2021-03-15,Nasdaq,LIFE,ATYR1923,2,COVID-19,,False,
0001213900-21-015425,0001553643,2021-03-15,"RELMADA THERAPEUTICS, INC.  (RLMD)  (CIK 0001553643)",ea137710ex99-1_relmada.htm,,,,REL-1017,,human abuse potential,REL-1017-120,False,
0001193125-21-081556,0001707502,2021-03-15,Solid Biosciences Inc.  (SLDB)  (CIK 0001707502),d143986d8k.htm,2021-03-15,Nasdaq,SLDB,SGT-001,1/2,Duchenne muscular dystrophy,IGNITE DMD,False,
0001104659-21-035910,0001709401,2021-03-15,"Rubius Therapeutics, Inc.  (CIK 0001709401)",tm219672d2_8k.htm,2021-03-15,Nasdaq,RUBY,RTX-240,1/2,advanced solid tumors,,False,
0001564590-21-013009,0001746466,2021-03-15,"Equillium, Inc.  (EQ)  (CIK 0001746466)",eq-8k_20210315.htm,2021-03-15,Nasdaq,EQ,itolizumab,,acute graft-versus-host disease,EQUATE,False,
0001564590-21-013008,0001800315,2021-03-15,"Galecto, Inc.  (GLTO)  (CIK 0001800315)",glto-ex991_6.htm,2021-03-15,Nasdaq,GLTO,GB0139,2b,Idiopathic Pulmonary Fibrosis,GALACTIC-1,False,
0001104659-21-038365,0000861838,2021-03-18,"IDERA PHARMACEUTICALS, INC.  (CIK 0000861838)",tm2110123d1_8k.htm,2021-03-18,Nasdaq,IDRA,tilsotolimod,3,anti-PD-1 refractory advanced melanoma,ILLUMINATE-301,False,
0001193125-21-084866,0001597553,2021-03-18,"Sage Therapeutics, Inc.  (SAGE)  (CIK 0001597553)",d106893d8k.htm,2020-03-17,Nasdaq,SAGE,zuranolone,3,major depressive disorder,SHORELINE,False,
0001104659-21-038870,0000707511,2021-03-19,REGENERX BIOPHARMACEUTICALS INC  (RGRX)  (CIK 0000707511),tm2110350d1_8k.htm,2021-03-18,OTCQB,RGRX,RGN-259,3,dry eye syndrome,ARISE-3,False,
0001171843-21-001951,0000882796,2021-03-22,BIOCRYST PHARMACEUTICALS INC  (BCRX)  (CIK 0000882796),exh_991.htm,2021-03-22,Nasdaq,BCRX,BCX9930,,paroxysmal nocturnal hemoglobinuria,,False,
0001104659-21-039392,0001509745,2021-03-22,"LEAP THERAPEUTICS, INC.  (LPTX)  (CIK 0001509745)",tm2110451d1_8k.htm,2021-03-22,Nasdaq,LPTX,DKN-01,2,advanced gynecological malignancies,P204,False,
0001104659-21-039696,0001744659,2021-03-22,"Akero Therapeutics, Inc.  (AKRO)  (CIK 0001744659)",tm219778d2_8k.htm,2021-03-22,Nasdaq,AKRO,efruxifermin (EFX),2a,cirrhotic nonalcoholic steatohepatitis (NASH),BALANCED,False,
0001126234-21-000036,0001126234,2021-03-23,"LUMOS PHARMA, INC.  (LUMO)  (CIK 0001126234)",lumo-20210320x8kxex991.htm,2021-03-20,NASDAQ,LUMO,LUM-201,,pediatric growth hormone deficiency,,False,
0001193125-21-091865,0001711279,2021-03-24,"Krystal Biotech, Inc.  (KRYS)  (CIK 0001711279)",d119783dex991.htm,2021-03-24,NASDAQ,KRYS,KB301,1,aesthetic skin conditions,PEARL-1,False,NCT04540900
0001564590-21-014963,0001751299,2021-03-24,"Kaleido Biosciences, Inc.  (KLDO)  (CIK 0001751299)",kldo-ex992_106.htm,2021-03-24,Nasdaq,KLDO,KB109,,mild-to-moderate COVID-19,,False,
0001214659-21-003517,0001293310,2021-03-29,"HUMANIGEN, INC  (CIK 0001293310)",ex99_1.htm,2021-04-01,Nasdaq,HGEN,lenzilumab,3,COVID-19,,False,
0001193125-21-098276,0001631574,2021-03-29,Wave Life Sciences Ltd.  (WVE)  (CIK 0001631574),d28637dex991.htm,2021-03-29,Nasdaq,WVE,WVE-120102 and WVE-120101,1b/2a,Huntington’s disease,PRECISION-HD2 and PRECISION-HD1,False,
0001193125-21-098947,0001706431,2021-03-30,"Vir Biotechnology, Inc.  (VIR)  (CIK 0001706431)",d118531d8k.htm,2021-03-26,Nasdaq,VIR,VIR-7831,3,COVID-19,COMET-ICE,False,
0001564590-21-016669,0001746466,2021-03-30,"Equillium, Inc.  (EQ)  (CIK 0001746466)",eq-8k_20210330.htm,2021-03-30,Nasdaq,EQ,itolizumab,1b,systemic lupus erythematosus,EQUALISE,False,
0001193125-21-103232,0001326190,2021-04-01,"Altimmune, Inc.  (ALT)  (CIK 0001326190)",d148089d8k.htm,2021-04-01,Nasdaq,ALT,NasoShield,1b,anthrax,,False,
0001654954-21-003700,0001604191,2021-04-01,"AzurRx BioPharma, Inc.  (ENTO)  (CIK 0001604191)",azrx8k_03312021.htm,2021-03-31,Nasdaq,AZRX,MS1819,2b,cystic fibrosis (CF) patients with exocrine pancreatic insufficiency (EPI),OPTION 2,False,
0001104659-21-046642,0001133818,2021-04-05,BIO-PATH HOLDINGS INC  (BPTH)  (CIK 0001133818),tm2112205d1_ex99-1.htm,2021-04-05,Nasdaq,BPTH,prexigebersen (BP1001),2,acute myeloid leukemia (AML),,False,
0001564590-21-017609,0001595893,2021-04-05,"Turning Point Therapeutics, Inc.  (CIK 0001595893)",tptx-8k_20210405.htm,2021-04-05,The Nasdaq Stock Market LLC,TPTX,TPX-0046,1/2,non-small cell lung cancer (NSCLC) and medullary thyroid carcinoma (MTC),SWORD-1,False,
0001157523-21-000429,0001727196,2021-04-06,Scholar Rock Holding Corp  (SRRK)  (CIK 0001727196),a52406941.htm,2021-04-06,Nasdaq,SRRK,apitegromab (SRK-015),2,Type 2 and Type 3 spinal muscular atrophy (SMA),TOPAZ,True,NCT03921528
0001193125-21-112437,0001597553,2021-04-12,"Sage Therapeutics, Inc.  (SAGE)  (CIK 0001597553)",d168581d8k.htm,2021-04-12,Nasdaq,"SAGE, BIIB",SAGE-324,2,essential tremor (ET),KINETIC,False,
0001651308-21-000068,0001651308,2021-04-12,"BeiGene, Ltd.  (BGNE, BEIGF)  (CIK 0001651308)",bgne-20210411.htm,2021-04-11,Nasdaq,BGNE,sitravatinib and tislelizumab,1b,unresectable or metastatic melanoma and advanced platinum-resistant ovarian cancer,NCT03666143,False,NCT03358875;NCT03412773;NCT03419897;NCT03430843;NCT03594747;NCT03663205;NCT03666143;NCT03736889;NCT03777657;NCT03783442;NCT03924986;NCT03957590;NCT03967977;NCT04004221;NCT04005716;NCT04379635;NCT04486391
0001193125-21-112486,0001808865,2021-04-12,"iTeos Therapeutics, Inc.  (ITOS)  (CIK 0001808865)",d166644d8k.htm,2021-04-10,Nasdaq,ITOS,EOS-448,1,advanced solid tumors,,False,
0001104659-21-049830,0001034842,2021-04-13,RIGEL PHARMACEUTICALS INC  (RIGL)  (CIK 0001034842),tm2112882d1_8k.htm,2021-04-13,Nasdaq,RIGL,fostamatinib,2,COVID-19,,False,
0001193125-21-114845,0001682852,2021-04-13,"Moderna, Inc.  (MRNA)  (CIK 0001682852)",d113560dex991.htm,2020-04-13,Nasdaq,MRNA,mRNA-1273,3,COVID-19,COVE,True,
0001193125-21-113977,0001704292,2021-04-13,Zai Lab Ltd  (ZLAB)  (CIK 0001704292),d138538dex991.htm,2021-04-13,NASDAQ,ZLAB,Tumor Treating Fields (TTFields),3,stage 4 non-small cell lung cancer (NSCLC),LUNAR,False,
0001213900-21-021302,0001721484,2021-04-13,Longeveron Inc.  (LGVN)  (CIK 0001721484),ea139451ex99-1_longeveron.htm,2021-04-13,NASDAQ,LGVN,Lomecel-B,1,Alzheimer’s disease,,True,
0001789769-21-000009,0001789769,2021-04-13,"Instil Bio, Inc.  (TIL)  (CIK 0001789769)",instilbio-8xkxitem80141221.htm,2021-04-13,Nasdaq,TIL,,,Metastatic Melanoma,,False,
0001493152-21-008601,0001799788,2021-04-13,"Greenwich LifeSciences, Inc.  (GLSI)  (CIK 0001799788)",ex99-1.htm,2021-04-09,Nasdaq,GLSI,GP2,2b,Metastatic breast cancer,,True,
0001564590-21-018749,0001527599,2021-04-14,"SYNLOGIC, INC.  (SYBX)  (CIK 0001527599)",d156442dex992.htm,2021-04-13,Nasdaq,SYBX,SYNB1618,1,Phenylketonuria (PKU),,False,NCT04534842
0001558370-21-004378,0001001316,2021-04-16,"TG THERAPEUTICS, INC.  (TGTX)  (CIK 0001001316)",tgtx-20210416x8k.htm,2021-04-16,NASDAQ,TGTX,ublituximab,3,relapsing forms of multiple sclerosis (RMS),ULTIMATE I & II,False,NCT03277248;NCT03277261
0001104659-21-051624,0001012477,2021-04-19,AVADEL PHARMACEUTICALS PLC  (AVDL)  (CIK 0001012477),tm2113322d1_ex99-1.htm,2021-04-17,Nasdaq,AVDL,FT218,3,excessive daytime sleepiness and cataplexy in adults with narcolepsy,REST-ON,True,
0001214659-21-004353,0001293310,2021-04-20,"HUMANIGEN, INC  (CIK 0001293310)",ex99_1.htm,2021-04-19,Nasdaq,HGEN,lenzilumab,1b,diffuse large B-cell lymphoma,ZUMA-19,False,
0001561743-21-000026,0001561743,2021-04-20,"Kindred Biosciences, Inc.  (CIK 0001561743)",kin-20210420.htm,2021-04-20,NASDAQ,KIN,KIND-039,,,,False,
0001493152-21-009378,0000908259,2021-04-21,"Oncotelic Therapeutics, Inc.  (OTLC)  (CIK 0000908259)",ex99-1.htm,2021-04-20,OTCQB,OTLC,PulmoHeal,,COVID-19,ARTI-19,False,
0001104659-21-053355,0001372299,2021-04-22,"Ocugen, Inc.  (OCGN)  (CIK 0001372299)",tm2113722d1_ex99-1.htm,2021-04-21,NASDAQ,OCGN,COVAXIN,3,COVID-19,,False,
0001193125-21-125592,0001445283,2021-04-22,"YUMANITY THERAPEUTICS, INC.  (KA)  (CIK 0001445283)",d113067dex991.htm,2021-04-22,Nasdaq,YMTX,YTX-7739,1a,Parkinson’s disease,,False,
0000819050-21-000055,0000819050,2021-04-23,"Brickell Biotech, Inc.  (FRTX)  (CIK 0000819050)",a202104238kex991.htm,2021-04-23,Nasdaq,BBI,sofpironium bromide gel,3,primary axillary hyperhidrosis,ARGYLE,False,NCT03836287;NCT03948646
0001193125-21-132903,0001341235,2021-04-27,"Aldeyra Therapeutics, Inc.  (ALDX)  (CIK 0001341235)",d39940d8k.htm,2021-04-27,Nasdaq,ALDX,reproxalap,3,allergic conjunctivitis,INVIGORATE,False,
0001651308-21-000077,0001651308,2021-04-28,"BeiGene, Ltd.  (BGNE, BEIGF)  (CIK 0001651308)",bgne-20210428.htm,2021-04-28,Nasdaq,BGNE,BRUKINSA,3,chronic lymphocytic leukemia or small lymphocytic lymphoma,ALPINE,False,NCT03734016
0001213900-21-023409,0001158780,2021-04-29,PLURISTEM THERAPEUTICS INC  (PLUR)  (CIK 0001158780),ea140095-8k_pluristem.htm,2021-04-29,Nasdaq,PSTI,PLX-R18,,incomplete hematopoietic recovery following hematopoietic cell transplantation,,False,
0001104659-21-056913,0001346830,2021-04-29,"Cara Therapeutics, Inc.  (CARA)  (CIK 0001346830)",tm2114554d1_8k.htm,2021-04-29,Nasdaq,CARA,Oral KORSUVA,2,atopic dermatitis,KARE,False,
0001193125-21-140479,0001783183,2021-04-29,"Phathom Pharmaceuticals, Inc.  (PHAT)  (CIK 0001783183)",d144736d8k.htm,2021-04-29,Nasdaq,PHAT,vonoprazan,3,Helicobacter pylori infection,PHALCON-HP,False,
0001564590-21-022707,0000873303,2021-05-03,"Sarepta Therapeutics, Inc.  (SRPT)  (CIK 0000873303)",srpt-ex991_24.htm,2021-05-03,NASDAQ,SRPT,SRP-5051,2,Duchenne muscular dystrophy,MOMENTUM,False,
0001493152-21-010348,0000876343,2021-05-03,"Lineage Cell Therapeutics, Inc.  (LCTX)  (CIK 0000876343)",ex99-1.htm,2021-05-03,NYSE American,LCTX,OpRegen,1/2a,dry age-related macular degeneration,,True,
0001193125-21-146721,0001505512,2021-05-03,Regulus Therapeutics Inc.  (RGLS)  (CIK 0001505512),d176635d8k.htm,2021-05-03,Nasdaq,RGLS,RGLS4326,1b,autosomal dominant polycystic kidney disease,,False,
0001104659-21-060677,0001509261,2021-05-04,"Rezolute, Inc.  (RZLT)  (CIK 0001509261)",tm2115088d1_8k.htm,2021-05-04,Nasdaq,RZLT,RZ402,1a,diabetic macular edema,RZ402-101,False,
0001193125-21-152744,0001273636,2021-05-06,APPLIED GENETIC TECHNOLOGIES CORP  (CIK 0001273636),d418940dex991.htm,2021-05-06,Nasdaq,AGTC,XLRP product candidate,1/2,X-linked retinitis pigmentosa,,False,
0001493152-21-010840,0001076682,2021-05-10,"POLARITYTE, INC.  (RGTPQ)  (CIK 0001076682)",ex99-1.htm,2021-05-10,Nasdaq,PTE,SkinTE,,Diabetic Foot Ulcers,NCT03881254,False,NCT03881254
0001564590-21-026328,0001419600,2021-05-11,Flexion Therapeutics Inc  (CIK 0001419600),flxn-8k_20210511.htm,,,,FX201,1,Osteoarthritis,NCT04119687,False,NCT04119687
0001213900-21-025557,0001721484,2021-05-11,Longeveron Inc.  (LGVN)  (CIK 0001721484),ea140654ex99-1_longeveron.htm,,,,Lomecel-B,1,Alzheimer’s disease,,False,
0001564590-21-026261,0001748907,2021-05-11,Orchard Therapeutics plc  (CIK 0001748907),ortx-ex991_8.htm,2021-05-11,Nasdaq,ORTX,OTL-101,1/2,adenosine deaminase severe combined immunodeficiency (ADA-SCID),,False,
0001493152-21-011082,0000764195,2021-05-12,VBI Vaccines Inc/BC  (VBIVQ)  (CIK 0000764195),ex99-1.htm,2021-05-12,Nasdaq,VBIV,3-antigen hepatitis B vaccine candidate,3,hepatitis B,PROTECT,False,
0001171843-21-003417,0001629137,2021-05-12,"Global Blood Therapeutics, Inc.  (CIK 0001629137)",exh_991.htm,2021-05-12,NASDAQ,GBT,Oxbryta (voxelotor),2a,sickle cell disease,HOPE-KIDS 1,False,
0001193125-21-159128,0001690585,2021-05-12,"Magenta Therapeutics, Inc.  (DNTH)  (CIK 0001690585)",d541436dex992.htm,2021-05-12,Nasdaq,MGTA,MGTA-145,2,multiple myeloma,,False,
0001636050-21-000053,0001636050,2021-05-13,Sio Gene Therapies Inc.  (CIK 0001636050),siox8k_05132021ex-991.htm,2021-05-13,NASDAQ,SIOX,AXO-AAV-GM1,1/2,GM1 gangliosidosis,,True,NCT03952637
0001104659-21-066769,0000707511,2021-05-14,REGENERX BIOPHARMACEUTICALS INC  (RGRX)  (CIK 0000707511),tm2116521d1_ex99-1.htm,2021-05-14,OTCQB,RGRX,RGN-259,3,dry eye syndrome,ARISE-3,False,
0000950170-21-000231,0001515673,2021-05-14,Ultragenyx Pharmaceutical Inc.  (RARE)  (CIK 0001515673),rare-20210514-ex99_1.htm,2021-05-14,NASDAQ,RARE,DTX401 and DTX301,1/2,Glycogen Storage Disease Type Ia and Ornithine Transcarbamylase Deficiency,,True,
0001136261-21-000066,0001017491,2021-05-17,"SEELOS THERAPEUTICS, INC.  (SEEL)  (CIK 0001017491)",body8k.htm,2021-05-17,Nasdaq,SEEL,SLS-002,2,Acute Suicidal Ideation and Behavior in patients with Major Depressive Disorder,,False,
0001171843-21-003578,0001061983,2021-05-17,CYTOKINETICS INC  (CYTK)  (CIK 0001061983),f8k_051721.htm,2021-05-17,Nasdaq,CYTK,omecamtiv mecarbil,,heart failure,GALACTIC-HF,True,
0001564590-21-028550,0000873303,2021-05-18,"Sarepta Therapeutics, Inc.  (SRPT)  (CIK 0000873303)",srpt-ex991_15.htm,2021-05-18,NASDAQ,SRPT,SRP-9001,,Duchenne muscular dystrophy,ENDEAVOR,False,
0001280600-21-000042,0001280600,2021-05-19,ACCELERON PHARMA INC  (CIK 0001280600),xlrn-20210519.htm,2021-05-19,NASDAQ,XLRN,sotatercept,2,pulmonary arterial hypertension (PAH),PULSAR,False,
0001293971-21-000043,0001293971,2021-05-19,"bluebird bio, Inc.  (BLUE)  (CIK 0001293971)",exhibit99120210519.htm,2021-05-19,NYSE,BMY,Abecma (idecabtagene vicleucel),,relapsed or refractory multiple myeloma,KarMMa,False,
0001564590-21-028892,0001382101,2021-05-19,"SUTRO BIOPHARMA, INC.  (STRO)  (CIK 0001382101)",stro-ex991_6.htm,2021-05-19,NASDAQ,STRO,STRO-002,1,"advanced, progressive ovarian cancer",STRO-002-GM1,False,
0001558370-21-007554,0001621227,2021-05-19,Adaptimmune Therapeutics PLC  (ADAP)  (CIK 0001621227),adap-20210519x8k.htm,2021-05-19,Nasdaq,ADAP,afamitresgene autoleucel (afami-cel),2,synovial sarcoma,SPEARHEAD-1,False,
0001104659-21-069398,0001701541,2021-05-19,"Black Diamond Therapeutics, Inc.  (BDTX)  (CIK 0001701541)",tm2116976d1_8k.htm,2021-05-19,Nasdaq,BDTX,BDTX-189,1,advanced solid tumors harboring EGFR or HER2 alterations,MasterKey-01,False,
0001737287-21-000025,0001737287,2021-05-19,"Allogene Therapeutics, Inc.  (ALLO)  (CIK 0001737287)",allo-20210519.htm,2021-05-19,Nasdaq,ALLO,ALLO-501 and ALLO-501A,1,relapsed/refractory non-Hodgkin lymphoma,ALPHA and ALPHA2,False,
0001493152-21-012317,0000764195,2021-05-20,VBI Vaccines Inc/BC  (VBIVQ)  (CIK 0000764195),ex99-1.htm,2021-05-20,Nasdaq,VBIV,VBI-1901,2a,recurrent glioblastoma,,False,
0001564590-21-028942,0001260990,2021-05-20,"Oncternal Therapeutics, Inc.  (ONCT)  (CIK 0001260990)",onct-8k_20210519.htm,2021-05-19,Nasdaq,ONCT,cirmtuzumab and TK216,1/2,"mantle cell lymphoma, chronic lymphocytic leukemia, and Ewing sarcoma",CIRLL,True,
0001104659-21-069870,0001279704,2021-05-20,"Cellectar Biosciences, Inc.  (CLRB)  (CIK 0001279704)",tm2117124d1_ex99-1.htm,2021-05-20,NASDAQ,CLRB,CLR 131,2a,Waldenstrom’s macroglobulinemia,CLOVER-1,False,
0001104659-21-069880,0001425205,2021-05-20,"IOVANCE BIOTHERAPEUTICS, INC.  (IOVA)  (CIK 0001425205)",tm2117109d1_8k.htm,2021-05-19,NASDAQ,IOVA,lifileucel,,advanced melanoma,IOV-COM-202 and C-144-01,True,
0001140361-21-018115,0001472091,2021-05-20,PDS Biotechnology Corp  (PDSB)  (CIK 0001472091),nc10023834x3_ex99-1.htm,2021-05-20,Nasdaq,PDSB,PDS0101,2,HPV16-associated cancers,NCT04287868,False,NCT04287868
0001553350-21-000437,0001476963,2021-05-20,"HEAT BIOLOGICS, INC.  (SCPX)  (CIK 0001476963)",htbx_8k.htm,2021-05-20,Nasdaq,HTBX,HS-110,2,advanced non-small cell lung cancer,,False,
0001615219-21-000054,0001615219,2021-05-20,"Salarius Pharmaceuticals, Inc.  (SLRX)  (CIK 0001615219)",salarius-xascoabstractsrel.htm,2021-05-19,Nasdaq,SLRX,seclidemstat,1/2,Ewing sarcoma and Advanced Solid Tumor,,False,
0001293971-21-000045,0001293971,2021-05-21,"bluebird bio, Inc.  (BLUE)  (CIK 0001293971)",exhibit99120210521.htm,2021-05-21,Nasdaq,BLUE,SKYSONA,,early cerebral adrenoleukodystrophy,ALD-102,False,
0001193125-21-169953,0001426332,2021-05-24,NGM BIOPHARMACEUTICALS INC  (CIK 0001426332),d58583d8k.htm,2021-05-24,Nasdaq,NGM,aldafermin,2b,non-alcoholic steatohepatitis,ALPINE 2/3,False,
0001104659-21-071574,0001682639,2021-05-25,"EYENOVIA, INC.  (EYEN)  (CIK 0001682639)",tm2117268d1_8k.htm,2021-05-25,NASDAQ,EYEN,MicroLine,3,presbyopia,VISION-1,False,
0001564590-21-029886,0001671584,2021-05-26,Aptevo Therapeutics Inc.  (APVO)  (CIK 0001671584),apvo-ex991_6.htm,2021-05-26,NASDAQ,APVO,APVO436,1,acute myeloid leukemia and myelodysplastic syndromes,,False,NCT03647800
0001193125-21-175479,0001706431,2021-05-27,"Vir Biotechnology, Inc.  (VIR)  (CIK 0001706431)",d129136d8k.htm,2021-05-26,Nasdaq,VIR,sotrovimab,3,mild-to-moderate COVID-19,COMET-ICE,False,
0001493152-21-013131,0001695357,2021-05-28,"Provention Bio, Inc.  (CIK 0001695357)",ex99-1.htm,2021-05-27,Nasdaq,PRVB,teplizumab,,type 1 diabetes,TN-10,False,
0001493152-21-013294,0000876343,2021-06-01,"Lineage Cell Therapeutics, Inc.  (LCTX)  (CIK 0000876343)",ex99-1.htm,2021-06-01,NYSE American,LCTX,OpRegen,1/2a,age-related macular degeneration,,True,
0001104659-21-075173,0001679363,2021-06-01,"Morphic Holding, Inc.  (CIK 0001679363)",tm2118181d1_ex99-1.htm,2021-05-28,Nasdaq,MORF,MORF-057,1,inflammatory bowel disease (IBD),,True,
0001558370-21-007920,0001006281,2021-06-02,"Protalix BioTherapeutics, Inc.  (PLX)  (CIK 0001006281)",plx-20210602xex99d1.htm,2021-06-02,NYSE American,PLX,PRX-102,3,Fabry disease,BALANCE,False,
0001561743-21-000038,0001561743,2021-06-02,"Kindred Biosciences, Inc.  (CIK 0001561743)",kin-20210602.htm,2021-06-02,NASDAQ,KIN,KIND-030,,parvovirus,,False,
0001564590-21-031300,0001645666,2021-06-02,"Kezar Life Sciences, Inc.  (KZR)  (CIK 0001645666)",kzr-ex991_6.htm,2021-06-02,Nasdaq,,KZR-616,1b,systemic lupus erythematosus (SLE),MISSION,True,NCT03393013
0001387131-21-006295,0001430306,2021-06-03,Tonix Pharmaceuticals Holding Corp.  (TNXP)  (CIK 0001430306),ex99-01.htm,2021-06-02,,,TNX-102 SL,3,fibromyalgia,RELIEF,False,NCT04172831
0001104659-21-076114,0001737953,2021-06-03,"Replimune Group, Inc.  (REPL)  (CIK 0001737953)",tm2118384d1_ex99-1.htm,2021-06-03,NASDAQ,REPL,RP1,2,skin cancer,,True,
0001437749-21-014140,0001029125,2021-06-04,"Panbela Therapeutics, Inc.  (PBLA)  (CIK 0001029125)",ex_255158.htm,2021-06-04,Nasdaq,PBLA,SBP-101,1b,metastatic Pancreatic Ductal Adenocarcinoma,,False,NCT03412799
0001104659-21-076746,0001279704,2021-06-04,"Cellectar Biosciences, Inc.  (CLRB)  (CIK 0001279704)",tm2118519d1_ex99-1.htm,2021-06-04,NASDAQ,CLRB,CLR 131,2a,Waldenstrom’s Macroglobulinemia,CLOVER-1,True,
0001564590-21-031676,0001357874,2021-06-04,PRECISION BIOSCIENCES INC  (DTIL)  (CIK 0001357874),dtil-8k_20210604.htm,2021-06-04,Nasdaq,DTIL,PBCAR0191,1/2a,relapsed/refractory non-Hodgkin lymphoma,,True,NCT03666000;NCT04649112
0001079973-21-000463,0001476963,2021-06-04,"HEAT BIOLOGICS, INC.  (SCPX)  (CIK 0001476963)",ex99x1.htm,2021-06-04,Nasdaq,HTBX,HS-110,2,non-small cell lung cancer,,True,
0001651308-21-000102,0001651308,2021-06-04,"BeiGene, Ltd.  (BGNE, BEIGF)  (CIK 0001651308)",axex991x4jun2021withjdcomm.htm,2021-06-04,NASDAQ,BGNE,tislelizumab,3,esophageal squamous carcinoma,RATIONALE 302,False,NCT03209973;NCT03358875;NCT03412773;NCT03419897;NCT03430843;NCT03594747;NCT03663205;NCT03736889;NCT03777657;NCT03783442;NCT03924986;NCT03957590;NCT03967977;NCT04004221;NCT04005716;NCT04379635;NCT04486391
0001193125-21-183002,0001708493,2021-06-04,"Harpoon Therapeutics, Inc.  (CIK 0001708493)",d191082d8k.htm,2021-06-04,NASDAQ,HARP,HPN424,1/2a,metastatic castration-resistant prostate cancer,,False,NCT03577028
0001193125-21-182012,0001718108,2021-06-04,"Surface Oncology, Inc.  (CIK 0001718108)",d137479dex991.htm,2021-06-04,Nasdaq,SURF,SRF388,1,lung cancer,,False,
0001193125-21-182269,0001789972,2021-06-04,"Cullinan Oncology, Inc.  (CGEM)  (CIK 0001789972)",d122691d8k.htm,2021-06-04,Nasdaq,CGEM,CLN-081,1/2a,Non-Small Cell Lung Cancer,,False,
0001564590-21-031856,0001348911,2021-06-07,"KalVista Pharmaceuticals, Inc.  (KALV)  (CIK 0001348911)",kalv-8k_20210605.htm,2021-06-05,NASDAQ,KALV,KVD900,2,hereditary angioedema,KVD900-201,False,
0001558370-21-008085,0001557746,2021-06-08,"Aclaris Therapeutics, Inc.  (ACRS)  (CIK 0001557746)",acrs-20210608x8k.htm,2021-06-08,,,ATI-1777,2a,atopic dermatitis,ATI-1777-AD-201,False,NCT04598269
0001104659-21-078566,0001012477,2021-06-09,AVADEL PHARMACEUTICALS PLC  (AVDL)  (CIK 0001012477),tm2119224d1_ex99-1.htm,2021-06-09,Nasdaq,AVDL,FT218,3,narcolepsy,REST-ON,True,
0001104659-21-078524,0001535955,2021-06-09,Lipocine Inc.  (LPCN)  (CIK 0001535955),tm2113019d1_ex99-1.htm,,,,LPCN 1144,2,NASH,LiFT,False,NCT04134091
0001493152-21-013862,0001799788,2021-06-09,"Greenwich LifeSciences, Inc.  (GLSI)  (CIK 0001799788)",ex99-1.htm,2021-06-07,Nasdaq,GLSI,GP2,2b,breast cancer,,True,NCT00524277
0001564590-21-032550,0001108205,2021-06-11,CURIS INC  (CRIS)  (CIK 0001108205),cris-8k_20210611.htm,2021-06-11,NASDAQ,CRIS,CA-4948,1/2,acute myeloid leukemia and myelodysplastic syndromes,,True,
0001293971-21-000049,0001293971,2021-06-11,"bluebird bio, Inc.  (BLUE)  (CIK 0001293971)",blue-20210611.htm,2021-06-11,Nasdaq,BLUE,betibeglogene autotemcel (beti-cel),3,transfusion-dependent β-thalassemia,,False,
0001193125-21-188265,0001439222,2021-06-11,"AGIOS PHARMACEUTICALS, INC.  (AGIO)  (CIK 0001439222)",d843751dex991.htm,2021-06-11,NASDAQ,AGIO,mitapivat,2,non-transfusion-dependent α- or ß-thalassemia,,True,
0001467154-21-000109,0001467154,2021-06-11,"Novan, Inc.  (CIK 0001467154)",a06112021exhibit991.htm,2021-06-11,Nasdaq,NOVN,SB206,3,molluscum contagiosum,B-SIMPLE4,False,NCT04535531
0001628280-21-012055,0001501697,2021-06-11,"X4 Pharmaceuticals, Inc  (XFOR, XFOWW)  (CIK 0001501697)",pressreleasejune112021.htm,2021-06-11,Nasdaq,XFOR,mavorixafor,1b,Waldenström’s macroglobulinemia,,False,NCT04274738
0001193125-21-188257,0001538927,2021-06-11,"Forma Therapeutics Holdings, Inc.  (CIK 0001538927)",d165336d8k.htm,2021-06-11,Nasdaq,FMTX,etavopivat,1,sickle cell disease,,False,NCT04624659
0001171843-21-004277,0001629137,2021-06-11,"Global Blood Therapeutics, Inc.  (CIK 0001629137)",exh_991.htm,2021-06-11,NASDAQ,GBT,Oxbryta,2a,sickle cell disease,HOPE-KIDS 1,False,
0001651308-21-000113,0001651308,2021-06-11,"BeiGene, Ltd.  (BGNE, BEIGF)  (CIK 0001651308)",a8-kx11june2021x994.htm,2021-06-11,NASDAQ,BGNE,BRUKINSA,3,chronic lymphocytic leukemia,ALPINE,False,NCT03734016
0001564590-21-032551,0001672619,2021-06-11,IMARA Inc.  (ELVN)  (CIK 0001672619),imra-8k_20210611.htm,2021-06-11,Nasdaq,IMRA,IMR-687,2a,sickle cell disease,,False,
0001564590-21-032552,0001674416,2021-06-11,CRISPR Therapeutics AG  (CRSP)  (CIK 0001674416),crsp-8k_20210611.htm,2021-06-11,Nasdaq,VRTX,CTX001,1/2,transfusion-dependent beta thalassemia and severe sickle cell disease,CLIMB-111 and CLIMB-121,False,
0000950170-21-000344,0001746466,2021-06-11,"Equillium, Inc.  (EQ)  (CIK 0001746466)",eq-20210611.htm,2021-06-11,Nasdaq,EQ,itolizumab,1b,acute graft-versus-host disease,EQUATE,False,
0001104659-21-080835,0001000694,2021-06-14,NOVAVAX INC  (NVAX)  (CIK 0001000694),tm2119609d1_ex99-1.htm,2021-06-14,Nasdaq,NVAX,NVX-CoV2373,3,COVID-19,PREVENT-19,False,
0001193125-21-189542,0001673772,2021-06-14,"RAPT Therapeutics, Inc.  (RAPT)  (CIK 0001673772)",d181504d8k.htm,2021-06-14,Nasdaq,RAPT,RPT193,1b,atopic dermatitis,,False,
0001193125-21-190105,0001831363,2021-06-14,"Terns Pharmaceuticals, Inc.  (TERN)  (CIK 0001831363)",d158977d8k.htm,2021-06-14,Nasdaq,TERN,TERN-101,2a,non-alcoholic steatohepatitis (NASH),LIFT,False,
0001193125-21-190532,0001597553,2021-06-15,"Sage Therapeutics, Inc.  (SAGE)  (CIK 0001597553)",d28609dex991.htm,2021-06-15,Nasdaq,"SAGE, BIIB",zuranolone,3,Major Depressive Disorder,WATERFALL,False,
0001104659-21-081758,0001326190,2021-06-16,"Altimmune, Inc.  (ALT)  (CIK 0001326190)",tm2119883d1_8k.htm,2021-06-16,Nasdaq,ALT,ALT-801,1,overweight and obese,,False,
0001193125-21-192152,0001692830,2021-06-16,"Satsuma Pharmaceuticals, Inc.  (CIK 0001692830)",d185844d8k.htm,2021-06-16,Nasdaq,STSA,STS101,1,migraine,,False,
0001280600-21-000045,0001280600,2021-06-17,ACCELERON PHARMA INC  (CIK 0001280600),xlrn-20210611xform8kxex991.htm,2021-06-11,NYSE,BMY,Reblozyl,2,non-transfusion dependent (NTD) beta thalassemia,BEYOND,False,NCT03342404
0001193125-21-195277,0001175680,2021-06-21,CytoDyn Inc.  (CYDY)  (CIK 0001175680),d178669dex991.htm,2021-06-21,OTCQB,CYDY,leronlimab,2,COVID-19 long-haulers,CD15,False,
0001104659-21-082951,0001583107,2021-06-21,"Theravance Biopharma, Inc.  (TBPH)  (CIK 0001583107)",tm2120177d1_8k.htm,2021-06-21,NASDAQ,TBPH,nezulcitinib,2,acute lung injury due to COVID-19,,False,NCT04402866
0001104659-21-083139,0001744659,2021-06-21,"Akero Therapeutics, Inc.  (AKRO)  (CIK 0001744659)",tm2120208d1_8k.htm,2021-06-21,Nasdaq,AKRO,efruxifermin,2a,non-alcoholic steatohepatitis (NASH),BALANCED,True,
0001193125-21-195039,0001796280,2021-06-21,"Oric Pharmaceuticals, Inc.  (ORIC)  (CIK 0001796280)",d183984d8k.htm,2021-06-02,Nasdaq,ORIC,ORIC-101,1b,advanced solid tumors,,False,
0001193125-21-194371,0001819790,2021-06-21,"Tarsus Pharmaceuticals, Inc.  (TARS)  (CIK 0001819790)",d194646d8k.htm,2021-06-21,NASDAQ,TARS,TP-03,2b/3,Demodex blepharitis,Saturn-1,False,
0001493152-21-015053,0000764195,2021-06-23,VBI Vaccines Inc/BC  (VBIVQ)  (CIK 0000764195),ex99-1.htm,2021-06-23,NASDAQ,VBIV,BRII-179 (VBI-2601),1b/2a,chronic hepatitis B,,False,
0001564590-21-033915,0001082038,2021-06-23,DURECT CORP  (DRRX)  (CIK 0001082038),drrx-8k_20210623.htm,2021-06-23,Nasdaq,DRRX,DUR-928,1b,non-alcoholic steatohepatitis (NASH),,True,
0001104659-21-084414,0001535955,2021-06-23,Lipocine Inc.  (LPCN)  (CIK 0001535955),tm2113019d2_ex99-1.htm,2021-06-23,Nasdaq,LPCN,LPCN 1144,2,NASH,LiFT Study,False,
0001104659-21-084349,0001590560,2021-06-23,uniQure N.V.  (QURE)  (CIK 0001590560),tm2120374d1_8k.htm,2021-06-22,NASDAQ,QURE,etranacogene dezaparvovec,3,hemophilia B,HOPE-B,True,
0001193125-21-196716,0001771917,2021-06-23,"Karuna Therapeutics, Inc.  (CIK 0001771917)",d182380dex991.htm,2021-06-23,NASDAQ,KRTX,KarXT,1b,dementia-related psychosis,,True,
0001193125-21-196853,0001816736,2021-06-23,"Gemini Therapeutics, Inc. /DE  (IRON)  (CIK 0001816736)",d136042d8k.htm,2021-06-22,Nasdaq,GMTX,GEM103,2a,geographic atrophy secondary to dry age-related macular degeneration,ReGAtta,False,
0001437749-21-015511,0001513818,2021-06-24,"Aravive, Inc.  (CIK 0001513818)",arav20210623_8k.htm,2021-06-24,Nasdaq Global Select Market,ARAV,AVB-500,1b,clear cell renal cell carcinoma,,False,
0001493152-21-015154,0001595097,2021-06-24,"Corbus Pharmaceuticals Holdings, Inc.  (CRBP)  (CIK 0001595097)",ex99-1.htm,2021-06-24,NASDAQ,CRBP,lenabasum,3,dermatomyositis,D ETER M INE,False,NCT02466243
0001193125-21-198675,0001680581,2021-06-24,"Fulcrum Therapeutics, Inc.  (FULC)  (CIK 0001680581)",d190429d8k.htm,2021-06-24,Nasdaq,FULC,losmapimod,2b,facioscapulohumeral muscular dystrophy,ReDUX4,False,
0001564590-21-034575,0001650648,2021-06-25,4D Molecular Therapeutics Inc.  (FDMT)  (CIK 0001650648),fdmt-8k_20210618.htm,2021-06-24,Nasdaq,FDMT,4D-110 and 4D-125,1,choroideremia and X-linked retinitis pigmentosa,,False,
0001104659-21-085789,0001744659,2021-06-25,"Akero Therapeutics, Inc.  (AKRO)  (CIK 0001744659)",tm2120711d1_8k.htm,2021-06-25,Nasdaq,AKRO,efruxifermin,2a,non-alcoholic steatohepatitis,BALANCED,True,
0001171843-21-004544,0001447028,2021-06-28,Arbutus Biopharma Corp  (ABUS)  (CIK 0001447028),exh_991.htm,2021-06-26,Nasdaq,ABUS,AB-729 and AB-836,1a/1b,chronic hepatitis B virus infection,,True,
0001193125-21-201090,0001815442,2021-06-28,"Kymera Therapeutics, Inc.  (KYMR)  (CIK 0001815442)",d161011d8k.htm,2021-06-28,NASDAQ,KYMR,KT-474,1,,,False,
0001104659-21-086498,0000894158,2021-06-29,"Synthetic Biologics, Inc.  (TOVX)  (CIK 0000894158)",tm2120759d1_8k.htm,2021-06-29,NYSE American,SYN,SYN-020,1,gastrointestinal (GI) diseases,,False,
0001104659-21-086854,0001326190,2021-06-29,"Altimmune, Inc.  (ALT)  (CIK 0001326190)",tm2121014d1_ex99-1.htm,2021-06-29,Nasdaq,ALT,AdCOVID,1,COVID-19,,False,
0001437749-21-015877,0001401040,2021-06-29,DiaMedica Therapeutics Inc.  (DMAC)  (CIK 0001401040),ex_260291.htm,2021-06-29,Nasdaq,DMAC,DM199,2,chronic kidney disease (CKD),REDUX,False,
0001104659-21-086825,0001425205,2021-06-29,"IOVANCE BIOTHERAPEUTICS, INC.  (IOVA)  (CIK 0001425205)",tm2120950d1_8k.htm,2021-06-29,NASDAQ,IOVA,LN-145,,metastatic non-small cell lung cancer (mNSCLC),IOV-COM-202,False,
0001193125-21-202603,0001805387,2021-06-29,"Cerevel Therapeutics Holdings, Inc.  (CIK 0001805387)",d158663d8k.htm,2021-06-29,Nasdaq,CERE,CVL-231,1b,schizophrenia,,False,
0001437749-21-016076,0001053691,2021-06-30,Diffusion Pharmaceuticals Inc.  (CRVO)  (CIK 0001053691),dffn20210630_8k.htm,2021-06-30,NASDAQ,DFFN,trans sodium crocetinate,1,peripheral tissue oxygenation,,False,
0001171843-21-004610,0001061983,2021-06-30,CYTOKINETICS INC  (CYTK)  (CIK 0001061983),f8k_063021.htm,2021-06-30,The Nasdaq Stock Market LLC,CYTK,omecamtiv mecarbil,,heart failure,GALACTIC-HF,True,
0001213900-21-035203,0001506251,2021-07-01,"Citius Pharmaceuticals, Inc.  (CTXR)  (CIK 0001506251)",ea143606ex99-1_citiuspharma.htm,2021-07-01,Nasdaq,CTXR,Mino-Lok,3,catheter-related infections,Mino-Lok Phase 3 Pivotal Superiority Trial,False,
0001193125-21-206566,0001711279,2021-07-01,"Krystal Biotech, Inc.  (KRYS)  (CIK 0001711279)",d166128d8k.htm,2021-07-01,NASDAQ,KRYS,KB105,1/2,TGM-1 Associated Ichthyosis,,True,
0001104659-21-089167,0001094038,2021-07-06,"Marker Therapeutics, Inc.  (MRKR)  (CIK 0001094038)",tm2121420d1_ex99-1.htm,2021-07-06,Nasdaq,MRKR,MT-401,2,post-transplant acute myeloid leukemia,,False,
0001104659-21-089093,0001372299,2021-07-06,"Ocugen, Inc.  (OCGN)  (CIK 0001372299)",tm2121393d2_8k.htm,2021-07-02,NASDAQ,OCGN,COVAXIN,3,COVID-19,,False,
0001385508-21-000090,0001385508,2021-07-06,"OPIANT PHARMACEUTICALS, INC.  (CIK 0001385508)",opiant_8-kxpkxstudyxresults.htm,2021-07-06,,,OPNT003,,opioid overdose,,False,
0001564590-21-035796,0001463361,2021-07-06,"Unity Biotechnology, Inc.  (UBX)  (CIK 0001463361)",ubx-8k_20210706.htm,2021-07-06,NASDAQ,UBX,UBX1325,1,diabetic macular edema and wet age-related macular degeneration,,False,
0001193125-21-211310,0001133416,2021-07-09,GALECTIN THERAPEUTICS INC  (GALT)  (CIK 0001133416),d187958dex991.htm,2021-07-09,NASDAQ,GALT,Belapectin,1b,metastatic melanoma and head and neck cancer,,True,NCT02575404;NCT04365868
0001679363-21-000024,0001679363,2021-07-09,"Morphic Holding, Inc.  (CIK 0001679363)",morfecco0700921final.htm,2021-07-09,Nasdaq,MORF,MORF-057,1,inflammatory bowel disease,,False,
0001104659-21-091511,0001583771,2021-07-13,"Hepion Pharmaceuticals, Inc.  (HEPA, CTRVP)  (CIK 0001583771)",tm2122083d1_8k.htm,2021-07-13,Nasdaq,HEPA,CRV431,2a,non-alcoholic steatohepatitis,AMBITION,False,
0001193125-21-214307,0001604950,2021-07-14,scPharmaceuticals Inc.  (SCPH)  (CIK 0001604950),d203690d8k.htm,2021-07-13,Nasdaq,SCPH,FUROSCIX,,chronic heart failure,FREEDOM-HF,False,
0001171843-21-004940,0001061983,2021-07-19,CYTOKINETICS INC  (CYTK)  (CIK 0001061983),f8k_071921.htm,2021-07-19,Nasdaq,CYTK,CK-274,2,hypertrophic cardiomyopathy,REDWOOD-HCM,False,
0001193125-21-221362,0001609809,2021-07-22,"Seres Therapeutics, Inc.  (MCRB)  (CIK 0001609809)",d175112d8k.htm,2021-07-22,Nasdaq,MCRB,SER-287,2b,ulcerative colitis,ECO-RESET,False,
0001387131-21-007569,0001430306,2021-07-23,Tonix Pharmaceuticals Holding Corp.  (TNXP)  (CIK 0001430306),ex99-01.htm,2021-07-23,Nasdaq,TNXP,TNX-102 SL,3,fibromyalgia,RALLY,False,NCT04508621
0001628280-21-014453,0001534120,2021-07-26,Cerecor Inc.  (AVTX)  (CIK 0001534120),ex-992pressreleasecrohnsdi.htm,2021-07-26,Nasdaq,CERC,CERC-002,1b,Crohn's disease,,False,NCT03169894
0001714899-21-000066,0001714899,2021-07-26,Denali Therapeutics Inc.  (DNLI)  (CIK 0001714899),dnli-20210725.htm,2021-07-25,Nasdaq,DNLI,ETV:IDS (DNL310),1/2,Hunter syndrome (MPS II),,False,
0001213900-21-038898,0001711754,2021-07-27,"Inmune Bio, Inc.  (INMB)  (CIK 0001711754)",ea144871-8k_inmunebioinc.htm,2021-07-26,Nasdaq,INMB,XPro,1b,Alzheimer’s disease,,True,
0000078003-21-000090,0000078003,2021-07-28,PFIZER INC  (PFE)  (CIK 0000078003),pfe-07042021xex99.htm,2021-07-28,NYSE,PFE,RSV Adult Vaccine Candidate,2b,RSV,,False,NCT04469114
0001493152-21-017931,0001076682,2021-07-28,"POLARITYTE, INC.  (RGTPQ)  (CIK 0001076682)",ex99-2.htm,2021-07-28,Nasdaq,PTE,SkinTE,,Diabetic Foot Ulcers,NCT03881254,False,NCT03881254
0001171843-21-005234,0001532346,2021-07-29,"Atreca, Inc.  (CIK 0001532346)",exh_991.htm,2021-07-29,Nasdaq,BCEL,ATRC-101,1b,solid tumor types,,False,
0000950170-21-000607,0001653087,2021-07-29,"Alector, Inc.  (ALEC)  (CIK 0001653087)",alec-20210729ex99_1.htm,2021-07-29,Nasdaq,ALEC,AL001,2,frontotemporal dementia,INFRONT-2,False,
0001651308-21-000163,0001651308,2021-07-30,"BeiGene, Ltd.  (BGNE, BEIGF)  (CIK 0001651308)",a8-kx29july2021xexhibit992.htm,2021-07-29,NASDAQ,BGNE,BRUKINSA,3,chronic lymphocytic leukemia or small lymphocytic lymphoma,SEQUOIA,False,NCT03336333
0001069530-21-000043,0001069530,2021-08-03,CASSAVA SCIENCES INC  (SAVA)  (CIK 0001069530),sava-20210729xex99_1.htm,,,,simufilam,,Alzheimer’s disease,,False,NCT04388254
0001104659-21-099269,0001649989,2021-08-03,"Outlook Therapeutics, Inc.  (OTLK)  (CIK 0001649989)",tm2123933d1_8k.htm,2021-08-03,Nasdaq,OTLK,ONS-5010 / LYTENAVA,3,neovascular age-related macular degeneration,NORSE TWO,False,
0001214659-21-008132,0001293310,2021-08-04,"HUMANIGEN, INC  (CIK 0001293310)",ex99_1.htm,2021-08-04,Nasdaq,HGEN,lenzilumab,3,COVID-19,LIVE-AIR,False,
0001698530-21-000079,0001698530,2021-08-05,"EXICURE, INC.  (XCUR)  (CIK 0001698530)",exhibit992pressrelease0805.htm,2021-08-05,Nasdaq,XCUR,cavrotolimod (AST-008),1b/2,Merkel cell carcinoma (MCC) and cutaneous squamous cell carcinoma (CSCC),,True,NCT03684785
0001213900-21-040396,0001822791,2021-08-05,"Clene Inc.  (CLNN, CLNNW)  (CIK 0001822791)",ea145261-8k_cleneinc.htm,2021-08-05,Nasdaq,CLNN,CNM-Au8,2,Parkinson’s disease (PD) and multiple sclerosis (MS),REPAIR,False,NCT03815916;NCT03993171
0001399529-21-000137,0001399529,2021-08-06,Dicerna Pharmaceuticals Inc  (CIK 0001399529),drna-20210805.htm,2021-08-05,Nasdaq,DRNA,nedosiran,3,primary hyperoxaluria (PH),PHYOX™2,False,NCT03847909
0001104659-21-103213,0001477845,2021-08-11,"Annovis Bio, Inc.  (ANVS)  (CIK 0001477845)",tm2124796d1_8k.htm,,,,ANVS401 (Posiphen),2a,Alzheimer’s disease (AD) and Parkinson’s disease (PD),,True,
0001104659-21-105111,0001034842,2021-08-13,RIGEL PHARMACEUTICALS INC  (RIGL)  (CIK 0001034842),tm2125055d1_8k.htm,2021-08-13,Nasdaq,RIGL,fostamatinib,2,COVID-19,,False,NCT03764618;NCT04579393;NCT04581954;NCT04629703;NCT04924660
0001213900-21-042410,0001721484,2021-08-13,Longeveron Inc.  (LGVN)  (CIK 0001721484),ea145793-8k_longeveroninc.htm,2021-08-13,Nasdaq,LGVN,Lomecel-B,2b,Aging Frailty,Phase 2b trial,False,
0000886163-21-000123,0000886163,2021-08-16,"LIGAND PHARMACEUTICALS INC  (LGND, LGNDZ, LGNXZ, LGNYZ, LGNZZ)  (CIK 0000886163)",lgnd-20210816.htm,2021-08-16,The Nasdaq Global Market,LGND,sparsentan,3,IgA nephropathy,PROTECT Study,False,
0001438533-21-000036,0001438533,2021-08-16,"Travere Therapeutics, Inc.  (TVTX)  (CIK 0001438533)",tvtx-20210816.htm,2021-08-16,The Nasdaq Global Market,TVTX,sparsentan,3,IgA nephropathy,PROTECT Study,False,
0001104659-21-107015,0001267813,2021-08-17,MARINUS PHARMACEUTICALS INC  (MRNS)  (CIK 0001267813),tm2124617d2_8k.htm,2021-08-17,Nasdaq,MRNS,ganaxolone,2,tuberous sclerosis complex,CALM trial,False,
0001654954-21-009178,0001604191,2021-08-18,"AzurRx BioPharma, Inc.  (ENTO)  (CIK 0001604191)",azrx_8k.htm,2021-08-18,NASDAQ,AZRX,MS1819,2,cystic fibrosis,Phase 2 Combination Trial,False,
0001104659-21-108565,0001583107,2021-08-23,"Theravance Biopharma, Inc.  (TBPH)  (CIK 0001583107)",tm2125603d1_8k.htm,2021-08-23,NASDAQ,TBPH,izencitinib,2b,ulcerative colitis,,False,NCT03758443
0001493152-21-021171,0001535955,2021-08-25,Lipocine Inc.  (LPCN)  (CIK 0001535955),ex99-1.htm,2021-08-25,NASDAQ,LPCN,LPCN 1144,2,NASH,LiFT,False,NCT04134091;NCT04685993
0001493152-21-021295,0000908259,2021-08-26,"Oncotelic Therapeutics, Inc.  (OTLC)  (CIK 0000908259)",ex99-1.htm,2021-08-24,OTCQB,OTLC,PulmoHeal TM / ArtiVeda TM,,COVID-19,ARTI-19,False,NCT05004753
0001213900-21-045061,0001711754,2021-08-26,"Inmune Bio, Inc.  (INMB)  (CIK 0001711754)",ea146488ex99-1_inmunebio.htm,2021-08-25,NASDAQ,INMB,INKmune™,1,high-risk myelodysplastic syndrome (MDS),,False,
0001193125-21-261453,0001661460,2021-08-31,"Poseida Therapeutics, Inc.  (PSTX)  (CIK 0001661460)",d148166dex991.htm,2021-08-31,Nasdaq,PSTX,P-PSMA-101,1,metastatic castrate-resistant prostate cancer,,False,NCT04249947
0001564590-21-046744,0001426800,2021-09-01,"ASSEMBLY BIOSCIENCES, INC.  (ASMB)  (CIK 0001426800)",asmb-8k_20210901.htm,2021-09-01,Nasdaq,ASMB,ABI-H2158,2,chronic hepatitis B,,False,
0001193125-21-264493,0001419041,2021-09-02,"Forte Biosciences, Inc.  (FBRX)  (CIK 0001419041)",d88078d8k.htm,2021-09-02,NASDAQ,FBRX,FB-401,2,atopic dermatitis,,False,
0001213900-21-046524,0001711754,2021-09-03,"Inmune Bio, Inc.  (INMB)  (CIK 0001711754)",ea146878ex99-1_inmunebio.htm,2021-09-01,NASDAQ,INMB,XPro,1,Alzheimer’s disease,,False,
0001104659-21-113182,0001621443,2021-09-07,"Zynerba Pharmaceuticals, Inc.  (CIK 0001621443)",tm2126976d1_ex99-1.htm,2021-09-07,Nasdaq,ZYNE,Zygel,2,Developmental and Epileptic Encephalopathies,BELIEVE,False,
0001193125-21-266016,0001746473,2021-09-07,"PLIANT THERAPEUTICS, INC.  (PLRX)  (CIK 0001746473)",d218818dex991.htm,2021-09-07,Nasdaq,PLRX,PLN-74809,2a,idiopathic pulmonary fibrosis,INTEGRIS-IPF,False,
0001125345-21-000103,0001125345,2021-09-08,MACROGENICS INC  (MGNX)  (CIK 0001125345),sophiapressrelease9721.htm,2021-09-07,Nasdaq,MGNX,MARGENZA,3,metastatic HER2-positive breast cancer,SOPHIA,False,NCT02492711;NCT03219268;NCT04082364;NCT04425018
0001628280-21-018216,0001213037,2021-09-08,"Cardiff Oncology, Inc.  (CRDF)  (CIK 0001213037)",a991ex090821.htm,2021-09-08,Nasdaq,CRDF,onvansertib,1b/2,KRAS-mutated metastatic colorectal cancer,,False,NCT03829410
0001640334-21-002131,0001348362,2021-09-08,"Lexaria Bioscience Corp.  (LEXX, LEXXW)  (CIK 0001348362)",lxrp_ex991.htm,2021-09-07,Nasdaq,LEXX,DehydraTECH-CBD,,hypertension,HYPER-H21-2,False,
0000950170-21-001704,0001832168,2021-09-08,"Longboard Pharmaceuticals, Inc.  (LBPH)  (CIK 0001832168)",lbph-20210908.htm,2021-09-08,Nasdaq,LBPH,LP352,1,developmental and epileptic encephalopathies,,False,
0001193125-21-268814,0001492422,2021-09-09,"Apellis Pharmaceuticals, Inc.  (APLS)  (CIK 0001492422)",d112979d8k.htm,2021-09-09,Nasdaq,APLS,pegcetacoplan,3,geographic atrophy secondary to age-related macular degeneration,DERBY and OAKS,False,
0001104659-21-114012,0001621443,2021-09-09,"Zynerba Pharmaceuticals, Inc.  (CIK 0001621443)",tm2126976d2_ex99-1.htm,2021-09-09,Nasdaq,ZYNE,Zygel,2,autism spectrum disorder (ASD),BRIGHT,False,
0001213900-21-047136,0001721484,2021-09-09,Longeveron Inc.  (LGVN)  (CIK 0001721484),ea147095ex99-1_longeveron.htm,2021-09-09,NASDAQ,LGVN,Lomecel-B,1,Hypoplastic Left Heart Syndrome,,False,NCT04925024
0001847903-21-000013,0001847903,2021-09-09,Centessa Pharmaceuticals plc  (CNTA)  (CIK 0001847903),apcintexdrafpr-vdraft08sep.htm,2021-09-09,Nasdaq,CNTA,SerpinPC,2a,severe hemophilia A and B,AP-0101,False,NCT04073498
0001485003-21-000188,0001485003,2021-09-10,"Sesen Bio, Inc.  (CARM)  (CIK 0001485003)",exhibit991-aua2021gurram.htm,,,,Durvalumab and Vicineum,1,High-Grade Non-Muscle-Invasive Bladder Cancer,,False,NCT03258593
0001493152-21-022435,0001535955,2021-09-10,Lipocine Inc.  (LPCN)  (CIK 0001535955),form8-k.htm,2021-09-10,NASDAQ,LPCN,TLANDO,,Hypogonadal Men,,False,
0001193125-21-269499,0001604950,2021-09-10,scPharmaceuticals Inc.  (SCPH)  (CIK 0001604950),d228016dex991.htm,2021-09-10,Nasdaq,SCPH,FUROSCIX,,heart failure,FREEDOM-HF,False,
0001171843-21-006439,0001061983,2021-09-13,CYTOKINETICS INC  (CYTK)  (CIK 0001061983),f8k_091321.htm,2021-09-12,Nasdaq,CYTK,aficamten,2,hypertrophic cardiomyopathy,REDWOOD-HCM,False,
0001193125-21-270970,0001326110,2021-09-13,"ImmunityBio, Inc.  (IBRX)  (CIK 0001326110)",d225415dex991.htm,2021-09-13,NASDAQ,IBRX,N-803 (Anktiva) + BCG,2/3,BCG-unresponsive non-muscle invasive carcinoma in situ (CIS) bladder cancer,QUILT 3.032,True,NCT03022825
0001564590-21-047679,0001339970,2021-09-13,aTYR PHARMA INC  (ATYR)  (CIK 0001339970),life-8k_20210913.htm,2021-09-13,Nasdaq,LIFE,ATYR1923,1b/2a,pulmonary sarcoidosis,,False,
0001193125-21-271417,0001403752,2021-09-13,Zymeworks Inc.  (CIK 0001403752),d202904d8k.htm,2021-09-12,NYSE,ZYME,zanidatamab,2,HER2-expressing Gastroesophageal Adenocarcinoma (GEA),,True,
0001104659-21-114863,0001509745,2021-09-13,"LEAP THERAPEUTICS, INC.  (LPTX)  (CIK 0001509745)",tm2127430d1_ex99-1.htm,2021-09-13,Nasdaq,LPTX,DKN-01,2a,gastric or gastroesophageal junction cancer,DisTinGuish,False,NCT04363801
0001493152-21-022490,0001582554,2021-09-13,"Matinas BioPharma Holdings, Inc.  (MTNB)  (CIK 0001582554)",ex99-1.htm,2021-09-13,NYSE AMER,MTNB,MAT2203,,cryptococcal meningitis,EnACT,False,
0001104659-21-114896,0001583771,2021-09-13,"Hepion Pharmaceuticals, Inc.  (HEPA, CTRVP)  (CIK 0001583771)",tm2127428d1_8k.htm,2021-09-13,NASDAQ,HEPA,CRV431,2a,non-alcoholic steatohepatitis,AMBITION,True,
0001558370-21-012408,0001621227,2021-09-13,Adaptimmune Therapeutics PLC  (ADAP)  (CIK 0001621227),adap-20210913xex99d1.htm,2021-09-13,Nasdaq,ADAP,ADP-A2M4CD8,1,solid tumors,SURPASS,False,
0001193125-21-270939,0001668243,2021-09-13,UroGen Pharma Ltd.  (URGN)  (CIK 0001668243),d121097d8k.htm,2021-09-13,Nasdaq,URGN,UGN-102,2b,low-grade intermediate risk non-muscle invasive bladder cancer,OPTIMA II,False,
0001193125-21-273957,0001337553,2021-09-15,AERIE PHARMACEUTICALS INC  (CIK 0001337553),d400726d8k.htm,2021-09-15,Nasdaq,AERI,AR-15512,2b,dry eye disease,COMET-1,False,
0001558370-21-012513,0001411906,2021-09-15,"Ampio Pharmaceuticals, Inc.  (AMPE)  (CIK 0001411906)",ampe-20210915x8k.htm,2021-09-15,NYSE American,AMPE,Ampion,3,severe osteoarthritis of the knee,AP-013,False,
0001104659-21-115681,0001583107,2021-09-15,"Theravance Biopharma, Inc.  (TBPH)  (CIK 0001583107)",tm2127424d1_8k.htm,2021-09-15,Nasdaq,TBPH,ampreloxetine,3,symptomatic neurogenic orthostatic hypotension,Study 0169,False,NCT03750552;NCT03829657;NCT04095793
0001564590-21-048031,0001658247,2021-09-15,"Crinetics Pharmaceuticals, Inc.  (CRNX)  (CIK 0001658247)",crnx-8k_20210915.htm,2021-09-15,,,CRN04777,1,congenital hyperinsulinism,,False,
0001125345-21-000105,0001125345,2021-09-16,MACROGENICS INC  (MGNX)  (CIK 0001125345),esmomahoganypressrelease.htm,2021-09-16,Nasdaq,MGNX,margetuximab in combination with retifanlimab,2/3,gastroesophageal adenocarcinoma,MAHOGANY,False,NCT03219268;NCT04082364
0001193125-21-275108,0001403752,2021-09-16,Zymeworks Inc.  (CIK 0001403752),d195420d8k.htm,2021-09-16,NYSE,ZYME,zanidatamab,2,HER2-positive Gastroesophageal Adenocarcinoma,,False,
0001104659-21-116139,0001509745,2021-09-16,"LEAP THERAPEUTICS, INC.  (LPTX)  (CIK 0001509745)",tm2127789d1_8k.htm,2021-09-16,Nasdaq,LPTX,DKN-01,2a,gastric or gastroesophageal junction cancer,DisTinGuish,True,NCT04363801
0001789769-21-000061,0001789769,2021-09-16,"Instil Bio, Inc.  (TIL)  (CIK 0001789769)",a2021-09x13presmo20210916.htm,2021-09-16,NASDAQ,TIL,unselected autologous tumor infiltrating lymphocytes,,checkpoint inhibitor-refractory advanced cutaneous melanoma,,False,
0001193125-21-274730,0001797336,2021-09-16,"Ayala Pharmaceuticals, Inc.  (CIK 0001797336)",d214628d8k.htm,2021-09-16,The Nasdaq Global Market,AYLA,AL101,2,recurrent/metastatic adenoid cystic carcinoma,ACCURACY,False,
0001193125-21-275594,0001654151,2021-09-17,"Deciphera Pharmaceuticals, Inc.  (CIK 0001654151)",d203720d8k.htm,2021-09-17,NASDAQ,DCPH,rebastinib,1b/2,platinum-resistant ovarian cancer,,False,
0001193125-21-275702,0001750019,2021-09-17,TCR2 THERAPEUTICS INC.  (CIK 0001750019),d212739d8k.htm,2021-09-17,Nasdaq,TCRR,gavo-cel,1/2,mesothelin-expressing solid tumors,,False,NCT03907852
0001213900-21-048457,0001822791,2021-09-17,"Clene Inc.  (CLNN, CLNNW)  (CIK 0001822791)",ea147546ex99-1_cleneinc.htm,2021-09-17,NASDAQ,CLNN,CNM-Au8,2,Parkinson’s disease,REPAIR-PD,False,NCT03815916
0001193125-21-276775,0001576263,2021-09-20,"Mirati Therapeutics, Inc.  (CIK 0001576263)",d231945d8k.htm,2021-09-19,NASDAQ,MRTX,adagrasib,1/2,KRAS G12C-mutated colorectal cancer,KRYSTAL-1,False,
0001193125-21-277767,0001623526,2021-09-21,"Stoke Therapeutics, Inc.  (STOK)  (CIK 0001623526)",d31458d8k.htm,2021-09-21,,,STK-001,1/2a,Dravet Syndrome,MONARCH,False,
0001104659-21-118122,0001130598,2021-09-22,"Onconova Therapeutics, Inc.  (TRAW)  (CIK 0001130598)",tm2128202d1_8k.htm,2021-09-22,NASDAQ,ONTX,rigosertib-nivolumab,1/2a,KRAS mutated (KRAS+) non-small cell lung cancer,,False,NCT04263090
0001104659-21-118297,0001279704,2021-09-22,"Cellectar Biosciences, Inc.  (CLRB)  (CIK 0001279704)",tm2128183d1_8k.htm,2021-09-22,Nasdaq,CLRB,iopofosine I-131,,head and neck cancer,,False,
0001104659-21-118726,0001509261,2021-09-23,"Rezolute, Inc.  (RZLT)  (CIK 0001509261)",tm2128330d1_ex99-1.htm,2021-09-22,Nasdaq,RZLT,RZ358,2b,congenital hyperinsulinism,RIZE,False,
0001104659-21-119139,0001133869,2021-09-24,"CAPRICOR THERAPEUTICS, INC.  (CAPR)  (CIK 0001133869)",tm2128388d1_ex99-1.htm,2021-09-24,Nasdaq,CAPR,CAP-1002,2,Duchenne muscular dystrophy,HOPE-2,False,
0001193125-21-283009,0001783183,2021-09-27,"Phathom Pharmaceuticals, Inc.  (PHAT)  (CIK 0001783183)",d182429d8k.htm,2021-09-27,Nasdaq,PHAT,vonoprazan,1,,VONO-103,False,
0001193125-21-284839,0001326190,2021-09-28,"Altimmune, Inc.  (ALT)  (CIK 0001326190)",d200964d8k.htm,2021-09-28,Nasdaq,ALT,pemvidutide,1,overweight and obesity,,False,
0001193125-21-284427,0001694665,2021-09-28,"Evelo Biosciences, Inc.  (EVLO)  (CIK 0001694665)",d234217d8k.htm,2021-09-27,,,EDP1815,2,Mild and Moderate Psoriasis,,False,
0001558370-21-012862,0001650664,2021-09-29,"Editas Medicine, Inc.  (EDIT)  (CIK 0001650664)",edit-20210929x8k.htm,2021-09-29,Nasdaq,EDIT,EDIT-101,1/2,Leber congenital amaurosis 10 (LCA10),BRILLIANCE,False,
0001213900-21-050445,0001721484,2021-09-29,Longeveron Inc.  (LGVN)  (CIK 0001721484),ea148084ex99-1_longeveron.htm,,,,Lomecel-B,2b,Aging Frailty,VSAFE,False,
0001493152-21-024236,0000876343,2021-09-30,"Lineage Cell Therapeutics, Inc.  (LCTX)  (CIK 0000876343)",ex99-1.htm,2021-09-30,NYSE American,LCTX,OpRegen,1/2a,dry age-related macular degeneration (AMD),,True,
0001193125-21-289652,0001590877,2021-10-01,REGENXBIO Inc.  (RGNX)  (CIK 0001590877),d193715dex991.htm,2021-10-01,Nasdaq,RGNX,RGX-314,2,wet age-related macular degeneration (wet AMD),AAVIATE,False,
0001370053-21-000060,0001370053,2021-10-04,"ANAPTYSBIO, INC  (ANAB)  (CIK 0001370053)",gppphase2additionaldata100.htm,2021-10-02,Nasdaq,ANAB,imsidolimab,2,generalized pustular psoriasis,GALLOP,False,
0001564590-21-049880,0001582313,2021-10-04,Xenon Pharmaceuticals Inc.  (XENE)  (CIK 0001582313),xene-8k_20211004.htm,2021-10-04,Nasdaq,XENE,XEN1101,2b,focal epilepsy,X-TOLE,False,
0001104659-21-122817,0001477845,2021-10-05,"Annovis Bio, Inc.  (ANVS)  (CIK 0001477845)",tm2129183d1_8k.htm,2021-10-05,NYSE American,ANVS,ANVS401,2,Parkinson’s disease,,False,
0000819050-21-000145,0000819050,2021-10-07,"Brickell Biotech, Inc.  (FRTX)  (CIK 0000819050)",a20211007ex991cardiganstud.htm,2021-10-07,Nasdaq,BBI,"sofpironium bromide gel, 15%",3,primary axillary hyperhidrosis,Cardigan I and Cardigan II,False,NCT03836287;NCT03948646
0001558370-21-013053,0001504167,2021-10-07,"Timber Pharmaceuticals, Inc.  (CIK 0001504167)",tmbr-20211007x8k.htm,2021-10-07,NYSE American,TMBR,TMB-001,2b,congenital ichthyosis,CONTROL,False,
0001193125-21-293715,0001538927,2021-10-07,"Forma Therapeutics Holdings, Inc.  (CIK 0001538927)",d205006d8k.htm,2021-10-07,Nasdaq,FMTX,FT-7051,1,metastatic castration-resistant prostate cancer,Courage Study,False,NCT04575766
0001104659-21-124173,0001761612,2021-10-07,BICYCLE THERAPEUTICS plc  (BCYC)  (CIK 0001761612),tm2129421d1_ex99-1.htm,2021-10-07,NASDAQ,BCYC,BT5528 and BT8009,1,late line cancer,,False,
0001193125-21-294159,0001796280,2021-10-07,"Oric Pharmaceuticals, Inc.  (ORIC)  (CIK 0001796280)",d181647d8k.htm,2021-10-07,Nasdaq,ORIC,ORIC-101,1b,metastatic prostate cancer,,False,
0000950170-21-002070,0001595893,2021-10-08,"Turning Point Therapeutics, Inc.  (CIK 0001595893)",tptx-20211008.htm,2021-10-08,NASDAQ,TPTX,repotrectinib,1/2,NTRK-positive advanced solid tumor,TRIDENT-1,False,
0000950170-21-002075,0001738021,2021-10-08,"Compass Therapeutics, Inc.  (CMPX)  (CIK 0001738021)",cmpx-20211008.htm,2021-10-08,OTC,CMPX,CTX-009,1,solid tumor,,False,
0001193125-21-295398,0001808158,2021-10-08,Repare Therapeutics Inc.  (RPTX)  (CIK 0001808158),d224633d8k.htm,2021-10-08,Nasdaq,RPTX,RP-3500,1,solid tumors,TRESR,False,
0001193125-21-294713,0001812364,2021-10-08,"Relay Therapeutics, Inc.  (RLAY)  (CIK 0001812364)",d228629d8k.htm,2021-10-08,Nasdaq,RLAY,RLY-4008,1,FGFR2-altered cholangiocarcinoma and multiple other solid tumors,,False,
0001193125-21-296282,0001337553,2021-10-12,AERIE PHARMACEUTICALS INC  (CIK 0001337553),d154401d8k.htm,2021-10-12,NASDAQ,AERI,netarsudil ophthalmic solution 0.02%,3,open-angle glaucoma or ocular hypertension,,False,
0001193125-21-296140,0001590877,2021-10-12,REGENXBIO Inc.  (RGNX)  (CIK 0001590877),d208280dex991.htm,2021-10-09,Nasdaq,RGNX,RGX-314,2,diabetic retinopathy,ALTITUDE,False,
0001193125-21-296954,0001674416,2021-10-12,CRISPR Therapeutics AG  (CRSP)  (CIK 0001674416),d242661d8k.htm,2021-10-12,Nasdaq,CRSP,CTX110,1,relapsed or refractory CD19+ B-cell malignancies,CARBON,False,NCT04035434
0001739614-21-000096,0001739614,2021-10-12,"Inhibrx, Inc.  (CIK 0001739614)",exhibit991pressreleaseocto.htm,2021-10-12,Nasdaq,INBX,INBRX-101,1,alpha-1 antitrypsin deficiency,,False,
0001493152-21-025269,0000764195,2021-10-13,VBI Vaccines Inc/BC  (VBIVQ)  (CIK 0000764195),ex99-1.htm,2021-10-13,Nasdaq,VBIV,3-antigen hepatitis B vaccine candidate,3,hepatitis B,CONSTANT,False,
0001193125-21-297865,0001650648,2021-10-13,4D Molecular Therapeutics Inc.  (FDMT)  (CIK 0001650648),d211305d8k.htm,2021-10-10,The Nasdaq Global Select Market,FDMT,4D-125,1/2,X-linked retinitis pigmentosa,,False,
0001213900-21-052730,0001822791,2021-10-14,"Clene Inc.  (CLNN, CLNNW)  (CIK 0001822791)",ea148744-8k_cleneinc.htm,2021-10-14,,,CNM-Au8,2,multiple sclerosis,VISIONARY-MS and REPAIR-MS,False,NCT03536559;NCT03815916;NCT03993171
0001140361-21-034722,0000874015,2021-10-18,IONIS PHARMACEUTICALS INC  (IONS)  (CIK 0000874015),brhc10029896_8k.htm,2021-10-17,NASDAQ,IONS,tofersen,3,superoxide dismutase 1 amyotrophic lateral sclerosis,VALOR,False,NCT02623699
0001437749-21-023789,0001659617,2021-10-18,"Moleculin Biotech, Inc.  (MBRX)  (CIK 0001659617)",ex_291859.htm,2021-10-18,Nasdaq,MBRX,Annamycin,1b/2,soft tissue sarcoma lung metastases,,False,NCT04887298
0001193125-21-300580,0001664106,2021-10-18,"LogicBio Therapeutics, Inc.  (CIK 0001664106)",d244236d8k.htm,2021-10-18,Nasdaq,LOGC,LB-001,1/2,methylmalonic acidemia,SUNRISE,False,
0001193125-21-300530,0001783183,2021-10-18,"Phathom Pharmaceuticals, Inc.  (PHAT)  (CIK 0001783183)",d230105d8k.htm,2021-10-18,Nasdaq,PHAT,vonoprazan,3,erosive esophagitis,PHALCON-EE,False,
0001104659-21-127380,0001012477,2021-10-19,AVADEL PHARMACEUTICALS PLC  (AVDL)  (CIK 0001012477),tm2130106d3_ex99-1.htm,2021-10-19,Nasdaq,AVDL,FT218,3,narcolepsy,REST-ON,True,
0001193125-21-301523,0001563577,2021-10-19,"Galera Therapeutics, Inc.  (GRTX)  (CIK 0001563577)",d244982d8k.htm,2021-10-19,Nasdaq,GRTX,avasopasem manganese,3,radiotherapy-induced severe oral mucositis,ROMAN,False,NCT03689712
0001193125-21-301529,0001681087,2021-10-19,"AVROBIO, Inc.  (TECX)  (CIK 0001681087)",d247071dex991.htm,2021-10-19,Nasdaq,AVRO,AVR-RD-01,1/2,Fabry disease and Gaucher disease,FAB-GT,True,NCT03454893;NCT04145037
0001193125-21-301641,0001704292,2021-10-19,Zai Lab Ltd  (ZLAB)  (CIK 0001704292),d251879d8k.htm,2021-10-19,NASDAQ,ZLAB,Sulbactam-Durlobactam (SUL-DUR),3,Acinetobacter baumannii infections,ATTACK,False,
0001104659-21-127378,0001724344,2021-10-19,Entasis Therapeutics Holdings Inc.  (CIK 0001724344),tm2130401d1_8k.htm,2021-10-18,Nasdaq,ETTX,sulbactam-durlobactam (SUL-DUR),3,Acinetobacter baumannii infections,ATTACK,False,
0001193125-21-303048,0001704292,2021-10-20,Zai Lab Ltd  (ZLAB)  (CIK 0001704292),d245058d8k.htm,2021-10-20,NASDAQ,ZLAB,ZL-1102,1b,mild-to-moderate chronic plaque psoriasis,,False,
0001564590-21-051434,0001634379,2021-10-21,"Metacrine, Inc.  (CIK 0001634379)",mtcr-ex991_52.htm,2021-10-21,NASDAQ,MTCR,MET642,2a,non-alcoholic steatohepatitis (NASH),,False,NCT04773964
0001636050-21-000082,0001636050,2021-10-21,Sio Gene Therapies Inc.  (CIK 0001636050),finalaxo-aavxgm1toplines.htm,2021-10-21,Nasdaq,SIOX,AXO-AAV-GM1,1/2,GM1 gangliosidosis,,False,NCT03952637
0001628280-21-020411,0001398733,2021-10-25,"Aquestive Therapeutics, Inc.  (AQST)  (CIK 0001398733)",aqst-20211025.htm,2021-10-25,Nasdaq,AQST,AQST-109,1,allergic reactions including anaphylaxis,,False,
0001193125-21-307156,0001650648,2021-10-26,4D Molecular Therapeutics Inc.  (FDMT)  (CIK 0001650648),d185288d8k.htm,2021-10-25,Nasdaq,FDMT,4D-310,1/2,Fabry disease,,False,
0001193125-21-308663,0001549595,2021-10-27,"Nurix Therapeutics, Inc.  (NRIX)  (CIK 0001549595)",d249587d8k.htm,2021-10-27,,,NX-2127,1a,Hematologic Malignancies,,False,
0001193125-21-308787,0001815442,2021-10-27,"Kymera Therapeutics, Inc.  (KYMR)  (CIK 0001815442)",d213334d8k.htm,2021-10-27,Nasdaq,KYMR,KT-474,1,inflammatory diseases,,False,
0001157523-21-001266,0001710072,2021-10-28,"Edgewise Therapeutics, Inc.  (EWTX)  (CIK 0001710072)",a52517172.htm,2021-10-28,Nasdaq,EWTX,EDG-5506,1,dystrophinopathies such as DMD and BMD,,False,NCT04585464
0001493152-21-026815,0001535955,2021-11-01,Lipocine Inc.  (LPCN)  (CIK 0001535955),ex99-2.htm,,,,LPCN 1144,2,Nonalcoholic Steatohepatitis (NASH),LiFT,False,NCT04134091
0000950170-21-002562,0001738021,2021-11-01,"Compass Therapeutics, Inc.  (CMPX)  (CIK 0001738021)",cmpx-ex99_1.htm,2021-11-01,OTC,CMPX,CTX-009,2a,Biliary Tract Cancers (BTC),,False,NCT04492033
0001193125-21-316254,0001341235,2021-11-02,"Aldeyra Therapeutics, Inc.  (ALDX)  (CIK 0001341235)",d240887d8k.htm,2021-11-02,Nasdaq,ALDX,reproxalap,2,dry eye disease,,False,
0001564590-21-053313,0001634379,2021-11-02,"Metacrine, Inc.  (CIK 0001634379)",mtcr-ex991_24.htm,2021-11-02,NASDAQ,MTCR,MET409,2a,type 2 diabetes and non-alcoholic steatohepatitis (NASH),,False,NCT04702490
0001213900-21-055968,0001822791,2021-11-02,"Clene Inc.  (CLNN, CLNNW)  (CIK 0001822791)",ea149773-8k_cleneinc.htm,2021-11-02,Nasdaq,CLNN,CNM-Au8,2,amyotrophic lateral sclerosis,RESCUE-ALS,False,NCT04098406
0001169245-21-000100,0001169245,2021-11-03,PhaseBio Pharmaceuticals Inc  (PHASQ)  (CIK 0001169245),bentracimabphase2btopliner.htm,2021-11-03,Nasdaq,PHAS,bentracimab,2b,major bleeding and urgent surgery situations,,False,NCT04122170
0000950103-21-017355,0001356090,2021-11-04,"PRECIGEN, INC.  (PGEN)  (CIK 0001356090)",dp161305_ex9901.htm,2021-11-04,Nasdaq,PGEN,"PRGN-3006, PRGN-2009, PRGN-2012, PRGN-3005",1,"acute myeloid leukemia, HPV-associated cancer",,False,
0001193125-21-320116,0001827506,2021-11-04,"Talaris Therapeutics, Inc.  (TRML)  (CIK 0001827506)",d258571d8k.htm,2021-11-04,,,FCR001,3,living donor kidney transplant,FREEDOM-1,False,
0001193125-21-320821,0001496671,2021-11-05,"Calithera Biosciences, Inc.  (CALA)  (CIK 0001496671)",d233634dex991.htm,2021-11-05,Nasdaq,CALA,telaglenastat,2,stage IV non-squamous non-small cell lung cancer,KEAPSAKE,False,
0001193125-21-320901,0001654151,2021-11-05,"Deciphera Pharmaceuticals, Inc.  (CIK 0001654151)",d252692d8k.htm,2021-11-05,NASDAQ,DCPH,QINLOCK,3,gastrointestinal stromal tumor (GIST),INTRIGUE,False,
0001193125-21-321607,0001704292,2021-11-05,Zai Lab Ltd  (ZLAB)  (CIK 0001704292),d258604d8k.htm,2021-11-05,Nasdaq,ZLAB,QINLOCK,3,gastrointestinal stromal tumor (GIST),INTRIGUE,True,
0001193125-21-322360,0001453687,2021-11-08,SELECTA BIOSCIENCES INC  (RNAC)  (CIK 0001453687),d604726d8k.htm,2021-11-08,Nasdaq,SELB,ImmTOR,1,neutralizing antibodies against adeno-associated viral serotype 8 (AAV8) vectors,,False,
0001437749-21-025788,0001513818,2021-11-09,"Aravive, Inc.  (CIK 0001513818)",ex_304496.htm,2021-11-09,Nasdaq,ARAV,batiraxcept (AVB-500),1b,clear cell renal cell carcinoma (ccRCC),Phase 1b/2 trial,False,NCT04300140
0001104659-21-136265,0001760542,2021-11-09,HOOKIPA Pharma Inc.  (HOOK)  (CIK 0001760542),tm2132436d1_8k.htm,2021-11-09,NASDAQ,HOOK,HB-200,1,Human Papillomavirus Positive 16 (HPV16+) squamous cell head and neck cancers (HNSCC),NCT04180215,True,NCT03629080;NCT04180215
0000950170-21-003784,0001831363,2021-11-09,"Terns Pharmaceuticals, Inc.  (TERN)  (CIK 0001831363)",tern-20211109.htm,2021-11-09,Nasdaq,TERN,TERN-501,1,NASH,,False,
0001193125-21-326085,0001654151,2021-11-10,"Deciphera Pharmaceuticals, Inc.  (CIK 0001654151)",d234651d8k.htm,2021-11-05,Nasdaq,DCPH,QINLOCK (ripretinib),3,gastrointestinal stromal tumor (GIST),INTRIGUE,True,
0001171843-21-007826,0001447028,2021-11-12,Arbutus Biopharma Corp  (ABUS)  (CIK 0001447028),exh_991.htm,2021-11-10,Nasdaq,ABUS,AB-729,1a/1b,chronic hepatitis B virus (HBV) infection,,False,
0001104659-21-137731,0001477845,2021-11-12,"Annovis Bio, Inc.  (ANVS)  (CIK 0001477845)",tm2132744d1_8k.htm,2021-11-12,NYSE American,ANVS,ANVS401,2a,"Alzheimer's disease (AD), Parkinson's disease (PD)",,False,
0001437749-21-026260,0001513818,2021-11-12,"Aravive, Inc.  (CIK 0001513818)",arav20211111_8k.htm,2021-11-12,Nasdaq,ARAV,batiraxcept (AVB-500),1b,clear cell renal cell carcinoma (ccRCC),,False,
0001193125-21-328180,0001590877,2021-11-12,REGENXBIO Inc.  (RGNX)  (CIK 0001590877),d142076dex991.htm,2021-11-12,Nasdaq,RGNX,RGX-314,2,wet age-related macular degeneration and diabetic retinopathy,AAVIATE and ALTITUDE,False,
0001558370-21-015611,0001621227,2021-11-12,Adaptimmune Therapeutics PLC  (ADAP)  (CIK 0001621227),adap-20211111x8k.htm,2021-11-11,Nasdaq,ADAP,afamitresgene autoleucel,2,synovial sarcoma or myxoid/round cell liposarcoma,SPEARHEAD-1,False,
0001104659-21-137542,0001744659,2021-11-12,"Akero Therapeutics, Inc.  (AKRO)  (CIK 0001744659)",tm2132707d2_8k.htm,2021-11-12,Nasdaq,AKRO,efruxifermin,2a,non-alcoholic steatohepatitis,BALANCED,True,
0001193125-21-327456,0001816736,2021-11-12,"Gemini Therapeutics, Inc. /DE  (IRON)  (CIK 0001816736)",d240951d8k.htm,2021-11-12,Nasdaq,GMTX,GEM103,2a,geographic atrophy,ReGAtta,True,
0001171843-21-007913,0001061983,2021-11-15,CYTOKINETICS INC  (CYTK)  (CIK 0001061983),f8k_111521.htm,2021-11-15,Nasdaq,CYTK,omecamtiv mecarbil,3,heart failure with reduced ejection fraction,GALACTIC-HF,True,
0001370053-21-000072,0001370053,2021-11-15,"ANAPTYSBIO, INC  (ANAB)  (CIK 0001370053)",anab-20211115.htm,2021-11-15,Nasdaq,ANAB,rosnilimab,1,healthy volunteer,,False,
0001104659-21-139169,0001661059,2021-11-15,"NextCure, Inc.  (NXTC)  (CIK 0001661059)",tm2132890d1_ex99-1.htm,2021-11-13,Nasdaq,NXTC,"NC318, NC410",1 and 2,advanced/metastatic solid tumors,,False,
0001493152-21-028861,0000908259,2021-11-16,"Oncotelic Therapeutics, Inc.  (OTLC)  (CIK 0000908259)",ex99-1.htm,2021-11-16,OTCQB,OTLC,"OT-101, IL-2",1b,solid tumor cancers,NCT04862767,False,NCT04862767
0001104659-21-139939,0001279704,2021-11-16,"Cellectar Biosciences, Inc.  (CLRB)  (CIK 0001279704)",tm2133148d1_ex99-1.htm,2021-11-16,NASDAQ,CLRB,iopofosine I-131,1,high grade gliomas and soft tissue sarcomas,CLOVER-2,False,
0001104659-21-140321,0001035354,2021-11-17,"Eloxx Pharmaceuticals, Inc.  (ELOX)  (CIK 0001035354)",tm2133239d1_8k.htm,2021-11-17,NASDAQ,ELOX,ELX-02,2,cystic fibrosis,,False,NCT04126473;NCT04135495
0001193125-21-331873,0001659352,2021-11-17,"Codiak BioSciences, Inc.  (CIK 0001659352)",d253552d8k.htm,2021-11-16,Nasdaq,CDAK,exoSTING,1/2,solid tumors,,False,
0001104659-21-140869,0001178879,2021-11-18,"AMICUS THERAPEUTICS, INC.  (FOLD)  (CIK 0001178879)",tm2133361d1_8k.htm,2021-11-18,Nasdaq,FOLD,AT-GAA,3,late-onset Pompe disease,PROPEL,True,NCT03911505
0001564590-21-057537,0001748907,2021-11-18,Orchard Therapeutics plc  (CIK 0001748907),ortx-ex991_19.htm,2021-11-18,Nasdaq,ORTX,OTL-203,,Hurler syndrome,,False,
0001193125-21-335236,0001403752,2021-11-19,Zymeworks Inc.  (CIK 0001403752),d208558d8k.htm,2021-11-19,NYSE,ZYME,zanidatamab,1,HER2-positive breast cancer,,True,
0001654954-21-012446,0001853816,2021-11-19,"Dermata Therapeutics, Inc.  (DRMA, DRMAW)  (CIK 0001853816)",drma_8k.htm,2021-11-19,Nasdaq,DRMA,DMT410,1b,aesthetic skin conditions,,False,
0001564590-21-057958,0001671584,2021-11-23,Aptevo Therapeutics Inc.  (APVO)  (CIK 0001671584),apvo-ex991_33.htm,2021-11-23,NASDAQ,APVO,APVO436,1b,acute myeloid leukemia,,False,
0001140361-21-039298,0000874015,2021-11-24,IONIS PHARMACEUTICALS INC  (IONS)  (CIK 0000874015),brhc10031197_ex99-1.htm,2021-11-24,NASDAQ,IONS,vupanorsen,2b,cardiovascular risk reduction and severe hypertriglyceridemia,TRANSLATE-TIMI 70,False,
0001493152-21-029741,0000908259,2021-11-24,"Oncotelic Therapeutics, Inc.  (OTLC)  (CIK 0000908259)",ex99-1.htm,2021-11-23,OTCQB,OTLC,OT-101,2,COVID-19,C001,False,
0001193125-21-342256,0001711279,2021-11-29,"Krystal Biotech, Inc.  (KRYS)  (CIK 0001711279)",d217944d8k.htm,2021-11-29,NASDAQ,KRYS,VYJUVEK,3,dystrophic Epidermolysis Bullosa,GEM-3,False,NCT04491604;NCT04917874
0001628280-21-024142,0001741830,2021-11-29,"Kronos Bio, Inc.  (KRON)  (CIK 0001741830)",kron-20211129.htm,2021-11-29,The Nasdaq Stock Market LLC,KRON,KB-0742,1/2,MYC-amplified solid tumors,,False,
0001104659-21-144687,0000855654,2021-11-30,"ImmunoGen, Inc.  (CIK 0000855654)",tm2134074d1_8k.htm,2021-11-30,Nasdaq,IMGN,mirvetuximab soravtansine,3,ovarian cancer,SORAYA,False,
0001193125-21-342891,0001262104,2021-11-30,"MEI Pharma, Inc.  (MEIP)  (CIK 0001262104)",d205347dex991.htm,2021-11-30,NASDAQ,MEIP,zandelisib,2,follicular lymphoma,TIDAL,False,NCT02914938;NCT03768505;NCT04533581;NCT04745832
0001493152-21-030197,0000764195,2021-12-01,VBI Vaccines Inc/BC  (VBIVQ)  (CIK 0000764195),ex99-1.htm,2021-12-01,Nasdaq,VBIV,VBI-1901,2a,recurrent glioblastoma,,True,NCT02977780;NCT03382977
0001171843-21-008240,0001447028,2021-12-01,Arbutus Biopharma Corp  (ABUS)  (CIK 0001447028),exh_991.htm,2021-12-01,Nasdaq,ABUS,AB-836,1a/1b,chronic hepatitis B virus,,False,
0001193125-21-344367,0001597553,2021-12-01,"Sage Therapeutics, Inc.  (SAGE)  (CIK 0001597553)",d226984dex991.htm,2021-12-01,Nasdaq,SAGE,zuranolone,3,major depressive disorder,SHORELINE,True,
0001171843-21-008273,0001444192,2021-12-02,Acasti Pharma Inc.  (ACST)  (CIK 0001444192),exh_991.htm,2021-12-02,Nasdaq,ACST,GTX-104,,Subarachnoid Hemorrhage,,False,
0001193125-21-347835,0001623526,2021-12-03,"Stoke Therapeutics, Inc.  (STOK)  (CIK 0001623526)",d197450dex991.htm,2021-12-03,Nasdaq,STOK,STK-001,1/2a,Dravet syndrome,MONARCH,False,
0001193125-21-349137,0001070494,2021-12-06,ACADIA PHARMACEUTICALS INC  (ACAD)  (CIK 0001070494),d257158d8k.htm,2021-12-06,Nasdaq,ACAD,trofinetide,3,Rett syndrome,Lavender,False,
0001564590-21-059372,0001636282,2021-12-06,"Aeglea BioTherapeutics, Inc.  (SYRE)  (CIK 0001636282)",agle-8k_20211206.htm,2021-12-06,NASDAQ,AGLE,pegzilarginase,3,Arginase 1 Deficiency,PEACE,False,NCT03921541
0001564590-21-059379,0001641281,2021-12-06,"Bolt Biotherapeutics, Inc.  (BOLT)  (CIK 0001641281)",bolt-8k_20211206.htm,2021-12-06,Nasdaq,BOLT,BDC-1001,1/2,HER2-expressing solid tumors,,False,
0001193125-21-348354,0001680581,2021-12-06,"Fulcrum Therapeutics, Inc.  (FULC)  (CIK 0001680581)",d273327d8k.htm,2021-12-06,Nasdaq Global Market,FULC,FTX-6058,1,sickle cell disease,,False,
0001213900-21-063497,0001690080,2021-12-06,"180 Life Sciences Corp.  (ATNF, ATNFW)  (CIK 0001690080)",ea151751ex99-1_180lifesci.htm,2021-12-06,Nasdaq,ATNF,adalimumab,2b,Dupuytren’s Disease,,True,
0001718108-21-000036,0001718108,2021-12-06,"Surface Oncology, Inc.  (CIK 0001718108)",surf-1262021x8k.htm,2021-12-06,Nasdaq,SURF,SRF617,1,advanced solid tumors,SRF617-101,False,
0000950170-21-005044,0001720580,2021-12-06,"Adicet Bio, Inc.  (ACET)  (CIK 0001720580)",acet-20211206.htm,2021-12-06,Nasdaq Global Market,ACET,ADI-001,1,B Cell Non-Hodgkin’s Lymphoma,,False,
0001558370-21-016575,0001735438,2021-12-07,MeiraGTx Holdings plc  (MGTX)  (CIK 0001735438),mgtx-20211207x8k.htm,2021-12-07,Nasdaq,MGTX,AAV-hAQP1,1,Grade 2/3 Radiation-Induced Xerostomia,AQUAx,False,
0001193125-21-351399,0001598646,2021-12-08,"Minerva Neurosciences, Inc.  (NERV)  (CIK 0001598646)",d74277dex991.htm,,,,roluperidone,2b,schizophrenia,,True,NCT03397134
0001104659-21-147914,0000850261,2021-12-09,"Sorrento Therapeutics, Inc.  (SRNE)  (CIK 0000850261)",tm2134651d1_8k.htm,2021-12-09,Nasdaq,SRNE,SP-102 (SEMDEXA™),3,lumbosacral radicular pain (sciatica),C.L.E.A.R. Program,False,NCT03372161
0001193125-21-351679,0001403752,2021-12-09,Zymeworks Inc.  (CIK 0001403752),d260676d8k.htm,2021-12-08,NYSE,ZYME,zanidatamab,,HER2-positive breast cancer,,False,NCT05027139
0001628280-21-024728,0001600620,2021-12-09,Aurinia Pharmaceuticals Inc.  (AUPH)  (CIK 0001600620),auph-20211209.htm,2021-12-09,Nasdaq,AUPH,LUPKYNIS™ (voclosporin),3,lupus nephritis,AURORA 2,False,NCT03021499;NCT03597464
0001689813-21-000152,0001689813,2021-12-09,Biohaven Pharmaceutical Holding Co Ltd.  (CIK 0001689813),exhibit992zavegepantpressr.htm,2021-12-06,NYSE,BHVN,intranasal zavegepant,3,migraine,,False,NCT04571060
0001171843-21-008447,0001061983,2021-12-10,CYTOKINETICS INC  (CYTK)  (CIK 0001061983),f8k_121021.htm,2021-12-10,Nasdaq,CYTK,reldesemtiv,3,amyotrophic lateral sclerosis,COURAGE-ALS,False,
0001193125-21-353376,0001655759,2021-12-10,"ARVINAS, INC.  (ARVN)  (CIK 0001655759)",d271231dex991.htm,2021-12-10,Nasdaq,ARVN,ARV-471,1,locally advanced or metastatic ER+/HER2- breast cancer,,True,
0001493152-21-031281,0000876343,2021-12-13,"Lineage Cell Therapeutics, Inc.  (LCTX)  (CIK 0000876343)",ex99-1.htm,2021-11-30,NYSE American,LCTX,OpRegen,1/2a,age-related macular degeneration,,True,
0001171843-21-008490,0000882361,2021-12-13,Aptose Biosciences Inc.  (APTO)  (CIK 0000882361),exh_991.htm,2021-12-13,NASDAQ,APTO,HM43239,1/2,acute myeloid leukemia,,False,
0001628280-21-024895,0001001233,2021-12-13,"SANGAMO THERAPEUTICS, INC  (SGMO)  (CIK 0001001233)",sgmo-20211212.htm,2021-12-12,Nasdaq,SGMO,SAR445136,1/2,sickle cell disease,PRECIZN-1,True,
0001558370-21-016703,0001133818,2021-12-13,BIO-PATH HOLDINGS INC  (BPTH)  (CIK 0001133818),bpth-20211213xex99d1.htm,2021-12-13,Nasdaq,BPTH,prexigebersen (BP1001),2,Acute Myeloid Leukemia (AML),,False,
0001564590-21-060152,0001260990,2021-12-13,"Oncternal Therapeutics, Inc.  (ONCT)  (CIK 0001260990)",onct-8k_20211213.htm,2021-12-13,Nasdaq,ONCT,zilovertamab,1/2,mantle cell lymphoma (MCL) and chronic lymphocytic leukemia (CLL),CIRLL,True,
0001293971-21-000093,0001293971,2021-12-13,"bluebird bio, Inc.  (BLUE)  (CIK 0001293971)",exhibit99120211211.htm,2021-12-11,Nasdaq,BLUE,betibeglogene autotemcel (beti-cel),3,β-thalassemia,HGB-207 Northstar-2,False,
0001564590-21-060064,0001357874,2021-12-13,PRECISION BIOSCIENCES INC  (DTIL)  (CIK 0001357874),dtil-8k_20211211.htm,2021-12-11,Nasdaq,DTIL,PBCAR0191,1/2a,Relapsed/Refractory non-Hodgkin lymphoma or B-cell precursor acute lymphoblastic leukemia,,False,
0001564590-21-060153,0001395937,2021-12-13,Syndax Pharmaceuticals Inc  (SNDX)  (CIK 0001395937),sndx-8k_20211211.htm,2021-12-11,Nasdaq,SNDX,axatilimab,1/2,chronic graft-versus-host disease (cGVHD),AGAVE-201,False,
0001193125-21-354523,0001538210,2021-12-13,"NexImmune, Inc.  (NEXI)  (CIK 0001538210)",d238680dex991.htm,2021-12-12,Nasdaq,NEXI,NEXI-002,1/2,multiple myeloma,,False,
0001193125-21-354602,0001538927,2021-12-13,"Forma Therapeutics Holdings, Inc.  (CIK 0001538927)",d231942d8k.htm,2021-12-11,Nasdaq,FMTX,etavopivat,1,sickle cell disease,,False,NCT03815695;NCT04624659
0001104659-21-149107,0001590560,2021-12-13,uniQure N.V.  (QURE)  (CIK 0001590560),tm2135254d1_8k.htm,2021-12-09,NASDAQ,QURE,etranacogene dezaparvovec,3,hemophilia B,HOPE-B,False,
0001193125-21-354707,0001623715,2021-12-13,"Imago BioSciences, Inc.  (CIK 0001623715)",d248735d8k.htm,2021-12-11,Nasdaq,IMGO,bomedemstat,2,myelofibrosis,,True,NCT03136185;NCT04254978
0001171843-21-008476,0001629137,2021-12-13,"Global Blood Therapeutics, Inc.  (CIK 0001629137)",exh_991.htm,2021-12-13,NASDAQ,GBT,GBT021601,1,sickle cell disease,,False,
0001193125-21-355598,0001708493,2021-12-13,"Harpoon Therapeutics, Inc.  (CIK 0001708493)",d248888d8k.htm,2021-12-11,Nasdaq,HARP,HPN217,1/2,relapsed/refractory multiple myeloma,,False,NCT04184050
0001193125-21-354690,0001754068,2021-12-13,"Allovir, Inc.  (ALVR)  (CIK 0001754068)",d261161d8k.htm,2021-12-11,Nasdaq,ALVR,posoleucel,2,clinically significant infections and end-organ diseases from six potentially life-threatening viruses,,False,
0001493152-21-031170,0001799788,2021-12-13,"Greenwich LifeSciences, Inc.  (GLSI)  (CIK 0001799788)",ex99-1.htm,2021-12-09,Nasdaq,GLSI,GP2,2b,breast cancer,,False,NCT00524277
0001104659-21-149581,0000861838,2021-12-14,"IDERA PHARMACEUTICALS, INC.  (CIK 0000861838)",tm2135391d1_ex99-1.htm,2021-12-14,Nasdaq,IDRA,tilsotolimod,,various,ILLUMINATE-206,False,
0001104659-21-149556,0001279704,2021-12-14,"Cellectar Biosciences, Inc.  (CLRB)  (CIK 0001279704)",tm2135434d1_ex99-1.htm,2021-12-08,NASDAQ,CLRB,iopofosine I-131,2,multiple myeloma,CLOVER-1,False,
0001193805-21-001749,0001280776,2021-12-14,"IMMUNIC, INC.  (IMUX)  (CIK 0001280776)",e621156_8k-immunic.htm,2021-12-14,Nasdaq,IMUX,IMU-935,1,chronic inflammatory and autoimmune diseases,,False,
0001104659-21-149386,0001372514,2021-12-14,"KIORA PHARMACEUTICALS INC  (KPRX, KPHMW)  (CIK 0001372514)",tm2135356d1_8k.htm,2021-12-14,NASDAQ,KPRX,KIO-101,1,dry eye disease,,False,
0001193125-21-356947,0001434316,2021-12-14,FATE THERAPEUTICS INC  (FATE)  (CIK 0001434316),d267979dex991.htm,2021-12-13,NASDAQ,FATE,FT516,1,B-cell lymphoma,,False,NCT04023071
0001437749-21-028468,0001434647,2021-12-14,"KEMPHARM, INC  (ZVRA)  (CIK 0001434647)",ex_316112.htm,2021-12-14,NASDAQ,KMPH,serdexmethylphenidate (SDX),1,attention deficit hyperactivity disorder (ADHD),,False,
0001193125-21-356165,0001563577,2021-12-14,"Galera Therapeutics, Inc.  (GRTX)  (CIK 0001563577)",d235822d8k.htm,2021-12-14,Nasdaq,GRTX,avasopasem,3,radiotherapy-induced severe oral mucositis,ROMAN,True,
0001610618-21-000111,0001610618,2021-12-14,"Cidara Therapeutics, Inc.  (CDTX)  (CIK 0001610618)",cdtx-20211214.htm,2021-12-14,Nasdaq,CDTX,rezafungin,3,candidemia and invasive candidiasis,ReSTORE,False,NCT03667690;NCT04368559
0001651308-21-000251,0001651308,2021-12-14,"BeiGene, Ltd.  (BGNE, BEIGF)  (CIK 0001651308)",ax14dec2021xex991xesmoxio_.htm,2021-12-10,Nasdaq,BGNE,tislelizumab,3,recurrent or metastatic nasopharyngeal cancer,RATIONALE 309,True,NCT03209973;NCT03358875;NCT03412773;NCT03419897;NCT03430843;NCT03594747;NCT03663205;NCT03736889;NCT03777657;NCT03783442;NCT03924986;NCT03957590;NCT03967977;NCT04004221;NCT04005716;NCT04379635;NCT04486391
0001847903-21-000028,0001847903,2021-12-14,Centessa Pharmaceuticals plc  (CNTA)  (CIK 0001847903),pressrelease8kex991121421.htm,2021-12-14,Nasdaq,CNTA,lixivaptan,3,Autosomal Dominant Polycystic Kidney Disease,ACTION,False,NCT04064346;NCT04152837
0001628280-21-024992,0001860782,2021-12-14,"2seventy bio, Inc.  (TSVT)  (CIK 0001860782)",exhibit991-8xk.htm,2021-12-13,Nasdaq,TSVT,bb21217,1,relapsed and refractory multiple myeloma,CRB-402,False,NCT03274219;NCT05105152
0001438533-21-000056,0001438533,2021-12-15,"Travere Therapeutics, Inc.  (TVTX)  (CIK 0001438533)",tvtx-20211215.htm,2021-12-15,The Nasdaq Global Market,TVTX,pegtibatinase,1/2,classical homocystinuria,COMPOSE,False,
0001193125-21-358543,0001538927,2021-12-16,"Forma Therapeutics Holdings, Inc.  (CIK 0001538927)",d257303d8k.htm,2021-12-16,Nasdaq,FMTX,olutasidenib,2,mIDH1 acute myeloid leukemia,2102-HEM-101,False,NCT02719574
0001493152-21-031659,0001582554,2021-12-16,"Matinas BioPharma Holdings, Inc.  (MTNB)  (CIK 0001582554)",ex99-1.htm,2021-12-16,NYSE AMER,MTNB,MAT2203,2,cryptococcal meningitis,EnACT,False,
0001193125-21-358680,0001740279,2021-12-16,"IN8BIO, INC.  (INAB)  (CIK 0001740279)",d225963dex991.htm,2021-12-16,Nasdaq,INAB,INB-100,1,leukemia,,False,NCT03533816
0001193125-21-358521,0001789972,2021-12-16,"Cullinan Oncology, Inc.  (CGEM)  (CIK 0001789972)",d237379d8k.htm,2021-12-16,Nasdaq,CGEM,CLN-081,1/2a,non-small cell lung cancer,,True,
0001193125-21-358542,0001815442,2021-12-16,"Kymera Therapeutics, Inc.  (KYMR)  (CIK 0001815442)",d213171d8k.htm,2021-12-16,NASDAQ,KYMR,KT-474,1,,,False,
0001104659-21-151146,0001590560,2021-12-17,uniQure N.V.  (QURE)  (CIK 0001590560),tm2135767d1_ex99-1.htm,2021-12-16,NASDAQ,QURE,AMT-130,1/2,Huntington’s disease,,False,
0001600132-21-000055,0001600132,2021-12-17,"Bellerophon Therapeutics, Inc.  (BLPH)  (CIK 0001600132)",blph-20211217ex991f55dfc.htm,2021-12-17,Nasdaq,BLPH,INOpulse,2,pulmonary hypertension associated with sarcoidosis,PULSE-PHPF-002,False,
0001214659-21-013348,0001677077,2021-12-17,"Alzamend Neuro, Inc.  (ALZN)  (CIK 0001677077)",ex99_1.htm,2021-12-17,Nasdaq,ALZN,AL001,1,dementia related to Alzheimer’s,,False,
0001558370-21-016900,0001787297,2021-12-17,"Passage BIO, Inc.  (PASG)  (CIK 0001787297)",pasg-20211217xex99d1.htm,2021-12-17,Nasdaq,PASG,PBGM01,1/2,GM1 Gangliosidosis,Imagine-1,False,NCT04713475
0001599298-21-000045,0001599298,2021-12-20,Summit Therapeutics Inc.  (SMMT)  (CIK 0001599298),pressrelease-12202021.htm,2021-12-20,NASDAQ,SMMT,ridinilazole,3,C. difficile infection,Ri-CoDIFy,False,
0000950170-21-005294,0001539029,2021-12-21,"Clearside Biomedical, Inc.  (CLSD)  (CIK 0001539029)",clsd-ex99_1.htm,2021-12-21,Nasdaq,CLS,CLS-AX,1/2a,wet AMD,OASIS,False,
0001213900-21-067091,0001553643,2021-12-22,"RELMADA THERAPEUTICS, INC.  (RLMD)  (CIK 0001553643)",ea152954ex99-1_relmada.htm,2021-12-22,Nasdaq,RLMD,REL-1017,2,major depressive disorder,,False,
0000950170-21-005310,0001564824,2021-12-22,Allakos Inc.  (ALLK)  (CIK 0001564824),allk-ex99_1.htm,2021-12-21,Nasdaq,ALLK,lirentelimab,3,eosinophilic gastrointestinal diseases,ENIGMA 2,False,
0001213900-21-067469,0001158780,2021-12-27,PLURISTEM THERAPEUTICS INC  (PLUR)  (CIK 0001158780),ea153061-8k_pluristem.htm,2021-12-27,Nasdaq,PSTI,PLX-PAD,2,Acute Respiratory Distress Syndrome associated with COVID-19,,False,
0001564590-21-061221,0001394319,2021-12-27,"Tracon Pharmaceuticals, Inc.  (TCON)  (CIK 0001394319)",tcon-8k_20211227.htm,2021-12-27,Nasdaq,TCON,envafolimab,2,soft tissue sarcoma,ENVASARC,False,NCT04480502
0001437749-21-029235,0001659617,2021-12-27,"Moleculin Biotech, Inc.  (MBRX)  (CIK 0001659617)",ex_319246.htm,2021-12-27,Nasdaq,MBRX,Annamycin,1b/2,soft tissue sarcoma lung metastases,,False,NCT04887298
0001193125-21-366669,0001743881,2021-12-27,"BridgeBio Pharma, Inc.  (BBIO)  (CIK 0001743881)",d285149d8k.htm,2021-12-27,Nasdaq,BBIO,acoramidis,3,symptomatic transthyretin (TTR) amyloid cardiomyopathy (ATTR-CM),ATTRibute-CM,False,
0001104659-21-154719,0001372299,2021-12-30,"Ocugen, Inc.  (OCGN)  (CIK 0001372299)",tm2136603d1_ex99-1.htm,2021-12-30,Nasdaq,OCGN,COVAXIN (BBV152),2/3,COVID-19,,False,
0001193125-22-001705,0001528115,2022-01-04,"Annexon, Inc.  (ANNX)  (CIK 0001528115)",d283972d8k.htm,2022-01-04,Nasdaq,ANNX,ANX005,2,Huntington’s disease,,False,
0001193125-22-000971,0001624658,2022-01-04,"Allena Pharmaceuticals, Inc.  (CIK 0001624658)",d261981dex991.htm,2022-01-04,NASDAQ,ALNA,ALLN-346,2a,hyperuricemia and gout,Study 201,False,
0001193125-22-001861,0001656634,2022-01-04,"Gritstone bio, Inc.  (GRTS)  (CIK 0001656634)",d199614dex991.htm,2022-01-04,Nasdaq,GRTS,CORAL-BOOST,1,COVID-19,CORAL-BOOST,False,
0001739614-22-000002,0001739614,2022-01-04,"Inhibrx, Inc.  (CIK 0001739614)",exhibit991pressrelease1202.htm,2022-01-04,Nasdaq,INBX,INBRX-106,1,solid tumors,,False,
0000950170-22-000081,0001382101,2022-01-05,"SUTRO BIOPHARMA, INC.  (STRO)  (CIK 0001382101)",stro-20220105.htm,2022-01-05,NASDAQ,STRO,STRO-002,1,advanced ovarian cancer,,False,
0001157523-22-000027,0001710072,2022-01-05,"Edgewise Therapeutics, Inc.  (EWTX)  (CIK 0001710072)",a52557938.htm,2022-01-05,NASDAQ,EWTX,EDG-5506,1b,Becker Muscular Dystrophy,,False,NCT04585464;NCT05160415
0001628280-22-000405,0001534120,2022-01-06,"Avalo Therapeutics, Inc.  (AVTX)  (CIK 0001534120)",avalotherapeutics2022inv.htm,2022-01-06,Nasdaq,AVTX,AVTX-002,1b,Crohn's Disease,,False,
0001193125-22-003165,0001799448,2022-01-06,"Aligos Therapeutics, Inc.  (ALGS)  (CIK 0001799448)",d288360d8k.htm,2022-01-06,Nasdaq,ALGS,ALG-010133,1,chronic hepatitis B,ALG-010133-101,False,
0000950170-22-000205,0000873303,2022-01-10,"Sarepta Therapeutics, Inc.  (SRPT)  (CIK 0000873303)",srpt-20220110.htm,2022-01-10,Nasdaq,SRPT,SRP-9001,3,Duchenne muscular dystrophy,SRP-9001-102,False,
0001104659-22-002720,0001372299,2022-01-10,"Ocugen, Inc.  (OCGN)  (CIK 0001372299)",tm222498d1_8k.htm,2022-01-08,Nasdaq,OCGN,COVAXIN,2,COVID-19,,False,
0001628280-22-000803,0001372299,2022-01-12,"Ocugen, Inc.  (OCGN)  (CIK 0001372299)",ocgn-20220112xex991.htm,2022-01-12,Nasdaq,OCGN,COVAXIN,,COVID-19,,True,NCT04471519
0001193125-22-008197,0001832038,2022-01-13,"Adagio Therapeutics, Inc.  (IVVD)  (CIK 0001832038)",d277827dex991.htm,2022-01-12,Nasdaq,ADGI,ADG20,2/3,COVID-19,EVADE and STAMP,False,
0001628280-22-001039,0001213037,2022-01-18,"Cardiff Oncology, Inc.  (CRDF)  (CIK 0001213037)",a991ex011821.htm,2022-01-18,Nasdaq,CRDF,onvansertib,1b/2,KRAS-mutated metastatic colorectal cancer,,True,NCT03829410
0001104659-22-004962,0001509745,2022-01-18,"LEAP THERAPEUTICS, INC.  (LPTX)  (CIK 0001509745)",tm223227d1_ex99-1.htm,2022-01-18,Nasdaq,LPTX,DKN-01 plus tislelizumab,2a,gastric or gastroesophageal junction cancer,DisTinGuish,False,NCT04363801
0001437749-22-001007,0001659617,2022-01-18,"Moleculin Biotech, Inc.  (MBRX)  (CIK 0001659617)",ex_323618.htm,2022-01-18,Nasdaq,MBRX,Annamycin,1,acute myeloid leukemia and metastases of soft tissue sarcoma,,False,NCT04887298
0001104659-22-005168,0001566044,2022-01-19,VYNE Therapeutics Inc.  (VYNE)  (CIK 0001566044),tm223236d1_ex99-1.htm,2022-01-19,Nasdaq,VYNE,FMX114,1b,mild-to-moderate atopic dermatitis,VY2021-01,False,NCT04927572
0001564590-22-001836,0001748907,2022-01-21,Orchard Therapeutics plc  (CIK 0001748907),ortx-ex991_33.htm,2022-01-21,Nasdaq,ORTX,Libmeldy,,early-onset metachromatic leukodystrophy,,False,
0001493152-22-002053,0000946644,2022-01-24,AIM ImmunoTech Inc.  (AIM)  (CIK 0000946644),ex99-1.htm,2022-01-24,NYSE,AIM,rintatolimod,1/2,advanced recurrent ovarian cancer,,False,NCT02432378
0001193125-22-016133,0001654151,2022-01-24,"Deciphera Pharmaceuticals, Inc.  (CIK 0001654151)",d279635dex991.htm,2022-01-24,NASDAQ,DCPH,QINLOCK (ripretinib),3,gastrointestinal stromal tumor (GIST),INTRIGUE,True,
0001193125-22-016089,0001785173,2022-01-24,"89bio, Inc.  (ETNB)  (CIK 0001785173)",d300501d8k.htm,2022-01-24,Nasdaq,ETNB,pegozafermin (BIO89-100),1b/2a,NASH,,False,
0001104659-22-007179,0001651407,2022-01-25,"Checkpoint Therapeutics, Inc.  (CKPT)  (CIK 0001651407)",tm224380d1_8k.htm,2022-01-25,NASDAQ,CKPT,cosibelimab,,metastatic cutaneous squamous cell carcinoma,,False,
0001193125-22-017722,0001205922,2022-01-26,"VACCINEX, INC.  (VCNX)  (CIK 0001205922)",d252591dex991.htm,2022-01-26,Nasdaq,VCNX,pepinemab,1b,recurrent or metastatic head and neck squamous cell carcinoma,KEYNOTE-B84,False,NCT04815720
0001193125-22-017624,0001537917,2022-01-26,"TYME TECHNOLOGIES, INC.  (CIK 0001537917)",d254338dex991.htm,2022-01-26,Nasdaq,TYME,SM-88,2/3,metastatic pancreatic cancer,Precision Promise,False,
0001558370-22-000487,0001001316,2022-01-27,"TG THERAPEUTICS, INC.  (TGTX)  (CIK 0001001316)",tgtx-20220127x8k.htm,2022-01-27,Nasdaq,TGTX,U2,3,chronic lymphocytic leukemia,UNITY-CLL,True,
0001493152-22-002360,0001535955,2022-01-27,Lipocine Inc.  (LPCN)  (CIK 0001535955),ex99-1.htm,2022-01-27,NASDAQ,LPCN,TLANDO,3,hypogonadism,Dosing Validation,True,
0001564590-22-002577,0001800315,2022-01-27,"Galecto, Inc.  (GLTO)  (CIK 0001800315)",glto-ex991_25.htm,2022-01-27,NASDAQ,GLTO,GB0139,,COVID-19,,False,NCT04473053
0001193125-22-019000,0001806310,2022-01-27,"Taysha Gene Therapies, Inc.  (TSHA)  (CIK 0001806310)",d217477dex991.htm,2022-01-27,Nasdaq,TSHA,TSHA-101,1/2,GM2 gangliosidosis,,False,
0001140361-22-003182,0000874015,2022-01-31,IONIS PHARMACEUTICALS INC  (IONS)  (CIK 0000874015),brhc10033283_ex99-1.htm,2022-01-31,NYSE,PFE,vupanorsen,2b,dyslipidemia,TRANSLATE-TIMI 70,True,
0001140361-22-003143,0001228627,2022-01-31,"Ocuphire Pharma, Inc.  (OCUP)  (CIK 0001228627)",brhc10033299_ex99-1.htm,2022-01-31,Nasdaq,OCUP,APX3330,2b,diabetic retinal diseases,ZETA-1,False,NCT04620213;NCT04638660;NCT04675151;NCT04692688;NCT05134974
0001193125-22-022338,0001806310,2022-01-31,"Taysha Gene Therapies, Inc.  (TSHA)  (CIK 0001806310)",d307369dex991.htm,2022-01-31,Nasdaq,TSHA,TSHA-120,,giant axonal neuropathy,,False,
0001171843-22-000668,0001061983,2022-02-01,CYTOKINETICS INC  (CYTK)  (CIK 0001061983),f8k_020122.htm,2022-02-01,Nasdaq,CYTK,aficamten,2,hypertrophic cardiomyopathy,REDWOOD-HCM,False,
0001140361-22-003577,0001472091,2022-02-02,PDS Biotechnology Corp  (PDSB)  (CIK 0001472091),brhc10033363_ex99-1.htm,2022-02-02,Nasdaq,PDSB,PDS0101,2,human papillomavirus (HPV)-associated head and neck cancer,VERSATILE-002,False,
0001193125-22-027687,0001347178,2022-02-04,Vanda Pharmaceuticals Inc.  (VNDA)  (CIK 0001347178),d302458d8k.htm,2022-02-04,Nasdaq,VNDA,tradipitant,3,gastroparesis,VP-VLY-686-3303,False,
0001694665-22-000033,0001694665,2022-02-07,"Evelo Biosciences, Inc.  (EVLO)  (CIK 0001694665)",evlo-20220207.htm,2022-02-07,Nasdaq,EVLO,EDP1815,2,psoriasis,,True,
0001193125-22-030404,0001273636,2022-02-08,APPLIED GENETIC TECHNOLOGIES CORP  (CIK 0001273636),d306517dex992.htm,,,,AGTC-401,1/2,Achromatopsia,ACHM,False,
0001628280-22-002051,0001001233,2022-02-09,"SANGAMO THERAPEUTICS, INC  (SGMO)  (CIK 0001001233)",sgmo-20220207.htm,2022-02-07,Nasdaq,SGMO,isaralgagene civaparvovec,1/2,Fabry disease,STAAR,True,
0001193125-22-032205,0001590877,2022-02-09,REGENXBIO Inc.  (RGNX)  (CIK 0001590877),d276078dex991.htm,2022-02-09,Nasdaq,RGNX,RGX-121,1/2,Mucopolysaccharidosis Type II,,True,
0001193125-22-031820,0001681087,2022-02-09,"AVROBIO, Inc.  (TECX)  (CIK 0001681087)",d312907d8k.htm,2022-02-09,Nasdaq,AVRO,AVR-RD-04,1/2,cystinosis,,False,NCT03897361
0001193125-22-032678,0001783183,2022-02-09,"Phathom Pharmaceuticals, Inc.  (PHAT)  (CIK 0001783183)",d283546d8k.htm,2022-02-09,Nasdaq,PHAT,vonoprazan,2,non-erosive gastroesophageal reflux disease,PHALCON-NERD,False,
0001558370-22-001039,0001787297,2022-02-11,"Passage BIO, Inc.  (PASG)  (CIK 0001787297)",pasg-20220211xex99d1.htm,2022-02-11,Nasdaq,PASG,PBGM01,1/2,GM1 gangliosidosis,Imagine-1,True,NCT04713475
0001193125-22-039357,0001590877,2022-02-14,REGENXBIO Inc.  (RGNX)  (CIK 0001590877),d312888dex991.htm,2022-02-12,Nasdaq,RGNX,RGX-314,2,diabetic retinopathy,ALTITUDE,True,
0001437749-22-003189,0001659617,2022-02-14,"Moleculin Biotech, Inc.  (MBRX)  (CIK 0001659617)",ex_334021.htm,2022-02-14,Nasdaq,MBRX,Annamycin,1,acute myeloid leukemia,MB-105,False,NCT04887298
0000950170-22-001153,0001822711,2022-02-14,"PARDES BIOSCIENCES, INC.  (CIK 0001822711)",prds-20220211.htm,2022-02-14,Nasdaq,PRDS,PBI-0451,1,COVID-19,,False,
0001171843-22-001030,0001061983,2022-02-15,CYTOKINETICS INC  (CYTK)  (CIK 0001061983),f8k_021522.htm,2022-02-15,Nasdaq,CYTK,omecamtiv mecarbil,3,heart failure with reduced ejection fraction,METEORIC-HF,False,
0001193125-22-042361,0001655759,2022-02-15,"ARVINAS, INC.  (ARVN)  (CIK 0001655759)",d282247d8k.htm,2022-02-14,Nasdaq,ARVN,bavdegalutamide (ARV-110),1/2,metastatic castration-resistant prostate cancer (mCRPC),ARDENT,False,
0001193125-22-043937,0001597553,2022-02-16,"Sage Therapeutics, Inc.  (SAGE)  (CIK 0001597553)",d443707dex991.htm,2022-02-16,Nasdaq,SAGE,zuranolone,3,major depressive disorder (MDD),CORAL,False,
0001193125-22-044007,0001701108,2022-02-16,"Spero Therapeutics, Inc.  (SPRO)  (CIK 0001701108)",d334067d8k.htm,2022-02-16,Nasdaq,SPRO,SPR206,1,multi-drug resistant (MDR) gram-negative infections,bronchoalveolar lavage (BAL) clinical trial,False,NCT04865393;NCT04868292
0001193125-22-044926,0001655759,2022-02-17,"ARVINAS, INC.  (ARVN)  (CIK 0001655759)",d296665d8k.htm,2022-02-17,,,bavdegalutamide (ARV-110),1/2,metastatic castration-resistant prostate cancer (mCRPC),ARDENT,True,
0001493152-22-005063,0001076682,2022-02-22,"POLARITYTE, INC.  (RGTPQ)  (CIK 0001076682)",ex99-1.htm,2022-02-22,Nasdaq,PTE,SkinTE,,Venous Leg Ulcers,NCT03881267,False,NCT03881267
0001104659-22-025623,0001509261,2022-02-22,"Rezolute, Inc.  (RZLT)  (CIK 0001509261)",tm227153d1_8k.htm,2022-02-22,Nasdaq,RZLT,RZ402,1b,diabetic macular edema,,False,
0000950170-22-001684,0001468748,2022-02-23,Kodiak Sciences Inc.  (KOD)  (CIK 0001468748),kod-20220223.htm,2022-02-23,The NASDAQ Stock Market LLC,KOD,KSI-301,2b/3,neovascular (wet) age-related macular degeneration,,False,
0001213900-22-008783,0001553643,2022-02-23,"RELMADA THERAPEUTICS, INC.  (RLMD)  (CIK 0001553643)",ea156057-8k_relmada.htm,2022-02-23,NASDAQ,RLMD,REL-1017,3,major depressive disorder,,True,
0001140361-22-006564,0001472091,2022-02-24,PDS Biotechnology Corp  (PDSB)  (CIK 0001472091),brhc10034389_ex99-1.htm,2022-02-24,Nasdaq,PDSB,PDS0101,2,recurrent or metastatic HPV16-positive head and neck cancer,VERSATILE-002,False,NCT04260126;NCT04287868;NCT04580771;NCT05232851
0001564590-22-006498,0001563880,2022-02-24,"Trevi Therapeutics, Inc.  (TRVI)  (CIK 0001563880)",trvi-8k_20220224.htm,2022-02-24,,,Haduvio,2,idiopathic pulmonary fibrosis,CANAL,False,
0000950170-22-001856,0001822791,2022-02-24,"Clene Inc.  (CLNN, CLNNW)  (CIK 0001822791)",clnn-ex99_1.htm,2022-02-24,NASDAQ,CLNN,CNM-Au8,2,Multiple Sclerosis,VISIONARY-MS and REPAIR-MS,True,NCT03536559;NCT03815916
0001171843-22-001397,0001398733,2022-02-25,"Aquestive Therapeutics, Inc.  (AQST)  (CIK 0001398733)",exh_991.htm,2022-02-25,NASDAQ,AQST,AQST-109,,anaphylaxis,EPIPHAST,False,
0001213900-22-009272,0001788028,2022-02-25,"Jasper Therapeutics, Inc.  (JSPR, JSPRW)  (CIK 0001788028)",ea156175ex99-1_jasper.htm,2022-02-24,NASDAQ,JSPR,JSP191,1b,myelodysplastic syndrome (MDS) or acute myeloid leukemia (AML),,False,
0001193125-22-056251,0001598646,2022-02-28,"Minerva Neurosciences, Inc.  (NERV)  (CIK 0001598646)",d321129d8k.htm,2022-02-28,Nasdaq,NERV,roluperidone,3,schizophrenia,,True,
0001694665-22-000035,0001694665,2022-02-28,"Evelo Biosciences, Inc.  (EVLO)  (CIK 0001694665)",evlo-20220228.htm,2022-02-28,Nasdaq,EVLO,EDP1815,2,psoriasis,EDP1815-201,True,
0001171843-22-001488,0001398733,2022-03-01,"Aquestive Therapeutics, Inc.  (AQST)  (CIK 0001398733)",exh_991.htm,2022-02-28,Nasdaq,AQST,AQST-109,1,anaphylaxis,"A Phase 1, Randomized Study Evaluating the Safety Tolerability, Pharmacokinetics (PK) and Pharmacodynamics (PD) of Single Ascending Doses of Epinephrine Prodrug 109 Sublingual Film (AQST-109) in Healthy Male Volunteers",False,
0001193125-22-063051,0001411906,2022-03-02,"Ampio Pharmaceuticals, Inc.  (AMPE)  (CIK 0001411906)",d111682dex991.htm,2022-03-02,NYSE American,AMPE,Ampion,3,severe osteoarthritis of the knee,AP-013,False,
0001437749-22-005086,0001513818,2022-03-03,"Aravive, Inc.  (CIK 0001513818)",ex_342433.htm,2022-03-03,Nasdaq,ARAV,batiraxcept,1b,clear cell renal cell carcinoma,,False,NCT04300140;NCT04729608;NCT04983407
0001104659-22-030888,0000882095,2022-03-07,"GILEAD SCIENCES, INC.  (GILD)  (CIK 0000882095)",tm228518d1_8k.htm,2022-03-07,Nasdaq,GILD,Trodelvy,3,HR+/HER2- metastatic breast cancer,TROPiCS-02,False,NCT03901339
0001494650-22-000013,0001494650,2022-03-07,"OptiNose, Inc.  (OPTN)  (CIK 0001494650)",a20220228reopen1results.htm,2022-03-07,,,XHANCE,3,chronic sinusitis,ReOpen1,False,
0001104659-22-032648,0001012477,2022-03-11,AVADEL PHARMACEUTICALS PLC  (AVDL)  (CIK 0001012477),tm228962d1_8k.htm,2022-03-11,Nasdaq,AVDL,FT218,3,narcolepsy,REST-ON,True,
0001213900-22-011983,0000906709,2022-03-14,NEKTAR THERAPEUTICS  (NKTR)  (CIK 0000906709),ea156805-8k_nektarther.htm,2022-03-14,NYSE,BMY,bempegaldesleukin (BEMPEG) in combination with Opdivo (nivolumab),3,unresectable or metastatic melanoma,PIVOT IO-001,False,
0001370053-22-000014,0001370053,2022-03-14,"ANAPTYSBIO, INC  (ANAB)  (CIK 0001370053)",imsidolimabacnepr031422.htm,2022-03-14,Nasdaq,ANAB,imsidolimab,2,moderate-to-severe acne,ACORN,False,
0000950170-22-003498,0001822791,2022-03-14,"Clene Inc.  (CLNN, CLNNW)  (CIK 0001822791)",clnn-20220314.htm,2022-03-14,NASDAQ,CLNN,CNM-Au8,2,amyotrophic lateral sclerosis (ALS),RESCUE-ALS,True,
0001104659-22-033722,0001455365,2022-03-15,COGNITION THERAPEUTICS INC  (CGTX)  (CIK 0001455365),tm229256d1_ex99-2.htm,,,,CT1812,2,Alzheimer’s disease,SHINE,False,NCT03507790
0001193125-22-077217,0001492422,2022-03-16,"Apellis Pharmaceuticals, Inc.  (APLS)  (CIK 0001492422)",d223867d8k.htm,2022-03-16,Nasdaq,APLS,intravitreal pegcetacoplan,3,geographic atrophy,DERBY and OAKS,False,
0001193125-22-077862,0001305253,2022-03-17,"Eiger BioPharmaceuticals, Inc.  (EIGRQ)  (CIK 0001305253)",d275684dex991.htm,2022-03-17,Nasdaq,EIGR,Peginterferon Lambda,3,COVID-19,TOGETHER,False,NCT04727424
0001387131-22-003807,0001430306,2022-03-21,Tonix Pharmaceuticals Holding Corp.  (TNXP)  (CIK 0001430306),ex99-01.htm,2022-03-21,Nasdaq,TNXP,TNX-102 SL,3,fibromyalgia,RALLY,True,
0001437749-22-006788,0001434647,2022-03-21,"KEMPHARM, INC  (ZVRA)  (CIK 0001434647)",ex_349155.htm,2022-03-21,Nasdaq,KMPH,serdexmethylphenidate,1,idiopathic hypersomnia,,True,
0001493152-22-007328,0001574235,2022-03-21,"Pulmatrix, Inc.  (PULM)  (CIK 0001574235)",ex99-1.htm,2022-03-21,NASDAQ,PULM,PUR1800,1b,Chronic Obstructive Pulmonary Disease,,False,
0001824293-22-000019,0001824293,2022-03-21,"Vallon Pharmaceuticals, Inc.  (GRI)  (CIK 0001824293)",ck00018242493-20220321.htm,2022-03-21,NASDAQ,VLON,ADAIR,,attention deficit hyperactivity disorder,SEAL,False,
0000950170-22-004229,0001831363,2022-03-21,"Terns Pharmaceuticals, Inc.  (TERN)  (CIK 0001831363)",tern-20220321.htm,2022-03-21,Nasdaq,TERN,TERN-201,1b,NASH,AVIATION,False,NCT04897594
0001711279-22-000010,0001711279,2022-03-22,"Krystal Biotech, Inc.  (KRYS)  (CIK 0001711279)",jeunekb301efficacypressrel.htm,2022-03-22,NASDAQ,KRYS,KB301,1,aesthetic skin conditions,PEARL-1,False,NCT04540900
0001104659-22-037014,0001509261,2022-03-23,"Rezolute, Inc.  (RZLT)  (CIK 0001509261)",tm2210173d1_8k.htm,2022-03-23,Nasdaq,RZLT,RZ358,2b,congenital hyperinsulinism,RIZE,False,
0001193125-22-085974,0001740279,2022-03-28,"IN8BIO, INC.  (INAB)  (CIK 0001740279)",d262798dex991.htm,2022-03-28,Nasdaq,INAB,INB-100,1,leukemia,,False,NCT03533816
0001104659-22-039668,0001737953,2022-03-30,"Replimune Group, Inc.  (REPL)  (CIK 0001737953)",tm2210780d1_ex99-1.htm,2022-03-30,Nasdaq,REPL,RP1,2,non-melanoma skin cancer and melanoma,IGNYTE,True,
0001193125-22-088649,0001832038,2022-03-30,"Adagio Therapeutics, Inc.  (IVVD)  (CIK 0001832038)",d332863dex991.htm,2022-03-30,Nasdaq,ADGI,adintrevimab,2/3,COVID-19,EVADE and STAMP,False,
0001558370-22-005043,0001006281,2022-04-04,"Protalix BioTherapeutics, Inc.  (PLX)  (CIK 0001006281)",plx-20220404x8k.htm,2022-04-04,NYSE American,PLX,pegunigalsidase alfa (PRX-102),3,Fabry disease,BALANCE,False,NCT02795676
0001171843-22-002319,0001061983,2022-04-04,CYTOKINETICS INC  (CYTK)  (CIK 0001061983),f8k_040422.htm,2022-04-03,Nasdaq,CYTK,omecamtiv mecarbil,3,heart failure with reduced ejection fraction (HFrEF),METEORIC-HF,False,
0001171843-22-002320,0001061983,2022-04-04,CYTOKINETICS INC  (CYTK)  (CIK 0001061983),f8k_040422.htm,2022-04-02,Nasdaq,CYTK,aficamten,2,obstructive hypertrophic cardiomyopathy (HCM),REDWOOD-HCM,False,
0001169245-22-000033,0001169245,2022-04-04,PhaseBio Pharmaceuticals Inc  (PHASQ)  (CIK 0001169245),ex991bentracimabphase2bfin.htm,2022-04-04,Nasdaq,PHAS,bentracimab,2b,cardiovascular diseases,REVERSE-IT,True,NCT04122170
0001410939-22-000042,0001410939,2022-04-04,"IVERIC bio, Inc.  (CIK 0001410939)",isee-20220404.htm,,Nasdaq,ISEE,Zimura (avacincaptad pegol),,geographic atrophy secondary to age-related macular degeneration,GATHER1,True,
0001104659-22-042207,0001583107,2022-04-04,"Theravance Biopharma, Inc.  (TBPH)  (CIK 0001583107)",tm227428d2_ex99-1.htm,2022-04-04,NASDAQ,TBPH,ampreloxetine,3,symptomatic neurogenic orthostatic hypotension,Study 0170,False,NCT03829657
0001193125-22-094408,0001631574,2022-04-04,Wave Life Sciences Ltd.  (WVE)  (CIK 0001631574),d345845dex991.htm,2022-04-04,Nasdaq,WVE,WVE-004,1b/2a,C9orf72-associated amyotrophic lateral sclerosis and frontotemporal dementia,FOCUS-C9,False,NCT04906460;NCT04931862;NCT05032196
0000950170-22-005303,0001693011,2022-04-04,"Inozyme Pharma, Inc.  (INZY)  (CIK 0001693011)",inzy-20220404.htm,2022-04-04,Nasdaq,INZY,INZ-701,1/2,ENPP1 Deficiency,,False,
0001493152-22-009114,0000764195,2022-04-05,VBI Vaccines Inc/BC  (VBIVQ)  (CIK 0000764195),ex99-1.htm,2022-04-05,Nasdaq,VBIV,VBI-2905,1b,coronavirus,,False,
0000950170-22-005369,0001822791,2022-04-05,"Clene Inc.  (CLNN, CLNNW)  (CIK 0001822791)",clnn-20220405.htm,2022-04-05,Nasdaq,CLNN,not stated,not stated,ALS,RESCUE-ALS,True,
0001213900-22-018307,0001506251,2022-04-06,"Citius Pharmaceuticals, Inc.  (CTXR)  (CIK 0001506251)",ea157980-8k_citius.htm,2022-04-06,Nasdaq,CTXR,I/ONTAK (E7777),3,cutaneous T-cell lymphoma (CTCL),302,False,NCT01871727
0001104659-22-043670,0001566044,2022-04-07,VYNE Therapeutics Inc.  (VYNE)  (CIK 0001566044),tm228420d7_8k.htm,2022-04-07,Nasdaq,VYNE,FMX114,1b,mild-to-moderate atopic dermatitis,VY2021-01,False,NCT04927572
0001104659-22-043425,0001674365,2022-04-07,Aptinyx Inc.  (CIK 0001674365),tm2212134d1_ex99-1.htm,2022-04-07,Nasdaq,APTX,NYX-2925,2b,painful diabetic peripheral neuropathy,not stated,False,
0001193125-22-097712,0001701108,2022-04-07,"Spero Therapeutics, Inc.  (SPRO)  (CIK 0001701108)",d334360dex991.htm,2022-04-06,Nasdaq,SPRO,tebipenem pivoxil hydrobromide,3,complicated urinary tract infection (cUTI) or acute pyelonephritis,ADAPT-PO,True,
0001628280-22-008804,0001213037,2022-04-08,"Cardiff Oncology, Inc.  (CRDF)  (CIK 0001213037)",a991ex040822.htm,2022-04-08,Nasdaq,CRDF,onvansertib,2,metastatic castration-resistant prostate cancer,,True,
0001104659-22-044050,0001597264,2022-04-08,Blueprint Medicines Corp  (BPMC)  (CIK 0001597264),tm2212230d1_ex99-1.htm,,,,BLU-945,,EGFR-driven lung cancer,SYMPHONY,False,
0001564590-22-013950,0001662579,2022-04-08,"C4 Therapeutics, Inc.  (CCCC)  (CIK 0001662579)",cccc-8k_20220408.htm,2022-04-08,Nasdaq,CCCC,CFT7455,1/2,multiple myeloma and non-Hodgkin’s lymphomas,,False,NCT04756726
0001104659-22-044293,0001709401,2022-04-08,"Rubius Therapeutics, Inc.  (CIK 0001709401)",tm2212302d1_8k.htm,2022-04-08,Nasdaq,RUBY,RTX-240,1,advanced solid tumors,,True,
0001725160-22-000076,0001725160,2022-04-11,"Zentalis Pharmaceuticals, Inc.  (ZNTL)  (CIK 0001725160)",zntl-20220411.htm,2022-04-11,Nasdaq,ZNTL,ZN-c3,1/2,advanced solid tumors,,False,
0001564590-22-014159,0001636282,2022-04-12,"Aeglea BioTherapeutics, Inc.  (SYRE)  (CIK 0001636282)",agle-8k_20220412.htm,2022-04-11,Nasdaq,AGLE,pegzilarginase,3,Arginase 1 Deficiency,PEACE,True,
0001651308-22-000050,0001651308,2022-04-12,"BeiGene, Ltd.  (BGNE, BEIGF)  (CIK 0001651308)",a8-kx12apr2022xex992xalpine.htm,2022-04-11,NASDAQ,BGNE,BRUKINSA,3,chronic lymphocytic leukemia or small lymphocytic lymphoma,ALPINE,True,NCT03734016
0001104659-22-045069,0001761612,2022-04-12,BICYCLE THERAPEUTICS plc  (BCYC)  (CIK 0001761612),tm2212299d1_8k.htm,2022-04-11,The Nasdaq Stock Market LLC,BCYC,BT8009,1/2,,,False,
0000950170-22-005632,0001595893,2022-04-13,"Turning Point Therapeutics, Inc.  (CIK 0001595893)",tptx-20220413.htm,2022-04-13,,,repotrectinib,1/2,ROS1+ NSCLC,TRIDENT-1,False,
0001193125-22-105004,0001690585,2022-04-14,"Magenta Therapeutics, Inc.  (DNTH)  (CIK 0001690585)",d343288dex991.htm,2022-04-14,Nasdaq,MGTA,MGTA-117,1/2,relapsed/refractory acute myeloid leukemia and myelodysplasia-excess blasts,,False,
0001558370-22-005537,0001001316,2022-04-18,"TG THERAPEUTICS, INC.  (TGTX)  (CIK 0001001316)",tgtx-20220415xex99d1.htm,2022-04-15,Nasdaq,TGTX,ublituximab and UKONIQ (umbralisib),3,chronic lymphocytic leukemia (CLL) and small lymphocytic lymphoma (SLL),UNITY-CLL,False,
0001437749-22-009283,0000946486,2022-04-20,"WINDTREE THERAPEUTICS INC /DE/  (WINT, WINTW)  (CIK 0000946486)",ex_360567.htm,2022-04-20,Nasdaq,WINT,istaroxime,2,cardiogenic shock,SEISMiC,False,
0001104659-22-047588,0001429560,2022-04-20,TREVENA INC  (TRVN)  (CIK 0001429560),tm2213126d1_ex99-1.htm,2022-04-20,Nasdaq,TRVN,OLINVYK (oliceridine),,acute pain,,True,
0001387131-22-004960,0001430306,2022-04-20,Tonix Pharmaceuticals Holding Corp.  (TNXP)  (CIK 0001430306),ex99-01.htm,2022-04-20,Nasdaq,TNXP,TNX-102 SL,,Long COVID,,False,
0001193125-22-110276,0001493566,2022-04-20,"OTONOMY, INC.  (CIK 0001493566)",d279926dex991.htm,2022-04-20,Nasdaq,OTIC,OTO-413,2a,hearing loss,,False,
0001193805-22-000672,0001768224,2022-04-20,Arcturus Therapeutics Holdings Inc.  (ARCT)  (CIK 0001768224),e621578_8k-arct.htm,2022-04-20,Nasdaq,ARCT,ARCT-154,1/2/3,COVID-19,,False,
0001728117-22-000035,0001728117,2022-04-25,"Gossamer Bio, Inc.  (GOSS)  (CIK 0001728117)",goss-20210425x8k.htm,2022-04-25,Nasdaq,GOSS,GB004,2,ulcerative colitis,SHIFT-UC,False,NCT04556383
0001193125-22-116380,0001746466,2022-04-25,"Equillium, Inc.  (EQ)  (CIK 0001746466)",d626055d8k.htm,2022-04-25,NASDAQ,EQ,itolizumab,,acute graft-versus-host disease,EQUATE,False,
0001193125-22-117771,0001768446,2022-04-25,"Eliem Therapeutics, Inc.  (ELYM)  (CIK 0001768446)",d323171d8k.htm,2022-04-25,Nasdaq,ELYM,ETX-810,2a,diabetic peripheral neuropathic pain,,False,
0001193125-22-116353,0001787400,2022-04-25,"Nkarta, Inc.  (NKTX)  (CIK 0001787400)",d219241d8k.htm,2022-04-25,Nasdaq,NKTX,NKX101 and NKX019,1,hematologic malignancies,,False,
0001193125-22-116374,0001801777,2022-04-25,Applied Molecular Transport Inc.  (CIK 0001801777),d619955d8k.htm,2022-04-25,Nasdaq,AMTI,AMT-101,2,chronic pouchitis,FILLMORE,False,
0001104659-22-050395,0001279704,2022-04-26,"Cellectar Biosciences, Inc.  (CLRB)  (CIK 0001279704)",tm229914d1_ex99-1.htm,2022-04-26,Nasdaq,CLRB,iopofosine,2b,Waldenstrom’s macroglobulinemia,CLOVER-1,False,
0001104659-22-049856,0001377121,2022-04-26,"Protagonist Therapeutics, Inc  (PTGX)  (CIK 0001377121)",tm2213399d1_8k.htm,2022-04-25,Nasdaq,PTGX,PN-943,2,ulcerative colitis,,False,
0001370053-22-000019,0001370053,2022-04-27,"ANAPTYSBIO, INC  (ANAB)  (CIK 0001370053)",prbtla4-27x22final.htm,2022-04-27,Nasdaq,ANAB,ANB032,1,,,False,
0001385508-22-000047,0001385508,2022-04-27,"OPIANT PHARMACEUTICALS, INC.  (CIK 0001385508)",opnt-20220427.htm,2022-04-27,,,OPNT003,,opioid overdose,,False,
0001213900-22-021894,0001788028,2022-04-27,"Jasper Therapeutics, Inc.  (JSPR, JSPRW)  (CIK 0001788028)",ea158948-8k_jasperthera.htm,,,,JSP191,1,,,False,
0001140361-22-016342,0001228627,2022-04-28,"Ocuphire Pharma, Inc.  (OCUP)  (CIK 0001228627)",brhc10036869_ex99-1.htm,2022-04-28,Nasdaq,OCUP,Nyxol,3,reversal of pharmacologically-induced mydriasis,MIRA-4,False,NCT04620213;NCT04638660;NCT04675151;NCT04692688;NCT05134974;NCT05223478
0001651308-22-000058,0001651308,2022-04-28,"BeiGene, Ltd.  (BGNE, BEIGF)  (CIK 0001651308)",a8-kx28apr2022xex992x306pr.htm,2022-04-27,NASDAQ,BGNE,tislelizumab,3,advanced or metastatic esophageal squamous cell carcinoma,RATIONALE 306,False,NCT03783442
0001140361-22-017051,0001604191,2022-04-29,"First Wave BioPharma, Inc.  (ENTO)  (CIK 0001604191)",brhc10036952_8k.htm,2022-04-29,NASDAQ,FWBI,FW-COV,2,COVID-19-related GI infections,RESERVOIR,False,
0001213900-22-022828,0001690080,2022-05-02,"180 Life Sciences Corp.  (ATNF, ATNFW)  (CIK 0001690080)",ea159144ex99-1_180life.htm,2022-04-29,NASDAQ,ATNF,adalimumab,2b,Dupuytren’s disease,,False,
0001193125-22-135307,0001819790,2022-05-02,"Tarsus Pharmaceuticals, Inc.  (TARS)  (CIK 0001819790)",d232851d8k.htm,2022-01-01,,,TP-03,3,Demodex Blepharitis,Saturn-2,False,
0000950170-22-007058,0001645666,2022-05-03,"Kezar Life Sciences, Inc.  (KZR)  (CIK 0001645666)",kzr-20220503.htm,2022-05-03,Nasdaq,KZR,zetomipzomib,2,dermatomyositis and polymyositis,PRESIDIO,False,
0001171843-22-003159,0001738021,2022-05-04,"Compass Therapeutics, Inc.  (CMPX)  (CIK 0001738021)",exh_991.htm,2022-05-04,Nasdaq,CMPX,CTX-009,2,biliary tract cancers,,True,
0001689548-22-000037,0001689548,2022-05-09,"Praxis Precision Medicines, Inc.  (PRAX)  (CIK 0001689548)",a944-221partbtopline_irs.htm,2022-05-09,,,PRAX-944,2a,ESSENTIAL TREMOR,,False,
0001193125-22-144343,0001746466,2022-05-09,"Equillium, Inc.  (EQ)  (CIK 0001746466)",d284647d8k.htm,2022-05-09,NASDAQ Global Market,EQ,itolizumab,,autoimmune and inflammatory diseases,,False,
0001104659-22-058009,0000894158,2022-05-10,"Synthetic Biologics, Inc.  (TOVX)  (CIK 0000894158)",tm2215025d1_8k.htm,2022-05-10,NYSE American,SYN,SYN-020,1,"celiac disease, nonalcoholic fatty liver disease (NAFLD), and radiation enteropathy",,False,
0001493152-22-012893,0000876343,2022-05-12,"Lineage Cell Therapeutics, Inc.  (LCTX)  (CIK 0000876343)",ex99-1.htm,2022-05-03,NYSE American,LCTX,RG6501 (OpRegen),1/2a,geographic atrophy (GA) secondary to age-related macular degeneration (AMD),,False,
0001493152-22-012932,0001535955,2022-05-12,Lipocine Inc.  (LPCN)  (CIK 0001535955),ex99-1.htm,2022-05-12,NASDAQ,LPCN,LPCN 1144,,NASH,OLE,False,NCT04134091;NCT04685993
0000950170-22-009499,0001619856,2022-05-12,"Caribou Biosciences, Inc.  (CRBU)  (CIK 0001619856)",crbu-20220512.htm,2022-05-12,Nasdaq,CRBU,CB-010,1,relapsed or refractory B cell non-Hodgkin lymphoma (r/r B-NHL),ANTLER,False,NCT04637763
0000950170-22-009648,0001674416,2022-05-12,CRISPR Therapeutics AG  (CRSP)  (CIK 0001674416),crsp-20220512.htm,2022-05-12,Nasdaq,CRSP,CTX130,1,T-cell lymphoma,COBALT-LYM,False,
0001824293-22-000036,0001824293,2022-05-12,"Vallon Pharmaceuticals, Inc.  (GRI)  (CIK 0001824293)",vlon-pressreleasexsecondar.htm,2022-05-12,Nasdaq,VLON,ADAIR,,ADHD and narcolepsy,SEAL,True,NCT04647903
0001193125-22-151733,0001273636,2022-05-16,APPLIED GENETIC TECHNOLOGIES CORP  (CIK 0001273636),d358441d8k.htm,2022-05-16,Nasdaq,AGTC,AGTC-501,2,X-linked retinitis pigmentosa,Skyline,True,
0001739614-22-000057,0001739614,2022-05-16,"Inhibrx, Inc.  (CIK 0001739614)",ex992inbrx-101datapr.htm,2022-05-16,Nasdaq,INBX,INBRX-101,1,alpha-1 antitrypsin deficiency,,False,
0001104659-22-061797,0000861838,2022-05-17,"IDERA PHARMACEUTICALS, INC.  (CIK 0000861838)",tm2215731d1_8k.htm,2022-05-17,Nasdaq,IDRA,tilsotolimod,2,melanoma,INTRIM 1,True,NCT04126876
0001193125-22-152426,0001681087,2022-05-17,"AVROBIO, Inc.  (TECX)  (CIK 0001681087)",d312223d8k.htm,2022-05-17,Nasdaq,AVRO,AVR-RD-04,1/2,cystinosis,,False,NCT03897361
0001213900-22-027639,0001825413,2022-05-17,Biotech Acquisition Co  (CIK 0001825413),ea160174ex99-1_biotech.htm,2022-05-16,Nasdaq,BLDE,cudetaxestat,1,idiopathic pulmonary fibrosis,,False,NCT04814498
0001157523-22-000653,0001341235,2022-05-18,"Aldeyra Therapeutics, Inc.  (ALDX)  (CIK 0001341235)",a52723024.htm,2022-05-18,Nasdaq,ALDX,reproxalap,3,dry eye disease,TRANQUILITY,True,
0000950170-22-010232,0001444192,2022-05-18,Acasti Pharma Inc.  (ACST)  (CIK 0001444192),acst-20220518.htm,2022-05-18,Nasdaq,ACST,GTX-104,,Subarachnoid Hemorrhage,,False,
0000950170-22-010230,0001579428,2022-05-18,"Axsome Therapeutics, Inc.  (AXSM)  (CIK 0001579428)",axsm-ex99_1.htm,2022-05-18,NASDAQ,AXSM,AXS-05,2,major depressive disorder,ASCEND,False,
0001664710-22-000025,0001664710,2022-05-18,"Keros Therapeutics, Inc.  (KROS)  (CIK 0001664710)",exhibit991012pr.htm,2022-05-18,Nasdaq,KROS,KER-012,1,hematological and musculoskeletal disorders,,False,
0001558370-22-009142,0001787297,2022-05-18,"Passage BIO, Inc.  (PASG)  (CIK 0001787297)",pasg-20220518xex99d1.htm,2022-05-18,Nasdaq,PASG,PBGM01,1/2,GM1 gangliosidosis,Imagine-1,False,NCT04713475
0001789769-22-000039,0001789769,2022-05-18,"Instil Bio, Inc.  (TIL)  (CIK 0001789769)",a2022-05x18prasgct.htm,2022-05-18,Nasdaq,TIL,TILs,,metastatic melanoma,,False,
0001193125-22-156144,0001435049,2022-05-20,"CHINOOK THERAPEUTICS, INC.  (CIK 0001435049)",d344697d8k.htm,2022-05-18,Nasdaq,KDNY,BION-1301,1/2,IgA nephropathy,,False,NCT03945318
0001711279-22-000020,0001711279,2022-05-20,"Krystal Biotech, Inc.  (KRYS)  (CIK 0001711279)",sid2022_gem3safetyeposte.htm,,,,beremagene geperpavec (B-VEC),3,dystrophic epidermolysis bullosa,GEM-3,False,NCT04491604;NCT04917874
0001654954-22-007369,0000034956,2022-05-23,"TENAX THERAPEUTICS, INC.  (TENX)  (CIK 0000034956)",tenx_ex991.htm,2022-05-23,Nasdaq,TENX,TNX-201,3,pulmonary arterial hypertension,IMPROVE,False,
0001213900-22-028761,0000906709,2022-05-23,NEKTAR THERAPEUTICS  (NKTR)  (CIK 0000906709),ea160440-8k_nektarthera.htm,2022-05-18,,,NKTR-358,2,systemic lupus erythematosus,,False,
0001437749-22-013307,0000946486,2022-05-23,"WINDTREE THERAPEUTICS INC /DE/  (WINT, WINTW)  (CIK 0000946486)",ex_378992.htm,2022-05-23,Nasdaq,WINT,istaroxime,2,early cardiogenic shock,SEISMiC,False,
0001193125-22-156858,0001060736,2022-05-23,Seagen Inc.  (CIK 0001060736),d350956d8k.htm,2022-05-23,Nasdaq,SGEN,TUKYSA (tucatinib),2,HER2-positive metastatic colorectal cancer,MOUNTAINEER,False,
0001171843-22-003880,0001061983,2022-05-23,CYTOKINETICS INC  (CYTK)  (CIK 0001061983),f8k_052322.htm,2022-05-23,Nasdaq,CYTK,aficamten,2,obstructive hypertrophic cardiomyopathy,REDWOOD-HCM OLE,False,
0001193125-22-158029,0001635088,2022-05-24,Roivant Sciences Ltd.  (ROIV)  (CIK 0001635088),d351930dex991.htm,2022-05-24,,,VTAMA (tapinarof) cream,3,plaque psoriasis,PSOARING 1 and PSOARING 2,False,
0000950170-22-010602,0001658247,2022-05-25,"Crinetics Pharmaceuticals, Inc.  (CRNX)  (CIK 0001658247)",crnx-20220525.htm,2022-05-25,,,CRN04894,1,"Cushing’s disease, congenital adrenal hyperplasia",,False,
0001558370-22-009406,0001006281,2022-05-26,"Protalix BioTherapeutics, Inc.  (PLX)  (CIK 0001006281)",plx-20220526xex99d1.htm,2022-05-26,NYSE American,PLX,pegunigalsidase alfa,3,Fabry disease,"BALANCE, BRIDGE, BRIGHT",False,
0000950170-22-010797,0001260990,2022-05-26,"Oncternal Therapeutics, Inc.  (ONCT)  (CIK 0001260990)",onct-20220526.htm,2022-05-26,Nasdaq,ONCT,zilovertamab,1/2,"mantle cell lymphoma, chronic lymphocytic leukemia",CIRLL,True,
0001193125-22-161173,0001403752,2022-05-26,Zymeworks Inc.  (CIK 0001403752),d322285d8k.htm,2022-05-26,NYSE,ZYME,zanidatamab,1b/2,"HER2-positive breast cancer, gastric/gastroesophageal junction adenocarcinoma",,False,NCT05152147
0001104659-22-065357,0001425205,2022-05-26,"IOVANCE BIOTHERAPEUTICS, INC.  (IOVA)  (CIK 0001425205)",tm2217040d1_8k.htm,2022-05-26,NASDAQ,IOVA,lifileucel,,advanced melanoma,C-144-01,False,
0001140361-22-020836,0001472091,2022-05-26,PDS Biotechnology Corp  (PDSB)  (CIK 0001472091),brhc10038208_8k.htm,2022-05-26,Nasdaq,PDSB,PDS0101,2,recurrent/metastatic HPV16-positive head and neck squamous cell carcinoma,VERSATILE-002,False,
0001437749-22-013688,0001513818,2022-05-26,"Aravive, Inc.  (CIK 0001513818)",ex_380559.htm,2022-05-26,Nasdaq,ARAV,batiraxcept,1b/2,advanced or metastatic clear cell renal cell carcinoma,NCT04300140,False,NCT04300140;NCT04729608;NCT04983407
0001193125-22-161149,0001544227,2022-05-26,"Tempest Therapeutics, Inc.  (TPST)  (CIK 0001544227)",d290066d8k.htm,2022-05-26,Nasdaq,TPST,TPST-1120,1,advanced solid tumors,,False,
0001193125-22-160275,0001549595,2022-05-26,"Nurix Therapeutics, Inc.  (NRIX)  (CIK 0001549595)",d349746dex992.htm,2022-05-26,Nasdaq,NRIX,NX-2127,1a,chronic lymphocytic leukemia,,False,NCT04830137
0001628280-22-015490,0001576263,2022-05-26,"Mirati Therapeutics, Inc.  (CIK 0001576263)",exhibit991-asco.htm,2022-05-26,NASDAQ,MRTX,adagrasib,2,non-small cell lung cancer,KRYSTAL-1,False,
0001564590-22-021434,0001699382,2022-05-26,"PMV Pharmaceuticals, Inc.  (PMVP)  (CIK 0001699382)",pmvp-8k_20220526.htm,2022-05-26,Nasdaq,PMVP,PC14586,1/2,advanced solid tumors that have a p53 Y220C mutation,PYNNACLE,False,NCT04585750
0000950170-22-010791,0001720580,2022-05-26,"Adicet Bio, Inc.  (ACET)  (CIK 0001720580)",acet-20220526.htm,2022-05-26,Nasdaq,ACET,ADI-001,1,relapsed or refractory B-cell Non-Hodgkin’s Lymphoma (NHL),,False,NCT04735471
0001104659-22-065261,0001722964,2022-05-26,"Y-mAbs Therapeutics, Inc.  (YMAB)  (CIK 0001722964)",tm2217019d1_ex99-1.htm,2022-05-26,Nasdaq,YMAB,naxitamab,2,chemoresistant high-risk neuroblastoma,HITS,False,
0001193125-22-161179,0001828522,2022-05-26,"eFFECTOR Therapeutics, Inc.  (EFTR, EFTRW)  (CIK 0001828522)",d280172d8k.htm,2022-05-26,Nasdaq Capital Market,EFTR,zotatifin,1/2,solid tumors,,False,
0001651308-22-000075,0001651308,2022-05-27,"BeiGene, Ltd.  (BGNE, BEIGF)  (CIK 0001651308)",ax26may2022xex991xascodata.htm,2022-05-26,NASDAQ,BGNE,tislelizumab,3,recurrent or metastatic nasopharyngeal cancer,RATIONALE-309,True,
0001558370-22-009428,0001783032,2022-05-27,"Elevation Oncology, Inc.  (ELEV)  (CIK 0001783032)",elev-20220526xex99d1.htm,2022-05-26,Nasdaq,ELEV,seribantumab,2,advanced solid tumors that harbor NRG1 gene fusions,CRESTONE,False,NCT04383210
0000950170-22-010798,0001841387,2022-05-27,"Candel Therapeutics, Inc.  (CADL)  (CIK 0001841387)",cadl-20220526.htm,2022-05-26,Nasdaq,CADL,CAN-2409,2,stage III/IV non-small cell lung cancer (NSCLC),,False,NCT04495153
0000950170-22-010890,0001404281,2022-05-31,"Eledon Pharmaceuticals, Inc.  (ELDN)  (CIK 0001404281)",eldn-20220531.htm,2022-05-31,Nasdaq,ELDN,tegoprubart,2a,amyotrophic lateral sclerosis (ALS),,False,
0000950170-22-010892,0001579428,2022-05-31,"Axsome Therapeutics, Inc.  (AXSM)  (CIK 0001579428)",axsm-ex99_1.htm,2022-05-31,NASDAQ,AXSM,AXS-05,3,major depressive disorder,GEMINI,False,
0000950142-22-001784,0001719406,2022-05-31,"NRX Pharmaceuticals, Inc.  (NRXP, NRXPW)  (CIK 0001719406)",eh220256851_ex9901.htm,2022-05-25,Nasdaq,NRXP,ZYESAMI (aviptadil),3,Critical COVID-19,ACTIV-3b (TESICO),False,
0000950170-22-010980,0001579428,2022-06-01,"Axsome Therapeutics, Inc.  (AXSM)  (CIK 0001579428)",axsm-20220601.htm,2022-06-01,Nasdaq,AXSM,AXS-05,,major depressive disorder,EVOLVE,False,
0001193125-22-164576,0001597553,2022-06-01,"Sage Therapeutics, Inc.  (SAGE)  (CIK 0001597553)",d280650dex991.htm,2022-06-01,Nasdaq,SAGE,zuranolone,3,postpartum depression,SKYLARK,False,
0001104659-22-066868,0001621443,2022-06-01,"Zynerba Pharmaceuticals, Inc.  (CIK 0001621443)",tm2217402d1_ex99-1.htm,2022-06-01,Nasdaq,ZYNE,Zygel,3,Fragile X syndrome,RECONNECT,False,
0001626199-22-000048,0001626199,2022-06-01,"ALPINE IMMUNE SCIENCES, INC.  (CIK 0001626199)",alpn-20220601.htm,2022-06-01,Nasdaq,ALPN,ALPN-303,1,systemic lupus erythematosus,,False,
0000950170-22-010981,0001822791,2022-06-01,"Clene Inc.  (CLNN, CLNNW)  (CIK 0001822791)",clnn-ex99_1.htm,,,,CNM-Au8,,ALS,RESCUE-ALS,False,
0001171843-22-004103,0000882361,2022-06-02,Aptose Biosciences Inc.  (APTO)  (CIK 0000882361),exh_991.htm,2022-06-02,NASDAQ,APTO,HM43239,1/2,acute myeloid leukemia,,False,
0001193805-22-000895,0001280776,2022-06-02,"IMMUNIC, INC.  (IMUX)  (CIK 0001280776)",e621719_ex99-1.htm,2022-06-02,Nasdaq,IMUX,vidofludimus calcium,2,ulcerative colitis,CALDOSE-1,False,NCT03341962
0001368148-22-000060,0001368148,2022-06-02,"ATHERSYS, INC / NEW  (ATHXQ)  (CIK 0001368148)",ex991-20220602.htm,2022-05-20,Nasdaq,ATHX,MultiStem,,ischemic stroke,TREASURE,False,
0000950170-22-011048,0001579428,2022-06-02,"Axsome Therapeutics, Inc.  (AXSM)  (CIK 0001579428)",axsm-ex99_1.htm,2022-06-02,NASDAQ,AXSM,AXS-05,3,major depressive disorder,GEMINI,False,
0001104659-22-067864,0001270073,2022-06-03,"INTERCEPT PHARMACEUTICALS, INC.  (CIK 0001270073)",tm2217654d1_ex99-1.htm,2022-06-03,Nasdaq,ICPT,Ocaliva,3b/4,PBC,COBALT,True,NCT02308111;NCT05292872;NCT05293938
0001171843-22-004164,0000882361,2022-06-06,Aptose Biosciences Inc.  (APTO)  (CIK 0000882361),exh_991.htm,2022-06-02,NASDAQ,APTO,HM43239,1/2,acute myeloid leukemia (AML),,False,
0001193125-22-167931,0001576263,2022-06-06,"Mirati Therapeutics, Inc.  (CIK 0001576263)",d288634dex991.htm,2022-06-06,NASDAQ,MRTX,adagrasib,1b,non-small cell lung cancer (NSCLC),KRYSTAL-1,False,
0001689548-22-000072,0001689548,2022-06-06,"Praxis Precision Medicines, Inc.  (PRAX)  (CIK 0001689548)",prax-20220606.htm,2022-06-06,,,PRAX-114,2/3,major depressive disorder (MDD),Aria Study,False,
0000950170-22-011219,0001720580,2022-06-06,"Adicet Bio, Inc.  (ACET)  (CIK 0001720580)",acet-20220606.htm,2022-06-06,Nasdaq,ACET,ADI-001,1,relapsed or refractory B-cell Non-Hodgkin’s Lymphoma (NHL),,False,NCT04735471
0001104659-22-068301,0001760542,2022-06-06,HOOKIPA Pharma Inc.  (HOOK)  (CIK 0001760542),tm2217741d1_8k.htm,2022-06-05,NASDAQ,HOOK,HB-200,1,advanced head and neck cancers,NCT04180215,False,NCT04180215
0001193125-22-167809,0001828522,2022-06-06,"eFFECTOR Therapeutics, Inc.  (EFTR, EFTRW)  (CIK 0001828522)",d273045d8k.htm,2022-06-05,Nasdaq,EFTR,zotatifin,1/2,advanced solid tumors,,False,
0001193125-22-167954,0001841387,2022-06-06,"Candel Therapeutics, Inc.  (CADL)  (CIK 0001841387)",d359680d8k.htm,2022-06-04,Nasdaq,CADL,CAN-2409,2,non-small cell lung cancer,,False,
0001193125-22-169265,0001528115,2022-06-07,"Annexon, Inc.  (ANNX)  (CIK 0001528115)",d306458dex991.htm,2022-06-07,Nasdaq,ANNX,ANX005,2,Huntington’s disease,,False,
0001193125-22-169395,0001613780,2022-06-07,DBV Technologies S.A.  (DBVT)  (CIK 0001613780),d286083d8k.htm,2022-06-07,Nasdaq,DBVT,Viaskin Peanut,3,peanut allergy,EPITOPE,False,NCT03211247
0001104659-22-069317,0001034842,2022-06-08,RIGEL PHARMACEUTICALS INC  (RIGL)  (CIK 0001034842),tm2217976d1_8k.htm,2022-06-08,Nasdaq,RIGL,fostamatinib,3,warm autoimmune hemolytic anemia,FORWARD,False,NCT03764618;NCT04629703;NCT04924660
0001564590-22-022723,0001357874,2022-06-08,PRECISION BIOSCIENCES INC  (DTIL)  (CIK 0001357874),dtil-8k_20220608.htm,2022-06-08,Nasdaq,DTIL,PBCAR0191,1/2a,aggressive lymphomas,,True,
0001193125-22-169686,0001699382,2022-06-08,"PMV Pharmaceuticals, Inc.  (PMVP)  (CIK 0001699382)",d274688dex991.htm,2022-06-07,Nasdaq,PMVP,PC14586,1,advanced solid tumors,PYNNACLE,False,NCT04585750
0001564590-22-022813,0001671584,2022-06-09,Aptevo Therapeutics Inc.  (APVO)  (CIK 0001671584),apvo-ex991_15.htm,2022-06-09,NASDAQ,APVO,APVO436,1b,acute myeloid leukemia,,True,
0001628280-22-016698,0001787306,2022-06-09,"Arcutis Biotherapeutics, Inc.  (ARQT)  (CIK 0001787306)",arqt-20220606.htm,2022-06-06,Nasdaq,ARQT,roflumilast foam 0.3%,3,seborrheic dermatitis,STRATUM,False,
0000950170-22-011433,0001619856,2022-06-10,"Caribou Biosciences, Inc.  (CRBU)  (CIK 0001619856)",crbu-20220610.htm,2022-06-10,Nasdaq,CRBU,CB-010,1,relapsed or refractory B cell non-Hodgkin lymphoma,ANTLER,False,NCT04637763
0001193125-22-171489,0001622229,2022-06-10,"Cogent Biosciences, Inc.  (COGT)  (CIK 0001622229)",d330856d8k.htm,2022-06-10,Nasdaq,COGT,bezuclastinib,2,advanced systemic mastocytosis,APEX,False,
0001193125-22-171424,0001623715,2022-06-10,"Imago BioSciences, Inc.  (CIK 0001623715)",d300771d8k.htm,2022-06-10,Nasdaq,IMGO,bomedemstat,2,essential thrombocythemia,,True,NCT03136185;NCT04254978
0001171843-22-004285,0001629137,2022-06-10,"Global Blood Therapeutics, Inc.  (CIK 0001629137)",exh_991.htm,2022-06-10,NASDAQ,GBT,Oxbryta,,sickle cell disease,RETRO,False,
0001193125-22-171957,0001680581,2022-06-10,"Fulcrum Therapeutics, Inc.  (FULC)  (CIK 0001680581)",d369471d8k.htm,2022-06-10,Nasdaq,FULC,FTX-6058,1b,sickle cell disease,,False,
0000950170-22-011430,0001755237,2022-06-10,"Cyclerion Therapeutics, Inc.  (CYCN)  (CIK 0001755237)",cycn-20220610.htm,2022-06-10,Nasdaq,CYCN,CY6463,,"Mitochondrial Encephalomyopathy, Lactic Acidosis and Stroke-like episodes",,False,
0001171843-22-004315,0001061983,2022-06-13,CYTOKINETICS INC  (CYTK)  (CIK 0001061983),f8k_061322.htm,2022-06-13,Nasdaq,CYTK,aficamten,,hypertrophic cardiomyopathy,REDWOOD-HCM,False,
0001494650-22-000075,0001494650,2022-06-13,"OptiNose, Inc.  (OPTN)  (CIK 0001494650)",a20220613reopen2resultsf.htm,2022-06-13,,,XHANCE,,chronic sinusitis,ReOpen2,False,
0000950170-22-011518,0001674416,2022-06-13,CRISPR Therapeutics AG  (CRSP)  (CIK 0001674416),crsp-20220611.htm,2022-06-11,Nasdaq,"VRTX, CRSP",exagamglogene autotemcel (exa-cel),,transfusion-dependent beta thalassemia or severe sickle cell disease,"CLIMB-111, CLIMB-121 and CLIMB-131",True,
0001193125-22-172383,0001845337,2022-06-13,"Day One Biopharmaceuticals, Inc.  (DAWN)  (CIK 0001845337)",d256510d8k.htm,2022-06-12,Nasdaq,DAWN,tovorafenib (DAY101),2,relapsed or progressive pediatric low-grade glioma,FIREFLY-1,False,
0001651308-22-000083,0001651308,2022-06-14,"BeiGene, Ltd.  (BGNE, BEIGF)  (CIK 0001651308)",ax14jun2022xex991xehadatar.htm,2022-06-10,"NASDAQ, HKEX, SSE",BGNE,zanubrutinib (BRUKINSA),3,Waldenström macroglobulinemia,ASPEN,True,
0001193125-22-175557,0001466301,2022-06-16,"Clovis Oncology, Inc.  (CIK 0001466301)",d320447d8k.htm,2022-06-14,Nasdaq,CLVS,FAP-2286,1,solid tumors,LuMIERE,False,NCT04621435;NCT04939610
0001104659-22-071651,0001651407,2022-06-16,"Checkpoint Therapeutics, Inc.  (CKPT)  (CIK 0001651407)",tm2218571d1_ex99-1.htm,2022-06-16,Nasdaq,CKPT,cosibelimab,,locally advanced cutaneous squamous cell carcinoma,,False,
0001104659-22-072136,0001727196,2022-06-17,Scholar Rock Holding Corp  (SRRK)  (CIK 0001727196),tm2218780d1_8k.htm,2022-06-17,Nasdaq,SRRK,apitegromab,2,Spinal Muscular Atrophy,TOPAZ,True,
0001140361-22-023541,0000874015,2022-06-21,IONIS PHARMACEUTICALS INC  (IONS)  (CIK 0000874015),brhc10038943_ex99-1.htm,2022-06-21,Nasdaq,IONS,eplontersen,3,hereditary transthyretin-mediated amyloid polyneuropathy,NEURO-TTRansform,False,NCT04136184
0001558370-22-010112,0001070081,2022-06-21,"PTC THERAPEUTICS, INC.  (PTCT)  (CIK 0001070081)",tmb-20220621x8k.htm,2022-06-21,,,Translarna,,nmDMD,Study 041,False,NCT02369731
0001551986-22-000046,0001551986,2022-06-21,"9 METERS BIOPHARMA, INC.  (NMTRQ)  (CIK 0001551986)",ex-991pressreleasedated621.htm,2022-06-21,NASDAQ,NMTR,larazotide,3,celiac disease,CedLara,False,
0001193125-22-178857,0001501796,2022-06-22,"Aura Biosciences, Inc.  (AURA)  (CIK 0001501796)",d292968d8k.htm,2022-06-22,NASDAQ,AURA,belzupacap sarotalocan,1b/2,early-stage choroidal melanoma,AU-011-101,False,NCT03052127;NCT04417530
0000950170-22-011935,0001620463,2022-06-22,"Athira Pharma, Inc.  (ATHA)  (CIK 0001620463)",atha-20220622.htm,2022-06-22,NASDAQ,ATHA,fosgonimeton (ATH-1017),2,mild-to-moderate Alzheimer’s disease,ACT-AD,False,NCT04488419;NCT04491006
0001104659-22-073183,0001621443,2022-06-22,"Zynerba Pharmaceuticals, Inc.  (CIK 0001621443)",tm2219042d1_8k.htm,2022-06-21,Nasdaq,ZYNE,Zygel,2,22q11.2 deletion syndrome,INSPIRE,False,
0001171843-22-004546,0001447028,2022-06-27,Arbutus Biopharma Corp  (ABUS)  (CIK 0001447028),exh_991.htm,2022-06-25,Nasdaq,ABUS,AB-729,,chronic hepatitis B,AB-729-001,False,
0001279569-22-001053,0001633932,2022-06-27,ESSA Pharma Inc.  (EPIX)  (CIK 0001633932),ex991.htm,2022-06-27,NASDAQ,EPIX,EPI-7386,1a,metastatic castration-resistant prostate cancer,,False,NCT04421222
0000950170-22-012133,0001812364,2022-06-27,"Relay Therapeutics, Inc.  (RLAY)  (CIK 0001812364)",rlay-20220627.htm,2022-06-27,Nasdaq,RLAY,RLY-4008,1,cholangiocarcinoma,,False,
0001493152-22-017916,0000764195,2022-06-28,VBI Vaccines Inc/BC  (VBIVQ)  (CIK 0000764195),ex99-1.htm,2022-06-28,Nasdaq,VBIV,3-antigen HBV vaccine,3,hepatitis B,PROTECT,False,
0001193125-22-183295,0001656536,2022-06-28,"Decibel Therapeutics, Inc.  (CIK 0001656536)",d368623d8k.htm,2022-06-28,Nasdaq,DBTX,DB-020,1b,hearing loss,,False,
0001193125-22-183909,0001785173,2022-06-28,"89bio, Inc.  (ETNB)  (CIK 0001785173)",d362352d8k.htm,2022-06-28,Nasdaq,ETNB,pegozafermin,2,severe hypertriglyceridemia,ENTRIGUE,False,
0001193125-22-183927,0001786255,2022-06-28,"Icosavax, Inc.  (CIK 0001786255)",d326602d8k.htm,2022-06-28,Nasdaq,ICVX,IVX-121,1/1b,Respiratory Syncytial Virus,,False,
0001193125-22-184488,0001420565,2022-06-29,AILERON THERAPEUTICS INC  (ALRN)  (CIK 0001420565),d314855d8k.htm,2022-06-29,Nasdaq,ALRN,ALRN-6924,1b,p53-mutated non-small cell lung cancer,,False,
0001564590-22-024605,0001563880,2022-06-29,"Trevi Therapeutics, Inc.  (TRVI)  (CIK 0001563880)",trvi-8k_20220629.htm,2022-06-29,,,Haduvio,2b/3,prurigo nodularis,PRISM,False,
0001104659-22-075345,0001828185,2022-06-29,Vaccitech plc  (BRNS)  (CIK 0001828185),tm2219878d1_8k.htm,2022-06-22,Nasdaq,VACC,VTP-300,,chronic hepatitis B,HBV002,True,NCT04778904;NCT05343481
0001193125-22-184463,0001851194,2022-06-29,"Ventyx Biosciences, Inc.  (VTYX)  (CIK 0001851194)",d375123dex991.htm,2022-06-29,Nasdaq,VTYX,VTX2735,1,cryopyrin-associated periodic syndrome,,False,
0001062822-22-000030,0001062822,2022-06-30,"LEXICON PHARMACEUTICALS, INC.  (LXRX)  (CIK 0001062822)",lxrx-20220629.htm,2022-06-29,Nasdaq,LXRX,LX9211,2,painful diabetic neuropathy,RELIEF-DPN-1,False,
0001104659-22-076024,0001346830,2022-06-30,"Cara Therapeutics, Inc.  (CARA)  (CIK 0001346830)",tm2220076d1_8k.htm,2022-06-30,Nasdaq,CARA,oral difelikefalin,2,pruritus in patients with notalgia paresthetica,KOMFORT,False,
0001651308-22-000118,0001651308,2022-06-30,"BeiGene, Ltd.  (BGNE, BEIGF)  (CIK 0001651308)",ax30jun2022xex991xesmotisle.htm,2022-06-30,NASDAQ,BGNE,tislelizumab,3,advanced or metastatic esophageal squamous cell carcinoma,RATIONALE 306,False,NCT03783442
0001193125-22-185512,0001659352,2022-06-30,"Codiak BioSciences, Inc.  (CIK 0001659352)",d265935d8k.htm,2022-06-30,Nasdaq,CDAK,exoSTING and exoIL-12,1,cutaneous T cell lymphoma and late-stage refractory solid tumors,,False,
0001193125-22-187999,0001797336,2022-07-05,"Ayala Pharmaceuticals, Inc.  (CIK 0001797336)",d350087d8k.htm,2022-07-05,The Nasdaq Global Market,AYLA,AL102,2/3,desmoid tumors,RINGSIDE,False,
0001493152-22-018455,0001815974,2022-07-05,"Anebulo Pharmaceuticals, Inc.  (ANEB)  (CIK 0001815974)",ex99-2.htm,2022-07-05,Nasdaq,ANEB,ANEB-001,2,acute cannabinoid intoxication,,False,NCT05282797
0001193125-22-188270,0001801777,2022-07-06,Applied Molecular Transport Inc.  (CIK 0001801777),d371346dex991.htm,2022-07-06,Nasdaq,AMTI,AMT-101,2,moderate-to-severe Ulcerative Colitis,MARKET,False,
0001104659-22-077892,0001270073,2022-07-07,"INTERCEPT PHARMACEUTICALS, INC.  (CIK 0001270073)",tm2220596d1_ex99-1.htm,2022-07-07,Nasdaq,ICPT,Obeticholic Acid (OCA),3,liver fibrosis due to NASH,REGENERATE,True,
0001494650-22-000089,0001494650,2022-07-08,"OptiNose, Inc.  (OPTN)  (CIK 0001494650)",pressrelease8-k782022.htm,2022-07-08,NASDAQ,OPTN,XHANCE,,chronic sinusitis,ReOpen,True,
0001140361-22-025669,0000874015,2022-07-11,IONIS PHARMACEUTICALS INC  (IONS)  (CIK 0000874015),brhc10039557_ex99-1.htm,2022-07-11,Nasdaq,IONS,IONIS-FB-L Rx,2,IgA nephropathy,,False,NCT03815825;NCT04014335
0001628280-22-018777,0001398733,2022-07-11,"Aquestive Therapeutics, Inc.  (AQST)  (CIK 0001398733)",a5677850_releasexpreview.htm,2022-07-11,NASDAQ,AQST,AQST-109,,anaphylaxis,EPIPHAST,False,
0001193125-22-190873,0001746473,2022-07-11,"PLIANT THERAPEUTICS, INC.  (PLRX)  (CIK 0001746473)",d356984d8k.htm,2022-07-10,Nasdaq,PLRX,PLN-74809,2a,idiopathic pulmonary fibrosis,INTEGRIS-IPF,False,NCT04396756
0001193125-22-191747,0001604950,2022-07-12,scPharmaceuticals Inc.  (SCPH)  (CIK 0001604950),d376227dex991.htm,2022-07-12,Nasdaq,SCPH,FUROSCIX,2,chronic heart failure,AT HOME-HF,False,
0001213900-22-039009,0001158780,2022-07-13,PLURISTEM THERAPEUTICS INC  (PLUR)  (CIK 0001158780),ea162806-8k_pluristem.htm,2022-07-13,Nasdaq,PSTI,PLX-PAD,3,muscle injury following arthroplasty for hip fracture,,False,
0001214659-22-008799,0001293310,2022-07-13,"HUMANIGEN, INC  (CIK 0001293310)",ex99_1.htm,2022-07-12,Nasdaq,HGEN,lenzilumab,,COVID-19,ACTIV-5/BET-B,False,
0001494650-22-000091,0001494650,2022-07-13,"OptiNose, Inc.  (OPTN)  (CIK 0001494650)",optn-20220713.htm,2022-07-13,,,XHANCE,,chronic sinusitis,ReOpen1 and ReOpen2,False,
0001493152-22-019381,0000908259,2022-07-15,"Oncotelic Therapeutics, Inc.  (OTLC)  (CIK 0000908259)",ex99-2.htm,2022-07-12,OTCQB,OTLC,OT-101,1/2,Pancreatic Cancer,P001,False,
0000950170-22-012761,0001515673,2022-07-18,Ultragenyx Pharmaceutical Inc.  (RARE)  (CIK 0001515673),rare-20220715.htm,2022-07-18,NASDAQ,RARE,GTX-102,1/2,Angelman syndrome,,False,
0000950170-22-012804,0001693011,2022-07-19,"Inozyme Pharma, Inc.  (INZY)  (CIK 0001693011)",inzy-20220719.htm,2022-07-19,Nasdaq,INZY,INZ-701,1/2,ABCC6 Deficiency,,False,
0001564590-22-026043,0001426800,2022-07-20,"ASSEMBLY BIOSCIENCES, INC.  (ASMB)  (CIK 0001426800)",asmb-8k_20220719.htm,2022-07-20,Nasdaq,ASMB,vebicorvir,2,chronic HBV infection,Study 203,False,
0001213900-22-040399,0001513525,2022-07-20,"ADIAL PHARMACEUTICALS, INC.  (ADIL)  (CIK 0001513525)",ea163085-8k_adialpharma.htm,2022-07-20,NASDAQ,ADIL,AD04,3,Alcohol Use Disorder,ONWARD,False,
0001851734-22-000390,0001411685,2022-07-22,"VistaGen Therapeutics, Inc.  (VTGN)  (CIK 0001411685)",ex_398345.htm,2022-07-22,Nasdaq,VTGN,PH94B,3,social anxiety disorder,PALISADE-1,False,
0001193125-22-201401,0001060736,2022-07-26,Seagen Inc.  (CIK 0001060736),d352859d8k.htm,2022-07-26,Nasdaq,SGEN,PADCEV (enfortumab vedotin-ejfv) with KEYTRUDA (pembrolizumab),1b/2,unresectable locally advanced or metastatic urothelial cancer,EV-103,False,NCT03288545
0001104659-22-083430,0001429560,2022-07-28,TREVENA INC  (TRVN)  (CIK 0001429560),tm2222009d1_8k.htm,2022-07-28,Nasdaq,TRVN,OLINVYK,,central nervous system (CNS) disorders,,False,
0001437749-22-017952,0001659617,2022-07-28,"Moleculin Biotech, Inc.  (MBRX)  (CIK 0001659617)",ex_400164.htm,2022-07-28,Nasdaq,MBRX,Annamycin,1b,soft tissue sarcoma lung metastases,,False,NCT04887298
0000950170-22-013289,0001755237,2022-07-28,"Cyclerion Therapeutics, Inc.  (CYCN)  (CIK 0001755237)",cycn-20220728.htm,2022-07-28,Nasdaq,CYCN,CY6463,,Cognitive Impairment Associated with Schizophrenia (CIAS),,False,NCT04972227
0000950170-22-013671,0001493566,2022-08-01,"OTONOMY, INC.  (CIK 0001493566)",otic-ex99_1.htm,2022-08-01,Nasdaq,OTIC,OTO-313,2,tinnitus,,False,
0001104659-22-085175,0001633070,2022-08-02,Axcella Health Inc.  (CIK 0001633070),tm2222343d1_8k.htm,2022-08-02,Nasdaq,AXLA,AXA1125,2a,fatigue related to Long COVID,,False,
0001193125-22-211339,0001274792,2022-08-03,MERRIMACK PHARMACEUTICALS INC  (CIK 0001274792),d386805d8k.htm,2022-08-03,Nasdaq,MACK,Onivyde,3,second-line small cell lung cancer,RESILIENT,False,
0001193125-22-210650,0001785345,2022-08-03,"Landos Biopharma, Inc.  (CIK 0001785345)",d372212dex991.htm,2022-08-03,Nasdaq,LABP,NX-13,1b,ulcerative colitis,,False,
0001193125-22-212531,0001517022,2022-08-04,"Akebia Therapeutics, Inc.  (AKBA)  (CIK 0001517022)",d371816dex992.htm,2022-08-04,Nasdaq,AKBA,vadadustat,2,Acute Respiratory Distress Syndrome (ARDS) in subjects with COVID-19 and hypoxemia,VSTAT,False,
0001193125-22-214504,0001205922,2022-08-08,"VACCINEX, INC.  (VCNX)  (CIK 0001205922)",d320536dex991.htm,2022-08-08,Nasdaq,VCNX,pepinemab,2,Huntington’s Disease,SIGNAL,False,NCT04381468
0000950170-22-015232,0001468748,2022-08-08,Kodiak Sciences Inc.  (KOD)  (CIK 0001468748),kod-20220808.htm,2022-08-08,Nasdaq,KOD,tarcocimab tedromer,3,macular edema due to retinal vein occlusion,BEACON,False,
0001193125-22-214126,0001771917,2022-08-08,"Karuna Therapeutics, Inc.  (CIK 0001771917)",d367196d8k.htm,2022-08-08,Nasdaq,KRTX,KarXT,3,schizophrenia,EMERGENT-2,False,
0000950170-22-015240,0001868734,2022-08-08,"CinCor Pharma, Inc.  (CIK 0001868734)",cinc-20220808.htm,2022-08-08,Nasdaq,,baxdrostat,2,treatment-resistant hypertension,BrigHtn,False,
0001104659-22-088684,0001566044,2022-08-10,VYNE Therapeutics Inc.  (VYNE)  (CIK 0001566044),tm2222986d1_ex99-1.htm,2022-08-10,Nasdaq,VYNE,FMX114,2a,atopic dermatitis,VY2021-01,False,NCT04927572
0001651308-22-000150,0001651308,2022-08-10,"BeiGene, Ltd.  (BGNE, BEIGF)  (CIK 0001651308)",ax10aug2022xex991xrational.htm,2022-08-09,Nasdaq,BGNE,tislelizumab,3,unresectable hepatocellular carcinoma,RATIONALE 301,False,NCT03412773
0001860782-22-000040,0001860782,2022-08-10,"2seventy bio, Inc.  (TSVT)  (CIK 0001860782)",ex991karmma.htm,2022-08-10,NYSE,BMY,Abecma (idecabtagene vicleucel),3,multiple myeloma,KarMMa-3,False,NCT03651128
0001193125-22-219278,0001463361,2022-08-12,"Unity Biotechnology, Inc.  (UBX)  (CIK 0001463361)",d379677d8k.htm,2022-08-12,Nasdaq,UBX,UBX1325,2,diabetic macular edema,BEHOLD,False,NCT04857996
0001104659-22-089678,0001674365,2022-08-12,Aptinyx Inc.  (CIK 0001674365),tm2223304d1_ex99-1.htm,2022-08-12,Nasdaq,APTX,NYX-2925,2b,fibromyalgia,,False,
0001104659-22-092002,0001597264,2022-08-17,Blueprint Medicines Corp  (BPMC)  (CIK 0001597264),tm2223609d1_8k.htm,2022-08-17,NASDAQ,BPMC,AYVAKIT (avapritinib),,non-advanced systemic mastocytosis,PIONEER,False,NCT03731260
0001193125-22-228145,0001492422,2022-08-24,"Apellis Pharmaceuticals, Inc.  (APLS)  (CIK 0001492422)",d305749d8k.htm,2022-08-24,Nasdaq,APLS,pegcetacoplan,3,geographic atrophy secondary to age-related macular degeneration,DERBY and OAKS,True,
0001193125-22-232575,0001759138,2022-08-29,"Cabaletta Bio, Inc.  (CABA)  (CIK 0001759138)",d381073dex991.htm,2022-08-29,Nasdaq,CABA,DSG3-CAART,1,mucosal-dominant pemphigus vulgaris,DesCAARTes,False,
0001628280-22-023857,0001001233,2022-08-30,"SANGAMO THERAPEUTICS, INC  (SGMO)  (CIK 0001001233)",sgmo-20220830.htm,2022-08-30,Nasdaq,SGMO,isaralgagene civaparvovec,1/2,Fabry disease,STAAR,False,
0001104659-22-096250,0000855654,2022-08-31,"ImmunoGen, Inc.  (CIK 0000855654)",tm2224733d1_8k.htm,2022-08-31,Nasdaq,IMGN,pivekimab sunirine,2,blastic plasmacytoid dendritic cell neoplasm,CADENZA,False,
0001370053-22-000049,0001370053,2022-08-31,"ANAPTYSBIO, INC  (ANAB)  (CIK 0001370053)",anab-20220831.htm,2022-08-31,Nasdaq,ANAB,imsidolimab,2,hidradenitis suppurativa,HARP,False,
0001437749-22-021620,0000072444,2022-09-01,"Vaxart, Inc.  (VXRT)  (CIK 0000072444)",ex_419074.htm,2022-09-01,NASDAQ,VXRT,VXA-CoV2-1.1-S,2,COVID-19,,False,
0001104659-22-097701,0000894158,2022-09-06,"Synthetic Biologics, Inc.  (TOVX)  (CIK 0000894158)",tm2225140d1_8k.htm,2022-09-05,NYSE American,SYN,VCN-01,1,recurrent/metastatic squamous cell carcinoma of the head and neck,,False,
0001193125-22-238444,0001107421,2022-09-06,"Alaunos Therapeutics, Inc.  (TCRT)  (CIK 0001107421)",d350937d8k.htm,2022-09-06,Nasdaq,TCRT,TCR-T,1/2,"non-small cell lung, colorectal, endometrial, pancreatic, ovarian, and bile duct cancers",TCR-T Library,False,
0001193125-22-238271,0001403752,2022-09-06,Zymeworks Inc.  (CIK 0001403752),d400094dex991.htm,2022-09-04,NYSE,ZYME,zanidatamab zovodotin (ZW49),1,HER2+ cancers,,False,
0001410939-22-000094,0001410939,2022-09-06,"IVERIC bio, Inc.  (CIK 0001410939)",isee-20220906.htm,2022-09-06,Nasdaq,ISEE,Zimura (avacincaptad pegol),3,geographic atrophy,GATHER2,False,
0001410939-22-000097,0001410939,2022-09-07,"IVERIC bio, Inc.  (CIK 0001410939)",isee-20220907.htm,2022-09-06,Nasdaq,ISEE,Zimura (avacincaptad pegol),3,geographic atrophy,GATHER2,True,
0001520138-22-000390,0001580149,2022-09-07,BIOVIE INC.  (BIVI)  (CIK 0001580149),bivi-20220907_8k.htm,2022-09-07,Nasdaq,BIVI,NE3107,2,Alzheimer’s Disease,,False,NCT04112199;NCT04669028;NCT05083260;NCT05227820
0001520138-22-000392,0001580149,2022-09-07,BIOVIE INC.  (BIVI)  (CIK 0001580149),bivi-20220907_8kex99z1.htm,2022-09-07,Nasdaq,BIVI,NE3107,2,Alzheimer’s Disease,,False,NCT04112199;NCT04669028;NCT05083260;NCT05227820
0001104659-22-098037,0001761612,2022-09-07,BICYCLE THERAPEUTICS plc  (BCYC)  (CIK 0001761612),tm2225232d1_ex99-1.htm,2022-09-07,Nasdaq,BCYC,BT5528,1,advanced solid tumors,,False,
0001193125-22-240127,0001761918,2022-09-07,"Erasca, Inc.  (ERAS)  (CIK 0001761918)",d399259d8k.htm,2022-09-07,NASDAQ Global Select Market,ERAS,ERAS-007 and ERAS-601,,BRAF-driven and RAS/MAPK-altered solid tumors,"HERKULES-1, FLAGSHP-1, ASN007-101",False,
0000950170-22-018205,0001812364,2022-09-08,"Relay Therapeutics, Inc.  (RLAY)  (CIK 0001812364)",rlay-20220907.htm,2022-09-07,NASDAQ Global Market,RLAY,RLY-4008,,cholangiocarcinoma,ReFocus,False,
0000950170-22-018265,0001564824,2022-09-09,Allakos Inc.  (ALLK)  (CIK 0001564824),allk-20220909.htm,2022-09-09,Nasdaq,ALLK,lirentelimab,3,eosinophilic duodenitis,EoDyssey,False,
0001558370-22-014297,0001621227,2022-09-09,Adaptimmune Therapeutics PLC  (ADAP)  (CIK 0001621227),adap-20220909x8k.htm,2022-09-09,Nasdaq,ADAP,ADP-A2M4CD8,1,solid tumors,SURPASS,False,
0001628280-22-024744,0001213037,2022-09-12,"Cardiff Oncology, Inc.  (CRDF)  (CIK 0001213037)",a991ex091022.htm,2022-09-10,Nasdaq,CRDF,onvansertib,1b/2,KRAS-mutated metastatic colorectal cancer,,False,NCT03829410
0001193125-22-242920,0001403752,2022-09-12,Zymeworks Inc.  (CIK 0001403752),d243350dex991.htm,2022-09-12,NYSE,ZYME,zanidatamab zovodotin (ZW49),1,HER2-positive tumors,,False,
0001626199-22-000061,0001626199,2022-09-12,"ALPINE IMMUNE SCIENCES, INC.  (CIK 0001626199)",alpn-20220912.htm,2022-09-12,Nasdaq,ALPN,davoceticept,1,solid tumors,NEON-2,False,NCT04186637;NCT04920383;NCT05034484
0001193125-22-242423,0001654151,2022-09-12,"Deciphera Pharmaceuticals, Inc.  (CIK 0001654151)",d290994d8k.htm,2022-09-11,Nasdaq,DCPH,vimseltinib,1 and 2,tenosynovial giant cell tumor,,False,
0001664710-22-000049,0001664710,2022-09-12,"Keros Therapeutics, Inc.  (KROS)  (CIK 0001664710)",exhibit991asbmr2022pr.htm,2022-09-12,Nasdaq,KROS,KER-012,1,"hematological, pulmonary, and musculoskeletal disorders",,False,
0001811764-22-000076,0001811764,2022-09-12,POINT Biopharma Global Inc.  (CIK 0001811764),september102022-posterrele.htm,2022-09-10,NASDAQ,PNT,PNT2002,3,metastatic castration-resistant prostate cancer,SPLASH,True,NCT04647526
0000950170-22-018311,0001812364,2022-09-12,"Relay Therapeutics, Inc.  (RLAY)  (CIK 0001812364)",rlay-20220911.htm,2022-09-11,Nasdaq,RLAY,RLY-4008,1/2,cholangiocarcinoma,,False,
0001213900-22-055429,0001176309,2022-09-13,ORAMED PHARMACEUTICALS INC.  (ORMP)  (CIK 0001176309),ea165702-8k_oramed.htm,2022-09-13,,,ORMD-0801,2,Type 2 Diabetes with non-alcoholic steatohepatitis,,False,
0001104659-22-099483,0001279704,2022-09-13,"Cellectar Biosciences, Inc.  (CLRB)  (CIK 0001279704)",tm2225694d1_ex99-1.htm,2022-09-13,Nasdaq,CLRB,iopofosine I-131,2,relapsed/refractory multiple myeloma,CLOVER-1,False,
0001104659-22-099487,0001710072,2022-09-13,"Edgewise Therapeutics, Inc.  (EWTX)  (CIK 0001710072)",tm2221772d2_ex99-2.htm,2022-09-11,Nasdaq,EWTX,EDG-5506,,Becker Muscular Dystrophy,ARCH,False,NCT04585464;NCT05160415;NCT05291091
0001193125-22-243332,0001744659,2022-09-13,"Akero Therapeutics, Inc.  (AKRO)  (CIK 0001744659)",d395122d8k.htm,2022-09-13,Nasdaq,AKRO,efruxifermin,2b,nonalcoholic steatohepatitis,HARMONY,False,
0001558370-22-014392,0001326190,2022-09-14,"Altimmune, Inc.  (ALT)  (CIK 0001326190)",alt-20220914x8k.htm,2022-09-14,Nasdaq,ALT,pemvidutide,1b,non-alcoholic fatty liver disease,,False,
0001193125-22-244793,0001676725,2022-09-14,"IDEAYA Biosciences, Inc.  (IDYA)  (CIK 0001676725)",d403459d8k.htm,2022-09-11,Nasdaq,IDYA,darovasertib and crizotinib,2,metastatic uveal melanoma,,False,
0001104659-22-100245,0001035354,2022-09-15,"Eloxx Pharmaceuticals, Inc.  (ELOX)  (CIK 0001035354)",tm2225930d1_8k.htm,2022-09-14,Nasdaq,ELOX,ELX-02,2,Class 1 Cystic Fibrosis,,False,NCT04126473;NCT04135495
0001651308-22-000162,0001651308,2022-09-15,"BeiGene, Ltd.  (BGNE, BEIGF)  (CIK 0001651308)",exhibit9912.htm,2022-09-10,Nasdaq,BGNE,tislelizumab,3,unresectable hepatocellular carcinoma,RATIONALE 301,False,NCT03358875;NCT03412773;NCT04047862;NCT04921358;NCT05014815
0001558370-22-014456,0001818844,2022-09-19,"Virios Therapeutics, Inc.  (VIRI)  (CIK 0001818844)",tmb-20220919x8k.htm,2022-09-19,Nasdaq,VIRI,IMC-1,2b,fibromyalgia,FORTRESS,False,
0001193805-22-001285,0001280776,2022-09-20,"IMMUNIC, INC.  (IMUX)  (CIK 0001280776)",e621930_ex99-1.htm,2022-09-20,Nasdaq,IMUX,IMU-856,1,chronic inflammatory and autoimmune diseases,,False,
0001193125-22-247417,0001631574,2022-09-20,Wave Life Sciences Ltd.  (WVE)  (CIK 0001631574),d369218dex991.htm,2022-09-20,Nasdaq,WVE,WVE-003,1b/2a,Huntington’s disease,SELECT-HD,False,NCT05032196
0001193125-22-247767,0001692830,2022-09-20,"Satsuma Pharmaceuticals, Inc.  (CIK 0001692830)",d399674d8k.htm,2022-09-20,Nasdaq,STSA,STS101,3,long-term safety,ASCEND,False,
0001387131-22-009920,0000887247,2022-09-21,Adamis Pharmaceuticals Corp  (DMKPQ)  (CIK 0000887247),admp-8k_092122.htm,2022-09-21,Nasdaq,ADMP,Tempol,2/3,COVID-19,,False,
0001193125-22-248092,0001107421,2022-09-21,"Alaunos Therapeutics, Inc.  (TCRT)  (CIK 0001107421)",d353582dex991.htm,2022-09-21,Nasdaq,TCRT,TCR-T,1/2,solid tumors,TCR-T Library,False,
0000950170-22-018695,0001822791,2022-09-21,"Clene Inc.  (CLNN, CLNNW)  (CIK 0001822791)",clnn-20220921.htm,2022-09-21,Nasdaq,CLNN,,,ALS,RESCUE-ALS,True,
0001387131-22-009927,0001430306,2022-09-22,Tonix Pharmaceuticals Holding Corp.  (TNXP)  (CIK 0001430306),ex99-01.htm,2022-09-22,Nasdaq,TNXP,TNX-102 SL,,Long COVID,,False,
0001551986-22-000094,0001551986,2022-09-26,"9 METERS BIOPHARMA, INC.  (NMTRQ)  (CIK 0001551986)",ex-991pressrelease92622.htm,2022-09-26,Nasdaq,NMTR,vurolenatide,2,short bowel syndrome,VIBRANT,False,
0001193125-22-250701,0001593034,2022-09-26,Endo International plc  (CIK 0001593034),d305961d8k.htm,2022-09-22,NASDAQ,ENDP,TLC599,3,pain from osteoarthritis of the knee,,False,
0001493152-22-026752,0001815974,2022-09-26,"Anebulo Pharmaceuticals, Inc.  (ANEB)  (CIK 0001815974)",form8-k.htm,2022-09-26,Nasdaq,ANEB,ANEB-001,2,acute cannabinoid intoxication,,False,
0001628280-22-025530,0001398733,2022-09-27,"Aquestive Therapeutics, Inc.  (AQST)  (CIK 0001398733)",a5822763_releasexpreview.htm,2022-09-27,Nasdaq,AQST,AQST-109,2,anaphylaxis,EPIPHAST II,False,
0001628280-22-025519,0001501697,2022-09-27,"X4 Pharmaceuticals, Inc  (XFOR, XFOWW)  (CIK 0001501697)",ex991xforpressrelease.htm,2022-09-27,Nasdaq,XFOR,mavorixafor,1b,chronic neutropenia,,False,NCT04154488
0001193125-22-251807,0001746466,2022-09-27,"Equillium, Inc.  (EQ)  (CIK 0001746466)",d383524d8k.htm,2022-09-27,,,itolizumab,,lupus nephritis,EQUALISE,False,NCT04128579
0001558370-22-014641,0001818844,2022-09-27,"Virios Therapeutics, Inc.  (VIRI)  (CIK 0001818844)",tmb-20220927xex99d1.htm,2022-09-27,Nasdaq,VIRI,IMC-1,2b,fibromyalgia,FORTRESS,True,
0000950170-22-018936,0001739410,2022-09-28,Rallybio Corp  (RLYB)  (CIK 0001739410),rlyb-20220928.htm,2022-09-28,Nasdaq,RLYB,RLYB212,1b,fetal and neonatal alloimmune thrombocytopenia,,True,
0001193125-22-252642,0001750019,2022-09-28,TCR2 THERAPEUTICS INC.  (CIK 0001750019),d197971d8k.htm,2022-09-28,Nasdaq,TCRR,gavo-cel,1,mesothelin-expressing solid tumors,gavo-cel Phase 1/2 clinical trial,False,NCT03907852
0000950170-22-018944,0001833214,2022-09-28,"SAB Biotherapeutics, Inc.  (SABS, SABSW)  (CIK 0001833214)",sabs-ex99_2.htm,,,,SAB-176,2a,influenza,,False,NCT04850898
0000950170-22-018928,0001835597,2022-09-28,PepGen Inc.  (PEPG)  (CIK 0001835597),pepg-20220928.htm,2022-09-28,Nasdaq,PEPG,PGN-EDO51,1,Duchenne muscular dystrophy,,False,
0001104659-22-103927,0001633070,2022-09-29,Axcella Health Inc.  (CIK 0001633070),tm2226861d1_8k.htm,2022-09-29,Nasdaq,AXLA,AXA1125,2b,NASH,EMMPACT,False,
0000950170-22-018988,0001800315,2022-09-29,"Galecto, Inc.  (GLTO)  (CIK 0001800315)",glto-20220929.htm,2022-09-29,NASDAQ,GLTO,GB2064,2a,myelofibrosis,MYLOX-1,False,NCT04679870
0000950170-22-019116,0001061983,2022-09-30,CYTOKINETICS INC  (CYTK)  (CIK 0001061983),cytk-20220930.htm,2022-09-30,NASDAQ,CYTK,aficamten,,hypertrophic cardiomyopathy,REDWOOD-HCM OLE,False,
0001193125-22-254857,0001107421,2022-09-30,"Alaunos Therapeutics, Inc.  (TCRT)  (CIK 0001107421)",d326083dex991.htm,,,,KRAS mutation-specific TCR-T cell therapy,1/2,solid tumors,,False,NCT05194735
0001104659-22-104337,0001270073,2022-09-30,"INTERCEPT PHARMACEUTICALS, INC.  (CIK 0001270073)",tm2227095d1_8k.htm,2022-09-30,Nasdaq,ICPT,Obeticholic Acid (OCA),3,compensated cirrhosis due to NASH,REVERSE,False,
0000950170-22-019183,0001061983,2022-10-03,CYTOKINETICS INC  (CYTK)  (CIK 0001061983),cytk-20221002.htm,2022-10-02,Nasdaq,CYTK,aficamten,,obstructive hypertrophic cardiomyopathy,REDWOOD-HCM OLE,True,
0001193125-22-256110,0001501796,2022-10-03,"Aura Biosciences, Inc.  (AURA)  (CIK 0001501796)",d251752d8k.htm,2022-10-03,Nasdaq,AURA,belzupacap sarotalocan (AU-011),2,early-stage choroidal melanoma,,False,NCT04417530
0000950170-22-019151,0001579428,2022-10-03,"Axsome Therapeutics, Inc.  (AXSM)  (CIK 0001579428)",axsm-20221003.htm,2022-10-03,Nasdaq,AXSM,Sunosi,2,excessive daytime sleepiness associated with obstructive sleep apnea,SHARP,False,
0001104659-22-105234,0001722964,2022-10-03,"Y-mAbs Therapeutics, Inc.  (YMAB)  (CIK 0001722964)",tm2226628d3_8k.htm,2022-10-03,Nasdaq,YMAB,OMBLASTYS (131I-omburtamab),,CNS/leptomeningeal metastasis from neuroblastoma,101,False,
0000950170-22-019168,0001822791,2022-10-03,"Clene Inc.  (CLNN, CLNNW)  (CIK 0001822791)",clnn-20221003.htm,2022-10-03,Nasdaq,CLNN,CNM-Au8,,amyotrophic lateral sclerosis,Healey ALS Platform Trial,False,NCT04297683
0001520138-22-000448,0001580149,2022-10-05,BIOVIE INC.  (BIVI)  (CIK 0001580149),bivi-20221004_8kex99z1.htm,2022-10-04,Nasdaq,BIVI,NE3107,2,Alzheimer’s disease,,False,NCT04669028;NCT05083260
0001157523-22-001289,0001341235,2022-10-06,"Aldeyra Therapeutics, Inc.  (ALDX)  (CIK 0001341235)",a52938497.htm,2022-10-06,NASDAQ,ALDX,ADX-2191,3,Proliferative Vitreoretinopathy,GUARD,False,
0001654954-22-013566,0000034956,2022-10-11,"TENAX THERAPEUTICS, INC.  (TENX)  (CIK 0000034956)",tenx_8k.htm,2022-10-10,Nasdaq,TENX,oral levosimendan,2,Pulmonary Hypertension and Heart Failure with Preserved Ejection Fraction,HELP,False,
0001104659-22-107454,0001322505,2022-10-11,"ALBIREO PHARMA, INC.  (CIK 0001322505)",tm2227924d1_8k.htm,2022-10-11,Nasdaq,ALBO,Bylvay,3,Alagille syndrome,ASSERT,False,
0001140361-22-036806,0001472091,2022-10-11,PDS Biotechnology Corp  (PDSB)  (CIK 0001472091),brhc10042847_8k.htm,2022-10-11,Nasdaq,PDSB,PDS0101,2,advanced HPV-positive cancers,NCT04287868,True,NCT04287868
0001193125-22-260253,0001645569,2022-10-11,"DICE Therapeutics, Inc.  (CIK 0001645569)",d383980d8k.htm,2022-10-11,Nasdaq,DICE,DC-806,1,psoriasis,,False,
0001628280-22-026271,0001001233,2022-10-12,"SANGAMO THERAPEUTICS, INC  (SGMO)  (CIK 0001001233)",sgmo-20221012.htm,2022-10-12,Nasdaq,SGMO,isaralgagene civaparvovec,1/2,Fabry disease,STAAR,True,
0001104659-22-107819,0001137883,2022-10-12,BRAINSTORM CELL THERAPEUTICS INC.  (BCLI)  (CIK 0001137883),tm2227832d1_8k.htm,2022-10-07,NASDAQ,BCLI,NurOwn,3,amyotrophic lateral sclerosis,,True,NCT03280056;NCT03799718
0001618835-22-000196,0001618835,2022-10-12,"Evofem Biosciences, Inc.  (EVFM)  (CIK 0001618835)",evfm-20221011.htm,2022-10-11,OTCQB,EVFM,EVO100,3,chlamydia and gonorrhea,EVOGUARD,False,
0001213900-22-063664,0001553643,2022-10-13,"RELMADA THERAPEUTICS, INC.  (RLMD)  (CIK 0001553643)",ea167089-8k_relmada.htm,2022-10-13,Nasdaq,RLMD,REL-1017,3,Major Depressive Disorder,RELIANCE III,False,
0001651308-22-000180,0001651308,2022-10-14,"BeiGene, Ltd.  (BGNE, BEIGF)  (CIK 0001651308)",ax14oct2022xex991xalpinepr.htm,2022-10-12,NASDAQ,BGNE,BRUKINSA,3,Chronic Lymphocytic Leukemia,ALPINE,True,NCT03734016
0001493152-22-028519,0001401914,2022-10-17,"Dare Bioscience, Inc.  (DARE)  (CIK 0001401914)",ex99-1.htm,2022-10-17,Nasdaq,DARE,DARE-HRT1,1 / 2,menopause,DARE-HRT1 Phase 1 / 2 Study,False,
0001104659-22-108996,0001408443,2022-10-17,Milestone Pharmaceuticals Inc.  (MIST)  (CIK 0001408443),tm2228338d1_8k.htm,2022-10-17,Nasdaq,MIST,etripamil,3,paroxysmal supraventricular tachycardia,RAPID,False,
0001193125-22-263369,0001426332,2022-10-17,NGM BIOPHARMACEUTICALS INC  (CIK 0001426332),d393962d8k.htm,2022-10-17,Nasdaq,NGM,NGM621,2,geographic atrophy secondary to age-related macular degeneration,CATALINA,False,
0000950170-22-019592,0001620463,2022-10-17,"Athira Pharma, Inc.  (ATHA)  (CIK 0001620463)",atha-ex99_1.htm,2022-10-17,Nasdaq,ATHA,fosgonimeton,2/3,Alzheimer’s disease,LIFT-AD,False,NCT04488419
0001193125-22-264177,0001527599,2022-10-18,"SYNLOGIC, INC.  (SYBX)  (CIK 0001527599)",d387982dex991.htm,2022-10-18,Nasdaq,SYBX,SYNB1618 and SYNB1934,2,phenylketonuria,Synpheny-1,False,
0001213900-22-064818,0001711754,2022-10-19,"Inmune Bio, Inc.  (INMB)  (CIK 0001711754)",ea167282ex99-1_inmunebio.htm,2022-10-19,Nasdaq,INMB,INKmune,,solid tumors,,False,
0001193805-22-001439,0001280776,2022-10-20,"IMMUNIC, INC.  (IMUX)  (CIK 0001280776)",e621964_ex99-1.htm,2022-10-20,Nasdaq,IMUX,IMU-935,1b,psoriasis,,False,
0001599298-22-000114,0001599298,2022-10-20,Summit Therapeutics Inc.  (SMMT)  (CIK 0001599298),a2022_prx1020xidweek2022re.htm,2022-10-20,Nasdaq,SMMT,ridinilazole,3,Clostridioides difficile infection,Ri-CoDIFy,False,
0001104659-22-110120,0001682639,2022-10-20,"EYENOVIA, INC.  (EYEN)  (CIK 0001682639)",tm2228582d1_8k.htm,2022-10-20,Nasdaq,EYEN,MicroLine,3,presbyopia,VISION-2,False,
0001867096-22-000117,0001867096,2022-10-20,"Xeris Biopharma Holdings, Inc.  (XERS)  (CIK 0001867096)",exh991pressreleaseofxerisb.htm,2022-10-20,Nasdaq,XERS,XP-8121,1,hypothyroidism,,False,
0001493152-22-029275,0001582554,2022-10-21,"Matinas BioPharma Holdings, Inc.  (MTNB)  (CIK 0001582554)",ex99-1.htm,2022-10-21,NYSE AMER,MTNB,MAT2203,2,cryptococcal meningitis,EnACT,False,
0001595585-22-000077,0001595585,2022-10-24,"Tricida, Inc.  (CIK 0001595585)",tcda-20221024.htm,2022-10-24,Nasdaq,TCDA,,,renal outcomes,VALOR-CKD,False,
0001193125-22-267147,0001649094,2022-10-24,"Vaxcyte, Inc.  (PCVX)  (CIK 0001649094)",d413834d8k.htm,2022-10-24,Nasdaq,PCVX,VAX-24,1/2,invasive pneumococcal disease,,False,NCT05266456
0001193125-22-267201,0001759425,2022-10-24,"Mirum Pharmaceuticals, Inc.  (MIRM)  (CIK 0001759425)",d226370d8k.htm,2022-10-24,Nasdaq,MIRM,LIVMARLI,3,progressive familial intrahepatic cholestasis,MARCH,False,
0001193125-22-268408,0001656634,2022-10-25,"Gritstone bio, Inc.  (GRTS)  (CIK 0001656634)",d341720dex991.htm,2022-10-25,Nasdaq,GRTS,samRNA vaccine candidates,1,SARS-CoV-2,CORAL-BOOST and CORAL-CEPI,False,
0001193125-22-269333,0001563577,2022-10-26,"Galera Therapeutics, Inc.  (GRTX)  (CIK 0001563577)",d399266d8k.htm,2022-10-26,Nasdaq,GRTX,avasopasem manganese,3,radiotherapy-induced severe oral mucositis,ROMAN,False,
0001279569-22-001739,0001633932,2022-10-26,ESSA Pharma Inc.  (EPIX)  (CIK 0001633932),essaform8k.htm,2022-10-26,Nasdaq,EPIX,EPI-7386,1/2,metastatic castration-resistant prostate cancer,,False,NCT04421222;NCT05075577
0001140361-22-038679,0001472091,2022-10-27,PDS Biotechnology Corp  (PDSB)  (CIK 0001472091),brhc10043369_ex99-1.htm,2022-10-27,Nasdaq,PDSB,PDS0101,2,HPV16-positive recurrent and/or metastatic head and neck cancer,VERSATILE-002,False,
0001640334-22-002286,0001348362,2022-10-28,"Lexaria Bioscience Corp.  (LEXX, LEXXW)  (CIK 0001348362)",lxrp_ex991.htm,2022-10-27,Nasdaq,LEXX,DehydraTECH-CBD,,hypertension,HYPER-H21-4,False,
0001193125-22-271664,0001861560,2022-10-28,"Nuvalent, Inc.  (NUVL)  (CIK 0001861560)",d377694d8k.htm,2022-10-28,Nasdaq,NUVL,NVL-520,1,ROS1-positive non-small cell lung cancer,ARROS-1,False,NCT05118789
0001213900-22-067378,0001388320,2022-10-31,"Actinium Pharmaceuticals, Inc.  (ATNM)  (CIK 0001388320)",ea167769-8k_actinium.htm,2022-10-31,NYSE AMERICAN,ATNM,Iomab-B,3,relapsed or refractory acute myeloid leukemia,SIERRA,False,
0001171843-22-006904,0001447028,2022-10-31,Arbutus Biopharma Corp  (ABUS)  (CIK 0001447028),exh_991.htm,2022-10-31,Nasdaq,ABUS,AB-729,2,chronic hepatitis B,,False,
0001279569-22-001762,0001633932,2022-10-31,ESSA Pharma Inc.  (EPIX)  (CIK 0001633932),ex991.htm,2022-10-31,NASDAQ,EPIX,EPI-7386,1,metastatic castration-resistant prostate cancer,,False,NCT04421222;NCT05075577
0000950170-22-020535,0001800315,2022-10-31,"Galecto, Inc.  (GLTO)  (CIK 0001800315)",glto-20221031.htm,2022-10-31,NASDAQ,GLTO,GB1211,1b/2a,severe liver diseases,GULLIVER-2,False,NCT05009680
0001104659-22-113463,0001034842,2022-11-01,RIGEL PHARMACEUTICALS INC  (RIGL)  (CIK 0001034842),tm2229339d1_8k.htm,2022-11-01,Nasdaq,RIGL,fostamatinib,3,COVID-19,FOCUS,False,NCT04924660
0001171843-22-006961,0001447028,2022-11-01,Arbutus Biopharma Corp  (ABUS)  (CIK 0001447028),exh_991.htm,2022-11-01,Nasdaq,ABUS,AB-729,1a/1b,chronic hepatitis B virus infection,AB-729-001,False,
0000950170-22-020696,0001463361,2022-11-01,"Unity Biotechnology, Inc.  (UBX)  (CIK 0001463361)",ubx-ex99_1.htm,2022-11-01,Nasdaq,UBX,UBX1325,2,diabetic macular edema,BEHOLD,False,NCT04857996
0001493152-22-030215,0001053369,2022-11-02,ELITE PHARMACEUTICALS INC /NV/  (ELTP)  (CIK 0001053369),ex99-1.htm,2022-11-02,OTCBB,ELTP,undisclosed extended-release generic drug product,,,,False,
0001493152-22-030153,0001106838,2022-11-02,"Sonnet BioTherapeutics Holdings, Inc.  (SONN)  (CIK 0001106838)",ex99-1.htm,2022-11-02,NASDAQ,SONN,SON-1010,1,advanced solid tumors,SB101 and SB102,False,NCT05352750;NCT05408572
0001193125-22-275350,0001718108,2022-11-02,"Surface Oncology, Inc.  (CIK 0001718108)",d414848dex991.htm,2022-11-02,Nasdaq,SURF,SRF388,2,Non-Small Cell Lung Cancer,,False,
0001193125-22-275463,0001827087,2022-11-02,"Vigil Neuroscience, Inc.  (VIGL)  (CIK 0001827087)",d380531d8k.htm,2022-11-02,Nasdaq,VIGL,VGL101,1,adult-onset leukoencephalopathy with axonal spheroids and pigmented glia (ALSP),,False,
0001493152-22-030288,0000318306,2022-11-03,ABEONA THERAPEUTICS INC.  (ABEO)  (CIK 0000318306),ex99-2.htm,2022-11-03,Nasdaq,ABEO,EB-101,3,recessive dystrophic epidermolysis bullosa (RDEB),VIITAL,False,
0001193125-22-276906,0001422143,2022-11-03,"Kura Oncology, Inc.  (KURA)  (CIK 0001422143)",d366823d8k.htm,,,,ziftomenib (KO-539),1/2,relapsed or refractory acute myeloid leukemia,KOMET-001,True,NCT04067336
0001104659-22-114114,0001583107,2022-11-03,"Theravance Biopharma, Inc.  (TBPH)  (CIK 0001583107)",tm2229503d1_ex99-1.htm,2022-11-02,NASDAQ,TBPH,ampreloxetine,3,neurogenic orthostatic hypotension (nOH),,True,NCT03829657
0000950170-22-021739,0001645666,2022-11-03,"Kezar Life Sciences, Inc.  (KZR)  (CIK 0001645666)",kzr-ex99_1.htm,2022-11-03,Nasdaq,KZR,zetomipzomib,2,lupus nephritis,MISSION,False,
0000950170-22-021598,0001720580,2022-11-03,"Adicet Bio, Inc.  (ACET)  (CIK 0001720580)",acet-20221103.htm,2022-11-03,Nasdaq,ACET,ADI-001,1,relapsed or refractory B-cell Non-Hodgkin’s lymphoma (NHL),,True,NCT04735471
0001140361-22-039934,0000874015,2022-11-04,IONIS PHARMACEUTICALS INC  (IONS)  (CIK 0000874015),brhc10043749_8k.htm,2022-11-04,Nasdaq,IONS,fesomersen,2b,end-stage renal disease (ESRD),RE-THINC ESRD,False,NCT04534114
0001193125-22-277328,0001826892,2022-11-04,"BioAtla, Inc.  (BCAB)  (CIK 0001826892)",d416713dex991.htm,,,,BA3011,2,NSCLC and Sarcoma,BA3011-002,True,
0000950170-22-022321,0001061983,2022-11-07,CYTOKINETICS INC  (CYTK)  (CIK 0001061983),cytk-20221107.htm,,NASDAQ,CYTK,omecamtiv mecarbil,,heart failure with reduced ejection fraction (HFrEF),GALACTIC-HF,True,
0001140361-22-040201,0001472091,2022-11-07,PDS Biotechnology Corp  (PDSB)  (CIK 0001472091),brhc10043789_8k.htm,2022-11-07,Nasdaq,PDSB,PDS0101,2,HPV-positive cancers,IMMUNOCERV,False,NCT04287868;NCT04580771
0001104659-22-115157,0001509745,2022-11-07,"LEAP THERAPEUTICS, INC.  (LPTX)  (CIK 0001509745)",tm2229775d1_ex99-1.htm,2022-11-07,Nasdaq,LPTX,DKN-01,2,gastroesophageal adenocarcinoma,DisTinGuish,False,NCT04363801;NCT05480306
0001558370-22-016746,0001621227,2022-11-08,Adaptimmune Therapeutics PLC  (ADAP)  (CIK 0001621227),adap-20221108x8k.htm,2022-11-08,Nasdaq,ADAP,ADP-A2M4CD8,1,"ovarian, urothelial, and head & neck cancers",SURPASS,True,
0000950170-22-022838,0001868734,2022-11-08,"CinCor Pharma, Inc.  (CIK 0001868734)",cinc-ex99_1.htm,2022-11-07,GLOBE NEWSWIRE,,baxdrostat,2,treatment-resistant hypertension,BrigHtn,False,
0001193125-22-280787,0001274792,2022-11-09,MERRIMACK PHARMACEUTICALS INC  (CIK 0001274792),d418392d8k.htm,2022-11-09,Nasdaq,MACK,Onivyde,3,metastatic pancreatic ductal adenocarcinoma,NAPOLI 3,False,
0001104659-22-116178,0001429560,2022-11-09,TREVENA INC  (TRVN)  (CIK 0001429560),tm2230094d2_8k.htm,2022-11-09,Nasdaq,TRVN,TRV045,1,diabetic neuropathic pain,,False,
0001193125-22-282054,0001205922,2022-11-10,"VACCINEX, INC.  (VCNX)  (CIK 0001205922)",d408251dex991.htm,2022-11-10,Nasdaq,VCNX,pepinemab,1/2,HER2+ metastatic breast cancer,NCT05378464,False,NCT03769155;NCT05378464
0001493152-22-031250,0001610820,2022-11-10,"BriaCell Therapeutics Corp.  (BCTX, BCTXW)  (CIK 0001610820)",ex99-1.htm,2022-11-10,Nasdaq,BCTX,Bria-IMT™,1/2a,advanced breast cancer,,False,
0001193125-22-282059,0001835579,2022-11-10,"Ikena Oncology, Inc.  (IKNA)  (CIK 0001835579)",d410137d8k.htm,2022-11-10,Nasdaq,IKNA,IK-175,,urothelial carcinoma,,False,
0001126234-22-000109,0001126234,2022-11-14,"LUMOS PHARMA, INC.  (LUMO)  (CIK 0001126234)",allinclusivelumoscorpora.htm,2022-11-14,NASDAQ,LUMO,LUM-201,2,moderate (idiopathic) pediatric growth hormone deficiency,OraGrowtH210,False,
0001493152-22-031629,0001401914,2022-11-14,"Dare Bioscience, Inc.  (DARE)  (CIK 0001401914)",ex99-1.htm,2022-11-14,NASDAQ,DARE,DARE-VVA1,1/2,vulvar and vaginal atrophy,DARE-VVA1 Phase 1/2 Clinical Study,False,
0001493152-22-031504,0001444307,2022-11-14,ONCOSEC MEDICAL Inc  (ONCSQ)  (CIK 0001444307),ex99-1.htm,2022-11-11,NASDAQ,ONCS,TAVO-EP,2,melanoma,KEYNOTE-695,False,
0001193125-22-284529,0001692830,2022-11-14,"Satsuma Pharmaceuticals, Inc.  (CIK 0001692830)",d405306d8k.htm,2022-11-14,Nasdaq,STSA,STS101,3,migraine,SUMMIT,False,
0000950170-22-024985,0001814140,2022-11-14,"Apexigen, Inc.  (CIK 0001814140)",apgn-ex99_1.htm,2022-11-14,NASDAQ,APGN,sotigalimab,2,liposarcoma,,False,NCT03719430
0000950170-22-024772,0001841387,2022-11-14,"Candel Therapeutics, Inc.  (CADL)  (CIK 0001841387)",cadl-ex99_1.htm,2022-11-11,Nasdaq,CADL,CAN-2409,1,high-grade glioma,,False,NCT03576612
0001493152-22-032529,0001444307,2022-11-15,ONCOSEC MEDICAL Inc  (ONCSQ)  (CIK 0001444307),ex99-1.htm,2022-11-10,NASDAQ,ONCS,TAVO-EP,,melanoma,,False,
0001493152-22-032573,0001445815,2022-11-16,"BIOXYTRAN, INC  (BIXT)  (CIK 0001445815)",ex99-1.htm,2022-11-16,OTCQB,BIXT,Galectin Antagonist,2,COVID-19,,False,
0001654954-22-015397,0001645469,2022-11-16,Monopar Therapeutics  (MNPR)  (CIK 0001645469),mnpr_8k.htm,2022-11-16,Nasdaq,MNPR,camsirubicin,1b,advanced soft tissue sarcoma,,False,
0001739614-22-000122,0001739614,2022-11-16,"Inhibrx, Inc.  (CIK 0001739614)",ex992nov2022ctos109update.htm,2022-11-16,Nasdaq,INBX,INBRX-109,1,chondrosarcoma,,True,
0001193805-22-001568,0001280776,2022-11-17,"IMMUNIC, INC.  (IMUX)  (CIK 0001280776)",e618035_ex99-1.htm,2022-11-17,Nasdaq,IMUX,vidofludimus calcium,2,relapsing-remitting multiple sclerosis,EMPhASIS,True,
0001558370-22-018016,0001650664,2022-11-17,"Editas Medicine, Inc.  (EDIT)  (CIK 0001650664)",edit-20221117x8k.htm,2022-11-17,Nasdaq,EDIT,EDIT-101,1/2,Leber congenital amaurosis 10,BRILLIANCE,False,
0000950170-22-025413,0001841387,2022-11-18,"Candel Therapeutics, Inc.  (CADL)  (CIK 0001841387)",cadl-ex99_1.htm,2022-11-18,Nasdaq,CADL,CAN-3110,1,recurrent high-grade glioma,,False,NCT03152318
0001493152-22-033240,0000764195,2022-11-22,VBI Vaccines Inc/BC  (VBIVQ)  (CIK 0000764195),ex99-1.htm,2022-11-22,Nasdaq,VBIV,VBI-1901,1/2a,recurrent glioblastoma,,True,
0001655759-22-000059,0001655759,2022-11-22,"ARVINAS, INC.  (ARVN)  (CIK 0001655759)",arvn-20221121.htm,2022-11-21,Nasdaq,ARVN,ARV-471,1/2,locally advanced or metastatic ER positive / human epidermal growth factor receptor 2 (HER2) negative (ER+/HER2-) breast cancer,VERITAC,False,
0001655759-22-000062,0001655759,2022-11-22,"ARVINAS, INC.  (ARVN)  (CIK 0001655759)",arvn-20221122.htm,2022-11-22,Nasdaq,ARVN,ARV-471,1/2,locally advanced or metastatic ER positive / human epidermal growth factor receptor 2 (HER2) negative (ER+/HER2-) breast cancer,VERITAC,False,NCT04072952
0001655759-22-000065,0001655759,2022-11-22,"ARVINAS, INC.  (ARVN)  (CIK 0001655759)",sabcsirdecknov22final.htm,2022-11-22,,,ARV-471,2,,VERITAC,False,
0000950170-22-025706,0001579428,2022-11-28,"Axsome Therapeutics, Inc.  (AXSM)  (CIK 0001579428)",axsm-20221128.htm,2022-11-28,NASDAQ,AXSM,AXS-05,3,Alzheimer’s disease agitation,ACCORD,False,
0001104659-22-122226,0001641640,2022-11-28,Nabriva Therapeutics plc  (CIK 0001641640),tm2231299d1_8k.htm,2022-11-28,The Nasdaq Capital Market,NBRV,XENLETA (lefamulin),1,cystic fibrosis,,False,
0000950170-22-025707,0001868734,2022-11-28,"CinCor Pharma, Inc.  (CIK 0001868734)",cinc-20221128.htm,2022-11-28,GLOBE NEWSWIRE,,baxdrostat,2,uncontrolled hypertension,HALO,False,
0001628280-22-030943,0001501697,2022-11-29,"X4 Pharmaceuticals, Inc  (XFOR, XFOWW)  (CIK 0001501697)",a991xforpressreleasenovemb.htm,2022-11-29,Nasdaq,XFOR,mavorixafor,3,WHIM syndrome,4WHIM,False,
0001737287-22-000089,0001737287,2022-11-29,"Allogene Therapeutics, Inc.  (ALLO)  (CIK 0001737287)",allo-20221129.htm,2022-11-29,The Nasdaq Stock Market LLC,ALLO,"ALLO-501, ALLO-501A, ALLO-715, ALLO-316",1,"relapsed/refractory large B-cell lymphoma, relapsed/refractory multiple myeloma, advanced or metastatic clear cell renal cell carcinoma","ALPHA, ALPHA2, UNIVERSAL, TRAVERSE",False,
0001387131-22-011980,0001430306,2022-11-30,Tonix Pharmaceuticals Holding Corp.  (TNXP)  (CIK 0001430306),ex99-01.htm,2022-11-30,Nasdaq,TNXP,anti-SARS-CoV-2 monoclonal antibody platform,,COVID-19,,False,
0001193125-22-295406,0001527599,2022-11-30,"SYNLOGIC, INC.  (SYBX)  (CIK 0001527599)",d421541dex991.htm,2022-11-30,Nasdaq,SYBX,SYNB1353,1,homocystinuria,,False,
0001126234-22-000118,0001126234,2022-12-01,"LUMOS PHARMA, INC.  (LUMO)  (CIK 0001126234)",lumo-20221129x8kxex991.htm,2022-11-29,NASDAQ,LUMO,LUM-201,2,Pediatric Growth Hormone Deficiency,OraGrowtH210 and PK/PD OraGrowtH212,False,
0001104659-22-123853,0001034842,2022-12-02,RIGEL PHARMACEUTICALS INC  (RIGL)  (CIK 0001034842),tm2231791d1_ex99-1.htm,2022-12-01,Nasdaq,RIGL,REZLIDHIA (olutasidenib),2,relapsed or refractory acute myeloid leukemia,,False,
0001731122-22-002078,0001314052,2022-12-02,ANAVEX LIFE SCIENCES CORP.  (AVXL)  (CIK 0001314052),e4271_8-k.htm,2022-12-01,Nasdaq,AVXL,ANAVEX®2-73 (blarcamesine),2b/3,early Alzheimer’s disease,ANAVEX®2-73-AD-004,False,
0001193125-22-297163,0001623526,2022-12-02,"Stoke Therapeutics, Inc.  (STOK)  (CIK 0001623526)",d428421d8k.htm,2022-12-02,Nasdaq,STOK,STK-001,1/2a,Dravet syndrome,MONARCH and ADMIRAL,False,
0000950170-22-025995,0001787400,2022-12-02,"Nkarta, Inc.  (NKTX)  (CIK 0001787400)",nktx-20221202.htm,2022-12-02,Nasdaq,NKTX,NKX019,1,relapsed/refractory B cell malignancies,,False,
0001104659-22-124414,0001621443,2022-12-05,"Zynerba Pharmaceuticals, Inc.  (CIK 0001621443)",tm2231934d1_ex99-1.htm,2022-12-05,Nasdaq,ZYNE,Zygel,2,22q11.2 deletion syndrome,INSPIRE,True,
0000950170-22-026020,0001787400,2022-12-05,"Nkarta, Inc.  (NKTX)  (CIK 0001787400)",nktx-20221205.htm,2022-12-05,Nasdaq,NKTX,NKX019,1,relapsed or refractory non-Hodgkin lymphoma,,False,
0001654954-22-016099,0001853816,2022-12-05,"Dermata Therapeutics, Inc.  (DRMA, DRMAW)  (CIK 0001853816)",drma_8k.htm,2022-12-05,Nasdaq,DRMA,DMT310,2,moderate-to-severe rosacea,,False,
0001520138-22-000548,0001580149,2022-12-06,BIOVIE INC.  (BIVI)  (CIK 0001580149),bivi-20221205_8k.htm,2022-12-05,NASDAQ,BIVI,NE3107,2,Parkinson’s Disease and Alzheimer’s Disease,NM201,False,NCT04669028;NCT05083260;NCT05227820
0000950170-22-026095,0001604477,2022-12-06,SQZ Biotechnologies Co  (CIK 0001604477),sqz-20221206.htm,2022-12-06,NYSE,SQZ,eAPC,1/2,HPV16+ advanced or metastatic solid tumors,COMMANDER-001,False,
0001558370-22-018383,0001650664,2022-12-06,"Editas Medicine, Inc.  (EDIT)  (CIK 0001650664)",edit-20221206x8k.htm,2022-12-06,Nasdaq,EDIT,EDIT-301,1/2,severe sickle cell disease,RUBY,False,
0001193125-22-298815,0001661460,2022-12-06,"Poseida Therapeutics, Inc.  (PSTX)  (CIK 0001661460)",d400051dex991.htm,2022-12-06,Nasdaq,PSTX,P-MUC1C-ALLO1 and P-BCMA-ALLO1,1,cancer,,False,NCT04960579;NCT05239143
0001728117-22-000102,0001728117,2022-12-06,"Gossamer Bio, Inc.  (GOSS)  (CIK 0001728117)",gb002-2101torreytopliner.htm,2022-12-06,,,seralutinib,2,pulmonary arterial hypertension,TORREY,False,
0000950170-22-026104,0001841387,2022-12-06,"Candel Therapeutics, Inc.  (CADL)  (CIK 0001841387)",cadl-ex99_1.htm,2022-12-06,Nasdaq,CADL,CAN-2409 and CAN-3110,2,non-small cell lung cancer and recurrent high-grade glioma,,True,
0000950170-22-026089,0001856725,2022-12-06,"Rani Therapeutics Holdings, Inc.  (RANI)  (CIK 0001856725)",rani-20221206.htm,2022-12-06,Nasdaq,RANI,RT-102,1,osteoporosis,,False,
0001213900-22-078255,0001553643,2022-12-07,"RELMADA THERAPEUTICS, INC.  (RLMD)  (CIK 0001553643)",ea169812-8k_relmada.htm,2022-12-07,Nasdaq,RLMD,REL-1017,3,Major Depressive Disorder,RELIANCE I,True,
0001520138-22-000553,0001580149,2022-12-07,BIOVIE INC.  (BIVI)  (CIK 0001580149),bivi-20221207_8kex99z2.htm,2022-12-07,NASDAQ,BIVI,NE3107,,Parkinson’s disease,NM201,False,NCT04669028;NCT05083260;NCT05227820
0001140361-22-044662,0001681087,2022-12-07,"AVROBIO, Inc.  (TECX)  (CIK 0001681087)",ny20005640x4_8k.htm,2022-12-07,Nasdaq,AVRO,AVR-RD-02,1/2,Gaucher disease,Guard1,True,NCT04145037
0001104659-22-125054,0001737953,2022-12-07,"Replimune Group, Inc.  (REPL)  (CIK 0001737953)",tm2232156d1_8k.htm,2022-12-07,NASDAQ,REPL,RP1,,melanoma,IGNYTE,True,
0001193125-22-299797,0001817229,2022-12-07,Vor Biopharma Inc.  (VOR)  (CIK 0001817229),d431519d8k.htm,2022-12-07,Nasdaq,VOR,trem-cel,1/2a,acute myeloid leukemia,VBP101,False,NCT04849910
0000950170-22-026180,0001061983,2022-12-08,CYTOKINETICS INC  (CYTK)  (CIK 0001061983),cytk-20221208.htm,2022-12-08,NASDAQ,CYTK,reldesemtiv,2,ALS,FORTITUDE-ALS,True,
0001193125-22-300541,0001305253,2022-12-08,"Eiger BioPharmaceuticals, Inc.  (EIGRQ)  (CIK 0001305253)",d397198d8k.htm,2022-12-08,Nasdaq,EIGR,lonafarnib,3,hepatitis delta virus,D-LIVR,False,
0001437749-22-028687,0001401667,2022-12-08,"PUMA BIOTECHNOLOGY, INC.  (PBYI)  (CIK 0001401667)",ex_453840.htm,2022-12-07,NASDAQ,PBYI,neratinib plus T-DM1,2,HER2-positive breast cancer brain metastases,TBCRC-022,True,
0001493152-22-034831,0001610820,2022-12-08,"BriaCell Therapeutics Corp.  (BCTX, BCTXW)  (CIK 0001610820)",ex99-1.htm,2022-12-08,Nasdaq,BCTX,Bria-IMT,2,advanced metastatic breast cancer,,True,
0001655759-22-000069,0001655759,2022-12-08,"ARVINAS, INC.  (ARVN)  (CIK 0001655759)",sabcsirdeckdecember82022.htm,2022-12-08,Nasdaq,ARVN,ARV-471,2,breast cancer,VERITAC,True,
0001842952-22-000108,0001842952,2022-12-08,Context Therapeutics Inc.  (CNTX)  (CIK 0001842952),cntxsabcsdatarelease12722.htm,2022-12-08,Nasdaq,CNTX,ONA-XR,2,metastatic breast cancer,SMILE,False,
0001193125-22-301834,0001937653,2022-12-09,Zymeworks Inc.  (ZYME)  (CIK 0001937653),d417380d8k.htm,2022-12-09,NYSE,ZYME,zanidatamab,,HER2-positive hormone-receptor positive metastatic breast cancer,,False,
0001628280-22-031695,0001001233,2022-12-12,"SANGAMO THERAPEUTICS, INC  (SGMO)  (CIK 0001001233)",sgmo-20221210.htm,2022-12-10,Nasdaq Global Select Market,SGMO,BIVV003,1/2,sickle cell disease,PRECIZN-1,True,
0001126234-22-000122,0001126234,2022-12-12,"LUMOS PHARMA, INC.  (LUMO)  (CIK 0001126234)",lumo-20221212x8kxex991.htm,2022-12-12,NASDAQ,LUMO,LUM-201,2,moderate idiopathic Pediatric Growth Hormone Deficiency,OraGrowtH210 and OraGrowtH212,True,
0000950170-22-026330,0001260990,2022-12-12,"Oncternal Therapeutics, Inc.  (ONCT)  (CIK 0001260990)",onct-20221212.htm,2022-12-10,Nasdaq,ONCT,zilovertamab,1/2,"mantle cell lymphoma, chronic lymphocytic leukemia, and marginal zone lymphoma",CIRM-0001,True,
0001193125-22-302283,0001422143,2022-12-12,"Kura Oncology, Inc.  (KURA)  (CIK 0001422143)",d646465d8k.htm,2022-12-10,Nasdaq,KURA,ziftomenib,1/2,acute myeloid leukemia,KOMET-001,True,
0001619856-22-000036,0001619856,2022-12-12,"Caribou Biosciences, Inc.  (CRBU)  (CIK 0001619856)",crbu-20221211xexx991.htm,2022-12-12,Nasdaq,CRBU,CB-010,1,relapsed or refractory B-cell non-Hodgkin lymphoma,ANTLER,True,NCT04637763
0001193125-22-302302,0001622229,2022-12-12,"Cogent Biosciences, Inc.  (COGT)  (CIK 0001622229)",d421322d8k.htm,2022-12-11,Nasdaq,COGT,bezuclastinib,2,advanced systemic mastocytosis,APEX,True,
0001193125-22-302488,0001623715,2022-12-12,"Imago BioSciences, Inc.  (CIK 0001623715)",d382461d8k.htm,2022-12-12,Nasdaq,IMGO,bomedemstat,2,essential thrombocythemia,,True,NCT03136185;NCT04254978
0001654954-22-016326,0001645469,2022-12-12,Monopar Therapeutics  (MNPR)  (CIK 0001645469),mnpr_ex991.htm,2022-12-12,Nasdaq,MNPR,MNPR-202,,cancer,,False,
0001664710-22-000067,0001664710,2022-12-12,"Keros Therapeutics, Inc.  (KROS)  (CIK 0001664710)",exhibit991ash2022.htm,2022-12-12,Nasdaq,KROS,KER-050,2,myelodysplastic syndromes,,False,
0001564590-22-039215,0001671584,2022-12-12,Aptevo Therapeutics Inc.  (APVO)  (CIK 0001671584),apvo-ex991_6.htm,2022-12-12,Nasdaq,APVO,APVO436,1b,Acute Myeloid Leukemia,,False,
0001193125-22-302732,0001673772,2022-12-12,"RAPT Therapeutics, Inc.  (RAPT)  (CIK 0001673772)",d422317dex991.htm,2022-12-08,Nasdaq,RAPT,FLX475,1/2,advanced cancer,NCT03674567,False,NCT03674567
0001193125-22-302733,0001708493,2022-12-12,"Harpoon Therapeutics, Inc.  (CIK 0001708493)",d409100d8k.htm,2022-12-11,Nasdaq,HARP,HPN217,1,relapsed/refractory multiple myeloma,,True,NCT04184050
0000950170-22-026329,0001720580,2022-12-12,"Adicet Bio, Inc.  (ACET)  (CIK 0001720580)",acet-20221210.htm,2022-12-10,Nasdaq,ACET,ADI-001,1,relapsed or refractory B-cell NHL,,False,NCT04735471
0001104659-22-126475,0001390478,2022-12-13,"SELLAS Life Sciences Group, Inc.  (SLS)  (CIK 0001390478)",tm2232491d1_8k.htm,2022-12-13,NASDAQ,SLS,GFH009,1,relapsed and/or refractory (r/r) hematologic malignancies,,False,
0001171843-22-008011,0001447028,2022-12-13,Arbutus Biopharma Corp  (ABUS)  (CIK 0001447028),exh_991.htm,2022-12-13,Nasdaq,ABUS,AB-729,2a,chronic Hepatitis B virus infection,,False,
0001193125-22-302915,0001549595,2022-12-13,"Nurix Therapeutics, Inc.  (NRIX)  (CIK 0001549595)",d411325d8k.htm,2022-12-12,Nasdaq,NRIX,NX-2127,1,chronic lymphocytic leukemia (CLL),,False,NCT04830137
0001682852-22-000055,0001682852,2022-12-13,"Moderna, Inc.  (MRNA)  (CIK 0001682852)",exhibit991-12122022pcv.htm,2022-12-13,Nasdaq,MRNA,mRNA-4157/V940,2b,stage III/IV melanoma,KEYNOTE-942,False,NCT03897881
0001193125-22-303275,0001690585,2022-12-13,"Magenta Therapeutics, Inc.  (DNTH)  (CIK 0001690585)",d434402d8k.htm,2022-12-12,Nasdaq,MGTA,MGTA-117,1/2,relapsed/refractory (R/R) AML and MDS,,False,
0001193125-22-303296,0001816736,2022-12-13,"Gemini Therapeutics, Inc. /DE  (IRON)  (CIK 0001816736)",d411279dex991.htm,2022-12-13,,,Bitopertin,2,erythropoietic protoporphyria (EPP),BEACON,False,NCT05320198
0001564590-22-039316,0001394319,2022-12-14,"Tracon Pharmaceuticals, Inc.  (TCON)  (CIK 0001394319)",tcon-8k_20221214.htm,2022-12-14,,,envafolimab,2,,ENVASARC,False,
0001193125-22-303934,0001503802,2022-12-14,Karyopharm Therapeutics Inc.  (KPTI)  (CIK 0001503802),d426577d8k.htm,2022-12-10,Nasdaq Global Select Market,KPTI,selinexor,1,treatment-naïve myelofibrosis,NCT04562389,False,NCT04562389
0001493152-22-035400,0001533743,2022-12-14,"Processa Pharmaceuticals, Inc.  (PCSA)  (CIK 0001533743)",ex99-1.htm,2022-12-14,Nasdaq,PCSA,PCS12852,2A,gastroparesis,NCT05270460,True,NCT05270460
0001558370-22-018617,0001787297,2022-12-14,"Passage BIO, Inc.  (PASG)  (CIK 0001787297)",pasg-20221214xex99d1.htm,2022-12-14,Nasdaq,PASG,PBGM01,1/2,GM1 Gangliosidosis,Imagine-1,False,NCT04713475
0001193125-22-304330,0001815442,2022-12-14,"Kymera Therapeutics, Inc.  (KYMR)  (CIK 0001815442)",d429465d8k.htm,2022-12-14,NASDAQ,KYMR,KT-474,1,hidradenitis suppurativa and atopic dermatitis,,False,
0001104659-22-127101,0001454789,2022-12-15,"Astria Therapeutics, Inc.  (ATXS)  (CIK 0001454789)",tm2232540d2_8k.htm,2022-12-15,NASDAQ,ATXS,STAR-0215,1a,hereditary angioedema,,False,
0001193125-22-305412,0001527599,2022-12-15,"SYNLOGIC, INC.  (SYBX)  (CIK 0001527599)",d426522dex991.htm,2022-12-15,Nasdaq,SYBX,SYNB8802,1b,enteric hyperoxaluria,SYNB8802-CP-002,False,
0001437749-22-029111,0001659617,2022-12-15,"Moleculin Biotech, Inc.  (MBRX)  (CIK 0001659617)",ex_456643.htm,2022-12-15,Nasdaq,MBRX,Annamycin,1,Acute Myeloid Leukemia,,False,
0001104659-22-127597,0001571934,2022-12-16,"Synaptogenix, Inc.  (SNPX)  (CIK 0001571934)",tm2232868d1_8k.htm,2022-12-16,Nasdaq,SNPX,Bryostatin-1,2,advanced Alzheimer’s disease,,False,
0001193125-22-307935,0001157601,2022-12-19,"MADRIGAL PHARMACEUTICALS, INC.  (MDGL)  (CIK 0001157601)",d423141d8k.htm,2022-12-19,NASDAQ,MDGL,resmetirom,3,nonalcoholic steatohepatitis (NASH),MAESTRO-NASH,False,
0000950170-22-026736,0001426800,2022-12-19,"ASSEMBLY BIOSCIENCES, INC.  (ASMB)  (CIK 0001426800)",asmb-ex99_1.htm,2022-12-19,Nasdaq,ASMB,ABI-H3733 and ABI-4334,1b and 1a,hepatitis B virus (HBV),,False,
0001651308-22-000235,0001651308,2022-12-19,"BeiGene, Ltd.  (BGNE, BEIGF)  (CIK 0001651308)",a20221219formxashandnejmpr.htm,2022-12-13,NASDAQ,BGNE,BRUKINSA (zanubrutinib),3,relapsed/refractory (R/R) chronic lymphocytic leukemia (CLL) or small lymphocytic leukemia (SLL),ALPINE,False,NCT03734016
0000950170-22-026760,0001724521,2022-12-19,"Arcus Biosciences, Inc.  (RCUS)  (CIK 0001724521)",rcus-20221219.htm,2022-12-19,New York Stock Exchange,RCUS,"domvanalimab, zimberelimab, etrumadenant",2,first-line metastatic PD-L1≥50% non-small cell lung cancer,ARC-7,False,
0000950170-22-026702,0001805387,2022-12-19,"Cerevel Therapeutics Holdings, Inc.  (CIK 0001805387)",cere-ex99_1.htm,2022-12-19,Nasdaq,CERE,emraclidine,1,schizophrenia,,False,
0001193125-22-307861,0001937653,2022-12-19,Zymeworks Inc.  (ZYME)  (CIK 0001937653),d417415d8k.htm,2022-12-19,NASDAQ,ZYME,zanidatamab,2b,biliary tract cancers,HERIZON-BTC-01,False,NCT04466891;NCT05152147
0001493152-22-035944,0000908259,2022-12-20,"Oncotelic Therapeutics, Inc.  (OTLC)  (CIK 0000908259)",ex99-2.htm,2022-12-19,OTCQB,OTLC,OT-101,,gliomas,,False,
0001326190-22-000016,0001326190,2022-12-20,"Altimmune, Inc.  (ALT)  (CIK 0001326190)",alt-20221220x8k.htm,2022-12-20,Nasdaq,ALT,pemvidutide,1b,Non-Alcoholic Fatty Liver Disease (NAFLD),,False,
0001193125-22-309581,0001232524,2022-12-21,Jazz Pharmaceuticals plc  (JAZZ)  (CIK 0001232524),d439594dex991.htm,2022-12-21,Nasdaq,"JAZZ, ZYME",zanidatamab,,biliary tract cancers,HERIZON-BTC-01,True,
0001193125-22-309630,0001937653,2022-12-21,Zymeworks Inc.  (ZYME)  (CIK 0001937653),d429038dex991.htm,2022-12-21,Nasdaq,JAZZ,zanidatamab,pivotal,biliary tract cancers,HERIZON-BTC-01,False,
0000950170-22-026910,0001444192,2022-12-22,Acasti Pharma Inc.  (ACST)  (CIK 0001444192),acst-20221222.htm,,NASDAQ,ACST,GTX-101,1,Postherpetic Neuralgia,,False,
0001193125-22-311191,0001801777,2022-12-22,Applied Molecular Transport Inc.  (CIK 0001801777),d440127dex991.htm,2022-12-22,Nasdaq,AMTI,AMT-101,2,ulcerative colitis,LOMBARD,False,
0000950170-22-027060,0001444192,2022-12-28,Acasti Pharma Inc.  (ACST)  (CIK 0001444192),acst-20221228.htm,,NASDAQ,ACST,GTX-102,1,Ataxia Telangiectasia,,False,
0001140361-22-047110,0001472091,2022-12-28,PDS Biotechnology Corp  (PDSB)  (CIK 0001472091),brhc10045977_8k.htm,2022-12-28,Nasdaq,PDSB,PDS0101,2,HPV-positive cancers,NCT04287868,True,NCT04287868
0001213900-22-083051,0001766140,2022-12-28,"Unicycive Therapeutics, Inc.  (UNCY)  (CIK 0001766140)",ea170920-8k_unicycive.htm,2022-12-28,Nasdaq,UNCY,Renazorb,,hyperphosphatemia in chronic kidney disease (CKD) patients on dialysis,,False,
0001178913-23-000010,0001534248,2023-01-03,Chemomab Therapeutics Ltd.  (CMMB)  (CIK 0001534248),exhibit_99-1.htm,2023-01-03,Nasdaq,CMMB,CM-101,2a,non-alcoholic steatohepatitis (NASH),,False,
0001493152-23-000232,0001574235,2023-01-04,"Pulmatrix, Inc.  (PULM)  (CIK 0001574235)",ex99-1.htm,2023-01-04,NASDAQ,PULM,PUR3100,1,acute migraine,,False,
0001140361-23-000296,0001635088,2023-01-04,Roivant Sciences Ltd.  (ROIV)  (CIK 0001635088),ny20006513x2_8k.htm,2023-01-04,Nasdaq,ROIV,RVT-3101,2b,ulcerative colitis,TUSCANY-2,False,
0001628280-23-000450,0001704292,2023-01-05,Zai Lab Ltd  (ZLAB)  (CIK 0001704292),zlab-2023x01x05xnovocureex.htm,2023-01-05,Nasdaq,ZLAB,Tumor Treating Fields (TTFields),3,stage 4 non-small cell lung cancer (NSCLC),LUNAR,False,
0001193125-23-001952,0001740279,2023-01-05,"IN8BIO, INC.  (INAB)  (CIK 0001740279)",d435564dex991.htm,2023-01-05,Nasdaq,INAB,INB-200,1,newly diagnosed glioblastoma multiforme (GBM),,False,
0001860782-23-000002,0001860782,2023-01-05,"2seventy bio, Inc.  (TSVT)  (CIK 0001860782)",tvst-20230104.htm,2023-01-05,Nasdaq,TSVT,ABECMA (idecabtagene vicleucel),3,relapsed and refractory multiple myeloma,KarMMa-3,False,
0001140361-23-000743,0001104506,2023-01-06,INSMED Inc  (INSM)  (CIK 0001104506),brhc10046302_99-1.htm,2023-01-06,Nasdaq,INSM,brensocatib,2,cystic fibrosis,,False,
0001171843-23-000154,0000882796,2023-01-09,BIOCRYST PHARMACEUTICALS INC  (BCRX)  (CIK 0000882796),exh_992.htm,2023-01-09,Nasdaq,BCRX,BCX10013,1,complement-mediated diseases,,False,
0001628280-23-000714,0001372299,2023-01-09,"Ocugen, Inc.  (OCGN)  (CIK 0001372299)",ocgn-20230109.htm,2023-01-09,Nasdaq,OCGN,COVAXIN (BBV152),2/3,COVID-19,,False,NCT04641481;NCT05258669
0001493152-23-000904,0001401914,2023-01-09,"Dare Bioscience, Inc.  (DARE)  (CIK 0001401914)",ex99-1.htm,2023-01-09,Nasdaq,DARE,DARE-HRT1,1/2,vasomotor and vaginal symptoms of menopause,DARE-HRT1 Phase 1 / 2 Study,False,
0001682852-23-000004,0001682852,2023-01-09,"Moderna, Inc.  (MRNA)  (CIK 0001682852)",exhibit991-jpmjan2023.htm,2023-01-09,Nasdaq,MRNA,mRNA-1345,3,respiratory syncytial virus,Pivotal Phase 3 RSV efficacy study,False,
0001193125-23-004049,0001783183,2023-01-09,"Phathom Pharmaceuticals, Inc.  (PHAT)  (CIK 0001783183)",d432177d8k.htm,2023-01-09,Nasdaq,PHAT,vonoprazan,3,symptomatic non-erosive gastroesophageal reflux disease,PHALCON-NERD-301,False,
0001493152-23-000900,0001815974,2023-01-09,"Anebulo Pharmaceuticals, Inc.  (ANEB)  (CIK 0001815974)",ex99-2.htm,2023-01-09,Nasdaq,ANEB,ANEB-001,2,acute cannabinoid intoxication,,False,NCT05282797
0001193125-23-004059,0001845337,2023-01-09,"Day One Biopharmaceuticals, Inc.  (DAWN)  (CIK 0001845337)",d398949d8k.htm,2023-01-08,Nasdaq,DAWN,tovorafenib,2,recurrent or progressive pediatric low-grade glioma,FIREFLY-1,False,
0001193125-23-005674,0001157601,2023-01-10,"MADRIGAL PHARMACEUTICALS, INC.  (MDGL)  (CIK 0001157601)",d436279d8k.htm,2023-01-06,Nasdaq,MDGL,resmetirom,3,nonalcoholic steatohepatitis,MAESTRO-NASH,True,
0001213900-23-002343,0001176309,2023-01-12,ORAMED PHARMACEUTICALS INC.  (ORMP)  (CIK 0001176309),ea171576-8k_oramed.htm,2023-01-11,,,ORMP-0801,3,Type 2 Diabetes,ORA-D-013-1,False,
0001753926-23-000046,0001347242,2023-01-12,LIPELLA PHARMACEUTICALS INC  (LIPO)  (CIK 0001347242),g083352_ex99-1.htm,2023-01-11,Nasdaq,LIPO,LP-10,2a,Hemorrhagic Cystitis,,False,NCT01393223
0001213900-23-002591,0001788028,2023-01-13,"Jasper Therapeutics, Inc.  (JSPR, JSPRW)  (CIK 0001788028)",ea171626-8k_jasper.htm,2023-01-13,Nasdaq,JSPR,briquilimab,1,acute myeloid leukemia (AML) or MDS,,False,
0001493152-23-001787,0001574094,2023-01-18,"RenovoRx, Inc.  (RNXT)  (CIK 0001574094)",ex99-1.htm,2023-01-18,Nasdaq,RNXT,gemcitabine,3,Locally Advanced Pancreatic Cancer,TIGeR-PaC,False,
0001493152-23-001820,0001106838,2023-01-19,"Sonnet BioTherapeutics Holdings, Inc.  (SONN)  (CIK 0001106838)",ex99-1.htm,2023-01-19,NASDAQ,SONN,SON-1010,1,,SB102,False,NCT05408572
0000950170-23-000928,0001662244,2023-01-19,"Cyteir Therapeutics, Inc.  (CIK 0001662244)",cyt-ex99_1.htm,2023-01-19,Nasdaq,CYT,CYT-0851,1,ovarian cancer,,False,
0001171843-23-000338,0001738021,2023-01-19,"Compass Therapeutics, Inc.  (CMPX)  (CIK 0001738021)",exh_991.htm,2023-01-19,Nasdaq,CMPX,CTX-009,2,biliary tract cancers,,False,NCT05506943
0001651308-23-000022,0001651308,2023-01-23,"BeiGene, Ltd.  (BGNE, BEIGF)  (CIK 0001651308)",a20230123formxbrukinsapres.htm,2023-01-19,NASDAQ,BGNE,BRUKINSA,3,chronic lymphocytic leukemia,ALPINE and SEQUOIA,True,NCT03336333;NCT03734016
0001104659-23-005901,0001724979,2023-01-23,Rain Oncology Inc.  (CIK 0001724979),tm234208d1_8k.htm,2023-01-23,NasdaqGS,RAIN,milademetan,1,advanced dedifferentiated liposarcoma,MANTRA,True,NCT04979442
0001193125-23-012607,0001746473,2023-01-23,"PLIANT THERAPEUTICS, INC.  (PLRX)  (CIK 0001746473)",d418942d8k.htm,2023-01-22,Nasdaq,PLRX,bexotegrast,2a,idiopathic pulmonary fibrosis,INTEGRIS-IPF,False,NCT04396756
0001171843-23-000444,0001069530,2023-01-24,CASSAVA SCIENCES INC  (SAVA)  (CIK 0001069530),exh_991.htm,2023-01-24,Nasdaq,SAVA,simufilam,2,Alzheimer’s disease,,False,
0001104659-23-006194,0001356090,2023-01-24,"PRECIGEN, INC.  (PGEN)  (CIK 0001356090)",tm234280d1_ex99-1.htm,2023-01-24,Nasdaq,PGEN,PRGN-2012,1,recurrent respiratory papillomatosis,,False,NCT04724980
0001193125-23-018203,0001831828,2023-01-30,"Vera Therapeutics, Inc.  (VERA)  (CIK 0001831828)",d381437d8k.htm,2023-01-30,,,atacicept,2b,IgA Nephropathy,ORIGIN,False,
0001387131-23-001054,0001430306,2023-01-31,Tonix Pharmaceuticals Holding Corp.  (TNXP)  (CIK 0001430306),ex99-01.htm,2023-01-31,Nasdaq,TNXP,TNX-1900,2,migraine,,False,
0001193125-23-022182,0001539029,2023-02-02,"Clearside Biomedical, Inc.  (CLSD)  (CIK 0001539029)",d425744d8k.htm,2023-02-02,,,,1/2a,,OASIS,False,
0001193125-23-022876,0001694665,2023-02-02,"Evelo Biosciences, Inc.  (EVLO)  (CIK 0001694665)",d344481d8k.htm,2023-02-01,Nasdaq,EVLO,EDP1815,2,atopic dermatitis,,False,
0000950170-23-001771,0001662244,2023-02-03,"Cyteir Therapeutics, Inc.  (CIK 0001662244)",cyt-ex99_1.htm,2023-01-19,Nasdaq,CYT,CYT-0851,1,ovarian cancer,,False,
0001860782-23-000016,0001860782,2023-02-10,"2seventy bio, Inc.  (TSVT)  (CIK 0001860782)",nejmpr991.htm,2023-02-10,NYSE and Nasdaq,BMY and TSVT,Abecma,3,relapsed and refractory multiple myeloma,KarMMa-3,False,NCT03651128
0001437749-23-003180,0001513818,2023-02-13,"Aravive, Inc.  (CIK 0001513818)",ex_474856.htm,2023-02-13,Nasdaq,ARAV,batiraxcept,1b,clear cell renal cell carcinoma,,False,NCT04300140;NCT04729608;NCT04983407
0001628280-23-003209,0001560241,2023-02-13,"G1 Therapeutics, Inc.  (GTHX)  (CIK 0001560241)",gthx-20230213.htm,2023-02-13,Nasdaq,GTHX,trilaciclib,3,metastatic colorectal cancer,PRESERVE 1,False,
0001437749-23-003069,0001659617,2023-02-13,"Moleculin Biotech, Inc.  (MBRX)  (CIK 0001659617)",ex_474347.htm,2023-02-13,Nasdaq,MBRX,Annamycin,1,acute myeloid leukemia,MB-105,False,
0001104659-23-019876,0001720893,2023-02-13,"BioXcel Therapeutics, Inc.  (BTAI)  (CIK 0001720893)",tm236560d1_8k.htm,2023-02-13,Nasdaq,BTAI,BXCL701,2a,small cell neuroendocrine (SCNC) variant metastatic castration-resistant prostate cancer (mCRPC),,False,
0001125345-23-000021,0001125345,2023-02-14,MACROGENICS INC  (MGNX)  (CIK 0001125345),exhibit99-1preliminaryresu.htm,2023-02-13,Nasdaq,MGNX,lorigerlimab,1,metastatic castration-resistant prostate cancer (mCRPC),,True,
0001493152-23-005139,0000764195,2023-02-15,VBI Vaccines Inc/BC  (VBIVQ)  (CIK 0000764195),ex99-1.htm,2023-02-15,Nasdaq,VBIV,VBI-2601 (BRII-179) and BRII-835,2,chronic hepatitis B,,False,
0001628280-23-003635,0000879407,2023-02-15,"ARROWHEAD PHARMACEUTICALS, INC.  (ARWR)  (CIK 0000879407)",nr-xjnjx0795aroxpnpla3ri.htm,2023-02-15,Nasdaq,ARWR,ARO-PNPLA3,1,non-alcoholic steatohepatitis (NASH),,False,NCT04844450
0001193125-23-040742,0001501796,2023-02-16,"Aura Biosciences, Inc.  (AURA)  (CIK 0001501796)",d460344d8k.htm,2023-02-16,Nasdaq,AURA,belzupacap sarotalocan (bel-sar),2,early-stage choroidal melanoma,NCT04417530,False,NCT04417530
0000950170-23-002963,0001693011,2023-02-16,"Inozyme Pharma, Inc.  (INZY)  (CIK 0001693011)",inzy-20230215.htm,2023-02-16,Nasdaq,INZY,INZ-701,1/2,ENPP1 Deficiency and ABCC6 Deficiency,,False,
0001213900-23-012446,0001788028,2023-02-16,"Jasper Therapeutics, Inc.  (JSPR, JSPRW)  (CIK 0001788028)",ea173843ex99-1_jasper.htm,2023-02-16,Nasdaq,JSPR,briquilimab,1/2,sickle cell disease,NCT05357482,True,NCT00061568;NCT05357482
0001193125-23-040919,0001817229,2023-02-16,Vor Biopharma Inc.  (VOR)  (CIK 0001817229),d449789d8k.htm,2023-02-16,Nasdaq,VOR,trem-cel,1/2a,acute myeloid leukemia,VBP101,False,NCT04849910
0001193125-23-041459,0001836056,2023-02-17,Ambrx Biopharma Inc.  (CIK 0001836056),d440404d8k.htm,2023-02-16,NYSE,AMAM,ARX517,1,advanced prostate cancer,APEX-01,False,NCT04662580
0001213900-23-013059,0001388320,2023-02-21,"Actinium Pharmaceuticals, Inc.  (ATNM)  (CIK 0001388320)",ea173990-8k_actinium.htm,2023-02-18,NYSE American,ATNM,Iomab-B,3,acute myeloid leukemia,SIERRA,False,
0001193125-23-043018,0001828522,2023-02-21,"eFFECTOR Therapeutics, Inc.  (EFTR, EFTRW)  (CIK 0001828522)",d929354d8k.htm,2023-02-21,Nasdaq,EFTR,zotatifin,1b,COVID,,False,
0001104659-23-024366,0001178879,2023-02-22,"AMICUS THERAPEUTICS, INC.  (FOLD)  (CIK 0001178879)",tm237622d1_ex99-1.htm,2023-02-22,Nasdaq,FOLD,AT-GAA,3,late-onset Pompe disease,PROPEL,False,
0001213900-23-014008,0000906709,2023-02-23,NEKTAR THERAPEUTICS  (NKTR)  (CIK 0000906709),ea174171-8k_nektartherap.htm,2023-02-23,,,REZPEG,2,SLE,ISLAND,False,
0001193125-23-046516,0001420565,2023-02-23,AILERON THERAPEUTICS INC  (ALRN)  (CIK 0001420565),d433980d8k.htm,2023-02-21,Nasdaq,ALRN,ALRN-6924,1b,p53-mutated breast cancer,,False,
0001493152-23-005827,0001610820,2023-02-23,"BriaCell Therapeutics Corp.  (BCTX, BCTXW)  (CIK 0001610820)",ex99-1.htm,2023-02-23,Nasdaq,BCTX,Bria-IMT,2,advanced metastatic breast cancer,,True,
0000950170-23-004239,0001748907,2023-02-24,Orchard Therapeutics plc  (CIK 0001748907),ortx-ex99_1.htm,2023-02-24,Nasdaq,ORTX,OTL-200,,metachromatic leukodystrophy,,False,
0001558370-23-001964,0001787297,2023-02-24,"Passage BIO, Inc.  (PASG)  (CIK 0001787297)",pasg-20230224x8k.htm,2023-02-24,Nasdaq,PASG,PBGM01,1/2,GM1 gangliosidosis,Imagine-1,True,NCT04713475
0001104659-23-025682,0001597264,2023-02-27,Blueprint Medicines Corp  (BPMC)  (CIK 0001597264),tm237913d1_ex99-1.htm,2023-02-27,,,AYVAKIT,,indolent systemic mastocytosis,PIONEER,False,
0001437749-23-004629,0001822791,2023-02-27,"Clene Inc.  (CLNN, CLNNW)  (CIK 0001822791)",ex_479455.htm,2023-02-27,Nasdaq,CLNN,CNM-Au8,2,relapsing multiple sclerosis,VISIONARY-MS,True,
0001193125-23-055140,0001610618,2023-03-01,"Cidara Therapeutics, Inc.  (CDTX)  (CIK 0001610618)",d443406d8k.htm,2023-03-01,Nasdaq,CDTX,CD388,2a,H3N2 influenza A virus,,False,
0001193125-23-055216,0001836056,2023-03-01,Ambrx Biopharma Inc.  (CIK 0001836056),d434460d8k.htm,2023-03-01,NYSE,AMAM,ARX788,3,HER2 positive metastatic breast cancer,ACE-Breast-02,False,
0001104659-23-028700,0000921114,2023-03-06,"Armata Pharmaceuticals, Inc.  (ARMP)  (CIK 0000921114)",tm238594d1_8k.htm,2023-03-06,NYSE American,ARMP,AP-PA02,1b/2a,cystic fibrosis,SWARM- P.a.,False,NCT05616221
0000950170-23-006114,0001061983,2023-03-06,CYTOKINETICS INC  (CYTK)  (CIK 0001061983),cytk-20230304.htm,2023-03-04,Nasdaq,CYTK,aficamten,2,non-obstructive hypertrophic cardiomyopathy,REDWOOD-HCM,False,
0001558370-23-002835,0001557746,2023-03-06,"Aclaris Therapeutics, Inc.  (ACRS)  (CIK 0001557746)",acrs-20230306x8k.htm,2023-03-06,NASDAQ,ACRS,zunsemetinib (ATI-450),2a,moderate to severe hidradenitis suppurativa,ATI-450-HS-201,False,NCT05216224
0001193125-23-060828,0001743881,2023-03-06,"BridgeBio Pharma, Inc.  (BBIO)  (CIK 0001743881)",d467337d8k.htm,2023-03-06,Nasdaq,BBIO,infigratinib,2,achondroplasia,PROPEL2,False,
0001437749-23-005470,0001822791,2023-03-06,"Clene Inc.  (CLNN, CLNNW)  (CIK 0001822791)",ex_484093.htm,2023-03-06,Nasdaq,CLNN,CNM-Au8,2,amyotrophic lateral sclerosis,RESCUE-ALS,False,
0000819050-23-000025,0000819050,2023-03-07,"Fresh Tracks Therapeutics, Inc.  (FRTX)  (CIK 0000819050)",a202303078kex991.htm,2023-03-07,Nasdaq,FRTX,FRTX-02,1,atopic dermatitis and/or other autoimmune diseases,,False,NCT05382819
0001126234-23-000031,0001126234,2023-03-07,"LUMOS PHARMA, INC.  (LUMO)  (CIK 0001126234)",lumo-20230306x8kxex991.htm,2023-03-05,NASDAQ,LUMO,LUM-201,2,Pediatric Growth Hormone Deficiency,OraGrowtH212,False,
0001437749-23-005818,0001411685,2023-03-08,"Vistagen Therapeutics, Inc.  (VTGN)  (CIK 0001411685)",ex_485683.htm,2023-03-08,NASDAQ,VTGN,itruvone (PH10),1,major depressive disorder,,False,
0001437749-23-005863,0001822791,2023-03-09,"Clene Inc.  (CLNN, CLNNW)  (CIK 0001822791)",ex_485881.htm,2023-03-09,Nasdaq,CLNN,CNM-Au8,,amyotrophic lateral sclerosis,HEALEY ALS Platform Trial,False,
0001140361-23-011727,0001635088,2023-03-15,Roivant Sciences Ltd.  (ROIV)  (CIK 0001635088),brhc10049821_8k.htm,2023-03-15,Nasdaq,ROIV,"VTAMA (tapinarof) cream, 1%",3,atopic dermatitis,ADORING 2,False,NCT05014568;NCT05032859;NCT05142774
0001564590-23-003860,0001069308,2023-03-17,Acer Therapeutics Inc.  (CIK 0001069308),acer-8k_20230317.htm,2023-03-17,Nasdaq,ACER,ACER-801 (osanetant),2a,Vasomotor Symptoms (VMS) associated with menopause,,False,
0000950170-23-008684,0001771917,2023-03-20,"Karuna Therapeutics, Inc.  (CIK 0001771917)",krtx-20230320.htm,2023-03-20,NASDAQ,KRTX,KarXT (xanomeline-trospium),3,schizophrenia,EMERGENT-3,False,
0001326190-23-000017,0001326190,2023-03-21,"Altimmune, Inc.  (ALT)  (CIK 0001326190)",alt-20230321x8k.htm,2023-03-21,Nasdaq,ALT,pemvidutide,2,obesity,MOMENTUM,True,
0001193125-23-075297,0001453687,2023-03-21,SELECTA BIOSCIENCES INC  (RNAC)  (CIK 0001453687),d485004d8k.htm,2023-03-21,NASDAQ,SELB,SEL-212,3,chronic refractory gout,DISSOLVE,False,NCT04513366
0001437749-23-007541,0001659617,2023-03-22,"Moleculin Biotech, Inc.  (MBRX)  (CIK 0001659617)",ex_490931.htm,2023-03-22,Nasdaq,MBRX,Annamycin,2,soft tissue sarcoma lung metastases,MB107,True,NCT04887298;NCT05319587
0001193125-23-076241,0001785173,2023-03-22,"89bio, Inc.  (ETNB)  (CIK 0001785173)",d486980d8k.htm,2023-03-22,Nasdaq,ETNB,pegozafermin,2b,nonalcoholic steatohepatitis,ENLIVEN,False,
0001437749-23-007585,0001411685,2023-03-23,"Vistagen Therapeutics, Inc.  (VTGN)  (CIK 0001411685)",ex_492153.htm,2023-03-22,Nasdaq,VTGN,fasedienol,3,social anxiety disorder,,False,
0001140361-23-013852,0000874015,2023-03-27,IONIS PHARMACEUTICALS INC  (IONS)  (CIK 0000874015),brhc10050366_8k.htm,2023-03-27,Nasdaq,IONS,eplontersen,3,hereditary transthyretin-mediated amyloid polyneuropathy,NEURO-TTRansform,True,NCT04136184
0000950170-23-009847,0001463361,2023-03-27,"Unity Biotechnology, Inc.  (UBX)  (CIK 0001463361)",ubx-ex99_1.htm,2023-03-27,Nasdaq,UBX,UBX1325,2,wet age-related macular degeneration,ENVISION,False,NCT04857996;NCT05275205
0001558370-23-004634,0001479419,2023-03-27,"Kala Pharmaceuticals, Inc.  (KALA)  (CIK 0001479419)",kala-20230327x8k.htm,2023-03-27,Nasdaq,"Kala Pharmaceuticals, Inc.",KPI-012,2b,persistent corneal epithelial defect,CHASE,False,
0001654954-23-003607,0001645469,2023-03-27,Monopar Therapeutics  (MNPR)  (CIK 0001645469),mnpr_8k.htm,2023-03-27,Nasdaq,MNPR,Validive,2b/3,severe oral mucositis,VOICE,False,
0001104659-23-037397,0001455365,2023-03-28,COGNITION THERAPEUTICS INC  (CGTX)  (CIK 0001455365),tm2310682d1_ex99-1.htm,2023-03-28,NASDAQ,CGTX,CT1812,2,Alzheimer’s disease,SHINE,False,NCT03493282;NCT03507790;NCT05225415
0001193125-23-081351,0001567514,2023-03-28,"Intra-Cellular Therapies, Inc.  (ITCI)  (CIK 0001567514)",d464214d8k.htm,2022-03-28,Nasdaq,ITCI,lumateperone,,major depressive disorder with mixed features and bipolar depression with mixed features,Study 403,False,
0000950170-23-010108,0001607678,2023-03-28,"Viking Therapeutics, Inc.  (VKTX)  (CIK 0001607678)",vktx-ex99_1.htm,2023-03-28,NASDAQ,VKTX,VK2735,1,metabolic disorders,,False,
0001193125-23-082314,0001840439,2023-03-28,"Biomea Fusion, Inc.  (BMEA)  (CIK 0001840439)",d311150d8k.htm,2023-03-28,Nasdaq,BMEA,BMF-219,2,type 2 diabetes mellitus,COVALENT-111,False,NCT05731544
0001104659-23-038719,0001429560,2023-03-30,TREVENA INC  (TRVN)  (CIK 0001429560),tm2310957d1_8k.htm,2023-03-30,Nasdaq,TRVN,OLINVYK,,post-operative pain,VOLITION and ARTEMIS,False,
0001387131-23-004129,0001430306,2023-03-30,Tonix Pharmaceuticals Holding Corp.  (TNXP)  (CIK 0001430306),ex99-01.htm,2023-03-30,Nasdaq,TNXP,TNX-102 SL,3,fibromyalgia,RELIEF,False,NCT04172831
0000950170-23-011143,0001061983,2023-03-31,CYTOKINETICS INC  (CYTK)  (CIK 0001061983),cytk-20230331.htm,,Nasdaq,CYTK,reldesemtiv,3,ALS,COURAGE-ALS,False,
0001493152-23-010514,0001444307,2023-04-03,ONCOSEC MEDICAL Inc  (ONCSQ)  (CIK 0001444307),ex99-1.htm,2023-04-03,NASDAQ,ONCS,TAVO-EP and KEYTRUDA,2,advanced melanoma,KEYNOTE-695,True,
0000950170-23-011474,0001822711,2023-04-03,"PARDES BIOSCIENCES, INC.  (CIK 0001822711)",prds-20230331.htm,2023-04-03,Nasdaq,PRDS,pomotrelvir,2,COVID-19,,False,
0001104659-23-041221,0000057725,2023-04-04,LANNETT CO INC  (CIK 0000057725),tm2311457d1_ex99-1.htm,2023-04-04,NYSE,LCI,biosimilar insulin glargine,,diabetes,,False,
0001193805-23-000500,0001280776,2023-04-05,"IMMUNIC, INC.  (IMUX)  (CIK 0001280776)",e618467_ex99-1.htm,2023-04-05,Nasdaq,IMUX,vidofludimus calcium,2b,moderate-to-severe ulcerative colitis,CALDOSE-1,False,NCT03341962
0001600620-23-000004,0001600620,2023-04-05,Aurinia Pharmaceuticals Inc.  (AUPH)  (CIK 0001600620),auph-20230405.htm,2023-04-05,Nasdaq,AUPH,LUPKYNIS,3,lupus nephritis,AURORA,False,
0000950170-23-012245,0001082038,2023-04-10,DURECT CORP  (DRRX)  (CIK 0001082038),drrx-ex99_1.htm,2023-04-10,Nasdaq,DRRX,larsucosterol,2a,alcohol-associated hepatitis,,True,NCT04563026
0001193125-23-095854,0001492426,2023-04-10,Horizon Therapeutics Public Ltd Co  (CIK 0001492426),d413888d8k.htm,2023-04-10,Nasdaq,HZNP,TEPEZZA,4,thyroid eye disease,,False,
0001213900-23-028716,0001860657,2023-04-11,"Allarity Therapeutics, Inc.  (ALLR)  (CIK 0001860657)",ea176775ex99-1_allarity.htm,2023-04-11,Nasdaq,ALLR,LiPlaCis,2,metastatic breast cancer,,False,
0001564590-23-005579,0001878313,2023-04-11,"MAIA Biotechnology, Inc.  (MAIA)  (CIK 0001878313)",maia-8k_20230411.htm,2023-04-11,NYSE American,MAIA,THIO,2,Non-Small Cell Lung Cancer,THIO-101,False,NCT05208944
0001193125-23-098539,0001636282,2023-04-12,"Aeglea BioTherapeutics, Inc.  (SYRE)  (CIK 0001636282)",d485603dex991.htm,2023-04-12,NASDAQ,AGLE,pegtarviliase,1/2,Classical Homocystinuria,,False,
0001104659-23-045447,0001372299,2023-04-14,"Ocugen, Inc.  (OCGN)  (CIK 0001372299)",tm2312896d1_8k.htm,2023-04-14,NASDAQ,OCGN,OCU400,1/2,Retinitis Pigmentosa and Leber Congenital Amaurosis,,False,
0000950170-23-012883,0001804591,2023-04-14,23andMe Holding Co.  (ME)  (CIK 0001804591),me-20230414.htm,2023-04-14,Nasdaq,ME,23ME-00610,1,advanced solid malignancies,Phase 1/2a study,False,NCT05199272
0001493152-23-012483,0000715446,2023-04-17,Anixa Biosciences Inc  (ANIX)  (CIK 0000715446),ex99-1.htm,2023-04-17,NASDAQ,ANIX,breast cancer vaccine,1,triple negative breast cancer,Phase 1 Trial,False,
0001493152-23-012566,0001610820,2023-04-17,"BriaCell Therapeutics Corp.  (BCTX, BCTXW)  (CIK 0001610820)",ex99-1.htm,2023-04-17,Nasdaq,BCTX,Bria-IMT™,,advanced metastatic breast cancer,,False,
0001193125-23-102874,0001649094,2023-04-17,"Vaxcyte, Inc.  (PCVX)  (CIK 0001649094)",d492750d8k.htm,2023-04-17,Nasdaq,PCVX,VAX-24,2,invasive pneumococcal disease,VAX-24 Phase 2 study,True,NCT05266456;NCT05297578
0001193125-23-103837,0001651311,2023-04-17,Merus N.V.  (MRUS)  (CIK 0001651311),d492432d8k.htm,2023-04-17,The Nasdaq Global Market,MRUS,petosemtamab,1/2,head and neck squamous cell carcinoma,,False,
0001140361-23-018635,0001797768,2023-04-17,Kinnate Biopharma Inc.  (CIK 0001797768),brhc20051493_ex99-1.htm,2023-04-17,Nasdaq,KNTE,exarafenib,1,BRAF-altered solid tumors and/or NRAS mutant melanoma,KN-8701,False,NCT04913285
0001493152-23-012803,0001106838,2023-04-18,"Sonnet BioTherapeutics Holdings, Inc.  (SONN)  (CIK 0001106838)",ex99-1.htm,2023-04-18,NASDAQ,SONN,SON-1010,1,advanced solid tumors,SB101,False,NCT05352750;NCT05408572
0000950170-23-013272,0001426800,2023-04-18,"ASSEMBLY BIOSCIENCES, INC.  (ASMB)  (CIK 0001426800)",asmb-ex99_1.htm,2023-04-18,Nasdaq,ASMB,ABI-4334,1a,hepatitis B virus,Study ABI-4334-101,False,
0001171843-23-002368,0001447028,2023-04-18,Arbutus Biopharma Corp  (ABUS)  (CIK 0001447028),exh_991.htm,2023-04-18,Nasdaq,ABUS,AB-729,2a,chronic hepatitis B virus,AB-729-001,True,
0001493152-23-012718,0001582554,2023-04-18,"Matinas BioPharma Holdings, Inc.  (MTNB)  (CIK 0001582554)",ex99-1.htm,2023-04-18,NYSE American,MTNB,MAT2203,,Rhodotorula mucilaginosa fungal infection,,False,
0001193125-23-104425,0001808158,2023-04-18,Repare Therapeutics Inc.  (RPTX)  (CIK 0001808158),d483909d8k.htm,2023-04-18,Nasdaq,RPTX,camonsertib,1/2,advanced solid tumors,TRESR,False,NCT04497116;NCT04972110
0001651308-23-000056,0001651308,2023-04-20,"BeiGene, Ltd.  (BGNE, BEIGF)  (CIK 0001651308)",a202304ormxrational305pres.htm,2023-04-20,NASDAQ,BGNE,tislelizumab,3,advanced unresectable or metastatic gastric or gastroesophageal junction adenocarcinoma,RATIONALE 305,True,NCT03777657
0001193125-23-107202,0001845337,2023-04-20,"Day One Biopharmaceuticals, Inc.  (DAWN)  (CIK 0001845337)",d414909dex991.htm,,,,tovorafenib,1b/2,"recurrent, progressive or refractory solid tumors",FIRELIGHT-1,False,NCT04985604
0001140361-23-019757,0000874015,2023-04-24,IONIS PHARMACEUTICALS INC  (IONS)  (CIK 0000874015),brhc20051808_8k.htm,2023-04-24,Nasdaq,IONS,eplontersen,3,hereditary transthyretin-mediated amyloid polyneuropathy,NEURO-TTRansform,False,NCT04136184
0000950170-23-013935,0001463361,2023-04-24,"Unity Biotechnology, Inc.  (UBX)  (CIK 0001463361)",ubx-ex99_1.htm,2023-04-24,Nasdaq,UBX,UBX1325,2,diabetic macular edema,BEHOLD,False,NCT04857996
0001193125-23-111671,0001676725,2023-04-24,"IDEAYA Biosciences, Inc.  (IDYA)  (CIK 0001676725)",d258607d8k.htm,2023-04-23,Nasdaq,IDYA,darovasertib and crizotinib,2,metastatic uveal melanoma,,True,NCT05187884
0001104659-23-048686,0001697532,2023-04-24,Applied Therapeutics Inc.  (APLT)  (CIK 0001697532),tm2313498d1_ex99-1.htm,2023-04-24,Nasdaq,APLT,govorestat (AT-007),3,Galactosemia,ACTION-Galactosemia Kids,False,
0001711279-23-000025,0001711279,2023-04-24,"Krystal Biotech, Inc.  (KRYS)  (CIK 0001711279)",ex991arvopressrelease.htm,2023-04-24,NASDAQ,KRYS,beremagene geperpavec (B-VEC),,dystrophic epidermolysis bullosa,,False,
0001193125-23-111832,0001740279,2023-04-24,"IN8BIO, INC.  (INAB)  (CIK 0001740279)",d421859dex991.htm,2023-04-24,Nasdaq,INAB,INB-100,1,leukemia,,False,NCT03533816
0001725160-23-000073,0001725160,2023-04-26,"Zentalis Pharmaceuticals, Inc.  (ZNTL)  (CIK 0001725160)",asco2023andfoundation_roch.htm,2023-04-26,Nasdaq,ZNTL,azenosertib,1b,advanced platinum-resistant ovarian cancer,,False,
0001831283-23-000071,0001831283,2023-04-26,LianBio  (LIANY)  (CIK 0001831283),lian-20230426.htm,2023-04-26,Nasdaq,LIAN,mavacamten,3,symptomatic obstructive hypertrophic cardiomyopathy,EXPLORER-CN,False,
0001654954-23-005253,0000911216,2023-04-27,PALATIN TECHNOLOGIES INC  (PTN)  (CIK 0000911216),ptn_ex991.htm,2023-04-27,NYSE American,PTN,PL9643,3,dry eye disease,MELODY-1,False,
0001372514-23-000057,0001372514,2023-04-27,"KIORA PHARMACEUTICALS INC  (KPRX, KPHMW)  (CIK 0001372514)",ex991-pressreleaseprelimin.htm,2023-04-27,NASDAQ,KPRX,KIO-301,,retinitis pigmentosa,,False,
0001171843-23-002604,0001447028,2023-04-27,Arbutus Biopharma Corp  (ABUS)  (CIK 0001447028),exh_991.htm,2023-04-27,Nasdaq,ABUS,AB-729,2a,chronic hepatitis B virus infection,AB-729-001,True,
0001599901-23-000017,0001599901,2023-04-27,"Avidity Biosciences, Inc.  (RNA)  (CIK 0001599901)",a04-27x23vol7marinatopli.htm,,,,AOC 1001,1/2,DM1,MARINA,True,
0000950170-23-015343,0001636651,2023-04-27,Ovid Therapeutics Inc.  (OVID)  (CIK 0001636651),ovid-ex99_1.htm,2023-04-27,Nasdaq,OVID,soticlestat,3,Dravet syndrome and Lennox-Gastaut syndrome,ENDYMION 1,False,
0000950170-23-015374,0001752828,2023-04-27,"Celularity Inc  (CELU, CELUW)  (CIK 0001752828)",celu-ex99_1.htm,2023-04-27,Nasdaq,CELU,CYNK-001,1,relapsed refractory acute myeloid leukemia and MRD positive AML,,False,
0001213900-23-033507,0001359931,2023-04-28,"Protara Therapeutics, Inc.  (TARA)  (CIK 0001359931)",ea177564-8k_protara.htm,2023-04-28,Nasdaq,TARA,TARA-002,1a,non-muscle invasive bladder cancer,ADVANCED-1,False,NCT05085977
0001437749-23-011514,0001833214,2023-04-28,"SAB Biotherapeutics, Inc.  (SABS, SABSW)  (CIK 0001833214)",ex_508947.htm,2023-04-26,Nasdaq,SABS,SAB-185,3,COVID-19,ACTIV-2,False,NCT04518410
0001654954-23-005504,0000911216,2023-05-01,PALATIN TECHNOLOGIES INC  (PTN)  (CIK 0000911216),ptn_ex991.htm,2023-05-01,NYSE American,PTN,PL9643,3,dry eye disease,MELODY-1,True,
0001438533-23-000018,0001438533,2023-05-01,"Travere Therapeutics, Inc.  (TVTX)  (CIK 0001438533)",tvtx-20230501.htm,2023-05-01,Nasdaq,TVTX,sparsentan,3,focal segmental glomerulosclerosis,DUPLEX Study,False,
0001601485-23-000032,0001601485,2023-05-01,Angion Biomedica Corp.  (ELTX)  (CIK 0001601485),a8k20230501_exhibit991.htm,2023-05-01,,,ELI-002,1,pancreatic and colorectal cancer,AMPLIFY-201,False,
0001193125-23-128616,0001746473,2023-05-01,"PLIANT THERAPEUTICS, INC.  (PLRX)  (CIK 0001746473)",d440511dex991.htm,2023-04-30,Nasdaq,PLRX,bexotegrast,2a,idiopathic pulmonary fibrosis,INTEGRIS-IPF,False,NCT04396756
0001831283-23-000073,0001831283,2023-05-01,LianBio  (LIANY)  (CIK 0001831283),a2023mavainvestoreventpr.htm,2023-05-01,,,mavacamten,,obstructive hypertrophic cardiomyopathy,EXPLORER-CN,False,NCT04766892
0001437749-23-011996,0001659617,2023-05-02,"Moleculin Biotech, Inc.  (MBRX)  (CIK 0001659617)",ex_510188.htm,2023-05-02,Nasdaq,MBRX,Annamycin,1b,Acute Myeloid Leukemia,MB-106,False,NCT05319587
0001558370-23-007741,0000855654,2023-05-03,"ImmunoGen, Inc.  (CIK 0000855654)",imgn-20230503x8k.htm,2023-05-03,Nasdaq,IMGN,ELAHERE,3,FRα-positive platinum-resistant ovarian cancer,MIRASOL,False,NCT04209855
0001193805-23-000659,0001280776,2023-05-04,"IMMUNIC, INC.  (IMUX)  (CIK 0001280776)",e618584_8k-immunic.htm,2023-05-04,Nasdaq,IMUX,IMU-856,1b,celiac disease,,False,
0001126234-23-000062,0001126234,2023-05-08,"LUMOS PHARMA, INC.  (LUMO)  (CIK 0001126234)",lumo-20230508x8kxex991.htm,2023-05-08,NASDAQ,LUMO,LUM-201,2,idiopathic Pediatric Growth Hormone Deficiency,OraGrowtH210 and OraGrowtH212,False,
0001193125-23-141488,0001613780,2023-05-11,DBV Technologies S.A.  (DBVT)  (CIK 0001613780),d237467dex991.htm,2023-05-11,Euronext,DBV,Viaskin Peanut,3,peanut allergy,EPITOPE,False,NCT03211247
0001711279-23-000033,0001711279,2023-05-11,"Krystal Biotech, Inc.  (KRYS)  (CIK 0001711279)",isid2023-finalposterpdf_.htm,,,,beremagene geperpavec (B-VEC),3,dystrophic epidermolysis bullosa,,True,
0001493152-23-017637,0001535955,2023-05-16,Lipocine Inc.  (LPCN)  (CIK 0001535955),ex99-1.htm,2023-05-16,Nasdaq,LPCN,LPCN 1154,1,postpartum depression,,False,
0001140361-23-024924,0001635088,2023-05-16,Roivant Sciences Ltd.  (ROIV)  (CIK 0001635088),brhc20053009_8k.htm,2023-05-16,Nasdaq,ROIV,VTAMA,3,atopic dermatitis,ADORING 1,False,NCT05014568;NCT05032859;NCT05142774
0001193125-23-145650,0001835022,2023-05-16,"Coya Therapeutics, Inc.  (COYA)  (CIK 0001835022)",d471671d8k.htm,2023-05-16,Nasdaq,COYA,COYA 301,,Alzheimer’s disease,,False,
0001070081-23-000030,0001070081,2023-05-17,"PTC THERAPEUTICS, INC.  (PTCT)  (CIK 0001070081)",tmb-20230517x8k.htm,2023-05-17,Nasdaq,PTCT,sepiapterin,3,phenylketonuria,APHENITY,False,
0001193125-23-146584,0001783328,2023-05-17,"TScan Therapeutics, Inc.  (TCRX)  (CIK 0001783328)",d490821d8k.htm,2023-05-17,Nasdaq,TCRX,TSC-100 and TSC-101,1,"acute myeloid leukemia, myelodysplastic syndromes, or acute lymphocytic leukemia",,False,
0000950170-23-022879,0000921299,2023-05-18,FIBROGEN INC  (FGEN)  (CIK 0000921299),fgen-20230518.htm,2023-05-18,NASDAQ,FGEN,roxadustat,3,chemotherapy-induced anemia,,False,NCT05301517
0001140361-23-025377,0001681087,2023-05-18,"AVROBIO, Inc.  (TECX)  (CIK 0001681087)",brhc20053135_8k.htm,2023-05-18,Nasdaq,AVRO,investigational gene therapy,1/2,cystinosis,,False,NCT03897361
0001711279-23-000037,0001711279,2023-05-19,"Krystal Biotech, Inc.  (KRYS)  (CIK 0001711279)",a991pressreleasekrystalbio.htm,2023-05-19,NASDAQ,KRYS,VYJUVEK,3,dystrophic epidermolysis bullosa,GEM-3,False,
0001860782-23-000081,0001860782,2023-05-19,"2seventy bio, Inc.  (TSVT)  (CIK 0001860782)",tvst-20230519.htm,2023-05-19,,,SC-DARIC33,1,relapsed or refractory acute myeloid leukemia,PLAT-08,False,
0001104659-23-063202,0001597264,2023-05-22,Blueprint Medicines Corp  (BPMC)  (CIK 0001597264),tm2316465d1_ex99-1.htm,2023-05-22,Nasdaq,BPMC,AYVAKIT,,indolent systemic mastocytosis,PIONEER,False,
0001664710-23-000033,0001664710,2023-05-22,"Keros Therapeutics, Inc.  (KROS)  (CIK 0001664710)",exhibit991atspr2023.htm,2023-05-22,Nasdaq,KROS,KER-012,1,"hematological, pulmonary and cardiovascular disorders",,True,
0001104659-23-062936,0001724979,2023-05-22,Rain Oncology Inc.  (CIK 0001724979),tm2316419d1_8k.htm,2023-05-22,NasdaqGS,RAIN,milademetan,3,dedifferentiated liposarcoma,MANTRA,False,
0001193125-23-150624,0001786255,2023-05-22,"Icosavax, Inc.  (CIK 0001786255)",d438524d8k.htm,2023-05-22,,,IVX-A12,1,RSV and hMPV,,False,
0000950170-23-023505,0001061983,2023-05-23,CYTOKINETICS INC  (CYTK)  (CIK 0001061983),cytk-ex99_1.htm,2023-05-20,Nasdaq,CYTK,aficamten,2,non-obstructive hypertrophic cardiomyopathy,REDWOOD-HCM,True,
0001104659-23-063688,0001070081,2023-05-23,"PTC THERAPEUTICS, INC.  (PTCT)  (CIK 0001070081)",tm2316598d1_8k.htm,2023-05-23,NASDAQ,PTCT,vatiquinone,3,Friedreich ataxia,MOVE-FA,False,
0001193125-23-151113,0001631574,2023-05-23,Wave Life Sciences Ltd.  (WVE)  (CIK 0001631574),d449265d8k.htm,2023-05-23,Nasdaq,WVE,WVE-004,1b/2a,C9orf72-associated amyotrophic lateral sclerosis (ALS) and frontotemporal dementia (FTD),FOCUS-C9,True,
0001628280-23-019591,0001576263,2023-05-24,"Mirati Therapeutics, Inc.  (CIK 0001576263)",miratitherapeuticssitravat.htm,2023-05-24,NASDAQ,MRTX,sitravatinib,3,non-squamous non-small cell lung cancer (NSQ-NSCLC),SAPPHIRE,False,
0001140361-23-026666,0001472091,2023-05-25,PDS Biotechnology Corp  (PDSB)  (CIK 0001472091),brhc20053543_8k.htm,2023-05-25,Nasdaq,PDSB,PDS0101,2,HPV16-positive head and neck cancer,VERSATILE-002,True,NCT04260126
0001104659-23-064739,0001509745,2023-05-25,"LEAP THERAPEUTICS, INC.  (LPTX)  (CIK 0001509745)",tm2317022d1_ex99-1.htm,2023-05-25,Nasdaq,LPTX,DKN-01,2,advanced gastric or gastroesophageal junction adenocarcinoma (GEA),DisTinGuish,True,NCT04363801
0001437749-23-015875,0001513818,2023-05-25,"Aravive, Inc.  (CIK 0001513818)",ex_525160.htm,2023-05-25,Nasdaq,ARAV,batiraxcept,2,clear cell renal cell carcinoma (ccRCC),,True,NCT04300140;NCT04729608;NCT04983407
0001558370-23-010485,0001526119,2023-05-25,"Verastem, Inc.  (VSTM)  (CIK 0001526119)",vstm-20230525xex99d1.htm,2023-05-25,Nasdaq,VSTM,avutometinib and defactinib,2,recurrent low-grade serous ovarian cancer,RAMP 201,True,
0001193125-23-153420,0001528115,2023-05-25,"Annexon, Inc.  (ANNX)  (CIK 0001528115)",d468662d8k.htm,2023-05-24,Nasdaq,ANNX,ANX007,2,geographic atrophy,ARCHER,False,
0001745020-23-000018,0001745020,2023-05-25,"Theseus Pharmaceuticals, Inc.  (CIK 0001745020)",thrx-20230525xexx991.htm,2023-05-25,NASDAQ,THRX,THE-630,1/2,advanced gastrointestinal stromal tumors,,False,NCT05160168
0000950170-23-024292,0001761918,2023-05-25,"Erasca, Inc.  (ERAS)  (CIK 0001761918)",eras-20230525.htm,2023-05-25,Nasdaq Global Select Market,ERAS,ERAS-007,1b/2,metastatic BRAF V600E mutated colorectal cancer,HERKULES-3,False,
0001193125-23-154347,0001789972,2023-05-25,"Cullinan Oncology, Inc.  (CGEM)  (CIK 0001789972)",d462773d8k.htm,2023-05-25,Nasdaq,CGEM,CLN-619,1,advanced solid tumors,,False,
0000950170-23-024290,0001812364,2023-05-25,"Relay Therapeutics, Inc.  (RLAY)  (CIK 0001812364)",rlay-ex99_1.htm,2023-05-25,Nasdaq,RLAY,RLY-4008,1/2,cholangiocarcinoma,ReFocus,True,
0001193125-23-154343,0001828522,2023-05-25,"eFFECTOR Therapeutics, Inc.  (EFTR, EFTRW)  (CIK 0001828522)",d255393d8k.htm,2023-05-25,Nasdaq,EFTR,zotatifin,2,ER+ metastatic breast cancer,,True,
0001437749-23-015996,0001595248,2023-05-26,"Genprex, Inc.  (GNPX)  (CIK 0001595248)",gnpx20230516_8k.htm,2023-05-25,Nasdaq,GNPX,REQORSA,1,non-small cell lung cancer,Acclaim-1,False,
0001104659-23-065549,0001722964,2023-05-26,"Y-mAbs Therapeutics, Inc.  (YMAB)  (CIK 0001722964)",tm2316545d2_8k.htm,2023-05-26,Nasdaq,YMAB,naxitamab,2,high-risk neuroblastoma,Trial 201,False,NCT03363373
0001725160-23-000119,0001725160,2023-05-26,"Zentalis Pharmaceuticals, Inc.  (ZNTL)  (CIK 0001725160)",d2azenochemocomboasco05252.htm,2023-05-25,Nasdaq,ZNTL,azenosertib,1b,platinum-resistant ovarian cancer,,False,
0000950170-23-025091,0001357874,2023-05-31,PRECISION BIOSCIENCES INC  (DTIL)  (CIK 0001357874),dtil-20230531.htm,2023-05-31,Nasdaq,DTIL,azercabtagene zapreleucel (azer-cel),,Diffuse Large B-cell Lymphoma (DLBCL),,False,
0001628280-23-020227,0001398733,2023-05-31,"Aquestive Therapeutics, Inc.  (AQST)  (CIK 0001398733)",aqst-20230531.htm,2023-05-31,Nasdaq,AQST,Anaphylm™ (epinephrine) Sublingual Film,2,"severe allergic reactions, including anaphylaxis",Pilot Studies,False,
0001438533-23-000030,0001438533,2023-05-31,"Travere Therapeutics, Inc.  (TVTX)  (CIK 0001438533)",tvtx-20230531.htm,2023-05-31,Nasdaq,TVTX,pegtibatinase,1/2,classical homocystinuria (HCU),COMPOSE Study,False,
0001104659-23-066700,0001760542,2023-05-31,HOOKIPA Pharma Inc.  (HOOK)  (CIK 0001760542),tm2317399d2_8k.htm,2023-05-31,Nasdaq,HOOK,HB-200,2,HPV16+ Head and Neck Cancers,,False,
0001437749-23-016377,0001411685,2023-06-01,"Vistagen Therapeutics, Inc.  (VTGN)  (CIK 0001411685)",ex_528769.htm,2023-06-01,Nasdaq,VTGN,fasedienol (PH94B),3,social anxiety disorder (SAD),,True,
0001493152-23-020081,0001401914,2023-06-05,"Dare Bioscience, Inc.  (DARE)  (CIK 0001401914)",ex99-1.htm,2023-06-05,NASDAQ,DARE,"Sildenafil Cream, 3.6%",2b,female sexual arousal disorder,RESPOND,False,
0000950170-23-026375,0001515673,2023-06-05,Ultragenyx Pharmaceutical Inc.  (RARE)  (CIK 0001515673),rare-20230605.htm,2023-06-05,NASDAQ,RARE,setrusumab (UX143),2,Osteogenesis Imperfecta,Orbit,False,
0001193125-23-160358,0001538210,2023-06-05,"NexImmune, Inc.  (NEXI)  (CIK 0001538210)",d453826dex991.htm,2023-06-05,Nasdaq,NEXI,NEXI-001,1,relapsed/refractory acute myeloid leukemia,NEXI-001 Phase 1 Trial,False,
0001104659-23-067854,0001600132,2023-06-05,"Bellerophon Therapeutics, Inc.  (BLPH)  (CIK 0001600132)",tm2317784d1_8k.htm,2023-06-05,Nasdaq,BLPH,INOpulse®,3,fibrotic Interstitial Lung Disease,REBUILD,False,
0001140361-23-028235,0001601485,2023-06-05,"Elicio Therapeutics, Inc.  (ELTX)  (CIK 0001601485)",brhc20054007_8k.htm,2023-06-03,Nasdaq,ELTX,ELI-002,1,pancreatic and colorectal cancer,AMPLIFY-201,False,NCT04853017;NCT05726864
0000950170-23-026236,0001662244,2023-06-05,"Cyteir Therapeutics, Inc.  (CIK 0001662244)",cyt-ex99_1.htm,2023-06-03,Nasdaq,CYT,CYT-0851,1,advanced solid tumors,,False,
0000950170-23-026241,0001724521,2023-06-05,"Arcus Biosciences, Inc.  (RCUS)  (CIK 0001724521)",rcus-20230603.htm,2023-06-03,The New York Stock Exchange,RCUS,"domvanalimab, zimberelimab, etrumadenant",2,first-line metastatic PD-L1≥50% non-small cell lung cancer,ARC-7,True,
0001725160-23-000129,0001725160,2023-06-05,"Zentalis Pharmaceuticals, Inc.  (ZNTL)  (CIK 0001725160)",ex991-smith_asco2023xznx.htm,,,,"ZN-d5, azenosertib (ZN-c3)",1/2,relapsed/refractory (R/R) AML,ZN-d5-004C,False,NCT05682170
0001193125-23-160325,0001744659,2023-06-05,"Akero Therapeutics, Inc.  (AKRO)  (CIK 0001744659)",d513466d8k.htm,2023-06-05,Nasdaq,AKRO,efruxifermin (EFX),2b,non-alcoholic steatohepatitis (NASH),SYMMETRY,False,
0001558370-23-010788,0001783032,2023-06-05,"Elevation Oncology, Inc.  (ELEV)  (CIK 0001783032)",elev-20230603x8k.htm,2023-06-03,Nasdaq,ELEV,SYSA1801 (EO-3021),1,resistant/refractory solid tumors,,False,NCT05009966
0001104659-23-067866,0001845459,2023-06-05,"Graf Acquisition Corp. IV  (NKGN, NKGNW)  (CIK 0001845459)",tm2317782d1_8k.htm,2023-06-05,Nasdaq,NKGen,SNK01,1/2a,non-small cell lung cancer,,False,NCT04872634
0001193125-23-160031,0001937653,2023-06-05,Zymeworks Inc.  (ZYME)  (CIK 0001937653),d504484d8k.htm,2023-06-02,Nasdaq,ZYME,zanidatamab,2b,biliary tract cancers,HERIZON-BTC-01,False,NCT04466891
0001193125-23-161596,0001622229,2023-06-06,"Cogent Biosciences, Inc.  (COGT)  (CIK 0001622229)",d425875d8k.htm,2023-06-03,Nasdaq,COGT,bezuclastinib,3,Gastrointestinal Stromal Tumors,PEAK,False,
0001628280-23-021025,0001704292,2023-06-06,Zai Lab Ltd  (ZLAB)  (CIK 0001704292),a2023-06x06xlunarclinicalt.htm,2023-06-06,Nasdaq,"ZLAB, NVCR",Tumor Treating Fields,3,non-small cell lung cancer,LUNAR,False,
0001725160-23-000131,0001725160,2023-06-06,"Zentalis Pharmaceuticals, Inc.  (ZNTL)  (CIK 0001725160)",ex991-monoasco06062023vf_.htm,2023-06-06,Nasdaq,ZNTL,azenosertib,1,advanced solid tumors,,False,
0000950170-23-026748,0000921299,2023-06-07,FIBROGEN INC  (FGEN)  (CIK 0000921299),fgen-20230607.htm,2023-06-07,Nasdaq,FGEN,pamrevlumab,3,Duchenne Muscular Dystrophy,LELANTOS-1,False,NCT04371666;NCT04632940
0001437749-23-016888,0001411685,2023-06-07,"Vistagen Therapeutics, Inc.  (VTGN)  (CIK 0001411685)",ex_530895.htm,2023-06-07,Nasdaq,VTGN,PH80,2a,menopausal hot flashes,,True,
0001171843-23-003807,0001447028,2023-06-07,Arbutus Biopharma Corp  (ABUS)  (CIK 0001447028),exh_991.htm,2023-06-07,Nasdaq,ABUS,AB-729 and AB-836,2a,chronic HBV,AB-836-001,False,
0001737287-23-000056,0001737287,2023-06-07,"Allogene Therapeutics, Inc.  (ALLO)  (CIK 0001737287)",allo-20230603.htm,2023-06-03,Nasdaq,ALLO,ALLO-501/501A,1,relapsed/refractory large B-cell lymphoma,ALPHA/ALPHA2,True,
0001193125-23-162576,0001808158,2023-06-07,Repare Therapeutics Inc.  (RPTX)  (CIK 0001808158),d473189dex991.htm,2023-06-07,Nasdaq,RPTX,lunresertib (RP-6306),1,advanced solid tumors,MYTHIC,False,NCT04855656;NCT05601440;NCT05605509
0001655759-23-000043,0001655759,2023-06-08,"ARVINAS, INC.  (ARVN)  (CIK 0001655759)",arv-766p1p2disclosure_vf.htm,2023-06-08,Nasdaq,ARVN,ARV-766,1/2,metastatic castration-resistant prostate cancer (mCRPC),,False,
0001558370-23-010931,0001650664,2023-06-09,"Editas Medicine, Inc.  (EDIT)  (CIK 0001650664)",edit-20230609x8k.htm,2023-06-09,Nasdaq,EDIT,EDIT-301,,sickle cell disease (SCD) and transfusion-dependent beta thalassemia,RUBY and EdiTHAL,False,NCT04853576;NCT05444894
0001193125-23-164010,0001816736,2023-06-09,"Disc Medicine, Inc.  (IRON)  (CIK 0001816736)",d350054d8k.htm,2023-06-09,NASDAQ,IRON,bitopertin,2,erythropoietic protoporphyria (EPP) and X-linked protoporphyria (XLP),BEACON,False,
0001193125-23-163990,0001817229,2023-06-09,Vor Biopharma Inc.  (VOR)  (CIK 0001817229),d623996d8k.htm,2023-06-09,The Nasdaq Stock Market LLC,VOR,trem-cel,1/2a,acute myeloid leukemia,VBP101,True,
0001171843-23-003856,0000882361,2023-06-12,Aptose Biosciences Inc.  (APTO)  (CIK 0000882361),exh_991.htm,2023-06-10,NASDAQ,APTO,tuspetinib,1/2,relapsed or refractory acute myeloid leukemia (AML),APTIVATE,False,
0001193125-23-165337,0001435049,2023-06-12,"CHINOOK THERAPEUTICS, INC.  (CIK 0001435049)",d509285dex991.htm,2023-06-12,Nasdaq,KDNY,zigakibart (BION-1301),1/2,IgA Nephropathy,,False,NCT03945318
0001140361-23-029740,0001472091,2023-06-14,PDS Biotechnology Corp  (PDSB)  (CIK 0001472091),brhc20054419_ex99-1.htm,2023-06-14,Nasdaq,PDSB,PDS0101,2,human papillomavirus (HPV)16-positive head and neck cancer,VERSATILE-002,True,NCT04260126
0001104659-23-071430,0001035354,2023-06-15,"Eloxx Pharmaceuticals, Inc.  (ELOX)  (CIK 0001035354)",tm2318799d1_8k.htm,2023-06-14,Nasdaq,ELOX,ELX-02,2,Cystic Fibrosis,,True,
0001157523-23-000973,0001341235,2023-06-15,"Aldeyra Therapeutics, Inc.  (ALDX)  (CIK 0001341235)",a53421176.htm,2023-06-15,Nasdaq,ALDX,reproxalap,3,Allergic Conjunctivitis,INVIGORATE-2,False,NCT05234554
0001651308-23-000085,0001651308,2023-06-15,"BeiGene, Ltd.  (BGNE, BEIGF)  (CIK 0001651308)",a20230615formxicmlpressrel.htm,2023-06-15,NASDAQ,BGNE,BRUKINSA (zanubrutinib),2,relapsed or refractory follicular lymphoma,ROSEWOOD,True,NCT03336333;NCT03734016;NCT03824483;NCT04116437;NCT05100862
0000950170-23-028784,0001394319,2023-06-20,"Tracon Pharmaceuticals, Inc.  (TCON)  (CIK 0001394319)",tcon-20230613.htm,2023-06-20,NASDAQ,TCON,envafolimab,2,sarcoma,ENVASARC,False,NCT04480502
0001193125-23-169726,0001435049,2023-06-20,"CHINOOK THERAPEUTICS, INC.  (CIK 0001435049)",d448184dex991.htm,2023-06-17,Nasdaq,KDNY,CHK-336,1,primary hyperoxaluria and other kidney stone disorders,,False,NCT05367661
0001437749-23-017768,0001504167,2023-06-20,"Timber Pharmaceuticals, Inc.  (CIK 0001504167)",ex_534462.htm,2023-06-20,NYSE American,TMBR,TMB-001,3,congenital ichthyosis,ASCEND,False,
0001213900-23-050034,0001506251,2023-06-20,"Citius Pharmaceuticals, Inc.  (CTXR)  (CIK 0001506251)",ea180605-8k_citiuspharma.htm,2023-06-20,Nasdaq,CTXR,Halo-Lido (CITI-002),2b,hemorrhoids,Halo-Lido Phase 2b study,False,NCT05348200
0001714899-23-000103,0001714899,2023-06-20,Denali Therapeutics Inc.  (DNLI)  (CIK 0001714899),ex991pressrelease6202023.htm,2023-06-20,NASDAQ,DNLI,DNL310 (ETV:IDS),1/2,MPS II (Hunter syndrome),,False,NCT05371613
0001070081-23-000036,0001070081,2023-06-21,"PTC THERAPEUTICS, INC.  (PTCT)  (CIK 0001070081)",tmb-20230621x8k.htm,2023-06-21,NASDAQ,PTCT,PTC518,2,Huntington’s disease,PIVOT-HD,False,
0001126234-23-000079,0001126234,2023-06-21,"LUMOS PHARMA, INC.  (LUMO)  (CIK 0001126234)",lumo-20230621xex991.htm,2023-06-21,NASDAQ,LUMO,LUM-201,2,idiopathic Pediatric Growth Hormone Deficiency,OraGrowtH210 and OraGrowtH212,False,
0001171843-23-004026,0001447028,2023-06-21,Arbutus Biopharma Corp  (ABUS)  (CIK 0001447028),exh_991.htm,2023-06-21,Nasdaq,ABUS,AB-729 and pegylated interferon alfa-2a,2a,chronic hepatitis B virus,,False,
0001193125-23-171254,0001496323,2023-06-21,"IGM Biosciences, Inc.  (IGMS)  (CIK 0001496323)",d451541dex991.htm,2023-06-02,Nasdaq,IGMS,IGM-8444,1,metastatic colorectal cancer,,False,
0001737287-23-000067,0001737287,2023-06-21,"Allogene Therapeutics, Inc.  (ALLO)  (CIK 0001737287)",allo-20230615.htm,2023-06-15,Nasdaq,ALLO,ALLO-501/501A,1,relapsed/refractory large B-cell lymphoma,ALPHA/ALPHA2,True,
0001104659-23-073326,0001828185,2023-06-21,Vaccitech plc  (BRNS)  (CIK 0001828185),tm2319306d1_8k.htm,2023-06-21,NASDAQ,VACC,VTP-300,1b/2,chronic Hepatitis B,HBV002,False,NCT04778904;NCT05343481
0001104659-23-073817,0001590560,2023-06-22,uniQure N.V.  (QURE)  (CIK 0001590560),tm2319377d1_8k.htm,2023-06-21,NASDAQ,QURE,AMT-130,I/II,Huntington’s disease,,False,NCT04120493
0001140361-23-030856,0001635088,2023-06-22,Roivant Sciences Ltd.  (ROIV)  (CIK 0001635088),brhc20054731_8k.htm,2023-06-22,Nasdaq,ROIV,RVT-3101,2b,ulcerative colitis,TUSCANY-2,True,
0001214659-23-008740,0001677077,2023-06-22,"Alzamend Neuro, Inc.  (ALZN)  (CIK 0001677077)",ex99_1.htm,2023-06-22,Nasdaq,ALZN,AL001,IIA,Alzheimer’s disease,,False,
0001213900-23-050991,0001728328,2023-06-22,InMed Pharmaceuticals Inc.  (INM)  (CIK 0001728328),ea180810ex99-1_inmedpharma.htm,2023-06-22,Nasdaq,INM,INM-755,2,Epidermolysis Bullosa,755-201-EB,False,
0000950170-23-029736,0000921299,2023-06-26,FIBROGEN INC  (FGEN)  (CIK 0000921299),fgen-20230626.htm,2023-06-26,NASDAQ,FGEN,pamrevlumab,3,idiopathic pulmonary fibrosis,ZEPHYRUS-1,False,NCT03955146;NCT04419558
0001104659-23-074508,0001429560,2023-06-26,TREVENA INC  (TRVN)  (CIK 0001429560),tm2319045d2_ex99-1.htm,2023-06-26,Nasdaq,TRVN,OLINVYK,,central nervous system (CNS) disorders,ARTEMIS,True,
0001104659-23-074439,0001434868,2023-06-26,"Esperion Therapeutics, Inc.  (ESPR)  (CIK 0001434868)",tm2319637d1_ex99-1.htm,2023-06-24,NASDAQ,ESPR,bempedoic acid,,atherosclerotic cardiovascular disease,CLEAR Outcomes,False,
0001628280-23-023374,0001534120,2023-06-26,"Avalo Therapeutics, Inc.  (AVTX)  (CIK 0001534120)",avtx-20230626.htm,2023-06-26,Nasdaq,AVTX,AVTX-002,2,non-eosinophilic asthma,PEAK,False,NCT05288504
0000950170-23-029851,0001720580,2023-06-26,"Adicet Bio, Inc.  (ACET)  (CIK 0001720580)",acet-20230626.htm,2023-06-26,Nasdaq,ACET,ADI-001,1,relapsed or refractory aggressive B-cell non-Hodgkin's lymphoma,,False,NCT04735471
0000950170-23-029860,0001787400,2023-06-26,"Nkarta, Inc.  (NKTX)  (CIK 0001787400)",nktx-20230626.htm,2023-06-26,Nasdaq,NKTX,NKX101,,AML or MDS,,False,
0001628280-23-023381,0001821586,2023-06-26,MoonLake Immunotherapeutics  (MLTX)  (CIK 0001821586),exhibit991-8xk.htm,2023-06-25,Nasdaq,MLTX,sonelokimab,2,hidradenitis suppurativa,MIRA,False,NCT03384745;NCT05322473;NCT05640245
0001157523-23-001035,0001341235,2023-06-27,"Aldeyra Therapeutics, Inc.  (ALDX)  (CIK 0001341235)",a53433819.htm,2023-06-27,Nasdaq,ALDX,ADX-629,2,Chronic Cough,,False,
0001104659-23-074995,0001701541,2023-06-27,"Black Diamond Therapeutics, Inc.  (BDTX)  (CIK 0001701541)",tm2319750d1_8k.htm,2023-06-27,Nasdaq,BDTX,BDTX-1535,1,non-small cell lung cancer and glioblastoma multiforme,,False,
0000950170-23-029955,0001787400,2023-06-27,"Nkarta, Inc.  (NKTX)  (CIK 0001787400)",nktx-20230627.htm,2023-06-27,Nasdaq,NKTX,NKX101,1,relapsed or refractory acute myeloid leukemia,,True,
0001193125-23-176131,0001805890,2023-06-27,Fusion Pharmaceuticals Inc.  (CIK 0001805890),d416795d8k.htm,2023-06-26,Nasdaq,FUSN,FPI-1434,1,solid tumors expressing IGF-1R,,False,
0001104659-23-075552,0001455365,2023-06-28,COGNITION THERAPEUTICS INC  (CGTX)  (CIK 0001455365),tm2319819d2_8k.htm,2023-06-28,Nasdaq,CGTX,CT1812,2,mild-to-moderate Alzheimer’s disease,SEQUEL,False,NCT03507790;NCT04735536;NCT05225415
0001193125-23-176864,0001806310,2023-06-28,"Taysha Gene Therapies, Inc.  (TSHA)  (CIK 0001806310)",d506285dex991.htm,2023-06-28,Nasdaq,TSHA,TSHA-120 and TSHA-102,1/2,Giant Axonal Neuropathy and Rett syndrome,REVEAL,False,
0001157523-23-001047,0001341235,2023-06-29,"Aldeyra Therapeutics, Inc.  (ALDX)  (CIK 0001341235)",a53436990.htm,2023-06-29,Nasdaq,ALDX,ADX-2191,2,retinitis pigmentosa,,False,
0001104659-23-076314,0001600132,2023-06-29,"Bellerophon Therapeutics, Inc.  (BLPH)  (CIK 0001600132)",tm2320161d1_8k.htm,2023-06-05,Nasdaq,BLPH,INOpulse,3,fILD,REBUILD,False,
0001104659-23-075977,0001720893,2023-06-29,"BioXcel Therapeutics, Inc.  (BTAI)  (CIK 0001720893)",tm2320028d1_8k.htm,2023-06-29,Nasdaq,BTAI,BXCL501,3,Alzheimer’s disease-related agitation,TRANQUILITY II,False,
0001628280-23-024065,0001087294,2023-06-30,CUMBERLAND PHARMACEUTICALS INC  (CPIX)  (CIK 0001087294),cpix-20230626.htm,2023-06-30,NASDAQ,CPIX,ifetroban,2,Duchenne muscular dystrophy,FIGHT DMD,False,
0000950170-23-030934,0001662244,2023-06-30,"Cyteir Therapeutics, Inc.  (CIK 0001662244)",cyt-ex99_1.htm,2023-06-30,Nasdaq,CYT,CYT-0851,1,advanced ovarian cancer and other solid tumors,,False,
0001628280-23-024042,0001704292,2023-06-30,Zai Lab Ltd  (ZLAB)  (CIK 0001704292),a2023-06x30xapprovalofvyvg.htm,2023-06-30,NASDAQ,ZLAB,VYVGART,3,generalized myasthenia gravis,ADAPT,False,
0001157523-23-001060,0001727196,2023-06-30,Scholar Rock Holding Corp  (SRRK)  (CIK 0001727196),a53438186.htm,2023-06-29,NASDAQ,SRRK,apitegromab,2,spinal muscular atrophy,TOPAZ,True,
0001171843-23-004330,0001069530,2023-07-05,CASSAVA SCIENCES INC  (SAVA)  (CIK 0001069530),exh_991.htm,2023-07-05,Nasdaq,SAVA,simufilam,,mild-to-moderate Alzheimer’s disease,Cognition Maintenance Study,False,
0001213900-23-054782,0001860657,2023-07-05,"Allarity Therapeutics, Inc.  (ALLR)  (CIK 0001860657)",ea181370ex99-1_allarity.htm,2023-07-05,Nasdaq,ALLR,IXEMPRA,2,metastatic breast cancer,,False,
0001437749-23-019649,0000072444,2023-07-10,"Vaxart, Inc.  (VXRT)  (CIK 0000072444)",ex_542101.htm,2023-07-06,Nasdaq,VXRT,bivalent norovirus vaccine candidate,2,norovirus,,False,NCT05626803
0001140361-23-033840,0000874015,2023-07-10,IONIS PHARMACEUTICALS INC  (IONS)  (CIK 0000874015),brhc20055702_8k.htm,2023-07-10,Nasdaq,IONS,eplontersen,3,hereditary transthyretin-mediated amyloid polyneuropathy,NEURO-TTRansform,False,NCT04136184
0001104659-23-079364,0001425205,2023-07-10,"IOVANCE BIOTHERAPEUTICS, INC.  (IOVA)  (CIK 0001425205)",tm2320915d3_ex99-1.htm,2023-07-10,NASDAQ,IOVA,LN-145,2,advanced non-small cell lung cancer,IOV-LUN-202,False,
0001493152-23-024164,0001862150,2023-07-11,"Cingulate Inc.  (CING, CINGW)  (CIK 0001862150)",ex99-1.htm,2023-07-11,NASDAQ,CING,CTx-1301,3,ADHD,CTx-1301-022,False,NCT05631626
0001193125-23-185120,0001878313,2023-07-11,"MAIA Biotechnology, Inc.  (MAIA)  (CIK 0001878313)",d499735dex991.htm,2023-07-11,NYSE American,MAIA,THIO,2,Non-Small Cell Lung Cancer,THIO-101,False,NCT05208944
0001654954-23-009042,0000725363,2023-07-12,CEL SCI CORP  (CVM)  (CIK 0000725363),cvm_ex99.htm,2023-07-11,NYSE American,CVM,Multikine,3,squamous cell carcinoma of the head and neck,IT-MATTERS,True,
0001104659-23-080554,0001604191,2023-07-13,"First Wave BioPharma, Inc.  (ENTO)  (CIK 0001604191)",tm2321176d2_8k.htm,2023-07-13,NASDAQ,FWBI,adrulipase,2,exocrine pancreatic insufficiency,SPAN,False,
0001619856-23-000087,0001619856,2023-07-13,"Caribou Biosciences, Inc.  (CRBU)  (CIK 0001619856)",cariboubioscienceswebcas.htm,2023-07-13,Nasdaq,CRBU,CB-010,1,relapsed or refractory B cell non-Hodgkin lymphoma,ANTLER,True,NCT04637763
0001193125-23-187579,0001576885,2023-07-17,"Acumen Pharmaceuticals, Inc.  (ABOS)  (CIK 0001576885)",d518971d8k.htm,2023-07-16,NASDAQ,ABOS,ACU193,1,early Alzheimer’s disease,INTERCEPT-AD,False,NCT04931459
0001140361-23-034684,0001743881,2023-07-17,"BridgeBio Pharma, Inc.  (BBIO)  (CIK 0001743881)",brhc20055953_8k.htm,2023-07-17,Nasdaq,BBIO,acoramidis,3,transthyretin amyloid cardiomyopathy,ATTRibute-CM,False,
0001193125-23-187702,0001817713,2023-07-17,"Janux Therapeutics, Inc.  (JANX)  (CIK 0001817713)",d526906d8k.htm,2023-07-17,Nasdaq,JANX,PSMA-TRACTr JANX007,1a,metastatic castration-resistant prostate cancer,,False,
0001558370-23-011904,0001818844,2023-07-17,"Virios Therapeutics, Inc.  (VIRI)  (CIK 0001818844)",tmb-20230714xex99d1.htm,2023-07-17,Nasdaq,VIRI,valacyclovir and celecoxib,,Long-COVID,,False,
0001104659-23-081432,0001845459,2023-07-17,"Graf Acquisition Corp. IV  (NKGN, NKGNW)  (CIK 0001845459)",tm2321425d1_8k.htm,2023-07-17,,,SNK01,1,Alzheimer’s disease,,False,
0000950170-23-033264,0001671584,2023-07-18,Aptevo Therapeutics Inc.  (APVO)  (CIK 0001671584),apvo-ex99_1.htm,2023-07-18,Nasdaq,APVO,APVO436,1b,AML,,True,
0001193125-23-190147,0001706431,2023-07-20,"Vir Biotechnology, Inc.  (VIR)  (CIK 0001706431)",d517183d8k.htm,2023-07-20,Nasdaq,VIR,VIR-2482,2,influenza A,PENINSULA,False,NCT05567783
0001728117-23-000091,0001728117,2023-07-20,"Gossamer Bio, Inc.  (GOSS)  (CIK 0001728117)",goss-20230720.htm,2023-07-20,Nasdaq,GOSS,seralutinib,3,pulmonary arterial hypertension,TORREY,False,
0000950170-23-033937,0001395937,2023-07-24,Syndax Pharmaceuticals Inc  (SNDX)  (CIK 0001395937),sndx-20230724.htm,2023-07-24,Nasdaq,"SNDX, INCY",axatilimab,,chronic graft-versus-host disease,AGAVE-201,False,NCT04710576
0000950170-23-033933,0001468748,2023-07-24,Kodiak Sciences Inc.  (KOD)  (CIK 0001468748),kod-20230724.htm,2023-07-24,Nasdaq,KOD,tarcocimab tedromer,3,"wet AMD, DME","DAYLIGHT, GLEAM, GLIMMER",False,
0001104659-23-083227,0001811623,2023-07-24,"PaxMedica, Inc.  (PXMD)  (CIK 0001811623)",tm2321867d1_8k.htm,2023-07-24,Nasdaq,PXMD,PAX-101,3,African Sleeping Sickness,PAX-HAT-301,False,
0001193125-23-192735,0001623526,2023-07-25,"Stoke Therapeutics, Inc.  (STOK)  (CIK 0001623526)",d530062d8k.htm,2023-07-25,Nasdaq,STOK,STK-001,1/2a,Dravet syndrome,MONARCH & ADMIRAL,False,
0001193125-23-193428,0001840439,2023-07-25,"Biomea Fusion, Inc.  (BMEA)  (CIK 0001840439)",d434383dex991.htm,2023-07-24,Nasdaq,BMEA,BMF-219,1,Acute Myeloid Leukemia,COVALENT-101,False,NCT05153330
0001829126-23-004890,0001557376,2023-07-26,"Organicell Regenerative Medicine, Inc.  (ZEOX)  (CIK 0001557376)",organicellregen_ex99-1.htm,2023-07-26,OTCQB,OCEL,Zofin,1/2A,"knee osteoarthritis, COVID-19, long-haul COVID-19",,False,
0001628280-23-025841,0001398733,2023-07-27,"Aquestive Therapeutics, Inc.  (AQST)  (CIK 0001398733)",aqst-20230727.htm,2023-07-27,Nasdaq Global Market,AQST,Anaphylm,,anaphylaxis,AQ109103,False,
0001104659-23-084538,0001442836,2023-07-27,"Mersana Therapeutics, Inc.  (MRSN)  (CIK 0001442836)",tm2322196d1_8k.htm,2023-07-27,NASDAQ,MRSN,upifitamab rilsodotin,,platinum-resistant ovarian cancer,UPLIFT,False,
0001493152-23-025631,0001535955,2023-07-27,Lipocine Inc.  (LPCN)  (CIK 0001535955),ex99-1.htm,2023-07-27,Nasdaq,LPCN,LPCN 1148,2,cirrhosis,,False,NCT04874350
0001104659-23-084537,0001651407,2023-07-27,"Checkpoint Therapeutics, Inc.  (CKPT)  (CIK 0001651407)",tm2322092d1_ex99-1.htm,2023-07-27,Nasdaq,CKPT,cosibelimab,,cutaneous squamous cell carcinoma,,True,
0001935979-23-000046,0001935979,2023-07-28,Biohaven Ltd.  (BHVN)  (CIK 0001935979),exhibit991-julybusinessupd.htm,2023-07-27,NYSE,BHVN,BHV-7000,1,epilepsy,,False,
0001193125-23-198580,0001806310,2023-07-31,"Taysha Gene Therapies, Inc.  (TSHA)  (CIK 0001806310)",d535611dex991.htm,2023-07-31,Nasdaq,TSHA,TSHA-102,1/2,Rett syndrome,REVEAL,False,
0001558370-23-012756,0001133818,2023-08-01,BIO-PATH HOLDINGS INC  (BPTH)  (CIK 0001133818),bpth-20230801x8k.htm,2023-08-01,NASDAQ,BPTH,prexigebersen,2,acute myeloid leukemia,,False,
0001213900-23-063806,0000906709,2023-08-07,NEKTAR THERAPEUTICS  (NKTR)  (CIK 0000906709),ea182964-8k_nektar.htm,2023-08-07,Nasdaq,NKTR,rezpegaldesleukin,1b,atopic dermatitis,,True,
0001437749-23-022216,0001411685,2023-08-07,"Vistagen Therapeutics, Inc.  (VTGN)  (CIK 0001411685)",ex_555464.htm,2023-08-07,NASDAQ,VTGN,fasedienol,3,social anxiety disorder,PALISADE-2,False,
0001372514-23-000118,0001372514,2023-08-08,"KIORA PHARMACEUTICALS INC  (KPRX, KPHMW)  (CIK 0001372514)",ex991-pressreleasejune3020.htm,2023-08-08,NASDAQ,KPRX,KIO-301,1b,Retinitis Pigmentosa,ABACUS,False,
0001437749-23-022388,0001645469,2023-08-08,Monopar Therapeutics  (MNPR)  (CIK 0001645469),ex_555936.htm,2023-08-08,Nasdaq,MNPR,camsirubicin,1b,advanced soft tissue sarcoma,,False,
0001437749-23-023025,0001659617,2023-08-10,"Moleculin Biotech, Inc.  (MBRX)  (CIK 0001659617)",ex_556750.htm,2023-08-10,Nasdaq,MBRX,Annamycin,1b/2,acute myeloid leukemia,MB-106,False,NCT04887298;NCT05319587;NCT05879250
0000950170-23-042631,0001800315,2023-08-15,"Galecto, Inc.  (GLTO)  (CIK 0001800315)",glto-20230815.htm,2023-08-15,NASDAQ,GLTO,GB0139,2b,idiopathic pulmonary fibrosis,GALACTIC-1,False,NCT03832946
0001104659-23-092665,0000882095,2023-08-16,"GILEAD SCIENCES, INC.  (GILD)  (CIK 0000882095)",tm2323971d1_ex99-1.htm,2023-08-16,,,sacituzumab govitecan + pembrolizumab,2,metastatic non-small cell lung cancer,EVOKE-02,False,NCT05186974;NCT05609968
0001193125-23-213897,0001060736,2023-08-16,Seagen Inc.  (CIK 0001060736),d489292d8k.htm,2023-08-16,Nasdaq,SGEN,TUKYSA (tucatinib) in combination with ado-trastuzumab emtansine,3,HER2-positive metastatic breast cancer,HER2CLIMB-02,False,
0001558370-23-015014,0001680048,2023-08-16,"MUSTANG BIO, INC.  (MBIO)  (CIK 0001680048)",tmb-20230816xex99d1.htm,2023-08-16,Nasdaq,MBIO,MB-106,1/2,relapsed or refractory B-cell non-Hodgkin lymphomas and chronic lymphocytic leukemia,,False,NCT03277729;NCT05360238
0001140361-23-040255,0001472091,2023-08-17,PDS Biotechnology Corp  (PDSB)  (CIK 0001472091),brhc20057648_ex99-1.htm,2023-08-16,Nasdaq,PDSB,PDS0101,2,cervical cancer,IMMUNOCERV,False,
0000950170-23-045111,0000921299,2023-08-29,FIBROGEN INC  (FGEN)  (CIK 0000921299),fgen-20230829.htm,2023-08-29,NASDAQ,FGEN,pamrevlumab,3,Duchenne muscular dystrophy,LELANTOS-2,False,
0001104659-23-096868,0000786947,2023-08-30,"ACURA PHARMACEUTICALS, INC  (ACUR)  (CIK 0000786947)",tm2325163d1_8k.htm,,OTC Market,ACUR,LTX-03,,pain,Study 311,False,
0001104659-23-097500,0001485003,2023-09-01,Carisma Therapeutics Inc.  (CARM)  (CIK 0001485003),tm2325287d1_8k.htm,2023-09-01,Nasdaq,CARM,CT-0508,1,advanced/metastatic HER2 overexpressing cancers,,True,
0001437749-23-025103,0000925741,2023-09-05,"BioCardia, Inc.  (BCDA)  (CIK 0000925741)",bcda20230904_8k.htm,2023-09-05,The Nasdaq Capital Market,BCDA,CardiAMP Cell Therapy,3,Heart Failure,CardiAMP Cell Therapy Heart Failure Trial,False,
0001193125-23-228019,0001060736,2023-09-05,Seagen Inc.  (CIK 0001060736),d437262d8k.htm,2023-09-04,Nasdaq,"SGEN, GMAB",TIVDAK,3,recurrent or metastatic cervical cancer,innovaTV 301,False,NCT04697628
0001140361-23-042505,0001104506,2023-09-05,INSMED Inc  (INSM)  (CIK 0001104506),brhc20058439_8k.htm,2023-09-05,Nasdaq,INSM,ARIKAYCE,3,NTM lung disease,ARISE,False,
0001387131-23-010769,0001430306,2023-09-05,Tonix Pharmaceuticals Holding Corp.  (TNXP)  (CIK 0001430306),ex99-01.htm,2023-09-05,Nasdaq,TNXP,TNX-102 SL,2,fibromyalgia-type Long COVID,PREVAIL,False,NCT05472090
0001437749-23-025314,0000072444,2023-09-06,"Vaxart, Inc.  (VXRT)  (CIK 0000072444)",ex_567528.htm,2023-09-06,Nasdaq,VXRT,monovalent norovirus vaccine candidate,2,norovirus,,False,NCT05212168
0001437749-23-025302,0001053691,2023-09-06,CervoMed Inc.  (CRVO)  (CIK 0001053691),ex_567401.htm,2023-09-06,,,neflamapimod,2a,dementia with Lewy Bodies,AscenD-LB,True,NCT04001517
0001104659-23-098843,0001035354,2023-09-07,"Eloxx Pharmaceuticals, Inc.  (ELOX)  (CIK 0001035354)",tm2325683d1_8k.htm,2023-09-07,The Nasdaq Capital Market,ELOX,ELX-02,2,Alport syndrome,,False,
0001437749-23-025509,0001411685,2023-09-08,"Vistagen Therapeutics, Inc.  (VTGN)  (CIK 0001411685)",ex_567994.htm,2023-09-05,Nasdaq,VTGN,PH80,2a,menopausal hot flashes,,False,
0001493152-23-032041,0001610820,2023-09-08,"BriaCell Therapeutics Corp.  (BCTX, BCTXW)  (CIK 0001610820)",ex99-1.htm,2023-09-08,Nasdaq,BCTX,Bria-IMT™,2,advanced metastatic breast cancer,Bria-IMT™ plus check point inhibitors study,False,
0001193125-23-231951,0000863894,2023-09-11,VERU INC.  (VERU)  (CIK 0000863894),d505806d8k.htm,2023-09-11,NASDAQ,VERU,enobosarm,3,AR+ER+HER2- metastatic breast cancer,ARTEST,True,
0001193125-23-231906,0001042074,2023-09-11,"CymaBay Therapeutics, Inc.  (CIK 0001042074)",d523011d8k.htm,2023-09-07,,,seladelpar,3,PBC,RESPONSE,False,
0001193125-23-231899,0001658247,2023-09-11,"Crinetics Pharmaceuticals, Inc.  (CRNX)  (CIK 0001658247)",d657121d8k.htm,2023-09-10,Nasdaq,CRNX,paltusotine,3,acromegaly,PATHFNDR-1,False,NCT04837040;NCT05192382
0001493152-23-032175,0001862150,2023-09-11,"Cingulate Inc.  (CING, CINGW)  (CIK 0001862150)",ex99-2.htm,2023-09-11,NASDAQ,CING,CTx-1301,3,ADHD,CTx-1301-022,False,NCT05631626
0000914475-23-000062,0000914475,2023-09-12,NEUROCRINE BIOSCIENCES INC  (NBIX)  (CIK 0000914475),nbix-20230912.htm,2023-09-12,Nasdaq,NBIX,crinecerfont,3,congenital adrenal hyperplasia,CAHtalyst,False,
0001818382-23-000125,0001818382,2023-09-12,"Humacyte, Inc.  (HUMA, HUMAW)  (CIK 0001818382)",huma-20230912.htm,2023-09-12,Nasdaq,HUMA,Human Acellular Vessel (HAV),2/3,vascular trauma,V005,False,
0001104659-23-100250,0001372299,2023-09-13,"Ocugen, Inc.  (OCGN)  (CIK 0001372299)",tm2326028d1_ex99-1.htm,2023-09-13,NASDAQ,OCGN,OCU400,1/2,Retinitis Pigmentosa and Leber Congenital Amaurosis,,True,
0001437749-23-025721,0001411685,2023-09-13,"Vistagen Therapeutics, Inc.  (VTGN)  (CIK 0001411685)",ex_569125.htm,2023-09-12,Nasdaq,VTGN,PH80,2A,premenstrual dysphoric disorder,,False,
0001104659-23-101394,0001035354,2023-09-18,"Eloxx Pharmaceuticals, Inc.  (ELOX)  (CIK 0001035354)",tm2326310d1_8k.htm,2023-09-18,Nasdaq,ELOX,ELX-02,2,Alport syndrome,,True,
0000950170-23-048470,0001394319,2023-09-18,"Tracon Pharmaceuticals, Inc.  (TCON)  (CIK 0001394319)",tcon-20230915.htm,2023-09-18,Nasdaq,TCON,envafolimab,2,soft tissue sarcoma,ENVASARC,False,NCT04480502
0001558370-23-015840,0001557746,2023-09-18,"Aclaris Therapeutics, Inc.  (ACRS)  (CIK 0001557746)",acrs-20230918xex99d1.htm,2023-09-18,Nasdaq,ACRS,ATI-2138,1,T cell-mediated autoimmune diseases,ATI-2138-PKPD-102,False,
0001437749-23-026129,0001659617,2023-09-18,"Moleculin Biotech, Inc.  (MBRX)  (CIK 0001659617)",ex_570108.htm,2023-09-18,Nasdaq,MBRX,Annamycin,1b/2,AML and soft tissue sarcoma lung metastases,MB106 and MB-107,True,NCT04887298;NCT05319587
0001104659-23-102121,0001017491,2023-09-20,"SEELOS THERAPEUTICS, INC.  (SEEL)  (CIK 0001017491)",tm2326491d2_8k.htm,2023-09-20,Nasdaq,SEEL,SLS-002,2,Major Depressive Disorder,,False,NCT04669665
0001213900-23-078049,0001553643,2023-09-20,"RELMADA THERAPEUTICS, INC.  (RLMD)  (CIK 0001553643)",ea185487ex99-1_relmada.htm,2023-09-20,Nasdaq,RLMD,REL-1017,3,Major Depressive Disorder,Study 310,False,
0001213900-23-078145,0001788028,2023-09-21,"Jasper Therapeutics, Inc.  (JSPR, JSPRW)  (CIK 0001788028)",ea185533ex99-1_jasperthera.htm,2023-09-21,Nasdaq,JSPR,briquilimab,1b,Fanconi Anemia,,False,NCT04784052
0001193125-23-239983,0001060736,2023-09-22,Seagen Inc.  (CIK 0001060736),d558859d8k.htm,2023-09-22,Nasdaq,SGEN,PADCEV and KEYTRUDA,3,urothelial cancer,EV-302,False,NCT03288545;NCT03924895;NCT04223856;NCT04700124
0001437749-23-026647,0001822791,2023-09-25,"Clene Inc.  (CLNN, CLNNW)  (CIK 0001822791)",ex_572847.htm,2023-09-25,Nasdaq,CLNN,CNM-Au8,,amyotrophic lateral sclerosis,HEALEY ALS Platform Trial,False,
0001140361-23-045170,0000874015,2023-09-26,IONIS PHARMACEUTICALS INC  (IONS)  (CIK 0000874015),ef20011263_8k.htm,2023-09-26,Nasdaq,IONS,olezarsen,3,familial chylomicronemia syndrome,Balance,False,NCT04568434
0001126234-23-000093,0001126234,2023-09-26,"LUMOS PHARMA, INC.  (LUMO)  (CIK 0001126234)",lumo-20230926x8kxex991.htm,2023-09-26,Nasdaq,LUMO,LUM-201,2,Pediatric Growth Hormone Deficiency,OraGrowtH212,False,
0001140361-23-045178,0001635088,2023-09-26,Roivant Sciences Ltd.  (ROIV)  (CIK 0001635088),ef20011235_8k.htm,2023-09-26,,,IMVT-1402,1,autoimmune disease,,False,
0000950170-23-049928,0001693011,2023-09-26,"Inozyme Pharma, Inc.  (INZY)  (CIK 0001693011)",inzy-20230926.htm,2023-09-26,Nasdaq,INZY,INZ-701,1/2,ENPP1 Deficiency and ABCC6 Deficiency,,False,
0001193125-23-241849,0001746473,2023-09-26,"PLIANT THERAPEUTICS, INC.  (PLRX)  (CIK 0001746473)",d473253d8k.htm,2023-09-26,Nasdaq,PLRX,bexotegrast,2a,primary sclerosing cholangitis,INTEGRIS-PSC,False,NCT04480840
0001764013-23-000114,0001764013,2023-09-26,"Immunovant, Inc.  (IMVT)  (CIK 0001764013)",exhibit99120230926.htm,2023-09-26,Nasdaq,IMVT,IMVT-1402,1,autoimmune diseases,,False,
0000950170-23-049798,0001841387,2023-09-26,"Candel Therapeutics, Inc.  (CADL)  (CIK 0001841387)",cadl-ex99_1.htm,2023-09-26,Nasdaq,CADL,CAN-2409,2,"non-resectable, stage III/IV non-small cell lung cancer",,True,
0001493152-23-033833,0000764195,2023-09-27,VBI Vaccines Inc/BC  (VBIVQ)  (CIK 0000764195),ex99-1.htm,2023-09-27,Nasdaq,VBIV,VBI-2901,1,COVID-19,,False,
0000950170-23-050039,0001463361,2023-09-27,"Unity Biotechnology, Inc.  (UBX)  (CIK 0001463361)",ubx-ex99_1.htm,2023-09-27,Nasdaq,UBX,UBX1325,2,wet age-related macular degeneration,ENVISION,False,NCT05275205
0001558370-23-016113,0001526119,2023-09-28,"Verastem, Inc.  (VSTM)  (CIK 0001526119)",vstm-20230928xex99d1.htm,2023-09-28,Nasdaq,VSTM,avutometinib and defactinib,,low-grade serous ovarian cancer,FRAME,True,
0001601485-23-000060,0001601485,2023-09-28,"Elicio Therapeutics, Inc.  (ELTX)  (CIK 0001601485)",angn-20230927.htm,2023-09-27,Nasdaq,ELTX,ELI-002,1,mutant KRAS-driven solid tumors,AMPLIFY-201,True,NCT04853017;NCT05726864
0001104659-23-105027,0001888886,2023-09-29,Structure Therapeutics Inc.  (GPCR)  (CIK 0001888886),tm2327162d2_ex99-1.htm,2023-09-29,Nasdaq,GPCR,GSBR-1290,1b,type 2 diabetes and obesity,,False,
0000950170-23-050922,0001395937,2023-10-02,Syndax Pharmaceuticals Inc  (SNDX)  (CIK 0001395937),sndx-20231002.htm,2023-10-02,Nasdaq,SNDX,revumenib,,relapsed/refractory KMT2A-rearranged acute myeloid leukemia and acute lymphoid leukemia,AUGMENT-101,False,
0001140361-23-046297,0001472091,2023-10-02,PDS Biotechnology Corp  (PDSB)  (CIK 0001472091),ef20011787_ex99-1.htm,2023-10-02,Nasdaq,PDSB,PDS0101,2,cervical cancer,IMMUNOCERV,False,
0001689548-23-000133,0001689548,2023-10-02,"Praxis Precision Medicines, Inc.  (PRAX)  (CIK 0001689548)",prax-20231002.htm,2023-10-02,,,ulixacaltamide,1,essential tremor,Essential1,True,
0001104659-23-105928,0001736243,2023-10-02,"Acurx Pharmaceuticals, Inc.  (ACXP)  (CIK 0001736243)",tm2327257d1_8k.htm,2023-10-02,Nasdaq,ACXP,ibezapolstat,2b,Clostridioides difficile infection,,False,NCT04247542
0000950170-23-051278,0001445283,2023-10-03,"KINETA, INC./DE  (KA)  (CIK 0001445283)",ka-ex99_1.htm,2023-10-03,Nasdaq,KA,KVA12123,1/2,advanced solid tumors,VISTA-101,False,NCT05708950
0001140361-23-046622,0001472091,2023-10-03,PDS Biotechnology Corp  (PDSB)  (CIK 0001472091),ef20011865_8k.htm,2023-10-03,Nasdaq,PDSB,PDS0101,2,"unresectable, recurrent, or metastatic HPV16-positive head and neck squamous cell carcinoma",VERSATILE-002,True,
0001193125-23-250342,0001061027,2023-10-04,"Viracta Therapeutics, Inc.  (VIRX)  (CIK 0001061027)",d560861dex991.htm,2023-10-04,Nasdaq,VIRX,Nana-val,1b/2,Epstein-Barr virus (EBV)-associated cancers,NAVAL-1,False,NCT05011058;NCT05166577
0001193125-23-250357,0001810182,2023-10-04,ALX ONCOLOGY HOLDINGS INC  (ALXO)  (CIK 0001810182),d539238d8k.htm,2023-10-03,Nasdaq,ALXO,evorpacept,2,HER2-positive gastric/gastroesophageal junction cancer,ASPEN-06,False,
0001193125-23-250724,0001861560,2023-10-04,"Nuvalent, Inc.  (NUVL)  (CIK 0001861560)",d541910d8k.htm,2023-10-04,Nasdaq,NUVL,NVL-655,1,ALK-positive non-small cell lung cancer,ALKOVE-1,False,NCT05384626
0000914475-23-000065,0000914475,2023-10-05,NEUROCRINE BIOSCIENCES INC  (NBIX)  (CIK 0000914475),nbix-20231005.htm,2023-10-05,Nasdaq,NBIX,crinecerfont,3,congenital adrenal hyperplasia,CAHtalyst,False,
0001013762-23-002000,0001721484,2023-10-05,Longeveron Inc.  (LGVN)  (CIK 0001721484),ea186354-8k_longeveron.htm,2023-10-05,NASDAQ,LGVN,Lomecel-B,2a,mild Alzheimer’s disease,CLEAR MIND,False,NCT05233774
0001193125-23-251960,0001808158,2023-10-06,Repare Therapeutics Inc.  (RPTX)  (CIK 0001808158),d472355d8k.htm,2023-10-04,The Nasdaq Stock Market LLC,RPTX,lunresertib and camonsertib,1,,MYTHIC,False,
0001193805-23-001384,0001280776,2023-10-10,"IMMUNIC, INC.  (IMUX)  (CIK 0001280776)",e618990_8k-immunic.htm,2023-10-09,The Nasdaq Stock Market LLC,IMUX,vidofludimus calcium,2,progressive multiple sclerosis,CALLIPER,False,
0001370053-23-000054,0001370053,2023-10-10,"ANAPTYSBIO, INC  (ANAB)  (CIK 0001370053)",anaptysannouncespositive.htm,2023-10-09,Nasdaq,ANAB,imsidolimab,3,generalized pustular psoriasis,GEMINI-1,False,
0001599901-23-000074,0001599901,2023-10-10,"Avidity Biosciences, Inc.  (RNA)  (CIK 0001599901)",rna-20231007.htm,2023-10-07,Nasdaq,RNA,AOC 1001,1/2,myotonic dystrophy type 1 (DM1),MARINA-OLE,True,
0001104659-23-107819,0001720893,2023-10-10,"BioXcel Therapeutics, Inc.  (BTAI)  (CIK 0001720893)",tm2328065d1_ex99-1.htm,2023-10-10,Nasdaq,BTAI,BXCL701,2,small cell neuroendocrine prostate cancer,,False,
0001193125-23-253123,0001744659,2023-10-10,"Akero Therapeutics, Inc.  (AKRO)  (CIK 0001744659)",d512932d8k.htm,2023-10-10,Nasdaq,AKRO,efruxifermin,2b,compensated cirrhosis (F4) due to nonalcoholic steatohepatitis (NASH),SYMMETRY,False,
0001193125-23-253008,0001851194,2023-10-10,"Ventyx Biosciences, Inc.  (VTYX)  (CIK 0001851194)",d557092dex991.htm,2023-10-09,Nasdaq,VTYX,VTX002,2,ulcerative colitis,,False,
0001437749-23-028018,0001368148,2023-10-11,"ATHERSYS, INC / NEW  (ATHXQ)  (CIK 0001368148)",ex_578513.htm,2023-10-10,Nasdaq,ATHX,MultiStem,3,ischemic stroke,MASTERS-2,False,
0001140361-23-047809,0001472091,2023-10-11,PDS Biotechnology Corp  (PDSB)  (CIK 0001472091),ef20012338_ex99-1.htm,2023-10-11,Nasdaq,PDSB,PDS0301,1/2,metastatic prostate cancer,,False,NCT04633252
0001193125-23-253882,0001544227,2023-10-11,"Tempest Therapeutics, Inc.  (TPST)  (CIK 0001544227)",d547808dex991.htm,2023-10-11,Nasdaq,TPST,TPST-1120,1b/2,unresectable or metastatic hepatocellular carcinoma,,True,
0001193125-23-255083,0001699382,2023-10-12,"PMV Pharmaceuticals, Inc.  (PMVP)  (CIK 0001699382)",d534012dex991.htm,2023-10-12,Nasdaq,PMVP,PC14586,1,solid tumors with a TP53 Y220C mutation,PYNNACLE,False,NCT04585750
0000950170-23-053109,0001812364,2023-10-12,"Relay Therapeutics, Inc.  (RLAY)  (CIK 0001812364)",rlay-20231012.htm,2023-10-12,Nasdaq,RLAY,RLY-4008 (lirafugratinib),1/2,FGFR2-altered solid tumors,ReFocus,False,
0001104659-23-108892,0001477845,2023-10-13,"Annovis Bio, Inc.  (ANVS)  (CIK 0001477845)",tm2328385d1_ex99-1.htm,2023-10-12,NYSE,ANVS,buntanetap,2/3,Alzheimer’s Disease,,False,
0001558370-23-016428,0001802665,2023-10-13,"Harmony Biosciences Holdings, Inc.  (HRMY)  (CIK 0001802665)",hrmy-20231013x8k.htm,2023-10-13,Nasdaq,HRMY,pitolisant,3,idiopathic hypersomnia,INTUNE,False,
0001193125-23-255791,0001808158,2023-10-13,Repare Therapeutics Inc.  (RPTX)  (CIK 0001808158),d436446d8k.htm,2023-10-13,Nasdaq,RPTX,lunresertib and camonsertib,1,advanced solid tumors,MYTHIC,False,NCT04855656
0001193125-23-256174,0001808158,2023-10-13,Repare Therapeutics Inc.  (RPTX)  (CIK 0001808158),d564999d8k.htm,2023-10-13,Nasdaq,RPTX,lunresertib and camonsertib,1,advanced solid tumors,MYTHIC,True,
0001193125-23-255616,0001861560,2023-10-13,"Nuvalent, Inc.  (NUVL)  (CIK 0001861560)",d558552d8k.htm,2023-10-13,Nasdaq,NUVL,NVL-655,1,ALK-positive non-small cell lung cancer (NSCLC) and other solid tumors,ALKOVE-1,False,NCT05384626
0001437749-23-028296,0001285819,2023-10-16,OMEROS CORP  (OMER)  (CIK 0001285819),ex_579466.htm,2023-10-16,Nasdaq,OMER,narsoplimab,3,IgA nephropathy,ARTEMIS-IGAN,False,
0001104659-23-109256,0001390478,2023-10-16,"SELLAS Life Sciences Group, Inc.  (SLS)  (CIK 0001390478)",tm2328502d1_ex99-1.htm,2022-10-16,NASDAQ,SLS,SLS009,2a,relapsed/refractory (r/r) acute myeloid leukemia (AML),,False,
0001193125-23-256537,0001515673,2023-10-16,Ultragenyx Pharmaceutical Inc.  (RARE)  (CIK 0001515673),d548890d8k.htm,2023-10-14,Nasdaq,RARE,setrusumab (UX143),2,Osteogenesis Imperfecta (OI),Orbit,False,
0001558370-23-016468,0001781983,2023-10-16,"Aprea Therapeutics, Inc.  (APRE)  (CIK 0001781983)",apre-20231016x8k.htm,2023-10-16,Nasdaq,APRE,ATRN-119,1,solid tumors,,False,NCT04905914
0001013762-23-003933,0001821586,2023-10-16,MoonLake Immunotherapeutics  (MLTX)  (CIK 0001821586),ea186779-8k_moonlake.htm,2023-10-15,Nasdaq,MLTX,sonelokimab,2,moderate-to-severe hidradenitis suppurativa (HS),MIRA,True,NCT03384745;NCT05322473;NCT05640245
0000950170-23-053584,0001990550,2023-10-16,"Ambrx Biopharma, Inc.  (CIK 0001990550)",amam-20231016.htm,2023-10-16,Nasdaq Global Select Market,AMAM,ARX517,1 / 2,metastatic castration-resistant prostate cancer (mCRPC),APEX-01,True,NCT04662580
0001694665-23-000163,0001694665,2023-10-17,"Evelo Biosciences, Inc.  (EVLO)  (CIK 0001694665)",evlo-20231017.htm,2023-10-17,Nasdaq Global Select Market,EVLO,EDP2939,2,moderate psoriasis,,False,
0000950170-23-053653,0001826457,2023-10-17,"Monte Rosa Therapeutics, Inc.  (GLUE)  (CIK 0001826457)",glue-20231017.htm,2023-10-17,,,MRT-2359,1/2,MYC-driven solid tumors,,False,NCT05546268
0000950170-23-053894,0001841387,2023-10-18,"Candel Therapeutics, Inc.  (CADL)  (CIK 0001841387)",cadl-ex99_1.htm,2023-10-18,Nasdaq,CADL,CAN-3110,1,recurrent high-grade glioma,,False,
0001104659-23-110119,0001837607,2023-10-19,"AEON Biopharma, Inc.  (AEON)  (CIK 0001837607)",tm2328542d1_8k.htm,2023-10-19,NYSE,AEON,ABP-450,2,episodic migraine,,False,
0001104659-23-110646,0000894158,2023-10-23,"Theriva Biologics, Inc.  (TOVX)  (CIK 0000894158)",tm2328928d1_8k.htm,2023-10-23,NYSE American,TOVX,VCN-01,1,recurrent/metastatic squamous cell carcinoma of the head and neck,,True,
0001140361-23-049175,0001472091,2023-10-23,PDS Biotechnology Corp  (PDSB)  (CIK 0001472091),ef20013007_ex99-1.htm,2023-10-23,Nasdaq,PDSB,PDS0101,2,HPV16-positive recurrent or metastatic head and neck squamous cell carcinoma,VERSATILE-002,False,
0000950170-23-054504,0001520262,2023-10-23,Alkermes plc.  (ALKS)  (CIK 0001520262),alks-ex99_1.htm,2023-10-23,Nasdaq,ALKS,ALKS 2680,1,narcolepsy,,False,
0001279569-23-001328,0001633932,2023-10-23,ESSA Pharma Inc.  (EPIX)  (CIK 0001633932),ex991.htm,2023-10-21,NASDAQ,EPIX,masofaniten,1,metastatic castration-resistant prostate cancer,,False,NCT04421222;NCT05075577
0001655759-23-000084,0001655759,2023-10-23,"ARVINAS, INC.  (ARVN)  (CIK 0001655759)",arvn-20231022.htm,2023-10-22,Nasdaq,ARVN,bavdegalutamide,1/2,metastatic castration-resistant prostate cancer,,False,
0001193125-23-260370,0001676725,2023-10-23,"IDEAYA Biosciences, Inc.  (IDYA)  (CIK 0001676725)",d559317d8k.htm,2023-10-23,Nasdaq,IDYA,darovasertib and crizotinib,2,metastatic uveal melanoma,,False,NCT05987332
0001558370-23-016589,0001750284,2023-10-23,"Olema Pharmaceuticals, Inc.  (OLMA)  (CIK 0001750284)",olma-20231022x8k.htm,2023-10-22,Nasdaq,OLMA,palazestrant,2,metastatic ER+/HER2- breast cancer,OPERA-01,False,
0001193125-23-260795,0001796280,2023-10-23,"Oric Pharmaceuticals, Inc.  (ORIC)  (CIK 0001796280)",d561418d8k.htm,2023-10-21,Nasdaq,ORIC,ORIC-114,1,EGFR or HER2 exon 20 mutated non-small cell lung cancer,,False,
0000950170-23-054508,0001800315,2023-10-23,"Galecto, Inc.  (GLTO)  (CIK 0001800315)",glto-20231023.htm,2023-10-23,NASDAQ,GLTO,GB1211,1b/2a,metastatic/advanced non-small cell lung cancer,GALLANT-1,False,NCT05240131
0001193125-23-260814,0001990550,2023-10-23,"Ambrx Biopharma, Inc.  (CIK 0001990550)",d559319d8k.htm,2023-10-22,Nasdaq Global Select Market,AMAM,ARX517,1 / 2,metastatic castration-resistant prostate cancer,APEX-01,True,NCT04662580
0001654954-23-013323,0000725363,2023-10-24,CEL SCI CORP  (CVM)  (CIK 0000725363),cvm_ex99.htm,2023-10-23,NYSE American,CVM,Multikine,3,head and neck cancer,,False,
0001104659-23-110959,0001829635,2023-10-24,"Transcode Therapeutics, Inc.  (RNAZ)  (CIK 0001829635)",tm2328571d1_ex99-1.htm,2023-10-24,NASDAQ,RNAZ,TTX-MC138,0,metastatic cancer,,False,
0001437749-23-028968,0001053691,2023-10-25,CervoMed Inc.  (CRVO)  (CIK 0001053691),ex_585317.htm,2023-10-24,Nasdaq,CRVO,neflamapimod,2a,Dementia with Lewy Bodies,,True,
0001520138-23-000457,0001580149,2023-10-25,BIOVIE INC.  (BIVI)  (CIK 0001580149),bivi-20231025_8k.htm,2023-10-25,Nasdaq,BIVI,NE3107,3,Alzheimer’s Disease,NCT04669028,False,NCT04669028;NCT05083260;NCT05227820
0001193125-23-263647,0001205922,2023-10-26,"VACCINEX, INC.  (VCNX)  (CIK 0001205922)",d550531dex991.htm,2023-10-26,Nasdaq,VCNX,pepinemab,2,Huntington’s disease,SIGNAL-AD,True,
0000950170-23-055650,0001748907,2023-10-26,Orchard Therapeutics plc  (CIK 0001748907),ortx-20231026.htm,2023-10-26,Nasdaq,ORTX,OTL-203,,Hurler subtype of mucopolysaccharidosis type I,,True,
0001279569-23-001351,0001633932,2023-10-27,ESSA Pharma Inc.  (EPIX)  (CIK 0001633932),ex991.htm,2023-10-26,Nasdaq,EPIX,masofaniten,1/2,metastatic castration-resistant prostate cancer,,True,NCT04421222;NCT05075577
0001171843-23-006522,0000882361,2023-10-30,Aptose Biosciences Inc.  (APTO)  (CIK 0000882361),exh_991.htm,2023-10-30,Nasdaq,APTO,tuspetinib,,acute myeloid leukemia,APTIVATE,False,
0001437749-23-029310,0001742927,2023-10-30,"REVIVA PHARMACEUTICALS HOLDINGS, INC.  (RVPH, RVPHW)  (CIK 0001742927)",ex_587522.htm,2023-10-30,Nasdaq,RVPH,brilaroxazine,3,schizophrenia,RECOVER,False,
0001831283-23-000117,0001831283,2023-10-30,LianBio  (LIANY)  (CIK 0001831283),exhibit991pressreleaseissu.htm,2023-10-30,Nasdaq,LIAN,TP-03,3,Demodex blepharitis,LIBRA,False,NCT05629390
0001193125-23-266305,0001878313,2023-10-30,"MAIA Biotechnology, Inc.  (MAIA)  (CIK 0001878313)",d570319d8k.htm,2023-10-24,NYSE American,MAIA,THIO,2,Non-Small Cell Lung Cancer,THIO-101,False,NCT05208944
0001387131-23-012958,0001430306,2023-10-31,Tonix Pharmaceuticals Holding Corp.  (TNXP)  (CIK 0001430306),ex99-01.htm,2023-10-31,Nasdaq,TNXP,TNX-601 ER,2,major depressive disorder,UPLIFT,False,NCT05686408
0000950170-23-056547,0001498382,2023-10-31,"Kintara Therapeutics, Inc.  (KTRA)  (CIK 0001498382)",ktra-20231031.htm,2023-10-31,Nasdaq,KTRA,VAL-083,,glioblastoma,GBM AGILE,False,
0001558370-23-017061,0001621227,2023-10-31,Adaptimmune Therapeutics PLC  (ADAP)  (CIK 0001621227),adap-20231031xex99d1.htm,2023-10-31,Nasdaq,ADAP,lete-cel,,synovial sarcoma or myxoid/round cell liposarcoma,IGNYTE-ESO,False,NCT03967223
0001493152-23-038800,0001857044,2023-10-31,"Indaptus Therapeutics, Inc.  (INDP)  (CIK 0001857044)",form8-k.htm,2023-10-31,Nasdaq,INDP,Decoy20,1,,INDP-D101,False,
0001493152-23-038952,0001401914,2023-11-01,"Dare Bioscience, Inc.  (DARE)  (CIK 0001401914)",ex99-1.htm,2023-11-01,NASDAQ,DARE,"Sildenafil Cream, 3.6%",2b,female sexual arousal disorder,RESPOND,True,
0001193125-23-268319,0001783183,2023-11-01,"Phathom Pharmaceuticals, Inc.  (PHAT)  (CIK 0001783183)",d579199d8k.htm,2023-11-01,Nasdaq,PHAT,VOQUEZNA,3,Erosive GERD,PHALCON-EE,False,NCT04124926
0000950170-23-058279,0001404281,2023-11-02,"Eledon Pharmaceuticals, Inc.  (ELDN)  (CIK 0001404281)",eldn-20231102.htm,2023-11-02,Nasdaq,ELDN,tegoprubart,1b,prevention of rejection in kidney transplantation,,True,
0001626199-23-000103,0001626199,2023-11-02,"ALPINE IMMUNE SCIENCES, INC.  (CIK 0001626199)",alpn-20231102.htm,2023-11-02,Nasdaq,ALPN,povetacicept,1b/2a,autoimmune glomerulonephritis,RUBY-3,False,NCT05732402
0001739614-23-000071,0001739614,2023-11-02,"Inhibrx, Inc.  (CIK 0001739614)",ex991nov2023-inbrxx109ewin.htm,2023-11-02,Nasdaq,INBX,INBRX-109,1,Ewing sarcoma,,False,
0001933414-23-000081,0001933414,2023-11-02,"Mineralys Therapeutics, Inc.  (MLYS)  (CIK 0001933414)",mlys202311028kex991.htm,2023-11-02,Nasdaq,MLYS,lorundrostat,2,uncontrolled hypertension and resistant hypertension,Target-HTN,True,NCT05001945
0000950170-23-058629,0001673772,2023-11-03,"RAPT Therapeutics, Inc.  (RAPT)  (CIK 0001673772)",rapt-20231103.htm,2023-11-03,Nasdaq,RAPT,FLX475,2,non-small cell lung cancer,,False,
0001104659-23-114274,0001736243,2023-11-03,"Acurx Pharmaceuticals, Inc.  (ACXP)  (CIK 0001736243)",tm2329812d1_ex99-1.htm,2023-11-02,Nasdaq,ACXP,ibezapolstat,2,C. difficile Infection,,False,NCT04247542
0001193125-23-269869,0001785530,2023-11-03,"Werewolf Therapeutics, Inc.  (HOWL)  (CIK 0001785530)",d503964d8k.htm,2023-11-03,Nasdaq,HOWL,WTX-124,1/1b,advanced or metastatic solid tumors,WTX-124x2101,False,
0001193125-23-270377,0001829802,2023-11-03,"Sensei Biotherapeutics, Inc.  (SNSE)  (CIK 0001829802)",d556062d8k.htm,2023-11-03,Nasdaq,SNSE,SNS-101,1/2,advanced solid tumors,,False,
0001558370-23-017593,0001840233,2023-11-03,"Xilio Therapeutics, Inc.  (XLO)  (CIK 0001840233)",xlo-20231103x8k.htm,2023-11-03,Nasdaq,XLO,XTX202,1/2,advanced solid tumors,,False,NCT05052268
0001104659-23-114509,0001080014,2023-11-06,"Innoviva, Inc.  (INVA)  (CIK 0001080014)",tm2327472d2_8k.htm,2023-11-02,,,zoliflodacin,3,uncomplicated gonorrhea,,False,
0001372514-23-000154,0001372514,2023-11-06,"KIORA PHARMACEUTICALS INC  (KPRX, KPHMW)  (CIK 0001372514)",ex991-pressreleasenovember.htm,2023-11-04,Nasdaq,KPRX,KIO-301,1/2,Retinitis Pigmentosa,ABACUS,False,
0000950170-23-059031,0001445283,2023-11-06,"KINETA, INC./DE  (KA)  (CIK 0001445283)",ka-ex99_1.htm,2023-11-06,Nasdaq,KA,KVA12123,1/2,advanced solid tumors,VISTA-101,False,NCT05708950
0000950170-23-058996,0001468748,2023-11-06,Kodiak Sciences Inc.  (KOD)  (CIK 0001468748),kod-20231106.htm,2023-11-06,Nasdaq,KOD,tarcocimab tedromer,3,moderately severe to severe non-proliferative diabetic retinopathy,GLOW,False,
0001193125-23-271351,0001501796,2023-11-06,"Aura Biosciences, Inc.  (AURA)  (CIK 0001501796)",d471944d8k.htm,2023-11-06,Nasdaq,AURA,belzupacap sarotalocan,3,early-stage Choroidal Melanoma,CoMpass,False,NCT04417530
0001437749-23-030286,0001659617,2023-11-06,"Moleculin Biotech, Inc.  (MBRX)  (CIK 0001659617)",ex_590270.htm,2023-11-06,Nasdaq,MBRX,Annamycin,1B/2,soft tissue sarcoma lung metastases,MB107,False,NCT04887298
0001193125-23-270879,0001804591,2023-11-06,23andMe Holding Co.  (ME)  (CIK 0001804591),d559421dex991.htm,2023-11-06,Nasdaq,ME,23ME-00610,1/2a,advanced solid tumors,,False,NCT05199272
0001628280-23-036888,0001821586,2023-11-06,MoonLake Immunotherapeutics  (MLTX)  (CIK 0001821586),exhibit991-8xkx110623.htm,2023-11-05,Nasdaq,MLTX,sonelokimab,2,active psoriatic arthritis,ARGO,False,NCT03384745;NCT05322473;NCT05640245
0000950170-23-059024,0001841387,2023-11-06,"Candel Therapeutics, Inc.  (CADL)  (CIK 0001841387)",cadl-20231103.htm,2023-11-03,Nasdaq,CADL,CAN-2409,2,non-metastatic pancreatic cancer,,False,
0001193125-23-271463,0001851194,2023-11-06,"Ventyx Biosciences, Inc.  (VTYX)  (CIK 0001851194)",d471746d8k.htm,2023-11-06,Nasdaq,VTYX,VTX958,2,moderate to severe plaque psoriasis,SERENITY,False,
0001493152-23-039445,0001857044,2023-11-06,"Indaptus Therapeutics, Inc.  (INDP)  (CIK 0001857044)",form8-k.htm,2023-11-04,Nasdaq Capital Market,INDP,Decoy20,1,cancer,INDP-D101,False,
0000950170-23-060249,0001082038,2023-11-07,DURECT CORP  (DRRX)  (CIK 0001082038),drrx-20231107.htm,2023-11-07,Nasdaq,DRRX,larsucosterol,2b,alcohol-associated hepatitis,AHFIRM,False,NCT04563026
0001126234-23-000102,0001126234,2023-11-07,"LUMOS PHARMA, INC.  (LUMO)  (CIK 0001126234)",lumo-20231107.htm,2023-11-07,NASDAQ,LUMO,LUM-201,2,pediatric growth hormone deficiency,OraGrowtH210 and OraGrowtH212,False,
0001372514-23-000159,0001372514,2023-11-09,"KIORA PHARMACEUTICALS INC  (KPRX, KPHMW)  (CIK 0001372514)",ex991-pressreleaseseptembe.htm,2023-11-09,NASDAQ,KPRX,KIO-301,1b,retinitis pigmentosa,ABACUS-1,True,
0001171843-23-006951,0001447028,2023-11-09,Arbutus Biopharma Corp  (ABUS)  (CIK 0001447028),exh_991.htm,2023-11-09,Nasdaq,"ABUS, BRNS",imdusiran and VTP-300,2a,chronic hepatitis B virus,AB-729-202,False,
0001140361-23-052447,0001472091,2023-11-09,PDS Biotechnology Corp  (PDSB)  (CIK 0001472091),ef20014445_8k.htm,2023-11-09,Nasdaq,PDSB,"PDS0101, PDS0301, and an investigational immune checkpoint inhibitor",2,HPV16-positive cancer,,False,
0001193125-23-273808,0001604464,2023-11-09,"Atara Biotherapeutics, Inc.  (ATRA)  (CIK 0001604464)",d139069d8k.htm,2023-11-08,Nasdaq,ATRA,ATA188,2,non-active progressive multiple sclerosis,EMBOLD,False,
0001193125-23-274580,0001613780,2023-11-09,DBV Technologies S.A.  (DBVT)  (CIK 0001613780),d286743dex991.htm,2023-11-09,Nasdaq,DBVT,Viaskin Peanut,3,peanut allergy,EPOPEX,False,
0001104659-23-116327,0001828185,2023-11-09,Barinthus Biotherapeutics plc.  (BRNS)  (CIK 0001828185),tm2330270d2_8k.htm,2023-11-09,NASDAQ,BRNS,VTP-300,2b,chronic hepatitis B,HBV003,False,
0001558370-23-018691,0001557746,2023-11-13,"Aclaris Therapeutics, Inc.  (ACRS)  (CIK 0001557746)",acrs-20231113x8k.htm,2023-11-13,,,Zunsemetinib (ATI-450),2b,Rheumatoid Arthritis,,False,
0001437749-23-031393,0001659617,2023-11-13,"Moleculin Biotech, Inc.  (MBRX)  (CIK 0001659617)",ex_594749.htm,2023-11-13,Nasdaq,MBRX,Annamycin,1b,AML and STS,MB-106 and MB-107,False,NCT05319587;NCT05879250
0001193125-23-275264,0001840574,2023-11-13,"Verve Therapeutics, Inc.  (VERV)  (CIK 0001840574)",d579390d8k.htm,2023-11-12,Nasdaq,VERV,VERVE-101,1b,"heterozygous familial hypercholesterolemia, established atherosclerotic cardiovascular disease and uncontrolled hypercholesterolemia",heart-1,False,
0001933414-23-000090,0001933414,2023-11-13,"Mineralys Therapeutics, Inc.  (MLYS)  (CIK 0001933414)",mlys-20231111.htm,2023-11-11,Nasdaq,MLYS,lorundrostat,2,uncontrolled or resistant hypertension,Target-HTN,True,NCT05001945
0001193125-23-278840,0001827087,2023-11-16,"Vigil Neuroscience, Inc.  (VIGL)  (CIK 0001827087)",d945726d8k.htm,2023-11-16,Nasdaq,VIGL,iluzanebart,2,adult-onset leukoencephalopathy with axonal spheroids and pigmented glia,IGNITE,False,
0001104659-23-119287,0001773427,2023-11-17,"SpringWorks Therapeutics, Inc.  (SWTX)  (CIK 0001773427)",tm2330918d1_8k.htm,2023-11-16,Nasdaq,SWTX,mirdametinib,2b,neurofibromatosis type 1-associated plexiform neurofibromas,ReNeu,False,NCT03962543
0001493152-23-041984,0000764195,2023-11-20,VBI Vaccines Inc/BC  (VBIVQ)  (CIK 0000764195),ex99-1.htm,2023-11-20,Nasdaq,VBIV,VBI-1901,1/2a,recurrent glioblastoma,,False,NCT03382977
0001193125-23-280283,0001740279,2023-11-20,"IN8BIO, INC.  (INAB)  (CIK 0001740279)",d900996d8k.htm,2023-11-20,Nasdaq,INAB,INB-200,1,,INB-200,True,
0000950170-23-065306,0001785345,2023-11-21,"Landos Biopharma, Inc.  (CIK 0001785345)",labp-ex99_1.htm,2023-11-21,Nasdaq,LABP,NX-13,1b,ulcerative colitis,,False,NCT05785715
0000950170-23-066032,0001582313,2023-11-27,Xenon Pharmaceuticals Inc.  (XENE)  (CIK 0001582313),xene-20231127.htm,2023-11-27,Nasdaq,XENE,XEN1101,2,major depressive disorder,X-NOVA,False,
0001140361-23-054630,0001635088,2023-11-27,Roivant Sciences Ltd.  (ROIV)  (CIK 0001635088),ef20015420_8k.htm,2023-11-27,Nasdaq,ROIV,brepocitinib,2,Systemic Lupus Erythematosus,,False,
0001193125-23-282946,0001785173,2023-11-27,"89bio, Inc.  (ETNB)  (CIK 0001785173)",d494058dex991.htm,2023-11-27,Nasdaq,ETNB,pegozafermin,2b,nonalcoholic steatohepatitis,ENLIVEN,True,NCT04929483
0001493152-23-042766,0001861657,2023-11-27,"Tharimmune, Inc.  (THAR)  (CIK 0001861657)",ex99-1.htm,2023-11-27,Nasdaq,THAR,TH104,1,chronic pruritis in primary biliary cholangitis (PBC),,False,
0001140361-23-054826,0001635088,2023-11-28,Roivant Sciences Ltd.  (ROIV)  (CIK 0001635088),ef20015486_8k.htm,2023-11-28,Nasdaq,IMVT,IMVT-1402,1,autoimmune diseases,,True,
0001764013-23-000150,0001764013,2023-11-28,"Immunovant, Inc.  (IMVT)  (CIK 0001764013)",exhibit99120231128.htm,2023-11-28,Nasdaq,IMVT,IMVT-1402,1,IgG-mediated autoimmune diseases,,False,
0001520138-23-000511,0001580149,2023-11-29,BIOVIE INC.  (BIVI)  (CIK 0001580149),bivi-20231129_8k.htm,2023-11-29,NASDAQ,BIVI,NE3107,3,mild to moderate Alzheimer’s Disease,NCT04669028,False,NCT04669028;NCT05083260;NCT05227820
0001326190-23-000050,0001326190,2023-11-30,"Altimmune, Inc.  (ALT)  (CIK 0001326190)",alt-20231130x8k.htm,2023-11-30,Nasdaq,ALT,pemvidutide,2,obesity,MOMENTUM,False,
0001493152-23-043142,0001610820,2023-11-30,"BriaCell Therapeutics Corp.  (BCTX, BCTXW)  (CIK 0001610820)",ex99-1.htm,2023-11-30,Nasdaq,BCTX,Bria-IMT™,2,metastatic breast cancer,,False,
0001193125-23-286862,0001623526,2023-12-01,"Stoke Therapeutics, Inc.  (STOK)  (CIK 0001623526)",d619524d8k.htm,2023-12-01,Nasdaq,STOK,STK-001,,Dravet syndrome,BUTTERFLY,False,
0000950170-23-067774,0001674416,2023-12-04,CRISPR Therapeutics AG  (CRSP)  (CIK 0001674416),crsp-20231204.htm,2023-12-04,The Nasdaq Global Market,CRSP,CTX110,1/2,B-cell malignancies,,True,
0001104659-23-123459,0001737953,2023-12-05,"Replimune Group, Inc.  (REPL)  (CIK 0001737953)",tm2332152d1_ex99-1.htm,2023-12-05,NASDAQ,REPL,RP1,,cutaneous squamous cell carcinoma,CERPASS,False,
0000950170-23-068277,0001750284,2023-12-05,"Olema Pharmaceuticals, Inc.  (OLMA)  (CIK 0001750284)",olma-20231205.htm,2023-12-05,Nasdaq,OLMA,palazestrant (OP-1250),1b/2,ER+/HER2- breast cancer,OPERA-01,False,NCT06016738
0001213900-23-092925,0001860657,2023-12-05,"Allarity Therapeutics, Inc.  (ALLR)  (CIK 0001860657)",ea189507-8k_allarity.htm,2023-12-05,Nasdaq,ALLR,stenoparib,2,advanced ovarian cancer,,False,
0001104659-23-123990,0001649904,2023-12-06,"RHYTHM PHARMACEUTICALS, INC.  (RYTM)  (CIK 0001649904)",tm2332304d1_8k.htm,2023-12-06,Nasdaq,RYTM,setmelanotide,3,"obesity due to biallelic proopiomelanocortin (POMC), proprotein convertase subtilisin/kexin type 1 (PCSK1) or leptin receptor (LEPR) deficiency or a clinical diagnosis of Bardet-Biedl syndrome (BBS)",,False,
0001655759-23-000098,0001655759,2023-12-06,"ARVINAS, INC.  (ARVN)  (CIK 0001655759)",arvinasandpfizerannounce.htm,2023-12-05,Nasdaq,ARVN,vepdegestrant,1b,locally advanced or metastatic ER positive/human epidermal growth factor 2 (HER2) negative (ER+/HER2-) breast cancer,,False,NCT04072952
0001493152-23-043932,0000715446,2023-12-07,Anixa Biosciences Inc  (ANIX)  (CIK 0000715446),ex99-1.htm,2023-12-06,NASDAQ,ANIX,alpha-lactalbumin vaccine,1,triple negative breast cancer (TNBC),Phase I Trial of alpha-lactalbumin vaccine in high-risk operable triple negative breast cancer (TNBC) and patients at high genetic risk for TNBC,False,
0001558370-23-019579,0001840233,2023-12-07,"Xilio Therapeutics, Inc.  (XLO)  (CIK 0001840233)",xlo-20231207x8k.htm,2023-12-07,Nasdaq,XLO,XTX101,1,advanced and immuno-oncology (IO) refractory solid tumors,,True,NCT04896697
0001193125-23-291800,0001786205,2023-12-08,"Arcellx, Inc.  (ACLX)  (CIK 0001786205)",d626117d8k.htm,2023-12-08,NASDAQ,ACLX,CART-ddBCMA (anitocabtagene autoleucel),1,relapsed or refractory multiple myeloma,,True,
0001193125-23-291224,0001828522,2023-12-08,"eFFECTOR Therapeutics, Inc.  (EFTR, EFTRW)  (CIK 0001828522)",d16011d8k.htm,2023-12-08,Nasdaq,EFTR,zotatifin,1/2,estrogen receptor positive metastatic breast cancer,,False,
0001171843-23-007528,0000882361,2023-12-11,Aptose Biosciences Inc.  (APTO)  (CIK 0000882361),exh_991.htm,2023-12-09,NASDAQ,APTO,tuspetinib,1/2,relapsed or refractory acute myeloid leukemia,APTIVATE,False,
0001558370-23-019717,0001133869,2023-12-11,"CAPRICOR THERAPEUTICS, INC.  (CAPR)  (CIK 0001133869)",capr-20231211xex99d1.htm,2023-12-11,NASDAQ,CAPR,CAP-1002,3,Duchenne muscular dystrophy,HOPE-3,False,NCT05126758
0000950170-23-069381,0001262104,2023-12-11,"MEI Pharma, Inc.  (MEIP)  (CIK 0001262104)",meip-20231211.htm,2023-12-11,Nasdaq,MEIP,voruciclib,1,acute myeloid leukemia or B-cell malignancies,,False,
0001549595-23-000062,0001549595,2023-12-11,"Nurix Therapeutics, Inc.  (NRIX)  (CIK 0001549595)",nrix-20231211.htm,2023-12-11,Nasdaq,NRIX,NX-5948 and NX-2127,1a/1b,relapsed or refractory B-cell malignancies,,False,NCT04830137;NCT05131022
0001193125-23-292084,0001622229,2023-12-11,"Cogent Biosciences, Inc.  (COGT)  (CIK 0001622229)",d844329d8k.htm,2023-12-09,Nasdaq,COGT,bezuclastinib,2,nonadvanced systemic mastocytosis,SUMMIT,False,
0001650664-23-000034,0001650664,2023-12-11,"Editas Medicine, Inc.  (EDIT)  (CIK 0001650664)",edit-20231211.htm,2023-12-11,Nasdaq,EDIT,EDIT-301,,severe sickle cell disease and transfusion-dependent beta thalassemia,RUBY and EdiTHAL,True,
0001437749-23-034059,0001659617,2023-12-11,"Moleculin Biotech, Inc.  (MBRX)  (CIK 0001659617)",ex_604773.htm,2023-12-11,Nasdaq,MBRX,Annamycin,1B/2,acute myeloid leukemia,MB-106,True,NCT05319587
0001193125-23-292027,0001661460,2023-12-11,"Poseida Therapeutics, Inc.  (PSTX)  (CIK 0001661460)",d636195dex991.htm,2023-12-10,Nasdaq,PSTX,P-BCMA-ALLO1,1,relapsed/refractory multiple myeloma,,False,NCT04960579
0001558370-23-019708,0001680048,2023-12-11,"MUSTANG BIO, INC.  (MBIO)  (CIK 0001680048)",tmb-20231211xex99d1.htm,2023-12-11,Nasdaq,MBIO,MB-106,1/2,relapsed or refractory B-cell non-Hodgkin lymphomas and chronic lymphocytic leukemia,,True,
0001193125-23-292080,0001783328,2023-12-11,"TScan Therapeutics, Inc.  (TCRX)  (CIK 0001783328)",d840458dex991.htm,2023-12-09,Nasdaq,TCRX,TSC-100 and TSC-101,1,"acute myeloid leukemia (AML), myelodysplastic syndromes (MDS), or acute lymphocytic leukemia (ALL)",,False,NCT05473910
0001193125-23-292551,0001796280,2023-12-11,"Oric Pharmaceuticals, Inc.  (ORIC)  (CIK 0001796280)",d629143d8k.htm,2023-12-11,Nasdaq,ORIC,ORIC-533,1,relapsed/refractory multiple myeloma,,False,
0001193125-23-292306,0001816736,2023-12-11,"Disc Medicine, Inc.  (IRON)  (CIK 0001816736)",d644657d8k.htm,2023-12-11,NASDAQ,IRON,DISC-0974,1b/2,Myelofibrosis (MF) and Anemia,,False,NCT05320198
0001847903-23-000192,0001847903,2023-12-11,Centessa Pharmaceuticals plc  (CNTA)  (CIK 0001847903),centessaannouncespresentat.htm,2023-12-10,Nasdaq,CNTA,SerpinPC,2a,hemophilia,AP-0101,True,NCT04073498;NCT05605678;NCT05789524;NCT05789537
0001104659-23-124911,0001850119,2023-12-11,"Century Therapeutics, Inc.  (IPSC)  (CIK 0001850119)",tm2332547d1_8k.htm,2023-12-09,NASDAQ,IPSC,CNTY-101,1,relapsed/refractory (R/R) progressive follicular lymphoma,ELiPSE-1,False,NCT05336409
0000950170-23-069683,0001395937,2023-12-12,Syndax Pharmaceuticals Inc  (SNDX)  (CIK 0001395937),sndx-20231210.htm,2023-12-10,Nasdaq,"INCY, SNDX",axatilimab,2,chronic graft-versus-host disease,AGAVE-201,True,NCT04710576
0001628280-23-041317,0001662579,2023-12-12,"C4 Therapeutics, Inc.  (CCCC)  (CIK 0001662579)",cccc-20231212x7455xexx991.htm,2023-12-12,Nasdaq,CCCC,CFT7455,1,multiple myeloma and non-Hodgkin’s lymphomas,,False,NCT04756726
0001193125-23-293389,0001786255,2023-12-12,"Icosavax, Inc.  (CIK 0001786255)",d654575dex992.htm,2023-12-11,Nasdaq,ICVX,IVX-A12,2,respiratory syncytial virus and human metapneumovirus,,True,
0001193125-23-292799,0001816736,2023-12-12,"Disc Medicine, Inc.  (IRON)  (CIK 0001816736)",d638553d8k.htm,2023-12-11,NASDAQ,IRON,bitopertin,2,erythropoietic protoporphyria,BEACON,True,
0001628280-23-041394,0001001233,2023-12-13,"SANGAMO THERAPEUTICS, INC  (SGMO)  (CIK 0001001233)",sgmo-20231211.htm,2023-12-11,Nasdaq Global Select Market,SGMO,giroctocogene fitelparvovec,1/2,hemophilia A,Alta,True,
0001193125-23-293874,0001680367,2023-12-13,"Shattuck Labs, Inc.  (STTK)  (CIK 0001680367)",d664766d8k.htm,2023-12-13,NASDAQ,STTK,SL-172154,1A/B,Myelodysplastic Syndromes (HR-MDS) and TP53 mutant (TP53m) Acute Myeloid Leukemia (AML),,False,NCT04406623;NCT05275439;NCT05483933
0001104659-23-125566,0001701541,2023-12-13,"Black Diamond Therapeutics, Inc.  (BDTX)  (CIK 0001701541)",tm2332757d1_8k.htm,2023-12-13,Nasdaq,BDTX,BDTX-1535,1,recurrent glioblastoma (GBM),,False,NCT05256290;NCT06072586
0001193125-23-293959,0001826892,2023-12-13,"BioAtla, Inc.  (BCAB)  (CIK 0001826892)",d35885d8k.htm,2023-12-13,Nasdaq,BCAB,BA3071,1,solid tumors,,False,
0001193125-23-295566,0001422142,2023-12-14,"Aadi Bioscience, Inc.  (AADI)  (CIK 0001422142)",d572047dex991.htm,2023-12-14,NASDAQ,AADI,nab-sirolimus,,solid tumors with TSC1 or TSC2 inactivating alterations,PRECISION1,False,
0001599901-23-000103,0001599901,2023-12-14,"Avidity Biosciences, Inc.  (RNA)  (CIK 0001599901)",rna-20231213.htm,2023-12-13,The Nasdaq Global Market,RNA,AOC 1044,1/2,Duchenne muscular dystrophy mutations amenable to exon 44 skipping,EXPLORE44,False,
0001104659-23-125870,0001761612,2023-12-14,BICYCLE THERAPEUTICS plc  (BCYC)  (CIK 0001761612),tm2332810d1_ex99-1.htm,2023-12-14,Nasdaq,BCYC,BT8009,1/2,metastatic urothelial cancer,Duravelo-1,False,
0001104659-23-126599,0001346830,2023-12-18,"Cara Therapeutics, Inc.  (CARA)  (CIK 0001346830)",tm2333104d1_8k.htm,2023-12-18,Nasdaq,CARA,oral difelikefalin,3,atopic dermatitis,KIND 1,False,
0001493152-23-045197,0001603207,2023-12-18,"Notable Labs, Ltd.  (NTBL)  (CIK 0001603207)",ex99-1.htm,2023-12-18,Nasdaq,NTBL,fosciclopirox,2a,acute myeloid leukemia,NCT04956042,False,NCT04956042
0000950170-23-071084,0001658247,2023-12-18,"Crinetics Pharmaceuticals, Inc.  (CRNX)  (CIK 0001658247)",crnx-20231218.htm,2023-12-18,Nasdaq,CRNX,paltusotine,2,carcinoid syndrome,,False,NCT05361668
0001193125-23-297614,0001759425,2023-12-18,"Mirum Pharmaceuticals, Inc.  (MIRM)  (CIK 0001759425)",d784519d8k.htm,2023-12-18,Nasdaq,MIRM,LIVMARLI,2b,biliary atresia,EMBARK,False,
0001193125-23-297099,0001832038,2023-12-18,"Invivyd, Inc.  (IVVD)  (CIK 0001832038)",d418337dex991.htm,2023-12-18,Nasdaq,IVVD,VYD222,3,COVID-19,CANOPY,False,
0001104659-23-126639,0001888886,2023-12-18,Structure Therapeutics Inc.  (GPCR)  (CIK 0001888886),tm2329572d16_8k.htm,2023-12-18,NASDAQ,GPCR,GSBR-1290,2a,type 2 diabetes mellitus and obesity,,False,
0001157523-23-001841,0001341235,2023-12-19,"Aldeyra Therapeutics, Inc.  (ALDX)  (CIK 0001341235)",a53872843.htm,2023-12-19,Nasdaq,ALDX,ADX-629,2,atopic dermatitis,,False,
0001493152-23-045362,0001533743,2023-12-19,"Processa Pharmaceuticals, Inc.  (PCSA)  (CIK 0001533743)",ex99-1.htm,2023-12-19,Nasdaq,PCSA,NGC-Cap,1b,cancer,,False,
0001104659-23-127117,0001590560,2023-12-19,uniQure N.V.  (QURE)  (CIK 0001590560),tm2333072d1_8k.htm,2023-12-19,NASDAQ,QURE,AMT-130,I/II,Huntington’s disease,,True,NCT04120493
0001737287-23-000096,0001737287,2023-12-19,"Allogene Therapeutics, Inc.  (ALLO)  (CIK 0001737287)",allo-20231209.htm,2023-12-09,Nasdaq,ALLO,ALLO-501/501A,1,Large B Cell Lymphoma and follicular lymphoma,ALPHA/ALPHA2,True,
0001140361-23-058214,0001741830,2023-12-19,"Kronos Bio, Inc.  (KRON)  (CIK 0001741830)",ef20016865_8k.htm,2023-12-18,Nasdaq,KRON,lanraplenib,1b,FLT3-mutated relapsed/refractory acute myeloid leukemia,,False,
0001493152-23-045515,0001401914,2023-12-20,"Dare Bioscience, Inc.  (DARE)  (CIK 0001401914)",ex99-1.htm,2023-12-20,Nasdaq,DARE,DARE-PDM1,1,primary dysmenorrhea,DARE-PDM1-001,False,
0001839882-23-034226,0001430306,2023-12-20,Tonix Pharmaceuticals Holding Corp.  (TNXP)  (CIK 0001430306),ex99-01.htm,2023-12-20,Nasdaq,TNXP,TNX-102 SL,3,fibromyalgia,RESILIENT,False,NCT05273749
0001493152-23-045569,0001610820,2023-12-20,"BriaCell Therapeutics Corp.  (BCTX, BCTXW)  (CIK 0001610820)",ex99-1.htm,2023-12-20,Nasdaq,BCTX,Bria-IMT,2,advanced metastatic breast cancer,,False,
0001140361-23-058688,0001635088,2023-12-20,Roivant Sciences Ltd.  (ROIV)  (CIK 0001635088),ef20017126_8k.htm,2023-12-20,Nasdaq,IMVT,batoclimab,2,Graves’ disease,,False,
0001739410-23-000019,0001739410,2023-12-20,Rallybio Corp  (RLYB)  (CIK 0001739410),rlyb-122023xex991.htm,2023-12-20,Nasdaq,RLYB,RLYB116,1,complement-mediated diseases,,False,
0001764013-23-000159,0001764013,2023-12-20,"Immunovant, Inc.  (IMVT)  (CIK 0001764013)",exhibit991.htm,2023-12-20,Nasdaq,IMVT,batoclimab,2,Graves’ disease,,False,
0001104659-23-127507,0001787297,2023-12-20,"Passage BIO, Inc.  (PASG)  (CIK 0001787297)",tm2332555d3_8k.htm,2023-12-20,Nasdaq,PASG,PBFT02,1/2,frontotemporal dementia (FTD) with granulin (GRN) mutations,upliFT-D,False,NCT04747431
0001193125-23-300388,0001680367,2023-12-21,"Shattuck Labs, Inc.  (STTK)  (CIK 0001680367)",d14784d8k.htm,,The Nasdaq Global Select Market,STTK,SL-172154,1A/B,HR-MDS and TP53m AML,,True,
0000950170-23-072258,0001800315,2023-12-21,"Galecto, Inc.  (GLTO)  (CIK 0001800315)",glto-20231221.htm,2023-12-21,Nasdaq,Galecto,GB2064,2a,myelofibrosis,MYLOX-1,False,
0001437749-23-035028,0001822791,2023-12-21,"Clene Inc.  (CLNN, CLNNW)  (CIK 0001822791)",ex_608193.htm,2023-12-21,Nasdaq,CLNN,CNM-Au8,2,amyotrophic lateral sclerosis,HEALEY ALS Platform Trial,False,NCT04297683
0001193125-23-300370,0001878313,2023-12-21,"MAIA Biotechnology, Inc.  (MAIA)  (CIK 0001878313)",d622268dex991.htm,2023-12-19,NYSE American,MAIA,THIO,2,non-small cell lung cancer,THIO-101,False,NCT05208944
0001193125-23-301777,0001754068,2023-12-22,"Allovir, Inc.  (ALVR)  (CIK 0001754068)",d671953dex991.htm,2023-12-22,Nasdaq,ALVR,posoleucel,3,viral infections,,False,
0000950170-23-073144,0001061983,2023-12-27,CYTOKINETICS INC  (CYTK)  (CIK 0001061983),cytk-20231227.htm,2023-12-27,Nasdaq,CYTK,aficamten,3,obstructive hypertrophic cardiomyopathy,SEQUOIA-HCM,False,
0001193125-23-303786,0001802768,2023-12-27,Royalty Pharma plc  (RPRX)  (CIK 0001802768),d615272d8k.htm,2024-01-07,Nasdaq,RPRX,aficamten,3,symptomatic obstructive hypertrophic cardiomyopathy,SEQUOIA-HCM,False,
0000950170-24-000033,0001832168,2024-01-02,"Longboard Pharmaceuticals, Inc.  (LBPH)  (CIK 0001832168)",lbph-20240102.htm,2024-01-02,Nasdaq,LBPH,bexicaserin (LP352),1b/2a,Developmental and Epileptic Encephalopathies (DEEs),PACIFIC,False,
0001193125-24-000991,0001818794,2024-01-03,"Dyne Therapeutics, Inc.  (DYN)  (CIK 0001818794)",d586587d8k.htm,2024-01-03,Nasdaq,DYN,DYNE-101 and DYNE-251,1/2,myotonic dystrophy type 1 and Duchenne muscular dystrophy,ACHIEVE and DELIVER,False,NCT05481879;NCT05524883
0001104659-24-001422,0001697532,2024-01-04,Applied Therapeutics Inc.  (APLT)  (CIK 0001697532),tm242117d1_8k.htm,2024-01-04,Nasdaq,APLT,AT-001 (caficrestat),3,Diabetic Cardiomyopathy (DbCM),ARISE-HF,False,
0001104659-24-001556,0001583107,2024-01-05,"Theravance Biopharma, Inc.  (TBPH)  (CIK 0001583107)",tm242154d1_8k.htm,2024-01-05,NASDAQ,TBPH,YUPELRI (revefenacin),4,severe to very severe Chronic Obstructive Pulmonary Disease (COPD),PIFR-2,False,NCT05165485
0001171843-24-000082,0001738021,2024-01-05,"Compass Therapeutics, Inc.  (CMPX)  (CIK 0001738021)",exh_991.htm,2024-01-05,Nasdaq,CMPX,CTX-471,1b,small cell lung cancer and advanced melanoma,,True,
0001599298-24-000019,0001599298,2024-01-08,Summit Therapeutics Inc.  (SMMT)  (CIK 0001599298),a2024_prx0108xjpmpresent.htm,2024-01-08,NASDAQ,SMMT,ivonescimab,2,non-small cell lung cancer,AK112-201,True,NCT04736823;NCT05184712;NCT05899608
0001437749-24-000815,0001822791,2024-01-08,"Clene Inc.  (CLNN, CLNNW)  (CIK 0001822791)",ex_612355.htm,2024-01-08,Nasdaq,CLNN,CNM-Au8,2,multiple sclerosis,VISIONARY-MS,False,
0001104659-24-002401,0001279704,2024-01-09,"Cellectar Biosciences, Inc.  (CLRB)  (CIK 0001279704)",tm242431d1_8k.htm,2024-01-08,NASDAQ,CLRB,iopofosine I 131,,Waldenstrom’s macroglobulinemia,CLOVER WaM,False,
0001140361-24-001416,0001601485,2024-01-09,"Elicio Therapeutics, Inc.  (ELTX)  (CIK 0001601485)",ef20018418_8k.htm,2024-01-09,Nasdaq,ELTX,ELI-002,1,solid tumor,AMPLIFY-201,True,NCT04853017;NCT05726864
0001104659-24-004162,0001509745,2024-01-16,"LEAP THERAPEUTICS, INC.  (LPTX)  (CIK 0001509745)",tm243430d1_8k.htm,2024-01-16,Nasdaq,LPTX,DKN-01,2,colorectal cancer,DeFianCe,False,NCT05480306
0000950170-24-004829,0001445283,2024-01-17,"KINETA, INC./DE  (KA)  (CIK 0001445283)",ka-ex99_1.htm,2024-01-17,Nasdaq,KA,KVA12123,1/2,advanced solid tumors,VISTA-101,False,NCT05708950
0001193125-24-009509,0001878313,2024-01-18,"MAIA Biotechnology, Inc.  (MAIA)  (CIK 0001878313)",d712719d8k.htm,2024-01-17,NYSE American,MAIA,THIO,2,non-small cell lung cancer,THIO-101,False,NCT05208944
0001140361-24-002995,0000874015,2024-01-22,IONIS PHARMACEUTICALS INC  (IONS)  (CIK 0000874015),ef20019323_8k.htm,2024-01-22,Nasdaq,IONS,donidalorsen,3,hereditary angioedema,OASIS-HAE,False,NCT04307381;NCT05139810
0001437749-24-002002,0001659617,2024-01-24,"Moleculin Biotech, Inc.  (MBRX)  (CIK 0001659617)",ex_617850.htm,2024-01-24,Nasdaq,MBRX,Annamycin,1B/2,acute myeloid leukemia,MB-106,True,NCT04887298;NCT05319587;NCT05879250
0001493152-24-003705,0001533743,2024-01-25,"Processa Pharmaceuticals, Inc.  (PCSA)  (CIK 0001533743)",ex99-1.htm,2024-01-25,Nasdaq,PCSA,NGC-Cap,1b,advanced cancer,,False,
0001193125-24-014808,0001831828,2024-01-25,"Vera Therapeutics, Inc.  (VERA)  (CIK 0001831828)",d717089d8k.htm,2024-01-25,Nasdaq,VERA,atacicept,2b,IgA nephropathy,ORIGIN,False,NCT04716231
0001104659-24-007490,0001633932,2024-01-29,ESSA Pharma Inc.  (EPIX)  (CIK 0001633932),tm244305d1_ex99-1.htm,2024-01-25,NASDAQ,EPIX,masofaniten,1,prostate cancer,,True,NCT04421222;NCT05075577
0000950170-24-008530,0001659323,2024-01-30,Iterum Therapeutics plc  (ITRM)  (CIK 0001659323),itrm-20240130.htm,2024-01-30,Nasdaq,ITRM,oral sulopenem,3,uncomplicated urinary tract infections,REASSURE,False,
0001193125-24-023459,0001746473,2024-02-05,"PLIANT THERAPEUTICS, INC.  (PLRX)  (CIK 0001746473)",d734141d8k.htm,2024-02-04,Nasdaq,PLRX,bexotegrast,2a,primary sclerosing cholangitis,INTEGRIS-PSC,False,NCT04480840
0000950170-24-011011,0001856725,2024-02-05,"Rani Therapeutics Holdings, Inc.  (RANI)  (CIK 0001856725)",rani-20240205.htm,2024-02-05,Nasdaq,RANI,RT-111,1,psoriasis,,False,
0001628280-24-003506,0001001233,2024-02-06,"SANGAMO THERAPEUTICS, INC  (SGMO)  (CIK 0001001233)",sgmo-20240205.htm,2024-02-05,Nasdaq,SGMO,isaralgagene civaparvovec,1/2,Fabry disease,STAAR,True,
0001171843-24-000648,0001069530,2024-02-07,CASSAVA SCIENCES INC  (SAVA)  (CIK 0001069530),exh_991.htm,2024-02-07,Nasdaq,SAVA,simufilam,,Alzheimer’s disease dementia,NCT04388254,False,NCT04388254;NCT04994483;NCT05026177
0001493152-24-005649,0000946644,2024-02-09,AIM ImmunoTech Inc.  (AIM)  (CIK 0000946644),ex99-1.htm,2024-02-08,NYSE American,AIM,Ampligen,2,Post-COVID condition of fatigue,AMP-518,False,NCT05592418
0000950170-24-013563,0001374690,2024-02-12,"Larimar Therapeutics, Inc.  (LRMR)  (CIK 0001374690)",lrmr-20240212.htm,2024-02-12,Nasdaq,LRMR,nomlabofusp,2,Friedreich’s ataxia,,False,
0000950170-24-013803,0001527599,2024-02-12,"SYNLOGIC, INC.  (SYBX)  (CIK 0001527599)",sybx-ex99_1.htm,2024-02-08,Nasdaq,SYBX,labafenogene marselecobac,3,phenylketonuria,Synpheny-3,False,
0001493152-24-005897,0001535955,2024-02-12,Lipocine Inc.  (LPCN)  (CIK 0001535955),ex99-1.htm,2024-02-06,Nasdaq,LPCN,LPCN 1154,,postpartum depression,,False,
0001104659-24-024347,0001697532,2024-02-15,Applied Therapeutics Inc.  (APLT)  (CIK 0001697532),tm246347d1_8k.htm,2024-02-15,Nasdaq,APLT,govorestat (AT-007),3,SORD Deficiency,INSPIRE,False,
0001714899-24-000065,0001714899,2024-02-16,Denali Therapeutics Inc.  (DNLI)  (CIK 0001714899),dnli-20240216.htm,2024-02-16,NASDAQ,DNLI,SAR443820/DNL788,2,amyotrophic lateral sclerosis,HIMALAYA,False,
0001193125-24-041520,0001369568,2024-02-21,"CATALYST PHARMACEUTICALS, INC.  (CPRX)  (CIK 0001369568)",d706892dex991.htm,2024-02-21,Nasdaq,CPRX,vamorolone (AGAMREE),,Duchenne muscular dystrophy,VISION-DMD,True,
0001437749-24-005132,0001822791,2024-02-22,"Clene Inc.  (CLNN, CLNNW)  (CIK 0001822791)",ex_628988.htm,2024-02-22,Nasdaq,CLNN,CNM-Au8,,amyotrophic lateral sclerosis,,False,
0001493152-24-007772,0001582554,2024-02-26,"Matinas BioPharma Holdings, Inc.  (MTNB)  (CIK 0001582554)",ex99-1.htm,2024-02-26,NYSE American,MTNB,MAT2203,,invasive fungal infections,Compassionate/Expanded Use Access Program,False,
0000950170-24-020183,0001817713,2024-02-26,"Janux Therapeutics, Inc.  (JANX)  (CIK 0001817713)",janx-20240226.htm,2024-02-26,Nasdaq,JANX,JANX007 and JANX008,1a,metastatic castration-resistant prostate cancer and solid tumors,,False,
0001839882-24-005612,0001430306,2024-02-27,Tonix Pharmaceuticals Holding Corp.  (TNXP)  (CIK 0001430306),ex99-01.htm,2024-02-27,Nasdaq,TNXP,Tonmya,3,fibromyalgia,RESILIENT,False,
0000950170-24-020616,0001607678,2024-02-27,"Viking Therapeutics, Inc.  (VKTX)  (CIK 0001607678)",vktx-ex99_1.htm,2024-02-27,NASDAQ,VKTX,VK2735,2,obesity,VENTURE,False,
0000950170-24-021425,0001817713,2024-02-27,"Janux Therapeutics, Inc.  (JANX)  (CIK 0001817713)",janx-20240227.htm,,Nasdaq Global Market,JANX,JANX007 and JANX008,1a,advanced or metastatic prostate cancer and advanced or metastatic solid tumors,,True,
0001213900-24-017751,0001873875,2024-02-28,Incannex Healthcare Inc.  (IXHL)  (CIK 0001873875),ea0200859-8k_incannex.htm,2024-02-28,Nasdaq,IXHL,psilocybin,2,generalised anxiety disorder,Psi-GAD1,False,
0001628280-24-007972,0001213037,2024-02-29,"Cardiff Oncology, Inc.  (CRDF)  (CIK 0001213037)",a992ex022924.htm,2024-02-29,Nasdaq,CRDF,onvansertib,2,RAS-mutated metastatic colorectal cancer,ONSEMBLE,False,
0001437749-24-005986,0001822791,2024-02-29,"Clene Inc.  (CLNN, CLNNW)  (CIK 0001822791)",ex_632666.htm,2024-02-29,Nasdaq,CLNN,CNM-Au8,2,multiple sclerosis,VISIONARY-MS,False,NCT03536559
0001520138-24-000079,0001580149,2024-03-01,BIOVIE INC.  (BIVI)  (CIK 0001580149),bivi-20240301_8k.htm,2024-03-01,NASDAQ,BIVI,NE3107,2a,Parkinson’s Disease,,True,NCT04669028;NCT05083260;NCT05227820
0001437749-24-006362,0000925741,2024-03-04,"BioCardia, Inc.  (BCDA)  (CIK 0000925741)",bcda20240303_8k.htm,2024-03-04,The Nasdaq Capital Market,BCDA,CardiAMP autologous cell therapy,3,advanced chronic heart failure,,False,
0001193125-24-056901,0001744659,2024-03-04,"Akero Therapeutics, Inc.  (AKRO)  (CIK 0001744659)",d745725d8k.htm,2024-03-04,Nasdaq,AKRO,efruxifermin (EFX),2b,pre-cirrhotic metabolic dysfunction-associated steatohepatitis (MASH),HARMONY,True,
0001493152-24-008670,0001857044,2024-03-04,"Indaptus Therapeutics, Inc.  (INDP)  (CIK 0001857044)",form8-k.htm,2024-03-04,Nasdaq Capital Market,INDP,Decoy20,1,cancer,INDP-D101,False,
0001839882-24-007193,0001430306,2024-03-07,Tonix Pharmaceuticals Holding Corp.  (TNXP)  (CIK 0001430306),ex99-01.htm,2024-03-07,Nasdaq,TNXP,TNX-102 SL,2,"acute stress reaction (ASR), acute stress disorder (ASD) and PTSD",OASIS,False,
0000950170-24-027613,0001671584,2024-03-07,Aptevo Therapeutics Inc.  (APVO)  (CIK 0001671584),apvo-20240307.htm,2024-03-07,Nasdaq,APVO,ALG.APV-527,1,solid tumor cancers,,False,
0001193125-24-062154,0001840439,2024-03-07,"Biomea Fusion, Inc.  (BMEA)  (CIK 0001840439)",d802391dex991.htm,2024-03-06,Nasdaq,BMEA,BMF-219,2,Type 2 Diabetes,COVALENT-111,False,NCT05731544;NCT06152042
0001193125-24-062878,0001658551,2024-03-08,"Amylyx Pharmaceuticals, Inc.  (AMLX)  (CIK 0001658551)",d787565d8k.htm,2024-03-08,Nasdaq,AMLX,AMX0035,3,amyotrophic lateral sclerosis,PHOENIX,False,NCT05676034;NCT06122662
0001493152-24-009400,0001878313,2024-03-08,"MAIA Biotechnology, Inc.  (MAIA)  (CIK 0001878313)",ex99-1.htm,2024-03-06,NYSE American,MAIA,THIO,2,non-small cell lung cancer,THIO-101,False,NCT05208944
0001193125-24-064791,0001070494,2024-03-11,ACADIA PHARMACEUTICALS INC  (ACAD)  (CIK 0001070494),d786050d8k.htm,2024-03-11,Nasdaq,ACAD,pimavanserin,3,schizophrenia,ADVANCE-2,False,
0001493152-24-009481,0001106838,2024-03-11,"Sonnet BioTherapeutics Holdings, Inc.  (SONN)  (CIK 0001106838)",ex99-1.htm,2024-03-11,Nasdaq,SONN,SON-080,1b/2a,Chemotherapy-Induced Peripheral Neuropathy,SB211,False,NCT05435742
0001839882-24-007475,0001430306,2024-03-11,Tonix Pharmaceuticals Holding Corp.  (TNXP)  (CIK 0001430306),ex99-1.htm,2024-03-11,Nasdaq,TNXP,Tonmya,3,fibromyalgia,RESILIENT,True,NCT05273749
0001213900-24-021233,0001821586,2024-03-11,MoonLake Immunotherapeutics  (MLTX)  (CIK 0001821586),ea020149801ex99-1_moonlake.htm,2024-03-10,Nasdaq,MLTX,sonelokimab,2,psoriatic arthritis,ARGO,False,NCT03384745;NCT05322473;NCT05640245
0001193125-24-064405,0001851194,2024-03-11,"Ventyx Biosciences, Inc.  (VTYX)  (CIK 0001851194)",d737752d8k.htm,2024-03-11,Nasdaq,VTYX,VTX3232,1,neuroinflammatory diseases,,False,
0001962918-24-000018,0001962918,2024-03-11,"ACELYRIN, Inc.  (SLRN)  (CIK 0001962918)",a993psaandhsdata.htm,2024-03-11,,,izokibep,2b/3,Psoriatic arthritis,,False,
0001193125-24-065913,0001658247,2024-03-12,"Crinetics Pharmaceuticals, Inc.  (CRNX)  (CIK 0001658247)",d759755d8k.htm,2024-03-12,Nasdaq,CRNX,paltusotine,2,carcinoid syndrome,,True,NCT05361668
0000950170-24-031475,0000886744,2024-03-14,"GERON CORP  (GERN, GERNW)  (CIK 0000886744)",gern-ex99_1.htm,2024-03-14,Nasdaq,GERN,imetelstat,3,transfusion-dependent anemia in patients with lower-risk MDS,IMerge,True,
0001193125-24-068000,0001505512,2024-03-14,Regulus Therapeutics Inc.  (RGLS)  (CIK 0001505512),d767023dex992.htm,2024-03-12,Nasdaq,RGLS,RGLS8429,1b,Autosomal Dominant Polycystic Kidney Disease (ADPKD),MAD,False,NCT05521191
0001628280-24-011308,0001398733,2024-03-15,"Aquestive Therapeutics, Inc.  (AQST)  (CIK 0001398733)",aqst-20240314.htm,2024-03-14,Nasdaq,AQST,Anaphylm,3,"severe life-threatening allergic reactions, including anaphylaxis",,False,
0001104659-24-036125,0001017491,2024-03-19,"SEELOS THERAPEUTICS, INC.  (SEEL)  (CIK 0001017491)",tm249064d1_8k.htm,2024-03-19,Nasdaq,SEEL,SLS-005 (IV Trehalose),2/3,Amyotrophic Lateral Sclerosis (ALS),HEALEY ALS Platform trial,False,
0001193125-24-070706,0001658247,2024-03-19,"Crinetics Pharmaceuticals, Inc.  (CRNX)  (CIK 0001658247)",d814079d8k.htm,2024-03-19,Nasdaq,CRNX,paltusotine,3,acromegaly,PATHFNDR-2,False,NCT04837040;NCT05192382
0001193805-24-000392,0001768224,2024-03-19,Arcturus Therapeutics Holdings Inc.  (ARCT)  (CIK 0001768224),e619378_8k-arct.htm,2024-03-19,,,Kostaive (ARCT-2301),3,COVID-19,jRCT2031230340,False,
0001962918-24-000021,0001962918,2024-03-20,"ACELYRIN, Inc.  (SLRN)  (CIK 0001962918)",slrn-8kx3202024xexx991.htm,2024-03-20,Nasdaq,SLRN,lonigutamab,1/2,thyroid eye disease,,False,NCT05683496
0001493152-24-010921,0001582554,2024-03-22,"Matinas BioPharma Holdings, Inc.  (MTNB)  (CIK 0001582554)",ex99-1.htm,2024-03-22,NYSE American,MTNB,MAT2203,,invasive fusarium infection,,True,
0001599298-24-000043,0001599298,2024-03-22,Summit Therapeutics Inc.  (SMMT)  (CIK 0001599298),a2024_prx0322xelccposter.htm,2024-03-22,NASDAQ,SMMT,ivonescimab,2,NSCLC,"AK112-202, AK112-201",False,NCT04736823;NCT04900363;NCT05184712;NCT05899608
0001104659-24-038165,0001454789,2024-03-25,"Astria Therapeutics, Inc.  (ATXS)  (CIK 0001454789)",tm249644d1_8k.htm,2024-03-25,The Nasdaq Stock Market LLC,ATXS,STAR-0215,1b/2,hereditary angioedema,ALPHA-STAR,False,
0000950170-24-035655,0001579428,2024-03-25,"Axsome Therapeutics, Inc.  (AXSM)  (CIK 0001579428)",axsm-ex99_1.htm,2024-03-25,NASDAQ,AXSM,AXS-12,3,narcolepsy,SYMPHONY,False,
0001193125-24-076478,0001623526,2024-03-25,"Stoke Therapeutics, Inc.  (STOK)  (CIK 0001623526)",d816172dex991.htm,2024-03-25,Nasdaq,STOK,STK-001,1/2a,Dravet syndrome,,False,
0001437749-24-009116,0001659617,2024-03-25,"Moleculin Biotech, Inc.  (MBRX)  (CIK 0001659617)",ex_643680.htm,2024-03-25,Nasdaq,MBRX,Annamycin,1B/2,Acute Myeloid Leukemia,MB-106,True,NCT05319587
0001193125-24-075582,0001832038,2024-03-25,"Invivyd, Inc.  (IVVD)  (CIK 0001832038)",d801617dex991.htm,2024-03-22,Nasdaq,IVVD,PEMGARDA,1,COVID-19,CANOPY,False,
0000950170-24-036151,0001607678,2024-03-26,"Viking Therapeutics, Inc.  (VKTX)  (CIK 0001607678)",vktx-ex99_1.htm,2024-03-26,NASDAQ,VKTX,VK2735,1,obesity,,False,
0001437749-24-009476,0001434647,2024-03-27,"ZEVRA THERAPEUTICS, INC.  (ZVRA)  (CIK 0001434647)",ex_645330.htm,2024-03-26,NasdaqGS,ZVRA,KP1077,2,idiopathic hypersomnia,,False,NCT05668754
0001213900-24-026576,0001733413,2024-03-27,"TFF Pharmaceuticals, Inc.  (TFFP)  (CIK 0001733413)",ea020272301ex99-1_tffpharma.htm,2024-03-27,NASDAQ,TFFP,Tacrolimus Inhalation Powder (TFF TAC) and Voriconazole Inhalation Powder (TFF VORI),2,prevention of acute rejection in lung transplant and invasive pulmonary aspergillosis (IPA),,True,
0001493152-24-011600,0001535955,2024-03-28,Lipocine Inc.  (LPCN)  (CIK 0001535955),ex99-1.htm,2024-03-28,NASDAQ,LPCN,LPCN 1148,2,cirrhosis,,False,NCT04874350
0001193125-24-083358,0001656634,2024-04-01,"Gritstone bio, Inc.  (GRTS)  (CIK 0001656634)",d806967d8k.htm,2024-04-01,Nasdaq,GRTS,GRANITE (GRTC901/GRT-R902),2,front-line metastatic microsatellite stable colorectal cancer,,False,
0001193125-24-082709,0001746466,2024-04-01,"Equillium, Inc.  (EQ)  (CIK 0001746466)",d819425d8k.htm,2024-04-01,Nasdaq,EQ,itolizumab,1b,lupus nephritis,EQUALISE,False,
0000950170-24-038902,0001824893,2024-04-01,"Surrozen, Inc./DE  (SRZN, SRZNW)  (CIK 0001824893)",srzn-ex99_1.htm,2024-04-01,Nasdaq,SRZN,SZN-043,1a,cirrhosis,,False,
0001193125-24-083352,0001840439,2024-04-01,"Biomea Fusion, Inc.  (BMEA)  (CIK 0001840439)",d765540d8k.htm,2024-04-01,Nasdaq,BMEA,BMF-219,2,type 1 diabetes,COVALENT-112,False,NCT05731544
0001140361-24-017141,0001635088,2024-04-02,Roivant Sciences Ltd.  (ROIV)  (CIK 0001635088),ef20025692_ex99-1.htm,2024-04-02,Nasdaq,ROIV,brepocitinib,2,non-infectious uveitis,NEPTUNE,False,
0001104659-24-042231,0001730430,2024-04-02,"Kiniksa Pharmaceuticals, Ltd.  (KNSA)  (CIK 0001730430)",tm249997d4_8k.htm,2024-04-02,Nasdaq,KNSA,abiprubart,2,Sjogren’s Disease and rheumatoid arthritis,,False,
0001193125-24-084937,0001816736,2024-04-02,"Disc Medicine, Inc.  (IRON)  (CIK 0001816736)",d815786d8k.htm,2024-04-01,NASDAQ,IRON,bitopertin,2,Erythropoietic Protoporphyria,AURORA,False,
0001493152-24-012910,0000764195,2024-04-03,VBI Vaccines Inc/BC  (VBIVQ)  (CIK 0000764195),ex99-1.htm,2024-04-03,Nasdaq,VBIV,VBI-1901,2b,recurrent glioblastoma,,False,NCT03382977
0001815776-24-000035,0001815776,2024-04-03,"LENZ Therapeutics, Inc.  (LENZ)  (CIK 0001815776)",exhibit991-8xk.htm,2024-04-03,Nasdaq,LENZ,LNZ100 and LNZ101,3,presbyopia,CLARITY,False,
0001193125-24-086664,0001828522,2024-04-04,"eFFECTOR Therapeutics, Inc.  (EFTR, EFTRW)  (CIK 0001828522)",d823667d8k.htm,2024-04-04,Nasdaq Capital Market,EFTR,tomivosertib,2,non-small cell lung cancer,KICKSTART,False,
0000950170-24-041619,0001841387,2024-04-04,"Candel Therapeutics, Inc.  (CADL)  (CIK 0001841387)",cadl-20240404.htm,2024-04-04,Nasdaq,CADL,CAN-2409,2,pancreatic ductal adenocarcinoma,,True,
0000950170-24-042057,0001061983,2024-04-05,CYTOKINETICS INC  (CYTK)  (CIK 0001061983),cytk-20240405.htm,2024-04-05,The Nasdaq Global Select Market,CYTK,aficamten,,hypertrophic cardiomyopathy,FOREST-HCM,True,
0001185185-24-000360,0001326205,2024-04-05,"IGC Pharma, Inc.  (IGC)  (CIK 0001326205)",ex_642530.htm,2024-03-20,NYSE American,IGC,IGC-AD1,2,Agitation in dementia from Alzheimer’s Disease,,False,NCT01862640;NCT01922258;NCT03548584;NCT05543681
0001601485-24-000025,0001601485,2024-04-05,"Elicio Therapeutics, Inc.  (ELTX)  (CIK 0001601485)",eliciotherapeutics_aacrr.htm,2024-04-05,Nasdaq,ELTX,ELI-002,1,pancreatic and colorectal cancers,AMPLIFY-201,False,NCT04853017;NCT05726864
0001140361-24-018449,0000874015,2024-04-08,IONIS PHARMACEUTICALS INC  (IONS)  (CIK 0000874015),ef20026226_8k.htm,2024-04-07,Nasdaq,IONS,olezarsen,3,familial chylomicronemia syndrome,Balance,False,NCT04568434
0001104659-24-044496,0001094038,2024-04-08,"Marker Therapeutics, Inc.  (MRKR)  (CIK 0001094038)",tm2411143d1_ex99-1.htm,2024-04-08,Nasdaq,MRKR,MT-601,1,lymphoma,APOLLO,True,NCT05798897
0001104659-24-044767,0001408443,2024-04-08,Milestone Pharmaceuticals Inc.  (MIST)  (CIK 0001408443),tm2411306d1_8k.htm,2024-04-08,Nasdaq,MIST,etripamil,3,paroxysmal supraventricular tachycardia,NODE-303,False,NCT04072835
0001193125-24-089653,0001661460,2024-04-08,"Poseida Therapeutics, Inc.  (PSTX)  (CIK 0001661460)",d808044dex991.htm,2024-04-08,Nasdaq,PSTX,P-BCMA-ALLO1,1,multiple myeloma,,False,NCT04960579;NCT05239143
0001193125-24-089091,0001693011,2024-04-08,"Inozyme Pharma, Inc.  (INZY)  (CIK 0001693011)",d757694d8k.htm,2024-04-08,Nasdaq,INZY,INZ-701,1/2,ABCC6 Deficiency and ENPP1 Deficiency,,False,
0000950170-24-042791,0001520262,2024-04-09,Alkermes plc.  (ALKS)  (CIK 0001520262),alks-20240409.htm,2024-04-09,Nasdaq,ALKS,ALKS 2680,1b,narcolepsy type 2 and idiopathic hypersomnia,,False,
0000950170-24-042972,0001805890,2024-04-09,Fusion Pharmaceuticals Inc.  (CIK 0001805890),fusn-20240409.htm,2024-04-09,The NASDAQ Global Select Market,FUSN,FPI-2265,2,metastatic castration-resistant prostate cancer,TATCIST,False,
0001104659-24-045577,0001485003,2024-04-10,Carisma Therapeutics Inc.  (CARM)  (CIK 0001485003),tm2411506d1_8k.htm,2024-04-10,The Nasdaq Stock Market LLC,CARM,CT-0508,1,HER2 overexpressing cancers,,False,
0001193125-24-091463,0001658551,2024-04-10,"Amylyx Pharmaceuticals, Inc.  (AMLX)  (CIK 0001658551)",d818999d8k.htm,2024-04-10,Nasdaq Global Select Market,AMLX,AMX0035,2,Wolfram syndrome,HELIOS,False,
0001493152-24-014278,0001533743,2024-04-11,"Processa Pharmaceuticals, Inc.  (PCSA)  (CIK 0001533743)",form8-k.htm,2024-04-11,,,NGC-Cap,1b,,NGC-Cap,True,
0001493152-24-014273,0001535955,2024-04-11,Lipocine Inc.  (LPCN)  (CIK 0001535955),ex99-1.htm,2024-04-11,Nasdaq,LPCN,LPCN 2401,2,obesity,NCT04134091,False,NCT04134091
0001193125-24-092522,0001672619,2024-04-11,"Enliven Therapeutics, Inc.  (ELVN)  (CIK 0001672619)",d763719d8k.htm,2024-04-11,Nasdaq,ELVN,ELVN-001,1,chronic myeloid leukemia,NCT05304377,False,NCT05304377
0000950123-24-003302,0001515673,2024-04-15,Ultragenyx Pharmaceutical Inc.  (RARE)  (CIK 0001515673),rare-20240415.htm,2024-04-15,Nasdaq,RARE,GTX-102,1/2,Angelman syndrome,,False,
0001193125-24-096988,0001567514,2024-04-16,"Intra-Cellular Therapies, Inc.  (ITCI)  (CIK 0001567514)",d429750d8k.htm,2024-04-16,Nasdaq,ITCI,lumateperone,3,major depressive disorder,Study 501,False,
0001437749-24-012182,0001822791,2024-04-16,"Clene Inc.  (CLNN, CLNNW)  (CIK 0001822791)",ex_653935.htm,2024-04-16,Nasdaq,CLNN,CNM-Au8,2,multiple sclerosis,VISIONARY-MS,False,
0001193125-24-098524,0001597553,2024-04-17,"Sage Therapeutics, Inc.  (SAGE)  (CIK 0001597553)",d787749d8k.htm,2024-04-17,Nasdaq,SAGE,dalzanemdor (SAGE-718),2,mild cognitive impairment in Parkinson’s Disease,PRECEDENT,False,
0001193125-24-100080,0001808898,2024-04-18,Benitec Biopharma Inc.  (BNTC)  (CIK 0001808898),d815188dex991.htm,2024-04-18,NASDAQ,BNTC,BB-301,1b/2a,Oculopharyngeal Muscular Dystrophy,,False,NCT06185673
0001828185-24-000022,0001828185,2024-04-18,Barinthus Biotherapeutics plc.  (BRNS)  (CIK 0001828185),brns-20240418.htm,2024-04-18,NASDAQ,BRNS,VTP-200,1b/2,persistent high-risk human papillomavirus (HPV) infections,APOLLO,False,NCT04607850
0001104659-24-050307,0000894158,2024-04-23,"Theriva Biologics, Inc.  (TOVX)  (CIK 0000894158)",tm2412300d2_8k.htm,2024-04-23,NYSE American,TOVX,VCN-01,1,refractory retinoblastoma,,False,
0001437749-24-013283,0001411685,2024-04-26,"Vistagen Therapeutics, Inc.  (VTGN)  (CIK 0001411685)",ex_660814.htm,2024-04-25,Nasdaq,VTGN,PH15,2A,psychomotor impairment caused by mental fatigue,,False,
0000950170-24-049870,0001831363,2024-04-29,"Terns Pharmaceuticals, Inc.  (TERN)  (CIK 0001831363)",tern-ex99_1.htm,2024-04-29,Nasdaq,TERN,TERN-701,1,CML,CARDINAL,False,NCT05367700
0001437749-24-013983,0000072444,2024-04-30,"Vaxart, Inc.  (VXRT)  (CIK 0000072444)",ex_664492.htm,2024-04-30,Nasdaq,VXRT,bivalent norovirus vaccine candidate,1,norovirus,VXA-NVV-108,False,
0001104659-24-055041,0001719406,2024-04-30,"NRX Pharmaceuticals, Inc.  (NRXP, NRXPW)  (CIK 0001719406)",tm2413153d1_ex99-2.htm,2024-04-30,Nasdaq,NRXP,NRX-101,2b/3,suicidal bipolar depression,,False,NCT03395392
0001437749-24-014059,0000925741,2024-05-01,"BioCardia, Inc.  (BCDA)  (CIK 0000925741)",bcda20240430_8k.htm,2024-05-01,The Nasdaq Capital Market,BCDA,CardiAMP® Cell Therapy,,Chronic Myocardial Ischemia,CardiAMP® Cell Therapy in Chronic Myocardial Ischemia Trial,False,
0001193125-24-126425,0001420565,2024-05-01,"Aileron Therapeutics, Inc.  (ALRN)  (CIK 0001420565)",d65915d8k.htm,2024-05-01,Nasdaq,ALRN,LTI-03,1b,idiopathic pulmonary fibrosis,,False,
0001104659-24-056664,0001837607,2024-05-03,"AEON Biopharma, Inc.  (AEON)  (CIK 0001837607)",tm2413422d1_8k.htm,2024-05-03,NYSE,AEON,ABP-450,2,chronic migraine,,False,
0001213900-24-039306,0001860657,2024-05-03,"Allarity Therapeutics, Inc.  (ALLR)  (CIK 0001860657)",ea020520201ex99-1_allarity.htm,2024-05-02,NASDAQ,ALLR,stenoparib,2,advanced recurrent ovarian cancer,,False,NCT03878849
0001193125-24-130800,0001991792,2024-05-03,"CG Oncology, Inc.  (CGON)  (CIK 0001991792)",d823423d8k.htm,2024-05-03,Nasdaq,CGON,cretostimogene,3,high-risk Non-Muscle-Invasive Bladder Cancer,BOND-003,False,
0001558370-24-006793,0001253689,2024-05-06,GLYCOMIMETICS INC  (GLYC)  (CIK 0001253689),glyc-20240506x8k.htm,2024-05-06,Nasdaq,GLYC,uproleselan,3,Relapsed/Refractory Acute Myeloid Leukemia,,False,
0001404644-24-000049,0001404644,2024-05-07,Neurogene Inc.  (NGNE)  (CIK 0001404644),ngne_asgctpresentationxfin.htm,2024-05-07,Nasdaq,NGNE,NGN-401,1/2,Rett syndrome,,False,
0001193125-24-133086,0001528115,2024-05-07,"Annexon, Inc.  (ANNX)  (CIK 0001528115)",d825274dex991.htm,2024-05-07,Nasdaq,ANNX,ANX007,2,geographic atrophy,ARCHER,False,
0001437749-24-014934,0001659617,2024-05-07,"Moleculin Biotech, Inc.  (MBRX)  (CIK 0001659617)",ex_668279.htm,2024-05-07,Nasdaq,MBRX,Annamycin,1B/2,acute myeloid leukemia,MB-106,True,NCT05319587
0000950170-24-055046,0001061983,2024-05-08,CYTOKINETICS INC  (CYTK)  (CIK 0001061983),cytk-20240508.htm,2024-05-08,The Nasdaq Global Select Market,CYTK,CK-4021586,1,heart failure with preserved ejection fraction,,False,
0001193125-24-134284,0001501989,2024-05-08,"CytomX Therapeutics, Inc.  (CTMX)  (CIK 0001501989)",d835346d8k.htm,2024-05-08,Nasdaq,CTMX,CX-904,1a,advanced metastatic solid tumor,,False,
0001816590-24-000083,0001816590,2024-05-08,COMPASS Pathways plc  (CMPS)  (CIK 0001816590),cmps-20240508.htm,2024-05-08,Nasdaq,CMPS,COMP360 psilocybin,2,post-traumatic stress disorder (PTSD),,False,
0001140361-24-025476,0001228627,2024-05-10,"Ocuphire Pharma, Inc.  (OCUP)  (CIK 0001228627)",ef20028889_ex99-1.htm,,,,APX3330,2,non-proliferative diabetic retinopathy,ZETA-1,False,
0001140361-24-025256,0001472091,2024-05-10,PDS Biotechnology Corp  (PDSB)  (CIK 0001472091),ef20028859_ex99-1.htm,2024-05-09,Nasdaq,PDSB,Versamune HPV + KEYTRUDA (pembrolizumab),2,HPV16-positive head and neck squamous cell cancer,VERSATILE-002,True,
0000950170-24-058654,0001061983,2024-05-13,CYTOKINETICS INC  (CYTK)  (CIK 0001061983),cytk-ex99_1.htm,2024-05-13,Nasdaq,CYTK,aficamten,3,symptomatic obstructive hypertrophic cardiomyopathy (HCM),SEQUOIA-HCM,False,
0001193125-24-137731,0001746473,2024-05-14,"PLIANT THERAPEUTICS, INC.  (PLRX)  (CIK 0001746473)",d798874d8k.htm,2024-05-14,Nasdaq,PLRX,bexotegrast (PLN-74809),2a,idiopathic pulmonary fibrosis (IPF),,False,NCT05621252
0000950170-24-060031,0001750284,2024-05-15,"Olema Pharmaceuticals, Inc.  (OLMA)  (CIK 0001750284)",olma-ex99_2.htm,2024-05-15,,,palazestrant,3,ER+/HER2- metastatic breast cancer,OPERA-02,False,
0001655759-24-000063,0001655759,2024-05-16,"ARVINAS, INC.  (ARVN)  (CIK 0001655759)",a2024-05x16xesmobreastve.htm,2024-05-16,Nasdaq,ARVN,vepdegestrant,1b,ER+/HER2- breast cancer,,True,NCT04072952
0001493152-24-020551,0001106838,2024-05-20,"Sonnet BioTherapeutics Holdings, Inc.  (SONN)  (CIK 0001106838)",ex99-1.htm,2024-05-20,NASDAQ,SONN,SON-1010,1,advanced solid tumors,SB101,False,NCT05352750;NCT05408572;NCT05756907
0001193125-24-142232,0001818794,2024-05-20,"Dyne Therapeutics, Inc.  (DYN)  (CIK 0001818794)",d821973d8k.htm,2024-05-20,Nasdaq,DYN,DYNE-101,1/2,myotonic dystrophy type 1,ACHIEVE,False,NCT05481879;NCT05524883
0001213900-24-045573,0001506251,2024-05-21,"Citius Pharmaceuticals, Inc.  (CTXR)  (CIK 0001506251)",ea0206620-8k_citius.htm,2024-05-21,Nasdaq,CTXR,Mino-Lok,3,central line-associated infections (CLABSI) or catheter-related bloodstream infections (CRBSI),MDA 2013-0039,False,NCT02901717
0001356576-24-000034,0001356576,2024-05-23,"SUPERNUS PHARMACEUTICALS, INC.  (SUPN)  (CIK 0001356576)",ex99105-23x2024.htm,2024-05-23,Nasdaq,SUPN,SPN-817,2a,treatment-resistant seizures,,False,
0001104659-24-064781,0001526119,2024-05-23,"Verastem, Inc.  (VSTM)  (CIK 0001526119)",tm2415352d1_8k.htm,2024-05-23,Nasdaq,VSTM,avutometinib plus defactinib,1/2,metastatic pancreatic cancer,RAMP 205,False,NCT04625270;NCT05074810;NCT05375994;NCT05669482;NCT06072781
0001104659-24-064762,0001760542,2024-05-23,HOOKIPA Pharma Inc.  (HOOK)  (CIK 0001760542),tm2415416d1_8k.htm,2024-05-23,NASDAQ,HOOK,HB-200,1/2,human papillomavirus 16 positive (HPV16+) head and neck cancers,,False,NCT04180215
0000950170-24-064025,0001789972,2024-05-23,"Cullinan Therapeutics, Inc.  (CGEM)  (CIK 0001789972)",cgem-20240523.htm,2024-05-23,Nasdaq,CGEM,CLN-619,1,advanced solid tumors,,False,NCT05117476;NCT06381141
0001193125-24-146093,0001829802,2024-05-23,"Sensei Biotherapeutics, Inc.  (SNSE)  (CIK 0001829802)",d830013d8k.htm,2024-05-23,Nasdaq,SNSE,SNS-101,1/2,advanced solid tumors,,False,
0000950170-24-064022,0001841387,2024-05-23,"Candel Therapeutics, Inc.  (CADL)  (CIK 0001841387)",cadl-20240523.htm,2024-05-23,Nasdaq,CADL,CAN-2409,2,non-small cell lung cancer,,False,
0001104659-24-064825,0001425205,2024-05-24,"IOVANCE BIOTHERAPEUTICS, INC.  (IOVA)  (CIK 0001425205)",tm2415493d1_8k.htm,2024-05-23,NASDAQ,IOVA,lifileucel,3,advanced melanoma,IOV-COM-202,False,
0001104659-24-065073,0001509261,2024-05-24,"Rezolute, Inc.  (RZLT)  (CIK 0001509261)",tm2415552d1_8k.htm,2024-05-21,Nasdaq,RZLT,RZ402,2,Diabetic Macular Edema,,False,
0001601485-24-000037,0001601485,2024-05-24,"Elicio Therapeutics, Inc.  (ELTX)  (CIK 0001601485)",a2024-05x23xxeltxxxph1am.htm,2024-05-23,Nasdaq,ELTX,ELI-002 7P,1a,mKRAS-driven solid tumors,AMPLIFY-7P,False,NCT04853017;NCT05726864
0000950170-24-064309,0001991792,2024-05-24,"CG Oncology, Inc.  (CGON)  (CIK 0001991792)",ck0001991792-20240524.htm,2024-05-24,The Nasdaq Global Select Market,CGON,cretostimogene grenadenorepvec,2,"BCG-Unresponsive, High-Risk Non-Muscle Invasive Bladder Cancer",CORE-001,False,
0001140361-24-027535,0001104506,2024-05-28,INSMED Inc  (INSM)  (CIK 0001104506),ef20030032_8k.htm,2024-05-28,Nasdaq,INSM,brensocatib,3,bronchiectasis,ASPEN,False,
0001683168-24-003849,0001533040,2024-05-28,Phio Pharmaceuticals Corp.  (PHIO)  (CIK 0001533040),phio_ex9901.htm,2024-05-28,Nasdaq,PHIO,PH-762,1b,"cutaneous squamous cell carcinoma, melanoma and Merkel cell carcinoma",,False,
0001193125-24-148089,0001651311,2024-05-28,Merus N.V.  (MRUS)  (CIK 0001651311),d840774d8k.htm,2024-05-28,Nasdaq,MRUS,petosemtamab,1/2,recurrent/metastatic head and neck squamous cell carcinoma,,False,
0001493152-24-021727,0000764195,2024-05-29,VBI Vaccines Inc/BC  (VBIVQ)  (CIK 0000764195),ex99-1.htm,2024-05-29,Nasdaq,VBIV,VBI-1901,2b,recurrent glioblastoma,,False,NCT03382977
0001193125-24-149338,0001802768,2024-05-29,Royalty Pharma plc  (RPRX)  (CIK 0001802768),d34372d8k.htm,2024-05-29,Nasdaq,RPRX,seltorexant,3,major depressive disorder,MDD3001,False,
0001558370-24-008779,0001133818,2024-05-30,"BIO-PATH HOLDINGS, INC.  (BPTH)  (CIK 0001133818)",bpth-20240523xex99d1.htm,2024-05-23,Nasdaq,BPTH,prexigebersen,2,acute myeloid leukemia,,False,
0001839882-24-016704,0001430306,2024-05-30,Tonix Pharmaceuticals Holding Corp.  (TNXP)  (CIK 0001430306),ex99-01.htm,2024-05-30,Nasdaq,TNXP,TNX-102 SL,2,fibromyalgia-type Long COVID,PREVAIL,False,
0000950170-24-066553,0001515673,2024-05-30,Ultragenyx Pharmaceutical Inc.  (RARE)  (CIK 0001515673),rare-20240530.htm,2024-05-30,Nasdaq,RARE,DTX401,3,Glycogen Storage Disease Type Ia,GlucoGene,False,NCT05139316
0001599298-24-000096,0001599298,2024-05-30,Summit Therapeutics Inc.  (SMMT)  (CIK 0001599298),a2024_prx0530xivonescima.htm,2024-05-30,Nasdaq,SMMT,ivonescimab,3,non-small cell lung cancer,HARMONi-2,False,
0001140361-24-028247,0000874015,2024-05-31,IONIS PHARMACEUTICALS INC  (IONS)  (CIK 0000874015),ef20030319_8k.htm,2024-05-31,Nasdaq,IONS,donidalorsen,3,hereditary angioedema,OASIS-HAE,False,NCT04307381;NCT05139810
0001140361-24-028366,0001671927,2024-05-31,Immunocore Holdings plc  (IMCR)  (CIK 0001671927),ef20030354_ex99-1.htm,2024-05-31,Nasdaq,IMCR,brenetafusp (IMC-F106C),1,cutaneous melanoma,,False,NCT06112314
0001558370-24-008844,0001133818,2024-06-03,"BIO-PATH HOLDINGS, INC.  (BPTH)  (CIK 0001133818)",bpth-20240603xex99d1.htm,2024-06-03,NASDAQ,BPTH,prexigebersen (BP1001),2,acute myeloid leukemia,,False,
0001171843-24-003212,0001183765,2024-06-03,"Molecular Templates, Inc.  (MTEM)  (CIK 0001183765)",exh_991.htm,2024-06-03,Nasdaq,MTEM,MT-6402,1,solid tumors,,True,
0001839882-24-017297,0001430306,2024-06-03,Tonix Pharmaceuticals Holding Corp.  (TNXP)  (CIK 0001430306),ex99-01.htm,2024-06-03,Nasdaq,TNXP,Tonmya (TNX-102 SL),3,fibromyalgia,RESILIENT,True,
0001437749-24-019074,0001434647,2024-06-03,"ZEVRA THERAPEUTICS, INC.  (ZVRA)  (CIK 0001434647)",ex_681567.htm,2024-06-03,NasdaqGS,ZVRA,KP1077,2,idiopathic hypersomnia,NCT05668754,False,NCT05668754
0000950170-24-067670,0001498382,2024-06-03,"Kintara Therapeutics, Inc.  (KTRA)  (CIK 0001498382)",ktra-20240603.htm,2024-06-03,Nasdaq,KTRA,IFx-2.0,1b,Merkel Cell Carcinoma (MCC) and Cutaneous Squamous Cell Carcinoma (cSCC),,False,NCT04160065
0001193125-24-152292,0001599298,2024-06-03,Summit Therapeutics Inc.  (SMMT)  (CIK 0001599298),d38200dex992.htm,2024-05-31,NASDAQ,SMMT,ivonescimab,3,"EGFR-mutated, locally advanced or metastatic non-squamous non-small cell lung cancer (NSCLC)",HARMONi-A,False,
0001619856-24-000046,0001619856,2024-06-03,"Caribou Biosciences, Inc.  (CRBU)  (CIK 0001619856)",cariboubiosciencesireven.htm,2024-06-02,Nasdaq,CRBU,CB-010,1,relapsed or refractory B cell non-Hodgkin lymphoma (r/r B-NHL) and second-line large B cell lymphoma (2L LBCL),ANTLER,False,NCT04637763
0001193125-24-153075,0001658247,2024-06-03,"Crinetics Pharmaceuticals, Inc.  (CRNX)  (CIK 0001658247)",d823838d8k.htm,2024-06-03,Nasdaq,CRNX,atumelnant,2,Congenital Adrenal Hyperplasia (CAH) and ACTH-Dependent Cushing’s Syndrome (ADCS),TouCAHn,False,NCT05804669;NCT05907291
0000950170-24-067644,0001676725,2024-06-03,"IDEAYA Biosciences, Inc.  (IDYA)  (CIK 0001676725)",idya-20240603.htm,2024-06-03,Nasdaq,IDYA,darovasertib,2,uveal melanoma,,False,
0000950170-24-067650,0001683553,2024-06-03,"SPRUCE BIOSCIENCES, INC.  (SPRB)  (CIK 0001683553)",sprb-20240602.htm,2024-06-03,Nasdaq,SPRB,tildacerfont,2,polycystic ovary syndrome,POWER,False,
0001558370-24-008865,0001727196,2024-06-03,Scholar Rock Holding Corp  (SRRK)  (CIK 0001727196),srrk-20240603xex99d1.htm,2024-06-03,Nasdaq,SRRK,SRK-181,1,advanced solid tumors,DRAGON,False,NCT04291079
0001104659-24-067556,0001737953,2024-06-03,"Replimune Group, Inc.  (REPL)  (CIK 0001737953)",tm2416257d1_ex99-1.htm,2024-06-03,Nasdaq,REPL,RP1,,melanoma,IGNYTE,True,NCT06264180
0001193125-24-152493,0001740279,2024-06-03,"IN8BIO, INC.  (INAB)  (CIK 0001740279)",d777605d8k.htm,2024-06-03,Nasdaq,INAB,INB-200,1,glioblastoma,,False,
0001193125-24-152380,0001785530,2024-06-03,"Werewolf Therapeutics, Inc.  (HOWL)  (CIK 0001785530)",d800910d8k.htm,2024-06-01,Nasdaq,HOWL,WTX-124,1/1b,solid tumors,,False,
0000950170-24-067662,0001789972,2024-06-03,"Cullinan Therapeutics, Inc.  (CGEM)  (CIK 0001789972)",cgem-20240601.htm,2024-06-01,Nasdaq,CGEM,zipalertinib,2b,non-small cell lung cancer (NSCLC) harboring EGFR Exon 20 insertion mutations,REZILIENT1,False,
0001193125-24-152391,0001804591,2024-06-03,23andMe Holding Co.  (ME)  (CIK 0001804591),d836506d8k.htm,2024-06-03,Nasdaq,ME,23ME-00610,2,neuroendocrine and ovarian cancer,,False,
0001104659-24-067446,0001850119,2024-06-03,"Century Therapeutics, Inc.  (IPSC)  (CIK 0001850119)",tm2416244d1_ex99-1.htm,2024-06-03,NASDAQ,IPSC,CNTY-101,1,relapsed or refractory (R/R) non-Hodgkin lymphoma (NHL),ELiPSE-1,True,NCT05336409
0001104659-24-067483,0001888886,2024-06-03,Structure Therapeutics Inc.  (GPCR)  (CIK 0001888886),tm2414821d7_8k.htm,2024-06-03,NASDAQ,GPCR,GSBR-1290,2a,obesity,,False,
0001558370-24-008882,0001253689,2024-06-04,GLYCOMIMETICS INC  (GLYC)  (CIK 0001253689),glyc-20240604xex99d1.htm,2024-06-04,Nasdaq,GLYC,uproleselan,3,relapsed/refractory (R/R) Acute Myeloid Leukemia (AML),,False,
0001193125-24-153625,0001528115,2024-06-04,"Annexon, Inc.  (ANNX)  (CIK 0001528115)",d838099d8k.htm,2024-06-04,Nasdaq,ANNX,ANX005,3,Guillain-Barre syndrome,,False,
0000950170-24-068297,0001607678,2024-06-04,"Viking Therapeutics, Inc.  (VKTX)  (CIK 0001607678)",vktx-ex99_1.htm,2024-06-04,NASDAQ,VKTX,VK2809,2b,non-alcoholic steatohepatitis,VOYAGE,True,
0001104659-24-068248,0001760542,2024-06-04,HOOKIPA Pharma Inc.  (HOOK)  (CIK 0001760542),tm2416401d1_8k.htm,2024-06-04,NASDAQ,HOOK,HB-200,2,recurrent/metastatic human papillomavirus 16 positive (HPV16+) head and neck cancer,,True,NCT04180215
0001171843-24-003302,0001447028,2024-06-05,Arbutus Biopharma Corp  (ABUS)  (CIK 0001447028),exh_991.htm,2024-06-05,Nasdaq,ABUS,imdusiran,2a,chronic hepatitis B virus,IM-PROVE I (AB-729-201),False,NCT04980482
0001193125-24-154636,0001706431,2024-06-05,"Vir Biotechnology, Inc.  (VIR)  (CIK 0001706431)",d819044d8k.htm,2024-06-05,Nasdaq,VIR,tobevibart and elebsiran,2,chronic hepatitis delta,SOLSTICE,True,NCT05461170
0001104659-24-068817,0001400118,2024-06-06,Sagimet Biosciences Inc.  (SGMT)  (CIK 0001400118),tm2416614d1_8k.htm,2024-06-06,Nasdaq,SGMT,denifanstat,2b,metabolic dysfunction-associated steatohepatitis,FASCINATE-2,True,
0001171843-24-003323,0001447028,2024-06-06,Arbutus Biopharma Corp  (ABUS)  (CIK 0001447028),exh_991.htm,2024-06-06,Nasdaq,ABUS,imdusiran and VTP-300,2a,chronic hepatitis B virus (cHBV) infection,"IM-PROVE II, AB-729-202",False,
0001104659-24-068948,0001737953,2024-06-06,"Replimune Group, Inc.  (REPL)  (CIK 0001737953)",tm2416613d1_8k.htm,2024-06-06,Nasdaq,REPL,RP1 plus nivolumab,,anti-PD1 failed melanoma,IGNYTE,False,
0001140361-24-029050,0001743881,2024-06-06,"BridgeBio Pharma, Inc.  (BBIO)  (CIK 0001743881)",ef20030678_ex99-1.htm,2024-06-04,Nasdaq,BBIO,infigratinib,2,achondroplasia,PROPEL 2,False,NCT04035811;NCT06164951;NCT06410976
0001828185-24-000063,0001828185,2024-06-06,Barinthus Biotherapeutics plc.  (BRNS)  (CIK 0001828185),brns-20240606.htm,2024-06-06,NASDAQ,BRNS,VTP-300,2b,chronic hepatitis B,HBV003,False,
0001493152-24-022906,0001878313,2024-06-06,"MAIA Biotechnology, Inc.  (MAIA)  (CIK 0001878313)",ex99-1.htm,2024-06-06,NYSE American,MAIA,THIO,2,non-small cell lung cancer (NSCLC),THIO-101,False,NCT05208944
0001516551-24-000059,0001516551,2024-06-10,"Skye Bioscience, Inc.  (SKYE)  (CIK 0001516551)",a240610_skyexnrxsbip2atopl.htm,2024-06-10,Nasdaq,SKYE,SBI-100 Ophthalmic Emulsion,2a,primary open-angle glaucoma or ocular hypertension,,False,
0001493152-24-023289,0001535955,2024-06-10,Lipocine Inc.  (LPCN)  (CIK 0001535955),form8-k.htm,2024-06-10,Nasdaq,LPCN,LPCN 1148,2,sarcopenia and hepatic encephalopathy,,False,
0000950170-24-071093,0001832168,2024-06-10,"Longboard Pharmaceuticals, Inc.  (LBPH)  (CIK 0001832168)",lbph-20240610.htm,2024-06-10,Nasdaq,LBPH,bexicaserin (LP352),1b/2a,Developmental and Epileptic Encephalopathies,PACIFIC Study,False,
0001193125-24-157913,0001850270,2024-06-10,PROKIDNEY CORP.  (PROK)  (CIK 0001850270),d827829dex991.htm,2024-06-10,Nasdaq,PROK,rilparencel,2,chronic kidney disease,REGEN-007,False,
0001104659-24-070450,0001477845,2024-06-11,"Annovis Bio, Inc.  (ANVS)  (CIK 0001477845)",tm2416963d1_8k.htm,2024-06-11,NYSE,ANVS,Buntanetap,II/III,Alzheimer's,,False,
0001193125-24-158710,0001597553,2024-06-11,"Sage Therapeutics, Inc.  (SAGE)  (CIK 0001597553)",d750546dex991.htm,2024-06-11,,,dalzanemdor (SAGE-718),2,Huntington’s Disease,SURVEYOR,False,NCT05358821
0001104659-24-070914,0001346830,2024-06-12,"Cara Therapeutics, Inc.  (CARA)  (CIK 0001346830)",tm2416682d3_8k.htm,2024-06-12,Nasdaq,CARA,oral difelikefalin,2/3,notalgia paresthetica,KOURAGE-1,False,
0001140361-24-029820,0001472091,2024-06-12,PDS Biotechnology Corp  (PDSB)  (CIK 0001472091),ef20031030_ex99-1.htm,2024-06-12,Nasdaq,PDSB,Versamune HPV + KEYTRUDA,2,HPV16-positive head and neck squamous cell cancer,VERSATILE-002,True,
0000950170-24-072119,0001515673,2024-06-12,Ultragenyx Pharmaceutical Inc.  (RARE)  (CIK 0001515673),rare-20240611.htm,2024-06-11,Nasdaq Global Select Market,RARE,setrusumab (UX143),2,osteogenesis imperfecta,Orbit,True,NCT05125809
0001193125-24-159393,0001719714,2024-06-12,Mereo BioPharma Group plc  (MREO)  (CIK 0001719714),d849907d8k.htm,2024-06-11,The Nasdaq Stock Market LLC,MREO,setrusumab (UX143),2,osteogenesis imperfecta,Orbit,True,NCT05125809
0001104659-24-071014,0001400118,2024-06-13,Sagimet Biosciences Inc.  (SGMT)  (CIK 0001400118),tm2417159d1_ex99-1.htm,2024-06-06,Nasdaq,SGMT,denifanstat,2b,metabolic dysfunction-associated steatohepatitis,FASCINATE-2,True,
0001193125-24-160703,0001740279,2024-06-13,"IN8BIO, INC.  (INAB)  (CIK 0001740279)",d774911d8k.htm,2024-06-13,Nasdaq,INAB,INB-100,1,leukemia,,False,NCT03533816
0001558370-24-009170,0001133818,2024-06-14,"BIO-PATH HOLDINGS, INC.  (BPTH)  (CIK 0001133818)",bpth-20240614xex99d1.htm,2024-06-14,NASDAQ,BPTH,prexigebersen,2,acute myeloid leukemia,,True,
0001650664-24-000078,0001650664,2024-06-14,"Editas Medicine, Inc.  (EDIT)  (CIK 0001650664)",edit-20240614.htm,2024-06-14,Nasdaq,EDIT,renizgamglogene autogedtemcel,1/2/3,sickle cell disease,RUBY,True,NCT04853576;NCT05444894
0001437749-24-020269,0001659617,2024-06-14,"Moleculin Biotech, Inc.  (MBRX)  (CIK 0001659617)",ex_688103.htm,2024-06-14,Nasdaq,MBRX,Annamycin,1B/2,acute myeloid leukemia,MB-106,True,NCT05319587
0001193125-24-161087,0001680367,2024-06-14,"Shattuck Labs, Inc.  (STTK)  (CIK 0001680367)",d841424d8k.htm,2024-06-14,Nasdaq,STTK,SL-172154,1B,higher-risk myelodysplastic syndromes and TP53 mutant acute myeloid leukemia,,True,NCT04406623;NCT05275439;NCT05483933
0001193125-24-161089,0001759138,2024-06-14,"Cabaletta Bio, Inc.  (CABA)  (CIK 0001759138)",d851455d8k.htm,2024-06-01,,,CABA-201,1/2,"systemic lupus erythematosus (SLE), myositis, SSc, and generalized myasthenia gravis (gMG)",RESET-Myositis™ & RESET-SLE™,False,
0001193125-24-161170,0001816736,2024-06-14,"Disc Medicine, Inc.  (IRON)  (CIK 0001816736)",d826950d8k.htm,2024-06-14,Nasdaq,IRON,"bitopertin, DISC-0974, DISC-3405","1b, 1, 2","erythropoietic protoporphyria (EPP), myelofibrosis (MF)","AURORA, BEACON",True,
0001104659-24-071445,0001855644,2024-06-14,"Zura Bio Ltd  (ZURA, ZURAW)  (CIK 0001855644)",tm24172501_ex99-1.htm,2024-06-14,Nasdaq,ZURA,tibulizumab (ZB-106),1,"Sjogren’s syndrome, rheumatoid arthritis",,False,
0001104659-24-072012,0001267813,2024-06-17,"MARINUS PHARMACEUTICALS, INC.  (MRNS)  (CIK 0001267813)",tm2417385d1_8k.htm,2024-06-17,Nasdaq,MRNS,IV ganaxolone,3,refractory status epilepticus (RSE),RAISE,False,NCT04391569
0001549595-24-000086,0001549595,2024-06-17,"Nurix Therapeutics, Inc.  (NRIX)  (CIK 0001549595)",a240616ehadatarelease-final.htm,2024-06-16,Nasdaq,NRIX,NX-5948,1a/b,relapsed refractory chronic lymphocytic leukemia (CLL),,False,NCT05131022
0001615219-24-000049,0001615219,2024-06-17,"Salarius Pharmaceuticals, Inc.  (SLRX)  (CIK 0001615219)",a061724slrxmdandersonehase.htm,2024-06-17,Nasdaq,SLRX,seclidemstat,1/2,MDS and CMML,,False,
0000950170-24-073998,0001636651,2024-06-17,Ovid Therapeutics Inc.  (OVID)  (CIK 0001636651),ovid-ex99_1.htm,2024-06-17,Nasdaq,OVID,soticlestat,3,Dravet syndrome and Lennox-Gastaut syndrome,SKYLINE and SKYWAY,False,
0001664710-24-000055,0001664710,2024-06-17,"Keros Therapeutics, Inc.  (KROS)  (CIK 0001664710)",a62024corporateupdate.htm,2024-06-17,Nasdaq,KROS,elritercept (KER-050),2,myelodysplastic syndromes and myelofibrosis,,False,NCT04419649;NCT05037760
0001193125-24-162056,0001759425,2024-06-17,"Mirum Pharmaceuticals, Inc.  (MIRM)  (CIK 0001759425)",d853346d8k.htm,2024-06-17,Nasdaq Global Market,MIRM,volixibat,2b,primary biliary cholangitis and primary sclerosing cholangitis,VANTAGE and VISTAS,False,
0001104659-24-072058,0001798749,2024-06-17,"Aerovate Therapeutics, Inc.  (AVTE)  (CIK 0001798749)",tm2417394d1_8k.htm,2024-06-17,Nasdaq,AVTE,AV-101,2b,pulmonary arterial hypertension,IMPAHCT,False,NCT05036135
0001404644-24-000073,0001404644,2024-06-18,Neurogene Inc.  (NGNE)  (CIK 0001404644),irsfpr_final.htm,2024-06-18,Nasdaq,NGNE,NGN-401,1/2,Rett syndrome,,False,
0001193125-24-163038,0001567514,2024-06-18,"Intra-Cellular Therapies, Inc.  (ITCI)  (CIK 0001567514)",d842233d8k.htm,2024-06-18,Nasdaq,ITCI,lumateperone,3,Major Depressive Disorder,Study 502,False,
0001193125-24-163050,0001806310,2024-06-18,"Taysha Gene Therapies, Inc.  (TSHA)  (CIK 0001806310)",d851091d8k.htm,2024-06-18,Nasdaq,TSHA,TSHA-102,1/2,Rett syndrome,REVEAL,False,
0001654954-24-007928,0000725363,2024-06-20,CEL SCI CORP  (CVM)  (CIK 0000725363),cvm_ex99.htm,2024-06-18,NYSE American,CVM,Multikine,3,head and neck cancer,IT-MATTERS,True,
0001558370-24-009313,0001070081,2024-06-20,"PTC THERAPEUTICS, INC.  (PTCT)  (CIK 0001070081)",tmb-20240617x8k.htm,2024-06-20,NASDAQ,PTCT,PTC518,2,Huntington’s disease,PIVOT-HD,False,
0001193125-24-164015,0001544227,2024-06-20,"Tempest Therapeutics, Inc.  (TPST)  (CIK 0001544227)",d857887dex991.htm,2024-06-20,Nasdaq,TPST,amezalpat (TPST-1120),1b/2,unresectable or metastatic hepatocellular carcinoma (HCC),,True,
0001193125-24-166299,0001505512,2024-06-24,Regulus Therapeutics Inc.  (RGLS)  (CIK 0001505512),d836286d8k.htm,2024-06-24,Nasdaq,RGLS,RGLS8429,1b,autosomal dominant polycystic kidney disease (ADPKD),,False,
0001628280-24-029426,0001560241,2024-06-24,"G1 Therapeutics, Inc.  (GTHX)  (CIK 0001560241)",a208finalanalysis_update.htm,2024-06-24,Nasdaq,GTHX,trilaciclib,3,metastatic triple negative breast cancer (mTNBC),PRESERVE 2,False,
0001104659-24-074078,0001689375,2024-06-24,"Entrada Therapeutics, Inc.  (TRDA)  (CIK 0001689375)",tm2417848d2_8k.htm,2024-06-24,Nasdaq,TRDA,ENTR-601-44,1,Duchenne muscular dystrophy,ENTR-601-44-101,False,
0001193125-24-167962,0001528115,2024-06-25,"Annexon, Inc.  (ANNX)  (CIK 0001528115)",d822308d8k.htm,2024-06-25,Nasdaq,ANNX,ANX005,3,Guillain-Barré Syndrome (GBS),,True,
0000950170-24-077299,0001564824,2024-06-25,Allakos Inc.  (ALLK)  (CIK 0001564824),allk-20240625.htm,2024-06-25,Nasdaq,ALLK,AK006,1,mast cell-driven diseases,,False,NCT06072157
0001193125-24-167481,0001631574,2024-06-25,Wave Life Sciences Ltd.  (WVE)  (CIK 0001631574),d771392d8k.htm,2024-06-25,Nasdaq,WVE,WVE-003,1b/2a,Huntington’s disease,SELECT-HD,False,NCT05032196
0001104659-24-074545,0001720893,2024-06-25,"BioXcel Therapeutics, Inc.  (BTAI)  (CIK 0001720893)",tm249625d7_8k.htm,2024-06-25,Nasdaq,BTAI,IGALMI,,agitation associated with bipolar disorders or schizophrenia,,False,
0001213900-24-055436,0001766140,2024-06-25,"Unicycive Therapeutics, Inc.  (UNCY)  (CIK 0001766140)",ea0208437-8k_unicycive.htm,2024-06-25,Nasdaq,UNCY,Oxylanthanum Carbonate (OLC),,hyperphosphatemia in patients with chronic kidney disease,UNI-OLC-201,False,
0001193125-24-167467,0001785530,2024-06-25,"Werewolf Therapeutics, Inc.  (HOWL)  (CIK 0001785530)",d857404d8k.htm,2024-06-25,Nasdaq,HOWL,WTX-330,1,advanced or metastatic solid tumors or non-Hodgkin lymphoma,,False,
0001193125-24-168501,0001160308,2024-06-26,Savara Inc  (SVRA)  (CIK 0001160308),d860197d8k.htm,2024-06-26,Nasdaq,SVRA,molgramostim,3,autoimmune pulmonary alveolar proteinosis,IMPALA-2,False,NCT04544293
0001193125-24-168597,0001806952,2024-06-26,"Lyell Immunopharma, Inc.  (LYEL)  (CIK 0001806952)",d808272d8k.htm,2024-06-26,Nasdaq,LYEL,LYL797,1,solid tumors,,False,NCT05274451
0001213900-24-055919,0001860657,2024-06-26,"Allarity Therapeutics, Inc.  (ALLR)  (CIK 0001860657)",ea020849301ex99-1_allarity.htm,2024-06-25,NASDAQ,ALLR,stenoparib,2,advanced recurrent ovarian cancer,,True,NCT03878849
0001628280-24-030243,0001501697,2024-06-27,"X4 Pharmaceuticals, Inc  (XFOR, XFOWW)  (CIK 0001501697)",a991pressreleasedatedjune2.htm,2024-06-27,Nasdaq,XFOR,mavorixafor,2,chronic neutropenia,,False,NCT04154488;NCT06056297
0001193125-24-169805,0001534133,2024-06-27,"CalciMedica, Inc.  (CALC)  (CIK 0001534133)",d124614d8k.htm,2024-06-27,Nasdaq,CALC,Auxora,2b,acute pancreatitis,CARPO,False,NCT04195347;NCT04345614;NCT04681066;NCT06374797
0001140361-24-031563,0001601485,2024-06-27,"Elicio Therapeutics, Inc.  (ELTX)  (CIK 0001601485)",ny20031755x2_8k.htm,2024-06-27,Nasdaq,ELTX,ELI-002 7P,1a,pancreatic ductal adenocarcinoma,AMPLIFY-7P,False,NCT04853017;NCT05726864
0001104659-24-076382,0001509261,2024-06-28,"Rezolute, Inc.  (RZLT)  (CIK 0001509261)",tm2418270d2_ex99-1.htm,2024-05-21,,,RZ402,2,Diabetic Macular Edema,RZ402-201,False,
0000950170-24-079290,0001394319,2024-07-01,"Tracon Pharmaceuticals, Inc.  (TCON)  (CIK 0001394319)",tcon-20240701.htm,2024-07-01,Nasdaq,TCON,envafolimab,2,sarcoma subtypes of undifferentiated pleomorphic sarcoma (UPS) and myxofibrosarcoma (MFS),ENVASARC,False,
0001193125-24-172762,0001580063,2024-07-01,"BIORA THERAPEUTICS, INC.  (BIOR)  (CIK 0001580063)",d821796d8k.htm,2024-07-01,Nasdaq,BIOR,BT-600,1,ulcerative colitis,,False,NCT06275464
0001628280-24-030546,0001636651,2024-07-01,Ovid Therapeutics Inc.  (OVID)  (CIK 0001636651),ovid-20240701.htm,2024-07-01,Nasdaq,OVID,OV888/GV101,1,cerebral cavernous malformations,,False,
0001140361-24-032080,0001453687,2024-07-02,"Cartesian Therapeutics, Inc.  (RNAC)  (CIK 0001453687)",ef20031962_8k.htm,2024-07-02,Nasdaq,RNAC,Descartes-08,2b,generalized myasthenia gravis,,False,
0001104659-24-077093,0001477845,2024-07-02,"Annovis Bio, Inc.  (ANVS)  (CIK 0001477845)",tm2418712d1_ex99-1.htm,2024-07-02,NYSE,ANVS,buntanetap,3,Parkinson’s disease,,False,
0001140361-24-032333,0001104506,2024-07-03,INSMED Inc  (INSM)  (CIK 0001104506),ef20031846_ex99-1.htm,2024-07-03,Nasdaq,INSM,brensocatib,3,non-cystic fibrosis bronchiectasis,ASPEN,True,
0001437749-24-022267,0000925741,2024-07-08,"BioCardia, Inc.  (BCDA)  (CIK 0000925741)",ex_695818.htm,2024-07-08,Nasdaq,BCDA,ProtheraCytes,2,acute myocardial infarction,EXCELLENT,False,
0001193125-24-175867,0001676725,2024-07-08,"IDEAYA Biosciences, Inc.  (IDYA)  (CIK 0001676725)",d587447d8k.htm,2024-07-08,Nasdaq,IDYA,IDE397,2,MTAP-deletion urothelial cancer and non-small cell lung cancer,,False,NCT04794699;NCT05975073
0001193125-24-175915,0001888012,2024-07-08,"HilleVax, Inc.  (HLVX)  (CIK 0001888012)",d574834d8k.htm,2024-07-08,Nasdaq,HLVX,HIL-214,2b,acute gastroenteritis,NEST-IN1,False,
0001104659-24-078451,0001485003,2024-07-09,Carisma Therapeutics Inc.  (CARM)  (CIK 0001485003),tm2419051d1_8k.htm,,,,CT-0508,1,HER2+ solid tumors,,False,
0001558370-24-009696,0001590560,2024-07-09,uniQure N.V.  (QURE)  (CIK 0001590560),qure-20240709x8k.htm,2024-07-09,NASDAQ,QURE,AMT-130,I/II,Huntington’s disease,,True,NCT04120493
0001193125-24-178937,0001746473,2024-07-15,"PLIANT THERAPEUTICS, INC.  (PLRX)  (CIK 0001746473)",d829862d8k.htm,2024-07-15,Nasdaq,PLRX,bexotegrast,2a,primary sclerosing cholangitis,INTEGRIS-PSC,False,NCT04480840
0000950170-24-083386,0001907108,2024-07-15,"Lexeo Therapeutics, Inc.  (LXEO)  (CIK 0001907108)",lxeo-20240715.htm,2024-07-15,Nasdaq,LXEO,LX2006,1/2,Friedreich ataxia cardiomyopathy,SUNRISE-FA,False,NCT05302271;NCT05445323
0001193125-24-180412,0001501756,2024-07-17,"Adverum Biotechnologies, Inc.  (ADVM)  (CIK 0001501756)",d824402d8k.htm,2024-07-17,Nasdaq,ADVM,Ixo-vec,2,wet AMD,LUNA,False,
0001193125-24-179950,0001650648,2024-07-17,"4D Molecular Therapeutics, Inc.  (FDMT)  (CIK 0001650648)",d873208d8k.htm,2024-07-17,Nasdaq,FDMT,4D-150,2,wet AMD,PRISM,False,
0001193125-24-180751,0001580063,2024-07-18,"BIORA THERAPEUTICS, INC.  (BIOR)  (CIK 0001580063)",d873187d8k.htm,2024-07-18,Nasdaq,BIOR,BT-600,1,ulcerative colitis,,False,
0001493152-24-028343,0001610820,2024-07-18,"BriaCell Therapeutics Corp.  (BCTX, BCTXW)  (CIK 0001610820)",ex99-1.htm,2024-07-18,Nasdaq,BCTX,Bria-IMT,2,metastatic breast cancer,,True,
0001104659-24-081680,0001279704,2024-07-23,"Cellectar Biosciences, Inc.  (CLRB)  (CIK 0001279704)",tm2419979d1_8k.htm,2024-07-23,NASDAQ,CLRB,iopofosine I 131,,Waldenstrom’s macroglobulinemia,CLOVER WaM,False,
0001104659-24-081721,0001585608,2024-07-23,"Jaguar Health, Inc.  (JAGX)  (CIK 0001585608)",tm2419925d1_ex99-1.htm,2024-07-23,Nasdaq,JAGX,crofelemer,3,diarrhea in adult cancer patients with solid tumors receiving targeted therapy,OnTarget,False,
0001628280-24-032815,0001001233,2024-07-24,"SANGAMO THERAPEUTICS, INC  (SGMO)  (CIK 0001001233)",exhibit-991072424.htm,2024-07-24,Nasdaq,SGMO,giroctocogene fitelparvovec,3,hemophilia A,AFFINE,False,NCT03587116;NCT04370054
0001493152-24-028870,0001106838,2024-07-24,"Sonnet BioTherapeutics Holdings, Inc.  (SONN)  (CIK 0001106838)",ex99-1.htm,2024-07-24,Nasdaq,SONN,SON-080,1b,Chemotherapy-Induced Peripheral Neuropathy (CIPN),SB211,True,NCT05435742
0001193125-24-183284,0001597553,2024-07-24,"Sage Therapeutics, Inc.  (SAGE)  (CIK 0001597553)",d783653d8k.htm,2024-07-24,Nasdaq,Sage,SAGE-324 (BIIB124),2,essential tremor,KINETIC 2,False,
0001193125-24-183318,0001827087,2024-07-24,"Vigil Neuroscience, Inc.  (VIGL)  (CIK 0001827087)",d875446d8k.htm,2024-07-24,Nasdaq,VIGL,VG-3927,1,Alzheimer’s disease,,False,
0001628280-24-032917,0001398733,2024-07-25,"Aquestive Therapeutics, Inc.  (AQST)  (CIK 0001398733)",aqst-selfadministrations.htm,2024-07-25,Nasdaq,AQST,Anaphylm™,,"severe life-threatening allergic reactions, including anaphylaxis",,False,
0001654954-24-009490,0000725363,2024-07-26,CEL SCI CORP  (CVM)  (CIK 0000725363),cvm_8k.htm,2024-07-26,NYSE American,CVM,Multikine,3,head and neck cancer,,False,
0001558370-24-010223,0001374339,2024-07-26,ProMIS Neurosciences Inc.  (PMN)  (CIK 0001374339),pmn-20240726x8k.htm,2024-07-26,Nasdaq,PMN,PMN310,1a,Alzheimer’s disease,,False,NCT06105528
0001193125-24-186747,0001936258,2024-07-29,"NewAmsterdam Pharma Co N.V.  (NAMS, NAMSW)  (CIK 0001936258)",d660026d8k.htm,2024-07-29,Nasdaq,NAMS,obicetrapib,3,heterozygous familial hypercholesterolemia,BROOKLYN,False,NCT05425745
0001493152-24-029517,0000749647,2024-07-30,"Imunon, Inc.  (IMNN)  (CIK 0000749647)",ex99-1.htm,2024-07-30,NASDAQ,IMNN,IMNN-001,2,advanced ovarian cancer,OVATION 2,False,
0001013762-24-002270,0001690080,2024-07-30,"180 Life Sciences Corp.  (ATNF, ATNFW)  (CIK 0001690080)",ea0210232-8k_180lifesci.htm,2024-07-30,NASDAQ,ATNF,CBD,,epilepsy,Study,False,
0001193125-24-188977,0001835597,2024-07-30,PepGen Inc.  (PEPG)  (CIK 0001835597),d879173d8k.htm,2024-07-30,Nasdaq,PEPG,PGN-EDO51,2,Duchenne muscular dystrophy,CONNECT1-EDO51,False,
0001193125-24-189569,0001205922,2024-07-31,"VACCINEX, INC.  (VCNX)  (CIK 0001205922)",d858316d8k.htm,2024-07-31,Nasdaq,VCNX,pepinemab,1b/2,Alzheimer’s disease,SIGNAL-AD,False,NCT02481674;NCT04381468
0001818382-24-000146,0001818382,2024-07-31,"Humacyte, Inc.  (HUMA, HUMAW)  (CIK 0001818382)",huma-20240731.htm,2024-07-31,Nasdaq,HUMA,Acellular Tissue Engineered Vessel (ATEV™),3,end-stage renal disease,V007,False,NCT03183245
0001437749-24-024329,0001053691,2024-08-01,CervoMed Inc.  (CRVO)  (CIK 0001053691),ex_707066.htm,2024-07-29,NASDAQ,CRVO,neflamapimod,2a,dementia with Lewy bodies,AscenD-LB,True,
0001193125-24-193404,0001528115,2024-08-05,"Annexon, Inc.  (ANNX)  (CIK 0001528115)",d833325dex991.htm,2024-08-05,Nasdaq,ANNX,ANX007,3,geographic atrophy,ARCHER II,False,
0001213900-24-065375,0001733413,2024-08-06,"TFF Pharmaceuticals, Inc.  (TFFP)  (CIK 0001733413)",ea021067901ex99-1_tffpharma.htm,2024-08-06,NASDAQ,TFFP,Tacrolimus Inhalation Powder (TFF TAC),2,lung transplant rejection,,False,
0001193125-24-196465,0001492422,2024-08-08,"Apellis Pharmaceuticals, Inc.  (APLS)  (CIK 0001492422)",d848612d8k.htm,2024-08-08,Nasdaq Global Select Market,APLS,pegcetacoplan,3,C3 glomerulopathy (C3G) or primary immune complex membranoproliferative glomerulonephritis (IC-MPGN),VALIANT,False,
0001193125-24-197047,0001880438,2024-08-08,"AN2 Therapeutics, Inc.  (ANTX)  (CIK 0001880438)",d865374d8k.htm,2024-08-08,Nasdaq,ANTX,epetraborole,2/3,treatment-refractory Mycobacterium avium Complex (MAC) lung disease,EBO-301,False,
0001599901-24-000135,0001599901,2024-08-09,"Avidity Biosciences, Inc.  (RNA)  (CIK 0001599901)",finalavidityvol10aoc1044.htm,2024-08-09,NASDAQ,RNA,"delpacibart zotadirsen (del-zota, formerly AOC 1044)",1/2,Duchenne Muscular Dystrophy (DMD),EXPLORE44,False,
0001999371-24-009889,0001430306,2024-08-12,Tonix Pharmaceuticals Holding Corp.  (TNXP)  (CIK 0001430306),ex99-01.htm,2024-08-12,Nasdaq,TNXP,TNX-102 SL,3,fibromyalgia,RESILIENT,False,
0001193125-24-198969,0001556263,2024-08-12,"Syros Pharmaceuticals, Inc.  (SYRS)  (CIK 0001556263)",d883084d8k.htm,2024-08-12,NASDAQ,SYRS,tamibarotene,2,acute myeloid leukemia,SELECT-AML-1,False,
0001193125-24-198411,0001740279,2024-08-12,"IN8BIO, INC.  (INAB)  (CIK 0001740279)",d801512d8k.htm,2024-08-12,Nasdaq,INAB,INB-100,1,hematological malignancies,,True,
0001193125-24-200272,0001205922,2024-08-14,"VACCINEX, INC.  (VCNX)  (CIK 0001205922)",d838109dex991.htm,2024-08-14,Nasdaq,VCNX,pepinemab,1b/2,Alzheimer’s disease,SIGNAL-AD,True,
0001437749-24-026563,0001645469,2024-08-14,Monopar Therapeutics  (MNPR)  (CIK 0001645469),ex_712879.htm,2024-08-14,Nasdaq,MNPR,MNPR-101-Zr,1,cancer,,False,NCT06337084
0001140361-24-037428,0001010086,2024-08-15,SIGA TECHNOLOGIES INC  (SIGA)  (CIK 0001010086),ef20034039_8k.htm,2024-08-15,GLOBE NEWSWIRE,,tecovirimat,,mpox,PALM 007,False,NCT05559099
0001558370-24-012413,0001133818,2024-08-21,"BIO-PATH HOLDINGS, INC.  (BPTH)  (CIK 0001133818)",bpth-20240821xex99d1.htm,2024-08-21,Nasdaq,BPTH,BP1001-A,1/1b,solid tumors,,False,
0001213900-24-072570,0001840563,2024-08-26,Elevai Labs Inc.  (ELAB)  (CIK 0001840563),ea021239701ex99-1_elevailab.htm,2024-08-26,Nasdaq,ELAB,Elevai Enfinity,,facial photoaging,,False,
0001193125-24-207466,0001832038,2024-08-27,"Invivyd, Inc.  (IVVD)  (CIK 0001832038)",d890200dex991.htm,2024-08-27,Nasdaq,IVVD,pemivibart,3,COVID-19,CANOPY,False,
0000914475-24-000199,0000914475,2024-08-28,NEUROCRINE BIOSCIENCES INC  (NBIX)  (CIK 0000914475),nbix-20240828.htm,2024-08-28,Nasdaq,NBIX,NBI-1117568,2,schizophrenia,NBI-’568-SCZ2028,False,
0001711279-24-000045,0001711279,2024-08-28,"Krystal Biotech, Inc.  (KRYS)  (CIK 0001711279)",exhibit991.htm,2024-08-28,Nasdaq,KRYS,KB301,1,lateral canthal lines and dynamic wrinkles of the décolleté,PEARL-1,False,NCT04540900
0001839882-24-027198,0001430306,2024-08-29,Tonix Pharmaceuticals Holding Corp.  (TNXP)  (CIK 0001430306),ex99-01.htm,2024-08-29,Nasdaq,TNXP,TNX-102 SL,2,acute stress reaction and posttraumatic stress disorder,OASIS,False,
0000950170-24-102788,0001620463,2024-09-03,"Athira Pharma, Inc.  (ATHA)  (CIK 0001620463)",atha-20240903.htm,2024-09-03,NASDAQ,ATHA,fosgonimeton,2/3,mild-to-moderate Alzheimer’s disease,LIFT-AD,False,NCT04488419
0001193125-24-211572,0001649094,2024-09-03,"Vaxcyte, Inc.  (PCVX)  (CIK 0001649094)",d813919d8k.htm,2024-09-03,Nasdaq,PCVX,VAX-31,1/2,invasive pneumococcal disease,,False,NCT06151288
0001104659-24-096035,0001689548,2024-09-03,"Praxis Precision Medicines, Inc.  (PRAX)  (CIK 0001689548)",tm2423220d1_8k.htm,2024-09-03,,,relutrigine,2,early onset SCN2A-DEE or SCN8A-DEE,EMBOLD,False,
0001193125-24-211534,0001818794,2024-09-03,"Dyne Therapeutics, Inc.  (DYN)  (CIK 0001818794)",d786894d8k.htm,2024-09-03,Nasdaq,DYN,DYNE-251,1/2,Duchenne muscular dystrophy,DELIVER,False,NCT05524883
0001193125-24-213668,0001556263,2024-09-05,"Syros Pharmaceuticals, Inc.  (SYRS)  (CIK 0001556263)",d857694dex991.htm,2024-09-04,,,Tamibarotene,2,AML,SELECT-AML-1,False,NCT04905407
0001193125-24-214186,0001817229,2024-09-05,Vor Biopharma Inc.  (VOR)  (CIK 0001817229),d867599d8k.htm,2024-09-05,Nasdaq,VOR,trem-cel,1/2,AML,VBP101,True,
0001438533-24-000035,0001438533,2024-09-06,"Travere Therapeutics, Inc.  (TVTX)  (CIK 0001438533)",tvtx-20240905.htm,2024-09-05,Nasdaq,TVTX,FILSPARI,3,Immunoglobulin A nephropathy,PROTECT Study,True,
0001326732-24-000046,0001326732,2024-09-09,Xencor Inc  (XNCR)  (CIK 0001326732),xencorstrategycallandsep.htm,2024-09-09,NASDAQ,XNCR,XmAb819,1,clear cell renal cell carcinoma,,False,
0001599298-24-000128,0001599298,2024-09-09,Summit Therapeutics Inc.  (SMMT)  (CIK 0001599298),a2024_prx0908xwclcharmon.htm,2024-09-08,Nasdaq,SMMT,ivonescimab,3,NSCLC,HARMONi-2,False,
0001140361-24-040507,0001635088,2024-09-09,Roivant Sciences Ltd.  (ROIV)  (CIK 0001635088),ef20035648_ex99-1.htm,2024-09-09,Nasdaq,IMVT,batoclimab,2a,Graves’ Disease,,True,
0001764013-24-000162,0001764013,2024-09-09,"Immunovant, Inc.  (IMVT)  (CIK 0001764013)",exhibit99120240909.htm,2024-09-09,Nasdaq,IMVT,batoclimab,2a,Graves’ Disease,,True,
0000950170-24-104557,0001812364,2024-09-09,"Relay Therapeutics, Inc.  (RLAY)  (CIK 0001812364)",rlay-20240909.htm,2024-09-09,Nasdaq,RLAY,RLY-2608,,"PI3Kα-mutated, HR+/HER2- metastatic breast cancer",ReDiscover,False,
0000950170-24-104550,0001831363,2024-09-09,"Terns Pharmaceuticals, Inc.  (TERN)  (CIK 0001831363)",tern-20240909.htm,2024-09-09,Nasdaq,TERN,TERN-601,1,obesity,,False,
0001104659-24-098059,0001868279,2024-09-09,"ArriVent BioPharma, Inc.  (AVBP)  (CIK 0001868279)",tm2423588d1_8k.htm,2024-09-09,Nasdaq,AVBP,firmonertinib,1b,non-small cell lung cancer,FURTHER,False,NCT05364073;NCT05607550
0001140361-24-040650,0001635088,2024-09-10,Roivant Sciences Ltd.  (ROIV)  (CIK 0001635088),ef20035693_ex99-1.htm,2024-09-10,Nasdaq,ROIV,mosliciguat,1b,pulmonary hypertension,ATMOS,False,
0000950170-24-104915,0001720580,2024-09-10,"Adicet Bio, Inc.  (ACET)  (CIK 0001720580)",acet-20240910.htm,2024-09-10,Nasdaq,ACET,ADI-001,1,mantle cell lymphoma,,False,
0001193125-24-216320,0001847903,2024-09-10,Centessa Pharmaceuticals plc  (CNTA)  (CIK 0001847903),d857057d8k.htm,2024-09-10,Nasdaq,CNTA,ORX750,1,acutely sleep-deprived,,False,
0001493152-24-035737,0001610820,2024-09-11,"BriaCell Therapeutics Corp.  (BCTX, BCTXW)  (CIK 0001610820)",ex99-3.htm,2024-09-11,Nasdaq,BCTX,Bria-IMT™,2,metastatic breast cancer,,True,NCT06072612
0001140361-24-040755,0001743881,2024-09-11,"BridgeBio Pharma, Inc.  (BBIO)  (CIK 0001743881)",ef20035749_8k.htm,2024-09-10,Nasdaq,BBIO,BBP-631,1/2,congenital adrenal hyperplasia (CAH),ADventure,False,
0000950170-24-105987,0001260990,2024-09-12,"Oncternal Therapeutics, Inc.  (ONCT)  (CIK 0001260990)",onct-20240911.htm,2024-09-12,Nasdaq,ONCT,ONCT-534 and ONCT-808,1,metastatic castration resistant cancer and aggressive B-cell lymphoma,,False,
0001193125-24-217619,0001501796,2024-09-12,"Aura Biosciences, Inc.  (AURA)  (CIK 0001501796)",d886516d8k.htm,2024-09-12,NASDAQ,AURA,bel-sar (AU-011),2,early-stage choroidal melanoma (CM),,False,NCT04417530
0001104659-24-099121,0001566044,2024-09-12,VYNE Therapeutics Inc.  (VYNE)  (CIK 0001566044),tm2423851d1_ex99-1.htm,2024-09-12,Nasdaq,VYNE,VYN202,1a,psoriasis and rheumatoid arthritis,,False,
0001437749-24-029012,0001645469,2024-09-12,Monopar Therapeutics  (MNPR)  (CIK 0001645469),ex_723316.htm,2024-09-12,Nasdaq,MNPR,MNPR-101-Zr,1,advanced cancers,,False,NCT06337084
0001193125-24-217822,0001680581,2024-09-12,"Fulcrum Therapeutics, Inc.  (FULC)  (CIK 0001680581)",d844807d8k.htm,2024-09-12,Nasdaq,FULC,losmapimod,3,Facioscapulohumeral Muscular Dystrophy (FSHD),REACH,False,NCT05397470
0001682852-24-000049,0001682852,2024-09-12,"Moderna, Inc.  (MRNA)  (CIK 0001682852)",exhibit991-09122024.htm,2024-09-12,NASDAQ,MRNA,,3,"RSV, flu, COVID-19",,False,
0001790340-24-000069,0001790340,2024-09-12,Immuneering Corp  (IMRX)  (CIK 0001790340),imrx-20240912.htm,2024-09-12,The Nasdaq Global Market,IMRX,IMM-1-104,2a,pancreatic cancer,,False,
0000950170-24-106362,0001678660,2024-09-13,Prelude Therapeutics Inc  (PRLD)  (CIK 0001678660),prld-20240913.htm,2024-09-13,Nasdaq,PRLD,PRT3789,1,SMARCA4-mutated non-small cell lung cancer (NSCLC) and esophageal cancer,,False,
0001125345-24-000151,0001125345,2024-09-16,MACROGENICS INC  (MGNX)  (CIK 0001125345),exhibit991phase2tamarackes.htm,2024-09-15,NASDAQ,MGNX,vobramitamab duocarmazine (vobra duo),2,metastatic castration-resistant prostate cancer (mCRPC),TAMARACK,False,
0001279569-24-001116,0001633932,2024-09-16,ESSA Pharma Inc.  (EPIX)  (CIK 0001633932),ex991.htm,2024-09-13,Nasdaq,EPIX,masofaniten,1/2,prostate cancer,,False,NCT04421222;NCT05075577
0000950170-24-106614,0001671584,2024-09-16,Aptevo Therapeutics Inc.  (APVO)  (CIK 0001671584),apvo-20240916.htm,2024-09-16,Nasdaq,APVO,ALG.APV-527,1,solid tumors,,False,
0001140361-24-041100,0001671927,2024-09-16,Immunocore Holdings plc  (IMCR)  (CIK 0001671927),ef20035872_8k.htm,2024-09-14,Nasdaq,IMCR,brenetafusp,1,ovarian cancer,,False,
0001193125-24-219180,0001781174,2024-09-16,"Acrivon Therapeutics, Inc.  (ACRV)  (CIK 0001781174)",d355136d8k.htm,2024-09-14,Nasdaq,ACRV,ACR-368,2,endometrial cancer,,False,
0001558370-24-012793,0001787297,2024-09-16,"Passage BIO, Inc.  (PASG)  (CIK 0001787297)",pasg-20240916xex99d1.htm,2024-09-16,Nasdaq,PASG,PBFT02,1/2,frontotemporal dementia,upliFT-D,False,NCT04747431
0000950170-24-106606,0001808865,2024-09-16,"iTeos Therapeutics, Inc.  (ITOS)  (CIK 0001808865)",itos-20240914.htm,2024-09-14,Nasdaq,ITOS,belrestotug + dostarlimab,2,non-small cell lung cancer,GALAXIES Lung-201,True,
0001193125-24-219153,0001861560,2024-09-16,"Nuvalent, Inc.  (NUVL)  (CIK 0001861560)",d862522dex991.htm,2024-09-14,Nasdaq,NUVL,zidesamtinib and NVL-655,1,non-small cell lung cancer,ARROS-1 and ALKOVE-1,True,NCT05118789;NCT05384626
0001654954-24-011975,0000725363,2024-09-17,CEL SCI CORP  (CVM)  (CIK 0000725363),cvm_ex99.htm,2024-09-16,NYSE American,CVM,Multikine,3,head and neck cancer,,True,
0001213900-24-079445,0001711754,2024-09-17,"Inmune Bio, Inc.  (INMB)  (CIK 0001711754)",ea021485201ex99-1_inmune.htm,2024-09-17,NASDAQ,INMB,,2,Alzheimer’s Disease,AD02,True,
0001213900-24-079165,0001860657,2024-09-17,"Allarity Therapeutics, Inc.  (ALLR)  (CIK 0001860657)",ea021470501ex99-1_allarity.htm,2024-09-16,NASDAQ,ALLR,stenoparib,2,ovarian cancer,,False,NCT03878849
0001193125-24-221375,0001650648,2024-09-18,"4D Molecular Therapeutics, Inc.  (FDMT)  (CIK 0001650648)",d865019d8k.htm,2024-09-18,Nasdaq,FDMT,4D-150,1/2,wet age-related macular degeneration,PRISM,False,
0001193125-24-222189,0001681087,2024-09-19,"Tectonic Therapeutic, Inc.  (TECX)  (CIK 0001681087)",d667336dex991.htm,2024-09-19,Nasdaq,TECX,TX45,1a,Group 2 Pulmonary Hypertension in Heart Failure with Preserved Ejection Fraction,,True,
0000950170-24-107988,0001720580,2024-09-19,"Adicet Bio, Inc.  (ACET)  (CIK 0001720580)",acet-20240919.htm,2024-09-19,Nasdaq,ACET,ADI-001,1,autoimmune diseases,GLEAN,False,
0001104659-24-101202,0001761612,2024-09-19,BICYCLE THERAPEUTICS PLC  (BCYC)  (CIK 0001761612),tm2424162d1_ex99-1.htm,2024-09-14,Nasdaq,BCYC,zelenectide pevedotin,1/2,metastatic urothelial cancer,Duravelo-1,True,
0000950170-24-108629,0001426800,2024-09-23,"ASSEMBLY BIOSCIENCES, INC.  (ASMB)  (CIK 0001426800)",asmb-20240923.htm,2024-09-23,Nasdaq,ASMB,ABI-5366,1a,recurrent genital herpes,ABI-5366-101,False,NCT06385327
0001193125-24-223230,0001676725,2024-09-23,"IDEAYA Biosciences, Inc.  (IDYA)  (CIK 0001676725)",d884691d8k.htm,2024-09-23,Nasdaq,IDYA,darovasertib,2,uveal melanoma,IDE196-009,False,NCT05187884;NCT05907954
0001104659-24-101874,0001701541,2024-09-23,"Black Diamond Therapeutics, Inc.  (BDTX)  (CIK 0001701541)",tm2424526d1_8k.htm,2024-09-23,Nasdaq,BDTX,BDTX-1535,2,EGFR-mutant non-small cell lung cancer,,False,NCT05256290;NCT06072586
0001935979-24-000073,0001935979,2024-09-23,Biohaven Ltd.  (BHVN)  (CIK 0001935979),bhvn-20240923.htm,2024-09-23,NYSE,BHVN,troriluzole,3,Spinocerebellar Ataxia (SCA),BHV4157-206-RWE,False,NCT06529146
0001193125-24-224116,0001631574,2024-09-24,Wave Life Sciences Ltd.  (WVE)  (CIK 0001631574),d876211d8k.htm,2024-09-24,Nasdaq,WVE,WVE-N531,2,Duchenne muscular dystrophy,FORWARD-53,False,
0001178913-24-003126,0002022416,2024-09-24,"Silexion Therapeutics Corp  (SLXN, SLXNW)  (CIK 0002022416)",exhibit_99-1.htm,2024-09-24,NASDAQ,SLXN,LODER,2,non-resectable locally advanced pancreatic cancer,,True,
0001437749-24-029936,0000946486,2024-09-25,"WINDTREE THERAPEUTICS INC /DE/  (WINT, WINTW)  (CIK 0000946486)",ex_727011.htm,2024-09-25,NasdaqCM,WINT,istaroxime,2b,early cardiogenic shock,SEISMiC Extension Study,False,
0001213900-24-081982,0001841330,2024-09-26,"Pasithea Therapeutics Corp.  (KTTA, KTTAW)  (CIK 0001841330)",ea0215731-8k_pasithea.htm,2024-09-26,Nasdaq,KTTA,PAS-004,1,advanced solid tumors,,False,NCT06299839
0000950170-24-109463,0001980845,2024-09-26,"enGene Holdings Inc.  (ENGN, ENGNW)  (CIK 0001980845)",engn-20240926.htm,2024-09-26,Nasdaq,ENGN,detalimogene voraplasmid,,"high-risk, Bacillus Calmette-Guérin (BCG)-unresponsive, non-muscle invasive bladder cancer (NMIBC) with carcinoma in situ (Cis)",LEGEND,False,
0000950170-24-109998,0001810560,2024-09-27,"REVELATION BIOSCIENCES, INC.  (REVB, REVBW)  (CIK 0001810560)",revb-ex99_1.htm,2024-09-24,NASDAQ,REVB,Gemini,1,acute kidney injury,,True,
0001437749-24-030219,0000946486,2024-09-30,"WINDTREE THERAPEUTICS INC /DE/  (WINT, WINTW)  (CIK 0000946486)",ex_728287.htm,2024-09-30,NasdaqCM,WINT,istaroxime,2b,heart failure in early cardiogenic shock,SEISMiC,True,
0001193125-24-228441,0001661460,2024-09-30,"Poseida Therapeutics, Inc.  (PSTX)  (CIK 0001661460)",d718563d8k.htm,2024-09-27,Nasdaq,PSTX,P-BCMA-ALLO1,1,relapsed/refractory multiple myeloma,,False,
0001493152-24-039016,0001610820,2024-10-01,"BriaCell Therapeutics Corp.  (BCTX, BCTXW)  (CIK 0001610820)",ex99-1.htm,2024-10-01,Nasdaq,BCTX,Bria-IMT™,2,metastatic breast cancer,,False,
0001193125-24-229255,0001656634,2024-10-01,"Gritstone bio, Inc.  (GRTS)  (CIK 0001656634)",d892677d8k.htm,2024-09-30,Nasdaq,GRTS,GRANITE (GRTC901/GRT-R902),2,metastatic microsatellite stable colorectal cancer,,False,
0001193125-24-229480,0001680367,2024-10-01,"Shattuck Labs, Inc.  (STTK)  (CIK 0001680367)",d845252dex991.htm,2024-10-01,Nasdaq,STTK,SL-172154,1b,TP53 mutant acute myeloid leukemia and higher-risk myelodysplastic syndromes,,True,
0001140361-24-042537,0001472091,2024-10-02,PDS Biotechnology Corp  (PDSB)  (CIK 0001472091),ef20036539_ex99-1.htm,2024-10-02,Nasdaq,PDSB,Versamune® HPV,2,locally advanced cervical cancer,IMMUNOCERV,False,NCT04580771
0001104659-24-106461,0001727196,2024-10-07,Scholar Rock Holding Corp  (SRRK)  (CIK 0001727196),tm2425688d7_8k.htm,2024-10-07,NASDAQ,SRRK,apitegromab,3,spinal muscular atrophy,SAPPHIRE,False,NCT05156320
0001193125-24-233797,0001796129,2024-10-07,"Vincerx Pharma, Inc.  (VINC)  (CIK 0001796129)",d862040d8k.htm,2024-10-07,Nasdaq,Vincerx,VIP943,1,"acute myeloid leukemia (AML), higher-risk myelodysplastic syndrome (HR-MDS), and B-cell acute lymphoblastic leukemia (B-ALL)",,False,
0001193125-24-234111,0001597553,2024-10-08,"Sage Therapeutics, Inc.  (SAGE)  (CIK 0001597553)",d833930d8k.htm,2024-10-08,Nasdaq,SAGE,dalzanemdor (SAGE-718),2,mild cognitive impairment (MCI) or mild dementia due to Alzheimer’s Disease (AD),LIGHTWAVE,False,
0001493152-24-040651,0001535955,2024-10-10,Lipocine Inc.  (LPCN)  (CIK 0001535955),ex99-1.htm,2024-10-10,NASDAQ,LPCN,oral brexanolone,1,post-partum depression (PPD),,False,
0000950170-24-114047,0001564824,2024-10-10,Allakos Inc.  (ALLK)  (CIK 0001564824),allk-20241010.htm,2024-10-10,Nasdaq,ALLK,AK006,1,mast cell-driven diseases,,True,NCT06072157
0001558370-24-013273,0001735438,2024-10-15,MeiraGTx Holdings plc  (MGTX)  (CIK 0001735438),mgtx-20241015x8k.htm,2024-10-15,Nasdaq,MGTX,AAV-GAD,,Parkinson’s disease,MGT-GAD-025,False,NCT05894343
0001213900-24-087394,0001788028,2024-10-15,"Jasper Therapeutics, Inc.  (JSPR, JSPRW)  (CIK 0001788028)",ea0217519-8k_jasper.htm,2024-10-14,Nasdaq,JSPR,briquilimab,1b/2a,chronic inducible urticaria,SPOTLIGHT,False,
0001193125-24-237227,0001808898,2024-10-15,Benitec Biopharma Inc.  (BNTC)  (CIK 0001808898),d863953dex991.htm,2024-10-12,NASDAQ,BNTC,BB-301,1b/2a,Oculopharyngeal Muscular Dystrophy,,False,NCT06185673
0001193125-24-237869,0001631574,2024-10-16,Wave Life Sciences Ltd.  (WVE)  (CIK 0001631574),d890226dex991.htm,2024-10-16,Nasdaq,WVE,WVE-006,1b/2a,alpha-1 antitrypsin deficiency,RestorAATion-2,False,
0001356576-24-000058,0001356576,2024-10-17,"SUPERNUS PHARMACEUTICALS, INC.  (SUPN)  (CIK 0001356576)",ex-991xsupnspnx820phase2ar.htm,2024-10-17,Nasdaq,SUPN,SPN-820,2a,major depressive disorder,,False,
0001104659-24-109439,0001526119,2024-10-17,"Verastem, Inc.  (VSTM)  (CIK 0001526119)",tm2426322d1_ex99-1.htm,,,,Avutometinib ± Defactinib,2,recurrent low-grade serous ovarian cancer,RAMP 201,False,NCT03875820;NCT04625270
0001193125-24-238572,0001658551,2024-10-17,"Amylyx Pharmaceuticals, Inc.  (AMLX)  (CIK 0001658551)",d858945d8k.htm,2024-10-17,Nasdaq,AMLX,AMX0035,2,Wolfram syndrome,HELIOS,False,
0001193125-24-240585,0001528115,2024-10-22,"Annexon, Inc.  (ANNX)  (CIK 0001528115)",d849436dex991.htm,2024-10-21,Nasdaq,ANNX,ANX007,2,geographic atrophy (GA) due to dry age-related macular degeneration (AMD),ARCHER,True,
0001437749-24-031684,0001645469,2024-10-22,Monopar Therapeutics  (MNPR)  (CIK 0001645469),ex_735439.htm,2024-10-22,Nasdaq,MNPR,MNPR-101,1a,solid tumors,,False,NCT06337084;NCT06617169
0001193125-24-241092,0001999480,2024-10-22,"Alto Neuroscience, Inc.  (ANRO)  (CIK 0001999480)",d876702d8k.htm,2024-10-22,NYSE,ANRO,ALTO-100,2b,major depressive disorder,,False,
0001558370-24-013486,0001781983,2024-10-23,"Aprea Therapeutics, Inc.  (APRE)  (CIK 0001781983)",apre-20241023xex99d1.htm,2024-10-23,Nasdaq,APRE,APR-1051,1,advanced solid tumors,ACESOT-1051,False,NCT06260514
0001558370-24-013565,0001267813,2024-10-24,"MARINUS PHARMACEUTICALS, INC.  (MRNS)  (CIK 0001267813)",mrns-20241024x8k.htm,2024-10-24,Nasdaq,MRNS,ganaxolone,3,tuberous sclerosis complex,TrustTSC,False,NCT05323734
0001628280-24-043505,0001398733,2024-10-24,"Aquestive Therapeutics, Inc.  (AQST)  (CIK 0001398733)",aqst-20241024.htm,2024-10-24,Nasdaq,AQST,Anaphylm,,oral allergy syndrome,,False,
0000950170-24-116853,0001678660,2024-10-24,Prelude Therapeutics Inc  (PRLD)  (CIK 0001678660),prld-20241024.htm,2024-10-24,Nasdaq,PRLD,PRT3789,1,non-small cell lung cancer,,False,
0000950170-24-117087,0001693011,2024-10-24,"Inozyme Pharma, Inc.  (INZY)  (CIK 0001693011)",inzy-20241024.htm,2024-10-24,Nasdaq,INZY,INZ-701,1,end-stage kidney disease,SEAPORT 1,False,NCT06283589
0000950170-24-116856,0001761918,2024-10-24,"Erasca, Inc.  (ERAS)  (CIK 0001761918)",eras-20241024.htm,2024-10-24,Nasdaq,ERAS,naporafenib plus trametinib,1b,solid tumor malignancies,SEACRAFT-1,False,
0001558370-24-013563,0001787297,2024-10-24,"Passage BIO, Inc.  (PASG)  (CIK 0001787297)",pasg-20241024xex99d1.htm,2024-10-24,Nasdaq,PASG,PBFT02,,frontotemporal dementia with GRN mutations,upliFT-D,False,
0001104659-24-111027,0001974640,2024-10-24,"Apogee Therapeutics, Inc.  (APGE)  (CIK 0001974640)",tm2426705d1_ex99-1.htm,2024-10-24,Nasdaq,APGE,APG777,1,atopic dermatitis,,True,
0001558370-24-013664,0001006281,2024-10-25,"Protalix BioTherapeutics, Inc.  (PLX)  (CIK 0001006281)",plx-20241025x8k.htm,2024-10-25,NYSE American,PLX,PRX-115,1,uncontrolled gout,,False,
0001628280-24-043761,0001398733,2024-10-25,"Aquestive Therapeutics, Inc.  (AQST)  (CIK 0001398733)",aquestivetherapeutics-ac.htm,2024-10-25,NASDAQ,AQST,Anaphylm,,anaphylaxis,,True,
0001193125-24-243413,0001676725,2024-10-25,"IDEAYA Biosciences, Inc.  (IDYA)  (CIK 0001676725)",d898951d8k.htm,2024-10-25,Nasdaq,IDYA,IDE397,1,MTAP-deletion urothelial cancer and non-small cell lung cancer,,False,NCT04794699;NCT05975073
0000950170-24-117318,0001816736,2024-10-25,"Disc Medicine, Inc.  (IRON)  (CIK 0001816736)",iron-20241025.htm,2024-10-25,NASDAQ,IRON,DISC-0974,1b,non-dialysis-dependent chronic kidney disease (NDD-CKD) and anemia,,False,
0001193125-24-243475,0001863127,2024-10-25,"Tyra Biosciences, Inc.  (TYRA)  (CIK 0001863127)",d898462d8k.htm,2024-10-25,Nasdaq,TYRA,TYRA-300,,mUC,SURF301,False,
0001815776-24-000064,0001815776,2024-10-28,"LENZ Therapeutics, Inc.  (LENZ)  (CIK 0001815776)",exhibit991-jixingdataannou.htm,2024-10-27,Nasdaq,LENZ,LNZ100,3,presbyopia,JX07001,False,
0001818382-24-000192,0001818382,2024-10-28,"Humacyte, Inc.  (HUMA, HUMAW)  (CIK 0001818382)",huma-20241028.htm,2024-10-28,Nasdaq,HUMA,ATEV,3,end-stage renal disease,V007,False,NCT03183245
0001193125-24-245704,0001831828,2024-10-28,"Vera Therapeutics, Inc.  (VERA)  (CIK 0001831828)",d891191d8k.htm,2024-10-26,Nasdaq,VERA,atacicept,2b,immunoglobulin A nephropathy (IgAN),ORIGIN,False,NCT04716231
0000950170-24-117578,0001841387,2024-10-28,"Candel Therapeutics, Inc.  (CADL)  (CIK 0001841387)",cadl-20241028.htm,2024-10-28,Nasdaq,CADL,CAN-3110,1b,recurrent high-grade glioma (rHGG),,False,
0001104659-24-112054,0001253689,2024-10-29,GLYCOMIMETICS INC  (GLYC)  (CIK 0001253689),tm2427013d1_8k.htm,2024-10-29,Nasdaq,GLYC,uproleselan,2/3,acute myeloid leukemia,adaptive Phase 2/3 study,False,
0000950170-24-117946,0001404281,2024-10-29,"Eledon Pharmaceuticals, Inc.  (ELDN)  (CIK 0001404281)",eldn-20241029.htm,2024-10-29,NASDAQ,ELDN,tegoprubart,,type 1 diabetes,,False,NCT06305286
0001193125-24-246627,0001701108,2024-10-29,"Spero Therapeutics, Inc.  (SPRO)  (CIK 0001701108)",d889032d8k.htm,2024-10-29,Nasdaq,SPRO,SPR720,2a,Nontuberculous Mycobacterial Pulmonary Disease,,False,NCT05496374;NCT06059846
0001193125-24-246171,0001835022,2024-10-29,"Coya Therapeutics, Inc.  (COYA)  (CIK 0001835022)",d821192d8k.htm,2024-10-29,NASDAQ,COYA,low-dose interleukin-2,2,Alzheimer’s Disease,,False,
0001193125-24-247004,0001534133,2024-10-30,"CalciMedica, Inc.  (CALC)  (CIK 0001534133)",d885957d8k.htm,2024-10-30,Nasdaq,CALC,Auxora,2b,acute pancreatitis,CARPO,False,NCT04195347;NCT04345614;NCT04681066;NCT06374797
0000950170-24-118569,0001907108,2024-10-30,"Lexeo Therapeutics, Inc.  (LXEO)  (CIK 0001907108)",lxeo-20241030.htm,2024-10-30,Nasdaq,LXEO,LX1001,1/2,APOE4-associated Alzheimer’s disease,,False,NCT03634007
0001493152-24-043187,0001858685,2024-10-31,"Biofrontera Inc.  (BFRI, BFRIW)  (CIK 0001858685)",ex99-1.htm,2024-10-31,Nasdaq,BFRI,Ameluz,3,superficial basal cell carcinoma,ALA-BCC-CT013,False,
0001279569-24-001310,0001633932,2024-11-01,ESSA Pharma Inc.  (EPIX)  (CIK 0001633932),ex991.htm,2024-10-31,NASDAQ,EPIX,masofaniten,2,metastatic castration-resistant prostate cancer,,False,NCT05075577
0001437749-24-033168,0001053691,2024-11-04,CervoMed Inc.  (CRVO)  (CIK 0001053691),ex_742707.htm,2024-11-04,NASDAQ,CRVO,neflamapimod,2a,dementia with Lewy bodies,AscenD-LB,True,
0000950170-24-120268,0001488039,2024-11-04,"ATOSSA THERAPEUTICS, INC.  (ATOS)  (CIK 0001488039)",atos-20241104.htm,2024-11-04,Nasdaq,ATOS,(Z)-endoxifen,2,mammographic breast density,KARISMA-Endoxifen,False,
0000950170-24-120267,0001607678,2024-11-04,"Viking Therapeutics, Inc.  (VKTX)  (CIK 0001607678)",vktx-ex99_1.htm,2024-11-04,Nasdaq,VKTX,VK2735,1,obesity,,True,
0001193125-24-250965,0001567514,2024-11-05,"Intra-Cellular Therapies, Inc.  (ITCI)  (CIK 0001567514)",d875236d8k.htm,2024-11-05,Nasdaq,ITCI,lumateperone,3,schizophrenia,Study 304,False,
0000950170-24-121099,0001745999,2024-11-05,Beam Therapeutics Inc.  (BEAM)  (CIK 0001745999),beam-20241105.htm,2024-11-05,Nasdaq,BEAM,BEAM-101,1/2,sickle cell disease,BEACON,False,
0001193125-24-251014,0001786205,2024-11-05,"Arcellx, Inc.  (ACLX)  (CIK 0001786205)",d844485d8k.htm,2024-11-05,NASDAQ,ACLX,anitocabtagene autoleucel,1,relapsed or refractory multiple myeloma,iMMagine-1,False,NCT05396885;NCT06413498
0001683168-24-007713,0001533040,2024-11-07,Phio Pharmaceuticals Corp.  (PHIO)  (CIK 0001533040),phio_8k.htm,2024-11-07,Nasdaq,PHIO,PH-762,1b,"cutaneous squamous carcinoma, Merkel cell carcinoma and melanoma",,False,
0001601485-24-000067,0001601485,2024-11-07,"Elicio Therapeutics, Inc.  (ELTX)  (CIK 0001601485)",sitc_posterxprx11-5x24.htm,2024-11-07,Nasdaq,ELTX,ELI-002,1,mKRAS-driven solid tumors,AMPLIFY-7P,False,NCT04853017;NCT05726864
0001493152-24-044224,0000715446,2024-11-08,Anixa Biosciences Inc  (ANIX)  (CIK 0000715446),ex99-1.htm,2024-11-08,NASDAQ,ANIX,alpha-lactalbumin vaccine,1,triple negative breast cancer,,False,NCT04674306
0000950170-24-123722,0001445283,2024-11-08,"KINETA, INC./DE  (KANT)  (CIK 0001445283)",kant-ex99_1.htm,2024-11-08,OTC Pink,KANT,KVA12123,1/2,advanced solid tumors,VISTA-101,False,
0001493152-24-044218,0001878313,2024-11-08,"MAIA Biotechnology, Inc.  (MAIA)  (CIK 0001878313)",form8-k.htm,2024-11-08,NYSE American,MAIA,THIO,2,advanced non-small cell lung cancer,THIO-101,False,
0000950170-24-124545,0001395937,2024-11-12,Syndax Pharmaceuticals Inc  (SNDX)  (CIK 0001395937),sndx-20241112.htm,2024-11-12,Nasdaq,SNDX,revumenib,2,relapsed or refractory mutant NPM1 acute myeloid leukemia,AUGMENT-101,False,NCT04065399
0001404644-24-000091,0001404644,2024-11-12,Neurogene Inc.  (NGNE)  (CIK 0001404644),a202411_ngn-401interimclin.htm,2024-11-11,Nasdaq,NGNE,NGN-401,1/2,Rett syndrome,,False,
0001213900-24-096268,0001506251,2024-11-12,"Citius Pharmaceuticals, Inc.  (CTXR)  (CIK 0001506251)",ea022067001ex99-1_citius.htm,2024-11-11,Nasdaq,CTXR,pembrolizumab and LYMPHIR,1,recurrent solid tumors,,False,
0000950170-24-124458,0001515673,2024-11-12,Ultragenyx Pharmaceutical Inc.  (RARE)  (CIK 0001515673),rare-20241109.htm,2024-11-09,Nasdaq,RARE,GTX-102,1/2,Angelman syndrome,Aspire,False,
0001628280-24-046860,0001636282,2024-11-12,"Spyre Therapeutics, Inc.  (SYRE)  (CIK 0001636282)",exhibit991-8xkdatarelease.htm,2024-11-12,NASDAQ,SYRE,SPY001,1,inflammatory bowel disease,,False,
0001213900-24-096269,0001851484,2024-11-12,"CITIUS ONCOLOGY, INC.  (CTOR)  (CIK 0001851484)",ea022066601ex99-1_citius.htm,2024-11-11,Nasdaq,CTXR,pembrolizumab and LYMPHIR,1,recurrent solid tumors,,False,
0001628280-24-047433,0001501697,2024-11-13,"X4 Pharmaceuticals, Inc  (XFOR, XFOWW)  (CIK 0001501697)",a991x4fullphase2cnresultsr.htm,2024-11-13,Nasdaq,XFOR,mavorixafor,2,chronic neutropenia,4WARD,False,NCT04154488;NCT06056297
0001193125-24-256586,0001556263,2024-11-13,"Syros Pharmaceuticals, Inc.  (SYRS)  (CIK 0001556263)",d885527d8k.htm,2024-11-12,NASDAQ,SYRS,tamibarotene,3,higher-risk myelodysplastic syndrome,SELECT-MDS-1,False,
0001558370-24-015446,0001621227,2024-11-13,Adaptimmune Therapeutics PLC  (ADAP)  (CIK 0001621227),adap-20241113xex99d1.htm,2024-11-13,NASDAQ,ADAP,lete-cel,2,synovial sarcoma or myxoid/round cell liposarcoma,IGNYTE-ESO,False,NCT03967223
0001171843-24-006400,0001447028,2024-11-15,Arbutus Biopharma Corp  (ABUS)  (CIK 0001447028),exh_991.htm,2024-11-15,Nasdaq,ABUS,imdusiran,2a,chronic hepatitis B virus,IM-PROVE I,False,NCT04980482
0001104659-24-119760,0001682639,2024-11-15,"EYENOVIA, INC.  (EYEN)  (CIK 0001682639)",tm2428238d1_ex99-1.htm,2024-11-15,NASDAQ,EYEN,low-dose atropine,3,pediatric progressive myopia,CHAPERONE,False,
0001828185-24-000089,0001828185,2024-11-15,Barinthus Biotherapeutics plc.  (BRNS)  (CIK 0001828185),brns-20241115.htm,2024-11-15,Nasdaq,ABUS,"imdusiran, VTP-300 and low-dose nivolumab",2a,chronic hepatitis B virus infection,IM-PROVE II,True,
0001140361-24-047166,0001281895,2024-11-18,"ROCKET PHARMACEUTICALS, INC.  (RCKT, RCKTW)  (CIK 0001281895)",ef20038805_8k.htm,2024-11-18,Nasdaq,RCKT,RP-A501,1,Danon disease,,False,
0001104659-24-120165,0001377121,2024-11-18,"Protagonist Therapeutics, Inc  (PTGX)  (CIK 0001377121)",tm2428765d1_8k.htm,2024-11-18,,,icotrokinra (JNJ-2113),3,plaque psoriasis,ICONIC-LEAD and ICONIC-TOTAL,False,NCT06049017;NCT06095102;NCT06095115;NCT06143878;NCT06220604
0001213900-24-099633,0001513525,2024-11-18,"ADIAL PHARMACEUTICALS, INC.  (ADIL)  (CIK 0001513525)",ea022169101ex99-1_adialpharm.htm,2024-11-14,Nasdaq,ADIL,AD04,,Alcohol Use Disorder,AD04-103,False,
0001437749-24-035542,0001659617,2024-11-18,"Moleculin Biotech, Inc.  (MBRX)  (CIK 0001659617)",ex_748830.htm,2024-11-18,Nasdaq,MBRX,Annamycin,,acute myeloid leukemia,MB-106,True,
0001193125-24-260425,0001759138,2024-11-18,"Cabaletta Bio, Inc.  (CABA)  (CIK 0001759138)",d874885d8k.htm,2024-11-01,Nasdaq,CABA,CABA-201,1/2,"systemic lupus erythematosus (SLE), myositis, SSc, and generalized myasthenia gravis (gMG)",RESET,False,NCT06121297;NCT06154252;NCT06328777
0001193125-24-260923,0001936258,2024-11-18,"NewAmsterdam Pharma Co N.V.  (NAMS, NAMSW)  (CIK 0001936258)",d840591d8k.htm,2024-11-18,Nasdaq,NAMS,obicetrapib,3,heterozygous familial hypercholesterolemia,BROOKLYN,True,NCT05425745
0001193125-24-262103,0001597553,2024-11-20,"Sage Therapeutics, Inc.  (SAGE)  (CIK 0001597553)",d873020d8k.htm,2024-11-20,Nasdaq,SAGE,dalzanemdor (SAGE-718),2,cognitive impairment associated with Huntington’s Disease,DIMENSION,False,
0000950170-24-129018,0001671584,2024-11-20,Aptevo Therapeutics Inc.  (APVO)  (CIK 0001671584),apvo-ex99_1.htm,2024-11-20,Nasdaq,APVO,mipletamig,1b/2,Acute Myeloid Leukemia (AML),RAINIER,False,
0001193125-24-262125,0001936258,2024-11-20,"NewAmsterdam Pharma Co N.V.  (NAMS, NAMSW)  (CIK 0001936258)",d868860d8k.htm,2024-11-20,Nasdaq,NAMS,obicetrapib 10 mg and ezetimibe 10 mg,3,ASCVD or ASCVD risk factors and/or HeFH,TANDEM,False,NCT06005597
0001193125-24-262940,0001232524,2024-11-21,Jazz Pharmaceuticals plc  (JAZZ)  (CIK 0001232524),d832756dex991.htm,2024-11-20,Nasdaq,JAZZ,Ziihera (zanidatamab-hrii),2b,biliary tract cancer (BTC),HERIZON-BTC-01,False,NCT06282575
0001193125-24-263398,0001937653,2024-11-21,Zymeworks Inc.  (ZYME)  (CIK 0001937653),d769907dex991.htm,2024-11-21,Nasdaq,ZYME,Ziihera (zanidatamab-hrii),,biliary tract cancer (BTC),HERIZON-BTC-01,False,
0001171843-24-006545,0001069530,2024-11-25,CASSAVA SCIENCES INC  (SAVA)  (CIK 0001069530),exh_991.htm,2024-11-25,NASDAQ,SAVA,simufilam,3,mild-to-moderate Alzheimer’s disease,ReThink-ALZ,False,NCT04994483
0001140361-24-047709,0001126234,2024-11-25,"LUMOS PHARMA, INC.  (LUMO)  (CIK 0001126234)",ef20039175_ex99-1.htm,2024-11-21,NASDAQ,LUMO,LUM-201,2,Pediatric Growth Hormone Deficiency (PGHD),OraGrowtH210 and OraGrowtH212,True,
0000950170-24-130564,0001653087,2024-11-25,"Alector, Inc.  (ALEC)  (CIK 0001653087)",alec-ex99_1.htm,2024-11-25,Nasdaq,ALEC,AL002,2,early Alzheimer’s disease,INVOKE-2,False,NCT04592874
0001193125-24-264714,0001740279,2024-11-25,"IN8BIO, INC.  (INAB)  (CIK 0001740279)",d844601d8k.htm,2024-11-25,Nasdaq,INAB,INB-200,1,glioblastoma,,False,
0000950170-24-130755,0001579428,2024-11-26,"Axsome Therapeutics, Inc.  (AXSM)  (CIK 0001579428)",axsm-ex99_1.htm,2024-11-26,Nasdaq,AXSM,AXS-12,3,narcolepsy with cataplexy,ENCORE,False,
0001104659-24-123554,0001649989,2024-11-27,"Outlook Therapeutics, Inc.  (OTLK)  (CIK 0001649989)",tm2429443d1_8k.htm,2024-11-27,Nasdaq,OTLK,ONS-5010,,wet age-related macular degeneration,NORSE EIGHT,False,NCT06190093
0001193125-24-268404,0001628171,2024-12-02,"Revolution Medicines, Inc.  (RVMD, RVMDW)  (CIK 0001628171)",d169582d8k.htm,2024-12-02,Nasdaq,RVMD,RMC-6236,1,pancreatic ductal adenocarcinoma,RMC-6236-001,False,
0000950170-24-132302,0001817713,2024-12-02,"Janux Therapeutics, Inc.  (JANX)  (CIK 0001817713)",janx-20241202.htm,2024-12-02,Nasdaq,JANX,JANX007,1a,metastatic castration-resistant prostate cancer,,False,
0001140361-24-048114,0001854270,2024-12-02,"Senti Biosciences, Inc.  (SNTI)  (CIK 0001854270)",ef20039399_8k.htm,2024-12-02,Nasdaq,SNTI,SENTI-202,1,acute myeloid leukemia,,False,
0001104659-24-124279,0001974640,2024-12-02,"Apogee Therapeutics, Inc.  (APGE)  (CIK 0001974640)",tm2429855d1_8k.htm,2024-12-02,Nasdaq,APGE,APG808,1,"atopic dermatitis, asthma, chronic obstructive pulmonary disease, eosinophilic esophagitis",,False,
0001453687-24-000143,0001453687,2024-12-03,"Cartesian Therapeutics, Inc.  (RNAC)  (CIK 0001453687)",rnac_dec2024mgupdatex.htm,2024-12-03,,,Descartes-08,2b,myasthenia gravis,,True,
0000950170-24-132883,0001563880,2024-12-03,"Trevi Therapeutics, Inc.  (TRVI)  (CIK 0001563880)",trvi-20241203.htm,2024-12-03,,,oral nalbuphine,,,human abuse potential study,False,
0001140361-24-048238,0001635088,2024-12-03,Roivant Sciences Ltd.  (ROIV)  (CIK 0001635088),ef20039426_8k.htm,2024-12-03,,,namilumab,2,chronic active pulmonary sarcoidosis,RESOLVE-Lung,False,NCT05314517
0000950170-24-132452,0001831363,2024-12-03,"Terns Pharmaceuticals, Inc.  (TERN)  (CIK 0001831363)",tern-20241203.htm,2024-12-03,Nasdaq,TERN,TERN-701,1,chronic myeloid leukemia,CARDINAL,False,
0001140361-24-048293,0001854270,2024-12-03,"Senti Biosciences, Inc.  (SNTI)  (CIK 0001854270)",ef20039439_8k.htm,,,,SNTI-202,1,,,False,NCT06325748
0001213900-24-105245,0001553643,2024-12-04,"RELMADA THERAPEUTICS, INC.  (RLMD)  (CIK 0001553643)",ea022356301ex99-1_relmada.htm,2024-12-04,Nasdaq,RLMD,REL-1017,3,major depressive disorder,Reliance II,False,
0001213900-24-105782,0001359931,2024-12-05,"Protara Therapeutics, Inc.  (TARA)  (CIK 0001359931)",ea0223706-8k_protara.htm,,,,TARA-002,2,NMIBC,ADVANCED-2,False,
0000950170-24-133525,0001826457,2024-12-05,"Monte Rosa Therapeutics, Inc.  (GLUE)  (CIK 0001826457)",glue-20241205.htm,2024-12-05,Nasdaq,GLUE,MRT-2359,1/2,MYC-driven solid tumors,,False,
0001193125-24-271116,0001991792,2024-12-05,"CG Oncology, Inc.  (CGON)  (CIK 0001991792)",d809707d8k.htm,2024-12-05,NASDAQ,CGON,cretostimogene,3,Non-Muscle Invasive Bladder Cancer,BOND-003,False,NCT04452591
0001171843-24-006814,0000882361,2024-12-09,Aptose Biosciences Inc.  (APTO)  (CIK 0000882361),exh_991.htm,2024-12-09,NASDAQ,APTO,tuspetinib,1/2,Acute Myeloid Leukemia,APTIVATE,False,NCT03850574
0001104659-24-126758,0001034842,2024-12-09,RIGEL PHARMACEUTICALS INC  (RIGL)  (CIK 0001034842),tm2430504d1_8k.htm,2024-12-09,Nasdaq,RIGL,R289,1b,lower-risk myelodysplastic syndrome,,False,NCT05308264
0001493152-24-049207,0001106838,2024-12-09,"Sonnet BioTherapeutics Holdings, Inc.  (SONN)  (CIK 0001106838)",ex99-1.htm,2024-12-09,NASDAQ,SONN,SON-1010,1,advanced solid tumors,SB101,False,NCT05352750;NCT05756907
0001193125-24-272936,0001177648,2024-12-09,ENANTA PHARMACEUTICALS INC  (ENTA)  (CIK 0001177648),d706648d8k.htm,2024-12-09,NASDAQ,ENTA,zelicapavir,2,Respiratory Syncytial Virus,,False,
0001213900-24-106646,0001553643,2024-12-09,"RELMADA THERAPEUTICS, INC.  (RLMD)  (CIK 0001553643)",ea022402601ex99-1_relmada.htm,2024-12-09,Nasdaq,RLMD,REL-1017,3,diseases of the central nervous system,Reliance II and Relight,False,
0001193125-24-273467,0001590877,2024-12-09,REGENXBIO Inc.  (RGNX)  (CIK 0001590877),d837203dex991.htm,2024-11-18,Nasdaq,RGNX,RGX-202,1/2,Duchenne muscular dystrophy,AFFINITY DUCHENNE,False,
0001193125-24-273393,0001622229,2024-12-09,"Cogent Biosciences, Inc.  (COGT)  (CIK 0001622229)",d914555d8k.htm,2024-12-08,Nasdaq,COGT,bezuclastinib,2,advanced systemic mastocytosis,APEX,True,
0001628280-24-050349,0001662579,2024-12-09,"C4 Therapeutics, Inc.  (CCCC)  (CIK 0001662579)",c4tdecembercorporatepres.htm,2024-12-08,Nasdaq,CCCC,cemsidomide,1,Multiple Myeloma and Non-Hodgkin’s Lymphoma,,False,NCT04756726
0001193125-24-272860,0001745999,2024-12-09,Beam Therapeutics Inc.  (BEAM)  (CIK 0001745999),d903914d8k.htm,2024-12-07,Nasdaq,BEAM,BEAM-101,1/2,sickle cell disease,BEACON,True,
0001193125-24-272814,0001786205,2024-12-09,"Arcellx, Inc.  (ACLX)  (CIK 0001786205)",d917635d8k.htm,2024-12-08,NASDAQ,ACLX,anitocabtagene autoleucel (anito-cel),2,relapsed or refractory multiple myeloma,iMMagine-1,False,
0001193125-24-272891,0001817229,2024-12-09,Vor Biopharma Inc.  (VOR)  (CIK 0001817229),d818014d8k.htm,2024-12-09,Nasdaq,VOR,trem-cel + Mylotarg,1/2,relapsed/refractory AML,VBP101,False,
0001628280-24-050545,0001001233,2024-12-10,"SANGAMO THERAPEUTICS, INC  (SGMO)  (CIK 0001001233)",a66thamericansocietyofhe.htm,2024-12-07,,,giroctocogene fitelparvovec,3,moderately severe to severe hemophilia A,AFFINE,False,
0001140361-24-048907,0001010086,2024-12-10,SIGA TECHNOLOGIES INC  (SIGA)  (CIK 0001010086),ef20039836_ex99-1.htm,2024-12-10,,,tecovirimat,,mild to moderate clade II mpox,STOMP,False,NCT05534984
0001437749-24-037053,0001053691,2024-12-10,CervoMed Inc.  (CRVO)  (CIK 0001053691),crvo20241209_8k.htm,2024-12-10,NASDAQ Capital Market,CRVO,,2b,dementia with Lewy bodies,RewinD-LB,False,
0000950170-24-134749,0001213037,2024-12-10,"Cardiff Oncology, Inc.  (CRDF)  (CIK 0001213037)",crdf-20241210.htm,2024-12-10,,,onvansertib,2,1st line RAS-mutated mCRC,CRDF-004,False,
0000950170-24-134765,0001382101,2024-12-10,"SUTRO BIOPHARMA, INC.  (STRO)  (CIK 0001382101)",stro-20241210.htm,2024-12-10,NASDAQ,STRO,luveltamab tazevibulin,,platinum-resistant ovarian cancer,REFRαME-O1,False,
0000950170-24-134779,0001488039,2024-12-10,"ATOSSA THERAPEUTICS, INC.  (ATOS)  (CIK 0001488039)",atos-20241210.htm,2024-12-10,Nasdaq,ATOS,(Z)-endoxifen,2,estrogen receptor-positive (ER+)/HER2-negative breast cancer,EVANGELINE,True,
0001549595-24-000160,0001549595,2024-12-10,"Nurix Therapeutics, Inc.  (NRIX)  (CIK 0001549595)",investorwebcastslidedeck.htm,2024-12-09,Nasdaq,NRIX,NX-5948,1a/1b,chronic lymphocytic leukemia or small lymphocytic lymphoma,,True,NCT04830137;NCT05131022
0000950170-24-134757,0001637715,2024-12-10,"OnKure Therapeutics, Inc.  (OKUR)  (CIK 0001637715)",okur-20241210.htm,2024-12-10,NASDAQ,OKUR,OKI-219,,oncology,PIKture-01,False,NCT06239467
0001650664-24-000138,0001650664,2024-12-10,"Editas Medicine, Inc.  (EDIT)  (CIK 0001650664)",edit-20241206.htm,2024-12-09,Nasdaq,,Reni-cel,,Severe Sickle Cell Disease,RUBY,True,
0001655759-24-000140,0001655759,2024-12-10,"ARVINAS, INC.  (ARVN)  (CIK 0001655759)",arvn-20241210.htm,2024-12-10,Nasdaq,ARVN,vepdegestrant,1b,locally advanced or metastatic estrogen receptor positive (ER+)/human epidermal growth factor receptor 2 negative (HER2-) breast cancer,TACTIVE-U,False,NCT05548127;NCT05573555;NCT06125522
0001664710-24-000099,0001664710,2024-12-10,"Keros Therapeutics, Inc.  (KROS)  (CIK 0001664710)",exhibit991ash2024.htm,2024-12-09,Nasdaq,KROS,elritercept,2,myelodysplastic syndromes and myelofibrosis,,False,NCT04419649;NCT05037760
0000950170-24-134969,0001683553,2024-12-10,"SPRUCE BIOSCIENCES, INC.  (SPRB)  (CIK 0001683553)",sprb-20241210.htm,2024-12-10,Nasdaq,SPRB,tildacerfont,2b,Congenital Adrenal Hyperplasia,CAHmelia-204 and CAHptain-205,False,
0001193125-24-273953,0001740279,2024-12-10,"IN8BIO, INC.  (INAB)  (CIK 0001740279)",d888773dex991.htm,2024-12-10,Nasdaq,INAB,INB-100,1,Leukemias,,True,
0000950170-24-134759,0001750284,2024-12-10,"Olema Pharmaceuticals, Inc.  (OLMA)  (CIK 0001750284)",olma-20241209.htm,2024-12-10,Nasdaq,OLMA,palazestrant,1b/2,ER+/HER2- advanced or metastatic breast cancer,,False,
0001193125-24-273688,0001806952,2024-12-10,"Lyell Immunopharma, Inc.  (LYEL)  (CIK 0001806952)",d873794d8k.htm,2024-12-09,Nasdaq,LYEL,IMPT-314,1-2,large B-cell lymphoma,,False,
0001193125-24-273959,0001936258,2024-12-10,"NewAmsterdam Pharma Co N.V.  (NAMS, NAMSW)  (CIK 0001936258)",d910195d8k.htm,2024-12-10,Nasdaq,NAMS,obicetrapib,3,atherosclerotic cardiovascular disease and/or heterozygous familial hypercholesterolemia,BROADWAY,False,NCT05142722
0001962918-24-000137,0001962918,2024-12-10,"ACELYRIN, Inc.  (SLRN)  (CIK 0001962918)",slrn-20241209.htm,2024-12-10,Nasdaq,SLRN,izokibep,2b/3,"non-infectious, non-anterior uveitis",,False,NCT05683496
0001193125-24-274856,0001661998,2024-12-11,Q32 Bio Inc.  (QTTB)  (CIK 0001661998),d903481d8k.htm,2024-12-10,Nasdaq,QTTB,bempikibart,2a,alopecia areata,SIGNAL-AA,False,
0000950170-24-135212,0001678660,2024-12-11,Prelude Therapeutics Inc  (PRLD)  (CIK 0001678660),prld-20241211.htm,2024-12-11,Nasdaq,PRLD,PRT2527,1,relapsed/refractory lymphoid malignancies,,False,
0000950170-24-135207,0001812364,2024-12-11,"Relay Therapeutics, Inc.  (RLAY)  (CIK 0001812364)",rlay-20241211.htm,2024-12-11,Nasdaq,RLAY,RLY-2608,,"PI3Kα-mutated, HR+, HER2- locally advanced or metastatic breast cancer",ReDiscover,True,
0001193125-24-274870,0001841387,2024-12-11,"Candel Therapeutics, Inc.  (CADL)  (CIK 0001841387)",d901922d8k.htm,2024-12-11,Nasdaq,CADL,CAN-2409,3,"intermediate-to-high risk, localized prostate cancer",,False,
0000950170-24-135609,0001671584,2024-12-12,Aptevo Therapeutics Inc.  (APVO)  (CIK 0001671584),apvo-ex99_1.htm,2024-12-12,Nasdaq,APVO,mipletamig,1b,acute myeloid leukemia,RAINIER,True,
0001711279-24-000062,0001711279,2024-12-12,"Krystal Biotech, Inc.  (KRYS)  (CIK 0001711279)",krys-20241212.htm,2024-12-12,Nasdaq Global Select Market,KRYS,KB408 and KB407,,rare respiratory disease,,False,
0001193125-24-277086,0001808158,2024-12-12,Repare Therapeutics Inc.  (RPTX)  (CIK 0001808158),d191675d8k.htm,2024-12-12,Nasdaq,RPTX,lunresertib and camonsertib,1,endometrial cancer and platinum-resistant ovarian cancer,MYTHIC,False,NCT04855656
0001104659-24-128241,0001761612,2024-12-13,BICYCLE THERAPEUTICS PLC  (BCYC)  (CIK 0001761612),tm2430827d1_ex99-1.htm,2024-12-12,NASDAQ,BCYC,zelenectide pevedotin,2/3,"metastatic urothelial cancer, breast cancer, non-small cell lung cancer",Duravelo-2,True,
0000950170-24-136384,0001374690,2024-12-16,"Larimar Therapeutics, Inc.  (LRMR)  (CIK 0001374690)",lrmr-20241216.htm,2024-12-16,Nasdaq,LRMR,nomlabofusp,,Friedreich’s ataxia,,False,
0001193125-24-279038,0001528115,2024-12-16,"Annexon, Inc.  (ANNX)  (CIK 0001528115)",d909577d8k.htm,2024-12-16,Nasdaq,ANNX,ANX005,3,Guillain-Barré Syndrome,,False,
0001104659-24-129001,0001710072,2024-12-16,"Edgewise Therapeutics, Inc.  (EWTX)  (CIK 0001710072)",tm2431151d1_8k.htm,2024-12-16,Nasdaq,EWTX,sevasemten,2,Becker muscular dystrophy,CANYON,False,NCT05291091
0001437749-24-037520,0001742927,2024-12-16,"REVIVA PHARMACEUTICALS HOLDINGS, INC.  (RVPH, RVPHW)  (CIK 0001742927)",ex_757662.htm,2024-12-16,NASDAQ,RVPH,brilaroxazine,3,schizophrenia,RECOVER,False,
0001683168-24-008794,0001652935,2024-12-17,"ACTUATE THERAPEUTICS, INC.  (ACTU)  (CIK 0001652935)",actuate_8k.htm,2024-12-17,Nasdaq,ACTU,elraglusib,2,metastatic pancreatic ductal adenocarcinoma,Actuate-1801,False,NCT03678883
0001437749-24-037689,0001710340,2024-12-17,"Eton Pharmaceuticals, Inc.  (ETON)  (CIK 0001710340)",ex_758050.htm,2024-12-17,Nasdaq,ETON,PKU GOLIKE,,phenylketonuria,,False,NCT05487378
0001193125-24-280112,0001858848,2024-12-17,"Tenaya Therapeutics, Inc.  (TNYA)  (CIK 0001858848)",d883027d8k.htm,2024-12-17,Nasdaq,TNYA,TN-201,1b/2,MYBPC3-associated hypertrophic cardiomyopathy,MyPEAK-1,False,NCT05836259
0001558370-24-016343,0001626971,2024-12-18,"Corvus Pharmaceuticals, Inc.  (CRVS)  (CIK 0001626971)",crvs-20241218x8k.htm,2024-12-18,Nasdaq,CRVS,soquelitinib,1,atopic dermatitis,,False,NCT06561048
0001558370-24-016344,0001638287,2024-12-18,MetaVia Inc.  (MTVA)  (CIK 0001638287),mtva-20241218xex99d1.htm,2024-12-18,Nasdaq,MTVA,DA-1241,2a,metabolic dysfunction-associated steatohepatitis,,False,NCT06054815
0001711279-24-000065,0001711279,2024-12-18,"Krystal Biotech, Inc.  (KRYS)  (CIK 0001711279)",cancerdataannouncementfinal.htm,2024-12-18,Nasdaq,KRYS,KB707,,solid tumors of the lung,KYANITE-1,False,NCT06228326
0001104659-24-129981,0000921114,2024-12-19,"Armata Pharmaceuticals, Inc.  (ARMP)  (CIK 0000921114)",tm2431487d1_ex99-1.htm,2024-12-19,NYSE American,ARMP,AP-PA02,2,non-cystic fibrosis bronchiectasis,Tail wind,False,NCT05616221
0001104659-24-130002,0001094038,2024-12-19,"Marker Therapeutics, Inc.  (MRKR)  (CIK 0001094038)",tm2431560d1_ex99-1.htm,2024-12-19,Nasdaq,MRKR,MT-601,1,lymphoma,APOLLO,False,NCT05798897
0001437749-24-037898,0001285819,2024-12-19,OMEROS CORP  (OMER)  (CIK 0001285819),ex_755914.htm,2024-12-19,Nasdaq,OMER,narsoplimab,,hematopoietic stem cell transplant-associated thrombotic microangiopathy,OMS721-TMA-001,True,
0001140361-24-050005,0001133416,2024-12-20,GALECTIN THERAPEUTICS INC  (GALT)  (CIK 0001133416),ef20040433_ex99-1.htm,2024-12-20,NASDAQ,GALT,belapectin,,Metabolic Dysfunction-Associated Steatohepatitis (MASH) cirrhosis and portal hypertension,NAVIGATE,False,NCT04365868
0001104659-24-130812,0001829635,2024-12-20,"Transcode Therapeutics, Inc.  (RNAZ)  (CIK 0001829635)",tm2431511d1_ex99-1.htm,2024-12-18,Nasdaq,RNAZ,TTX-MC138,1,metastatic solid cancers,,False,NCT06260774
0001193125-24-283008,0001840439,2024-12-20,"Biomea Fusion, Inc.  (BMEA)  (CIK 0001840439)",d827448d8k.htm,2024-12-17,Nasdaq,BMEA,icovamenib,2,Type 2 Diabetes,COVALENT-111,False,
0001104659-24-131064,0001566044,2024-12-23,VYNE Therapeutics Inc.  (VYNE)  (CIK 0001566044),tm2431817d1_ex99-1.htm,2024-12-23,Nasdaq,VYNE,VYN202,1a,immune-mediated disorders,,False,
0000950170-24-139962,0001426800,2024-12-26,"ASSEMBLY BIOSCIENCES, INC.  (ASMB)  (CIK 0001426800)",asmb-ex99_1.htm,2024-12-26,Nasdaq,ASMB,ABI-4334,1b,chronic hepatitis B,ABI-4334-102,False,NCT06384131
0000950103-24-018479,0001356090,2024-12-30,"PRECIGEN, INC.  (PGEN)  (CIK 0001356090)",dp222802_ex9902.htm,2024-12-30,Nasdaq,PGEN,PRGN-2012,1/2,Recurrent Respiratory Papillomatosis,NCT04724980,True,NCT04724980
0000950170-24-140949,0001579428,2024-12-30,"Axsome Therapeutics, Inc.  (AXSM)  (CIK 0001579428)",axsm-20241230.htm,2024-12-30,Nasdaq,AXSM,AXS-05,3,Alzheimer’s disease agitation,ACCORD-2,False,
0001193125-25-000084,0001885522,2025-01-02,"Neumora Therapeutics, Inc.  (NMRA)  (CIK 0001885522)",d859264dex991.htm,2025-01-02,Nasdaq,NMRA,navacaprant,3,major depressive disorder,KOASTAL-1,False,
0001104659-25-001350,0001671502,2025-01-06,"Quoin Pharmaceuticals, Ltd.  (QNRX)  (CIK 0001671502)",tm252105d1_8k.htm,2025-01-06,Nasdaq,QNRX,QRX003,,Netherton Syndrome,,False,
0001962918-25-000003,0001962918,2025-01-06,"ACELYRIN, Inc.  (SLRN)  (CIK 0001962918)",slrn-20250106.htm,2025-01-06,Nasdaq,SLRN,lonigutamab,2,thyroid eye disease,,False,
0001714899-25-000007,0001714899,2025-01-07,Denali Therapeutics Inc.  (DNLI)  (CIK 0001714899),dnli-20250106.htm,2025-01-06,Nasdaq,DNLI,DNL343,2/3,amyotrophic lateral sclerosis,HEALEY ALS Platform Trial,False,
0000950170-25-002555,0001776111,2025-01-07,"MBX Biosciences, Inc.  (MBX)  (CIK 0001776111)",mbx-20250107.htm,2025-01-07,Nasdaq,MBX,MBX 1416,1,post-bariatric hypoglycemia,,False,
0001790340-25-000012,0001790340,2025-01-07,Immuneering Corp  (IMRX)  (CIK 0001790340),imrx-20250107.htm,2025-01-07,Nasdaq,IMRX,IMM-1-104,2a,advanced RAS-mutant solid tumors,,False,
0001193125-25-003574,0001613780,2025-01-08,DBV Technologies S.A.  (DBVT)  (CIK 0001613780),d861550dex991.htm,2025-01-09,Nasdaq,DBVT,VIASKIN peanut,3,peanut allergy,EPITOPE,False,
0001437749-25-000678,0001659617,2025-01-08,"Moleculin Biotech, Inc.  (MBRX)  (CIK 0001659617)",ex_763052.htm,2025-01-08,Nasdaq,MBRX,Annamycin,3,Relapsed or Refractory Acute Myeloid Leukemia,MIRACLE,False,
0001193125-25-003214,0001706431,2025-01-08,"Vir Biotechnology, Inc.  (VIR)  (CIK 0001706431)",d887412d8k.htm,2025-01-08,Nasdaq,VIR,VIR-5818,1,HER2-expressing solid tumors,,False,NCT05356741;NCT05997615
0001213900-25-001810,0001788028,2025-01-08,"Jasper Therapeutics, Inc.  (JSPR, JSPRW)  (CIK 0001788028)",ea0227148-8k_jasper.htm,2025-01-08,Nasdaq,JSPR,briquilimab,1b/2a,chronic spontaneous urticaria,BEACON,False,
0001104659-25-002312,0001442836,2025-01-10,"Mersana Therapeutics, Inc.  (MRSN)  (CIK 0001442836)",tm252819d1_8k.htm,2025-01-10,Nasdaq,MRSN,emiltatug ledadotin,1,triple-negative breast cancer,,False,
0001193125-25-004455,0001496323,2025-01-10,"IGM Biosciences, Inc.  (IGMS)  (CIK 0001496323)",d778635dex991.htm,2025-01-09,Nasdaq,IGMS,imvotamab,1b,rheumatoid arthritis and systemic lupus erythematosus,,False,
0001193125-25-004062,0001609809,2025-01-10,"Seres Therapeutics, Inc.  (MCRB)  (CIK 0001609809)",d925391d8k.htm,2025-01-09,Nasdaq,MCRB,SER-155,1b,allogeneic hematopoietic stem cell transplantation,,True,
0000950170-25-003832,0001650648,2025-01-10,"4D Molecular Therapeutics, Inc.  (FDMT)  (CIK 0001650648)",fdmt-20250110.htm,2025-01-10,,,4D-150,,DME,SPECTRA,False,
0000950170-25-003801,0001658247,2025-01-10,"Crinetics Pharmaceuticals, Inc.  (CRNX)  (CIK 0001658247)",crnx-20250110.htm,2025-01-10,Nasdaq,CRNX,atumelnant,2,congenital adrenal hyperplasia,TouCAHn,False,NCT05907291
0001104659-25-002278,0001787297,2025-01-10,"Passage BIO, Inc.  (PASG)  (CIK 0001787297)",tm252728d1_8k.htm,2025-01-10,Nasdaq,PASG,PBFT02,1/2,frontotemporal dementia (FTD),upliFT-D,False,NCT04747431
0000950170-25-003781,0001832038,2025-01-10,"Invivyd, Inc.  (IVVD)  (CIK 0001832038)",ivvd-ex99_1.htm,2025-01-10,Nasdaq,IVVD,PEMGARDA (pemivibart),,SARS-CoV-2,,False,
0001193125-25-004045,0002012593,2025-01-10,"Rapport Therapeutics, Inc.  (RAPP)  (CIK 0002012593)",d925938dex991.htm,2025-01-09,Nasdaq,RAPP,RAP-219,1,CNS disorders,,False,
0001683168-25-000274,0001533040,2025-01-13,Phio Pharmaceuticals Corp.  (PHIO)  (CIK 0001533040),phio_ex9901.htm,2025-01-13,Nasdaq,PHIO,PH-762,1b,"cutaneous squamous cell carcinoma, melanoma and Merkel cell carcinoma",NCT 06014086,False,
0001558370-25-000150,0001626971,2025-01-13,"Corvus Pharmaceuticals, Inc.  (CRVS)  (CIK 0001626971)",crvs-20250113x8k.htm,2025-01-13,NASDAQ,CRVS,soquelitinib,1,atopic dermatitis,,True,NCT06561048
0001104659-25-003026,0001761612,2025-01-13,BICYCLE THERAPEUTICS PLC  (BCYC)  (CIK 0001761612),tm253122d1_8k.htm,2025-01-13,Nasdaq,BCYC,zelenectide pevedotin,1,metastatic urothelial cancer,Duravelo-1,True,
0001411685-25-000007,0001411685,2025-01-14,"Vistagen Therapeutics, Inc.  (VTGN)  (CIK 0001411685)",ex-991ph284phase2pr20250114.htm,2025-01-14,Nasdaq,VTGN,PH284,2a,cancer cachexia,,False,
0001664710-25-000005,0001664710,2025-01-15,"Keros Therapeutics, Inc.  (KROS)  (CIK 0001664710)",exhibit99111525pr.htm,2025-01-15,Nasdaq,KROS,cibotercept (KER-012),2,pulmonary arterial hypertension,TROPOS,True,NCT05975905
0001437749-25-001245,0001285819,2025-01-16,OMEROS CORP  (OMER)  (CIK 0001285819),ex_766537.htm,2025-01-16,Nasdaq,OMER,narsoplimab,,hematopoietic stem cell transplant-associated thrombotic microangiopathy,OMS721-TMA-001,True,
0001104659-25-004132,0001671502,2025-01-16,"Quoin Pharmaceuticals, Ltd.  (QNRX)  (CIK 0001671502)",tm253523d1_8k.htm,2025-01-14,Nasdaq,QNRX,QRX003,,Netherton Syndrome,Investigator Pediatric Study,False,
0001437749-25-001459,0000072444,2025-01-21,"Vaxart, Inc.  (VXRT)  (CIK 0000072444)",ex_767659.htm,2025-01-13,Nasdaq,VXRT,COVID-19 vaccine candidate,2b,COVID-19,,False,
0002007919-25-000007,0002007919,2025-01-21,"Inhibrx Biosciences, Inc.  (INBX)  (CIK 0002007919)",exhibit991-pressreleasecol.htm,2025-01-21,Nasdaq,INBX,ozekibart (INBRX-109),1,colorectal adenocarcinoma,,False,
0000320017-25-000004,0000320017,2025-01-23,"LISATA THERAPEUTICS, INC.  (LSTA)  (CIK 0000320017)",ex991ascendpressrelease.htm,2025-01-22,Nasdaq,LSTA,certepetide,2,metastatic pancreatic ductal adenocarcinoma,ASCEND,False,NCT05042128
0001104659-25-005455,0001130598,2025-01-23,"Traws Pharma, Inc.  (TRAW)  (CIK 0001130598)",tm253126d1_ex99-1.htm,2025-01-23,NASDAQ,TRAW,tivoxavir marboxil,1,H5N1 Bird Flu,,False,
0001104659-25-005648,0001390478,2025-01-23,"SELLAS Life Sciences Group, Inc.  (SLS)  (CIK 0001390478)",tm254291d1_ex99-1.htm,2025-01-23,NASDAQ,SLS,galinpepimut-S (GPS),3,acute myeloid leukemia,REGAL,False,
0001104659-25-005619,0001671502,2025-01-23,"Quoin Pharmaceuticals, Ltd.  (QNRX)  (CIK 0001671502)",tm254263d1_8k.htm,2025-01-23,Nasdaq,QNRX,QRX003,,Netherton Syndrome,,True,
0001193125-25-010817,0001827087,2025-01-23,"Vigil Neuroscience, Inc.  (VIGL)  (CIK 0001827087)",d810501d8k.htm,2025-01-23,Nasdaq,VIGL,VG-3927,1,Alzheimer’s Disease,,False,
0001213900-25-005700,0001873875,2025-01-23,Incannex Healthcare Inc.  (IXHL)  (CIK 0001873875),ea0228313-8k_incannex.htm,2025-01-23,Nasdaq,IXHL,IHL-42X,,Obstructive Sleep Apnea,RePOSA,False,
0000950170-25-008992,0001564824,2025-01-27,Allakos Inc.  (ALLK)  (CIK 0001564824),allk-ex99_1.htm,2025-01-27,Nasdaq,ALLK,AK006,1,Chronic Spontaneous Urticaria,,False,
0001193125-25-012750,0001744659,2025-01-27,"Akero Therapeutics, Inc.  (AKRO)  (CIK 0001744659)",d907495d8k.htm,2025-01-27,Nasdaq,AKRO,efruxifermin (EFX),2b,compensated cirrhosis (F4) due to metabolic dysfunction-associated steatohepatitis (MASH),SYMMETRY,False,
0000950170-25-009670,0001082038,2025-01-28,DURECT CORP  (DRRX)  (CIK 0001082038),drrx-ex99_1.htm,2025-01-28,Nasdaq,DRRX,larsucosterol,2b,alcohol-associated hepatitis,AHFIRM,True,NCT04563026
0001104659-25-006544,0001509745,2025-01-28,"LEAP THERAPEUTICS, INC.  (LPTX)  (CIK 0001509745)",tm254560d1_8k.htm,2025-01-28,Nasdaq,LPTX,sirexatamab,2,colorectal cancer,DeFianCe,False,NCT05480306
0000950170-25-009474,0001833214,2025-01-28,"SAB Biotherapeutics, Inc.  (SABS, SABSW)  (CIK 0001833214)",sabs-ex99_1.htm,2025-01-28,Nasdaq,SABS,SAB-142,1,type 1 diabetes,,False,
0001725160-25-000013,0001725160,2025-01-29,"Zentalis Pharmaceuticals, Inc.  (ZNTL)  (CIK 0001725160)",corporateeventpr01222025-f.htm,2025-01-29,Nasdaq,ZNTL,azenosertib,,Cyclin E1+ platinum-resistant ovarian cancer,DENALI,False,
0001193125-25-015648,0001750149,2025-01-29,"Inhibikase Therapeutics, Inc.  (IKT)  (CIK 0001750149)",d919757d8k.htm,2025-01-29,Nasdaq,IKT,risvodetinib,2,Parkinson’s disease,201 Trial,False,
0000950170-25-010199,0001789972,2025-01-29,"Cullinan Therapeutics, Inc.  (CGEM)  (CIK 0001789972)",cgem-20250128.htm,2025-01-28,,,zipalertinib,2b,non-small cell lung cancer,REZILIENT1,False,NCT04036682
0001193125-25-016224,0001681087,2025-01-30,"Tectonic Therapeutic, Inc.  (TECX)  (CIK 0001681087)",d817477d8k.htm,,,,TX45,1b,Group 2 Pulmonary Hypertension,,False,
0001628280-25-003753,0001087294,2025-02-04,CUMBERLAND PHARMACEUTICALS INC  (CPIX)  (CIK 0001087294),cpix-20250204.htm,2025-02-05,NASDAQ Global Select Market,CPIX,ifetroban,2,Duchenne muscular dystrophy,FIGHT DMD,False,
0001628280-25-004197,0001001233,2025-02-06,"SANGAMO THERAPEUTICS, INC  (SGMO)  (CIK 0001001233)",sgmo-20250206.htm,2025-02-06,Nasdaq Global Select Market,SGMO,isaralgagene civaparvovec,1/2,Fabry disease,STAAR,True,
0001999371-25-001243,0001430306,2025-02-06,Tonix Pharmaceuticals Holding Corp.  (TNXP)  (CIK 0001430306),ex99-01.htm,2025-02-06,Nasdaq,TNXP,TNX-1500,1,kidney transplant rejection,,False,
0001193125-25-021348,0001746466,2025-02-06,"Equillium, Inc.  (EQ)  (CIK 0001746466)",d898732d8k.htm,2025-02-06,Nasdaq,EQ,itolizumab,2,ulcerative colitis,,False,
0001140361-25-003645,0001444192,2025-02-10,"Grace Therapeutics, Inc.  (GRCE)  (CIK 0001444192)",ef20043150_8k.htm,2025-02-10,Nasdaq,GRCE,GTx-104,3,aneurysmal Subarachnoid Hemorrhage,STRIVE-ON,False,NCT05995405
0000950170-25-016708,0001650648,2025-02-10,"4D Molecular Therapeutics, Inc.  (FDMT)  (CIK 0001650648)",fdmt-20250208.htm,2025-02-08,Nasdaq,FDMT,4D-150,2b,wet age-related macular degeneration,PRISM,False,
0001213900-25-011733,0001711754,2025-02-10,"Inmune Bio, Inc.  (INMB)  (CIK 0001711754)",ea023027701ex99-1_inmune.htm,2025-02-10,NASDAQ,INMB,CORDStrom,,Recessive Dystrophic Epidermolysis Bullosa,MissionEB,False,
0001753926-25-000211,0001347242,2025-02-11,LIPELLA PHARMACEUTICALS INC.  (LIPO)  (CIK 0001347242),g084697_8-k.htm,2025-02-11,Nasdaq,LIPO,LP-310,2a,oral lichen planus,,False,NCT06233591
0001193125-25-024005,0001740279,2025-02-11,"IN8BIO, INC.  (INAB)  (CIK 0001740279)",d905966dex991.htm,2025-02-11,Nasdaq,INAB,INB-100,1,leukemia,,False,
0001370053-25-000010,0001370053,2025-02-12,"ANAPTYSBIO, INC  (ANAB)  (CIK 0001370053)",anab-20250212.htm,2025-02-12,Nasdaq,ANAB,rosnilimab,2b,rheumatoid arthritis,RENOIR,False,
0001628280-25-005018,0001398733,2025-02-12,"Aquestive Therapeutics, Inc.  (AQST)  (CIK 0001398733)",a2025-2x10aaaaimeetingda.htm,2025-02-12,NASDAQ,AQST,Anaphylm,2,"severe allergic reactions, including anaphylaxis",OASIS,False,
0000950170-25-020424,0001595097,2025-02-14,"Corbus Pharmaceuticals Holdings, Inc.  (CRBP)  (CIK 0001595097)",crbp-20250214.htm,2025-02-14,NASDAQ,CRBP,CRB-701 (SYS6002),1,urothelial cancer and other solid tumors,,False,
0001140361-25-004971,0001133416,2025-02-18,GALECTIN THERAPEUTICS INC  (GALT)  (CIK 0001133416),ny20043588x1_ex99-1.htm,2025-02-18,NASDAQ,GALT,belapectin,,Metabolic Dysfunction-Associated SteatoHepatitis (MASH) cirrhosis and portal hypertension,NAVIGATE,True,
0001356576-25-000008,0001356576,2025-02-18,"SUPERNUS PHARMACEUTICALS, INC.  (SUPN)  (CIK 0001356576)",ex-991xspnx820studyresults.htm,2025-02-18,Nasdaq,SUPN,SPN-820,2b,treatment-resistant depression,,False,
0001193125-25-028420,0001759138,2025-02-18,"Cabaletta Bio, Inc.  (CABA)  (CIK 0001759138)",d925657dex991.htm,2025-02-18,Nasdaq,CABA,resecabtagene autoleucel,1/2,autoimmune diseases,RESET,True,
0001193805-25-000212,0001280776,2025-02-20,"IMMUNIC, INC.  (IMUX)  (CIK 0001280776)",e664213_ex99-1.htm,2025-02-20,Nasdaq,IMUX,IMU-856,1b,celiac disease,,False,
0001437749-25-004505,0001285819,2025-02-20,OMEROS CORP  (OMER)  (CIK 0001285819),ex_777670.htm,2025-02-20,Nasdaq,OMER,narsoplimab,,hematopoietic stem cell transplant-associated thrombotic microangiopathy,OMS721-TMA-001,True,
0000950170-25-024134,0001426800,2025-02-20,"ASSEMBLY BIOSCIENCES, INC.  (ASMB)  (CIK 0001426800)",asmb-20250220.htm,2025-02-20,Nasdaq,ASMB,ABI-1179,1a,recurrent genital herpes,ABI-1179-101,False,NCT06698575
0000950170-25-026100,0001841387,2025-02-25,"Candel Therapeutics, Inc.  (CADL)  (CIK 0001841387)",cadl-ex99_1.htm,2025-02-25,Nasdaq,CADL,CAN-2409,2,borderline resectable pancreatic ductal adenocarcinoma,,False,
0001104659-25-017178,0001455365,2025-02-26,COGNITION THERAPEUTICS INC  (CGTX)  (CIK 0001455365),tm257579d1_ex99-1.htm,2025-02-26,NASDAQ,CGTX,zervimesine (CT1812),2,geographic atrophy secondary to dry age-related macular degeneration,MAGNIFY,False,NCT05531656;NCT05893537
0001140361-25-005994,0001472091,2025-02-26,"PDS Biotechnology Corp  (EDGE, PDSB)  (CIK 0001472091)",ef20044390_ex99-1.htm,2025-02-26,Nasdaq,PDSB,"Versamune HPV (PDS0101), PDS01ADC, and a PD-L1 immune checkpoint inhibitor",,recurrent/metastatic HPV-associated cancers,,False,
0001104659-25-018234,0001671502,2025-02-27,"Quoin Pharmaceuticals, Ltd.  (QNRX)  (CIK 0001671502)",tm257848d1_8k.htm,2025-02-27,The Nasdaq Stock Market LLC,QNRX,QRX003,,Netherton Syndrome,Investigator Pediatric Netherton Syndrome (NS) study,False,
0001689548-25-000037,0001689548,2025-02-28,"Praxis Precision Medicines, Inc.  (PRAX)  (CIK 0001689548)",praxisye2024pr.htm,2025-02-28,NASDAQ,PRAX,ulixacaltamide,,essential tremor,Essential3,False,
0001104659-25-019516,0001377121,2025-03-03,"Protagonist Therapeutics, Inc  (PTGX)  (CIK 0001377121)",tm258056d1_8k.htm,2025-03-03,Nasdaq,PTGX,rusfertide,3,polycythemia vera,VERIFY,False,NCT05210790
0001999371-25-002252,0001430306,2025-03-04,Tonix Pharmaceuticals Holding Corp.  (TNXP)  (CIK 0001430306),ex99-01.htm,2025-03-04,Nasdaq,TNXP,TNX-102 SL,3,fibromyalgia,,False,
0001493152-25-008988,0001862150,2025-03-04,"Cingulate Inc.  (CING, CINGW)  (CIK 0001862150)",ex99-1.htm,2025-03-04,NASDAQ,CING,CTx-1301,3,Attention Deficit Hyperactivity Disorder,CTx-1301-004,False,
0001714899-25-000072,0001714899,2025-03-05,Denali Therapeutics Inc.  (DNLI)  (CIK 0001714899),dnli-20250305.htm,2025-03-05,Nasdaq,DNLI,DNL343,2/3,amyotrophic lateral sclerosis,HEALEY ALS Platform Trial,True,
0001437749-25-006832,0001053691,2025-03-10,CervoMed Inc.  (CRVO)  (CIK 0001053691),crvo20250310_8k.htm,2025-03-10,NASDAQ,CRVO,neflamapimod,2b,dementia with Lewy bodies,RewinD-LB,False,
0001104659-25-021986,0001377121,2025-03-10,"Protagonist Therapeutics, Inc  (PTGX)  (CIK 0001377121)",tm258665d1_8k.htm,2025-03-08,Nasdaq,Protagonist,icotrokinra,3,plaque psoriasis,ICONIC-LEAD,False,NCT06095102;NCT06095115;NCT06143878;NCT06220604;NCT06807424
0000950170-25-036503,0001563880,2025-03-10,"Trevi Therapeutics, Inc.  (TRVI)  (CIK 0001563880)",trvi-20250310.htm,2025-03-10,,,Haduvio,2a,refractory chronic cough,RIVER,False,
0001193125-25-050372,0001661998,2025-03-10,Q32 Bio Inc.  (QTTB)  (CIK 0001661998),d931400dex991.htm,2025-03-08,Nasdaq,QTTB,bempikibart,2a,alopecia areata,SIGNAL-AA,False,
0001140361-25-007867,0001671927,2025-03-10,Immunocore Holdings plc  (IMCR)  (CIK 0001671927),ef20045169_8k.htm,2025-03-10,Nasdaq,IMCR,IMC-M113V,1/2,human immunodeficiency virus,STRIVE,False,
0001193125-25-050334,0001745999,2025-03-10,Beam Therapeutics Inc.  (BEAM)  (CIK 0001745999),d922493d8k.htm,2025-03-10,Nasdaq,BEAM,BEAM-302,1/2,alpha-1 antitrypsin deficiency,,False,
0001104659-25-021990,0001847367,2025-03-10,ALUMIS INC.  (ALMS)  (CIK 0001847367),tm258686d1_ex99-1.htm,2025-03-08,Nasdaq,ALMS,ESK-001,2,moderate-to-severe plaque psoriasis,STRIDE,True,NCT05600036
0001628280-25-011459,0001933414,2025-03-10,"Mineralys Therapeutics, Inc.  (MLYS)  (CIK 0001933414)",exhibit991-8xk.htm,2025-03-10,Nasdaq,MLYS,lorundrostat,3,uncontrolled hypertension or resistant hypertension,Launch-HTN,False,NCT05769608;NCT06153693
0001104659-25-022615,0001377121,2025-03-11,"Protagonist Therapeutics, Inc  (PTGX)  (CIK 0001377121)",tm258886d1_ex99-1.htm,2025-03-08,,,icotrokinra,3,moderate-to-severe plaque psoriasis,ICONIC-LEAD,False,NCT06095102;NCT06095115;NCT06143878;NCT06220604;NCT06807424
0001655759-25-000057,0001655759,2025-03-11,"ARVINAS, INC.  (ARVN)  (CIK 0001655759)",arvn-20250311.htm,2025-03-11,Nasdaq,ARVN,vepdegestrant,3,"estrogen receptor-positive, human epidermal growth factor receptor 2-negative (ER+/HER2-) advanced or metastatic breast cancer",VERITAC-2,False,NCT05654623
0001437749-25-007120,0001822791,2025-03-12,"Clene Inc.  (CLNN, CLNNW)  (CIK 0001822791)",ex_788726.htm,2025-03-12,Nasdaq,CLNN,CNM-Au8,,amyotrophic lateral sclerosis,HEALEY ALS Platform Trial,True,
0001437749-25-007615,0001710340,2025-03-14,"Eton Pharmaceuticals, Inc.  (ETON)  (CIK 0001710340)",eton20250312_8k.htm,2025-03-14,,,ET-600,,central diabetes insipidus,,False,
0001599901-25-000065,0001599901,2025-03-17,"Avidity Biosciences, Inc.  (RNA)  (CIK 0001599901)",a03-17x25delxzotatopline.htm,2025-03-17,NASDAQ,RNA,del-zota,1/2,Duchenne Muscular Dystrophy,EXPLORE44,False,
0001628280-25-012899,0001725160,2025-03-17,"Zentalis Pharmaceuticals, Inc.  (ZNTL)  (CIK 0001725160)",final-xzntlupdatedclinical.htm,2025-03-15,Nasdaq,ZNTL,azenosertib,2,platinum-resistant ovarian cancer,DENALI,True,
0001437749-25-008139,0001860657,2025-03-18,"Allarity Therapeutics, Inc.  (ALLR)  (CIK 0001860657)",allr20250317_8k.htm,2025-03-17,The Nasdaq Stock Market LLC,ALLR,stenoparib,2,Ovarian Cancer,,False,
0001140361-25-009362,0001635088,2025-03-19,Roivant Sciences Ltd.  (ROIV)  (CIK 0001635088),ef20045740_ex99-1.htm,2025-03-19,Nasdaq,IMVT,batoclimab,3,Myasthenia Gravis and Chronic Inflammatory Demyelinating Polyneuropathy,,False,
0001764013-25-000037,0001764013,2025-03-19,"Immunovant, Inc.  (IMVT)  (CIK 0001764013)",exhibit9912025319.htm,2025-03-19,Nasdaq,IMVT,batoclimab,3,Myasthenia Gravis (MG) and Chronic Inflammatory Demyelinating Polyneuropathy (CIDP),,False,
0001213900-25-024826,0001782107,2025-03-19,"Onconetix, Inc.  (ONCO)  (CIK 0001782107)",ea023488301ex99-1_onconetix.htm,2025-03-19,Nasdaq,ONCO,Proclarix,,prostate cancer,,False,
0001104659-25-025878,0001783032,2025-03-20,"Elevation Oncology, Inc.  (ELEV)  (CIK 0001783032)",tm259617d1_ex99-1.htm,2025-03-20,Nasdaq,ELEV,EO-3021,1,gastric and gastroesophageal junction (GEJ) cancers,,False,
0001104659-25-026392,0001130598,2025-03-21,"Traws Pharma, Inc.  (TRAW)  (CIK 0001130598)",tm259925d1_8k.htm,2025-03-21,Nasdaq,TRAW,tivoxavir marboxil,1,influenza,,False,
0000950170-25-043483,0001463361,2025-03-24,"Unity Biotechnology, Inc.  (UBX)  (CIK 0001463361)",ubx-20250324.htm,2025-03-24,Nasdaq,UBX,UBX1325,2b,diabetic macular edema (DME),ASPIRE,False,NCT06011798
0001013762-25-001260,0001782107,2025-03-24,"Onconetix, Inc.  (ONCO)  (CIK 0001782107)",ea0235277-8k_oncon.htm,2025-03-24,Nasdaq,ONCO,Proclarix,,prostate cancer,,False,
0001641172-25-000537,0000908259,2025-03-25,"Oncotelic Therapeutics, Inc.  (OTLC)  (CIK 0000908259)",ex99-2.htm,2025-03-01,OTCQB,OTLC,OT-101,1,advanced or metastatic solid tumors,,False,NCT04862767
0001171843-25-001678,0001069530,2025-03-25,CASSAVA SCIENCES INC  (SAVA)  (CIK 0001069530),exh_991.htm,2025-03-25,NASDAQ,SAVA,simufilam,3,mild-to-moderate Alzheimer’s disease,REFOCUS-ALZ,False,NCT05026177
0001104659-25-027545,0001130598,2025-03-25,"Traws Pharma, Inc.  (TRAW)  (CIK 0001130598)",tm2510212d1_8k.htm,2025-03-25,NASDAQ,TRAW,ratutrelvir,1,COVID-19,,False,
0000950170-25-044096,0001579428,2025-03-25,"Axsome Therapeutics, Inc.  (AXSM)  (CIK 0001579428)",axsm-ex99_1.htm,2025-03-25,NASDAQ,AXSM,solriamfetol,3,attention deficit hyperactivity disorder (ADHD),FOCUS,False,
0001193125-25-061872,0001971543,2025-03-25,Mural Oncology plc  (MURA)  (CIK 0001971543),d936530d8k.htm,2025-03-25,Nasdaq,MURA,nemvaleukin alfa,3,platinum-resistant ovarian cancer,ARTISTRY-7,False,
0001193125-25-063184,0001631574,2025-03-26,Wave Life Sciences Ltd.  (WVE)  (CIK 0001631574),d918658d8k.htm,2025-03-26,Nasdaq,WVE,WVE-N531,2,Duchenne muscular dystrophy,FORWARD-53,False,
0001193125-25-064685,0001505512,2025-03-27,Regulus Therapeutics Inc.  (RGLS)  (CIK 0001505512),d823727d8k.htm,2025-03-27,,,farabursen (RGLS8429),1b,ADPKD,,False,
0001193125-25-064374,0001841387,2025-03-27,"Candel Therapeutics, Inc.  (CADL)  (CIK 0001841387)",d917988dex991.htm,2025-03-26,Nasdaq,CADL,CAN-2409,2a,non-small cell lung cancer,,True,
0001654954-25-003372,0001853816,2025-03-27,"Dermata Therapeutics, Inc.  (DRMA, DRMAW)  (CIK 0001853816)",drma_8k.htm,2025-03-27,Nasdaq,DRMA,XYNGARI™,3,moderate-to-severe acne,STAR-1,False,
0000875320-25-000156,0000875320,2025-03-28,VERTEX PHARMACEUTICALS INC / MA  (VRTX)  (CIK 0000875320),vrtx-20250328.htm,2025-03-28,Nasdaq,VRTX,VX-264,1/2,type 1 diabetes,,False,
0001641172-25-001045,0001878313,2025-03-28,"MAIA Biotechnology, Inc.  (MAIA)  (CIK 0001878313)",form8-k.htm,2025-03-28,NYSE American,MAIA,THIO,2,advanced non-small cell lung cancer,THIO-101,False,
0001104659-25-029654,0000894158,2025-03-31,"Theriva Biologics, Inc.  (TOVX)  (CIK 0000894158)",tm2510883d1_ex99-1.htm,2025-03-31,NYSE American,TOVX,VCN-01,2b,metastatic pancreatic ductal adenocarcinoma,VIRAGE,False,NCT05673811
0001654954-25-003600,0000911216,2025-03-31,PALATIN TECHNOLOGIES INC  (PTN)  (CIK 0000911216),ptn_8k.htm,2025-03-28,NYSE American,PTN,PL8177,2,ulcerative colitis,,False,NCT05466890
0000950170-25-046978,0000921299,2025-03-31,FIBROGEN INC  (FGEN)  (CIK 0000921299),fgen-ex99_1.htm,2025-03-28,NASDAQ,FGEN,FG-3246,1,metastatic castration-resistant prostate cancer,,False,NCT03575819
0001437749-25-009978,0000925741,2025-03-31,"BioCardia, Inc.  (BCDA)  (CIK 0000925741)",ex_796698.htm,2025-03-31,Nasdaq,BCDA,CardiAMP,3,ischemic heart failure,CardiAMP-HF,False,
0001193125-25-067871,0001088856,2025-03-31,CORCEPT THERAPEUTICS INC  (CORT)  (CIK 0001088856),d924664d8k.htm,2025-03-31,NASDAQ,CORT,relacorilant,3,platinum-resistant ovarian cancer,ROSELLA,False,
0001193125-25-067901,0001649094,2025-03-31,"Vaxcyte, Inc.  (PCVX)  (CIK 0001649094)",d848914d8k.htm,2025-03-31,Nasdaq,PCVX,VAX-24,2,invasive pneumococcal disease,,False,NCT05844423
0001664710-25-000029,0001664710,2025-03-31,"Keros Therapeutics, Inc.  (KROS)  (CIK 0001664710)",exhibit99133125pr.htm,2025-03-31,Nasdaq,KROS,KER-065,1,Duchenne muscular dystrophy,,False,
0001213900-25-025820,0001739174,2025-03-31,BiomX Inc.  (PHGE)  (CIK 0001739174),ea0236313-8k_biomx.htm,2025-03-31,NYSE American,PHGE,BX211,2,diabetic foot osteomyelitis,DANCE,False,
0001933414-25-000026,0001933414,2025-03-31,"Mineralys Therapeutics, Inc.  (MLYS)  (CIK 0001933414)",mlys-20250329.htm,2025-03-29,Nasdaq,MLYS,lorundrostat,2,uncontrolled hypertension or resistant hypertension,Advance-HTN,True,NCT05769608
0001628280-25-015759,0001398733,2025-04-01,"Aquestive Therapeutics, Inc.  (AQST)  (CIK 0001398733)",aqst-20250401.htm,2025-04-01,Nasdaq Global Market,AQST,Anaphylm™ (epinephrine) Sublingual Film,,"allergic reactions and at high risk for serious allergic reactions, including anaphylaxis",,False,
0000950170-25-048036,0001579428,2025-04-01,"Axsome Therapeutics, Inc.  (AXSM)  (CIK 0001579428)",axsm-ex99_1.htm,2025-04-01,NASDAQ,AXSM,solriamfetol,3,major depressive disorder (MDD) with and without excessive daytime sleepiness (EDS),PARADIGM,False,
0001171843-25-001900,0001738021,2025-04-01,"Compass Therapeutics, Inc.  (CMPX)  (CIK 0001738021)",exh_991.htm,2025-04-01,Nasdaq,CMPX,tovecimig (formerly CTX-009),2/3,biliary tract cancer,COMPANION-002,False,NCT05506943
0001104659-25-031240,0001671502,2025-04-02,"Quoin Pharmaceuticals, Ltd.  (QNRX)  (CIK 0001671502)",tm2511344d1_8k.htm,2025-04-02,The Nasdaq Stock Market LLC,QNRX,QRX003,,Netherton Syndrome,Investigator Pediatric Netherton Syndrome (NS) study,False,
0001104659-25-030839,0001710072,2025-04-02,"Edgewise Therapeutics, Inc.  (EWTX)  (CIK 0001710072)",tm2510984d2_8k.htm,2025-04-02,Nasdaq,EWTX,EDG-7500,2,Hypertrophic Cardiomyopathy,CIRRUS-HCM,False,NCT06347159
0001655759-25-000066,0001655759,2025-04-04,"ARVINAS, INC.  (ARVN)  (CIK 0001655759)",a2025-04x04xarvx102datapre.htm,2025-04-04,Nasdaq,ARVN,ARV-102,1,Parkinson's disease and progressive supranuclear palsy,,False,
0001437749-25-011178,0001053691,2025-04-07,CervoMed Inc.  (CRVO)  (CIK 0001053691),ex_799129.htm,2025-04-02,NASDAQ,CRVO,neflamapimod,2b,dementia with Lewy bodies,RewinD-LB,True,
0001558370-25-004507,0001649904,2025-04-07,"RHYTHM PHARMACEUTICALS, INC.  (RYTM)  (CIK 0001649904)",rytm-20250407x8k.htm,2025-04-07,Nasdaq,RYTM,setmelanotide,3,acquired hypothalamic obesity,TRANSCEND,False,
0001453687-25-000064,0001453687,2025-04-08,"Cartesian Therapeutics, Inc.  (RNAC)  (CIK 0001453687)",exhibit991pressreleasedate.htm,2025-04-08,NASDAQ,RNAC,Descartes-08,2b,generalized myasthenia gravis,,True,
0001739410-25-000052,0001739410,2025-04-08,Rallybio Corp  (RLYB)  (CIK 0001739410),rlyb-20250408xex991pressre.htm,2025-04-08,Nasdaq,RLYB,RLYB212,2,fetal and neonatal alloimmune thrombocytopenia,,False,
0001193125-25-079607,0001840574,2025-04-14,"Verve Therapeutics, Inc.  (VERV)  (CIK 0001840574)",d890262d8k.htm,2025-04-14,Nasdaq,VERV,VERVE-102,1b,heterozygous familial hypercholesterolemia and/or premature coronary artery disease,Heart-2,False,
0001558370-25-004796,0001638287,2025-04-15,MetaVia Inc.  (MTVA)  (CIK 0001638287),mtva-20250415x8k.htm,2025-04-15,Nasdaq,MTVA,DA-1726,1,obesity,,False,NCT06252220
0001213900-25-031763,0001711786,2025-04-15,"Hoth Therapeutics, Inc.  (HOTH)  (CIK 0001711786)",ea0238201-8k_hoth.htm,2025-04-15,NASDAQ,HOTH,HT-001,2a,pruritus associated with skin toxicities caused by Epidermal Growth Factor Receptor inhibitors,CLEER-001,True,
0001654954-25-004265,0001853816,2025-04-15,"Dermata Therapeutics, Inc.  (DRMA, DRMAW)  (CIK 0001853816)",drma_8k.htm,2025-04-15,Nasdaq,DRMA,XYNGARI™,3,moderate-to-severe facial acne,STAR-1,True,
0001558370-25-005113,0001638287,2025-04-22,MetaVia Inc.  (MTVA)  (CIK 0001638287),mtva-20250422x8k.htm,2025-04-22,Nasdaq,MTVA,DA-1726,1,obesity,MAD Part 2,True,NCT06252220
0001599298-25-000064,0001599298,2025-04-23,Summit Therapeutics Inc.  (SMMT)  (CIK 0001599298),a2025_prx0423xivonescima.htm,2025-04-23,NASDAQ,SMMT,ivonescimab,3,squamous non-small cell lung cancer,HARMONi-6,False,
0001599298-25-000066,0001599298,2025-04-25,Summit Therapeutics Inc.  (SMMT)  (CIK 0001599298),a2025_prx0425xivonescima.htm,2025-04-25,NASDAQ,SMMT,ivonescimab,3,non-small cell lung cancer,HARMONi-2,True,
0001213900-25-035785,0001359931,2025-04-28,"Protara Therapeutics, Inc.  (TARA)  (CIK 0001359931)",ea0239689-8k_protara.htm,2025-04-26,Nasdaq,TARA,TARA-002,2,Non-Muscle Invasive Bladder Cancer,ADVANCED-2,False,NCT05951179
0001213900-25-035941,0001553643,2025-04-28,"RELMADA THERAPEUTICS, INC.  (RLMD)  (CIK 0001553643)",ea0239764-8k_relmada.htm,2025-04-28,Nasdaq,RLMD,NDV-01,2,non-muscle invasive bladder cancer,,False,NCT06663137
0001854270-25-000046,0001854270,2025-04-28,"Senti Biosciences, Inc.  (SNTI)  (CIK 0001854270)",ex991snti_conferencecall.htm,2025-04-28,NASDAQ,SNTI,SENTI-202,1,Relapsed/Refractory Hematologic Malignancies Including AML,SENTI-202-101,False,NCT06325748
0001193805-25-000582,0001280776,2025-04-30,"IMMUNIC, INC.  (IMUX)  (CIK 0001280776)",e664445_ex99-1.htm,2025-04-30,Nasdaq,IMUX,vidofludimus calcium (IMU-838),2,progressive multiple sclerosis (PMS),CALLIPER,False,NCT05054140
0001193125-25-105825,0001585608,2025-04-30,"Jaguar Health, Inc.  (JAGX)  (CIK 0001585608)",d935544dex991.htm,2025-04-30,NASDAQ,JAGX,crofelemer,,Microvillus Inclusion Disease (MVID) and Short Bowel Syndrome with Intestinal Failure (SBS-IF),,False,
0001193125-25-110019,0001880438,2025-05-01,"AN2 Therapeutics, Inc.  (ANTX)  (CIK 0001880438)",d116214d8k.htm,2025-05-01,Nasdaq,ANTX,epetraborole,3,treatment-refractory MAC lung disease,EBO-301,False,NCT05327803
0001070081-25-000014,0001070081,2025-05-05,"PTC THERAPEUTICS, INC.  (PTCT)  (CIK 0001070081)",tmb-20250505xex99d1.htm,2025-05-05,NASDAQ,PTCT,PTC518 (votoplam),2,Huntington’s disease (HD),PIVOT-HD,True,
0000950170-25-063167,0001463361,2025-05-05,"Unity Biotechnology, Inc.  (UBX)  (CIK 0001463361)",ubx-20250502.htm,2025-05-05,Nasdaq,UBX,UBX1325,2b,diabetic macular edema,ASPIRE,True,NCT06011798
0001683168-25-003163,0001652935,2025-05-06,"ACTUATE THERAPEUTICS, INC.  (ACTU)  (CIK 0001652935)",actuate_8k.htm,2025-05-06,Nasdaq,ACTU,elraglusib,2,metastatic pancreatic ductal adenocarcinoma,Actuate-1801 Part 3B,True,NCT03678883
0001104659-25-045309,0000894158,2025-05-07,"Theriva Biologics, Inc.  (TOVX)  (CIK 0000894158)",tm2514050d1_8k.htm,2025-05-07,NYSE American,TOVX,VCN-01,2b,metastatic pancreatic ductal adenocarcinoma,VIRAGE,False,NCT05673811
0001171843-25-002841,0001447028,2025-05-07,Arbutus Biopharma Corp  (ABUS)  (CIK 0001447028),exh_991.htm,2025-05-07,Nasdaq,ABUS,imdusiran and AB-101,2a,chronic hepatitis B,IM-PROVE II,True,
0001437749-25-014880,0001645469,2025-05-07,Monopar Therapeutics  (MNPR)  (CIK 0001645469),ex_812050.htm,2025-05-07,Nasdaq,MNPR,ALXN1840,,Wilson disease,,False,
0001193125-25-114456,0001936258,2025-05-07,"NewAmsterdam Pharma Co N.V.  (NAMS, NAMSW)  (CIK 0001936258)",d905689d8k.htm,2025-05-07,Nasdaq,NAMS,obicetrapib,3,cardiovascular disease,BROADWAY and TANDEM,True,
0001104659-25-045886,0001455365,2025-05-08,COGNITION THERAPEUTICS INC  (CGTX)  (CIK 0001455365),tm2514313d1_8k.htm,2025-05-08,NASDAQ,CGTX,zervimesine (CT1812),2,geographic atrophy secondary to dry age-related macular degeneration,MAGNIFY,False,NCT05531656;NCT05893537
0001628280-25-024067,0001706431,2025-05-09,"Vir Biotechnology, Inc.  (VIR)  (CIK 0001706431)",ex991pressrelease_marchdata.htm,2025-05-09,Nasdaq,VIR,tobevibart and elebsiran,2,chronic hepatitis B,MARCH,True,
0001558370-25-007074,0001735438,2025-05-09,MeiraGTx Holdings plc  (MGTX)  (CIK 0001735438),mgtx-20250509xex99d1.htm,2025-05-09,Nasdaq,MGTX,AAV-GAD,1 and 2,Parkinson’s disease,,False,
0000950170-25-069815,0001808865,2025-05-13,"iTeos Therapeutics, Inc.  (ITOS)  (CIK 0001808865)",itos-ex99_1.htm,2025-05-13,Nasdaq,ITOS,belrestotug + dostarlimab,2,non-small cell lung cancer,GALAXIES Lung-201,False,
0001193125-25-119506,0001786205,2025-05-14,"Arcellx, Inc.  (ACLX)  (CIK 0001786205)",d941498d8k.htm,2025-05-14,NASDAQ,ACLX,anitocabtagene autoleucel (anito-cel),2,relapsed or refractory multiple myeloma,iMMagine-1,True,
0001753926-25-000842,0001347242,2025-05-15,LIPELLA PHARMACEUTICALS INC.  (LIPO)  (CIK 0001347242),g084819_8k.htm,2025-05-15,Nasdaq,LIPO,LP-310,2a,Oral Lichen Planus,,False,
0001736730-25-000041,0001736730,2025-05-16,Camp4 Therapeutics Corp  (CAMP)  (CIK 0001736730),exhibit991-pressreleasemay.htm,2025-05-16,Nasdaq,CAMP,CMP-CPS-001,1,Urea Cycle Disorders,,False,
0001140361-25-019620,0000874015,2025-05-19,IONIS PHARMACEUTICALS INC  (IONS)  (CIK 0000874015),ef20049265_8k.htm,2025-05-19,Nasdaq,IONS,olezarsen,3,moderate hypertriglyceridemia,Essence,False,NCT05610280
0001104659-25-050219,0000921114,2025-05-19,"Armata Pharmaceuticals, Inc.  (ARMP)  (CIK 0000921114)",tm2515395d1_8k.htm,2025-05-19,NYSE American,ARMP,AP-SA02,1b/2a,Staphylococcus aureus bacteremia,diSArm,False,NCT05184764
0001193125-25-122511,0001681087,2025-05-19,"Tectonic Therapeutic, Inc.  (TECX)  (CIK 0001681087)",d939029dex991.htm,2025-05-17,NASDAQ,TECX,TX45,1b,Group 2 Pulmonary Hypertension in Heart Failure with preserved Ejection Fraction,,True,NCT06616974
0001193125-25-122156,0001894562,2025-05-19,"Prime Medicine, Inc.  (PRME)  (CIK 0001894562)",d863812d8k.htm,2025-05-19,Nasdaq,PRME,PM359,1/2,Chronic Granulomatous Disease,,False,
0001104659-25-050771,0001094038,2025-05-20,"Marker Therapeutics, Inc.  (MRKR)  (CIK 0001094038)",tm2515620d1_8k.htm,2025-05-20,Nasdaq,MRKR,MT-601,1,lymphoma,APOLLO,True,NCT05798897
0001193125-25-122821,0001590750,2025-05-20,"Viridian Therapeutics, Inc.\DE  (VRDN)  (CIK 0001590750)",d938560dex991.htm,2025-05-20,Nasdaq,VRDN,veligrotug,3,active thyroid eye disease,THRIVE,True,
0001827506-25-000063,0001827506,2025-05-20,"Tourmaline Bio, Inc.  (TRML)  (CIK 0001827506)",a20250520amexhibit991.htm,2025-05-20,NASDAQ,TRML,pacibekitug,2,elevated high-sensitivity C-reactive protein and chronic kidney disease,TRANQUILITY,False,NCT06362759
0001140361-25-020157,0001124105,2025-05-22,"GYRE THERAPEUTICS, INC.  (GYRE)  (CIK 0001124105)",ef20048898_8k.htm,2025-05-22,Nasdaq,GYRE,Hydronidone (F351),3,CHB-associated liver fibrosis,,False,NCT05115942
0001140361-25-020206,0001472091,2025-05-22,PDS Biotechnology Corp  (PDSB)  (CIK 0001472091),ef20049600_ex99-1.htm,2025-05-22,Nasdaq,PDSB,Versamune HPV,2,HPV16-positive r/m HNSCC,VERSATILE-002,True,NCT06790966
0001641172-25-012000,0001535955,2025-05-22,Lipocine Inc.  (LPCN)  (CIK 0001535955),ex99-1.htm,2025-05-22,NASDAQ,LPCN,LPCN 1148,2,cirrhosis,,True,NCT04874350
0000950170-25-076458,0001841387,2025-05-22,"Candel Therapeutics, Inc.  (CADL)  (CIK 0001841387)",cadl-20250522.htm,2025-05-22,Nasdaq,CADL,aglatimagene besadenovec (CAN-2409),3,localized prostate cancer,,True,
0001104659-25-052220,0001526119,2025-05-23,"Verastem, Inc.  (VSTM)  (CIK 0001526119)",tm2516049d1_8k.htm,2025-05-22,Nasdaq,VSTM,avutometinib plus defactinib,1/2,metastatic pancreatic ductal adenocarcinoma,RAMP 205,False,NCT05074810;NCT05669482
0001193125-25-125881,0001559053,2025-05-23,PROTHENA CORP PUBLIC LTD CO  (PRTA)  (CIK 0001559053),d891971d8k.htm,2025-05-23,NASDAQ,PRTA,birtamimab,3,AL amyloidosis,AFFIRM-AL,False,
0000950170-25-076911,0001782303,2025-05-23,"Boundless Bio, Inc.  (BOLD)  (CIK 0001782303)",bold-20250523.htm,2025-05-23,Nasdaq Global Select Market,BOLD,BBI-355,1/2,oncogene-amplified cancers,POTENTIATE,False,
0001140361-25-020409,0001281895,2025-05-27,"ROCKET PHARMACEUTICALS, INC.  (RCKT, RCKTW)  (CIK 0001281895)",ef20049685_ex99-1.htm,2025-05-27,NASDAQ,RCKT,RP-A501,2,Danon disease,,False,NCT06092034
0001193125-25-128680,0001701108,2025-05-28,"Spero Therapeutics, Inc.  (SPRO)  (CIK 0001701108)",d903768d8k.htm,2025-05-28,Nasdaq,SPRO,tebipenem HBr,3,complicated urinary tract infections (cUTIs),PIVOT-PO,False,NCT06059846
0001193125-25-129494,0001806310,2025-05-28,"Taysha Gene Therapies, Inc.  (TSHA)  (CIK 0001806310)",d904503d8k.htm,2025-05-28,Nasdaq,TSHA,TSHA-102,1/2,Rett syndrome,REVEAL,False,
0000950170-25-078428,0001835597,2025-05-28,PepGen Inc.  (PEPG)  (CIK 0001835597),pepg-20250528.htm,2025-05-28,Nasdaq,PEPG,PGN-EDO51,,Duchenne muscular dystrophy (DMD),CONNECT1-EDO51,False,
0001193125-25-130157,0001651311,2025-05-29,Merus N.V.  (MRUS)  (CIK 0001651311),d75320d8k.htm,2025-05-22,Nasdaq,MRUS,petosemtamab,2,,,True,
0001664710-25-000052,0001664710,2025-05-29,"Keros Therapeutics, Inc.  (KROS)  (CIK 0001664710)",exhibit99152925pr.htm,2025-05-29,Nasdaq,KROS,cibotercept (KER-012),2,pulmonary arterial hypertension (PAH),TROPOS,False,NCT05975905
0001193125-25-129849,0001806310,2025-05-29,"Taysha Gene Therapies, Inc.  (TSHA)  (CIK 0001806310)",d907074dex991.htm,2025-05-28,Nasdaq,TSHA,TSHA-102,1/2,Rett syndrome,REVEAL,False,
0000950170-25-079876,0000728387,2025-05-30,"Perspective Therapeutics, Inc.  (CATX)  (CIK 0000728387)",catx-ex99_1.htm,2025-05-30,NYSE AMERICAN,CATX,[212Pb]VMT-α-NET,1/2a,unresectable or metastatic somatostatin receptor type 2 (SSTR2) expressing neuroendocrine tumors (NETs),,True,NCT05636618
0001599298-25-000099,0001599298,2025-05-30,Summit Therapeutics Inc.  (SMMT)  (CIK 0001599298),a2025_prx0530-xxharmonix.htm,2025-05-30,NASDAQ,SMMT,ivonescimab,3,"EGFR-mutated, locally advanced or metastatic non-squamous non-small cell lung cancer",HARMONi,False,
0001104659-25-055240,0001442836,2025-06-02,"Mersana Therapeutics, Inc.  (MRSN)  (CIK 0001442836)",tm2516680d1_8k.htm,2025-06-02,NASDAQ,MRSN,emiltatug ledadotin,1,"triple-negative breast cancer; hormone-receptor-positive, human epidermal growth factor receptor 2-negative breast cancer; ovarian cancer; endometrial cancer and adenoid cystic carcinoma type 1",,True,NCT05377996
0001140361-25-021032,0001472091,2025-06-02,PDS Biotechnology Corp  (PDSB)  (CIK 0001472091),ef20050049_ex99-1.htm,2025-06-02,Nasdaq,PDSB,Versamune HPV,3,head and neck squamous cell carcinoma,VERSATILE-002,True,
0001104659-25-055286,0001526119,2025-06-02,"Verastem, Inc.  (VSTM)  (CIK 0001526119)",tm2516844d1_8k.htm,2025-06-02,Nasdaq,VSTM,GFH375,1,pancreatic ductal adenocarcinoma and non-small cell lung cancer,,True,
0001193125-25-132890,0001563880,2025-06-02,"Trevi Therapeutics, Inc.  (TRVI)  (CIK 0001563880)",d949267d8k.htm,2025-06-02,Nasdaq,TIVI,Haduvio,2b,chronic cough in patients with idiopathic pulmonary fibrosis,CORAL,False,
0001655759-25-000095,0001655759,2025-06-02,"ARVINAS, INC.  (ARVN)  (CIK 0001655759)",arvn-20250531.htm,2025-05-31,Nasdaq,ARVN,vepdegestrant,3,ER+/HER2- advanced or metastatic breast cancer,VERITAC-2,True,
0001711279-25-000055,0001711279,2025-06-02,"Krystal Biotech, Inc.  (KRYS)  (CIK 0001711279)",asco2025poster_02jun25fi.htm,2025-06-02,,,KB707,1/2,advanced solid tumor malignancies affecting the lungs,NCT06228326,False,NCT06228326
0001193125-25-132783,0001740279,2025-06-02,"IN8BIO, INC.  (INAB)  (CIK 0001740279)",d945167dex991.htm,2025-06-02,Nasdaq,INAB,INB-200,1,newly diagnosed glioblastoma multiforme,,True,
0001437749-25-019062,0001742927,2025-06-02,"REVIVA PHARMACEUTICALS HOLDINGS, INC.  (RVPH, RVPHW)  (CIK 0001742927)",ex_825814.htm,2025-06-02,NASDAQ,RVPH,brilaroxazine,3,schizophrenia,RECOVER,False,
0001193125-25-132760,0001815442,2025-06-02,"Kymera Therapeutics, Inc.  (KYMR)  (CIK 0001815442)",d57872d8k.htm,2025-06-02,Nasdaq,KYMR,KT-621,1,atopic dermatitis,,False,
0001193125-25-132736,0001831828,2025-06-02,"Vera Therapeutics, Inc.  (VERA)  (CIK 0001831828)",d916346d8k.htm,2025-06-02,Nasdaq,VERA,atacicept,3,IgA nephropathy,ORIGIN,False,NCT04716231
0001641172-25-013176,0001878313,2025-06-02,"MAIA Biotechnology, Inc.  (MAIA)  (CIK 0001878313)",form8-k.htm,2025-06-02,NYSE American,MAIA,THIO,2,non-small cell lung cancer,THIO-101,False,
0001370053-25-000052,0001370053,2025-06-03,"ANAPTYSBIO, INC  (ANAB)  (CIK 0001370053)",anaptysannouncespositive.htm,2025-06-03,Nasdaq,ANAB,rosnilimab,2b,rheumatoid arthritis,,True,
0001104659-25-056160,0001400118,2025-06-04,Sagimet Biosciences Inc.  (SGMT)  (CIK 0001400118),tm2517101d1_ex99-1.htm,2025-06-04,Nasdaq,SGMT,denifanstat,3,acne vulgaris,,False,NCT06192264
0001171843-25-003661,0001626971,2025-06-04,"Corvus Pharmaceuticals, Inc.  (CRVS)  (CIK 0001626971)",exh_991.htm,2025-06-04,Nasdaq,CRVS,soquelitinib,1,atopic dermatitis,,True,
0001437749-25-019375,0001659617,2025-06-04,"Moleculin Biotech, Inc.  (MBRX)  (CIK 0001659617)",ex_826738.htm,2025-06-04,Nasdaq,MBRX,Annamycin,1b/2,soft tissue sarcoma lung metastases,MB-107,False,NCT04887298
0001193125-25-134462,0002036042,2025-06-04,"Sionna Therapeutics, Inc.  (SION)  (CIK 0002036042)",d944102dex991.htm,2025-06-04,Nasdaq,SION,SION-719 and SION-451,1,cystic fibrosis,,False,
0001193125-25-137432,0001936258,2025-06-09,"NewAmsterdam Pharma Co N.V.  (NAMS, NAMSW)  (CIK 0001936258)",d74901d8k.htm,2025-06-09,Nasdaq,NAMS,obicetrapib,3,Alzheimer’s Disease,BROADWAY,False,NCT05142722
0001193125-25-137422,0002040807,2025-06-09,"Metsera, Inc.  (MTSR)  (CIK 0002040807)",d50153d8k.htm,2025-06-09,The Nasdaq Global Select Market,MTSR,MET-233i,1,obesity and overweight,,False,
0001140361-25-022023,0001104506,2025-06-10,INSMED Inc  (INSM)  (CIK 0001104506),ef20050418_8k.htm,2025-06-10,Nasdaq,INSM,treprostinil palmitil inhalation powder (TPIP),2b,pulmonary arterial hypertension,,False,
0001437749-25-020040,0000072444,2025-06-11,"Vaxart, Inc.  (VXRT)  (CIK 0000072444)",ex_829639.htm,2025-06-11,NASDAQ,VXRT,second-generation oral pill norovirus vaccine constructs,1,norovirus,,False,
0001193125-25-138737,0001759138,2025-06-11,"Cabaletta Bio, Inc.  (CABA)  (CIK 0001759138)",d78097dex991.htm,2025-06-11,Nasdaq,CABA,rese-cel,,"myositis, lupus and scleroderma","RESET-Myositis, RESET-SLE and RESET-SSc",False,
0001171843-25-003854,0000882361,2025-06-12,Aptose Biosciences Inc.  (APTOF)  (CIK 0000882361),exh_991.htm,2025-06-12,TSX,APS,tuspetinib,1/2,AML,TUSCANY,False,
0001549595-25-000086,0001549595,2025-06-12,"Nurix Therapeutics, Inc.  (NRIX)  (CIK 0001549595)",a250612_ehaxdataprxvfinal-.htm,2025-06-12,Nasdaq,NRIX,bexobrutideg (NX-5948),1a/b,chronic lymphocytic leukemia (CLL) and Waldenström macroglobulinemia (WM),NX-5948-301,False,NCT05131022
0001193125-25-140285,0001672619,2025-06-13,"Enliven Therapeutics, Inc.  (ELVN, IMRA)  (CIK 0001672619)",d877944d8k.htm,2025-06-13,Nasdaq,ELVN,ELVN-001,1,chronic myeloid leukemia,ENABLE,False,NCT05304377
0001641172-25-015172,0001053369,2025-06-16,ELITE PHARMACEUTICALS INC /NV/  (ELTP)  (CIK 0001053369),ex99-1.htm,2025-06-16,OTCBB,ELTP,undisclosed anticoagulant generic drug product,,,,False,
0001213900-25-054465,0001788028,2025-06-16,"Jasper Therapeutics, Inc.  (JSPR, JSPRW)  (CIK 0001788028)",ea0245793-8k_jasper.htm,2025-06-14,Nasdaq,JSPR,briquilimab,1b/2a,chronic inducible urticaria,SPOTLIGHT,False,
0001193125-25-141756,0001636282,2025-06-17,"Spyre Therapeutics, Inc.  (SYRE)  (CIK 0001636282)",d18728dex991.htm,2025-06-17,NASDAQ,SYRE,SPY002 and SPY072,1,Inflammatory Bowel Disease,,False,NCT07012395
0001641172-25-015342,0001701478,2025-06-17,"Azitra, Inc.  (AZTR)  (CIK 0001701478)",ex99-1.htm,2025-06-17,NYSE American,AZTR,ATR12-351,1b,Netherton syndrome,,False,NCT06137157
0001790340-25-000077,0001790340,2025-06-17,Immuneering Corp  (IMRX)  (CIK 0001790340),imrx-20250617.htm,2025-06-17,Nasdaq,IMRX,atebimetinib,2a,pancreatic cancer,mGnP Arm,False,
0001193125-25-141795,0001806952,2025-06-17,"Lyell Immunopharma, Inc.  (LYEL)  (CIK 0001806952)",d15114d8k.htm,2025-06-17,Nasdaq,LYEL,LYL314,1/2,large B-cell lymphoma,PiNACLE,False,
0001193125-25-141739,0001818794,2025-06-17,"Dyne Therapeutics, Inc.  (DYN)  (CIK 0001818794)",d47489d8k.htm,2025-06-17,Nasdaq,DYN,DYNE-101,1/2,myotonic dystrophy type 1,ACHIEVE,False,
0000950170-25-087068,0001851194,2025-06-17,"Ventyx Biosciences, Inc.  (VTYX)  (CIK 0001851194)",vtyx-20250617.htm,2025-06-17,Nasdaq,VTYX,VTX3232,2a,Parkinson’s disease,,False,NCT06556173
0001933414-25-000070,0001933414,2025-06-17,"Mineralys Therapeutics, Inc.  (MLYS)  (CIK 0001933414)",mlys-20250617.htm,2025-06-17,Nasdaq,MLYS,lorundrostat,2,hypertension,Explore-CKD,False,NCT06150924
0001558370-25-008711,0001727196,2025-06-18,Scholar Rock Holding Corp  (SRRK)  (CIK 0001727196),srrk-20250618x8k.htm,2025-06-18,Nasdaq,SRRK,apitegromab,2,obesity or overweight,EMBRAZE,False,
0000950170-25-088738,0000876343,2025-06-23,"Lineage Cell Therapeutics, Inc.  (LCTX)  (CIK 0000876343)",lctx-20250623.htm,2025-06-23,NYSE American,LCTX,RG6501 (OpRegen),1/2a,geographic atrophy (GA) secondary to age-related macular degeneration (AMD),,False,NCT02286089;NCT05626114
0001193125-25-144174,0001419041,2025-06-23,"Forte Biosciences, Inc.  (FBRX)  (CIK 0001419041)",d874957d8k.htm,2025-06-23,Nasdaq,FBRX,FB102,1b,celiac disease,FB102-101,False,
0001104659-25-061385,0001509745,2025-06-23,"LEAP THERAPEUTICS, INC.  (LPTX)  (CIK 0001509745)",tm2518612d1_8k.htm,2025-06-23,Nasdaq,LPTX,sirexatamab (DKN-01),2,advanced microsatellite stable (MSS) colorectal cancer (CRC),DeFianCe,True,NCT05480306
0000950170-25-088752,0001770121,2025-06-23,"Sana Biotechnology, Inc.  (SANA)  (CIK 0001770121)",sana-ex99_1.htm,2025-06-23,Nasdaq,SANA,UP421,,type 1 diabetes,,True,
0001104659-25-061371,0001787297,2025-06-23,"Passage BIO, Inc.  (PASG)  (CIK 0001787297)",tm2518584d1_8k.htm,2025-06-23,Nasdaq,PASG,PBFT02,1/2,frontotemporal dementia (FTD) with granulin (GRN) mutations,upliFT-D,False,NCT04747431
0001816590-25-000085,0001816590,2025-06-23,COMPASS Pathways plc  (CMPS)  (CIK 0001816590),cmps-20250623.htm,2025-06-19,Nasdaq,CMPS,COMP360,3,treatment-resistant depression (TRD),COMP005,False,
0001104659-25-061375,0001868279,2025-06-23,"ArriVent BioPharma, Inc.  (AVBP)  (CIK 0001868279)",tm2518615d1_ex99-1.htm,2025-06-23,Nasdaq,AVBP,firmonertinib,1b,EGFR PACC mutant non-small cell lung cancer,FURTHER,False,NCT05364073;NCT05607550
0001213900-25-056909,0000906709,2025-06-24,NEKTAR THERAPEUTICS  (NKTR)  (CIK 0000906709),ea0246672-8k_nektar.htm,2025-06-24,Nasdaq,NKTR,rezpegaldesleukin,2b,moderate-to-severe atopic dermatitis,REZOLVE-AD,False,
0001628280-25-032748,0001001233,2025-06-24,"SANGAMO THERAPEUTICS, INC  (SGMO)  (CIK 0001001233)",sgmo-20250624.htm,2025-06-24,Nasdaq,SGMO,isaralgagene civaparvovec (ST-920),1/2,Fabry disease,STAAR,False,
0000950170-25-089213,0001861560,2025-06-24,"Nuvalent, Inc.  (NUVL)  (CIK 0001861560)",nuvl-20250624.htm,2025-06-24,Nasdaq,NUVL,zidesamtinib,1/2,ROS1-positive non-small cell lung cancer,ARROS-1,False,
0000950170-25-089949,0001426800,2025-06-25,"ASSEMBLY BIOSCIENCES, INC.  (ASMB)  (CIK 0001426800)",asmb-20250625.htm,2025-06-25,Nasdaq,ASMB,ABI-4334,1b,chronic hepatitis B,,False,NCT06384131
0000320017-25-000043,0000320017,2025-06-26,"LISATA THERAPEUTICS, INC.  (LSTA)  (CIK 0000320017)",clbs-20250626.htm,2025-06-26,Nasdaq,LSTA,certepetide,2b,metastatic pancreatic cancer,ASCEND,True,NCT05042128
0001140361-25-023732,0001228627,2025-06-26,"Opus Genetics, Inc.  (IRD)  (CIK 0001228627)",ef20051231_8k.htm,2025-06-26,Nasdaq,IRD,Phentolamine Ophthalmic Solution 0.75%,3,presbyopia,VEGA-3,False,NCT06542497
0001326190-25-000037,0001326190,2025-06-26,"Altimmune, Inc.  (ALT)  (CIK 0001326190)",alt-20250626x8k.htm,2025-06-26,Nasdaq,ALT,pemvidutide,2b,metabolic dysfunction-associated steatohepatitis,IMPACT,False,NCT05989711
0000950170-25-090170,0001674416,2025-06-26,CRISPR Therapeutics AG  (CRSP)  (CIK 0001674416),crsp-20250626.htm,2025-06-26,Nasdaq,CRSP,CTX310,1,cardiovascular disease,,True,
0001104659-25-063028,0001710072,2025-06-26,"Edgewise Therapeutics, Inc.  (EWTX)  (CIK 0001710072)",tm2519221d1_8k.htm,2025-06-26,Nasdaq,EWTX,sevasemten,2,Becker and Duchenne muscular dystrophies,MESA,True,
0001824293-25-000082,0001824293,2025-06-26,"GRI Bio, Inc.  (GRI)  (CIK 0001824293)",ex991_pressrelease6weeksaf.htm,2025-06-26,Nasdaq,GRI,GRI-0621,2a,Idiopathic Pulmonary Fibrosis,,False,NCT06331624
0000950170-25-090172,0001832038,2025-06-26,"Invivyd, Inc.  (IVVD)  (CIK 0001832038)",ivvd-20250626.htm,2025-06-26,Nasdaq,IVVD,VYD2311,1/2,COVID-19,,False,
0001999480-25-000053,0001999480,2025-06-26,"Alto Neuroscience, Inc.  (ANRO)  (CIK 0001999480)",exhibit991-pressrelease.htm,2025-06-26,NYSE,ANRO,ALTO-203,2,major depressive disorder,,False,
0001600620-25-000083,0001600620,2025-06-30,Aurinia Pharmaceuticals Inc.  (AUPH)  (CIK 0001600620),auph-20250630.htm,2025-06-30,Nasdaq,AUPH,aritinercept (AUR200),1,autoimmune diseases,,False,
0001213900-25-059252,0001711754,2025-06-30,"Inmune Bio, Inc.  (INMB)  (CIK 0001711754)",ea0247460-8k_inmune.htm,2025-06-29,Nasdaq,INMB,XPro™,2,early Alzheimer’s Disease,MINDFuL,False,NCT05318976
0001193805-25-000946,0001768224,2025-06-30,Arcturus Therapeutics Holdings Inc.  (ARCT)  (CIK 0001768224),e664658_ex99-1.htm,2025-06-30,Nasdaq,ARCT,ARCT-810,2,Ornithine Transcarbamylase (OTC) Deficiency,,False,
0001140361-25-024290,0001840904,2025-07-01,ATAI Life Sciences N.V.  (ATAI)  (CIK 0001840904),ef20051402_8k.htm,2025-07-01,Nasdaq,ATAI,BPL-003,2b,treatment-resistant depression,,False,NCT05870540
0001193125-25-155811,0001622229,2025-07-07,"Cogent Biosciences, Inc.  (COGT)  (CIK 0001622229)",d156610d8k.htm,2025-07-07,Nasdaq,COGT,bezuclastinib,,non-advanced systemic mastocytosis,SUMMIT,False,
0001213900-25-061632,0001788028,2025-07-07,"Jasper Therapeutics, Inc.  (JSPR, JSPRW)  (CIK 0001788028)",ea024825201ex99-1_jasper.htm,2025-07-07,Nasdaq,JSPR,briquilimab,1b/2a,chronic spontaneous urticaria,BEACON,True,
0001104659-25-065926,0001974640,2025-07-07,"Apogee Therapeutics, Inc.  (APGE)  (CIK 0001974640)",tm2519512d2_8k.htm,2025-07-07,Nasdaq,APGE,APG777,2,moderate-to-severe atopic dermatitis,APEX,False,
0001213900-25-061939,0001739174,2025-07-08,BiomX Inc.  (PHGE)  (CIK 0001739174),ea0248257-8k_biomx.htm,2025-07-08,NYSE American,PHGE,BX004,1b/2a,cystic fibrosis,,True,
0000950170-25-094445,0001850270,2025-07-08,PROKIDNEY CORP.  (PROK)  (CIK 0001850270),prok-20250708.htm,2025-07-08,Nasdaq,PROK,rilparencel,2,chronic kidney disease and diabetes,REGEN-007,False,
0001999371-25-008877,0001430306,2025-07-09,Tonix Pharmaceuticals Holding Corp.  (TNXP)  (CIK 0001430306),ex99-01.htm,2025-07-09,Nasdaq,TNXP,TNX-102 SL,3,fibromyalgia,RESILIENT,True,NCT05273749
0001104659-25-066724,0001649904,2025-07-09,"RHYTHM PHARMACEUTICALS, INC.  (RYTM)  (CIK 0001649904)",tm2520203d1_8k.htm,2025-07-09,Nasdaq,RYTM,bivamelagon,2,acquired hypothalamic obesity,,False,
0001193125-25-157390,0001622229,2025-07-10,"Cogent Biosciences, Inc.  (COGT)  (CIK 0001622229)",d92808dex991.htm,2025-07-07,NASDAQ,COGT,bezuclastinib,2,non-advanced systemic mastocytosis,SUMMIT,False,
0001193125-25-157364,0001623526,2025-07-10,"Stoke Therapeutics, Inc.  (STOK)  (CIK 0001623526)",d873782dex991.htm,2025-07-10,Nasdaq,STOK,zorevunersen,3,Dravet syndrome,EMPEROR,True,
0001641172-25-018894,0001401914,2025-07-14,"Dare Bioscience, Inc.  (DARE)  (CIK 0001401914)",ex99-1.htm,2025-07-14,NASDAQ,DARE,Ovaprene,3,contraceptive,,False,NCT06127199
0001641172-25-019645,0001962011,2025-07-15,"Kairos Pharma, LTD.  (KAPA)  (CIK 0001962011)",ex99-1.htm,2025-07-15,NYSE American,KAPA,ENV-105,2,metastatic castration-resistant prostate cancer,,False,
0001558370-25-009264,0001429260,2025-07-16,"Fortress Biotech, Inc.  (FBIO, FBIOP)  (CIK 0001429260)",fbio-20250716x8k.htm,2025-07-16,Nasdaq,FBIO,anselamimab,3,light chain (AL) amyloidosis,CARES,True,
0001437749-25-022877,0001401040,2025-07-17,DiaMedica Therapeutics Inc.  (DMAC)  (CIK 0001401040),ex_839667.htm,2025-07-17,Nasdaq,DMAC,DM199,2,preeclampsia,,False,
0000950170-25-097323,0001520262,2025-07-21,Alkermes plc.  (ALKS)  (CIK 0001520262),alks-20250721.htm,2025-07-21,Nasdaq,ALKS,alixorexton,2,narcolepsy type 1,Vibrance-1,False,NCT06358950;NCT06555783;NCT06843590
0001023024-25-000072,0001023024,2025-07-23,ANI PHARMACEUTICALS INC  (ANIP)  (CIK 0001023024),anip-20250723xexx991.htm,2025-07-23,Nasdaq,ANIP,ILUVIEN,,diabetic macular edema,NEW DAY,False,
0001711279-25-000069,0001711279,2025-07-24,"Krystal Biotech, Inc.  (KRYS)  (CIK 0001711279)",a07242025-kb304xexhibit991.htm,2025-07-24,NASDAQ,KRYS,KB304,1,moderate to severe wrinkles of the décolleté,PEARL-2,False,NCT06724900
0001493152-25-011441,0000946644,2025-07-28,"AIM ImmunoTech Inc.  (AIM, AIMI)  (CIK 0000946644)",ex99-1.htm,2025-07-28,NYSE American,AIM,Ampligen (rintatolimod),2,metastatic pancreatic cancer,DURIPANC,False,NCT05927142
0001437749-25-023646,0001053691,2025-07-28,CervoMed Inc.  (CRVO)  (CIK 0001053691),ex_844372.htm,2025-07-28,NASDAQ,CRVO,neflamapimod,2b,dementia with Lewy bodies,RewinD-LB,False,
0001558370-25-009739,0001557746,2025-07-29,"Aclaris Therapeutics, Inc.  (ACRS)  (CIK 0001557746)",acrs-20250729x8k.htm,2025-07-29,,,ATI-2138,2a,alopecia areata,,False,
0001104659-25-071953,0001566044,2025-07-30,VYNE Therapeutics Inc.  (VYNE)  (CIK 0001566044),tm2522042d1_8k.htm,2025-07-30,Nasdaq,VYNE,Repibresib gel,2b,nonsegmental vitiligo,,False,
0001213900-25-068954,0001873875,2025-07-30,Incannex Healthcare Inc.  (IXHL)  (CIK 0001873875),ea0250564-8k_incannex.htm,2025-07-30,Nasdaq,IXHL,IHL-42X,2,obstructive sleep apnoea,RePOSA,False,
0000950170-25-099891,0001936258,2025-07-30,"NewAmsterdam Pharma Co N.V.  (NAMS, NAMSW)  (CIK 0001936258)",nams-20250730.htm,2025-07-30,Nasdaq,NAMS,obicetrapib,3,Alzheimer’s disease,BROADWAY,False,NCT05142722
0001104659-25-072708,0000812796,2025-07-31,"SOLIGENIX, INC.  (SNGX)  (CIK 0000812796)",tm2522246d1_ex99-1.htm,2025-07-31,Nasdaq,SNGX,SGX945 (dusquetide),2a,Behçet’s Disease,DUS-AUBD-01,False,
0001789769-25-000074,0001789769,2025-07-31,"Instil Bio, Inc.  (TIL)  (CIK 0001789769)",til-20250731.htm,2025-07-31,Nasdaq,TIL,IMM2510/AXN-2510,2,non-small cell lung cancer,Phase 2 Chemo Combo Trial,False,
0001824293-25-000094,0001824293,2025-07-31,"GRI Bio, Inc.  (GRI)  (CIK 0001824293)",ex991_pressrelease6weekbio.htm,2025-07-31,NASDAQ,GRI,GRI-0621,2a,Idiopathic Pulmonary Fibrosis,,False,NCT06331624
0001437749-25-024720,0000946486,2025-08-05,"WINDTREE THERAPEUTICS INC /DE/  (WINT, WINTW)  (CIK 0000946486)",ex_848198.htm,2025-08-05,NasdaqCM,WINT,istaroxime,2,cardiogenic shock,SEISMiC C,False,
0001641172-25-022153,0001412486,2025-08-05,"Cocrystal Pharma, Inc.  (COCP)  (CIK 0001412486)",ex99-1.htm,2025-08-05,Nasdaq,COCP,CDI-988,1,norovirus,,True,
0001628280-25-038094,0001357874,2025-08-06,PRECISION BIOSCIENCES INC  (DTIL)  (CIK 0001357874),dtil-20250806xex991.htm,2025-08-06,Nasdaq,DTIL,PBGENE-HBV,1,chronic hepatitis B,ELIMINATE-B,False,
0000950170-25-103975,0001404281,2025-08-06,"Eledon Pharmaceuticals, Inc.  (ELDN)  (CIK 0001404281)",eldn-20250806.htm,2025-08-06,NASDAQ,ELDN,tegoprubart,1b,prevention of organ rejection in kidney transplant,,True,NCT05983770;NCT06126380
0001193125-25-176138,0001426800,2025-08-08,"ASSEMBLY BIOSCIENCES, INC.  (ASMB)  (CIK 0001426800)",d802767d8k.htm,2025-08-08,Nasdaq,ASMB,ABI-5366,1b,recurrent genital herpes,,False,NCT06385327
0001213900-25-073321,0001873875,2025-08-08,Incannex Healthcare Inc.  (IXHL)  (CIK 0001873875),ea0252400-8k_incannex.htm,2025-08-08,Nasdaq,IXHL,IHL-42X,2,obstructive sleep apnoea,RePOSA,True,
0001193125-25-177471,0001865494,2025-08-11,"IO Biotech, Inc.  (IOBT)  (CIK 0001865494)",d454108d8k.htm,2025-08-11,Nasdaq,IOBT,Cylembio,3,advanced melanoma,,False,NCT05077709;NCT05155254;NCT05280314
0001601485-25-000114,0001601485,2025-08-12,"Elicio Therapeutics, Inc.  (ELTX)  (CIK 0001601485)",a2025-08x12xeltxxupdated.htm,2025-08-12,Nasdaq,ELTX,ELI-002,1,cancer,AMPLIFY-201,True,NCT04853017;NCT05726864
0001104659-25-077659,0001526119,2025-08-13,"Verastem, Inc.  (VSTM)  (CIK 0001526119)",tm2523452d1_8k.htm,2025-08-13,Nasdaq,VSTM,GFH375 (VS-7375),1/2,advanced non-small cell lung cancer,,True,
0001171843-25-005463,0000882361,2025-08-18,Aptose Biosciences Inc.  (APTOF)  (CIK 0000882361),exh_991.htm,2025-08-18,OTC,APTOF,tuspetinib (TUS),1/2,newly diagnosed AML,TUSCANY,True,NCT03850574
0001607678-25-000003,0001607678,2025-08-19,"Viking Therapeutics, Inc.  (VKTX)  (CIK 0001607678)",vktx-20250819.htm,2025-08-19,NASDAQ,VKTX,VK2735,2,obesity,VENTURE-Oral Dosing,False,
0001193125-25-184680,0001029142,2025-08-21,DYNAVAX TECHNOLOGIES CORP  (DVAX)  (CIK 0001029142),d57006d8k.htm,2025-08-21,Nasdaq,DVAX,Z-1018,1/2,shingles,,False,
0001104659-25-082783,0001094038,2025-08-26,"Marker Therapeutics, Inc.  (MRKR)  (CIK 0001094038)",tm2524197d1_ex99-1.htm,2025-08-26,Nasdaq,MRKR,MT-601,1,lymphoma,APOLLO,False,NCT05798897
0001213900-25-080509,0001873875,2025-08-26,Incannex Healthcare Inc.  (IXHL)  (CIK 0001873875),ea0254452-8k_incannex.htm,2025-08-26,Nasdaq,IXHL,PSX-001,2,Generalised Anxiety Disorder,,False,
0001193125-25-189765,0001559053,2025-08-27,PROTHENA CORP PUBLIC LTD CO  (PRTA)  (CIK 0001559053),d38911d8k.htm,2025-08-27,NASDAQ,PRTA,PRX012,1,early symptomatic Alzheimer’s disease,ASCENT,True,
0001437749-25-027798,0001659617,2025-08-27,"Moleculin Biotech, Inc.  (MBRX)  (CIK 0001659617)",ex_857342.htm,2025-08-27,Nasdaq,MBRX,Annamycin,1B/2,acute myeloid leukemia,MB-106,True,NCT06788756
0001104659-25-083402,0001720893,2025-08-27,"BioXcel Therapeutics, Inc.  (BTAI)  (CIK 0001720893)",tm2524474d1_8k.htm,2025-08-27,The Nasdaq Capital Market,BTAI,BXCL501,3,agitation associated with bipolar disorders or schizophrenia,SERENITY At-Home,False,
0001140361-25-033541,0000874015,2025-09-02,IONIS PHARMACEUTICALS INC  (IONS)  (CIK 0000874015),ef20054942_8k.htm,2025-09-02,Nasdaq,IONS,olezarsen,3,severe hypertriglyceridemia (sHTG),CORE and CORE2,False,NCT05079919;NCT05552326
0000950170-25-112564,0001061983,2025-09-02,CYTOKINETICS INC  (CYTK)  (CIK 0001061983),cytk-ex99_1.htm,2025-08-30,Nasdaq,CYTK,aficamten,3,symptomatic obstructive hypertrophic cardiomyopathy (oHCM),MAPLE-HCM,False,
0001104659-25-085976,0001082554,2025-09-02,UNITED THERAPEUTICS Corp  (UTHR)  (CIK 0001082554),tm2524831d1_8k.htm,2025-09-02,Nasdaq,UTHR,Tyvaso (treprostinil) Inhalation Solution,3,idiopathic pulmonary fibrosis (IPF),TETON-2,False,NCT04708782;NCT04905693;NCT05255991
0002022626-25-000005,0002022626,2025-09-02,"Upstream Bio, Inc.  (UPB)  (CIK 0002022626)",upb-20250902.htm,2025-09-02,Nasdaq,UPB,verekitug,2,chronic rhinosinusitis with nasal polyps (CRSwNP),VIBRANT,False,NCT06164704;NCT06196879;NCT06966479;NCT06981078
0000950170-25-112570,0001061983,2025-09-03,CYTOKINETICS INC  (CYTK)  (CIK 0001061983),cytk-ex99_1.htm,2025-08-31,Nasdaq,CYTK,aficamten,,obstructive hypertrophic cardiomyopathy,MAPLE-HCM,True,
0001640334-25-001617,0001621221,2025-09-03,"ARTELO BIOSCIENCES, INC.  (ARTL, ATLEW)  (CIK 0001621221)",artl_8k.htm,2025-09-03,Nasdaq,ARTL,ART27.13,2,cancer anorexia-cachexia syndrome (CACS),CAReS,False,
0001193125-25-194511,0001631574,2025-09-03,Wave Life Sciences Ltd.  (WVE)  (CIK 0001631574),d67509d8k.htm,2025-09-03,Nasdaq,WVE,WVE-006,1b/2a,alpha-1 antitrypsin deficiency (AATD),RestorAATion-2,False,NCT06405633
0001140361-25-033767,0001635088,2025-09-03,Roivant Sciences Ltd.  (ROIV)  (CIK 0001635088),ef20055076_ex99-1.htm,2025-09-03,Nasdaq,IMVT,batoclimab,,Graves' disease,,False,
0001764013-25-000136,0001764013,2025-09-03,"Immunovant, Inc.  (IMVT)  (CIK 0001764013)",exhibit991202593.htm,2025-09-03,Nasdaq,IMVT,batoclimab,,Graves' disease,,False,
0001001233-25-000006,0001001233,2025-09-04,"SANGAMO THERAPEUTICS, INC  (SGMO)  (CIK 0001001233)",sgmo-20250904.htm,2025-09-04,Nasdaq,SGMO,isaralgagene civaparvovec,1/2,Fabry disease,STAAR,True,
0000950170-25-113599,0001061983,2025-09-08,CYTOKINETICS INC  (CYTK)  (CIK 0001061983),cytk-ex99_1.htm,2025-08-31,Nasdaq,CYTK,aficamten,,hypertrophic cardiomyopathy,MAPLE-HCM,True,
0000950170-25-113553,0001515673,2025-09-08,Ultragenyx Pharmaceutical Inc.  (RARE)  (CIK 0001515673),rare-20250908.htm,2025-09-08,Nasdaq,RARE,DTX401,3,glycogen storage disease type Ia,,True,
0000950170-25-113379,0001520262,2025-09-08,Alkermes plc.  (ALKS)  (CIK 0001520262),alks-ex99_1.htm,2025-09-08,Nasdaq,ALKS,alixorexton,2,narcolepsy type 1,Vibrance-1,False,NCT06358950;NCT06555783;NCT06843590
0001664710-25-000081,0001664710,2025-09-08,"Keros Therapeutics, Inc.  (KROS)  (CIK 0001664710)",exhibit9919825pr.htm,2025-09-08,Nasdaq,KROS,KER-065,1,Duchenne muscular dystrophy,,True,
0001193125-25-197605,0001676725,2025-09-08,"IDEAYA Biosciences, Inc.  (IDYA)  (CIK 0001676725)",d38716d8k.htm,2025-09-07,Nasdaq,IDYA,IDE849,1,small cell lung cancer,,False,
0001193125-25-197751,0001690585,2025-09-08,"Dianthus Therapeutics, Inc. /DE/  (DNTH)  (CIK 0001690585)",d933929d8k.htm,2025-09-08,Nasdaq,DNTH,claseprubart (DNTH103),2,generalized Myasthenia Gravis (gMG),MaGic,False,
0001493152-25-012769,0001878313,2025-09-08,"MAIA Biotechnology, Inc.  (MAIA)  (CIK 0001878313)",form8-k.htm,2025-09-08,NYSE American,MAIA,THIO,2,advanced non-small cell lung cancer (NSCLC),THIO-101,False,
0001193125-25-197610,0002012593,2025-09-08,"Rapport Therapeutics, Inc.  (RAPP)  (CIK 0002012593)",d919002d8k.htm,2025-09-08,Nasdaq,RAPP,RAP-219,2a,focal onset seizures,RAP-219-FOS-201,False,
0001810560-25-000006,0001810560,2025-09-09,"REVELATION BIOSCIENCES, INC.  (REVB, REVBW)  (CIK 0001810560)",revb-20250909.htm,2025-09-09,NASDAQ,REVB,Gemini,1b,chronic kidney disease (CKD),PRIME,False,
0001558370-25-011954,0001868279,2025-09-09,"ArriVent BioPharma, Inc.  (AVBP)  (CIK 0001868279)",avbp-20250909xex99d1.htm,2025-09-09,Nasdaq,AVBP,firmonertinib,1b,EGFR PACC mutant non-small cell lung cancer,FURTHER,False,NCT05607550
0001193125-25-200078,0001628171,2025-09-10,"Revolution Medicines, Inc.  (RVMD, RVMDW)  (CIK 0001628171)",d947102d8k.htm,2025-09-10,Nasdaq,RVMD,daraxonrasib,1,metastatic RAS-mutant pancreatic ductal adenocarcinoma,RMC-6236-001,False,
0001104659-25-088800,0001720893,2025-09-10,"BioXcel Therapeutics, Inc.  (BTAI)  (CIK 0001720893)",tm2525736d1_8k.htm,2025-09-10,Nasdaq,BTAI,BXCL501,3,agitation associated with bipolar disorders or schizophrenia,SERENITY At-Home,False,
0001193125-25-200760,0001842295,2025-09-11,"Maze Therapeutics, Inc.  (MAZE)  (CIK 0001842295)",d90404dex992.htm,2025-09-11,Nasdaq,MAZE,MZE782,1,Phenylketonuria and Chronic Kidney Disease,,False,
0001493152-25-013074,0001878313,2025-09-11,"MAIA Biotechnology, Inc.  (MAIA)  (CIK 0001878313)",ex99-1.htm,2025-09-11,NYSE American,MAIA,ateganosine,2,advanced non-small cell lung cancer,THIO-101,True,NCT05208944
0001193125-25-202865,0001339970,2025-09-15,aTYR PHARMA INC  (ATYR)  (CIK 0001339970),atyr-20250915.htm,2025-09-15,,,Efzofitimod,3,Pulmonary Sarcoidosis,EFZO-FIT,False,
0001437749-25-029005,0001645469,2025-09-15,Monopar Therapeutics  (MNPR)  (CIK 0001645469),ex_861328.htm,2025-09-14,Nasdaq,MNPR,ALXN1840,,Wilson disease,,False,
0001193125-25-205107,0001671584,2025-09-16,Aptevo Therapeutics Inc.  (APVO)  (CIK 0001671584),apvo-ex99_1.htm,2025-09-16,Nasdaq,APVO,mipletamig,1b/2,acute myeloid leukemia,RAINIER,False,
0001193125-25-205522,0001601485,2025-09-17,"Elicio Therapeutics, Inc.  (ELTX)  (CIK 0001601485)",d38971dex991.htm,2025-09-17,Nasdaq,ELTX,ELI-002 7P,2,cancer,AMPLIFY-7P,False,NCT04853017;NCT05726864
0001140361-25-035190,0001635088,2025-09-17,Roivant Sciences Ltd.  (ROIV)  (CIK 0001635088),ef20055655_8k.htm,2025-09-17,Nasdaq,ROIV,brepocitinib,3,dermatomyositis,VALOR,False,
0001213900-25-088792,0000906709,2025-09-18,NEKTAR THERAPEUTICS  (NKTR)  (CIK 0000906709),ea025784201ex99-1_nektar.htm,,,,rezpegaldesleukin,2b,atopic dermatitis,REZOLVE-AD,False,
0001437749-25-029347,0000925741,2025-09-18,"BioCardia, Inc.  (BCDA)  (CIK 0000925741)",bcda20250917_8k.htm,2025-09-18,Nasdaq,BCDA,CardiAMP Cell Therapy,,Chronic Myocardial Ischemia,CardiAMP Cell Therapy in Chronic Myocardial Ischemia Trial,False,
0001753926-25-001525,0001347242,2025-09-18,LIPELLA PHARMACEUTICALS INC.  (LIPO)  (CIK 0001347242),g084955_8k.htm,2025-09-18,Nasdaq,LIPO,LP-10,2a,oral lichen planus,,False,
0001437749-25-029349,0001855175,2025-09-18,"Contineum Therapeutics, Inc.  (CTNM)  (CIK 0001855175)",ctnm20250910_8k.htm,2025-09-18,Nasdaq,CTNM,PIPE-791,1b,idiopathic pulmonary fibrosis and progressive multiple sclerosis,Phase 1b Positron Emission Tomography (PET) Trial,False,NCT06683612
0001493152-25-013975,0001962011,2025-09-18,"Kairos Pharma, LTD.  (KAPA)  (CIK 0001962011)",ex99-1.htm,2025-09-18,NYSE American,KAPA,ENV105,2,metastatic castration-resistant prostate cancer,,True,
0001140361-25-035634,0000874015,2025-09-22,IONIS PHARMACEUTICALS INC  (IONS)  (CIK 0000874015),ef20055880_8k.htm,2025-09-22,Nasdaq,IONS,zilganersen,1-3,Alexander disease,NCT04849741,False,NCT04849741
0001213900-25-090129,0000907654,2025-09-22,"Oruka Therapeutics, Inc.  (ORKA)  (CIK 0000907654)",ea0257865-8k_oruka.htm,2025-09-17,Nasdaq,ORKA,ORKA-001,1,plaque psoriasis,,False,
0001628280-25-042245,0001662579,2025-09-22,"C4 Therapeutics, Inc.  (CCCC)  (CIK 0001662579)",cccc-20250920xexx991.htm,2025-09-20,Nasdaq,CCCC,cemsidomide,1,relapsed/refractory multiple myeloma,,False,
0001193125-25-210049,0001776111,2025-09-22,"MBX Biosciences, Inc.  (MBX)  (CIK 0001776111)",mbx-20250922.htm,2025-09-22,Nasdaq,MBX,canvuparatide,2,chronic hypoparathyroidism,Avail,False,NCT06465108
0001493152-25-014393,0001904286,2025-09-22,"MIRA PHARMACEUTICALS, INC.  (MIRA)  (CIK 0001904286)",form8-k.htm,2025-09-22,The Nasdaq Capital Market,MIRA,Ketamir-2,1,neuropathic pain,,False,
0001140361-25-035777,0001840904,2025-09-23,ATAI Life Sciences N.V.  (ATAI)  (CIK 0001840904),ef20055927_8k.htm,2025-09-23,NASDAQ,ATAI,BPL-003,2a,treatment-resistant depression,,False,NCT05660642
0001104659-25-092740,0001590560,2025-09-24,uniQure N.V.  (QURE)  (CIK 0001590560),qure-20250924x8k.htm,2025-09-24,NASDAQ,QURE,AMT-130,1/2,Huntington’s disease,,False,NCT04120493
0001104659-25-092776,0001802665,2025-09-24,"Harmony Biosciences Holdings, Inc.  (HRMY)  (CIK 0001802665)",hrmy-20250924x8k.htm,2025-09-24,Nasdaq,HRMY,ZYN002,3,Fragile X syndrome,RECONNECT,False,
0001193125-25-215435,0001835597,2025-09-24,PepGen Inc.  (PEPG)  (CIK 0001835597),d67598dex991.htm,2025-09-24,Nasdaq,PEPG,PGN-EDODM1,1,myotonic dystrophy type 1,FREEDOM-DM1,True,
0001213900-25-090872,0001860657,2025-09-24,"Allarity Therapeutics, Inc.  (ALLR)  (CIK 0001860657)",ea0258492-8k_allarity.htm,2025-09-22,NASDAQ,ALLR,stenoparib/2X-121,2,advanced ovarian cancer,,True,
0001193805-25-001357,0001280776,2025-09-25,"IMMUNIC, INC.  (IMUX)  (CIK 0001280776)",e664856_8k-immunic.htm,2025-09-25,Nasdaq,IMUX,vidofludimus calcium,2,multiple sclerosis,CALLIPER,False,
0001193125-25-217810,0001661181,2025-09-25,Organogenesis Holdings Inc.  (ORGO)  (CIK 0001661181),d870311d8k.htm,2025-09-25,Nasdaq,ORGO,ReNu,3,knee osteoarthritis,,False,
0001193125-25-221527,0001177648,2025-09-29,ENANTA PHARMACEUTICALS INC  (ENTA)  (CIK 0001177648),d16388d8k.htm,2025-09-29,NASDAQ,ENTA,zelicapavir,2b,Respiratory Syncytial Virus,RSVHR,False,
0001193125-25-221791,0001177648,2025-09-29,ENANTA PHARMACEUTICALS INC  (ENTA)  (CIK 0001177648),d65423d8k.htm,2025-09-29,,,Zelicapavir,2b,RSV,RSVHR,False,
0001193125-25-221538,0001374690,2025-09-29,"Larimar Therapeutics, Inc.  (LRMR)  (CIK 0001374690)",d24800dex991.htm,2025-09-29,Nasdaq,LRMR,nomlabofusp,,Friedreich’s ataxia,,False,
0001104659-25-094125,0001479419,2025-09-29,"KALA BIO, Inc.  (KALA)  (CIK 0001479419)",tm2527340d1_8k.htm,2025-09-29,NASDAQ,KALA,KPI-012,2b,persistent corneal epithelial defect (PCED),CHASE,False,
0001213900-25-092614,0001821586,2025-09-29,MoonLake Immunotherapeutics  (MLTX)  (CIK 0001821586),ea025912901ex99-1_moonlake.htm,2025-09-28,NASDAQ,MLTX,sonelokimab,3,hidradenitis suppurativa,VELA,False,NCT03384745;NCT05322473;NCT06411379;NCT06411899;NCT06641076;NCT06641089;NCT06768671
0001193125-25-223440,0002040807,2025-09-29,"Metsera, Inc.  (MTSR)  (CIK 0002040807)",d943312d8k.htm,2025-09-29,Nasdaq,MTSR,MET-097i,2b,overweight or obesity,VESPER-1 and VESPER-3,False,
0001140361-25-036637,0001228627,2025-09-30,"Opus Genetics, Inc.  (IRD)  (CIK 0001228627)",ef20056246_8k.htm,2025-09-30,,,OPGx-LCA5,1/2,inherited retinal diseases,,False,
0001213900-25-093930,0001711754,2025-09-30,"Inmune Bio, Inc.  (INMB)  (CIK 0001711754)",ea0258531-8k_inmune.htm,2025-09-29,Nasdaq,INMB,XPro1595,2,Alzheimer’s disease,MINDFuL,False,
0001193125-25-230409,0001636651,2025-10-03,Ovid Therapeutics Inc.  (OVID)  (CIK 0001636651),d45212d8k.htm,2025-10-03,Nasdaq,OVID,OV329,1,drug-resistant epilepsies,,False,
0001628280-25-044223,0001516551,2025-10-06,"Skye Bioscience, Inc.  (SKYE)  (CIK 0001516551)",a251006_skyexnrxp2topline.htm,2025-10-06,Nasdaq,SKYE,nimacimab,2a,obesity,CBeyond,False,NCT06577090
0001628280-25-044212,0001655759,2025-10-06,"ARVINAS, INC.  (ARVN)  (CIK 0001655759)",arvn-20251005.htm,2025-10-05,Nasdaq,ARVN,ARV-102,1,Parkinson’s disease,ARV-102-101 and ARV-102-103,False,
0001724521-25-000107,0001724521,2025-10-06,"Arcus Biosciences, Inc.  (RCUS)  (CIK 0001724521)",rcus-20251006.htm,2025-10-06,The New York Stock Exchange,RCUS,casdatifan,1/1b,metastatic clear cell renal cell carcinoma,ARC-20,False,
0001104659-25-097153,0001819411,2025-10-06,"Gain Therapeutics, Inc.  (GANX)  (CIK 0001819411)",tm2528094d1_8k.htm,2025-10-06,The Nasdaq Stock Market LLC,GANX,GT-02287,1b,Parkinson’s disease,,False,
0001193125-25-231903,0001840439,2025-10-06,"Biomea Fusion, Inc.  (BMEA)  (CIK 0001840439)",d79150d8k.htm,2025-10-06,The Nasdaq Global Market,BMEA,icovamenib,2,Type 2 diabetes,COVALENT-111,True,
0001193125-25-232539,0001720580,2025-10-07,"Adicet Bio, Inc.  (ACET)  (CIK 0001720580)",acet-20251007.htm,2025-10-07,Nasdaq,ACET,ADI-001,1,Lupus Nephritis and Systemic Lupus Erythematosus,,False,
0001193125-25-232514,0001907108,2025-10-07,"Lexeo Therapeutics, Inc.  (LXEO)  (CIK 0001907108)",lxeo-20251007.htm,2025-10-07,,,LX2006,1/2,Friedreich ataxia cardiomyopathy,,False,
0001493152-25-017208,0001962011,2025-10-07,"Kairos Pharma, LTD.  (KAPA)  (CIK 0001962011)",ex99-1.htm,2025-10-07,NYSE American,KAPA,ENV105 (carotuximab),2,prostate cancer,,False,NCT05534646
0001437749-25-030719,0001053691,2025-10-08,CervoMed Inc.  (CRVO)  (CIK 0001053691),crvo20251008_8k.htm,2025-10-08,NASDAQ,CRVO,neflamapimod,2b,dementia with Lewy bodies,RewinD-LB,False,
0001193125-25-235533,0001759138,2025-10-09,"Cabaletta Bio, Inc.  (CABA)  (CIK 0001759138)",caba-ex99_1.htm,2025-10-09,Nasdaq,CABA,rese-cel,1/2,pemphigus vulgaris,RESET-PV,False,
0001193125-25-235212,0001806310,2025-10-09,"Taysha Gene Therapies, Inc.  (TSHA)  (CIK 0001806310)",d949053dex991.htm,2025-10-09,Nasdaq,TSHA,TSHA-102,1/2,Rett syndrome,REVEAL,True,
0001104659-25-098908,0001346830,2025-10-14,"Tvardi Therapeutics, Inc.  (TVRD)  (CIK 0001346830)",tm2528638d1_8k.htm,2025-10-13,NASDAQ,TVRD,TTI-101,2,idiopathic pulmonary fibrosis,REVERT,False,NCT05440708
0001104659-25-099029,0001829635,2025-10-14,"Transcode Therapeutics, Inc.  (RNAZ)  (CIK 0001829635)",tm2528668d1_ex99-1.htm,2025-10-14,Nasdaq,RNAZ,TTX-MC138,1a,metastatic disease,,False,NCT06260774
0001193125-25-241951,0001768446,2025-10-17,"Climb Bio, Inc.  (CLYM)  (CIK 0001768446)",d34212d8k.htm,2025-10-17,Nasdaq,CLYM,budoprutug,1b,primary membranous nephropathy,,True,NCT04652570
0001193125-25-242912,0000728387,2025-10-20,"Perspective Therapeutics, Inc.  (CATX)  (CIK 0000728387)",catx-ex99_1.htm,2025-10-20,NYSE American,CATX,[212Pb]VMT-α-NET,1/2a,unresectable or metastatic somatostatin receptor type 2 (SSTR2) expressing neuroendocrine tumors (NETs),,True,NCT05636618
0001213900-25-100371,0001191070,2025-10-20,Neuphoria Therapeutics Inc.  (NEUP)  (CIK 0001191070),ea0261841-8k_neuphoria.htm,2025-10-20,Nasdaq,NEUP,BNC210,3,social anxiety disorder,AFFIRM-1,False,
0001104659-25-100646,0001509745,2025-10-20,"LEAP THERAPEUTICS, INC.  (LPTX)  (CIK 0001509745)",tm2529085d1_ex99-1.htm,2025-10-20,Nasdaq,LPTX,sirexatamab,2,microsatellite stable (MSS) colorectal cancer (CRC),DeFianCe,False,NCT05480306
0001104659-25-100537,0001526119,2025-10-20,"Verastem, Inc.  (VSTM)  (CIK 0001526119)",tm2529024d1_8k.htm,2025-10-19,Nasdaq,VSTM,GFH375 (VS-7375),1/2,advanced KRAS G12D mutant pancreatic ductal adenocarcinoma,,False,
0001193125-25-243046,0001595097,2025-10-20,"Corbus Pharmaceuticals Holdings, Inc.  (CRBP)  (CIK 0001595097)",crbp-ex99_1.htm,2025-10-18,NASDAQ,CRBP,CRB-701 (SYS6002),1/2,"head and neck squamous cell carcinoma, cervical cancer and locally advanced/metastatic urothelial tumors",,False,NCT06265727
0001628280-25-045445,0001655759,2025-10-20,"ARVINAS, INC.  (ARVN)  (CIK 0001655759)",arvn-20251020.htm,2025-10-20,The Nasdaq Stock Market LLC,ARVN,vepdegestrant,3,"ESR1 mutated, ER-positive/HER2-negative advanced or metastatic breast cancer",VERITAC-2,False,
0001193125-25-243053,0001673772,2025-10-20,"RAPT Therapeutics, Inc.  (RAPT)  (CIK 0001673772)",rapt-20251020.htm,2025-10-20,,,RPT904 (JYB1904),2,Chronic Spontaneous Urticaria,,False,
0001193125-25-243558,0001676725,2025-10-20,"IDEAYA Biosciences, Inc.  (IDYA)  (CIK 0001676725)",d42028d8k.htm,2025-10-17,The Nasdaq Global Select Market,IDYA,darovasertib and crizotinib,1/2,metastatic uveal melanoma,OptimUM-01,False,
0001193125-25-243765,0001750284,2025-10-20,"Olema Pharmaceuticals, Inc.  (OLMA)  (CIK 0001750284)",olma-20251018.htm,2025-10-18,Nasdaq,OLMA,palazestrant,1b/2,ER+/HER2- metastatic breast cancer,,False,
0001193125-25-245102,0001653087,2025-10-21,"Alector, Inc.  (ALEC)  (CIK 0001653087)",alec-ex99_1.htm,2025-10-21,Nasdaq,ALEC,latozinemab,3,frontotemporal dementia due to a GRN mutation,INFRONT-3,False,NCT04374136;NCT06111014
0001104659-25-101447,0000921114,2025-10-22,"Armata Pharmaceuticals, Inc.  (ARMP)  (CIK 0000921114)",tm2529060d1_8k.htm,2025-10-22,NYSE American,ARMP,AP-SA02,2a,Staphylococcus aureus bacteremia,diSArm,False,NCT05184764
0001193805-25-001499,0001768224,2025-10-22,Arcturus Therapeutics Holdings Inc.  (ARCT)  (CIK 0001768224),e664913_8k-arct.htm,2025-10-22,NASDAQ,ARCT,ARCT-032,2,cystic fibrosis,LUNAR-CF,False,
0001193125-25-246226,0001808158,2025-10-22,Repare Therapeutics Inc.  (RPTX)  (CIK 0001808158),rptx-20251022.htm,2025-10-22,Nasdaq,RPTX,RP-1664,1,advanced solid tumors,LIONS,False,
0001193125-25-245404,0001831363,2025-10-22,"Terns Pharmaceuticals, Inc.  (TERN)  (CIK 0001831363)",d14463dex991.htm,2025-10-21,Nasdaq,TERN,TERN-601,2,obesity,,False,
0001193125-25-246808,0001851194,2025-10-22,"Ventyx Biosciences, Inc.  (VTYX)  (CIK 0001851194)",d98315d8k.htm,2025-10-22,Nasdaq,VTYX,VTX3232,2,Obesity and Cardiovascular Risk Factors,,False,
0001104659-25-101817,0001526119,2025-10-23,"Verastem, Inc.  (VSTM)  (CIK 0001526119)",tm2529362d1_8k.htm,2025-10-23,Nasdaq,VSTM,VS-7375,1/2a,KRAS G12D mutant solid tumors,VS-7375-101,False,
0002007919-25-000089,0002007919,2025-10-23,"Inhibrx Biosciences, Inc.  (INBX)  (CIK 0002007919)",exhibit991-pressreleaseoct.htm,2025-10-23,Nasdaq,INBX,ozekibart (INBRX-109),,chondrosarcoma,ChonDRAgon,False,
0001326732-25-000082,0001326732,2025-10-24,Xencor Inc  (XNCR)  (CIK 0001326732),xncr-20251024xexx992.htm,2025-10-24,NASDAQ,XNCR,XmAb819,1,clear cell renal cell carcinoma,,False,
0001193125-25-250674,0001434316,2025-10-27,FATE THERAPEUTICS INC  (FATE)  (CIK 0001434316),d36426dex991.htm,2025-10-26,Nasdaq,FATE,FT819,1,systemic lupus erythematosus,,False,NCT06308978
0001140361-25-039463,0001743881,2025-10-27,"BridgeBio Pharma, Inc.  (BBIO)  (CIK 0001743881)",ef20057750_ex99-1.htm,2025-10-27,Nasdaq,BBIO,BBP-418,3,limb-girdle muscular dystrophy type 2I/R9,FORTIFY,False,
0001193125-25-250676,0001759138,2025-10-27,"Cabaletta Bio, Inc.  (CABA)  (CIK 0001759138)",caba-20251027.htm,2025-10-27,Nasdaq,CABA,rese-cel,1/2,autoimmune diseases,"RESET-Myositis, RESET-SSc, RESET-SLE",False,
0001104659-25-102317,0001953926,2025-10-27,"Zenas BioPharma, Inc.  (ZBIO)  (CIK 0001953926)",tm2529508d1_8k.htm,2025-10-27,Nasdaq,ZBIO,obexelimab,2,Relapsing Multiple Sclerosis,MoonStone,False,
0001193125-25-252200,0001341235,2025-10-28,"Aldeyra Therapeutics, Inc.  (ALDX)  (CIK 0001341235)",aldx-20251028.htm,2025-10-28,Nasdaq,ALDX,ADX-629,2,alcohol-associated hepatitis,,False,
0001171843-25-006690,0001540159,2025-10-28,"Edesa Biotech, Inc.  (EDSA)  (CIK 0001540159)",f8k_102825.htm,2025-10-08,Nasdaq,EDSA,paridiprubart (EB05),3,Acute Respiratory Distress Syndrome,,False,
0001193125-25-253636,0001817229,2025-10-28,Vor Biopharma Inc.  (VOR)  (CIK 0001817229),vor-ex99_1.htm,2025-10-28,,,telitacicept,3,Primary Sjögren’s Disease,,False,
0001140361-25-039656,0001472091,2025-10-29,PDS Biotechnology Corp  (PDSB)  (CIK 0001472091),ef20057871_ex99-1.htm,2025-10-29,Nasdaq,PDSB,PDS0101,3,HPV16-positive Head and Neck Cancer,VERSATILE-003,False,NCT04260126
0001193125-25-256682,0001631574,2025-10-29,Wave Life Sciences Ltd.  (WVE)  (CIK 0001631574),d95356dex991.htm,2025-10-29,Nasdaq,WVE,WVE-007,,obesity,INLIGHT,False,
0001140361-25-039705,0001743881,2025-10-29,"BridgeBio Pharma, Inc.  (BBIO)  (CIK 0001743881)",ef20057894_8k.htm,2025-10-29,Nasdaq,BBIO,encaleret,3,Autosomal Dominant Hypocalcemia Type 1,CALIBRATE,False,
0001193125-25-254571,0001994702,2025-10-29,"Kyverna Therapeutics, Inc.  (KYTX)  (CIK 0001994702)",d80007d8k.htm,2025-10-29,Nasdaq,KYTX,KYV-101,2,generalized myasthenia gravis,KYSA-6,False,
0001193125-25-254698,0001994702,2025-10-29,"Kyverna Therapeutics, Inc.  (KYTX)  (CIK 0001994702)",d59631d8k.htm,2025-10-29,,,KYV-101,2,generalized myasthenia gravis,KYSA-6,False,
0001193125-25-257298,0001631574,2025-10-30,Wave Life Sciences Ltd.  (WVE)  (CIK 0001631574),d59691dex991.htm,2025-10-29,Nasdaq,WVE,WVE-007,,obesity,INLIGHT,False,
0001193125-25-256958,0001681087,2025-10-30,"Tectonic Therapeutic, Inc.  (TECX)  (CIK 0001681087)",d30823d8k.htm,2025-10-01,,,TX45,1b,PH-HFrEF,,False,
0001619856-25-000065,0001619856,2025-11-03,"Caribou Biosciences, Inc.  (CRBU)  (CIK 0001619856)",crbu-20251103.htm,2025-11-03,,,CB-011,1,relapsed or refractory multiple myeloma,CaMMouflage,False,NCT04637763;NCT05722418
0001193125-25-261799,0001789972,2025-11-03,"Cullinan Therapeutics, Inc.  (CGEM)  (CIK 0001789972)",cgem-20251103.htm,2025-11-03,Nasdaq,CGEM,CLN-049,1,relapsed/refractory (r/r) acute myeloid leukemia (AML) and myelodysplastic syndrome (MDS),,False,NCT05143996
0001193125-25-261665,0001808898,2025-11-03,Benitec Biopharma Inc.  (BNTC)  (CIK 0001808898),bntc-20251102.htm,2025-11-03,NASDAQ,BNTC,BB-301,1b/2a,OPMD with dysphagia,,False,
0001193125-25-261798,0001831363,2025-11-03,"Terns Pharmaceuticals, Inc.  (TERN)  (CIK 0001831363)",d78407dex991.htm,2025-11-03,Nasdaq,TERN,TERN-701,1,chronic myeloid leukemia (CML),CARDINAL,False,NCT06163430
0001493152-25-020677,0001535955,2025-11-04,Lipocine Inc.  (LPCN)  (CIK 0001535955),ex99-1.htm,2025-11-04,NASDAQ,LPCN,LPCN 2401,2,obesity,,True,NCT04134091
0001193125-25-264748,0001774857,2025-11-04,"Aardvark Therapeutics, Inc.  (AARD)  (CIK 0001774857)",ck0001774857-ex99_3.htm,2025-11-04,Nasdaq,AARD,ARD-201,2,metabolic obesity,POWER,False,
0001193125-25-267934,0001650648,2025-11-06,"4D Molecular Therapeutics, Inc.  (FDMT)  (CIK 0001650648)",d280681d8k.htm,2025-11-06,Nasdaq,FDMT,4D-150,1/2,wet age-related macular degeneration,PRISM,False,
0001193125-25-268331,0001831828,2025-11-06,"Vera Therapeutics, Inc.  (VERA)  (CIK 0001831828)",d30094d8k.htm,2025-11-06,,,Atacicept,,IgAN,,False,
0001193125-25-270286,0001404281,2025-11-07,"Eledon Pharmaceuticals, Inc.  (ELDN)  (CIK 0001404281)",eldn-20251106.htm,2025-11-06,Nasdaq,ELDN,tegoprubart,2,kidney transplant rejection,BESTOW,False,NCT05027906;NCT06126380
0001599298-25-000166,0001599298,2025-11-07,Summit Therapeutics Inc.  (SMMT)  (CIK 0001599298),a2025_prx1107sitcharmoni.htm,2025-11-07,Nasdaq,SMMT,ivonescimab,3,"EGFR-mutated, locally advanced or metastatic non-squamous non-small cell lung cancer",HARMONi-A,True,
0001193125-25-271189,0001840233,2025-11-07,"Xilio Therapeutics, Inc.  (XLO)  (CIK 0001840233)",xlo-ex99_1.htm,2025-11-07,Nasdaq,XLO,vilastobart,2,microsatellite stable (MSS) metastatic colorectal cancer (mCRC),,False,NCT04896697
0001140361-25-041225,0000874015,2025-11-10,IONIS PHARMACEUTICALS INC  (IONS)  (CIK 0000874015),ef20058520_8k.htm,2025-11-08,Nasdaq,IONS,olezarsen,3,severe hypertriglyceridemia,CORE and CORE2,False,NCT05079919;NCT05552326
0001193125-25-273321,0000899460,2025-11-10,MANNKIND CORP  (MNKD)  (CIK 0000899460),d25083d8k.htm,2025-11-10,Nasdaq,MNKD,MNKD-101,3,refractory nontuberculous mycobacterial lung disease,ICoN-1 Study,False,
0001213900-25-107821,0000906709,2025-11-10,NEKTAR THERAPEUTICS  (NKTR)  (CIK 0000906709),ea026473601ex99-1_nektar.htm,2025-11-08,Nasdaq,NKTR,rezpegaldesleukin,2b,moderate-to-severe atopic dermatitis,REZOLVE-AD,False,NCT06136741
0001140361-25-041275,0001133416,2025-11-10,GALECTIN THERAPEUTICS INC  (GALT)  (CIK 0001133416),ny20058530x1_ex99-1.htm,2025-11-10,NASDAQ,GALT,belapectin,2b,compensated MASH cirrhosis and portal hypertension,NAVIGATE,False,NCT04365868
0001628280-25-051168,0001357874,2025-11-10,PRECISION BIOSCIENCES INC  (DTIL)  (CIK 0001357874),a20251108precision_aasldxd.htm,2025-11-10,Nasdaq,DTIL,PBGENE-HBV,1,chronic Hepatitis B,ELIMINATE-B,False,
0001370053-25-000091,0001370053,2025-11-10,"ANAPTYSBIO, INC  (ANAB)  (CIK 0001370053)",anaptysannouncesphase2tria.htm,2025-11-10,Nasdaq,ANAB,rosnilimab,2,moderate-to-severe ulcerative colitis,,False,
0001193125-25-273315,0001622229,2025-11-10,"Cogent Biosciences, Inc.  (COGT)  (CIK 0001622229)",d54064d8k.htm,2025-11-10,,,bezuclastinib + sunitinib,,Gastrointestinal Stromal Tumors,Peak Trial,False,NCT06948955
0001437749-25-033948,0001645469,2025-11-10,Monopar Therapeutics  (MNPR)  (CIK 0001645469),ex_885508.htm,2025-11-09,Nasdaq,MNPR,ALXN1840,2,Wilson disease,ALXN1840-WD-204,False,
0001193125-25-273269,0001806952,2025-11-10,"Lyell Immunopharma, Inc.  (LYEL)  (CIK 0001806952)",d57756dex991.htm,2025-11-10,Nasdaq,LYEL,LYL273,1,metastatic colorectal cancer,,False,
0001493152-25-021418,0001855485,2025-11-10,"Calidi Biotherapeutics, Inc.  (CLDI, CLDWW)  (CIK 0001855485)",ex99-3.htm,2025-11-10,NYSE American,CLDI,CLD-401,,"non-small cell lung cancer, head and neck cancer",,False,
0001404644-25-000098,0001404644,2025-11-12,Neurogene Inc.  (NGNE)  (CIK 0001404644),ngn-4012h25update_final.htm,2025-11-01,,,NGN-401,1/2,Rett Syndrome,Embolden,False,NCT02738281
0001193125-25-276161,0001520262,2025-11-12,Alkermes plc.  (ALKS)  (CIK 0001520262),alks-20251112.htm,2025-11-12,Nasdaq,ALKS,alixorexton,2,narcolepsy type 2,Vibrance-2,False,NCT06555783;NCT06843590
0001193125-25-275902,0001817241,2025-11-12,"Artiva Biotherapeutics, Inc.  (ARTV)  (CIK 0001817241)",artv-ex99_1.htm,2025-11-12,Nasdaq,ARTV,AlloNK,1 and 2,"refractory rheumatoid arthritis, Sjögren’s disease, idiopathic inflammatory myopathies, systemic sclerosis, and systemic lupus erythematosus/lupus nephritis",,False,
0001829126-25-009076,0001979414,2025-11-12,"NEONC TECHNOLOGIES HOLDINGS, INC.  (NTHI)  (CIK 0001979414)",neonctechnologies_ex99-3.htm,2025-11-12,,,NEO100,2a,recurrent IDH1-mutated high-grade gliomas,NEO100-01,False,
0001453687-25-000123,0001453687,2025-11-13,"Cartesian Therapeutics, Inc.  (RNAC)  (CIK 0001453687)",pressrelease11132025.htm,2025-11-13,NASDAQ,RNAC,Descartes-08,2,systemic lupus erythematosus,,False,
0001193125-25-283887,0001232524,2025-11-17,Jazz Pharmaceuticals plc  (JAZZ)  (CIK 0001232524),d827060d8k.htm,2025-11-17,Nasdaq,JAZZ,Ziihera (zanidatamab-hrii),3,HER2-positive locally advanced or metastatic gastroesophageal adenocarcinoma,HERIZON-GEA-01,False,NCT05152147
0001193125-25-283893,0001861560,2025-11-17,"Nuvalent, Inc.  (NUVL)  (CIK 0001861560)",d23395d8k.htm,2025-11-17,,,neladalkib,1/2,advanced ALK-positive non-small cell lung cancer,ALKOVE-1,False,
0001193125-25-283873,0001937653,2025-11-17,Zymeworks Inc.  (ZYME)  (CIK 0001937653),d17392d8k.htm,2025-11-17,Nasdaq,ZYME,Ziihera (zanidatamab-hrii),3,HER2-positive locally advanced or metastatic gastroesophageal adenocarcinoma,HERIZON-GEA-01,False,
0001437749-25-035860,0001855175,2025-11-20,"Contineum Therapeutics, Inc.  (CTNM)  (CIK 0001855175)",ctnm20251117_8k.htm,2025-11-20,Nasdaq,CTNM,PIPE-307,2,relapsing-remitting multiple sclerosis,VISTA,False,
0001213900-25-114763,0001841330,2025-11-25,"Pasithea Therapeutics Corp.  (KTTA, KTTAW)  (CIK 0001841330)",ea026660601ex99-1_pasithea.htm,2025-11-20,Nasdaq,KTTA,PAS-004,1,advanced solid tumors,,False,NCT06299839;NCT06961565
0001104659-25-117697,0001211583,2025-12-02,FENNEC PHARMACEUTICALS INC.  (FENC)  (CIK 0001211583),tm2532518d1_8k.htm,2025-12-02,NASDAQ,FENC,PEDMARK,2/3,cisplatin-induced ototoxicity,STS-J01,False,
0001213900-25-116943,0001788028,2025-12-02,"Jasper Therapeutics, Inc.  (JSPR, JSPRW)  (CIK 0001788028)",ea0268071-8k_jasper.htm,2025-12-02,Nasdaq,JSPR,briquilimab,1b,allergic asthma,ETESIAN,False,
0001104659-25-117947,0001133869,2025-12-03,"CAPRICOR THERAPEUTICS, INC.  (CAPR)  (CIK 0001133869)",capr-20251203x8k.htm,2025-12-03,NASDAQ,CAPR,Deramiocel,3,Duchenne muscular dystrophy,HOPE-3,False,NCT05126758
0001213900-25-117577,0001359931,2025-12-03,"Protara Therapeutics, Inc.  (TARA)  (CIK 0001359931)",ea0268248-8k_protara.htm,2025-12-03,,,TARA-002,,BCG-Naïve NMIBC,ADVANCED-2,False,NCT05951179
0001104659-25-117975,0001701541,2025-12-03,"Black Diamond Therapeutics, Inc.  (BDTX)  (CIK 0001701541)",tm2532577d1_8k.htm,2025-12-03,Nasdaq,BDTX,silevertinib,2,frontline (1L) non-small cell lung cancer (NSCLC),,False,
0001193125-25-308154,0001501756,2025-12-04,"Adverum Biotechnologies, Inc.  (ADVM)  (CIK 0001501756)",d66011dex991.htm,2025-12-01,,,Ixo-vec,2,nAMD,LUNA,False,
0001193125-25-307541,0001709941,2025-12-04,"BioAge Labs, Inc.  (BIOA)  (CIK 0001709941)",bioa-20251204.htm,2025-12-05,Nasdaq,BIOA,BGE-102,1,cardiovascular risk factors,,False,
0001213900-25-118097,0001844417,2025-12-04,"Estrella Immunopharma, Inc.  (ESLA, ESLAW)  (CIK 0001844417)",ea026849601ex99-1_estrella.htm,2025-12-04,NASDAQ,ESLA,EB103,1,relapsed/refractory (R/R) B-cell non-Hodgkin's lymphoma (NHL),STARLIGHT-1,False,NCT06343311
0001437749-25-037025,0001053691,2025-12-05,CervoMed Inc.  (CRVO)  (CIK 0001053691),crvo20251205_8k.htm,2025-12-02,NASDAQ,CRVO,neflamapimod,2b,dementia with Lewy bodies,RewinD-LB,False,
0001193125-25-308781,0001623526,2025-12-05,"Stoke Therapeutics, Inc.  (STOK)  (CIK 0001623526)",d272524d8k.htm,2025-12-05,Nasdaq,STOK,zorevunersen,1/2a,Dravet syndrome,EMPEROR,True,NCT06872125
0001213900-25-118699,0001711754,2025-12-05,"Inmune Bio, Inc.  (INMB)  (CIK 0001711754)",ea026853401ex99-1_inmune.htm,2025-12-01,NASDAQ,INMB,XPro1595,2,Alzheimer’s disease,MINDFuL,True,
0001171843-25-007795,0000882361,2025-12-08,Aptose Biosciences Inc.  (APTOF)  (CIK 0000882361),exh_991.htm,2025-12-06,NASDAQ,APTO,tuspetinib,,AML,TUSCANY,False,
0001193125-25-311251,0001426800,2025-12-08,"ASSEMBLY BIOSCIENCES, INC.  (ASMB)  (CIK 0001426800)",asmb-20251208.htm,2025-12-08,Nasdaq,ASMB,ABI-1179 and ABI-5366,1b,recurrent genital herpes,,True,NCT06385327;NCT06698575
0001601830-25-000174,0001601830,2025-12-08,"RECURSION PHARMACEUTICALS, INC.  (RXRX)  (CIK 0001601830)",exhibit991-fappr.htm,2025-12-08,Nasdaq,RXRX,REC-4881,1b/2,Familial Adenomatous Polyposis,TUPELO,False,
0001193125-25-311217,0001622229,2025-12-08,"Cogent Biosciences, Inc.  (COGT)  (CIK 0001622229)",d81277d8k.htm,2025-12-06,The Nasdaq Global Select Market,COGT,bezuclastinib,,nonadvanced systemic mastocytosis,SUMMIT,True,
0001193125-25-310595,0001631574,2025-12-08,Wave Life Sciences Ltd.  (WVE)  (CIK 0001631574),d20484d8k.htm,2025-12-08,Nasdaq,WVE,WVE-007,1,obesity,INLIGHT,False,
0001193125-25-310509,0001680581,2025-12-08,"Fulcrum Therapeutics, Inc.  (FULC)  (CIK 0001680581)",fulc-20251208.htm,2025-12-06,Nasdaq,FULC,pociredir,1b,sickle cell disease,PIONEER,False,NCT05169580
0001689548-25-000114,0001689548,2025-12-08,"Praxis Precision Medicines, Inc.  (PRAX)  (CIK 0001689548)",prax-20251204.htm,2025-12-06,,,relutrigine,,SCN2A and SCN8A developmental and epileptic encephalopathies,EMBOLD,False,
0001193125-25-311276,0001786205,2025-12-08,"Arcellx, Inc.  (ACLX)  (CIK 0001786205)",d89813d8k.htm,2025-12-06,NASDAQ,ACLX,anitocabtagene autoleucel,2,relapsed and/or refractory multiple myeloma,iMMagine-1,False,
0001193125-25-310764,0001789972,2025-12-08,"Cullinan Therapeutics, Inc.  (CGEM)  (CIK 0001789972)",cgem-20251208.htm,2025-12-08,Nasdaq,CGEM,CLN-049,1,relapsed/refractory acute myeloid leukemia and myelodysplastic syndrome,,False,NCT05143996
0001193125-25-310572,0001815442,2025-12-08,"Kymera Therapeutics, Inc.  (KYMR)  (CIK 0001815442)",d69739d8k.htm,2025-12-08,Nasdaq,KYMR,KT-621,1b,atopic dermatitis,BroADen,False,
0001193125-25-310516,0001818794,2025-12-08,"Dyne Therapeutics, Inc.  (DYN)  (CIK 0001818794)",d16518d8k.htm,2025-12-08,Nasdaq,DYN,z-rostudirsen,1/2,Duchenne muscular dystrophy,DELIVER,False,
0001824293-25-000160,0001824293,2025-12-08,"GRI Bio, Inc.  (GRI)  (CIK 0001824293)",val-20251208.htm,,The Nasdaq Capital Market,GRI,GRI-0621,2a,Idiopathic Pulmonary Fibrosis,GRI-0621-IPF-02,False,
0001193125-25-311202,0001831363,2025-12-08,"Terns Pharmaceuticals, Inc.  (TERN)  (CIK 0001831363)",d19462dex991.htm,2025-12-08,Nasdaq,TERN,TERN-701,1,chronic myeloid leukemia,CARDINAL,True,NCT06163430
0001493152-25-026500,0001873835,2025-12-08,"Immix Biopharma, Inc.  (IMMX)  (CIK 0001873835)",ex99-1.htm,2025-12-07,,IMMX,NXC-201,2,relapsed/refractory AL Amyloidosis,NEXICART-2,False,NCT06097832
0001104659-25-119095,0001888886,2025-12-08,Structure Therapeutics Inc.  (GPCR)  (CIK 0001888886),tm2532078d2_8k.htm,2025-12-08,Nasdaq,GPCR,aleniglipron,2b,obesity and/or overweight,ACCESS,False,
0001549595-25-000121,0001549595,2025-12-09,"Nurix Therapeutics, Inc.  (NRIX)  (CIK 0001549595)",ash2025investorpresentat.htm,2025-12-06,Nasdaq,NRIX,bexobrutideg (NX-5948),1a/1b,relapsed or refractory chronic lymphocytic leukemia (CLL) and small lymphocytic lymphoma (SLL),NX-5948-301,False,NCT05131022;NCT07221500
0001193125-25-312972,0001671584,2025-12-09,Aptevo Therapeutics Inc.  (APVO)  (CIK 0001671584),apvo-ex99_1.htm,2025-12-09,Nasdaq,APVO,mipletamig,1b/2,acute myeloid leukemia (AML),RAINIER,False,
0001628280-25-055953,0001854270,2025-12-09,"Senti Biosciences, Inc.  (SNTI)  (CIK 0001854270)",ex991snti2025ashdata202512.htm,2025-12-09,Nasdaq,SNTI,SENTI-202,1,relapsed or refractory Acute Myeloid Leukemia (R/R AML),,False,NCT06325748
0001824293-25-000167,0001824293,2025-12-10,"GRI Bio, Inc.  (GRI)  (CIK 0001824293)",ex991_pressreleasetoplined.htm,2025-12-10,Nasdaq,GRI,GRI-0621,2a,Idiopathic Pulmonary Fibrosis (IPF),GRI-0621-IPF-02,False,NCT06331624
0001828185-25-000075,0001828185,2025-12-10,Barinthus Biotherapeutics plc.  (BRNS)  (CIK 0001828185),brns-20251210xexx991.htm,2025-12-10,NASDAQ,BRNS,VTP-1000,1,celiac disease,AVALON,False,NCT06310291
0001104659-25-120141,0001649904,2025-12-11,"RHYTHM PHARMACEUTICALS, INC.  (RYTM)  (CIK 0001649904)",rytm-20251211xex99d1.htm,2025-12-11,Nasdaq,RYTM,setmelanotide,2,Prader-Willi syndrome,,False,
0001193125-25-315951,0001858848,2025-12-11,"Tenaya Therapeutics, Inc.  (TNYA)  (CIK 0001858848)",d68368d8k.htm,2025-12-11,NASDAQ,TNYA,TN-401,1b/2,arrhythmogenic right ventricular cardiomyopathy,RIDGE-1,False,NCT06228924
0001493152-25-027321,0000715446,2025-12-12,Anixa Biosciences Inc  (ANIX)  (CIK 0000715446),ex99-1.htm,2025-12-11,NASDAQ,ANIX,breast cancer vaccine,1,breast cancer,,False,NCT04674306
0001724521-25-000120,0001724521,2025-12-12,"Arcus Biosciences, Inc.  (RCUS)  (CIK 0001724521)",rcus-20251212.htm,2025-12-12,The New York Stock Exchange,RCUS,domvanalimab plus zimberelimab,3,advanced gastric and esophageal cancers,STAR-221,False,
0001193125-25-318429,0001472012,2025-12-15,Immunome Inc.  (IMNM)  (CIK 0001472012),d793961d8k.htm,2025-12-15,Nasdaq,IMNM,varegacestat,3,desmoid tumors,RINGSIDE,False,NCT04871282
0001193125-25-318377,0001994702,2025-12-15,"Kyverna Therapeutics, Inc.  (KYTX)  (CIK 0001994702)",d285116d8k.htm,2025-12-15,Nasdaq,KYTX,mivocabtagene autoleucel,2,stiff person syndrome,KYSA-8,False,
0001193125-25-320009,0000906709,2025-12-16,NEKTAR THERAPEUTICS  (NKTR)  (CIK 0000906709),d24251d8k.htm,2025-12-16,Nasdaq,NKTR,rezpegaldesleukin,2b,alopecia areata,REZOLVE-AA,False,NCT06340360
0001193125-25-320901,0001613780,2025-12-16,"DBV Technologies S.A.  (DBVT, DBVTF)  (CIK 0001613780)",d28682d8k.htm,2025-12-16,"Euronext, Nasdaq Stock Market","DBV, DBVT",VIASKIN Peanut,3,peanut allergy,VITESSE,False,NCT05741476
0001193125-25-319981,0001826457,2025-12-16,"Monte Rosa Therapeutics, Inc.  (GLUE)  (CIK 0001826457)",glue-20251216.htm,2025-12-16,Nasdaq,GLUE,MRT-2359,1/2,metastatic castration-resistant prostate cancer,,False,NCT05546268;NCT07119125
0001140361-25-045836,0001104506,2025-12-17,INSMED Inc  (INSM)  (CIK 0001104506),ef20061465_8k.htm,2025-12-17,Nasdaq,INSM,brensocatib,2b,chronic rhinosinusitis without nasal polyps (CRSsNP),BiRCh,False,
0001104659-25-121749,0001130598,2025-12-17,"Traws Pharma, Inc.  (TRAW)  (CIK 0001130598)",tm2533729d1_8k.htm,2025-12-17,NASDAQ,TRAW,ratutrelvir,2,mild-to-moderate COVID-19,,False,
0001437749-25-038079,0001659617,2025-12-17,"Moleculin Biotech, Inc.  (MBRX)  (CIK 0001659617)",ex_899730.htm,2025-12-17,Nasdaq,MBRX,WP1066,1,pediatric recurrent malignant brain tumors,,False,NCT04334863
0001193125-25-322950,0001754068,2025-12-17,"Kalaris Therapeutics, Inc.  (KLRS)  (CIK 0001754068)",d25416d8k.htm,2025-12-17,NASDAQ,KLRS,TH103,1a,neovascular age-related macular degeneration (nAMD),,False,
0001193125-25-323704,0001782223,2025-12-18,"Pyxis Oncology, Inc.  (PYXS)  (CIK 0001782223)",pyxs-20251218.htm,2025-12-18,Nasdaq,PYXS,micvotabart pelidotin (MICVO),1,recurrent/metastatic head and neck squamous cell carcinoma (R/M HNSCC),,False,
0001104659-25-122353,0001819411,2025-12-18,"Gain Therapeutics, Inc.  (GANX)  (CIK 0001819411)",tm2533810d1_8k.htm,2025-12-18,Nasdaq,GANX,GT-02287,1b,Parkinson’s Disease,,False,
0001104659-25-122724,0001326190,2025-12-19,"Altimmune, Inc.  (ALT)  (CIK 0001326190)",tm2533869d1_8k.htm,2025-12-19,Nasdaq,ALT,pemvidutide,2b,metabolic dysfunction-associated steatohepatitis,IMPACT,False,NCT05989711
0001628280-25-058594,0001411685,2025-12-22,"Vistagen Therapeutics, Inc.  (VTGN)  (CIK 0001411685)",vtgn-20251217.htm,2025-12-17,Nasdaq,VTGN,fasedienol,3,social anxiety disorder,PALISADE-3,False,
0001193125-25-332422,0001515673,2025-12-29,Ultragenyx Pharmaceutical Inc.  (RARE)  (CIK 0001515673),rare-20251229.htm,2025-12-29,Nasdaq,RARE,setrusumab (UX143),3,Osteogenesis Imperfecta,Orbit and Cosmic,False,
0001193125-25-332520,0001719714,2025-12-29,Mereo BioPharma Group plc  (MREO)  (CIK 0001719714),mreo-20251229.htm,2025-12-29,NASDAQ,MREO,setrusumab (UX143),3,Osteogenesis Imperfecta,ORBIT and COSMIC,False,
0001493152-26-000270,0001231457,2026-01-05,GENELUX Corp  (GNLX)  (CIK 0001231457),ex99-1.htm,2026-01-05,NASDAQ,GNLX,Olvi-Vec,1b/2,small cell lung cancer and non-small cell lung cancer,OLVI-VEC-SCLC-202 and VIRO-25,False,NCT06463665;NCT07136285
0001104659-26-000432,0001638287,2026-01-05,MetaVia Inc.  (MTVA)  (CIK 0001638287),tm2528002d7_8k.htm,2026-01-05,Nasdaq,MTVA,DA-1726,1b,obesity,,False,NCT06252220
0001193125-26-002368,0001658247,2026-01-05,"Crinetics Pharmaceuticals, Inc.  (CRNX)  (CIK 0001658247)",d86003d8k.htm,2026-01-05,Nasdaq,CRNX,atumelnant,2,congenital adrenal hyperplasia,TouCAHn,False,NCT07144163
0001193125-26-001472,0001885522,2026-01-05,"Neumora Therapeutics, Inc.  (NMRA)  (CIK 0001885522)",d33765d8k.htm,2026-01-05,Nasdaq,NMRA,NMRA-511,1b,Alzheimer’s disease agitation,,False,
0001104659-26-000402,0001953926,2026-01-05,"Zenas BioPharma, Inc.  (ZBIO)  (CIK 0001953926)",tm261774d1_8k.htm,2026-01-05,Nasdaq,ZBIO,obexelimab,3,Immunoglobulin G4-Related Disease,INDIGO,False,NCT05662241
0000879407-26-000004,0000879407,2026-01-06,"ARROWHEAD PHARMACEUTICALS, INC.  (ARWR)  (CIK 0000879407)",aro-inhbeandaroxalk72025.htm,2026-01-06,NASDAQ,ARWR,ARO-INHBE and ARO-ALK7,1/2a,obesity,,False,NCT06700538;NCT06937203
0001104659-26-001076,0001557746,2026-01-06,"Aclaris Therapeutics, Inc.  (ACRS)  (CIK 0001557746)",acrs-20260106x8k.htm,2026-01-06,Nasdaq,ACRS,ATI-052,1a,immuno-inflammatory diseases,,False,
0001104659-26-001073,0001847367,2026-01-06,ALUMIS INC.  (ALMS)  (CIK 0001847367),tm262035d1_ex99-1.htm,2026-01-06,Nasdaq,ALMS,envudeucitinib,3,moderate-to-severe plaque psoriasis,ONWARD1 and ONWARD2,False,NCT06586112;NCT06588738
0001104659-26-001063,0001974640,2026-01-06,"Apogee Therapeutics, Inc.  (APGE)  (CIK 0001974640)",tm261950d1_8k.htm,2026-01-06,Nasdaq,APGE,zumilokibart (APG777),1b,mild-to-moderate asthma,,False,
0001140361-26-000435,0000874015,2026-01-07,IONIS PHARMACEUTICALS INC  (IONS)  (CIK 0000874015),ef20062477_8k.htm,2026-01-07,Nasdaq,IONS,bepirovirsen,3,chronic hepatitis B,B-Well 1 and B-Well 2,False,NCT05630807;NCT05630820
0001104659-26-001556,0001509261,2026-01-07,"Rezolute, Inc.  (RZLT)  (CIK 0001509261)",tm262357d1_ex99-1.htm,2025-01-07,Nasdaq,RZLT,ersodetug,3,congenital hyperinsulinism,sunRIZE,False,
0001790340-26-000006,0001790340,2026-01-07,Immuneering Corp  (IMRX)  (CIK 0001790340),imrx-20260107.htm,2026-01-07,Nasdaq,IMRX,atebimetinib,2a,pancreatic cancer,,True,
0001193125-26-005420,0001826457,2026-01-07,"Monte Rosa Therapeutics, Inc.  (GLUE)  (CIK 0001826457)",glue-20260107.htm,2026-01-07,Nasdaq,GLUE,MRT-8102,1,elevated cardiovascular disease (CVD) risk,GFORCE-1,False,NCT07119125
0001193125-26-005425,0001869105,2026-01-07,"BridgeBio Oncology Therapeutics, Inc.  (BBOT)  (CIK 0001869105)",d941846d8k.htm,2026-01-07,Nasdaq,BBOT,"BBO-8520, BBO-11818, BBO-10203",,RAS-pathway malignancies,,False,NCT06343402;NCT06625775;NCT06917079
0001711279-26-000005,0001711279,2026-01-08,"Krystal Biotech, Inc.  (KRYS)  (CIK 0001711279)",a10806kb407dataannouncemen.htm,2026-01-08,NASDAQ,KRYS,KB407,1,cystic fibrosis,CORAL-1,False,NCT05504837
0001193125-26-007007,0001781174,2026-01-08,"Acrivon Therapeutics, Inc.  (ACRV)  (CIK 0001781174)",acrv-20260108.htm,2026-01-08,Nasdaq,ACRV,"ACR-368, ACR-2316","2b, 1",endometrial cancer,,False,
0001213900-26-002329,0001788028,2026-01-08,"Jasper Therapeutics, Inc.  (JSPR, JSPRW)  (CIK 0001788028)",ea0272248-8k_jasper.htm,2026-01-08,Nasdaq,JSPR,briquilimab,1b/2a,chronic spontaneous urticaria,BEACON,True,
0001824293-26-000002,0001824293,2026-01-08,"GRI Bio, Inc.  (GRI)  (CIK 0001824293)",ex991_pressreleaseaddition.htm,2026-01-08,NASDAQ,GRI,GRI-0621,2a,Idiopathic Pulmonary Fibrosis,GRI-0621-IPF-02,True,NCT06331624
0001193125-26-007042,0001835022,2026-01-08,"Coya Therapeutics, Inc.  (COYA)  (CIK 0001835022)",d39008d8k.htm,2026-01-08,Nasdaq,COYA,low-dose IL-2 and CTLA4-Ig,,Frontotemporal Dementia,,False,
0001193125-26-008277,0000728387,2026-01-09,"Perspective Therapeutics, Inc.  (CATX)  (CIK 0000728387)",catx-20260109.htm,2026-01-09,NYSE AMERICAN,CATX,[212Pb]VMT-α-NET,1/2a,neuroendocrine tumors,,True,NCT05636618
0001104659-26-002863,0001129928,2026-01-12,ONCOLYTICS BIOTECH INC  (ONCY)  (CIK 0001129928),tm262940d1_8k.htm,2026-01-12,Nasdaq,ONCY,pelareorep plus atezolizumab,,third-line metastatic squamous cell anal carcinoma,GOBLET,True,
0001683168-26-000217,0001652935,2026-01-12,"ACTUATE THERAPEUTICS, INC.  (ACTU)  (CIK 0001652935)",actuate_ex9901.htm,2026-01-12,Nasdaq,ACTU,elraglusib,2,metastatic pancreatic cancer,Actuate 1801-Part 3B,False,NCT03678883
0001628280-26-001768,0001706431,2026-01-12,"Vir Biotechnology, Inc.  (VIR)  (CIK 0001706431)",a2026-01x12_8xkxjpmpressre.htm,2026-01-12,Nasdaq,VIR,tobevibart and elebsiran,2,chronic hepatitis delta,SOLSTICE,True,NCT06903338;NCT07128550;NCT07142811
0001193125-26-009911,0001709941,2026-01-12,"BioAge Labs, Inc.  (BIOA)  (CIK 0001709941)",bioa-20260112.htm,2026-01-12,Nasdaq,BIOA,BGE-102,1,cardiovascular risk factors,,True,
0001193125-26-010091,0001907108,2026-01-12,"Lexeo Therapeutics, Inc.  (LXEO)  (CIK 0001907108)",lxeo-20260112.htm,2026-01-12,Nasdaq,LXEO,LX2020,1/2,PKP2-associated arrhythmogenic cardiomyopathy,HEROIC-PKP2,False,NCT06109181
0001104659-26-003071,0001130598,2026-01-13,"Traws Pharma, Inc.  (TRAW)  (CIK 0001130598)",tm263039d1_ex99-1.htm,2026-01-13,Nasdaq,TRAW,ratutrelvir,2,mild-to-moderate COVID-19,,True,
0001437749-26-001140,0001659617,2026-01-13,"Moleculin Biotech, Inc.  (MBRX)  (CIK 0001659617)",ex_906272.htm,2026-01-13,Nasdaq,MBRX,Annamycin,,acute myeloid leukemia (AML) and soft tissue sarcoma (STS),,False,
0001104659-26-003900,0001372299,2026-01-15,"Ocugen, Inc.  (OCGN)  (CIK 0001372299)",tm263269d1_8k.htm,2026-01-15,NASDAQ,OCGN,OCU410,2,geographic atrophy (GA) secondary to dry age-related macular degeneration (dAMD),ArMaDa,False,
0001104659-26-004795,0001626971,2026-01-20,"Corvus Pharmaceuticals, Inc.  (CRVS)  (CIK 0001626971)",tm263501d4_8k.htm,2026-01-20,NASDAQ,CRVS,soquelitinib,1,atopic dermatitis,,False,NCT06561048
0001193125-26-018704,0001088856,2026-01-22,CORCEPT THERAPEUTICS INC  (CORT)  (CIK 0001088856),d96058d8k.htm,2026-01-22,NASDAQ,CORT,relacorilant,3,platinum-resistant ovarian cancer,ROSELLA,True,
0000885590-26-000008,0000885590,2026-01-23,Bausch Health Companies Inc.  (BHC)  (CIK 0000885590),ex991red-cresultspressrele.htm,2026-01-23,NYSE,BHC,amorphous-rifaximin solid soluble dispersion (SSD),3,hepatic encephalopathy (HE),RED-C,False,
0001193125-26-024375,0001213037,2026-01-27,"Cardiff Oncology, Inc.  (CRDF)  (CIK 0001213037)",crdf-ex99_2.htm,2026-01-27,Nasdaq,CRDF,onvansertib,2,first-line (1L) RAS-mutated metastatic colorectal cancer (mCRC),CRDF-004,False,NCT06106308
0001193125-26-025649,0001534133,2026-01-28,"CalciMedica, Inc.  (CALC)  (CIK 0001534133)",d55769d8k.htm,2026-01-28,Nasdaq,CALC,Auxora,2,Stage 2 or Stage 3 acute kidney injury (AKI) with associated acute hypoxemic respiratory failure (AHRF),KOURAGE,False,NCT04345614;NCT04681066
0001824293-26-000017,0001824293,2026-01-28,"GRI Bio, Inc.  (GRI)  (CIK 0001824293)",ex991_pressreleaseaddition.htm,2026-01-28,NASDAQ,GRI,GRI-0621,2a,Idiopathic Pulmonary Fibrosis,,True,
0001193125-26-029524,0001662774,2026-01-29,"Quince Therapeutics, Inc.  (QNCX)  (CIK 0001662774)",d61547dex991.htm,2026-01-29,Nasdaq,QNCX,dexamethasone sodium phosphate encapsulated in autologous erythrocytes (eDSP),3,Ataxia-Telangiectasia,NEAT,False,NCT06193200;NCT06664853
0001104659-26-008925,0001400118,2026-02-02,Sagimet Biosciences Inc.  (SGMT)  (CIK 0001400118),tm264534d1_8k.htm,2026-02-02,Nasdaq,SGMT,ASC40 (denifanstat),3,moderate to severe acne vulgaris,ASC40-304,False,NCT06192264;NCT06248008
0001001233-26-000005,0001001233,2026-02-03,"SANGAMO THERAPEUTICS, INC  (SGMO)  (CIK 0001001233)",sgmo-20260203.htm,2026-02-03,Nasdaq,SGMO,isaralgagene civaparvovec,1/2,Fabry disease,STAAR,False,
0001193125-26-034474,0001515673,2026-02-03,Ultragenyx Pharmaceutical Inc.  (RARE)  (CIK 0001515673),rare-20260203.htm,2026-02-03,Nasdaq,RARE,UX111,,Sanfilippo syndrome type A,,False,
0001493152-26-005208,0000946644,2026-02-05,AIM ImmunoTech Inc.  (AIM)  (CIK 0000946644),ex99-3.htm,2026-02-05,NYSE American,AIM,Ampligen,2,metastatic pancreatic cancer,DURIPANC,False,NCT05927142
0001193125-26-039399,0001683553,2026-02-05,"SPRUCE BIOSCIENCES, INC.  (SPRB)  (CIK 0001683553)",sprb-20260205.htm,2026-02-05,Nasdaq,SPRB,tralesinidase alfa,,Sanfilippo Syndrome Type B,,False,
0001493152-26-005717,0001858685,2026-02-09,"Biofrontera Inc.  (BFRI, BFRIW)  (CIK 0001858685)",ex99-1.htm,2026-02-09,Nasdaq,BFRI,Ameluz,3,actinic keratoses,,False,
0001193125-26-043755,0000906709,2026-02-10,NEKTAR THERAPEUTICS  (NKTR)  (CIK 0000906709),d103279d8k.htm,2025-02-10,Nasdaq,NKTR,rezpegaldesleukin,2b,atopic dermatitis,REZOLVE-AD,False,
0001193125-26-043771,0002044725,2026-02-10,"Evommune, Inc.  (EVMN)  (CIK 0002044725)",evmn-20260210.htm,2026-02-10,NYSE,EVMN,EVO301,2a,moderate-to-severe atopic dermatitis,,False,
0001493152-26-006081,0001445815,2026-02-11,"BIOXYTRAN, INC  (BIXT)  (CIK 0001445815)",ex99-1.htm,2026-02-11,OTCQB,BIXT,ProLectin-M,2,acute viral infection,,False,
0001193125-26-045500,0002022626,2026-02-11,"Upstream Bio, Inc.  (UPB)  (CIK 0002022626)",d44802d8k.htm,2026-02-11,Nasdaq,UPB,verekitug,2,severe asthma,VALIANT,False,NCT06164704;NCT06196879;NCT06966479;NCT06981078
0001140361-26-004995,0001743881,2026-02-12,"BridgeBio Pharma, Inc.  (BBIO)  (CIK 0001743881)",ef20065539_8k.htm,2026-02-12,Nasdaq,BBIO,infigratinib,3,achondroplasia,PROPEL 3,False,NCT06410976;NCT06873035;NCT07169279
0001213900-26-015795,0001427570,2026-02-13,"Vyome Holdings, Inc  (HIND)  (CIK 0001427570)",ea027697501ex99-1_vyome.htm,2026-02-01,,,VT-1953,2,Malignant Fungating Wounds (MFW),,False,
0001437749-26-004455,0001659617,2026-02-18,"Moleculin Biotech, Inc.  (MBRX)  (CIK 0001659617)",ex_921084.htm,2026-02-18,Nasdaq,MBRX,Annamycin,2B/3,acute myeloid leukemia,MIRACLE,False,NCT06788756
0001104659-26-016797,0001781983,2026-02-18,"Aprea Therapeutics, Inc.  (APRE)  (CIK 0001781983)",tm266669d1_ex99-1.htm,2026-02-18,Nasdaq,APRE,APR-1051,1,advanced solid tumors,ACESOT-1051,False,NCT06260514
0001213900-26-018396,0001711754,2026-02-19,"Inmune Bio, Inc.  (INMB)  (CIK 0001711754)",ea027766302ex99-1_inmune.htm,2026-02-19,NASDAQ,INMB,CORDStrom,3,recessive dystrophic epidermolysis bullosa,MissionEB,False,
0001628280-26-009808,0002023658,2026-02-19,Bicara Therapeutics Inc.  (BCAX)  (CIK 0002023658),bicara2000mgmhncspressrele.htm,2026-02-19,Nasdaq,BCAX,ficerafusp alfa,1b,head and neck squamous cell carcinoma,,False,
0001104659-26-018128,0001211583,2026-02-20,FENNEC PHARMACEUTICALS INC.  (FENC)  (CIK 0001211583),fencf-20260220xex99d1.htm,2026-02-20,NASDAQ,FENC,PEDMARK,,head and neck cancers,,False,
0001728117-26-000004,0001728117,2026-02-23,"Gossamer Bio, Inc.  (GOSS)  (CIK 0001728117)",goss-20260223.htm,2026-02-23,Nasdaq,GOSS,seralutinib,3,pulmonary arterial hypertension,PROSERA,False,
0001213900-26-019617,0001359931,2026-02-24,"Protara Therapeutics, Inc.  (TARA)  (CIK 0001359931)",ea0277972-8k_protara.htm,2026-02-23,Nasdaq,TARA,TARA-002,2,Non-Muscle Invasive Bladder Cancer,ADVANCED-2,True,NCT05951179
0001171843-26-001046,0001540159,2026-02-24,"Edesa Biotech, Inc.  (EDSA)  (CIK 0001540159)",f8k_021926.htm,2026-02-24,Nasdaq,EDSA,paridiprubart,3,Acute Respiratory Distress Syndrome,,True,
0001193125-26-065159,0001583648,2026-02-24,"PALVELLA THERAPEUTICS, INC.  (PVLA)  (CIK 0001583648)",pvla-20260224.htm,2026-02-24,Nasdaq,PVLA,QTORIN™ 3.9% rapamycin anhydrous gel,3,microcystic lymphatic malformations,SELVA,False,
0001213900-26-019606,0001937993,2026-02-24,"Cadrenal Therapeutics, Inc.  (CVKD)  (CIK 0001937993)",ea0278072-8k_cadrenal.htm,2026-02-24,Nasdaq,CVKD,CAD-1005,2,heparin-induced thrombocytopenia,,False,
0001193125-26-068614,0001544227,2026-02-25,"Tempest Therapeutics, Inc.  (TPST)  (CIK 0001544227)",d22967dex991.htm,2026-02-25,Nasdaq,TPST,TPST-2003,1/2a,relapsed/refractory multiple myeloma,REDEEM-1,False,NCT04714827;NCT06223646;NCT06518876
0001140361-26-006880,0002081043,2026-02-26,AtaiBeckley Inc.  (CIK 0002081043),ef20066456_8k.htm,2026-02-26,NASDAQ,ATAI,EMP-01,2a,Social Anxiety Disorder,,False,NCT06693609
0001104659-26-021869,0001082554,2026-03-02,UNITED THERAPEUTICS Corp  (UTHR)  (CIK 0001082554),tm267696d1_8k.htm,2026-03-02,Nasdaq,UTHR,ralinepag,3,pulmonary arterial hypertension,ADVANCE OUTCOMES,False,
0001493152-26-008475,0001445815,2026-03-02,"BIOXYTRAN, INC  (BIXT)  (CIK 0001445815)",ex99-1.htm,,OTCQB,BIXT,ProLectin-M,1b/2a,COVID-19,,False,
0001193125-26-084251,0001613780,2026-03-02,"DBV Technologies S.A.  (DBVT, DBVTF)  (CIK 0001613780)",d110966dex991.htm,,"Euronext, Nasdaq Stock Market","DBV, DBVT",VIASKIN Peanut Patch,3,peanut allergy,VITESSE,True,
0001104659-26-021801,0001649904,2026-03-02,"RHYTHM PHARMACEUTICALS, INC.  (RYTM)  (CIK 0001649904)",tm267699d1_8k.htm,2026-03-01,Nasdaq,RYTM,setmelanotide,3,acquired hypothalamic obesity,TRANSCEND,False,
0001193125-26-084142,0001984086,2026-03-02,"Septerna, Inc.  (SEPN)  (CIK 0001984086)",d44190d8k.htm,2026-03-01,Nasdaq,SEPN,SEP-631,1,mast cell-driven diseases,,False,
0001437749-26-006481,0000925741,2026-03-03,"BioCardia, Inc.  (BCDA)  (CIK 0000925741)",ex_927698.htm,2026-03-03,Nasdaq,BCDA,CardiAMP cell therapy,3,ischemic heart failure of reduced ejection fraction,CardiAMP HF,False,
0001104659-26-022572,0001583107,2026-03-03,"Theravance Biopharma, Inc.  (TBPH)  (CIK 0001583107)",tm267846d1_ex99-1.htm,2026-03-03,NASDAQ,TBPH,ampreloxetine,3,symptomatic neurogenic orthostatic hypotension,CYPRESS,False,NCT05696717
0001213900-26-023439,0001506251,2026-03-04,"Citius Pharmaceuticals, Inc.  (CTXR)  (CIK 0001506251)",ea027742201ex99-1_citius.htm,2026-03-04,Nasdaq,CTOR,LYMPHIR,1,high-risk relapsed or refractory diffuse large B-cell lymphoma,,False,NCT04855253
0001213900-26-023440,0001851484,2026-03-04,"CITIUS ONCOLOGY, INC.  (CTOR)  (CIK 0001851484)",ea027742301ex99-1_citius.htm,2026-03-04,Nasdaq,CTOR,LYMPHIR (E7777),1,diffuse large B-cell lymphoma,,False,NCT04855253
0001829126-26-002020,0001979414,2026-03-06,"NEONC TECHNOLOGIES HOLDINGS, INC.  (NTHI)  (CIK 0001979414)",neonctechnologies_ex99-1.htm,2026-03-04,Nasdaq,NTHI,NEO212,1,CNS cancers,NEO212-01,False,
0001213900-26-024918,0001553643,2026-03-09,"RELMADA THERAPEUTICS, INC.  (RLMD)  (CIK 0001553643)",ea0280436-8k_relmada.htm,2026-03-09,Nasdaq,RLMD,NDV-01,2,non-muscle invasive bladder cancer,,False,NCT06663137
0001193125-26-097577,0001582313,2026-03-09,Xenon Pharmaceuticals Inc.  (XENE)  (CIK 0001582313),d107087d8k.htm,2026-03-09,Nasdaq,XENE,azetukalner,3,focal onset seizures,X-TOLE2,False,NCT05614063
0001664710-26-000024,0001664710,2026-03-09,"Keros Therapeutics, Inc.  (KROS)  (CIK 0001664710)",exhibit992mda3426pr.htm,2026-03-09,Nasdaq,KROS,rinvatercept (KER-065),1,neuromuscular diseases,,True,
0001493152-26-009321,0001858685,2026-03-09,"Biofrontera Inc.  (BFRI, BFRIW)  (CIK 0001858685)",ex99-1.htm,2026-03-09,Nasdaq,BFRI,Ameluz®,2b,moderate to severe acne vulgaris,,False,
0001933414-26-000048,0001933414,2026-03-09,"Mineralys Therapeutics, Inc.  (MLYS)  (CIK 0001933414)",mlys-20260306.htm,2026-03-09,Nasdaq,MLYS,lorundrostat,2,hypertension,Explore-OSA,False,NCT05769608;NCT06153693;NCT06785454
0001999371-26-005466,0001430306,2026-03-10,Tonix Pharmaceuticals Holding Corp.  (TNXP)  (CIK 0001430306),ex99-01.htm,2026-03-10,Nasdaq,TNXP,TONMYA,3,fibromyalgia,RESILIENT,True,
0001213900-26-025459,0001506251,2026-03-10,"Citius Pharmaceuticals, Inc.  (CTXR)  (CIK 0001506251)",ea0280664-8k_citius.htm,2026-03-10,Nasdaq,CTOR,LYMPHIR™,1,relapsed or refractory gynecologic cancers,,False,NCT05200559
0001193125-26-099376,0001833214,2026-03-10,"SAB Biotherapeutics, Inc.  (SABS, SABSW)  (CIK 0001833214)",sabs-ex99_1.htm,2026-03-10,Nasdaq,SABS,SAB-142,1,type 1 diabetes,HUMAN,False,NCT07187531
0001213900-26-025464,0001851484,2026-03-10,"CITIUS ONCOLOGY, INC.  (CTOR)  (CIK 0001851484)",ea0280663-8k_citius.htm,2026-03-10,Nasdaq,CTOR,LYMPHIR™,1,relapsed or refractory gynecologic cancers,NCT05200559,False,NCT05200559
0001193125-26-100539,0001671584,2026-03-11,Aptevo Therapeutics Inc.  (APVO)  (CIK 0001671584),apvo-20260310.htm,2026-03-10,Nasdaq,APVO,mipletamig,,acute myeloid leukemia,RAINIER,False,
0001193125-26-103167,0001515673,2026-03-12,Ultragenyx Pharmaceutical Inc.  (RARE)  (CIK 0001515673),rare-20260312.htm,2026-03-12,Nasdaq,RARE,DTX301,3,ornithine transcarbamylase deficiency,Enh3ance,False,
0001193125-26-102489,0001707502,2026-03-12,Solid Biosciences Inc.  (SLDB)  (CIK 0001707502),sldb-20260311.htm,2026-03-11,Nasdaq,SLDB,SGT-003,1/2,Duchenne muscular dystrophy,INSPIRE DUCHENNE,False,
0001628280-26-018211,0001649904,2026-03-16,"RHYTHM PHARMACEUTICALS, INC.  (RYTM)  (CIK 0001649904)",ex991rytm20260616emanatepr.htm,2026-03-16,Nasdaq,RYTM,setmelanotide,3,"rare, genetically-driven obesities of the MC4R pathway",EMANATE,False,
0001193125-26-107312,0001812364,2026-03-16,"Relay Therapeutics, Inc.  (RLAY)  (CIK 0001812364)",rlay-20260316.htm,2026-03-16,Nasdaq,RLAY,zovegalisib (RLY-2608),1/2,"PI3Kα-mutated, HR+/HER2- metastatic breast cancer",ReDiscover,False,NCT06982521
0001104659-26-028023,0001888886,2026-03-16,Structure Therapeutics Inc.  (GPCR)  (CIK 0001888886),tm268880d1_8k.htm,2026-03-16,NASDAQ,GPCR,aleniglipron,2,obesity and/or overweight,ACCESS II,False,
0001104659-26-029968,0001819411,2026-03-18,"Gain Therapeutics, Inc.  (GANX)  (CIK 0001819411)",tm269191d1_8k.htm,2026-03-18,Nasdaq,GANX,GT-02287,1b,Parkinson’s disease,,True,
0001140361-26-010651,0001104506,2026-03-23,INSMED Inc  (INSM)  (CIK 0001104506),ef20068516_8k.htm,2026-03-23,Nasdaq,INSM,ARIKAYCE,3b,Mycobacterium avium complex (MAC) lung infection,ENCORE,False,
0001104659-26-032950,0001974640,2026-03-23,"Apogee Therapeutics, Inc.  (APGE)  (CIK 0001974640)",tm269553d1_ex99-1.htm,2026-03-23,Nasdaq,APGE,zumilokibart (APG777),2,moderate-to-severe atopic dermatitis,APEX,False,
0001104659-26-033724,0001372299,2026-03-24,"Ocugen, Inc.  (OCGN)  (CIK 0001372299)",tm269664d1_ex99-1.htm,2026-03-24,NASDAQ,OCGN,OCU410,2,geographic atrophy secondary to dry age-related macular degeneration,ArMaDa,False,
0001193125-26-120770,0001503802,2026-03-24,Karyopharm Therapeutics Inc.  (KPTI)  (CIK 0001503802),d125009d8k.htm,2026-03-24,Nasdaq,KPTI,selinexor,3,myelofibrosis,SENTRY,False,NCT04562389
0001193125-26-125092,0001631574,2026-03-26,Wave Life Sciences Ltd.  (WVE)  (CIK 0001631574),d17239d8k.htm,2026-03-26,Nasdaq,WVE,WVE-007,1,overweight or obesity,INLIGHT,False,
0001193125-26-127041,0001468748,2026-03-27,Kodiak Sciences Inc.  (KOD)  (CIK 0001468748),d283186d8k.htm,2026-03-26,Nasdaq,KOD,Zenkuda,3,diabetic retinopathy,GLOW2,False,NCT05066230;NCT06270836;NCT06556368
0001104659-26-036445,0001082554,2026-03-30,UNITED THERAPEUTICS Corp  (UTHR)  (CIK 0001082554),tm2610558d1_8k.htm,2026-03-30,Nasdaq,UTHR,nebulized Tyvaso,3,idiopathic pulmonary fibrosis,TETON-1,False,NCT04708782;NCT04905693
0001193125-26-130433,0001590750,2026-03-30,"Viridian Therapeutics, Inc.\DE  (VRDN)  (CIK 0001590750)",d27955d8k.htm,2026-03-30,Nasdaq,VRDN,elegrobart,3,active thyroid eye disease,REVEAL-1,False,
0001104659-26-036821,0001781983,2026-03-30,"Aprea Therapeutics, Inc.  (APRE)  (CIK 0001781983)",tm2610566d1_ex99-2.htm,2026-03-30,Nasdaq,APRE,APR-1051,1,biomarker-defined cancers,ACESOT-1051,False,NCT06260514
0001835268-26-000006,0001835268,2026-03-30,Connect Biopharma Holdings Ltd  (CNTB)  (CIK 0001835268),cntb-20260329.htm,2026-03-30,Nasdaq,CNTB,rademikibart,1,asthma or COPD,CBP-201-105,False,
0001193125-26-131786,0001835597,2026-03-30,PepGen Inc.  (PEPG)  (CIK 0001835597),pepg-20260330.htm,2026-03-30,Nasdaq,PEPG,PGN-EDODM1,2,myotonic dystrophy type 1,FREEDOM2-DM1,False,
0001104659-26-036386,0001847367,2026-03-30,ALUMIS INC.  (ALMS)  (CIK 0001847367),tm269978d1_ex99-1.htm,2026-03-28,Nasdaq,ALMS,envudeucitinib,3,plaque psoriasis,ONWARD1 and ONWARD2,False,NCT06586112;NCT06588738;NCT06846541
0001999371-26-007254,0001430306,2026-03-31,Tonix Pharmaceuticals Holding Corp.  (TNXP)  (CIK 0001430306),ex99-01.htm,2026-03-31,Nasdaq,TNXP,TNX-4800,1,Lyme disease,,False,NCT04863287
0001104659-26-038593,0001999480,2026-04-01,"Alto Neuroscience, Inc.  (ANRO)  (CIK 0001999480)",tm2610746d1_8k.htm,2026-04-01,NYSE,ANRO,ALTO-101,2,cognitive impairment associated with schizophrenia,,False,
0001493152-26-014834,0001535955,2026-04-02,Lipocine Inc.  (LPCN)  (CIK 0001535955),ex99-1.htm,2026-04-02,NASDAQ,LPCN,LPCN 1154,3,postpartum depression,,False,NCT06979544
0001140361-26-012885,0001635088,2026-04-02,Roivant Sciences Ltd.  (ROIV)  (CIK 0001635088),ef20069685_8k.htm,2026-04-02,Nasdaq,ROIV,batoclimab,3,thyroid eye disease,GO,False,
0001689548-26-000031,0001689548,2026-04-06,"Praxis Precision Medicines, Inc.  (PRAX)  (CIK 0001689548)",prax-20260406.htm,2026-04-06,,,elsunersen,1/2,SCN2A development and epileptic encephalopathy,EMBRAVE,False,
0001140361-26-013659,0001104506,2026-04-07,INSMED Inc  (INSM)  (CIK 0001104506),ef20070042_8k.htm,2026-04-07,Nasdaq,INSM,brensocatib,2b,moderate to severe hidradenitis suppurativa,CEDAR,False,
0001193125-26-152039,0001628171,2026-04-13,"Revolution Medicines, Inc.  (RVMD, RVMDW)  (CIK 0001628171)",d69348d8k.htm,2026-04-13,Nasdaq,RVMD,daraxonrasib,3,metastatic pancreatic ductal adenocarcinoma,RASolute 302,False,
0001628280-26-024831,0001636282,2026-04-13,"Spyre Therapeutics, Inc.  (SYRE)  (CIK 0001636282)",exhibit991-8xkdatarelease.htm,2026-04-13,NASDAQ,SYRE,SPY001,2,moderate-to-severely active ulcerative colitis,SKYLINE,False,
0001193125-26-151893,0001676725,2026-04-13,"IDEAYA Biosciences, Inc.  (IDYA)  (CIK 0001676725)",d114952d8k.htm,2026-04-13,Nasdaq,IDYA,darovasertib in combination with crizotinib,2/3,first-line HLA-A*A2:01-negative metastatic uveal melanoma,OptimUM-02,False,
0001193125-26-151999,0001737287,2026-04-13,"Allogene Therapeutics, Inc.  (ALLO)  (CIK 0001737287)",d49895d8k.htm,2026-04-13,Nasdaq,ALLO,cemacabtagene ansegedleucel,2,large B-cell lymphoma,ALPHA3,False,
0001193125-26-154927,0001799448,2026-04-14,"Aligos Therapeutics, Inc.  (ALGS)  (CIK 0001799448)",d107028dex991.htm,2026-04-14,Nasdaq,ALGS,pevifoscorvir sodium,2,chronic hepatitis B virus infection,B-SUPREME,False,NCT04536337;NCT06963710
0001104659-26-044025,0001735438,2026-04-16,MeiraGTx Holdings plc  (MGTX)  (CIK 0001735438),mgtx-20260416xex99d1.htm,2026-04-16,Nasdaq,MGTX,AAV-hAQP1,1,grade 2/3 late radiation-induced xerostomia,AQUAx,False,
0001104659-26-044906,0000894158,2026-04-17,"Theriva Biologics, Inc.  (TOVX)  (CIK 0000894158)",tm2612012d1_ex99-1.htm,2026-04-17,NYSE American,TOVX,VCN-01,2b,metastatic pancreatic cancer,VIRAGE,True,
0001193125-26-162578,0000728387,2026-04-20,"Perspective Therapeutics, Inc.  (CATX)  (CIK 0000728387)",catx-ex99_2.htm,2026-04-20,NYSE AMERICAN,CATX,[212Pb]VMT-α-NET,1/2a,unresectable or metastatic somatostatin receptor type 2 (SSTR2) expressing neuroendocrine tumors (NETs),,True,NCT05636618
0001193125-26-162763,0000906709,2026-04-20,NEKTAR THERAPEUTICS  (NKTR)  (CIK 0000906709),d25375d8k.htm,2026-04-20,Nasdaq,NKTR,rezpegaldesleukin,2b,severe-to-very-severe alopecia areata,REZOLVE-AA,True,NCT06340360
0001437749-26-012751,0001645469,2026-04-20,Monopar Therapeutics  (MNPR)  (CIK 0001645469),ex_947617.htm,2026-04-19,Nasdaq,MNPR,ALXN1840,3,Wilson disease,FoCus,False,
0001104659-26-045198,0001761612,2026-04-20,BICYCLE THERAPEUTICS PLC  (BCYC)  (CIK 0001761612),tm2612166d1_ex99-1.htm,2026-04-20,NASDAQ,BCYC,nuzefatide pevedotin,1/2,metastatic urothelial cancer,,False,
0001104659-26-045219,0001787297,2026-04-20,"Passage BIO, Inc.  (PASG)  (CIK 0001787297)",tm2612152d1_8k.htm,2026-04-20,NASDAQ,PASG,PBFT02,1/2,frontotemporal dementia,upliFT-D,True,
0001193125-26-162755,0001994702,2026-04-20,"Kyverna Therapeutics, Inc.  (KYTX)  (CIK 0001994702)",kytx-20260420.htm,2026-04-20,Nasdaq,KYTX,miv-cel,2,generalized myasthenia gravis,KYSA-6,True,
0001140361-26-015801,0000874015,2026-04-21,IONIS PHARMACEUTICALS INC  (IONS)  (CIK 0000874015),ef20071051_8k.htm,2026-04-21,Nasdaq,IONS,zilganersen,1-3,Alexander disease,,True,NCT04849741
0002007919-26-000010,0002007919,2026-04-21,"Inhibrx Biosciences, Inc.  (INBX)  (CIK 0002007919)",exhibit991-pressreleaseapr.htm,2026-04-21,Nasdaq,INBX,ozekibart (INBRX-109),1/2,colorectal cancer,,False,
0001193125-26-167078,0002012593,2026-04-21,"Rapport Therapeutics, Inc.  (RAPP)  (CIK 0002012593)",rapp-ex99_1.htm,2026-04-21,Nasdaq,RAPP,RAP-219,2a,focal onset seizures,,False,
0001193125-26-168569,0001833214,2026-04-22,"SAB Biotherapeutics, Inc.  (SABS, SABSW)  (CIK 0001833214)",sabs-ex99_1.htm,2026-04-22,Nasdaq,SABS,SAB-142,1,type 1 diabetes,HUMAN,False,NCT07187531
0001193125-26-167512,0001994702,2026-04-22,"Kyverna Therapeutics, Inc.  (KYTX)  (CIK 0001994702)",kytx-ex99_1.htm,2026-04-21,Nasdaq,KYTX,miv-cel,2,stiff person syndrome,KYSA-8,False,
0001213900-26-047743,0000907654,2026-04-27,"Oruka Therapeutics, Inc.  (ORKA)  (CIK 0000907654)",ea0287782-8k_oruka.htm,2026-04-27,Nasdaq,ORKA,ORKA-001,2a,moderate-to-severe plaque psoriasis,EVERLAST-A,False,
0001213900-26-047748,0001410098,2026-04-27,CorMedix Inc.  (CRMD)  (CIK 0001410098),ea0287640-8k_cormedix.htm,2026-04-27,Nasdaq,CRMD,REZZAYO,3,invasive fungal diseases,ReSPECT,False,
0001171843-26-002720,0001738021,2026-04-27,"Compass Therapeutics, Inc.  (CMPX)  (CIK 0001738021)",exh_991.htm,2026-04-27,Nasdaq,CMPX,tovecimig,2/3,biliary tract cancer,COMPANION-002,True,NCT05506943
0001193125-26-179048,0001759425,2026-04-27,"Mirum Pharmaceuticals, Inc.  (MIRM)  (CIK 0001759425)",d116875d8k.htm,2026-04-27,Nasdaq Global Market,MIRM,brelovitug,2b,chronic hepatitis delta virus,AZURE-1,False,
0001193125-26-182137,0001761918,2026-04-27,"Erasca, Inc.  (ERAS)  (CIK 0001761918)",d126999d8k.htm,2026-04-27,Nasdaq Global Select Market,ERAS,ERAS-0015,1,RAS-mutant solid tumors,AURORAS-1 and JYP0015M101,False,
0001193125-26-179404,0001812364,2026-04-27,"Relay Therapeutics, Inc.  (RLAY)  (CIK 0001812364)",rlay-20260427.htm,2026-04-27,Nasdaq,RLAY,zovegalisib + atirmociclib,,"PI3Kα-mutated, HR+/HER2- metastatic breast cancer",ReDiscover,False,
0001628280-26-027354,0001827635,2026-04-27,"Veradermics, Inc  (MANE)  (CIK 0001827635)",exhibit991-8xk.htm,2026-04-27,NYSE,MANE,VDPHL01,2/3,pattern hair loss,302,False,
0001104659-26-049787,0000812796,2026-04-28,"SOLIGENIX, INC.  (SNGX)  (CIK 0000812796)",sngx-20260428x8k.htm,2026-04-28,Nasdaq,SNGX,HyBryte™,3,cutaneous T-cell lymphoma,FLASH 2,False,
0001070081-26-000006,0001070081,2026-04-28,"PTC THERAPEUTICS, INC.  (PTCT)  (CIK 0001070081)",tmb-20260428x8k.htm,2026-04-28,NASDAQ,PTCT,votoplam,,Huntington’s disease,PIVOT-HD,False,
0001193125-26-183710,0001840439,2026-04-28,"Biomea Fusion, Inc.  (BMEA)  (CIK 0001840439)",d142809d8k.htm,2026-04-28,,,Icovamenib,,Type 1 Diabetes,COVALENT-112,False,NCT06152042
0001999371-26-009289,0001430306,2026-04-29,Tonix Pharmaceuticals Holding Corp.  (TNXP)  (CIK 0001430306),ex99-01.htm,2026-04-29,Nasdaq,TNXP,TNX-4800,2,Lyme disease,,False,NCT04863287
0001213900-26-050211,0001795091,2026-04-30,OS Therapies Inc  (OSTX)  (CIK 0001795091),ea028858801ex99-1.htm,2026-04-30,NYSE American,OSTX,OST-HER2,2b,pulmonary metastatic osteosarcoma,,False,
0001628280-26-028876,0001855175,2026-04-30,"Contineum Therapeutics, Inc.  (CTNM)  (CIK 0001855175)",a8-kpaindataex991.htm,2026-04-30,Nasdaq,CTNM,PIPE-791,1b,chronic osteoarthritis pain or chronic low back pain,,False,NCT06810245
0001104659-26-054943,0001509261,2026-05-04,"Rezolute, Inc.  (RZLT)  (CIK 0001509261)",tm2613408d1_ex99-1.htm,2026-05-01,Nasdaq,RZLT,ersodetug,3,congenital hyperinsulinism,sunRIZE,True,
0001193125-26-202389,0001759138,2026-05-04,"Cabaletta Bio, Inc.  (CABA)  (CIK 0001759138)",d110169d8k.htm,,Nasdaq,CABA,rese-cel,1/2,pemphigus vulgaris,RESET-PV,False,
0001193125-26-202609,0001759425,2026-05-04,"Mirum Pharmaceuticals, Inc.  (MIRM)  (CIK 0001759425)",d150234d8k.htm,2026-05-04,Nasdaq,MIRM,volixibat,2b,primary sclerosing cholangitis,VISTAS,False,
0001326732-26-000036,0001326732,2026-05-05,Xencor Inc  (XNCR)  (CIK 0001326732),xncr-20260504.htm,2026-05-05,Nasdaq,XNCR,XmAb942,1,ulcerative colitis,XENITH-UC,False,NCT05270668;NCT06619990;NCT06863961;NCT06903065;NCT06956235;NCT07133633;NCT07137598;NCT07148414;NCT07176390;NCT07486960
0001534120-26-000028,0001534120,2026-05-05,"Avalo Therapeutics, Inc.  (AVTX)  (CIK 0001534120)",avtx-20260505.htm,2026-05-05,Nasdaq,AVTX,abdakibart,2,moderate to severe hidradenitis suppurativa,LOTUS,False,NCT06603077
0001193125-26-205099,0001590750,2026-05-05,"Viridian Therapeutics, Inc.\DE  (VRDN)  (CIK 0001590750)",d20977d8k.htm,2026-05-05,Nasdaq,VRDN,elegrobart,3,chronic thyroid eye disease,REVEAL-2,False,
0001193125-26-207601,0001544227,2026-05-06,"Tempest Therapeutics, Inc.  (TPST)  (CIK 0001544227)",d93617dex991.htm,2026-05-06,Nasdaq,TPST,TPST-2003,1,relapsed/refractory multiple myeloma and POEMS syndrome,REDEEM-1 and POEMS-1,True,NCT04714827;NCT06223646;NCT06518876
0001193125-26-208958,0001671584,2026-05-06,Aptevo Therapeutics Inc.  (APVO)  (CIK 0001671584),apvo-ex99_1.htm,2026-05-06,Nasdaq,APVO,mipletamig,1b,acute myeloid leukemia,RAINIER,False,
0001689375-26-000027,0001689375,2026-05-07,"Entrada Therapeutics, Inc.  (TRDA)  (CIK 0001689375)",entradatherapeuticscohort1.htm,2026-05-07,Nasdaq,TRDA,ENTR-601-44,1/2,Duchenne muscular dystrophy,ELEVATE-44-201,False,
0001193125-26-210316,0001980845,2026-05-07,"enGene Therapeutics Inc.  (ENGN, ENGNW)  (CIK 0001980845)",d335486d8k.htm,2026-05-07,Nasdaq,ENGN,detalimogene voraplasmid,2,"high-risk, Bacillus Calmette-Guérin (BCG)-unresponsive non-muscle invasive bladder cancer (NMIBC)",LEGEND,False,
0001193125-26-215676,0001776111,2026-05-11,"MBX Biosciences, Inc.  (MBX)  (CIK 0001776111)",mbx-20260511.htm,2026-05-11,Nasdaq,MBX,MBX 4291,1,obesity,,False,
0002007919-26-000020,0002007919,2026-05-11,"Inhibrx Biosciences, Inc.  (INBX)  (CIK 0002007919)",exhibit991-pressreleasemay.htm,2026-05-11,Nasdaq,INBX,INBRX-106,2,Head and Neck Squamous Cell Carcinoma,HexAgon,False,
0001628280-26-033883,0001411685,2026-05-12,"Vistagen Therapeutics, Inc.  (VTGN)  (CIK 0001411685)",vtgn-20260512.htm,2026-05-12,Nasdaq,VTGN,fasedienol,3,social anxiety disorder,PALISADE-3,False,
0001193125-26-218150,0001520262,2026-05-12,Alkermes plc.  (ALKS)  (CIK 0001520262),alks-20260512.htm,2026-05-12,Nasdaq,ALKS,LUMRYZ,3,idiopathic hypersomnia,REVITALYZ,False,
0001437749-26-016535,0001659617,2026-05-13,"Moleculin Biotech, Inc.  (MBRX)  (CIK 0001659617)",ex_960684.htm,2026-05-13,Nasdaq,MBRX,Annamycin,2B/3,acute myeloid leukemia,MIRACLE,True,NCT06788756
0001140361-26-021036,0001743881,2026-05-13,"BridgeBio Pharma, Inc.  (BBIO)  (CIK 0001743881)",ef20073370_ex99-1.htm,2026-05-12,Nasdaq,BBIO,encaleret,3,autosomal dominant hypocalcemia type 1,CALIBRATE,False,NCT07080385
0001493152-26-022891,0000946644,2026-05-14,AIM ImmunoTech Inc.  (AIM)  (CIK 0000946644),ex99-1.htm,2026-05-14,NYSE American,AIM,Ampligen,2,pancreatic cancer,DURIPANC,True,NCT05927142
0001171843-26-003397,0001626971,2026-05-14,"Corvus Pharmaceuticals, Inc.  (CRVS)  (CIK 0001626971)",exh_991.htm,2026-05-14,Nasdaq,CRVS,soquelitinib,1,atopic dermatitis,,False,NCT06561048
0001759138-26-000024,0001759138,2026-05-14,"Cabaletta Bio, Inc.  (CABA)  (CIK 0001759138)",caba-20260514.htm,2026-05-14,Nasdaq,CABA,rese-cel,1,pemphigus vulgaris,RESET-PV,False,
0001628280-26-034834,0001854270,2026-05-14,"Senti Biosciences Holdings, Inc.  (SNTI)  (CIK 0001854270)",ex992sntifdameeting20260514.htm,2026-05-14,Nasdaq,SNTI,SENTI-202,1,relapsed/refractory acute myeloid leukemia,,False,NCT06325748
0001193125-26-225317,0001583648,2026-05-15,"PALVELLA THERAPEUTICS, INC.  (PVLA)  (CIK 0001583648)",pvla-ex99_1.htm,2026-05-15,Nasdaq,PVLA,QTORIN™ rapamycin,2,cutaneous venous malformations,TOIVA,True,
0001193125-26-229076,0001631574,2026-05-18,Wave Life Sciences Ltd.  (WVE)  (CIK 0001631574),d154261d8k.htm,2026-05-18,Nasdaq,WVE,WVE-006,1b/2a,alpha-1 antitrypsin deficiency,RestorAATion-2,False,NCT06405633
0001193125-26-228956,0001662774,2026-05-18,"Quince Therapeutics, Inc.  (QNCX)  (CIK 0001662774)",d135388dex992.htm,2026-05-18,Nasdaq,QNCX,LAM-001,2a,pulmonary arterial hypertension and pulmonary hypertension associated with interstitial lung disease,,False,NCT05798923
0001193125-26-227875,0001807120,2026-05-18,"Design Therapeutics, Inc.  (DSGN)  (CIK 0001807120)",d154773d8k.htm,2026-05-18,Nasdaq,DSGN,DT-216P2,1/2,Friedreich ataxia,RESTORE-FA,False,
0001437749-26-017821,0001645469,2026-05-19,Monopar Therapeutics  (MNPR)  (CIK 0001645469),ex_962026.htm,2026-05-19,Nasdaq,MNPR,ALXN1840,2,Wilson disease,ALXN1840-WD-204,False,NCT04573309
0001193125-26-229770,0001812364,2026-05-19,"Relay Therapeutics, Inc.  (RLAY)  (CIK 0001812364)",rlay-20260519.htm,2026-05-19,Nasdaq,RLAY,zovegalisib,2,vascular anomalies,ReInspire,False,
0001193125-26-232717,0001583648,2026-05-20,"PALVELLA THERAPEUTICS, INC.  (PVLA)  (CIK 0001583648)",pvla-20260520.htm,2026-05-20,Nasdaq,PVLA,QTORIN™ rapamycin,3,microcystic lymphatic malformations and cutaneous venous malformations,SELVA,False,
0001104659-26-065254,0001701541,2026-05-21,"Black Diamond Therapeutics, Inc.  (BDTX)  (CIK 0001701541)",tm2615293d1_8k.htm,2026-05-21,Nasdaq,BDTX,silevertinib,2,non-small cell lung cancer,,True,NCT07326566
0001725160-26-000045,0001725160,2026-05-21,"Zentalis Pharmaceuticals, Inc.  (ZNTL)  (CIK 0001725160)",asco2026datapressreleasefi.htm,2026-05-21,Nasdaq,ZNTL,azenosertib,1b,platinum-resistant ovarian cancer,MUIR,False,NCT04516447
0001193125-26-234848,0001750284,2026-05-21,"Olema Pharmaceuticals, Inc.  (OLMA)  (CIK 0001750284)",olma-20260521.htm,2026-05-21,Nasdaq,OLMA,OP-3136,1,"ER+/HER2- advanced breast cancer, metastatic castration-resistant prostate cancer, and metastatic non-small cell lung cancer",,False,
0001104659-26-065231,0001761612,2026-05-21,BICYCLE THERAPEUTICS PLC  (BCYC)  (CIK 0001761612),tm2615187d1_ex99-1.htm,2026-05-21,NASDAQ,BCYC,zelenectide pevedotin,2,metastatic urothelial cancer,Duravelo-2,False,
0001493152-26-024707,0001873835,2026-05-21,"Immix Biopharma, Inc.  (IMMX)  (CIK 0001873835)",form8-k.htm,2026-05-21,The Nasdaq Stock Market LLC,IMMX,NXC-201,2,relapsed/refractory light chain (“AL”) Amyloidosis,NEXICART-2,True,
0001193125-26-234991,0000728387,2026-05-22,"Perspective Therapeutics, Inc.  (CATX)  (CIK 0000728387)",catx-ex99_1.htm,2026-05-21,NYSE AMERICAN,CATX,[212Pb]VMT01,1/2a,melanoma,,False,NCT05636618;NCT05655312;NCT06710756
0001437749-26-018242,0001659617,2026-05-22,"Moleculin Biotech, Inc.  (MBRX)  (CIK 0001659617)",ex_967284.htm,2026-05-21,Nasdaq,MBRX,Annamycin,1b/2,acute myeloid leukemia (AML) and soft tissue sarcoma,MIRACLE,True,
0001714899-26-000070,0001714899,2026-05-22,Denali Therapeutics Inc.  (DNLI)  (CIK 0001714899),dnli-20260521.htm,2026-05-21,Nasdaq,"BIIB, DNLI",BIIB122 (DNL151),2b,early-stage Parkinson’s disease,LUMA,False,
0001493152-26-025270,0001535955,2026-05-26,Lipocine Inc.  (LPCN)  (CIK 0001535955),form8-k.htm,2026-05-26,Nasdaq,LPCN,LPCN 1154,3,postpartum depression (PPD),,False,
0001193125-26-238059,0001595097,2026-05-26,"Corbus Pharmaceuticals Holdings, Inc.  (CRBP)  (CIK 0001595097)",crbp-20260526.htm,2026-05-26,NASDAQ,CRBP,CRB-701 (SYS6002),1/2,oropharyngeal squamous cell carcinoma (OPSCC) and cervical cancer,TEMPO-1,True,NCT06265727
0001437749-26-018318,0001595248,2026-05-26,"Genprex, Inc.  (GNPX)  (CIK 0001595248)",gnpx20260515_8k.htm,2026-05-26,Nasdaq,GNPX,Reqorsa® Gene Therapy (quaratusugene ozeplasmid),,lung cancer,Acclaim,True,
0001437749-26-018586,0001001316,2026-05-27,"TG THERAPEUTICS, INC.  (TGTX)  (CIK 0001001316)",ex_968837.htm,2026-05-27,NASDAQ,TGTX,BRIUMVI,3,relapsing forms of multiple sclerosis,ENHANCE,False,
0001628280-26-038307,0001357874,2026-05-27,PRECISION BIOSCIENCES INC  (DTIL)  (CIK 0001357874),a05272026ex991.htm,2026-05-27,Nasdaq,DTIL,PBGENE-HBV,,chronic hepatitis B,ELIMINATE-B,False,NCT06680232
0001493152-26-025324,0001430306,2026-05-27,Tonix Pharmaceuticals Holding Corp.  (TNXP)  (CIK 0001430306),ex99-01.htm,2026-05-27,Nasdaq,TNXP,TNX-1500,1,kidney transplant rejection,,False,
0001935979-26-000048,0001935979,2026-05-27,Biohaven Ltd.  (BHVN)  (CIK 0001935979),bhvn-20260526.htm,2026-05-26,NYSE,BHVN,Opakalim,2/3,focal epilepsy,,False,NCT06132893;NCT06309966;NCT06425159;NCT06443463
0001104659-26-066572,0001974640,2026-05-27,"Apogee Therapeutics, Inc.  (APGE)  (CIK 0001974640)",tm2615568d1_8k.htm,2026-05-27,Nasdaq,APGE,zumilokibart,2,moderate-to-severe atopic dermatitis,APEX,False,
0001140361-26-023093,0000874015,2026-05-28,IONIS PHARMACEUTICALS INC  (IONS)  (CIK 0000874015),ef20075060_8k.htm,2026-05-28,Nasdaq,IONS,bepirovirsen,3,chronic hepatitis B,B-Well 1 and B-Well 2,False,NCT05630807;NCT05630820
0001193805-26-000703,0001280776,2026-05-28,"IMMUNIC, INC.  (IMUX)  (CIK 0001280776)",e665514_8k-immunic.htm,2026-05-28,Nasdaq,IMUX,vidofludimus calcium,2,progressive multiple sclerosis,CALLIPER,False,
0001437749-26-018819,0001659617,2026-05-29,"Moleculin Biotech, Inc.  (MBRX)  (CIK 0001659617)",ex_969652.htm,2026-05-29,Nasdaq,MBRX,Annamycin,2b/3,acute myeloid leukemia and soft tissue sarcoma,MIRACLE,False,
0001213900-26-063531,0001506251,2026-06-01,"Citius Pharmaceuticals, Inc.  (CTXR)  (CIK 0001506251)",ea0292904-8k_citius.htm,2026-06-01,Nasdaq,CTOR,LYMPHIR,1,recurrent or refractory gynecologic malignancies,,False,NCT05200559
0001104659-26-068604,0001661059,2026-06-01,"NextCure, Inc.  (NXTC)  (CIK 0001661059)",nxtc-20260601x8k.htm,2026-06-01,Nasdaq,NXTC,SIM0505,1,gynecologic cancers,,False,NCT06792552
0001193125-26-251399,0001676725,2026-06-01,"IDEAYA Biosciences, Inc.  (IDYA)  (CIK 0001676725)",d138848d8k.htm,,,,darovasertib + crizotinib,2/3,metastatic uveal melanoma,OptimUM-02,False,
0001689548-26-000053,0001689548,2026-06-01,"Praxis Precision Medicines, Inc.  (PRAX)  (CIK 0001689548)",prax-20260601.htm,2026-06-01,,,vormatrigine,2/3,focal onset seizures,POWER1,False,
0001790340-26-000059,0001790340,2026-06-01,Immuneering Corp  (IMRX)  (CIK 0001790340),imrx-20260601.htm,2026-06-01,The Nasdaq Global Market,IMRX,atebimetinib,2a,pancreatic cancer,,True,
0001213900-26-063530,0001851484,2026-06-01,"CITIUS ONCOLOGY, INC.  (CTOR)  (CIK 0001851484)",ea0292903-8k_citius.htm,2026-06-01,Nasdaq,CTOR,LYMPHIR (denileukin diftitox-cxdl),1,recurrent or refractory gynecologic malignancies,,False,NCT05200559
0001104659-26-069206,0001509261,2026-06-02,"Rezolute, Inc.  (RZLT)  (CIK 0001509261)",tm2616579d1_ex99-1.htm,2026-06-02,Nasdaq,RZLT,ersodetug,3,tumor hyperinsulinism,upLIFT,False,
0001213900-26-064144,0001711754,2026-06-02,"Inmune Bio, Inc.  (INMB)  (CIK 0001711754)",ea029332501ex99-1.htm,2026-06-02,NASDAQ,INMB,XPro (XPro1595),2,early Alzheimer’s disease,MINDFuL,True,
0001437749-26-019262,0001001316,2026-06-03,"TG THERAPEUTICS, INC.  (TGTX)  (CIK 0001001316)",ex_970980.htm,2026-06-03,NASDAQ,TGTX,subcutaneous BRIUMVI,1,multiple sclerosis,,False,
0001193125-26-254658,0001213037,2026-06-03,"Cardiff Oncology, Inc.  (CRDF)  (CIK 0001213037)",crdf-ex99_1.htm,2026-06-03,,,Onvansertib,2,RAS-Mutated mCRC,CRDF-004,False,
0001759138-26-000030,0001759138,2026-06-03,"Cabaletta Bio, Inc.  (CABA)  (CIK 0001759138)",caba-20260603.htm,2026-06-03,Nasdaq,CABA,rese-cel,1/2,"myositis, lupus, systemic sclerosis",RESET-Myositis,False,
0000950103-26-008465,0001771910,2026-06-03,ADC Therapeutics SA  (ADCT)  (CIK 0001771910),dp247928_8k.htm,2026-06-03,NYSE,ADCT,ZYNLONTA,3,relapsed or refractory diffuse large B-cell lymphoma,LOTIS-5,False,NCT04384484
0001104659-26-069810,0001829635,2026-06-03,"Transcode Therapeutics, Inc.  (RNAZ)  (CIK 0001829635)",tm2616719d1_ex99-1.htm,2026-06-03,NASDAQ,RNAZ,TTX-MC138,1a,metastatic cancer,,False,NCT06260774
0001193125-26-257430,0001880438,2026-06-04,"AN2 Therapeutics, Inc.  (ANTX)  (CIK 0001880438)",d247428d8k.htm,2026-06-04,Nasdaq,ANTX,AN2-502998,1,chronic Chagas disease,,False,NCT07024589
0001193125-26-258372,0001768446,2026-06-05,"Climb Bio, Inc.  (CLYM)  (CIK 0001768446)",d132290d8k.htm,2026-06-05,Nasdaq,CLYM,CLYM116,1,IgAN,,False,
0001104659-26-071211,0001638287,2026-06-08,MetaVia Inc.  (MTVA)  (CIK 0001638287),mtva-20260608x8k.htm,2026-06-08,Nasdaq,MTVA,DA-1726,1,obesity,,False,
0001193125-26-260640,0001789972,2026-06-08,"Cullinan Therapeutics, Inc.  (CGEM)  (CIK 0001789972)",cgem-20260606.htm,2026-06-06,Nasdaq,CGEM,CLN-978,1,systemic lupus erythematosus and rheumatoid arthritis,OUTRACE,False,
0001193125-26-260679,0001819133,2026-06-08,"Tango Therapeutics, Inc.  (TNGX)  (CIK 0001819133)",d158334d8k.htm,2026-06-08,NASDAQ,TNGX,vopimetostat and daraxonrasib,1/2,pancreatic ductal adenocarcinoma,,False,
0001193125-26-263831,0001680367,2026-06-09,"Shattuck Labs, Inc.  (STTK)  (CIK 0001680367)",d120796d8k.htm,2026-06-08,NASDAQ,STTK,SL-325,1,inflammatory and immune-mediated diseases,,False,
0001193125-26-264916,0001789972,2026-06-10,"Cullinan Therapeutics, Inc.  (CGEM)  (CIK 0001789972)",cgem-20260610.htm,2026-06-10,Nasdaq,CGEM,CLN-978,1,systemic lupus erythematosus (SLE) and rheumatoid arthritis (RA),OUTRACE,False,
0001104659-26-072382,0001818382,2026-06-10,"Humacyte, Inc.  (HUMA, HUMAW)  (CIK 0001818382)",tm2617224d1_ex99-1.htm,2026-06-10,Nasdaq,HUMA,acellular tissue engineered vessel (ATEV),3,end-stage kidney disease,V012,False,
0001104659-26-072633,0000894158,2026-06-11,"Theriva Biologics, Inc.  (TOVX)  (CIK 0000894158)",tm2617564d1_ex99-1.htm,2026-06-11,NYSE American,TOVX,VCN-01,1,Head & Neck Squamous Cell Carcinoma (HNSCC),NCT03799744,False,NCT03799744
0001193125-26-266705,0001479615,2026-06-11,"Silence Therapeutics plc  (SLN, SLNCF)  (CIK 0001479615)",sln-20260611.htm,2026-06-11,Nasdaq,SLN,divesiran,1,polycythemia vera (PV),SANRECO,True,NCT05499013
0001549595-26-000034,0001549595,2026-06-11,"Nurix Therapeutics, Inc.  (NRIX)  (CIK 0001549595)",ex991_nurixpressrelease202.htm,2026-06-11,Nasdaq,NRIX,bexobrutideg,1a/b,chronic lymphocytic leukemia,NX-5948-301,False,NCT05131022;NCT06717269;NCT07221500
0001619856-26-000043,0001619856,2026-06-11,"Caribou Biosciences, Inc.  (CRBU)  (CIK 0001619856)",crbu-20260611.htm,2026-06-11,Nasdaq,CRBU,vispa-cel,1,relapsed or refractory B cell non-Hodgkin lymphoma,ANTLER,False,NCT04637763
0001628280-26-042365,0001662579,2026-06-11,"C4 Therapeutics, Inc.  (CCCC)  (CIK 0001662579)",c4tpr_ehaposterupdatedda.htm,2026-06-11,Nasdaq,CCCC,cemsidomide,1,relapsed/refractory multiple myeloma,,True,NCT07280013;NCT07284758
0001193125-26-266731,0001672619,2026-06-11,"Enliven Therapeutics, Inc.  (ELVN)  (CIK 0001672619)",d202685d8k.htm,2026-06-11,Nasdaq,ELVN,ELVN-001,1,chronic myeloid leukemia,ENABLE,False,NCT05304377
0001193125-26-266688,0001768446,2026-06-11,"Climb Bio, Inc.  (CLYM)  (CIK 0001768446)",d63753d8k.htm,2026-06-11,Nasdaq,CLYM,budoprutug,1b,primary immune thrombocytopenia,Phase 1b/2a study,False,NCT07043946
0001193125-26-268477,0001776111,2026-06-12,"MBX Biosciences, Inc.  (MBX)  (CIK 0001776111)",mbx-20260612.htm,2026-06-12,Nasdaq,MBX,canvuparatide,2,chronic hypoparathyroidism,Avail™,True,NCT06465108
0001171843-26-004119,0000882361,2026-06-15,Aptose Biosciences Inc.  (APTOF)  (CIK 0000882361),exh_991.htm,2026-06-15,TSX,APS,tuspetinib,1/2,AML,TUSCANY,False,
0001493152-26-028610,0001053369,2026-06-15,ELITE PHARMACEUTICALS INC /NV/  (ELTP)  (CIK 0001053369),ex99-1.htm,2026-06-15,OTCBB,ELTP,undisclosed anticonvulsant generic drug product,,,,False,
0001601485-26-000046,0001601485,2026-06-15,"Elicio Therapeutics, Inc.  (ELTX)  (CIK 0001601485)",a2026-06x15xxeltxxxph2re.htm,2026-06-15,Nasdaq,ELTX,ELI-002 7P,2,pancreatic ductal adenocarcinoma,AMPLIFY-7P,False,NCT05726864
0001636282-26-000083,0001636282,2026-06-15,"Spyre Therapeutics, Inc.  (SYRE)  (CIK 0001636282)",exhibit99120260615skyline-.htm,2026-06-15,NASDAQ,SYRE,SPY002,2,ulcerative colitis,SKYLINE,False,
0001628280-26-043170,0001649904,2026-06-15,"RHYTHM PHARMACEUTICALS, INC.  (RYTM)  (CIK 0001649904)",ex991rytmprpwsatendo2026.htm,2026-06-13,Nasdaq,RYTM,setmelanotide,2,Prader-Willi syndrome,,False,
0001628280-26-043042,0001842952,2026-06-15,Context Therapeutics Inc.  (CNTX)  (CIK 0001842952),a20260615-ctim76ph1ainte.htm,2026-06-15,,,CTIM-76,1,,,False,NCT06515713
0001193125-26-270328,0001885522,2026-06-15,"Neumora Therapeutics, Inc.  (NMRA)  (CIK 0001885522)",d943192d8k.htm,2026-06-15,Nasdaq,NMRA,navacaprant,3,major depressive disorder,KOASTAL,False,
0001493152-26-028807,0001828673,2026-06-16,HCW Biologics Inc.  (HCWB)  (CIK 0001828673),ex99-1.htm,2026-06-16,NASDAQ,HCWB,HCW9302,1,alopecia areata,,False,NCT07049328
0001104659-26-074915,0001526119,2026-06-17,"Verastem, Inc.  (VSTM)  (CIK 0001526119)",tm2618108d1_ex99-1.htm,2026-06-17,Nasdaq,VSTM,avutometinib plus defactinib,1b/2a,metastatic pancreatic ductal adenocarcinoma,RAMP 205,True,NCT05669482;NCT06072781
0001601485-26-000048,0001601485,2026-06-17,"Elicio Therapeutics, Inc.  (ELTX)  (CIK 0001601485)",a2026-06x17xxeltxxxmulti.htm,2026-06-17,Nasdaq,ELTX,ELI-002 7P,2,metastatic mKRAS pancreatic cancer,AMPLIFY-7P,False,NCT05726864
0001104659-26-076044,0001590560,2026-06-22,uniQure N.V.  (QURE)  (CIK 0001590560),qure-20260619x8k.htm,2026-06-19,NASDAQ,QURE,AMT-260,1/2a,refractory mesial temporal lobe epilepsy,GenTLE,False,NCT06063850
0001193125-26-276693,0001783328,2026-06-22,"TScan Therapeutics, Inc.  (TCRX)  (CIK 0001783328)",d103234d8k.htm,2026-06-22,Nasdaq,TCRX,TSC-101,1,heme malignancies,ALLOHA,False,
0001193125-26-276738,0001806310,2026-06-22,"Taysha Gene Therapies, Inc.  (TSHA)  (CIK 0001806310)",d20817d8k.htm,2026-06-22,Nasdaq,TSHA,TSHA-102,1/2,Rett syndrome,REVEAL,False,
0001213900-26-070362,0001821586,2026-06-22,MoonLake Immunotherapeutics  (MLTX)  (CIK 0001821586),ea0295399-8k_moonlake.htm,2026-06-21,The Nasdaq Capital Market,MLTX,sonelokimab,3,moderate-to-severe hidradenitis suppurativa,VELA,False,
0001672688-26-000118,0001672688,2026-06-24,Absci Corp  (ABSI)  (CIK 0001672688),exhibit991-26x06x23pr.htm,2026-06-24,Nasdaq,ABSI,ABS-201,1,androgenetic alopecia,HEADLINE,False,NCT07317544
0001437749-26-021832,0001645469,2026-06-26,Monopar Therapeutics  (MNPR)  (CIK 0001645469),ex_981579.htm,2026-06-26,Nasdaq,MNPR,ALXN1840,3,Wilson disease,FoCus,True,NCT03403205
0001193125-26-286780,0001374690,2026-06-29,"Larimar Therapeutics, Inc.  (LRMR)  (CIK 0001374690)",lrmr-20260629.htm,2026-06-29,Nasdaq,LRMR,nomlabofusp,,Friedreich’s ataxia,,False,
0001404644-26-000046,0001404644,2026-06-29,Neurogene Inc.  (NGNE)  (CIK 0001404644),ngne-20260629.htm,2026-06-29,The Nasdaq Global Market,NGNE,NGN-401,1/2,Rett syndrome,,True,
0001193125-26-286918,0002044725,2026-06-29,"Evommune, Inc.  (EVMN)  (CIK 0002044725)",evmn-20260629.htm,2026-06-29,NYSE,EVMN,EVO756,2b,chronic spontaneous urticaria,,False,
0001193125-26-290768,0001369568,2026-06-30,"CATALYST PHARMACEUTICALS, INC.  (CPRX)  (CIK 0001369568)",d158010d8k.htm,2026-06-30,Nasdaq,CPRX,vamorolone,1,chronic inflammatory rare diseases,,False,
0001628280-26-046143,0001411685,2026-06-30,"Vistagen Therapeutics, Inc.  (VTGN)  (CIK 0001411685)",vtgn-20260630.htm,2026-06-30,Nasdaq,VTGN,fasedienol,3,social anxiety disorder,PALISADE-4,False,
0001517022-26-000047,0001517022,2026-06-30,"Akebia Therapeutics, Inc.  (AKBA)  (CIK 0001517022)",akba-20260630.htm,2026-06-30,Nasdaq,AKBA,Vafseo,,anemia due to CKD,VOICE,False,NCT06520826
0001437749-26-022088,0001659617,2026-06-30,"Moleculin Biotech, Inc.  (MBRX)  (CIK 0001659617)",ex_983000.htm,2026-06-30,Nasdaq,MBRX,Annamycin,2/3,relapsed or refractory acute myeloid leukemia,MIRACLE,False,
0001213900-26-073986,0001840563,2026-07-01,PMGC Holdings Inc.  (ELAB)  (CIK 0001840563),ea029652701ex99-1.htm,2026-07-01,NASDAQ,ELAB,"C1, C2, C3, and C4",3,muscle health and metabolic stress,,True,
0001437749-26-022876,0000072444,2026-07-07,"Vaxart, Inc.  (VXRT)  (CIK 0000072444)",ex_985231.htm,2026-07-06,OTCQX,VXRT,oral pill COVID-19 vaccine,2b,COVID-19,,False,
0001104659-26-080930,0001346830,2026-07-07,"Tvardi Therapeutics, Inc.  (TVRD)  (CIK 0001346830)",tm2619879d1_ex99-1.htm,2026-07-07,NASDAQ,TVRD,TTI-109,1,inflammatory and proliferative diseases,,False,NCT05440708
0001104659-26-081562,0001567892,2026-07-08,Keenova Therapeutics plc  (CIK 0001567892),tm2619951d1_8k.htm,2026-07-08,,,XIAFLEX,3,plantar fibromatosis,,False,
0001193125-26-298005,0001609809,2026-07-08,"Seres Therapeutics, Inc.  (MCRB)  (CIK 0001609809)",d130829d8k.htm,2026-07-08,Nasdaq,MCRB,SER-155,,immune checkpoint inhibitor-related enterocolitis,NCT06801067,False,NCT06801067
0001140361-26-028092,0000874015,2026-07-09,IONIS PHARMACEUTICALS INC  (IONS)  (CIK 0000874015),ef20077664_8k.htm,2026-07-09,Nasdaq,IONS,eplontersen,3,transthyretin-mediated amyloid cardiomyopathy,CARDIO-TTRansform,False,
0001193125-26-299177,0001419041,2026-07-09,"Forte Biosciences, Inc.  (FBRX)  (CIK 0001419041)",d170175d8k.htm,2026-07-09,NASDAQ,FBRX,FB102,1b,vitiligo,,False,
0001193125-26-301464,0001661998,2026-07-13,Q32 Bio Inc.  (QTTB)  (CIK 0001661998),d142528d8k.htm,2026-07-13,Nasdaq,QTTB,bempikibart,2a,alopecia areata,SIGNAL-AA,False,
0001193125-26-302045,0001761918,2026-07-13,"Erasca, Inc.  (ERAS)  (CIK 0001761918)",d54726d8k.htm,2026-07-13,Nasdaq,ERAS,ERAS-0015,1,RAS-mutant solid tumors,AURORAS-1,True,
0001437749-26-023538,0001053691,2026-07-14,CervoMed Inc.  (CRVO)  (CIK 0001053691),ex_987941.htm,2026-07-14,NASDAQ,CRVO,neflamapimod,2b,Dementia with Lewy Bodies,RewinD-LB,False,
0001827635-26-000023,0001827635,2026-07-15,"Veradermics, Inc  (MANE)  (CIK 0001827635)",a207_resultscallxfinal71.htm,2026-07-15,NYSE,MANE,VDPHL01,2,female pattern hair loss,Study ‘207’,False,
0001493152-26-033289,0001962011,2026-07-15,"Kairos Pharma, LTD.  (KAPA)  (CIK 0001962011)",ex99-1.htm,2026-07-15,NYSE American,KAPA,ENV-105,1,EGFR-mutated non-small cell lung cancer,,False,NCT01802632
0001140361-26-028602,0001104506,2026-07-16,INSMED Inc  (INSM)  (CIK 0001104506),ef20078093_8k.htm,2026-07-16,Nasdaq,INSM,treprostinil palmitil inhalation powder (TPIP),,pulmonary arterial hypertension,,False,NCT05147805
0001193125-26-306737,0001754068,2026-07-17,"Kalaris Therapeutics, Inc.  (KLRS)  (CIK 0001754068)",d125006d8k.htm,2026-07-17,Nasdaq,KLRS,TH103,1a,neovascular age-related macular degeneration (AMD),,True,
0001599298-26-000058,0001599298,2026-07-22,Summit Therapeutics Inc.  (SMMT)  (CIK 0001599298),a2026_prx0722xharmonidat.htm,2026-07-22,Nasdaq,SMMT,ivonescimab,3,"EGFR-mutated, locally advanced or metastatic non-squamous non-small cell lung cancer (NSCLC)",HARMONi,True,
0001125345-26-000050,0001125345,2026-07-23,MACROGENICS INC  (MGNX)  (CIK 0001125345),exhibit991_clinicalupdatem.htm,2026-07-23,NASDAQ,MGNX,MGC026,1,advanced solid tumors,,False,
0001193125-26-316820,0001770069,2026-07-27,"MapLight Therapeutics, Inc.  (MPLT)  (CIK 0001770069)",d139086d8k.htm,2026-07-27,,,ML-007C-MA,2,Schizophrenia,ZEPHYR,False,NCT06887192
0001326190-26-000044,0001326190,2026-07-28,"Altimmune, Inc.  (ALT)  (CIK 0001326190)",alt-20260728x8k.htm,2026-07-28,Nasdaq,ALT,pemvidutide,2,moderate to severe alcohol use disorder,RECLAIM,False,NCT06987513
0001104659-26-087269,0001374339,2026-07-28,ProMIS Neurosciences Inc.  (PMN)  (CIK 0001374339),pmn-20260728x8k.htm,2026-07-28,Nasdaq,PMN,PMN310,1b,mild cognitive impairment due to Alzheimer’s disease or mild Alzheimer’s disease,PRECISE-AD,False,NCT06105528;NCT06750432
0001104659-26-087891,0001133869,2026-07-29,"CAPRICOR THERAPEUTICS, INC.  (CAPR)  (CIK 0001133869)",capr-20260729xex99d1.htm,2026-07-29,NASDAQ,CAPR,Deramiocel,3,Duchenne muscular dystrophy,HOPE-3,False,
0001193125-26-326995,0001503802,2026-07-31,Karyopharm Therapeutics Inc.  (KPTI)  (CIK 0001503802),d71318d8k.htm,2026-07-30,Nasdaq Global Select Market,KPTI,selinexor,3,TP53 wild-type advanced or recurrent endometrial cancer,XPORT-EC-042,False,
0001437749-26-025167,0001659617,2026-07-31,"Moleculin Biotech, Inc.  (MBRX)  (CIK 0001659617)",ex_995334.htm,2026-07-31,Nasdaq,MBRX,Annamycin,2/3,relapsed or refractory acute myeloid leukemia,MIRACLE,True,NCT06788756
0001140361-26-030568,0001281895,2026-08-03,"ROCKET PHARMACEUTICALS, INC.  (RCKT, RCKTW)  (CIK 0001281895)",ef20079241_ex99-1.htm,2026-08-03,NASDAQ,RCKT,RP-A501,2,Danon disease,,False,
0001628280-26-054341,0001411685,2026-08-06,"Vistagen Therapeutics, Inc.  (VTGN)  (CIK 0001411685)",vtgn-20260806.htm,2026-08-06,Nasdaq,VTGN,fasedienol,2,social anxiety disorder,,False,
0001193125-26-336867,0001528115,2026-08-06,"Annexon, Inc.  (ANNX)  (CIK 0001528115)",d159969dex991.htm,2026-08-06,Nasdaq,ANNX,tanruprubart,,Guillain-Barré syndrome,FORWARD,False,
0001520138-26-000312,0001580149,2026-08-06,"BIOVIE INC.  (BIVI, BIVIW)  (CIK 0001580149)",bivi-20260806_8kex99z1.htm,2026-08-06,NASDAQ,BIVI,bezisterim,2,Parkinson’s disease,SUNRISE-PD,False,NCT06757010
0001193125-26-341236,0000034956,2026-08-10,"TENAX THERAPEUTICS, INC.  (TENX)  (CIK 0000034956)",d115761d8k.htm,2026-08-10,Nasdaq,TENX,TNX-103,3,PH-HFpEF,LEVEL,False,NCT05983250
0001193125-26-341293,0001479615,2026-08-10,"Silence Therapeutics plc  (SLN, SLNCF)  (CIK 0001479615)",d12947d8k.htm,2026-08-10,Nasdaq,SLN,divesiran,2,polycythemia vera,SANRECO,False,
0001703057-26-000053,0001703057,2026-08-10,AbCellera Biologics Inc.  (ABCL)  (CIK 0001703057),a2026-08x10abcl635phase2.htm,2026-08-10,Nasdaq,ABCL,ABCL635,2,vasomotor symptoms,,False,NCT07118891
0001437749-26-026653,0001822791,2026-08-10,Clene Inc.  (CLNN)  (CIK 0001822791),ex_1000745.htm,2026-08-10,Nasdaq,CLNN,CNM-Au8,2,amyotrophic lateral sclerosis,HEALEY ALS Platform Trial,True,
0001104659-26-093353,0001847367,2026-08-10,ALUMIS INC.  (ALMS)  (CIK 0001847367),tm2622655d1_ex99-1.htm,2026-08-10,Nasdaq,ALMS,envudeucitinib,3,plaque psoriasis,ONWARD3,True,NCT06586112;NCT06588738;NCT06846541
0001193125-26-341230,0002036042,2026-08-10,"Sionna Therapeutics, Inc.  (SION)  (CIK 0002036042)",d135438d8k.htm,2026-08-10,Nasdaq,SION,SION-719,2a,cystic fibrosis,PreciSION CF,False,NCT07035990;NCT07108153
0001829126-26-008654,0001979414,2026-08-12,"NEONC TECHNOLOGIES HOLDINGS, INC.  (NTHI)  (CIK 0001979414)",neonctechnologies_8k.htm,2026-08-12,Nasdaq,NTHI,NEO100,2a,recurrent or progressive Grade III and Grade IV IDH1-mutant glioma,NEO100-01,False,
0001193125-26-347400,0001789972,2026-08-13,"Cullinan Therapeutics, Inc.  (CGEM)  (CIK 0001789972)",cgem-20260812.htm,2026-08-12,Nasdaq,CGEM,zipalertinib,3,first-line EGFR Exon 20 Insertion Mutation Non-Small Cell Lung Cancer,REZILIENT3,False,
0001193125-26-354716,0001658551,2026-08-18,"Amylyx Pharmaceuticals, Inc.  (AMLX)  (CIK 0001658551)",d180533d8k.htm,2026-08-18,Nasdaq,AMLX,avexitide,3,post-bariatric hypoglycemia,LUCIDITY,False,NCT06747468
0001193125-26-357185,0001515673,2026-08-19,Ultragenyx Pharmaceutical Inc.  (RARE)  (CIK 0001515673),rare-20260819.htm,2026-08-19,Nasdaq,RARE,GENGLYCOS (pariglasgene brecaparvovec-opnr),3,glycogen storage disease type Ia (GSDIa),GlucoGene,False,
0001185185-26-003691,0001098009,2026-08-24,America Great Health  (AAGH)  (CIK 0001098009),aaghex99-1.htm,,,,AX-3 and PPY-3,,"solid tumors, malignant lymphoma, bronchiectasis",,False,
0001104659-26-100860,0001583107,2026-08-25,"Theravance Biopharma, Inc.  (TBPH)  (CIK 0001583107)",tm2623927d1_ex99-1.htm,2026-08-25,,,ampreloxetine,3,orthostatic hypotension,CYPRESS,True,
0001636282-26-000105,0001636282,2026-08-25,"Spyre Therapeutics, Inc.  (SYRE)  (CIK 0001636282)",spyre-20260825xexx991.htm,2026-08-25,Nasdaq,SYRE,SPY072,2,rheumatoid arthritis,SKYWAY,False,NCT07148414
0001599298-26-000074,0001599298,2026-08-26,Summit Therapeutics Inc.  (SMMT)  (CIK 0001599298),a2026_prx0825xharmoni-gi.htm,2026-08-25,Nasdaq,SMMT,ivonescimab,3,advanced biliary tract cancer,HARMONi-GI1,False,
0001193125-26-372456,0001061983,2026-08-28,CYTOKINETICS INC  (CYTK)  (CIK 0001061983),cytk-ex99_1.htm,2026-08-28,Nasdaq,CYTK,aficamten,3,non-obstructive hypertrophic cardiomyopathy,ACACIA-HCM,False,
0001193125-26-376723,0001699382,2026-08-31,"PMV Pharmaceuticals, Inc.  (PMVP)  (CIK 0001699382)",d441751d8k.htm,2026-08-31,Nasdaq,PMVP,rezatapopt,2,ovarian cancer,PYNNACLE,True,NCT04585750
0001104659-26-104145,0001847367,2026-09-01,ALUMIS INC.  (ALMS)  (CIK 0001847367),tm2624540d1_8k.htm,2026-09-01,Nasdaq,ALMS,envudeucitinib,2b,systemic lupus erythematosus,LUMUS,False,NCT05966480
0001193125-26-380165,0001515673,2026-09-02,Ultragenyx Pharmaceutical Inc.  (RARE)  (CIK 0001515673),rare-20260902.htm,2026-09-02,Nasdaq,RARE,apazunersen (GTX-102),3,Angelman syndrome,Aspire,False,
0001193125-26-379343,0001783328,2026-09-02,"TScan Therapeutics, Inc.  (TCRX)  (CIK 0001783328)",d309786d8k.htm,2026-09-02,Nasdaq,TCRX,TSC-101,1,heme malignancies,ALLOHA,True,
