adsh,same_trial,reason
0001564590-18-013520,yes,"Both the clinical trial entry and the press release describe a Phase 1 study evaluating the safety, tolerability, and pharmacokinetics of single and multiple ascending doses of XEN901."
0001493152-18-006526,yes,"The press release explicitly identifies NCT02826798 as the clinical trial for its VBI-1501 CMV vaccine candidate, and the study details regarding the vaccine, target disease, and participant population match the ClinicalTrials.gov entry."
0001564590-18-013716,yes,Both the clinical trial entry and the press release refer to the ASPIRO study evaluating AT132 for the treatment of X-Linked Myotubular Myopathy.
0001171843-18-004015,yes,"The clinical trial NCT02361346 and the press release both report on the study of the drug MT-3724 for the treatment of relapsed or refractory B-cell non-Hodgkin lymphoma, specifically mentioning DLBCL."
0001485003-18-000075,yes,The clinical trial entry and the press release both refer to the VISTA Phase 3 study evaluating Vicinium for the treatment of BCG-unresponsive non-muscle invasive bladder cancer.
0001104659-18-034636,yes,"The press release explicitly identifies the study as LEAP 2, which matches the trial title and drug lefamulin listed in the ClinicalTrials.gov entry for the treatment of pneumonia."
0001104659-18-033970,yes,"The clinical trial NCT02606305 is the FORWARD II study, which evaluates mirvetuximab soravtansine in combination with agents including bevacizumab and carboplatin for ovarian cancer, matching the study name and drug combinations reported in the press release."
0001628280-18-007001,yes,Both the clinical trial entry and the press release refer to the same Phase 1/2 study of the gene therapy FCX-007 for the treatment of recessive dystrophic epidermolysis bullosa (RDEB).
0001193125-18-177717,yes,The press release explicitly references NCT03234465 as the Phase 2 clinical trial for AG013 in the treatment of oral mucositis.
0001104659-18-036933,yes,The clinical trial entry and the press release both evaluate the drug MGL-3196 for the treatment of non-alcoholic steatohepatitis (NASH) and share the same primary endpoint of MRI-PDFF at week 12.
0001193125-18-172007,yes,Both the clinical trial entry and the press release describe a study evaluating the effects of tasimelteon on Jet Lag Disorder using the same primary endpoint of Total Sleep Time in the first two-thirds of the night.
0001615774-18-004308,no,"The clinical trial entry describes a Phase 3 efficacy study for PTSD, whereas the press release reports results from a separate Phase 1 pharmacokinetic bridging study in healthy volunteers."
0001640455-18-000064,yes,The clinical trial entry and the press release both refer to the ICONIC trial evaluating JTX-2011 in patients with advanced solid tumors.
0001193125-18-182602,yes,"The clinical trial NCT03013491 and the press release both refer to the PROCLAIM-CX-072 study evaluating the drug CX-072 in patients with solid tumors or lymphomas, both as a monotherapy and in combination with ipilimumab."
0001193125-18-182449,yes,"The press release reports interim results from the Phase 1 study of DCC-2618 in GIST patients, which is the same drug and study population described in the expansion phase of the NCT02571036 clinical trial."
0001193125-18-182405,yes,The press release explicitly references NCT02526017 as the phase 1a/1b study of cabiralizumab in combination with nivolumab in patients with advanced solid tumors.
0001193125-18-182566,no,"The clinical trial entry concerns Pracinostat and Azacitidine for Myelodysplastic Syndromes, while the press release reports on ME-401 for B-cell malignancies."
0001654954-18-006261,yes,The clinical trial entry and the press release both evaluate the efficacy and safety of the drug TGR-1202 (umbralisib) in patients with chronic lymphocytic leukemia (CLL) who are intolerant to prior therapy.
0001193125-18-183849,yes,The clinical trial entry and the press release both describe a Phase 1/2 study of SD-101 in combination with pembrolizumab (KEYTRUDA) for the treatment of advanced melanoma.
0001193125-18-182512,yes,"The clinical trial NCT02210559 evaluates the combination of gemcitabine and nab-paclitaxel with FG-3019 (pamrevlumab) for locally advanced unresectable pancreatic cancer, which matches the drug and disease reported in the press release."
0001280600-18-000035,yes,The clinical trial entry and the press release both describe the evaluation of luspatercept for the treatment of anemia in patients with myelodysplastic syndromes (MDS) in a Phase 2 setting.
0001193125-18-185615,yes,"The clinical trial entry and the press release both describe a Phase 1 study evaluating the safety, tolerability, and pharmacokinetics of the drug PTI-801 in patients with cystic fibrosis."
0001178913-18-001893,yes,"The press release explicitly identifies the Phase II study of PLX-PAD cells for Intermittent Claudication, which matches the drug and disease condition specified in the NCT01679990 clinical trial entry."
0001493152-18-008575,yes,"The clinical trial NCT02466243 investigates JBT-101 (lenabasum) for dermatomyositis, which matches the drug and disease reported in the press release regarding the open-label extension of the Phase 2 dermatomyositis study."
0001564590-18-015655,yes,"The clinical trial NCT02140554 corresponds to the HGB-206 study mentioned in the press release, both of which evaluate LentiGlobin (lovo-cel) gene therapy for severe sickle cell disease and specifically discuss Group C outcomes."
0001564590-18-015482,yes,"The clinical trial entry and the press release both refer to the STEADFAST study evaluating azeliragon for the treatment of mild Alzheimer's disease, with the release specifically discussing results from Part B of the trial described in the entry."
0001193125-18-201664,yes,"Both the clinical trial entry and the press release describe a Phase 2 study of ZGN-1061 in patients with type 2 diabetes, with matching primary endpoints and study duration."
0001171843-18-004697,yes,"The clinical trial NCT02644668 and the press release both describe a Phase 2 study of the drug reldesemtiv (CK-2127107) in patients with spinal muscular atrophy, evaluating endpoints such as 6MWT and MEP."
0001437749-18-012318,yes,"The clinical trial entry and the press release both refer to the study of PRX302 (topsalysin) for the treatment of localized prostate cancer, and the press release explicitly discusses the Phase 2b trial described in the entry."
0001193125-18-205087,yes,"The press release explicitly identifies the trial as NCT03303339 and describes the same drug (PCM-075, also known as onvansertib) in combination with cytarabine or decitabine for the treatment of AML."
0001193125-18-206538,yes,Both the clinical trial entry and the press release refer to the same Phase 2 study of ASN100 for the prevention of S. aureus pneumonia in mechanically ventilated patients.
0001654954-18-007269,yes,"The clinical trial identifier, drug name, and study design (Phase IIa dose escalation) match between the ClinicalTrials.gov entry and the press release."
0001280600-18-000046,yes,"The clinical trial entry and the press release both refer to the BELIEVE study, which evaluates the efficacy and safety of luspatercept in adults with transfusion-dependent beta-thalassemia."
0001437749-18-013068,yes,"Both the clinical trial entry and the press release describe a Phase 3 laboratory classroom study of KP415 in children aged 6-12 with ADHD, utilizing the SKAMP score as a primary endpoint."
0001193125-18-220636,yes,The clinical trial entry and the press release both describe a study of the drug marzeptacog alfa (MarzAA) for the treatment of hemophilia A or B with inhibitors.
0001144204-18-038672,yes,The press release explicitly references NCT02952508 and describes the same drug (CLR 131) and disease (Waldenstrom macroglobulinemia/LPL) being studied in the CLOVER-1 trial.
0001193125-18-225295,yes,"The clinical trial NCT03373903 and the press release both describe a study evaluating the efficacy of TORC1 inhibitors (BEZ235/RTB101 and RAD001/everolimus) in reducing respiratory tract infections in the elderly, with matching primary endpoints and study designs."
0001104659-18-046458,yes,Both the clinical trial entry and the press release describe a Phase 1 study of the drug CRV431 for the treatment of hepatitis B virus (HBV) in healthy volunteers and patients.
0001493152-18-010414,yes,The clinical trial NCT03489941 and the press release both describe a Phase 3 study evaluating the efficacy of EM-100 ophthalmic solution for the treatment of ocular itching.
0001654954-18-008007,yes,The clinical trial NCT02651428 and the press release both refer to the Phase 3 LOCK-IT-100 study evaluating Neutrolin for the prevention of catheter-related bloodstream infections in hemodialysis patients.
0001714899-18-000003,yes,"The press release and the clinical trial entry both describe a Phase 1 study of the drug DNL201 in healthy volunteers, with the press release confirming the study met its safety and pharmacokinetic objectives."
0001564590-18-017423,yes,"The press release and the ClinicalTrials.gov entry both describe the Phase 3 PEACHTREE study evaluating suprachoroidal injection of CLS-TA for macular edema associated with non-infectious uveitis, sharing the same primary endpoint and study design."
0001144204-18-044009,no,"The ClinicalTrials.gov entry NCT03480906 is a usability study for the device itself, whereas the press release reports on the EYN PG21 study which evaluated the efficacy of microdose latanoprost for lowering intraocular pressure."
0001193125-18-249109,yes,The press release explicitly identifies the study as NCT03233308 and matches the drug (netarsudil) and the disease (open-angle glaucoma or ocular hypertension) described in the ClinicalTrials.gov entry.
0001104659-18-053610,yes,"The clinical trial NCT03337308 and the study described in the press release (1002-053) share the same drug combination, patient population, study design, and primary endpoint."
0001564590-18-022422,yes,The clinical trial entry NCT03468725 and the press release both describe a Phase 1 study of XEN1101 using transcranial magnetic stimulation (TMS) to assess pharmacodynamic effects in healthy subjects.
0001193125-18-265020,yes,"The clinical trial entry and the press release both refer to the Phase 1 study of NasoShield as a vaccine against anthrax, sharing the same study name and purpose."
0001144204-18-045577,no,"The press release reports results from a Phase 1b trial in multiple myeloma, whereas the ClinicalTrials.gov entry refers to a separate Phase 2 trial (CLOVER-1) for B-cell malignancies."
0001144204-18-047702,yes,The clinical trial entry and the press release both evaluate the efficacy and safety of EGP-437 for the treatment of non-infectious anterior uveitis using the same primary endpoint of anterior chamber cell count at Day 14.
0001193125-18-266656,yes,The press release explicitly identifies the PHYOX trial as NCT03392896 and describes the same drug (DCR-PHXC) and disease (primary hyperoxaluria) as the clinical trial entry.
0001437749-18-016923,yes,The clinical trial entry and the press release both describe a Phase 3 study evaluating the sensitivity and specificity of the 99mTc-MIP-1404 imaging agent in patients with low-grade prostate cancer.
0001144204-18-048216,yes,"The clinical trial entry and the press release both refer to the same drug, CK-101, and the same clinical trial, NCT02926768, for the treatment of NSCLC."
0001171843-18-006497,yes,"The clinical trial NCT02612428 corresponds to the VTL-308 study mentioned in the press release, both evaluating the ELAD system for the treatment of acute liver failure."
0001193125-18-271781,no,"The clinical trial NCT03186378 is a pharmacokinetic study focused on systemic exposure, whereas the Innovate trial mentioned in the press release is a Phase 2 study (VP-102-103) evaluating efficacy and safety in addition to systemic exposure."
0001564590-18-023246,yes,"The clinical trial entry and the press release both describe a Phase 2 study of the drug VK2809 for the treatment of patients with non-alcoholic fatty liver disease and elevated LDL-cholesterol, sharing the same primary endpoint and study duration."
0001193125-18-278131,no,"The clinical trial entry refers to the drug ASP1517, whereas the press release reports results for the drug roxadustat."
0001104659-18-057922,yes,"The press release and the clinical trial entry both refer to the ASTRID trial, a Phase 2 study evaluating enobosarm for the treatment of stress urinary incontinence in postmenopausal women."
0001144204-18-050260,yes,The clinical trial NCT03018730 and the BRIDGE study described in the press release both evaluate the safety and efficacy of PRX-102 (pegunigalsidase alfa) in patients with Fabry disease who are switching from agalsidase alfa (Replagal).
0001193125-18-280561,yes,The clinical trial entry and the press release both refer to the REDUCE-IT study evaluating the drug Vascepa (icosapent ethyl/AMR101) for cardiovascular risk reduction in statin-treated patients with elevated triglycerides.
0001193125-18-280420,yes,"The clinical trial NCT03469934 and the press release both describe a Phase 2a proof-of-concept study of etokimab in patients with severe eosinophilic asthma, sharing identical study parameters such as the drug name, disease, and follow-up timeline."
0001144204-18-052845,yes,"Both the clinical trial entry and the press release refer to the same investigational bacteriophage therapeutic, AB-SA01, used for the treatment of serious Staphylococcus aureus infections under an expanded access program."
0001564590-18-023519,yes,The press release explicitly identifies olorinab as APD371 and describes the same Phase 2 study in patients with Crohn's disease experiencing abdominal pain as listed in the clinical trial entry.
0001654954-18-011171,yes,Both the clinical trial entry and the press release refer to a Phase 2 study of ublituximab for the treatment of relapsing forms of multiple sclerosis.
0001564590-18-024047,yes,The clinical trial entry and the press release both describe a Phase 2 study of serlopitant for the treatment of refractory chronic cough with the same primary endpoint of change in 24-hour cough frequency.
0001193125-18-298897,yes,The clinical trial entry and the press release both refer to the Phase 1/2 GEM study evaluating the topical gene therapy KB103 for the treatment of Dystrophic Epidermolysis Bullosa.
0001213900-18-013884,yes,"The clinical trial entry and the press release both refer to the FLASH study evaluating SGX301 for the treatment of cutaneous T-cell lymphoma, sharing the same drug, disease, and primary efficacy endpoint."
0001193125-18-303690,yes,The clinical trial NCT02521870 and the SYNERGY-001 study described in the press release both investigate the combination of SD-101 and pembrolizumab in patients with metastatic melanoma.
0001193125-18-301087,yes,"The clinical trial NCT03500263 and the press release both investigate the same combination therapies (PTI-808, PTI-801, and PTI-428) for the treatment of cystic fibrosis."
0001193125-18-303052,yes,"The clinical trial entry and the press release both describe a Phase 1 study of the drug DCC-2618 in patients with advanced malignancies, specifically including gastrointestinal stromal tumors (GIST)."
0001564590-18-024573,yes,"Both the clinical trial entry and the press release describe a Phase 2 study of tipifarnib for the treatment of HRAS-mutant squamous cell carcinomas, specifically head and neck squamous cell carcinoma (HNSCC)."
0001104659-18-063175,yes,The clinical trial NCT02013154 (P102) and the press release both describe the same study of DKN-01 in combination with pembrolizumab for the treatment of esophagogastric cancer.
0001453687-18-000069,yes,The clinical trial NCT02959918 and the press release both describe a Phase 2 study evaluating the safety and efficacy of SEL-212 (pegadricase and SVP-Rapamycin) in patients with symptomatic gout and elevated serum uric acid.
0001171843-18-007233,yes,The press release explicitly identifies the trial as NCT03150810 and describes the same drug combination (pamiparib/BGB-290 and temozolomide) for the same patient population (locally advanced or metastatic solid tumors).
0001140361-18-041664,yes,The clinical trial entry and the press release both describe a pharmacokinetic study of diazepam buccal film in adult patients with epilepsy conducted in an epilepsy monitoring unit.
0001104659-18-064473,yes,Both the clinical trial entry and the press release describe a pharmacokinetic and safety study of a fulvestrant formulation administered via intramuscular injection.
0001193125-18-318390,yes,Both the clinical trial entry and the press release refer to a Phase 3 study of Tivozanib for the treatment of renal cell carcinoma that met its primary endpoint of progression-free survival.
0001493152-18-015235,yes,"The clinical trial entry and the press release both refer to the KEYNOTE-695 study, which investigates the combination of TAVO and pembrolizumab in patients with stage III/IV melanoma who have progressed on prior anti-PD-1 therapy."
0001126234-18-000145,yes,"The press release explicitly describes a Phase 1a study of NLG802 in patients with advanced solid malignancies, which matches the drug and study design specified in the NCT03164603 entry."
0001104659-18-066525,yes,The clinical trial NCT01589185 and the press release both describe a Phase 1/2a study of the drug AR-301 (also referred to as KBSA301) for the treatment of severe pneumonia caused by Staphylococcus aureus.
0001193125-18-324645,yes,The clinical trial entry and the press release both refer to the REDUCE-IT study evaluating the drug AMR101 (icosapent ethyl/Vascepa) for cardiovascular risk reduction in high-risk patients.
0001193125-18-323130,yes,The press release explicitly identifies the clinical trial NCT02675439 as the study evaluating the safety and efficacy of ADU-S100 (MIW815) in patients with advanced solid tumors or lymphomas.
0001564590-18-029055,yes,Both the clinical trial entry and the press release describe a Phase 2 study of the drug AG10 for the treatment of transthyretin amyloid cardiomyopathy (ATTR-CM) with a 28-day duration.
0001437749-18-020646,yes,"The press release explicitly discusses the CardiAMP Heart Failure Trial, which matches the trial name and purpose described in the NCT02438306 entry."
0001104659-18-068675,yes,The clinical trial NCT03489291 and the press release both refer to a dose-confirmation study of an AAV5-based gene therapy containing the FIX-Padua variant for the treatment of hemophilia B.
0001193125-18-329424,yes,Both the ClinicalTrials.gov entry and the press release refer to the PALISADE phase 3 clinical trial evaluating AR101 for the treatment of peanut allergy.
0001193125-18-337148,yes,The clinical trial entry and the press release both refer to the ENLIGHTEN-2 study evaluating ALKS 3831 for the treatment of schizophrenia with identical primary endpoints regarding weight gain.
0001193125-18-334098,yes,"The clinical trial entry NCT03041311 matches the press release as both evaluate trilaciclib in combination with carboplatin, etoposide, and atezolizumab for first-line extensive-stage small cell lung cancer, and the primary endpoints listed in the entry match those reported in the press release."
0001193125-18-338506,yes,"The clinical trial NCT02704429 and the press release both describe a Phase 2 study of PRN1008 for the treatment of pemphigus, sharing the same primary endpoint of achieving Control of Disease Activity within four weeks."
0001104659-18-070939,yes,"The clinical trial NCT03461757 matches the Phase 3 study of rimegepant Zydis ODT for acute migraine treatment described in the press release, as both share the same drug, disease, and primary endpoints."
0001564590-18-030377,yes,The clinical trial NCT02464228 and the press release both describe a Phase 2 study of tipifarnib in patients with relapsed or refractory peripheral T-cell lymphoma (PTCL).
0001193125-18-340357,yes,"The clinical trial entry and the press release both evaluate the drug SNA-120 for the treatment of pruritus associated with psoriasis, and the study details regarding the primary endpoint (I-NRS) and patient population align."
0001558370-18-009542,yes,"The press release explicitly identifies the study as the Phase 1 EXPLORER trial of avapritinib for systemic mastocytosis, which matches the drug, disease, and trial name listed in the ClinicalTrials.gov entry NCT02561988."
0001410578-18-000568,yes,The press release and the clinical trial entry both describe a Phase 2 study of Tamibarotene (SY-1425) in combination with azacitidine and daratumumab for patients with AML and MDS.
0001104659-18-070938,yes,"The clinical trial NCT02396342 specifically investigates AMT-060 for the treatment of Hemophilia B, which matches the drug and disease reported in the press release."
0001193125-18-341242,yes,The clinical trial NCT02914938 and the press release both evaluate ME-401 as a single agent and in combination with rituximab for the treatment of B-cell malignancies including follicular lymphoma and CLL/SLL.
0001280600-18-000065,yes,"Both the ClinicalTrials.gov entry and the press release refer to the BELIEVE trial, a Phase 3 study evaluating luspatercept in adult patients with beta-thalassemia who require regular red blood cell transfusions."
0001126234-18-000149,yes,Both the clinical trial entry and the press release describe a Phase 1 study of indoximod in combination with standard 7+3 chemotherapy for patients with newly diagnosed acute myeloid leukemia.
0001410578-18-000570,no,"The clinical trial entry describes a Phase 3 study of rigosertib monotherapy, whereas the press release reports results from a Phase 2 study of rigosertib in combination with azacitidine."
0001193125-18-341083,yes,The clinical trial NCT02632708 and the press release both describe a Phase 1 study evaluating the combination of ivosidenib (AG-120) or enasidenib (AG-221) with standard induction and consolidation chemotherapy in patients with newly diagnosed AML harboring IDH1 or IDH2 mutations.
0001564590-18-030395,yes,"The clinical trial entry and the press release both refer to a Phase 1b/2 study of the drug vecabrutinib (SNS-062) for the treatment of B-cell malignancies, including CLL."
0001564590-18-030709,yes,Both the clinical trial entry and the press release refer to a Phase 2 study of nelotanserin for the treatment of REM sleep behavior disorder in patients with Lewy body dementia.
0001193125-18-342992,yes,The clinical trial entry and the press release both refer to the Phase 1 study of WVE-210201 for the treatment of Duchenne muscular dystrophy.
0001104659-18-071959,yes,The clinical trial entry and the press release both refer to the ADVANCE-1 trial evaluating AXS-05 for the treatment of agitation in Alzheimer's disease using the CMAI as the primary endpoint.
0001104659-18-072952,yes,"The clinical trial NCT02628574 and the press release both describe a study of TRX518 in combination with gemcitabine, pembrolizumab, or nivolumab for patients with advanced solid tumors."
0001193125-18-347337,no,"The clinical trial NCT02679079 is a Phase 2 study with a 6-week primary endpoint, whereas the T-Force GOLD study described in the press release is a Phase 2b study with a 12-week primary endpoint."
0001193125-18-348318,yes,The clinical trial entry and the press release both describe a Phase 1/2 study evaluating an AAV-based gene therapy for X-linked retinoschisis (XLRS) conducted by AGTC.
0001104659-18-072101,yes,"The clinical trial NCT03315130 and the press release both evaluate the same drug, RA101495 (zilucoplan), for the same condition, generalized myasthenia gravis, using the same primary endpoint of change in QMG score at 12 weeks."
0001477932-18-006009,yes,"Both the clinical trial entry and the press release refer to a Phase 2 study of oral Prurisol for the treatment of moderate-to-severe chronic plaque psoriasis, specifically evaluating the PASI75 endpoint at Week 12."
0001193125-18-351544,no,"The clinical trial entry NCT02817906 refers to a study of ITI-007 for agitation in dementia, whereas the press release reports on the discontinuation of a different study, Study 201, for agitation in Alzheimer's disease."
0001104659-18-074466,yes,"The clinical trial entry NCT03247517 and the press release both describe a Phase III study of SPN-812 for the treatment of ADHD in adolescents, with the press release specifically identifying the study as P302."
0001437749-18-022078,yes,Both the clinical trial entry and the press release refer to the same drug (PRX302/topsalysin) and the same disease (localized prostate cancer) in a Phase 2 study.
0001193125-18-362273,yes,The press release and the clinical trial entry both describe a Phase 1 study of PTI-428 as an add-on therapy for cystic fibrosis patients already taking Kalydeco.
0001193125-19-001151,no,"The clinical trial entry describes a Phase 2 study, whereas the press release reports on a separate study designed as a follow-up to a previously completed Phase 3 study."
0001564590-18-031301,yes,The clinical trial entry and the press release both describe a Phase 2 study evaluating the combination of TRC105 and axitinib (Inlyta) for the treatment of renal cell carcinoma.
0001453687-19-000002,yes,"Both the clinical trial entry and the press release refer to a Phase 2 study of SEL-212 for the treatment of gout, specifically mentioning the five-month dosing regimen."
0001104659-19-002008,yes,The clinical trial entry and the press release both describe a Phase 2 study of NYX-2925 for the treatment of painful diabetic peripheral neuropathy with identical primary endpoints and study design.
0001564590-19-000243,yes,The clinical trial entry and the press release both refer to the same Phase 1/2 study of DTX401 for the treatment of Glycogen Storage Disease Type Ia (GSDIa).
0001193125-19-010961,yes,"Both the clinical trial entry and the press release describe a Phase 2 study of ZGN-1061 in patients with type 2 diabetes, specifically referencing 12-week results for glycemic control and safety."
0001193125-19-012092,yes,"The press release describes the 88-Panc Phase II trial of SM-88 in metastatic pancreatic cancer, which corresponds to the Phase II portion of the multi-center study NCT03512756."
0001140361-19-001362,yes,Both the clinical trial entry and the press release describe a study of RX-3117 in combination with Abraxane for the treatment of metastatic pancreatic cancer.
0001144204-19-002174,yes,"The clinical trial entry and the press release both refer to the same drug (resiniferatoxin), the same condition (osteoarthritis of the knee), and the same trial identifier (NCT03542838)."
0001171843-19-000573,yes,"The press release explicitly identifies voxelotor as the drug previously called GBT440, which matches the drug name in the clinical trial entry for the study of sickle cell disease."
0001104659-19-005571,no,"The clinical trial NCT04470050 was registered in 2020, whereas the press release reports results from a study conducted and announced in early 2019."
0001493152-19-001233,yes,The clinical trial entry and the press release both refer to the KEYNOTE-695 study investigating the combination of Tavo and pembrolizumab for the treatment of metastatic melanoma.
0001193125-19-035877,yes,Both the clinical trial entry and the press release refer to the same Phase 1 study of the mRNA-1653 vaccine for hMPV and PIV3 in healthy adults.
0001125345-19-000012,yes,Both the clinical trial entry and the press release refer to the Phase 3 SOPHIA trial comparing margetuximab plus chemotherapy to trastuzumab plus chemotherapy in patients with metastatic breast cancer.
0001615774-19-002632,no,"The press release reports results from the PIVOT-02 study, whereas the ClinicalTrials.gov entry describes the PIVOT-10 study."
0001564590-19-003668,yes,The clinical trial entry and the press release both describe a Phase 1/2 study of the gene therapy DTX401 for the treatment of Glycogen Storage Disease Type Ia (GSDIa).
0001564590-19-004252,yes,The clinical trial NCT03013491 (PROCLAIM-CX-072) and the press release both describe the same investigational drug CX-072 being tested in patients with solid tumors.
0001553350-19-000179,yes,The press release explicitly identifies the trial as NCT02439450 and reports on the same drug (Viagenpumatucel-L/HS-110) and disease (non-small cell lung cancer) described in the clinical trial entry.
0001193125-19-056253,yes,The press release explicitly identifies the clinical trial NCT03303339 as the study evaluating onvansertib in combination with low-dose cytarabine or decitabine for patients with AML.
0001144204-19-009850,yes,"The press release explicitly identifies the study as the Phase 2 study of CLR 131 for B-cell hematologic cancers and references the trial ID NCT02952508, which matches the provided ClinicalTrials.gov entry."
0001615774-19-003462,yes,The press release and the clinical trial entry both refer to the REVEAL study evaluating the combination of NKTR-262 and NKTR-214 (bempeg) in patients with locally advanced or metastatic solid tumors.
0000792977-19-000050,yes,The clinical trial NCT01004029 and the PROLONG trial described in the press release both evaluate the same drug (17P/Makena) for the same condition (prevention of preterm birth in women with a history of spontaneous preterm delivery) and share the same trial name.
0001193125-19-077488,yes,The clinical trial entry and the press release both refer to the TIME-2b study evaluating AKB-9778 for the treatment of non-proliferative diabetic retinopathy (NPDR) with the same primary endpoint.
0001104659-19-015410,yes,"The press release explicitly identifies the study as P204 and describes the same drug (DKN-01) and patient populations (gynecological malignancies including carcinosarcoma, EEC, and EOC) as the clinical trial entry NCT03395080."
0001193125-19-077442,yes,"The clinical trial entry and the press release both describe a Phase 2 study of lebrikizumab for moderate-to-severe atopic dermatitis, sharing the same primary endpoint of percent change in EASI score at week 16."
0001564590-19-008654,yes,The clinical trial NCT03492281 and the press release both refer to the EMPOWUR study evaluating vibegron for the treatment of overactive bladder (OAB) with identical primary endpoints.
0001171843-19-001889,yes,"The clinical trial identifier, drug name, disease indication, study design, and primary endpoint match exactly between the ClinicalTrials.gov entry and the press release."
0001193125-19-084341,yes,The clinical trial NCT03201003 and the press release both refer to the ARTEMIS phase 3 trial evaluating AR101 for the treatment of peanut allergy in children aged 4-17 with the same primary endpoint.
0001193125-19-084285,yes,"The clinical trial NCT03500263 investigates the combination of PTI-808, PTI-801, and PTI-428 in cystic fibrosis patients, which matches the proprietary triple combination study described in the press release."
0001659617-19-000030,yes,"The press release describes Phase 1/2 clinical trials of Liposomal Annamycin for the treatment of acute myeloid leukemia, which matches the drug and disease specified in the NCT03315039 entry."
0001144204-19-016088,yes,"The press release explicitly identifies the study as NCT03868059 and matches the drug (TLANDO/LPCN 1021), the disease (hypogonadal men), and the study design (ABPM monitoring) described in the clinical trial entry."
0001171843-19-002031,yes,The clinical trial entry and the press release both refer to the PATENCY-2 Phase 3 trial evaluating vonapanitase in patients with chronic kidney disease undergoing radiocephalic arteriovenous fistula creation.
0001564590-19-009692,yes,"The press release explicitly identifies the study as the ESSENCE study (NCT02500381) and reports on the casimersen arm, which is one of the two drugs evaluated in the clinical trial entry."
0001595585-19-000060,yes,"The clinical trial entry NCT03390842 and the press release both refer to the TRCA-301E trial, which is the long-term extension study for TRC101 in patients with chronic kidney disease and metabolic acidosis."
0001193125-19-094145,yes,The press release explicitly references the clinical trial NCT03303339 and describes the same drug (onvansertib) and disease (AML) in combination with the same chemotherapy agents (low-dose cytarabine or decitabine).
0001651308-19-000031,yes,"The press release explicitly identifies the clinical trial as NCT02407990 and reports on the same drug (tislelizumab, also known as BGB-A317) and the same disease population (advanced solid tumors) as described in the ClinicalTrials.gov entry."
0001193125-19-094135,yes,The press release and the ClinicalTrials.gov entry both refer to the ProSTAR study evaluating CPI-1205 in patients with metastatic castration-resistant prostate cancer.
0001564590-19-010958,yes,"Both the clinical trial entry and the press release refer to the same drug, pegzilarginase, and the same disease, Arginase 1 Deficiency, in the context of a Phase 1/2 study."
0001280600-19-000017,yes,Both the clinical trial entry and the press release refer to the Phase 1 study of the drug ACE-2494 in healthy volunteers.
0001564590-19-011445,yes,The clinical trial entry and the press release both describe the Phase 3 TAPPAS trial evaluating the combination of TRC105 and pazopanib (Votrient) for the treatment of advanced angiosarcoma.
0001193125-19-107259,no,"The press release reports results from a Phase 1 clinical trial, whereas the ClinicalTrials.gov entry describes a separate Phase 2/3 trial (DYSTANCE 51) for the same drug and disease."
0001104659-19-021219,yes,The clinical trial entry and the press release both describe a Phase 2 study of AXS-05 for smoking cessation with identical primary endpoints related to smoking intensity and carbon monoxide levels.
0001493152-19-006051,yes,The clinical trial NCT02302157 and the SCiStar study described in the press release both investigate the safety and efficacy of AST-OPC1 (OPC1) in patients with cervical spinal cord injuries.
0001213900-19-007374,no,"The press release reports on a meta-analysis of two previously published studies conducted at four international institutions, whereas the ClinicalTrials.gov entry refers to a separate, ongoing Phase 3 trial located exclusively in the U.S."
0001564590-19-014708,yes,Both the ClinicalTrials.gov entry and the press release refer to the ASPIRO clinical trial evaluating AT132 for the treatment of X-linked Myotubular Myopathy.
0001144204-19-022661,yes,The press release explicitly identifies the clinical trial as NCT03212404 and reports results for the same drug (cosibelimab) and the same disease category (advanced solid tumors) as described in the ClinicalTrials.gov entry.
0001193125-19-134882,yes,The press release explicitly identifies the clinical trial NCT02074839 as the source of the data used for the sNDA approval of TIBSOVO (AG-120) in newly diagnosed AML patients.
0001564590-19-014883,yes,"The clinical trial NCT02658929 corresponds to the CRB-401 study mentioned in the press release, both of which investigate the use of bb2121 for the treatment of multiple myeloma."
0001104659-19-027408,yes,"The press release explicitly identifies the study as Study 303 and provides the NCT03461757 identifier, matching the clinical trial entry for the acute treatment of migraine with rimegepant."
0001104659-19-026958,no,"The press release reports results from a pilot study and states that the SPEARHEAD-1 trial is only being initiated, meaning the results provided are not from the SPEARHEAD-1 trial itself."
0001171843-19-002975,yes,"The clinical trial entry and the press release both refer to the FORTITUDE-ALS study, which evaluates the drug CK-2127107 (reldesemtiv) for the treatment of ALS using the same primary endpoint of change in slow vital capacity (SVC) at 12 weeks."
0001104659-19-027407,yes,"The clinical trial NCT03565887 matches the drug RVL-1201 and the condition blepharoptosis (ptosis) described in the press release, and the primary endpoint regarding the Leicester Peripheral Field Test is identical."
0001564590-19-016785,yes,Both the clinical trial entry and the press release refer to the same Phase 2 study of the drug DUR-928 for the treatment of alcoholic hepatitis.
0001564590-19-016491,yes,"The clinical trial NCT03379311 and the press release both evaluate the drug AK002 in patients with atopic keratoconjunctivitis, vernal keratoconjunctivitis, and perennial allergic conjunctivitis."
0001659617-19-000062,yes,The press release and the clinical trial entry both describe a Phase 1/2 study of Liposomal Annamycin for the treatment of relapsed or refractory acute myeloid leukemia.
0001193125-19-146046,no,"The press release describes a real-world observational study of 93 patients, whereas the clinical trial NCT03695367 is a formal Phase 2 interventional study."
0001104659-19-028486,yes,The clinical trial NCT03489291 and the press release both describe a study of an AAV5-based gene therapy containing the FIX-Padua variant for the treatment of hemophilia B.
0001193125-19-148632,no,"The clinical trial entry refers to JNJ-42847922, whereas the press release reports results for a different drug, seltorexant (MIN-202)."
0001193125-19-149994,no,"The clinical trial entry refers to the drug Danicopan, whereas the press release reports results for the drug ACH-4471."
0001104659-19-030555,yes,The clinical trial NCT02914509 and the press release both evaluate the efficacy and safety of OTX-TP for the treatment of open-angle glaucoma or ocular hypertension using the same primary endpoints and study design.
0001193125-19-148650,yes,"The clinical trial NCT02158858, known as the MANIFEST study, evaluates CPI-0610 in patients with myelofibrosis, which matches the drug, disease, and trial name reported in the press release."
0001171843-19-003529,yes,The clinical trial entry and the press release both refer to the APeX-2 trial evaluating BCX7353 for the prevention of hereditary angioedema (HAE) and report consistent study design and efficacy results.
0001193125-19-163365,no,"The press release explicitly identifies the study as NCT02797977, whereas the provided entry is for NCT02797964."
0001583648-19-000028,yes,"The press release explicitly references a phase 1a study of PRS-060, which matches the phase 1 study of PRS-060 described in the clinical trial entry."
0001437749-19-011160,yes,Both the clinical trial entry and the press release describe a phase 2 study of istaroxime for the treatment of acute heart failure with the same primary endpoint of change in E/e' ratio at 24 hours.
0001558370-19-005447,no,"The clinical trial entry refers to the VOYAGER study (a Phase 3 trial comparing avapritinib to regorafenib), whereas the press release reports results from the NAVIGATOR trial (a separate study of avapritinib)."
0001171843-19-003763,yes,The clinical trial NCT03454451 and the press release both describe a Phase 1 study evaluating CPI-006 as a monotherapy and in combination with ciforadenant and pembrolizumab for patients with advanced cancers.
0001564590-19-021520,yes,"The clinical trial NCT03391804 and the Study 206 mentioned in the press release both investigate the drug reloxaliase (ALLN-177) in patients with enteric or primary hyperoxaluria, and both share the same primary endpoint of measuring plasma oxalate over a 12-week treatment period."
0001193125-19-163337,yes,"The press release describes interim results from a Phase 1 study of mRNA-4157 alone or with pembrolizumab in patients with solid tumors, which matches the design and scope of the NCT03313778 clinical trial."
0001493152-19-008650,yes,The clinical trial entry and the press release both refer to the same study (NCT03382977) evaluating the VBI-1901 vaccine in patients with recurrent glioblastoma.
0001144204-19-029339,yes,"The clinical trial NCT03774836 and the press release both describe a Phase 3 study of IV tramadol compared to placebo and IV morphine for post-operative pain following abdominoplasty surgery, with the same primary endpoint of SPID24."
0001564590-19-022455,yes,The press release explicitly identifies the study as the MISSION study (NCT03393013) and reports results from the Phase 1b portion of the trial evaluating KZR-616 in patients with systemic lupus erythematosus.
0001410578-19-000294,yes,"The clinical trial entry and the press release both describe a Phase 2 study of NYX-2925 in patients with fibromyalgia, and the primary endpoints regarding neuroimaging biomarkers (Glx levels in the dACC and pINS) match exactly."
0001104659-19-035218,yes,"The press release explicitly references the clinical trial NCT03491748 and describes the same drug (ETX0282) and study design (Phase 1, healthy volunteers, assessment of pharmacokinetics and safety) as the ClinicalTrials.gov entry."
0001193125-19-173019,yes,The clinical trial entry and the press release both describe a Phase 2 study of tipifarnib for the treatment of relapsed or refractory peripheral T-cell lymphoma (PTCL).
0001564590-19-022611,yes,"The press release explicitly references the STRO-001-BCM1 study, which matches the drug (STRO-001), disease (advanced B-cell malignancies), and phase (Phase 1) described in the ClinicalTrials.gov entry NCT03424603."
0001651308-19-000063,yes,"The press release explicitly identifies the ASPEN trial as NCT03053440 and reports results for the same drug (zanubrutinib, also known as BGB-3111) and disease (Waldenström's Macroglobulinemia) described in the clinical trial entry."
0000939767-19-000144,yes,"The clinical trial NCT03273153 corresponds to the IMspire170 study, which evaluates the combination of cobimetinib and atezolizumab versus pembrolizumab in patients with previously untreated BRAF V600 wild-type advanced melanoma, matching the details provided in the press release."
0001144204-19-031390,yes,The clinical trial entry and the press release both refer to the same drug (Resiniferatoxin/RTX) and the same disease (knee osteoarthritis) and explicitly cite the same trial identifier (NCT03542838).
0001437749-19-012278,yes,"The clinical trial entry and the press release both describe a Phase 1 study of DM199 in patients with chronic kidney disease and diabetes, sharing identical primary endpoints and study duration."
0001193125-19-179370,yes,"The press release explicitly discusses the GEM-1 study, which is the trial identified by NCT03536143, and provides additional data from the subsequent GEM-2 study that is part of the same clinical development program for KB103 in DEB patients."
0001193125-19-181947,no,"The clinical trial entry refers to JNJ-42847922, whereas the press release reports results for a different drug, seltorexant (MIN-202)."
0001437749-19-012879,no,"The clinical trial NCT04616430 was registered in November 2020, whereas the press release describes a study that was completed and reported in June 2019."
0001193125-19-183398,yes,The clinical trial NCT03487549 (COVE-1) and the press release both describe a Phase 2 study of VP-102 (cantharidin) for the treatment of common warts (verruca vulgaris) with the same primary endpoint and cohort structure.
0001558370-19-005869,yes,Both the clinical trial entry and the press release describe a Phase 2 study of a topical minocycline gel (BPX-04) for the treatment of papulopustular rosacea with the same primary endpoint of inflammatory lesion count at 12 weeks.
0001564590-19-023957,yes,The press release explicitly identifies the study as NCT02606136 and matches the drug (pamrevlumab) and disease (non-ambulatory Duchenne muscular dystrophy) described in the ClinicalTrials.gov entry.
0001104659-19-039704,yes,The clinical trial NCT03489291 corresponds to the Phase IIb study of AMT-061 (AAV5-hFIXco-Padua) for the treatment of hemophilia B described in the press release.
0001193125-19-189981,yes,"The clinical trial NCT02600494 corresponds to the study of lumateperone for bipolar depression, which matches the drug, disease, and primary endpoint (MADRS at 6 weeks) described in the press release for Study 404."
0001144204-19-034627,yes,The clinical trial entry and the press release both refer to the HOPE-2 trial evaluating CAP-1002 for the treatment of Duchenne muscular dystrophy.
0001193125-19-190905,yes,The clinical trial NCT03512756 and the TYME-88-Panc study described in the press release both evaluate the drug SM-88 for the treatment of metastatic pancreatic cancer with overall survival as a primary endpoint.
0001193125-19-193574,yes,"The clinical trial entry NCT03454893 matches the Phase 2 FAB-201 trial described in the press release, as both investigate the gene therapy AVR-RD-01 for Fabry disease and share the same primary efficacy endpoint regarding Gb3 inclusions in kidney biopsies."
0001659617-19-000114,yes,"The press release explicitly discusses the ongoing Phase 1/2 study of Annamycin for relapsed or refractory acute myeloid leukemia in Poland and the US, which matches the drug, disease, and phase described in the clinical trial entry NCT03315039."
0001213900-19-013239,yes,"The press release explicitly references the Phase 3 ACCORDANCE study, which matches the title, drug (AP-CD/LD), and disease (Parkinson's) specified in the ClinicalTrials.gov entry NCT02605434."
0001193125-19-200528,yes,"The press release describes the ARCHWAY study of SAGE-217 in bipolar depression, which matches the drug and condition specified in the NCT03692910 clinical trial entry."
0001193125-19-199353,yes,"The clinical trial entry and the press release both refer to the CHIASMA OPTIMAL Phase 3 trial evaluating octreotide capsules (Mycapssa) for the treatment of acromegaly, sharing the same study design and primary endpoint."
0001144204-19-035881,yes,"The press release explicitly identifies the clinical trial NCT02716246 as the Transpher A Study evaluating ABO-102 for the treatment of MPS IIIA, which matches the drug and disease described in the ClinicalTrials.gov entry."
0001564590-19-025941,no,"The clinical trial NCT02174731 is a global study with a primary endpoint measured at 28-52 weeks, whereas the press release describes a specific China-based Phase 3 trial (FGCL-4592-806) with a primary endpoint measured at 23-27 weeks."
0001564590-19-026439,yes,"The clinical trial entry and the press release both investigate the drug KSI-301 for the treatment of wet AMD, DME, and RVO, and the press release explicitly references the ongoing study described in the NCT03790852 entry."
0001558370-19-006557,yes,"The clinical trial entry and the press release both describe a Phase 2 study of ATI-501 oral suspension for the treatment of alopecia areata, alopecia totalis, and alopecia universalis, sharing the same primary endpoint of percent change in SALT score at week 24."
0001558370-19-007085,yes,The clinical trial entry and the press release both refer to the Phase 3 RESET study evaluating the efficacy and safety of rivipansel for the treatment of vaso-occlusive crisis in patients with sickle cell disease.
0001193125-19-207763,no,"The ClinicalTrials.gov entry NCT03401528 describes a Phase 1 safety study in healthy volunteers, whereas the press release reports on a Phase 1b/2 efficacy trial in patients with platinum-resistant ovarian cancer."
0001104659-19-045001,yes,The clinical trial NCT03665285 and the press release both describe a Phase 1/2 study of the drug NC318 in patients with advanced or metastatic solid tumors.
0001104659-19-046145,yes,The clinical trial entry and the press release both describe a Phase 2 study of onvansertib in combination with abiraterone and prednisone for the treatment of metastatic castration-resistant prostate cancer.
0001193125-19-219468,yes,The clinical trial entry and the press release both refer to the INVICTUS Phase 3 study evaluating ripretinib (DCC-2618) for the treatment of advanced gastrointestinal stromal tumor (GIST).
0001564590-19-032608,yes,The clinical trial entry and the press release both refer to the EPOCH 2 Phase 3 study evaluating HTX-011 for postoperative pain control in patients undergoing hernia repair surgery.
0001104659-19-046600,no,"The clinical trial NCT02301416 focuses on Roux-en-Y gastric bypass (RYGB) surgery, whereas the press release describes a study involving laparoscopic sleeve gastrectomy (LSG)."
0001213900-19-016975,yes,Both the clinical trial entry and the press release describe a study of abexinostat in combination with pembrolizumab (Keytruda) for the treatment of patients with advanced solid tumors.
0001410578-19-000970,yes,The clinical trial NCT03531905 and the study 1002-058 described in the press release both evaluate the bempedoic acid and ezetimibe combination tablet in patients with type 2 diabetes and hypercholesterolemia over a 12-week period.
0001564590-19-033820,yes,The clinical trial entry NCT03378531 and the press release both investigate the use of pegzilarginase for the treatment of Arginase 1 Deficiency.
0001104659-19-048359,yes,"The clinical trial entry and the press release both evaluate the drug AR-105 for the treatment of Pseudomonas aeruginosa pneumonia, and the primary endpoint mentioned in both is the Clinical Cure rate on Day 21."
0001564590-19-033927,yes,The clinical trial entry and the press release both refer to the same Phase 1/2 study of the gene therapy DTX401 for the treatment of Glycogen Storage Disease Type Ia (GSDIa).
0001193125-19-235868,yes,"The clinical trial entry and the press release both describe a study evaluating tenapanor as an adjunctive therapy to phosphate binders for the treatment of hyperphosphatemia in patients with chronic kidney disease on dialysis, with matching primary endpoints."
0001193805-19-000797,yes,"The press release explicitly names the CALDOSE-1 study and NCT03341962, and both sources describe the same drug (IMU-838) and disease (ulcerative colitis) with identical study design features."
0001171843-19-005858,yes,"Both the clinical trial entry and the press release describe a study of the drug PTI-125 in patients with mild-to-moderate Alzheimer's disease, and the press release explicitly references the Phase 2a study design and biomarker results consistent with the trial's scope."
0001193125-19-240440,yes,Both the ClinicalTrials.gov entry and the press release describe the HARMONY Phase 3 trial evaluating pimavanserin for the treatment of dementia-related psychosis with the same primary endpoint of time to relapse.
0001144204-19-043868,yes,The clinical trial entry and the press release both describe a Phase 2 study of Bryostatin-1 for moderate to severe Alzheimer's disease with the same primary endpoint of change in SIB total score at Week 13.
0001193125-19-243345,yes,The clinical trial entry and the press release both refer to the OPTIC Phase 1 trial evaluating ADVM-022 for the treatment of wet age-related macular degeneration (wet AMD).
0001280600-19-000048,yes,The clinical trial entry and the press release both describe a Phase 2 study of the drug ACE-083 for the treatment of facioscapulohumeral muscular dystrophy (FSHD).
0001493152-19-014284,yes,Both the clinical trial entry and the press release refer to the same Phase 3 study of the drug RP-G28 for the treatment of lactose intolerance.
0001144204-19-044706,yes,"The clinical trial entry and the press release both describe a Phase 1 dose-escalation study of the same drug (CLR 131, also known as I-131-CLR1404) for the treatment of relapsed or refractory multiple myeloma."
0001564590-19-034836,yes,"Both the clinical trial entry and the press release describe a Phase 2 study of DUR-928 in patients with alcoholic hepatitis, sharing the same drug, disease, and study objectives."
0000944809-19-000060,yes,The press release explicitly references NCT01592500 as the study design for the Phase 2 extension study evaluating the long-term safety and efficacy of somatrogon (MOD-4023) in children with growth hormone deficiency.
0001104659-19-051291,yes,The clinical trial NCT03897309 and the press release both describe a Phase 1 study of Vaxart's oral norovirus vaccine (VXA-NVV-103) evaluating safety and immunogenicity in healthy adults.
0001654954-19-011103,yes,The clinical trial entry and the press release both refer to the OPTION Phase 2 trial evaluating MS1819 for the treatment of exocrine pancreatic insufficiency in patients with cystic fibrosis.
0001564590-19-035318,yes,"The clinical trial NCT03928353 is explicitly cited in the press release as the study evaluating PB2452 for the reversal of ticagrelor, matching the drug and the study objectives described."
0001558370-19-008729,yes,The clinical trial entry and the press release both refer to the Phase 3 FORWARD I study evaluating mirvetuximab soravtansine versus chemotherapy in patients with folate receptor alpha-positive ovarian cancer.
0001193125-19-258123,yes,The press release explicitly identifies the clinical trial as NCT03234465 and discusses the same drug (AG013) and disease (oral mucositis) as the ClinicalTrials.gov entry.
0001104659-19-051888,yes,Both the clinical trial entry and the press release refer to the same Phase I/IIa study of BT1718 in patients with advanced solid tumors.
0001193125-19-259970,yes,The press release explicitly identifies the trial as NCT02978716 and describes the same drug (trilaciclib) and disease (metastatic triple-negative breast cancer) as the clinical trial entry.
0001193125-19-258069,yes,The clinical trial NCT02667886 and the press release both describe a Phase 1/2 study of mavorixafor (X4P-001) in combination with axitinib for the treatment of advanced renal cell carcinoma.
0001370053-19-000035,yes,"The press release explicitly references an ongoing Phase 2 trial of ANB019 for generalized pustular psoriasis, which matches the drug, disease, and phase specified in the NCT03619902 clinical trial entry."
0001651308-19-000092,yes,"The press release reports on clinical data for tislelizumab and pamiparib, which are the drugs BGB-A317 and BGB-290 being studied in the clinical trial NCT02660034."
0001193125-19-260354,yes,"The clinical trial entry and the press release both refer to the IMPALA trial investigating inhaled molgramostim (GM-CSF) for the treatment of autoimmune pulmonary alveolar proteinosis, sharing the same primary endpoint of A-a(DO2) change at 24 weeks."
0001628280-19-012219,yes,Both the clinical trial entry and the press release refer to the ASPIRO study evaluating the drug AT132 for the treatment of X-Linked Myotubular Myopathy (XLMTM).
0001410578-19-001500,no,"The clinical trial entry refers to the Phase 3 PROPEL study (NCT03729362), while the press release reports results from a separate Phase 1/2 study (ATB200-02)."
0001140361-19-017653,yes,"The clinical trial NCT02065973 is a Phase 1 study of PDS0101, which matches the drug and phase of the study described in the press release regarding patients with HPV-associated cervical intraepithelial neoplasia."
0001193125-19-265503,yes,"The press release explicitly discusses preliminary data from the Phase 2 Part B trial of PRN1008 in pemphigus patients, which matches the drug and disease specified in the NCT02704429 clinical trial entry."
0001564590-19-036888,no,"The press release reports results from a Phase 1b study, whereas the ClinicalTrials.gov entry describes the DAZZLE study, which is a separate Phase 2/3 pivotal trial."
0001193125-19-266891,yes,Both the clinical trial entry and the press release refer to the same Phase I/IIa study of RGX-314 for the treatment of wet age-related macular degeneration (wet AMD).
0001493152-19-015458,yes,Both the clinical trial entry and the press release refer to the same Phase I/IIa study of OpRegen for the treatment of dry age-related macular degeneration.
0001213900-19-020388,no,"The clinical trial NCT04481386 was registered in 2020, whereas the feasibility study reported in the press release was conducted between 2017 and 2018."
0001193125-19-269686,yes,The press release explicitly references the COVE-1 study (NCT03487549) and reports results for the same drug (VP-102/cantharidin) and disease (common warts) as described in the clinical trial entry.
0001564590-19-037206,yes,Both the clinical trial entry and the press release refer to a Phase 2 study of the drug DUR-928 for the treatment of alcoholic hepatitis.
0001213900-19-020718,yes,"The clinical trial entry and the press release both describe a Phase 2 study of REL-1017 at 25 mg and 50 mg doses for the treatment of depression, sharing identical study design elements such as the 7-day dosing period and the evaluation of safety and efficacy."
0001193125-19-273138,yes,The clinical trial NCT02807558 and the press release both evaluate the efficacy and safety of Tamibarotene (SY-1425) in combination with azacitidine for the treatment of patients with acute myeloid leukemia (AML).
0001104659-19-056422,yes,"The press release explicitly identifies the data presented as coming from Study 12-230, which corresponds to the NCT01757626 clinical trial entry for naxitamab and GM-CSF in neuroblastoma."
0001493152-19-015917,yes,The press release explicitly references the clinical trial NCT03382977 and discusses the same drug (VBI-1901) and disease (recurrent glioblastoma) as described in the clinical trial entry.
0001171843-19-006859,yes,The press release and the clinical trial entry both describe a three-part Phase 1 study of the drug BCX9930 for the treatment of paroxysmal nocturnal hemoglobinuria (PNH).
0001564590-19-038263,yes,"The press release explicitly references the ENIGMA study and NCT03496571, and the drug (AK002) and disease (eosinophilic gastritis and/or eosinophilic gastroenteritis) match the clinical trial entry."
0001410939-19-000053,yes,The press release and the clinical trial entry both report on a study of Zimura for the treatment of geographic atrophy secondary to dry age-related macular degeneration.
0001193125-19-277684,yes,The clinical trial entry and the press release both describe a Phase 1b/2 study of rebastinib in combination with paclitaxel for the treatment of advanced or metastatic solid tumors.
0001193125-19-276327,yes,The clinical trial entry and the press release both describe a Phase 1/2 study of the drug MRTX849 in patients with KRAS G12C mutated solid tumors.
0001193125-19-276192,no,"The press release reports results from a Phase 1 study of ZW25, whereas the ClinicalTrials.gov entry NCT03929666 specifically describes a Phase 2 trial."
0001564590-19-038415,yes,The press release and the clinical trial entry both refer to the same Phase 1 study of STRO-002 for the treatment of ovarian and endometrial cancers.
0001104659-19-057505,yes,"The clinical trial entry and the press release both describe a Phase 2 study of an sGC stimulator (IW-1973, also known as praliciguat) for the treatment of diabetic nephropathy with the primary endpoint of UACR reduction."
0001193125-19-278423,yes,Both the clinical trial entry and the press release refer to a Phase 3 study of amifampridine phosphate for the treatment of Congenital Myasthenic Syndromes (CMS) and identify the primary endpoint as the Subject Global Impression (SGI) score.
0001553350-19-001123,yes,The clinical trial entry and the press release both evaluate the combination of Viagenpumatucel-L (HS-110) in patients with non-small cell lung cancer.
0001583648-19-000070,yes,"The clinical trial entry and the press release both refer to a Phase 1 study of the drug PRS-343 in patients with HER2-positive solid tumors and explicitly cite the same trial registration number, NCT03330561."
0001193125-19-283989,yes,"The clinical trial entry and the press release both describe a Phase 2 study of netarsudil at concentrations of 0.01%, 0.02%, and 0.04% for the treatment of open-angle glaucoma or ocular hypertension in Japan, with matching primary endpoints and study objectives."
0001193125-19-286673,yes,"The clinical trial NCT03456830 corresponds to the URIROX-1 trial mentioned in the press release, as both evaluate the drug reloxaliase (ALLN-177) in patients with enteric hyperoxaluria using the same primary endpoint."
0001193125-19-285901,yes,"The press release explicitly identifies the study as the Rhopressa Phase 4 Multi-center Open-label Study (MOST), which matches the title and phase of the clinical trial NCT03808688."
0001193125-19-285878,yes,"The press release explicitly references the AR-13324-CS208 study, which corresponds to the Phase 2 trial for Netarsudil in Japanese patients with open-angle glaucoma or ocular hypertension described in NCT03844945."
0001193125-19-289408,yes,The clinical trial entry and the press release both refer to the MAVERICK-HCM Phase 2 study evaluating mavacamten in patients with non-obstructive hypertrophic cardiomyopathy.
0001564590-19-042158,yes,"The clinical trial entry and the press release both refer to the HIMALAYAS trial, which evaluates roxadustat for the treatment of anemia in incident dialysis patients with chronic kidney disease."
0001213900-19-022717,yes,Both the clinical trial entry and the press release describe a Phase II study of ORMD-0801 for the treatment of Type 2 Diabetes Mellitus with a primary endpoint of change in HbA1c at 12 weeks.
0001557142-19-000082,yes,"The clinical trial NCT03640481 corresponds to the ROCKstar (KD025-213) study mentioned in the press release, as both evaluate KD025 for the treatment of chronic graft-versus-host disease in patients who have received at least two prior lines of systemic therapy."
0001193125-19-291076,yes,The clinical trial entry and the press release both describe a Phase 1 study of the drug Vimseltinib (DCC-3014) for the treatment of tenosynovial giant cell tumor (TGCT).
0001193125-19-293984,yes,The clinical trial entry and the press release both refer to the same Phase 2 open-label study of AG10 in patients with transthyretin amyloid cardiomyopathy (ATTR-CM).
0001193125-19-292868,yes,The clinical trial NCT04139915 and the PROTECTOR 1 trial described in the press release both evaluate the efficacy of RTB101 in preventing clinically symptomatic respiratory illness in the elderly.
0001193125-19-293845,yes,"The clinical trial entry and the press release both report on the same Phase 2 study of KarXT for the treatment of schizophrenia, matching the primary endpoint of PANSS total score reduction at five weeks."
0001193125-19-295582,yes,The clinical trial entry and the press release both describe an open-label study of the drug AG10 in patients with transthyretin amyloid cardiomyopathy (ATTR-CM).
0001654954-19-012881,yes,"The clinical trial entry and the press release both refer to the ELEVATE study, a Phase 2 trial evaluating AV-101 as an adjunctive treatment for major depressive disorder using the MADRS-10 as the primary endpoint."
0001564590-19-043921,yes,"The press release explicitly references the clinical trial NCT03947385 and reports on the same drug (IDE196) and disease (solid tumors with GNAQ/11 mutations, specifically metastatic uveal melanoma) as described in the clinical trial entry."
0001104659-19-065650,yes,"The press release explicitly identifies the study as NCT02553824 and reports results for Qsymia in patients with binge-eating disorder or bulimia nervosa, which matches the clinical trial entry."
0001564590-19-043923,yes,"The clinical trial NCT03639246 and the press release both investigate the drug AVB-500 (also referred to as AVB-S6-500) in patients with platinum-resistant recurrent ovarian cancer, with the press release specifically describing the Phase 1b portion of the trial mentioned in the entry."
0001140361-19-021505,yes,The press release explicitly references NCT03953820 and describes the same crossover study comparing the pharmacokinetics of Diazepam Buccal Film and Diazepam Rectal Gel in adults with epilepsy.
0001104659-19-069244,yes,The clinical trial entry and the press release both refer to the CONCERT trial evaluating AXS-12 (reboxetine) for the treatment of narcolepsy with cataplexy.
0001654954-19-013694,no,"The clinical trial NCT03751293 is a study of BCMA-directed CAR-T cells, but it does not specify the proprietary drug C-CAR088 mentioned in the press release, and the trial NCT03751293 is not linked to Cellular Biomedicine Group."
0001558370-19-011419,yes,"The press release explicitly identifies the EXPLORER clinical trial as the study evaluating avapritinib for the treatment of advanced systemic mastocytosis, which matches the drug and disease specified in the NCT02561988 entry."
0001193125-19-308602,yes,"PRN1008 is the internal development code for the drug rilzabrutinib, and the press release describes the same Phase 1/2 study in immune thrombocytopenia (ITP) as the clinical trial entry."
0001651308-19-000131,yes,"The press release explicitly mentions a poster presentation of the combination of zanubrutinib and tislelizumab in patients with B-cell malignancies, which matches the study NCT02795182."
0001564590-19-045493,yes,"The clinical trial NCT03088878 and the press release both evaluate the combination of cirmtuzumab and ibrutinib in patients with B-cell lymphoid malignancies, specifically CLL and MCL."
0001104659-19-070818,yes,"The press release explicitly reports genomic profiling results from the INSPIRE trial, which corresponds to the clinical trial NCT02562443."
0001659617-19-000177,yes,Both the clinical trial entry and the press release describe a Phase 1 study of the topical drug WP1220 for the treatment of cutaneous T-cell lymphoma (CTCL).
0001654954-19-013703,yes,"The clinical trial NCT03379051 and the press release both describe a Phase I/II study evaluating the triple combination of ublituximab, umbralisib, and venetoclax in patients with relapsed or refractory chronic lymphocytic leukemia (CLL)."
0001171843-19-008006,yes,Both the clinical trial entry and the press release describe a Phase 1 study of the drug CPI-818 for the treatment of relapsed/refractory T-cell lymphomas.
0001564590-19-045479,yes,The clinical trial entry and the press release both refer to the KarMMa study (NCT03361748) evaluating the drug ide-cel (bb2121) for the treatment of relapsed and refractory multiple myeloma.
0001564590-19-045581,yes,The clinical trial NCT03604692 and the press release both describe a Phase 1/2 study evaluating the drug SNDX-6352 (axatilimab) for the treatment of chronic graft versus host disease (cGVHD).
0000950123-19-011815,yes,"The press release explicitly identifies the reported data as coming from the company's ongoing Phase 2 clinical trial of tipifarnib in relapsed or refractory PTCL, which matches the drug and disease scope of the NCT02464228 entry."
0001104659-19-070959,yes,"The press release explicitly identifies the results as coming from the Phase 2 CLOVER-1 trial, which is the same trial ID (NCT02952508) and drug (CLR 131) listed in the ClinicalTrials.gov entry, and multiple myeloma is one of the B-cell malignancies included in the trial's scope."
0001193125-19-312200,yes,The clinical trial entry and the press release both describe a study of KB174 in patients with well-compensated cirrhosis using a 15N-labeled tracer to measure changes in nitrogen metabolism.
0001564590-19-045783,yes,The clinical trial entry and the press release both describe a Phase 1/2 study of the drug ATYR1923 for the treatment of pulmonary sarcoidosis.
0001193125-19-314469,yes,The press release explicitly mentions the discontinuation of the DYSTANCE 51 trial (NCT03907072) and the associated open-label extension study for suvodirsen in Duchenne muscular dystrophy.
0001559053-19-000040,yes,"The press release explicitly references the Phase 1 study NCT03336580 and reports interim data for the drug PRX004 in patients with ATTR amyloidosis, which matches the clinical trial entry."
0001193125-19-318478,yes,"The press release explicitly identifies the pheNIX trial as a Phase 1/2 study for HMI-102 in adults with PKU, which matches the trial title, phase, drug, and disease condition specified in the NCT03952156 entry."
0001193125-19-317563,yes,"The press release explicitly references NCT03446846 and describes the same drug (MIN-117), disease (Major Depressive Disorder), and study design (6-week, 3-arm, placebo-controlled trial) as the ClinicalTrials.gov entry."
0001437749-19-024760,yes,The clinical trial entry and the press release both refer to the Phase 3 CONDOR trial evaluating 18F-DCFPyL (PyL) for PET imaging in patients with recurrent prostate cancer and report the same primary endpoint of Correct Localization Rate.
0001493152-19-019764,yes,The press release explicitly identifies the study as NCT02576301 and reports results for the same drug (OXi4503) and disease (relapsed AML) described in the clinical trial entry.
0001558370-19-011695,yes,The clinical trial entry and the press release both refer to the MOMENTUM Phase 3 trial evaluating AXS-07 for the acute treatment of migraine with identical primary endpoints.
0001193125-19-325442,yes,The clinical trial entry and the press release both refer to the PRECISION-HD2 trial evaluating the drug WVE-120102 for the treatment of Huntington's disease.
0001564590-20-000064,yes,The clinical trial entry and the press release both describe a Phase 2 study of topical DUR-928 for the treatment of plaque psoriasis using the Investigator's Global Assessment (IGA) as the primary endpoint.
0001193125-20-003545,yes,Both the clinical trial entry and the press release describe a Phase 1 study evaluating the safety and tolerability of the topical ocular formulation AKB-9778.
0001654954-20-000304,yes,Both the clinical trial entry and the press release describe a Phase 2 study of MS1819-SD for the treatment of exocrine pancreatic insufficiency in patients with cystic fibrosis.
0001193125-20-005950,yes,"The press release reports results from the MIRROR open-label pilot study, which matches the study name and drug/disease combination (Pegloticase and methotrexate for uncontrolled gout) described in the NCT03635957 entry."
0001193125-20-005937,yes,"Both the ClinicalTrials.gov entry and the press release refer to the MYSTIC study, a Phase 2 trial evaluating OC-01 nasal spray for Dry Eye Disease with the same primary endpoint of mean change in Schirmer's score at 84 days."
0001493152-20-000447,yes,"The clinical trial NCT03408730, titled 'Lot-to-lot Consistency of Sci-B-Vac™ in Adults', matches the CONSTANT study described in the press release, which evaluates the lot-to-lot manufacturing consistency of the Sci-B-Vac hepatitis B vaccine."
0001564590-20-000633,yes,The clinical trial entry and the press release both refer to the Phase 1/2 study of DTX301 for the treatment of ornithine transcarbamylase (OTC) deficiency.
0001437749-20-001132,yes,The clinical trial entry and the press release both describe a Phase 1 study of SBP-101 in combination with gemcitabine and nab-paclitaxel for the treatment of pancreatic cancer.
0001628280-20-000533,no,"The press release is dated January 27, 2020, while the clinical trial NCT04446793 was not registered until June 25, 2020, making it impossible for the release to report on this specific entry."
0001104659-20-006911,yes,"The clinical trial NCT03226574 matches the cancer pain study described in the press release, as both involve the evaluation of epidural resiniferatoxin for the treatment of intractable cancer pain."
0001714899-20-000005,yes,The clinical trial entry NCT04056689 and the press release both describe a Phase 1 study of the LRRK2 inhibitor DNL151 for the treatment of Parkinson's disease.
0001659617-20-000023,yes,The clinical trial entry NCT03315039 matches the US Phase 1 trial of Liposomal Annamycin for the treatment of AML described in the press release.
0001104659-20-009488,yes,The clinical trial NCT03218917 and the WILLOW study described in the press release both evaluate the efficacy of INS1007 in patients with non-cystic fibrosis bronchiectasis using the same primary endpoint of time to first pulmonary exacerbation over a 24-week period.
0001104659-20-009450,yes,The clinical trial entry and the press release both describe the DISTINCT study evaluating dinutuximab and irinotecan for the treatment of relapsed or refractory small cell lung cancer.
0001280600-20-000005,yes,"The press release and the clinical trial entry both refer to the PULSAR Phase 2 trial of sotatercept for the treatment of pulmonary arterial hypertension, sharing the same primary endpoint of change in pulmonary vascular resistance at 24 weeks."
0001477932-20-000606,no,"The clinical trial entry describes a study of AG013 for oral mucositis, while the press release describes a study of Brilacidin for ulcerative colitis, indicating they are different drugs and different diseases."
0001104659-20-012235,yes,Both the clinical trial entry and the press release describe a Phase 1 study of OTX-TIC for the treatment of open-angle glaucoma or ocular hypertension.
0001171843-20-000943,yes,"The clinical trial NCT02655822 is a Phase 1/1b study of ciforadenant alone and in combination with atezolizumab for advanced cancers, which matches the drug, combination therapy, and study design described in the press release for patients with metastatic castration-resistant prostate cancer."
0001628280-20-001467,yes,The clinical trial entry and the press release both describe a Phase 2 study of onvansertib in combination with abiraterone and prednisone for the treatment of metastatic castration-resistant prostate cancer.
0001193125-20-039763,yes,"The clinical trial entry and the press release both describe a Phase 2 study of cabiralizumab combined with nivolumab (Opdivo) in patients with advanced pancreatic cancer, and the press release explicitly references the trial ID NCT03336216."
0001493152-20-002783,yes,"The clinical trial entry and the press release both describe a Phase 1/2 study of ADXS-503, alone and in combination with pembrolizumab, for the treatment of metastatic non-small cell lung cancer."
0001193125-20-045535,no,"The press release describes a Phase 2 trial of a novel formulation of reproxalap with 206 patients, whereas NCT03916042 is a separate Phase 2 trial of reproxalap that does not match the specific novel formulation description or patient count mentioned in the release."
0001104659-20-022587,yes,"The press release reports results for the CLOVER-1 study using the drug Iopofosine I-131 (CLR 131) in B-cell malignancies and multiple myeloma, which matches the drug and study name specified in the NCT02952508 entry."
0001213900-20-004778,yes,The clinical trial entry and the press release both evaluate the efficacy and safety of ORMD-0801 (oral insulin) for the treatment of Type 2 Diabetes Mellitus using the same primary endpoint of HbA1C reduction at 12 weeks.
0001493152-20-003250,yes,The clinical trial entry and the press release both refer to the same study (NCT03382977) evaluating the VBI-1901 vaccine for the treatment of recurrent glioblastoma.
0001280600-20-000017,yes,"The press release and the ClinicalTrials.gov entry both describe a Phase 2 trial of ACE-083 in patients with Charcot-Marie-Tooth disease, and the trial design details in the release match the two-part structure described in the entry."
0001564590-20-009472,yes,The clinical trial entry and the press release both describe a Phase 2 study of DE-122 in combination with Lucentis for the treatment of wet age-related macular degeneration with the same primary endpoint.
0001104659-20-025079,yes,The clinical trial NCT02431468 and the study NTRP 101-202 described in the press release both evaluate the efficacy and safety of bryostatin for the treatment of advanced Alzheimer's disease using the Severe Impairment Battery (SIB) as a primary endpoint.
0001654954-20-002581,yes,"The press release explicitly identifies the HELP trial as the study evaluating levosimendan in patients with PH-HFpEF, which matches the drug, disease, and trial name listed in the ClinicalTrials.gov entry."
0001213900-20-006814,yes,The press release and the clinical trial entry both refer to the Phase 3 FLASH study evaluating SGX301 for the treatment of cutaneous T-cell lymphoma using the CAILS score as the primary endpoint.
0001493152-20-004116,yes,The clinical trial entry and the press release both describe a Phase 2 study of the drug PCS499 for the treatment of Necrobiosis Lipoidica.
0001104659-20-037367,yes,The clinical trial entry and the press release both refer to the NODE-301 Phase 3 trial evaluating etripamil for the treatment of paroxysmal supraventricular tachycardia (PSVT).
0001104659-20-037764,yes,"The clinical trial entry and the press release both describe a Phase 3 trial of the NanoFlu vaccine in older adults, evaluating immunogenicity and safety against Fluzone Quadrivalent."
0001564590-20-013857,yes,"The clinical trial entry and the press release both refer to the ARCADE study, which investigates the drug soticlestat in patients with CDKL5 deficiency disorder and Dup15q syndrome."
0001104659-20-041258,yes,The press release explicitly references NCT03732638 and reports on the same drug (rimegepant) and disease (migraine prevention) as described in the clinical trial entry.
0001193125-20-091094,yes,The clinical trial entry and the press release both refer to the MAVERICK-HCM Phase 2 study evaluating mavacamten for the treatment of non-obstructive hypertrophic cardiomyopathy.
0001104659-20-040376,yes,"The press release reports data from the Phase 1 dose escalation study of XMT-1536 in ovarian and NSCLC cancers, which matches the drug and study design described in the NCT03319628 clinical trial entry."
0001399529-20-000018,yes,The press release explicitly identifies the PHYOX3 trial as NCT04042402 and describes the same drug (nedosiran) and disease (primary hyperoxaluria) as the clinical trial entry.
0001104659-20-043387,yes,"The press release explicitly references the ZEPHYR study and NCT03790865, and both sources describe the same drug (livoletide) and disease (Prader-Willi syndrome) with the same primary endpoint (HQ-CT)."
0001104659-20-043432,yes,"The clinical trial NCT03546816 matches the description of the Phase 3 trials for serlopitant in prurigo nodularis reported in the press release, which discusses the primary endpoint of WI-NRS at week 10."
0001104659-20-043974,yes,The clinical trial entry and the press release both refer to the Phase I study of BT1718 in patients with advanced solid tumors.
0001171843-20-002125,yes,The press release and the ClinicalTrials.gov entry both refer to the GALACTIC-HF Phase 3 clinical trial evaluating omecamtiv mecarbil for the treatment of chronic heart failure with reduced ejection fraction.
0001493152-20-006424,yes,The clinical trial entry and the press release both refer to a Phase 2 study of AG013 for the treatment of oral mucositis in patients undergoing chemoradiation for head and neck cancer.
0001558370-20-003618,yes,"The clinical trial NCT04163185 and the press release both refer to the INTERCEPT Phase 3 trial evaluating AXS-07 for the acute treatment of migraine, sharing the same co-primary endpoints."
0001193125-20-113337,yes,The clinical trial entry NCT03987620 and the press release both refer to the VANISH-306 study evaluating oral ibrexafungerp for the treatment of vulvovaginal candidiasis.
0001104659-20-049013,yes,"The press release explicitly identifies NCT02644967 as the identifier for the ILLUMINATE-204 trial, which investigates the same drug (tilsotolimod, formerly IMO-2125) and disease (metastatic melanoma) as the clinical trial entry."
0001104659-20-050023,yes,"The press release explicitly identifies the study as the P204 study, which matches the trial ID NCT03395080 and the drug DKN-01 for the treatment of endometrial cancer, ovarian cancer, and carcinosarcoma."
0001171843-20-002890,yes,"The clinical trial entry and the press release both describe a Phase 1 study of the drug CG-806 in patients with relapsed or refractory CLL, SLL, or non-Hodgkin's lymphoma."
0001104659-20-049520,yes,"The clinical trial entry and the press release both describe a Phase 2 study of vixarelimab for the treatment of prurigo nodularis, with matching primary endpoints regarding the reduction of weekly-average Worst-Itch Numeric Rating Scale (WI-NRS) scores at Week 8."
0001104659-20-051350,no,"The clinical trial entry NCT02720744 refers to a study of sodium oxybate, whereas the press release reports on the REST-ON trial evaluating FT218, which is a distinct investigational formulation."
0001564590-20-018684,yes,Both the clinical trial entry and the press release describe a Phase 1 study of the drug STRO-002 for the treatment of ovarian cancer.
0001558370-20-004422,yes,The clinical trial entry and the press release both refer to the Phase 3 VOYAGER trial evaluating avapritinib versus regorafenib in patients with advanced gastrointestinal stromal tumor (GIST).
0001104659-20-056292,no,"The press release reports on compassionate care cases and an expanded access protocol, whereas the clinical trial entry refers to a formal clinical study, which the release explicitly states is a separate, planned future endeavor."
0001628280-20-005682,yes,The clinical trial entry and the press release both describe a Phase 1b/2 study of onvansertib in combination with FOLFIRI and bevacizumab for the treatment of KRAS-mutated metastatic colorectal cancer.
0001104659-20-058140,yes,Both the clinical trial entry and the press release describe a Phase 2 study of the hepcidin mimetic PTG-300 for the treatment of polycythemia vera.
0001104659-20-057195,yes,The clinical trial NCT04073368 and the AXA1125-003 study described in the press release both investigate the safety and tolerability of AXA1125 and AXA1957 in patients with NAFLD over a 16-week period.
0001564590-20-023891,yes,The press release explicitly references the NCT03470545 trial ID and matches the drug (mavacamten) and disease (symptomatic obstructive hypertrophic cardiomyopathy) described in the ClinicalTrials.gov entry.
0001628280-20-007282,yes,"The ClinicalTrials.gov entry NCT04036292 matches the ONSET-2 trial described in the press release, as both evaluate OC-01 nasal spray for dry eye disease using the same primary endpoint of Schirmer's test score improvement."
0001193125-20-142266,yes,The clinical trial entry and the press release both refer to a Phase 1/2 study of KB105 for the treatment of autosomal recessive congenital ichthyosis (ARCI).
0001193125-20-141786,yes,The press release and the clinical trial entry both refer to the Phase 1/2 study of ARV-110 in patients with metastatic castration-resistant prostate cancer.
0001564590-20-025642,yes,The press release and the clinical trial entry both refer to the same Phase 1/2 study of DTX401 for the treatment of Glycogen Storage Disease Type Ia (GSDIa).
0001193125-20-143480,yes,The clinical trial entry and the press release both refer to the OPTIMA II Phase 2b study evaluating UGN-102 for the treatment of low-grade intermediate-risk non-muscle-invasive bladder cancer.
0001171843-20-003755,yes,Both the clinical trial entry and the press release describe a Phase 2 study of the drug PTI-125 for the treatment of Alzheimer's disease with the same primary endpoint focus on CSF biomarkers over a 28-day period.
0001193125-20-144575,yes,The clinical trial NCT03536754 and the LUMINA-1 trial described in the press release both evaluate the drug CCX140 in patients with Focal Segmental Glomerulosclerosis (FSGS) using the same primary endpoint of change in UPCR at week 12.
0001437749-20-011152,yes,The clinical trial NCT03739684 and the press release both refer to the Phase 3 CONDOR trial evaluating 18F-DCFPyL (PyL) for the localization of prostate cancer recurrence.
0001628280-20-008589,yes,The clinical trial entry and the press release both describe a Phase 1b/2 study of onvansertib in combination with FOLFIRI and bevacizumab for the treatment of KRAS-mutated metastatic colorectal cancer.
0001104659-20-066071,yes,"The press release reports interim data from the expansion portion of the Phase 1 study of XMT-1536 in ovarian cancer, which matches the drug and study design described in the NCT03319628 clinical trial entry."
0001553350-20-000496,yes,The clinical trial NCT02439450 and the press release both evaluate the combination of HS-110 (viagenpumatucel-L) and nivolumab for the treatment of non-small cell lung cancer.
0001193125-20-155943,yes,"The press release describes preliminary data from the Phase 1 clinical trial of CX-2029 in patients with advanced solid tumors, which matches the drug and study population specified in the NCT03543813 entry."
0001193125-20-155824,yes,The clinical trial entry and the press release both describe a Phase 3 study of roluperidone for the treatment of negative symptoms in schizophrenia using the same primary endpoint of change in PANSS Marder Negative Symptoms Factor Score at Week 12.
0001193125-20-155683,yes,"Both the clinical trial entry and the press release describe a Phase 1 study of HPN424 in patients with advanced prostate cancer, specifically metastatic castration-resistant prostate cancer."
0001654954-20-006219,yes,"The press release and the clinical trial entry both describe a Phase 2 study of levosimendan for the treatment of PH-HFpEF, sharing the same primary focus on hemodynamic evaluation including pulmonary capillary wedge pressure."
0001104659-20-068688,yes,"The press release explicitly identifies the study as ILLUMINATE-206 and describes the same drug combination (tilsotolimod, nivolumab, and ipilimumab) for the treatment of solid tumors, specifically focusing on a cohort of patients with micro-satellite stable colorectal cancer."
0001193125-20-156631,yes,The clinical trial entry and the press release both describe a Phase 1b study of ALRN-6924 for chemoprotection in patients with small cell lung cancer.
0001564590-20-028307,no,"The clinical trial NCT03015532 is a study of local infiltration analgesia for knee arthroplasty, whereas the press release describes Study 209, which specifically evaluates the investigational drug HTX-011."
0001104659-20-068678,yes,"The clinical trial NCT04104685 and the study FX2016-40 described in the press release both evaluate the efficacy and safety of FCD105 foam compared to minocycline, adapalene, and vehicle foams for the treatment of moderate-to-severe acne vulgaris using the same primary endpoints."
0001193125-20-158937,yes,The clinical trial NCT03357614 and the SURE 2 trial described in the press release both evaluate the efficacy of IV and oral sulopenem compared to ertapenem for the treatment of complicated urinary tract infections.
0001193125-20-167090,yes,Both the clinical trial entry and the press release describe a study of the drug rilzabrutinib for the treatment of immune thrombocytopenia (ITP) with matching primary endpoints and study design characteristics.
0001293971-20-000039,no,"The clinical trial entry refers to a study for transfusion-dependent β-thalassemia, whereas the press release reports results for a study on sickle cell disease."
0001171843-20-004335,yes,"The press release explicitly references the Phase 1a/b trial of CG-806 in patients with relapsed or refractory CLL/SLL or non-Hodgkin's lymphoma, which matches the study title and scope of NCT03893682."
0001410939-20-000028,yes,The clinical trial entry NCT02686658 and the press release both refer to the OPH2003 trial evaluating Zimura for geographic atrophy secondary to age-related macular degeneration.
0001104659-20-073142,yes,The clinical trial NCT03772587 and the Vivacity-MG study described in the press release both evaluate the drug M281 (nipocalimab) for the treatment of generalized myasthenia gravis and share the same primary endpoint of MG-ADL score change.
0001193125-20-171977,no,"The press release reports results from a Phase 1/2 study (Alta), whereas the ClinicalTrials.gov entry describes a separate Phase 3 study (AFFINE)."
0001104659-20-075441,yes,The press release explicitly identifies the clinical trial as NCT03629080 and reports on the same drug (HB-101) and disease (CMV in kidney transplant patients) as described in the ClinicalTrials.gov entry.
0001104659-20-077701,yes,Both the clinical trial entry and the press release refer to the RHAPSODY Phase 3 trial evaluating rilonacept for the treatment of recurrent pericarditis.
0001104659-20-075618,yes,"The clinical trial entry and the press release both describe a Phase 1/2a study of inhaled AR-501 for the treatment of cystic fibrosis, matching in drug, disease, and study design."
0001564590-20-030909,yes,The clinical trial NCT03354598 and the SURE1 trial described in the press release both evaluate oral sulopenem/probenecid versus ciprofloxacin for the treatment of uncomplicated urinary tract infections in adult women.
0001104659-20-078983,yes,"The clinical trial NCT03976401 corresponds to the BALANCED study mentioned in the press release, as both investigate the drug efruxifermin for the treatment of NASH."
0001193125-20-182690,yes,"The clinical trial NCT03438396 corresponds to the innovaTV 204 study, which is the exact phase 2 trial evaluating tisotumab vedotin for recurrent or metastatic cervical cancer described in the press release."
0000950123-20-006465,yes,"The clinical trial entry NCT03387215 and the press release both describe a randomized, double-blind, placebo-controlled study of ITI-214 in patients with heart failure, with the press release specifically identifying the study as ITI-214-104."
0001193125-20-185881,yes,The press release and the clinical trial entry both refer to the same Phase 3 study of pracinostat in combination with azacitidine for the treatment of patients with acute myeloid leukemia.
0001493152-20-013133,yes,Both the clinical trial entry and the press release refer to the Phase III OPTIMA study evaluating ThermoDox in combination with radiofrequency ablation for the treatment of hepatocellular carcinoma.
0001193125-20-187842,yes,"Both the ClinicalTrials.gov entry and the press release refer to the same Phase 1/2 clinical trial of OTO-313 for the treatment of tinnitus, sharing consistent study design elements such as the eight-week follow-up period and the evaluation of responder rates."
0001104659-20-083106,yes,"The clinical trial entry and the press release both refer to the same drug, NC318, and the same phase 1/2 clinical trial for patients with advanced or metastatic solid tumors."
0001213900-20-017343,yes,Both the clinical trial entry and the press release describe a Phase 1 study of XPro1595 for the treatment of Alzheimer's disease with a 12-week treatment duration.
0001104659-20-086817,yes,"The clinical trial entry NCT04268303 matches the SERENITY I trial described in the press release, both investigating dexmedetomidine (BXCL501) for the treatment of agitation in patients with schizophrenia."
0001104659-20-084302,yes,The press release explicitly identifies the clinical trial as NCT03252847 and describes the same AAV-RPGR gene therapy for X-linked retinitis pigmentosa.
0001104659-20-085264,yes,"The clinical trial NCT02952508 (CLOVER-1) and the press release both evaluate the drug Iopofosine I-131 (CLR 131) for the treatment of B-cell malignancies, specifically including Waldenstrom’s Macroglobulinemia."
0001564590-20-033133,no,"The clinical trial entry evaluates bevacizumab (Avastin), whereas the press release reports results for a completely different drug candidate, AVB-500."
0001493152-20-013922,yes,The press release explicitly references NCT03881254 and reports on the same drug (SkinTE) and disease (diabetic foot ulcers) as described in the clinical trial entry.
0001193125-20-199067,yes,Both the ClinicalTrials.gov entry and the press release describe a Phase 2 clinical trial evaluating the AR-1105 dexamethasone intravitreal implant for the treatment of macular edema due to retinal vein occlusion.
0001193125-20-199118,yes,The clinical trial NCT03907852 and the press release both describe a Phase 1/2 study of the drug Gavo-cel (TC-210) for patients with mesothelin-expressing solid tumors.
0001457612-20-000127,unsure,The press release mentions the announcement of clinical data for GEN-009 but does not provide specific details about the study design or patient population to confirm it matches the NCT03633110 trial.
0001193805-20-000918,yes,The clinical trial entry and the press release both refer to the EMPhASIS trial evaluating IMU-838 for the treatment of relapsing-remitting multiple sclerosis with identical primary endpoints.
0001193125-20-199685,yes,"The clinical trial NCT03318939 is the ZENITH20 trial, which evaluates poziotinib in NSCLC patients with EGFR or HER2 exon 20 mutations, matching the drug and disease reported in the press release for Cohort 2 of the same trial."
0001628280-20-011353,yes,The clinical trial NCT03764475 and the press release both describe a Phase 2 long-term safety study of ARQ-151 (roflumilast) cream for the treatment of chronic plaque psoriasis.
0001193125-20-214096,yes,The clinical trial entry and the press release both refer to the ECOSPOR III study evaluating SER-109 for the treatment of recurrent Clostridium difficile infection with identical primary endpoints and study design.
0001070081-20-000130,yes,"The clinical trial entry NCT02908685 corresponds to the SUNFISH study, which the press release explicitly identifies as one of the two clinical trials supporting the FDA approval of risdiplam for spinal muscular atrophy."
0001193125-20-222493,yes,The clinical trial entry and the press release both describe a Phase 2 study of UBX0101 for the treatment of osteoarthritis of the knee and share the same NCT identifier.
0001654954-20-008881,yes,"The clinical trial entry and the press release both describe a Phase 2 study of MS1819 in combination with PERT therapy for the treatment of exocrine pancreatic insufficiency in cystic fibrosis patients, and the press release explicitly references the NCT04302662 trial ID."
0001104659-20-096568,yes,The clinical trial entry and the press release both describe a Phase 2 study of elobixibat for the treatment of NAFLD or NASH with the same primary endpoint of change in LDL-C at 16 weeks.
0001193125-20-223727,yes,Both the ClinicalTrials.gov entry and the press release refer to the ODYSSEY study investigating the efficacy of tradipitant for the treatment of COVID-19 pneumonia using the same 7-point ordinal scale for clinical improvement.
0001193125-20-229289,yes,"The clinical trial NCT03863080 and the press release both describe a Phase 2 study of the same drug (RVT-1401, also referred to as IMVT-1401) for the treatment of myasthenia gravis."
0001564590-20-041044,yes,"The clinical trial entry and the press release both describe the CONTESSA Phase 3 study evaluating tesetaxel plus capecitabine versus capecitabine alone in patients with HER2-negative, HR-positive metastatic breast cancer."
0001104659-20-097780,yes,Both the clinical trial entry and the press release refer to the INSPIRE Phase 3 trial evaluating IV rigosertib for the treatment of higher-risk myelodysplastic syndromes (HR-MDS).
0001171843-20-006188,yes,The clinical trial entry and the press release both refer to the Phase 3 TRILOGY 2 study evaluating the drug CaPre for the treatment of severe hypertriglyceridemia.
0001493152-20-017365,yes,The clinical trial entry and the press release both refer to the RESOLVE-1 Phase 3 study evaluating lenabasum for the treatment of diffuse cutaneous systemic sclerosis.
0001193125-20-241518,yes,The clinical trial NCT02600507 and the press release both describe a Phase 3 study (Study 402) evaluating ITI-007 (lumateperone) as an adjunctive therapy to lithium or valproate for the treatment of bipolar depression using the MADRS total score as the primary endpoint.
0001104659-20-102795,yes,"The press release explicitly identifies the PEDFIC 1 trial and reports results for odevixibat (A4250) in patients with PFIC, matching the study details in the ClinicalTrials.gov entry."
0001104659-20-104915,yes,The clinical trial entry and the press release both refer to the Marigold study evaluating ganaxolone for the treatment of CDKL5 deficiency disorder and report the same primary endpoint results.
0001193125-20-243159,yes,The press release and the clinical trial entry both refer to the Phase 3 EMERGE trial evaluating STS101 for the acute treatment of migraine and report the same primary endpoints.
0001193125-20-245262,yes,"Pegozafermin is the generic name for the investigational drug BIO89-100, and both the clinical trial entry and the press release describe a Phase 1/2 study of this drug in patients with NASH."
0001628280-20-013690,yes,The clinical trial entry and the press release both describe a Phase 1b/2 study of onvansertib in combination with FOLFIRI and bevacizumab for the treatment of KRAS-mutated metastatic colorectal cancer.
0001104659-20-105877,yes,"The press release explicitly identifies the trial as the ongoing Phase 1 clinical trial of cosibelimab in patients with advanced cancers, which matches the NCT03212404 entry."
0001651308-20-000160,yes,"The press release explicitly identifies RATIONALE 304 as the trial corresponding to NCT03663205, and both sources describe the same Phase 3 study of tislelizumab in non-squamous non-small cell lung cancer."
0001193125-20-246844,yes,"The press release reports on clinical data for P-BCMA-101 in multiple myeloma, which is the same drug and disease condition being studied in the NCT03288493 clinical trial."
0001583648-20-000053,yes,The clinical trial entry and the press release both describe a Phase 1 study of the drug PRS-343 in patients with HER2-positive solid tumors.
0001193125-20-248571,yes,The clinical trial entry and the press release both refer to the EV-301 trial (NCT03474107) evaluating enfortumab vedotin versus chemotherapy in patients with previously treated locally advanced or metastatic urothelial cancer.
0001193125-20-250645,yes,"Both the clinical trial entry and the press release refer to the Phase 2 SIGNAL study evaluating pepinemab for the treatment of Huntington's disease, specifically mentioning the same cohorts and study objectives."
0001171843-20-006729,yes,The clinical trial NCT04330534 and the press release both evaluate the oral Factor D inhibitor BCX9930 in patients with paroxysmal nocturnal hemoglobinuria (PNH).
0001437749-20-020551,yes,The press release explicitly references the clinical trial NCT04334863 and describes the same drug (WP1066) and patient population (pediatric brain tumors) as the ClinicalTrials.gov entry.
0001213900-20-030205,yes,Both the clinical trial entry and the press release describe a Phase 1 study of XPro1595 for the treatment of Alzheimer's disease with a 12-week treatment duration.
0001370053-20-000053,yes,The press release and the clinical trial entry both refer to the GALLOP Phase 2 clinical trial evaluating Imsidolimab for the treatment of generalized pustular psoriasis.
0001564590-20-046250,yes,The ClinicalTrials.gov entry NCT03683576 and the LEDA trial described in the press release both investigate the drug GB001 in patients with moderate to severe asthma and share the same primary endpoint of asthma worsening over 24 weeks.
0001078782-20-000751,yes,The press release explicitly identifies the European DuraGraft Registry as NCT02922088 and reports results for the same drug (DuraGraft) and disease (CABG) described in the clinical trial entry.
0001171843-20-006968,yes,The clinical trial entry and the press release both refer to the GALACTIC-HF Phase 3 trial evaluating omecamtiv mecarbil for the treatment of heart failure with reduced ejection fraction.
0001731122-20-001047,no,"The ClinicalTrials.gov entry describes an open-label extension study (ANAVEX2-73-PDD-001-OLE), whereas the press release reports results from the parent proof-of-concept Phase 2 controlled trial (ANAVEX2-73-PDD-001)."
0001558370-20-011478,yes,"The clinical trial entry and the press release both investigate XmAb20717 in patients with advanced solid tumors and explicitly reference the same trial identifier, NCT03517488."
0001193125-20-272854,yes,"The press release explicitly mentions a neoadjuvant study of CMP-001 and nivolumab in resectable Stage III melanoma, which matches the trial NCT03618641."
0001104659-20-114973,yes,The press release explicitly references NCT04336241 as the study evaluating RP2 monotherapy and in combination with nivolumab in patients with solid tumors.
0001628280-20-014591,yes,"The clinical trial entry and the press release both describe a Phase 2 study of onvansertib in combination with abiraterone and prednisone for patients with metastatic castration-resistant prostate cancer, sharing the same primary endpoint of disease control at 12 weeks."
0001104659-20-116255,unsure,"The provided press release text is a legal disclaimer and does not contain any specific results, drug names, or study details to confirm it matches the clinical trial entry."
0001399529-20-000078,yes,"The press release explicitly identifies the study as PHYOX3, which matches the NCT04042402 entry, and both describe the evaluation of the drug nedosiran for the treatment of primary hyperoxaluria."
0001169245-20-000086,yes,The press release explicitly discusses the discontinuation of the VANGARD trial (NCT04433546) for the treatment of COVID-19 using the drug pemziviptadil (PB1046).
0001193125-20-275988,yes,The press release explicitly identifies the clinical trial as NCT04247126 and describes the same drug (SY-5609) and patient population (advanced solid tumors) as the ClinicalTrials.gov entry.
0001564590-20-047025,yes,The press release explicitly identifies the CARBON trial as NCT04035434 and reports on the same drug (CTX110) and disease (relapsed or refractory B-cell malignancies) described in the clinical trial entry.
0001104659-20-117985,no,"The clinical trial entry refers to KPL-301, whereas the press release reports results for a different drug, mavrilimumab."
0001104659-20-118204,yes,"The clinical trial entry and the press release both refer to the Phase 3 PolarisDMD trial evaluating edasalonexent for the treatment of Duchenne muscular dystrophy, sharing the same primary endpoint of change in NSAA."
0000950170-20-000088,yes,Both the clinical trial entry and the press release refer to the same Phase 1/2 study of GTX-102 for the treatment of Angelman syndrome.
0001193125-20-276090,yes,The clinical trial NCT04022876 and the press release both describe a Phase 1b study of ALRN-6924 for chemoprotection in patients with small cell lung cancer (SCLC).
0001157523-20-001347,yes,The clinical trial entry and the press release both refer to the TOPAZ Phase 2 trial evaluating SRK-015 in patients with Type 2 and Type 3 Spinal Muscular Atrophy using the same primary efficacy endpoints.
0001193125-20-279883,yes,The clinical trial entry and the press release both refer to the AURORA Phase II trial evaluating avacopan for the treatment of moderate to severe hidradenitis suppurativa.
0001640455-20-000120,yes,The clinical trial entry and the press release both refer to the EMERGE trial (NCT03989362) investigating vopratelimab in combination with a CTLA-4 inhibitor (ipilimumab) for patients with NSCLC.
0001564590-20-050279,yes,"The press release explicitly identifies the study as KOMET-001 (NCT04067336) and discusses the same drug (KO-539, also known as ziftomenib) for the treatment of relapsed or refractory acute myeloid leukemia."
0001564590-20-050847,yes,The press release explicitly identifies the clinical trial as NCT04201405 and describes the same investigational gene therapy (OTL-201) for the same disease (MPS-IIIA) as the ClinicalTrials.gov entry.
0001214659-20-009193,yes,Both the clinical trial entry and the press release refer to the same Phase 3 study of lenzilumab for the treatment of hospitalized patients with COVID-19.
0001104659-20-122849,yes,The clinical trial NCT02013154 (P102) and the press release both evaluate DKN-01 in combination with paclitaxel or pembrolizumab for the treatment of esophagogastric cancer.
0001171843-20-007780,yes,"The press release describes the Phase 1 study of CPI-006 in hospitalized COVID-19 patients, which matches the drug, disease, and study phase specified in the NCT04464395 clinical trial entry."
0001113148-20-000040,yes,"The clinical trial NCT02637531 is the MARIO-1 study, which evaluates IPI-549 (now known as eganelisib) in combination with nivolumab for solid tumors, matching the drug and study name reported in the press release."
0001493152-20-021349,yes,The clinical trial entry and the press release both refer to the KEYNOTE-695 study evaluating the combination of TAVO and pembrolizumab in patients with anti-PD-1 refractory metastatic melanoma.
0001193125-20-289663,yes,The clinical trial entry and the press release both refer to the CARE-1 Phase 2 study evaluating VP-102 for the treatment of external genital warts with the same primary endpoint of complete clearance at Day 84.
0001193125-20-290319,yes,The clinical trial entry and the press release both refer to the FIGHT trial evaluating bemarituzumab in combination with mFOLFOX6 for the treatment of advanced gastric or gastroesophageal junction cancer.
0001193125-20-293735,yes,The clinical trial entry and the press release both refer to the Phase 3 COVE study evaluating the mRNA-1273 vaccine for the prevention of COVID-19.
0001493152-20-021436,yes,The clinical trial NCT02286089 and the press release both evaluate OpRegen for the treatment of dry age-related macular degeneration with geographic atrophy.
0001104659-20-126123,yes,"The press release and the clinical trial entry both describe a Phase 3 study of NurOwn for the treatment of ALS, and they share the same primary endpoint definition."
0001558370-20-013854,yes,The press release explicitly identifies the clinical trial as NCT03252847 and reports on the same gene therapy (AAV-RPGR) for the same disease (X-linked retinitis pigmentosa) as described in the ClinicalTrials.gov entry.
0001193125-20-295466,yes,"The press release reports clinical data for AVR-RD-02 in Gaucher disease type 1, which matches the drug and disease specified in the NCT04145037 clinical trial entry."
0001651308-20-000219,yes,The clinical trial entry and the press release both refer to the RATIONALE-303 trial (NCT03358875) evaluating tislelizumab versus docetaxel for the treatment of non-small cell lung cancer.
0001493152-20-021995,yes,The clinical trial entry and the press release both refer to the same Phase 1/2a study of the VBI-1901 vaccine for the treatment of recurrent glioblastoma (GBM).
0001213900-20-037860,yes,The clinical trial entry and the press release both evaluate the safety and efficacy of PLX-R18 for the treatment of incomplete hematopoietic recovery following hematopoietic cell transplantation.
0001104659-20-127156,yes,The clinical trial NCT03569891 (HOPE-B) and the press release both describe the same Phase III study of the gene therapy etranacogene dezaparvovec (AMT-061) for the treatment of hemophilia B.
0001193125-20-302694,yes,"Both the ClinicalTrials.gov entry and the press release describe a Phase 2 study of vibegron for the treatment of abdominal pain in women with IBS-D, with the press release providing additional details about the inclusion of IBS-M patients."
0001193125-20-306331,yes,The clinical trial entry and the press release both evaluate the drug HST-001 for the treatment of male pattern hair loss (androgenic alopecia) and share the same primary endpoint of absolute change in total hair count at the vertex.
0001193125-20-305010,yes,The clinical trial entry and the press release both describe a Phase 1 single-ascending dose study of the drug ALLN-346 in healthy volunteers.
0001558370-20-014109,yes,"The clinical trial NCT04039022 is identified as the COMET trial, which is explicitly described in the press release as a Phase 3 open-label study of AXS-05 for the treatment of major depressive disorder with a 12-month duration."
0001564590-20-056109,yes,The press release and the clinical trial entry both refer to the Phase 1 study of STRO-002 for the treatment of ovarian cancer.
0001564590-20-055762,yes,"The clinical trial entry and the press release both refer to the NEPTUNE Phase 3 study of OV101 for the treatment of Angelman syndrome, sharing the same trial name, drug, disease, and primary endpoint."
0001171843-20-008399,yes,Both the clinical trial entry and the press release describe a Phase 1/1b study evaluating the drug CPI-818 for the treatment of relapsed/refractory T-cell lymphoma.
0001193125-20-311217,yes,The press release and the clinical trial entry both refer to the Phase 1 study of P-BCMA-101 for the treatment of multiple myeloma.
0001564590-20-056289,yes,The press release explicitly identifies the clinical trial as NCT03424603 and reports on the same drug (STRO-001) and disease (B-cell Non-Hodgkin Lymphoma) described in the clinical trial entry.
0001651308-20-000229,yes,The press release explicitly identifies the MAGNOLIA trial by its NCT number (NCT03846427) and reports results for the same drug (zanubrutinib) and disease (marginal zone lymphoma) as the clinical trial entry.
0001551986-20-000312,yes,The clinical trial entry and the press release both describe a Phase 1/2 study of NM-002 for the treatment of short bowel syndrome with identical study parameters such as the 56-day duration and the evaluation of safety and tolerability.
0001387131-20-010478,yes,The clinical trial entry and the press release both refer to the Phase 3 RELIEF study evaluating TNX-102 SL for the treatment of fibromyalgia with the same primary endpoint of pain reduction at 14 weeks.
0001401914-20-000124,yes,The clinical trial entry and the press release both refer to the DARE-BVFREE Phase 3 trial evaluating DARE-BV1 for the treatment of bacterial vaginosis and share the same primary endpoint.
0001557142-20-000090,yes,The clinical trial NCT03640481 and the ROCKstar trial described in the press release both investigate the drug KD025 (belumosudil) for the treatment of chronic graft-versus-host disease (cGVHD) in patients who have received at least two prior lines of systemic therapy.
0001171843-20-008462,yes,The clinical trial entry and the press release both refer to the REDWOOD-HCM study evaluating the drug CK-3773274 (also referred to as CK-274) for the treatment of hypertrophic cardiomyopathy.
0001559053-20-000045,yes,"The press release explicitly references the Phase 1 study of PRX004 for ATTR amyloidosis, which matches the drug, disease, and phase specified in the NCT03336580 clinical trial entry."
0001104659-20-132595,yes,The press release explicitly identifies the clinical trial as NCT04180215 and reports on the same drug (HB-201) and disease (HPV16+ cancers) described in the clinical trial entry.
0001193125-20-313892,yes,"Both the clinical trial entry and the press release refer to the same drug, HPN424, and the same disease, advanced prostate cancer, in a Phase 1/2 clinical trial."
0001213900-20-041974,yes,The clinical trial entry and the press release both refer to the RESCUE-ALS Phase 2 study investigating the drug CNM-Au8 for the treatment of amyotrophic lateral sclerosis (ALS).
0001564590-20-056927,yes,"The press release explicitly discusses interim data for SYNB1891, which matches the drug and the study identified in the clinical trial entry."
0001193125-20-315989,yes,"The clinical trial entry and the press release both describe a Phase 2 study of AKB-9778 (also known as razuprotafib) as an adjunct to latanoprost for treating ocular hypertension or open-angle glaucoma, with the same primary endpoint at 28 days."
0001564590-20-057002,yes,"The clinical trial entry and the press release both describe the CONTESSA Phase 3 study evaluating tesetaxel plus capecitabine versus capecitabine alone in patients with HER2-negative, HR-positive metastatic breast cancer."
0001193125-20-316413,yes,The press release and the ClinicalTrials.gov entry both refer to the same Phase 1/2 trial of Gavo-cel (TC-210) for patients with mesothelin-expressing solid tumors.
0001636050-20-000111,yes,The clinical trial NCT03952637 and the press release both describe a Phase 1/2 study of an AAV9-based gene therapy (AXO-AAV-GM1) for the treatment of GM1 gangliosidosis.
0001731122-20-001291,yes,"The press release explicitly identifies the clinical trial as NCT03758924 and reports results for ANAVEX2-73 in patients with Rett syndrome, matching the drug and disease specified in the ClinicalTrials.gov entry."
0001193125-20-322377,yes,The press release explicitly identifies the ARIEL4 study by its NCT number (NCT02855944) and reports results for the same drug (rucaparib/Rubraca) and disease (BRCA-mutant ovarian cancer) as described in the clinical trial entry.
0001193125-20-323107,yes,Both the clinical trial entry and the press release refer to the ACCOLADE trial evaluating avacopan for the treatment of C3 glomerulopathy and report on the same primary endpoint regarding the C3G Histologic Index for Disease Activity.
0001213900-20-043965,yes,The clinical trial entry and the press release both refer to the Phase 3 DOM-INNATE study evaluating SGX942 for the treatment of severe oral mucositis in head and neck cancer patients.
0001171843-20-008722,yes,Both the clinical trial entry and the press release describe a study evaluating the safety and effects of galidesivir in patients with COVID-19.
0001104659-20-139077,yes,"The press release explicitly describes a phase 1/2 basket trial of GPS in combination with pembrolizumab for patients with advanced solid cancers, which matches the drug, combination therapy, and study design described in NCT03761914."
0001356576-20-000090,yes,The clinical trial entry and the press release both describe a Phase 3 study of SPN-812 for the treatment of ADHD in adults using the AISRS as the primary endpoint.
0001104659-20-139797,yes,The clinical trial entry and the press release both describe a Phase 3 study of APR-246 (eprenetapopt) combined with azacitidine for the treatment of TP53 mutant myelodysplastic syndromes.
0001193125-20-324544,yes,"The clinical trial entry NCT03318939 corresponds to the ZENITH20 study mentioned in the press release, which evaluates poziotinib in patients with NSCLC harboring EGFR or HER2 exon 20 insertion mutations."
0001558370-20-014582,yes,The clinical trial entry and the press release both refer to the MOVEMENT trial (NCT04068051) evaluating the long-term safety and efficacy of AXS-07 for the acute treatment of migraine.
0001564590-21-000167,yes,"The clinical trial entry and the press release both describe a Phase 2 study of ATYR1923 in hospitalized patients with COVID-19 respiratory complications, sharing the same drug, disease, and primary safety endpoint."
0001628280-21-000035,yes,The press release explicitly identifies the trial as NCT04412057 and reports results for the same drug (CERC-002) and disease (COVID-19 pneumonia/ARDS) described in the ClinicalTrials.gov entry.
0001193125-21-003740,no,"The clinical trial entry focuses on seasonal allergic conjunctivitis, whereas the press release reports results for a Phase 3 trial in dry eye disease."
0001193125-21-000213,yes,"The press release explicitly identifies the CANTATA trial by its NCT number (NCT03428217) and confirms that telaglenastat (CB-839) was tested against cabozantinib in patients with metastatic renal cell carcinoma, matching the details in the clinical trial entry."
0001104659-21-003258,yes,"The clinical trial entry and the press release both refer to the LiFT study (NCT04134091) investigating LPCN 1144 for the treatment of NASH, and the results reported in the release match the primary endpoint and study design described in the entry."
0001694665-21-000006,yes,"The clinical trial NCT03733353 explicitly includes participants with atopic dermatitis and evaluates the drug EDP1815, which matches the study described in the press release."
0001558370-21-000248,yes,"The press release explicitly references the ATI-450-RA-201 study, which corresponds to the clinical trial NCT04247815 investigating ATI-450 in patients with rheumatoid arthritis."
0001193125-21-009703,yes,The clinical trial entry and the press release both refer to the FIGHT Phase 2 trial evaluating bemarituzumab in combination with mFOLFOX6 for the treatment of gastric and gastroesophageal junction cancer.
0001493152-21-001497,yes,"Both the ClinicalTrials.gov entry and the press release refer to the same Phase II trial of SURF-201 for the treatment of inflammation and pain following cataract surgery, with matching primary endpoints related to anterior chamber cell clearance."
0001193125-21-017705,yes,The clinical trial NCT03559699 and the ACTIVATE-T trial described in the press release both evaluate the efficacy and safety of mitapivat (AG-348) in regularly transfused adults with pyruvate kinase deficiency and share the same primary endpoint.
0001213900-21-003480,yes,"Both the clinical trial entry and the press release describe a study of XPro1595 in patients with Alzheimer's disease, and the 12-week treatment duration mentioned in the entry matches the three-month data reported in the press release."
0001104659-21-007791,yes,The press release explicitly identifies the study as NCT04486001 and describes the same intervention (allogeneic adipose-derived mesenchymal stem cells) for the same condition (COVID-19).
0001193125-21-020756,yes,The clinical trial entry and the press release both refer to a Phase 1 study of the drug VIR-3434 for the treatment of chronic hepatitis B virus infection.
0001387131-21-001313,no,"The clinical trial entry describes a clinical study in COVID-19 patients, whereas the press release describes preliminary laboratory research conducted on immune cells in a petri dish."
0001193125-21-019488,yes,The clinical trial entry and the press release both describe a Phase 1 dose-escalation study of the drug ZW49 in patients with HER2-positive cancers.
0001169245-21-000002,no,"The press release reports data from a Phase 1b/2a pilot study of three patients, while the ClinicalTrials.gov entry NCT03556020 refers to a separate Phase 2 study (the VIP trial) involving approximately 60 patients."
0001651308-21-000017,yes,The clinical trial entry and the press release both refer to the RATIONALE 302 trial (NCT03430843) evaluating tislelizumab versus chemotherapy for advanced esophageal squamous cell carcinoma.
0001213900-21-005970,yes,"The clinical trial NCT04737876 and the press release both describe a Phase 1 study evaluating the safety, tolerability, and pharmacokinetics of the phage cocktail BX002 in healthy adults."
0001437749-21-001804,yes,"Both the clinical trial entry and the press release refer to the Phase 1 study of Vaxart's oral COVID-19 vaccine candidate, VXA-CoV2-1."
0001104659-21-008759,yes,The clinical trial NCT03571568 and the press release both describe a Phase I/IIa study of BI-1206 in combination with rituximab for patients with indolent relapsed or refractory B-cell non-Hodgkin's lymphoma.
0001193125-21-031585,yes,"The clinical trial entry and the press release both refer to the Phase 2 trial of AVR-RD-01 for the treatment of Fabry disease, specifically citing the same primary endpoint of kidney Gb3 inclusion reduction."
0001654954-21-001339,yes,The clinical trial entry and the press release both evaluate the drug aviptadil (ZYESAMI) for the treatment of patients with critical COVID-19 and respiratory failure.
0001553350-21-000101,yes,Both the clinical trial entry and the press release describe a study of the drug Viagenpumatucel-L (HS-110) in combination with nivolumab for the treatment of non-small cell lung cancer.
0001193125-21-037721,yes,The press release explicitly identifies the clinical trial as NCT04421222 and describes the same drug (EPI-7386) and disease (metastatic castration-resistant prostate cancer) as the ClinicalTrials.gov entry.
0001104659-21-020661,no,"The clinical trial entry refers to a pediatric study (NCT03911505) for patients aged 0 to 18, whereas the press release reports results from the PROPEL study, which enrolled 123 adult patients."
0001437749-21-002896,yes,Both the clinical trial entry and the press release describe a study evaluating the safety and tolerability of the drug trans sodium crocetinate (TSC) in patients with COVID-19.
0001615219-21-000017,yes,Both the clinical trial entry and the press release describe a study of seclidemstat (SP-2577) in patients with relapsed or refractory Ewing sarcoma and Ewing-related sarcomas.
0001193805-21-000241,yes,The clinical trial entry and the press release both refer to the CALVID-1 trial evaluating IMU-838 for the treatment of COVID-19 and share the same primary endpoint definition.
0001193125-21-050730,yes,The clinical trial entry and the press release both refer to the Phase 1/2 study of FX-322 for the treatment of sensorineural hearing loss.
0001654954-21-002007,yes,The clinical trial NCT04311697 and the press release both evaluate the drug Aviptadil (ZYESAMI) for the treatment of respiratory failure in patients with critical COVID-19.
0001564590-21-010309,yes,The clinical trial entry and the press release both refer to the CAPTIVATE trial (NCT04043455) evaluating the drug olorinab for the treatment of abdominal pain in patients with IBS-C and IBS-D.
0001193125-21-068593,yes,"The press release explicitly references the FIGHT trial, which matches the NCT03694522 entry for bemarituzumab in gastric/gastroesophageal junction cancer."
0001564590-21-013008,yes,The clinical trial NCT03832946 and the GALACTIC-1 study described in the press release both investigate the efficacy and safety of the drug GB0139 for the treatment of Idiopathic Pulmonary Fibrosis (IPF).
0001370053-21-000022,yes,Both the clinical trial entry and the press release refer to the Phase 2 POPLAR trial evaluating imsidolimab for the treatment of palmoplantar pustulosis.
0001104659-21-035910,yes,"Both the clinical trial entry and the press release refer to the same drug, RTX-240, and the same clinical trial investigating its use in patients with advanced solid tumors."
0001564590-21-013011,yes,Both the clinical trial entry and the press release describe a Phase 2 study of ATYR1923 in hospitalized patients with severe respiratory complications related to COVID-19.
0001193125-21-081556,yes,Both the clinical trial entry and the press release refer to the IGNITE DMD study evaluating the gene therapy SGT-001 for the treatment of Duchenne muscular dystrophy.
0001140361-21-008429,yes,The ClinicalTrials.gov entry NCT04620213 and the press release both describe the MIRA-2 Phase 3 trial evaluating Nyxol for the reversal of pharmacologically-induced mydriasis.
0001104659-21-038365,yes,"The clinical trial entry and the press release both describe the ILLUMINATE-301 study, which evaluates the combination of tilsotolimod and ipilimumab in patients with anti-PD-1 refractory melanoma."
0001104659-21-038870,yes,The clinical trial entry and the press release both refer to the ARISE-3 Phase 3 clinical trial evaluating RGN-259 for the treatment of dry eye syndrome.
0001171843-21-001951,yes,The clinical trial NCT04330534 and the press release both evaluate the oral Factor D inhibitor BCX9930 in patients with paroxysmal nocturnal hemoglobinuria (PNH).
0001564590-21-014963,no,"The clinical trial entry describes an observational natural history study, whereas the press release reports results from a non-IND interventional study."
0001104659-21-039392,yes,"The press release explicitly identifies the study as the P204 study, which matches the trial ID NCT03395080 and the study design, drug (DKN-01), and patient populations (EEC, EOC, and carcinosarcoma) described in the clinical trial entry."
0001104659-21-039696,yes,"The clinical trial entry NCT03976401 corresponds to the BALANCED study, which the press release explicitly identifies as the parent study for the Cohort C expansion evaluating efruxifermin in NASH patients."
0001193125-21-091865,yes,The press release explicitly references the NCT04540900 trial ID and describes the same drug (KB301) and the same study (PEARL-1) for the treatment of aesthetic skin conditions.
0001193125-21-098947,yes,"The press release explicitly identifies the COMET-ICE trial as the basis for the VIR-7831 EUA submission, which matches the trial title and drug name provided in the ClinicalTrials.gov entry."
0001654954-21-003700,yes,Both the ClinicalTrials.gov entry and the press release refer to the OPTION 2 clinical trial investigating the safety and efficacy of MS1819 in patients with cystic fibrosis.
0001193125-21-103232,yes,The clinical trial entry and the press release both refer to the NasoShield intranasal anthrax vaccine and describe the same safety and immunogenicity study objectives.
0001564590-21-017609,yes,"The press release reports data from the SWORD-1 study, which is the clinical trial NCT04161391 evaluating the drug TPX-0046 in patients with RET-altered solid tumors."
0001104659-21-046642,yes,The press release and the clinical trial entry both describe a Phase 2 study of BP1001 (prexigebersen) in combination with decitabine and venetoclax for the treatment of acute myeloid leukemia (AML).
0001193125-21-112437,yes,"The clinical trial entry and the press release both refer to the Phase 2 KINETIC study of SAGE-324 for the treatment of essential tremor, sharing the same primary endpoint and assessment timeline."
0001651308-21-000068,yes,"The press release explicitly identifies the clinical trial as NCT03666143 and reports results for the same drug combination (sitravatinib and tislelizumab) in patients with advanced solid tumors, which includes the specific cohorts mentioned."
0001564590-21-018749,no,"The press release reports results from a Phase 1 study in healthy volunteers, whereas the ClinicalTrials.gov entry describes a separate Phase 2 study in patients with Phenylketonuria."
0001214659-21-004353,yes,Both the clinical trial entry and the press release refer to the ZUMA-19 study evaluating the combination of lenzilumab and axicabtagene ciloleucel in patients with relapsed or refractory large B-cell lymphoma.
0001193125-21-112486,yes,The clinical trial NCT04335253 and the press release both describe a Phase 1 study of the anti-TIGIT antibody EOS-448 (also referred to as EOS884448) in patients with advanced solid tumors.
0001651308-21-000077,yes,The press release explicitly identifies the trial as ALPINE (NCT03734016) and reports on the same drug (zanubrutinib) and disease (relapsed/refractory chronic lymphocytic leukemia) as the clinical trial entry.
0001213900-21-023409,yes,The clinical trial entry and the press release both evaluate the safety and efficacy of PLX-R18 for the treatment of incomplete hematopoietic recovery following hematopoietic cell transplantation.
0001193125-21-146721,yes,The clinical trial entry and the press release both describe a Phase 1 study of the drug RGLS4326 in patients with autosomal dominant polycystic kidney disease (ADPKD) evaluating pharmacodynamic biomarkers.
0001493152-21-010840,yes,The press release explicitly references NCT03881254 and reports results for the same drug (SkinTE) and disease (diabetic foot ulcers) described in the clinical trial entry.
0001564590-21-022707,yes,The clinical trial entry and the press release both refer to the MOMENTUM study (NCT04004065) evaluating SRP-5051 for the treatment of Duchenne muscular dystrophy.
0001564590-21-026328,yes,The press release explicitly references NCT04119687 and reports on the same drug (FX201) and disease (osteoarthritis of the knee) as described in the clinical trial entry.
0001213900-21-025557,yes,Both the clinical trial entry and the press release refer to a Phase 1 study of Lomecel-B for the treatment of Alzheimer's disease.
0001104659-21-066769,yes,"The press release explicitly identifies the ARISE-3 clinical trial as a study of RGN-259 for the treatment of dry eye syndrome, which matches the drug and disease specified in the ClinicalTrials.gov entry for NCT03937882."
0001193125-21-159128,yes,The clinical trial entry and the press release both describe a Phase 2 study evaluating the combination of MGTA-145 and plerixafor for stem cell mobilization in patients with multiple myeloma.
0001136261-21-000066,yes,"The press release and the clinical trial entry both describe a study of SLS-002 for the treatment of Major Depressive Disorder with imminent risk of suicide, and the primary endpoint results reported in the release match the primary endpoint specified in the trial entry."
0001564590-21-028892,yes,Both the clinical trial entry and the press release refer to the Phase 1 study of STRO-002 for the treatment of ovarian cancer.
0001280600-21-000042,yes,The press release explicitly reports interim results from the open-label extension of the PULSAR Phase 2 trial (NCT03496207) of sotatercept for pulmonary arterial hypertension.
0001104659-21-069398,yes,Both the clinical trial entry and the press release refer to the MasterKey-01 trial (NCT04209465) evaluating BDTX-189 in patients with advanced solid tumors.
0001564590-21-028550,yes,The press release and the clinical trial entry both refer to the ENDEAVOR study (SRP-9001-103) evaluating the gene therapy SRP-9001 for the treatment of Duchenne muscular dystrophy.
0001493152-21-012317,yes,The clinical trial entry and the press release both refer to the same Phase 1/2a study of the VBI-1901 vaccine for the treatment of recurrent glioblastoma (GBM).
0001615219-21-000054,yes,"The clinical trial NCT03600649 matches the Ewing sarcoma trial described in the press release, as both evaluate seclidemstat (SP-2577) in patients with relapsed or refractory Ewing sarcoma."
0001140361-21-018115,yes,"The press release explicitly identifies the clinical trial as NCT04287868 and describes the same combination therapy (PDS0101, bintrafusp alfa, and NHS-IL12) for the same patient population (advanced HPV-associated malignancies)."
0001553350-21-000437,yes,Both the clinical trial entry and the press release refer to the study of viagenpumatucel-L (HS-110) for the treatment of non-small cell lung cancer.
0001104659-21-069870,yes,"The press release explicitly identifies the study as the CLOVER-1 study of CLR 131 (Iopofosine I-131) in patients with Waldenstrom’s macroglobulinemia, which matches the trial NCT02952508."
0001193125-21-169953,yes,The clinical trial entry and the press release both refer to the ALPINE 2/3 study evaluating aldafermin for the treatment of NASH with stage 2/3 fibrosis.
0001564590-21-029886,yes,The press release explicitly identifies the clinical trial as NCT03647800 and reports on the same drug (APVO436) and the same diseases (AML and MDS) as the clinical trial entry.
0001104659-21-071574,no,"The clinical trial NCT04657172 is sponsored by Eyenovia, but the press release describes a study of MicroLine (pilocarpine) by Eyenovia, and the NCT entry is for a different study or the trial ID provided in the release does not match the specific study details for the VISION-1 trial described."
0001193125-21-175479,yes,The clinical trial entry and the press release both refer to the COMET-ICE trial evaluating the drug VIR-7831 (sotrovimab) for the treatment of COVID-19.
0001558370-21-007920,yes,"The press release explicitly identifies the BALANCE clinical trial as the study evaluating PRX-102 for the treatment of Fabry disease, which matches the drug, disease, and trial name listed in the ClinicalTrials.gov entry."
0001387131-21-006295,yes,"The clinical trial entry and the press release both describe the RELIEF study, a Phase 3 trial evaluating TNX-102 SL for the treatment of fibromyalgia with the same primary endpoint of change in daily pain scores at 14 weeks."
0001193125-21-182269,yes,"The clinical trial entry and the press release both describe a Phase 1/2 study of the drug CLN-081 in patients with NSCLC, specifically targeting EGFR exon 20 insertion mutations."
0001437749-21-014140,yes,Both the clinical trial entry and the press release describe a study of SBP-101 in combination with gemcitabine and nab-paclitaxel for the treatment of pancreatic cancer.
0001193125-21-182012,yes,"The clinical trial NCT04374877 evaluates SRF388 (CHS-388) in patients with advanced solid tumors, which matches the drug and disease context reported in the press release regarding the Phase 1 study of SRF388."
0001564590-21-031856,yes,"The clinical trial NCT04208412 and the press release both describe a Phase 2, double-blind, crossover trial of KVD900 for the on-demand treatment of hereditary angioedema (HAE) type I or II, sharing the same primary endpoint and study design."
0001651308-21-000102,yes,The press release explicitly identifies the RATIONALE 302 trial as NCT03430843 and reports results for the same drug (tislelizumab) and disease (advanced or metastatic esophageal squamous cell carcinoma) described in the clinical trial entry.
0001193125-21-183002,yes,The clinical trial entry and the press release both describe a Phase 1/2a study of the drug HPN424 in patients with advanced prostate cancer.
0001558370-21-008085,yes,"The press release explicitly references ATI-1777-AD-201, which corresponds to the study of ATI-1777 in patients with atopic dermatitis described in the clinical trial entry."
0001104659-21-078524,yes,The press release explicitly identifies the study as the LiFT trial (NCT04134091) and reports results for the same drug (LPCN 1144) and disease (NASH) described in the clinical trial entry.
0001628280-21-012055,yes,The clinical trial entry and the press release both describe a Phase 1 study of mavorixafor in combination with ibrutinib for patients with Waldenström’s macroglobulinemia who have MYD88 and CXCR4 mutations.
0001564590-21-032551,yes,The clinical trial NCT03401112 matches the Phase 2a study of IMR-687 in adults with sickle cell disease described in the press release.
0001467154-21-000109,yes,The clinical trial entry and the press release both refer to the B-SIMPLE4 study evaluating SB206 for the treatment of molluscum contagiosum with identical primary endpoints.
0001193125-21-188257,no,"The press release reports results from a Phase 1 trial of etavopivat, whereas the ClinicalTrials.gov entry describes a separate Phase 3 trial (HIBISCUS) that was initiated based on the results of that Phase 1 study."
0001280600-21-000045,yes,"The clinical trial entry and the press release both refer to the BEYOND study, which evaluates the efficacy of luspatercept (Reblozyl) in adults with non-transfusion dependent beta-thalassemia."
0001651308-21-000113,yes,The clinical trial entry and the press release both refer to the Phase 3 ALPINE trial comparing zanubrutinib (BRUKINSA) to ibrutinib in patients with relapsed/refractory chronic lymphocytic leukemia.
0001193125-21-189542,yes,"The clinical trial NCT04271514 is a first-in-human study of RPT193 in patients with atopic dermatitis, which encompasses the Phase 1b trial described in the press release."
0001104659-21-080835,no,"The clinical trial entry NCT04611802 refers to a study of a COVID-19 vaccine in adults and adolescents, whereas the press release reports on the PREVENT-19 trial (NCT04611802 is not the identifier for the PREVENT-19 trial, which is NCT04611802's parent study or a different trial entirely)."
0001193125-21-190105,yes,The clinical trial entry and the press release both refer to the LIFT study evaluating TERN-101 for the treatment of non-cirrhotic NASH.
0001193125-21-190532,yes,The clinical trial NCT04442490 and the WATERFALL study described in the press release both evaluate the efficacy of SAGE-217 (zuranolone) for the treatment of Major Depressive Disorder using the HAMD-17 score at Day 15 as the primary endpoint.
0001193125-21-192152,no,"The clinical trial NCT05337254 was registered in 2022 and involves a comparison of STS101 with DHE injection and nasal spray in healthy subjects, whereas the press release discusses a Phase 1 trial of STS101 conducted prior to June 2021."
0001104659-21-081758,yes,"Both the clinical trial entry and the press release describe a Phase 1, single and multiple ascending dose study of ALT-801 in overweight and obese volunteers, with matching primary objectives including safety, tolerability, and weight loss."
0001193125-21-194371,yes,The clinical trial entry and the press release both refer to the Saturn-1 trial evaluating TP-03 for the treatment of Demodex blepharitis with the same primary endpoint measured at day 43.
0001104659-21-082951,yes,"The press release explicitly references NCT04402866 and reports results for the same drug (nezulcitinib, formerly TD-0903) and disease (COVID-19 associated acute lung injury) using the same primary endpoint."
0001193125-21-195277,yes,The clinical trial entry and the press release both describe a study of leronlimab for the treatment of long COVID-19 with the same primary endpoint of change in symptom severity score through Day 56.
0001193125-21-196853,yes,The clinical trial entry and the press release both describe the ReGAtta Phase 2a study evaluating the safety and biological activity of intravitreal injections of GEM103 in patients with geographic atrophy secondary to dry age-related macular degeneration.
0001437749-21-015511,yes,"The press release reports on the Phase 1b portion of a study evaluating AVB-500 (Batiraxcept) in combination with cabozantinib for clear cell renal cell carcinoma, which matches the drug, disease, and study design described in NCT04300140."
0001193125-21-198675,yes,"Both the clinical trial entry and the press release refer to the same drug (losmapimod), the same disease (FSHD), and the same primary endpoint (change in DUX4-driven gene expression)."
0001493152-21-015154,no,"The ClinicalTrials.gov entry describes a Phase 2 study, while the press release reports results from a different, Phase 3 study (DETERMINE)."
0001193125-21-201090,yes,The press release and the ClinicalTrials.gov entry both describe the Phase 1 trial of KT-474 in healthy volunteers and patients with atopic dermatitis or hidradenitis suppurativa.
0001193125-21-202603,yes,The press release explicitly states that the reported results are from the Part B portion of the same clinical trial (NCT04136873) that included the Part A multiple ascending dose phase.
0001437749-21-015877,yes,The clinical trial entry and the press release both refer to the Phase 2 REDUX study evaluating the drug DM199 for the treatment of chronic kidney disease.
0001104659-21-086825,no,"The clinical trial entry NCT03645928 refers to a study of lifileucel, whereas the press release reports results for LN-145 in a different study (IOV-COM-202)."
0001437749-21-016076,yes,Both the clinical trial entry and the press release refer to a Phase 1 trial of trans sodium crocetinate (TSC) evaluating its effects on tissue oxygenation using a transcutaneous oxygen monitoring device.
0001104659-21-086854,yes,The clinical trial entry NCT04679909 and the press release both describe the Phase 1 study of the AdCOVID vaccine candidate for the prevention of COVID-19 in healthy adults.
0001213900-21-035203,yes,The press release and the clinical trial entry both refer to the Mino-Lok Phase 3 trial for the treatment of catheter-related bloodstream infections (CRBSI/CLABSI).
0001564590-21-035796,yes,The clinical trial entry and the press release both describe a Phase 1 study of UBX1325 in patients with diabetic macular edema (DME) and wet age-related macular degeneration (wet AMD).
0001104659-21-089167,yes,"The press release and the clinical trial entry both describe a Phase 2 study of MT-401 for the treatment of AML in patients following a stem cell transplant, specifically mentioning the safety lead-in portion."
0001104659-21-091511,yes,"The clinical trial entry and the press release both refer to the AMBITION study, which investigates the drug CRV431 for the treatment of NASH in F2 and F3 fibrosis subjects."
0001193125-21-214307,yes,The clinical trial NCT03458325 and the press release both refer to the FREEDOM-HF study evaluating FUROSCIX for the treatment of heart failure.
0001171843-21-004940,yes,The clinical trial entry and the press release both refer to the REDWOOD-HCM study evaluating the drug CK-3773274 (also referred to as CK-274) for the treatment of hypertrophic cardiomyopathy.
0001193125-21-221362,yes,The clinical trial entry and the press release both refer to the ECO-RESET study evaluating SER-287 for the treatment of mild-to-moderate ulcerative colitis.
0001387131-21-007569,yes,The press release explicitly identifies the RALLY study as NCT04508621 and discusses the same drug (TNX-102 SL) and disease (fibromyalgia) as the clinical trial entry.
0001628280-21-014453,no,"The clinical trial entry refers to MDGN-002, whereas the press release reports results for a different drug, CERC-002."
0000078003-21-000090,no,The press release discusses Pfizer's overall financial results and general pipeline updates but does not report results for the specific tofacitinib COVID-19 trial mentioned in the ClinicalTrials.gov entry.
0001493152-21-017931,yes,The press release explicitly references NCT03881254 and reports results for the same drug (SkinTE) and disease (Diabetic Foot Ulcers) as described in the ClinicalTrials.gov entry.
0001171843-21-005234,yes,The clinical trial entry and the press release both describe a Phase 1b study of the drug ATRC-101 in patients with advanced solid malignancies.
0000950170-21-000607,yes,The clinical trial entry and the press release both refer to the INFRONT-2 Phase 2 study evaluating AL001 for the treatment of frontotemporal dementia.
0001651308-21-000163,yes,The clinical trial entry and the press release both refer to the SEQUOIA trial (NCT03336333) evaluating zanubrutinib versus bendamustine plus rituximab in patients with treatment-naïve CLL or SLL.
0001214659-21-008132,yes,"The clinical trial NCT04351152 and the press release both refer to the Phase 3 LIVE-AIR study evaluating lenzilumab for the treatment of hospitalized patients with COVID-19, specifically measuring ventilator-free survival."
0001069530-21-000043,yes,"The press release reports on an open-label study of simufilam for Alzheimer's disease, which matches the drug, disease, and study design described in the NCT04388254 clinical trial entry."
0001213900-21-040396,yes,"The press release explicitly identifies the REPAIR-PD study as one of the sister studies in the REPAIR clinical trial program, which matches the trial NCT03815916 investigating CNM-Au8 in Parkinson's disease."
0001399529-21-000137,yes,The clinical trial entry and the press release both refer to the PHYOX2 trial (NCT03847909) evaluating the drug nedosiran (DCR-PHXC) for the treatment of primary hyperoxaluria types 1 and 2.
0001104659-21-105111,yes,"The clinical trial NCT04579393 matches the description of the NIH/NHLBI-sponsored Phase 2 trial mentioned in the press release, as both evaluate fostamatinib in hospitalized COVID-19 patients and share the same primary endpoint of serious adverse events by Day 29."
0001438533-21-000036,yes,The press release and the clinical trial entry both refer to the Phase 3 PROTECT study evaluating sparsentan for the treatment of IgA nephropathy and report the same primary endpoint of proteinuria reduction at 36 weeks.
0000886163-21-000123,yes,The clinical trial entry and the press release both refer to the Phase 3 PROTECT study evaluating sparsentan for the treatment of IgA nephropathy and report the same primary endpoint of proteinuria reduction at 36 weeks.
0001104659-21-107015,yes,The clinical trial entry and the press release both describe an open-label Phase 2 trial of ganaxolone for the treatment of seizures associated with tuberous sclerosis complex (TSC) with identical primary endpoints and study design.
0001493152-21-021171,yes,The press release explicitly identifies the study as NCT04134091 and reports on the same drug (LPCN 1144) and disease (NASH) described in the clinical trial entry.
0001104659-21-108565,yes,"The press release explicitly identifies the study as NCT03758443 and confirms that izencitinib is the same drug as TD-1473, both being studied for ulcerative colitis."
0001654954-21-009178,yes,"The clinical trial entry and the press release both describe a Phase 2 study evaluating MS1819 in combination with pancreatic enzyme replacement therapy (PERT) for the treatment of exocrine pancreatic insufficiency in cystic fibrosis patients, sharing the same primary endpoint of coefficient of fat absorption."
0001493152-21-021295,yes,"The clinical trial NCT05004753 listed in the entry matches the ARTI-19 trial described in the press release, both evaluating the efficacy and safety of Artemisinin for the treatment of COVID-19."
0001564590-21-046744,yes,Both the clinical trial entry and the press release refer to a Phase 2 study of the drug ABI-H2158 for the treatment of chronic hepatitis B virus infection.
0001193125-21-261453,yes,The clinical trial entry and the press release both refer to the same Phase 1 study of P-PSMA-101 for the treatment of metastatic castration-resistant prostate cancer (mCRPC) and explicitly cite the same NCT identifier.
0001193125-21-264493,yes,The clinical trial entry and the press release both refer to the same Phase 2 study of FB-401 for the treatment of atopic dermatitis and report the same primary endpoint of EASI-50.
0001193125-21-266016,yes,The clinical trial entry and the press release both describe a Phase 2a PET imaging study of PLN-74809 in patients with idiopathic pulmonary fibrosis (IPF) to evaluate target engagement.
0001628280-21-018216,yes,The clinical trial entry and the press release both describe a Phase 1b/2 study of onvansertib in combination with FOLFIRI and bevacizumab for the treatment of KRAS-mutated metastatic colorectal cancer.
0001847903-21-000013,yes,The clinical trial NCT04073498 and the press release both evaluate the safety and efficacy of SerpinPC in patients with severe hemophilia A and B.
0001125345-21-000103,yes,The clinical trial entry and the press release both refer to the SOPHIA study (NCT02492711) evaluating Margetuximab (MARGENZA) versus Trastuzumab in patients with HER2-positive metastatic breast cancer.
0001193125-21-269499,yes,Both the clinical trial entry and the press release refer to the FREEDOM-HF study evaluating the use of FUROSCIX for heart failure patients to reduce healthcare costs.
0001193125-21-270939,yes,The clinical trial entry NCT03558503 and the press release both describe the OPTIMA II Phase 2b study evaluating UGN-102 for the treatment of low-grade intermediate-risk non-muscle-invasive bladder cancer.
0001485003-21-000188,yes,The press release explicitly references NCT03258593 and describes the same combination therapy of Durvalumab and Vicineum for high-grade non-muscle-invasive bladder cancer.
0001493152-21-022490,yes,The press release and the clinical trial entry both refer to the EnACT trial evaluating MAT2203 (oral amphotericin B) for the treatment of cryptococcal meningitis.
0001564590-21-047679,yes,"Both the ClinicalTrials.gov entry and the press release refer to the same drug, ATYR1923, and the same condition, pulmonary sarcoidosis, in a Phase 1/2 clinical trial."
0001104659-21-114863,yes,"The press release explicitly identifies the DisTinGuish study by its NCT number (NCT04363801) and reports on the same drug combination (DKN-01, tislelizumab, and chemotherapy) for the same disease (gastric or gastroesophageal junction cancer) as described in the clinical trial entry."
0001171843-21-006439,yes,"The clinical trial entry and the press release both refer to the REDWOOD-HCM study evaluating the same drug (aficamten, formerly known as CK-3773274) for the treatment of hypertrophic cardiomyopathy."
0001558370-21-012513,yes,"The clinical trial NCT03988023 corresponds to the AP-013 study mentioned in the press release, as both evaluate Ampion for the treatment of pain and function in patients with severe osteoarthritis of the knee."
0001104659-21-115681,yes,The press release explicitly identifies Study 0169 (NCT03750552) as the Phase 3 study evaluating ampreloxetine for symptomatic nOH that failed to meet its primary endpoint of OHSA #1 improvement.
0001193125-21-273957,yes,The press release and the ClinicalTrials.gov entry both refer to the COMET-1 Phase 2b study evaluating AR-15512 for the treatment of dry eye disease.
0001193125-21-274730,yes,"The press release explicitly references the ACCURACY Phase 2 clinical trial of AL101 for patients with Notch-activating mutations in adenoid cystic carcinoma, which matches the drug, disease, and trial name specified in the NCT03691207 entry."
0001193125-21-275702,yes,The clinical trial entry and the press release both refer to the same Phase 1/2 study of Gavo-cel for the treatment of mesothelin-expressing solid tumors.
0001213900-21-048457,yes,"The press release explicitly references the REPAIR-PD Phase 2 clinical trial, which matches the trial title, drug (CNM-Au8), disease (Parkinson's disease), and primary endpoint methodology (31P-MRS imaging) described in the ClinicalTrials.gov entry."
0001125345-21-000105,yes,The press release and the clinical trial entry both refer to the MAHOGANY study (NCT04082364) evaluating the combination of margetuximab and retifanlimab in patients with HER2+ gastric or gastroesophageal junction cancer.
0001193125-21-275594,yes,"The clinical trial NCT03601897 is a Phase 1b/2 study of rebastinib in combination with paclitaxel for advanced solid tumors, and the press release reports results from the same Phase 1b/2 study specifically for the cohort of patients with platinum-resistant ovarian cancer."
0001193125-21-277767,yes,"The press release explicitly identifies the MONARCH study as a Phase 1/2a trial of STK-001 in patients with Dravet syndrome, which matches the drug, disease, and phase of the NCT04442295 clinical trial entry."
0001193125-21-276775,yes,The press release explicitly identifies the results as coming from a cohort of the KRYSTAL-1 study (NCT03785249) evaluating adagrasib (MRTX849) in patients with KRAS G12C-mutated colorectal cancer.
0001104659-21-118122,yes,Both the clinical trial entry and the press release describe a Phase 1/2 study investigating the combination of rigosertib and nivolumab for patients with KRAS-mutated non-small cell lung cancer.
0001104659-21-119139,yes,"The press release and the clinical trial entry both refer to the HOPE-2 Phase 2 trial evaluating CAP-1002 for the treatment of Duchenne muscular dystrophy, sharing the same primary endpoint of mid-level PUL v1.2."
0001193125-21-283009,yes,"The press release and the clinical trial entry both describe a Phase 1 study comparing the pharmacokinetics, pharmacodynamics, and safety of vonoprazan and lansoprazole in healthy participants with identical primary endpoints."
0001193125-21-284427,yes,The press release and the clinical trial entry both refer to a Phase 2 study of the drug EDP1815 for the treatment of mild to moderate plaque psoriasis.
0001193125-21-284839,no,"The clinical trial entry describes a 6-week study, whereas the press release reports results from a 12-week study."
0001558370-21-012862,yes,Both the ClinicalTrials.gov entry and the press release refer to the BRILLIANCE clinical trial evaluating EDIT-101 for the treatment of LCA10.
0001193125-21-289652,yes,"Both the ClinicalTrials.gov entry and the press release refer to the AAVIATE trial, which evaluates the gene therapy RGX-314 for the treatment of wet age-related macular degeneration (nAMD) via suprachoroidal delivery."
0001370053-21-000060,yes,The clinical trial entry and the press release both refer to the Phase 2 study of imsidolimab for the treatment of generalized pustular psoriasis (GPP) and report identical primary endpoints and efficacy results.
0001564590-21-049880,yes,The clinical trial entry and the press release both refer to the X-TOLE study evaluating XEN1101 as an adjunctive therapy for focal epilepsy.
0001193125-21-294713,yes,"Both the clinical trial entry and the press release describe a first-in-human study of the drug RLY-4008 in patients with FGFR2-altered solid tumors, including cholangiocarcinoma."
0001558370-21-013053,yes,The clinical trial entry and the press release both describe a vehicle-controlled study of TMB-001 for the treatment of congenital ichthyosis with a 12-week duration and the same primary endpoint.
0001193125-21-293715,yes,The clinical trial NCT04575766 and the press release both describe a Phase 1 study of the drug FT-7051 for the treatment of metastatic castration-resistant prostate cancer (mCRPC).
0001193125-21-295398,yes,Both the clinical trial entry and the press release refer to the TRESR study (NCT04497116) evaluating the drug RP-3500 (camonsertib) in patients with advanced solid tumors.
0000950170-21-002070,yes,"The press release explicitly identifies the study as the TRIDENT-1 Phase 1/2 trial of repotrectinib, which matches the drug and trial name listed in the ClinicalTrials.gov entry."
0001193125-21-294159,yes,Both the clinical trial entry and the press release describe a study of ORIC-101 in combination with enzalutamide for the treatment of metastatic prostate cancer.
0001193125-21-297865,yes,The clinical trial entry and the press release both refer to the same Phase 1/2 study of the drug 4D-125 for the treatment of X-linked retinitis pigmentosa (XLRP).
0001193125-21-296282,yes,"The clinical trial entry and the press release both describe a Phase 3 study comparing netarsudil 0.02% to ripasudil 0.4% for the treatment of primary open-angle glaucoma or ocular hypertension in Japanese subjects, with identical primary endpoints and study designs."
0001739614-21-000096,yes,The clinical trial entry and the press release both evaluate the safety and pharmacokinetics of the drug INBRX-101 in patients with Alpha-1 Antitrypsin Deficiency.
0001437749-21-023789,yes,Both the clinical trial entry and the press release describe a Phase 1/2 study of Annamycin for the treatment of soft tissue sarcoma lung metastases.
0001193125-21-296954,yes,The press release explicitly identifies the CARBON trial as NCT04035434 and reports results for the same drug (CTX110) and disease (relapsed or refractory B-cell malignancies) described in the clinical trial entry.
0001140361-21-034722,yes,The clinical trial entry and the press release both refer to the Phase 3 VALOR study evaluating the drug tofersen (BIIB067) for the treatment of SOD1-ALS.
0001193125-21-301523,yes,The clinical trial entry and the press release both refer to the Phase 3 ROMAN trial evaluating GC4419 (avasopasem manganese) for the treatment of radiation-induced severe oral mucositis in head and neck cancer patients.
0001636050-21-000082,yes,The clinical trial NCT03952637 and the press release both describe a Phase 1/2 study of an AAV9-based gene therapy (AXO-AAV-GM1) for the treatment of GM1 gangliosidosis.
0001564590-21-051434,yes,"The press release explicitly identifies NCT04773964 as the Phase 2a trial evaluating MET642 in patients with NASH, matching the drug and disease specified in the ClinicalTrials.gov entry."
0001193125-21-307156,yes,The clinical trial entry and the press release both describe a Phase 1/2 study of the gene therapy 4D-310 for the treatment of Fabry disease.
0001193125-21-308787,yes,"The press release reports on the single ascending dose portion of the Phase 1 trial of KT-474 in healthy volunteers, which matches the study description and drug name provided in the ClinicalTrials.gov entry."
0001157523-21-001266,yes,The clinical trial entry and the press release both describe a Phase 1 study of EDG-5506 in healthy volunteers and patients with Becker muscular dystrophy.
0001193125-21-308663,yes,"The press release reports on the Phase 1a clinical data for NX-2127 in patients with hematologic malignancies, which matches the drug and disease scope of the NCT04830137 trial."
0001493152-21-026815,yes,The press release explicitly identifies the LiFT study as NCT04134091 and reports on the same drug (LPCN 1144) and disease (NASH) as the clinical trial entry.
0001193125-21-316254,no,"The press release reports results from a Phase 2 trial, whereas the NCT04674358 entry describes the TRANQUILITY trial, which is explicitly identified in the release as a separate, ongoing Phase 3 trial."
0001564590-21-053313,yes,The clinical trial entry and the press release both refer to the same study (NCT04702490) evaluating MET409 alone or in combination with empagliflozin in patients with type 2 diabetes and NASH.
0001213900-21-055968,yes,The clinical trial entry and the press release both refer to the RESCUE-ALS Phase 2 trial evaluating the same drug (CNM-Au8) for the same disease (ALS) with the same primary endpoint (MUNIX) and study duration (36 weeks).
0001193125-21-320821,yes,Both the clinical trial entry and the press release refer to the KEAPSAKE study evaluating telaglenastat in patients with KEAP1/NRF2-mutated non-squamous non-small cell lung cancer.
0001169245-21-000100,yes,"The clinical trial NCT04122170 matches the Phase 2b trial described in the press release, as both evaluate the efficacy of bentracimab in reversing ticagrelor in healthy volunteers aged 50-80 using the VerifyNow PRUTest."
0001193125-21-320116,yes,The press release explicitly identifies the Phase 3 FREEDOM-1 study as NCT03995901 and reports on the same drug (FCR001) and disease (living donor kidney transplantation) as the clinical trial entry.
0001437749-21-025788,yes,The press release explicitly identifies the trial as NCT04300140 and describes the same drug (batiraxcept/AVB-S6-500) and disease (clear cell renal cell carcinoma) as the clinical trial entry.
0001104659-21-139169,yes,"The clinical trial NCT04430933 evaluates NC318 in patients with NSCLC, which aligns with the press release reporting on NC318 clinical data including specific outcomes for NSCLC patients."
0001558370-21-015611,yes,The clinical trial entry and the press release both refer to the SPEARHEAD-1 trial investigating afami-cel for the treatment of advanced synovial sarcoma and myxoid/round cell liposarcoma.
0001493152-21-028861,yes,The press release explicitly identifies the trial as NCT04862767 and describes the same drug (TASO-001/OT-101) and disease (advanced or metastatic solid tumor) as the ClinicalTrials.gov entry.
0001193125-21-331873,yes,"The clinical trial NCT04592484 and the press release both refer to the same drug, exoSTING (CDK-002), and the same Phase 1/2 study for patients with advanced solid tumors."
0001104659-21-140321,yes,Both the clinical trial entry and the press release describe a Phase 2 study of ELX-02 in cystic fibrosis patients with at least one G542X nonsense mutation.
0001564590-21-057958,yes,The clinical trial entry and the press release both evaluate the drug APVO436 for the treatment of acute myeloid leukemia (AML).
0001628280-21-024142,yes,"The press release and the clinical trial entry both describe a Phase 1/2 study of the drug KB-0742 in patients with solid tumors, and the details regarding the dose escalation stage and the goal of determining the recommended Phase 2 dose align."
0001104659-21-144687,yes,Both the clinical trial entry and the press release refer to the SORAYA trial evaluating mirvetuximab soravtansine in patients with folate receptor alpha-high platinum-resistant ovarian cancer.
0001193125-21-342256,yes,The clinical trial entry and the press release both refer to the GEM-3 trial evaluating B-VEC (VYJUVEK) for the treatment of dystrophic epidermolysis bullosa.
0001193125-21-342891,yes,The press release explicitly references the TIDAL study (NCT03768505) and reports on the same drug (zandelisib) and disease (relapsed or refractory follicular lymphoma) as described in the clinical trial entry.
0001171843-21-008273,yes,"The clinical trial entry and the press release both describe a pivotal pharmacokinetic bridging study comparing the bioavailability of intravenous GTX-104 to oral nimodipine in healthy subjects, sharing the same drug, study design, and primary endpoints."
0001171843-21-008240,yes,The clinical trial entry and the press release both describe a Phase 1 study of the drug AB-836 in healthy subjects and patients with chronic hepatitis B virus (cHBV) infection.
0001564590-21-059372,yes,"The clinical trial entry and the press release both describe the Phase 3 study of pegzilarginase for the treatment of Arginase 1 Deficiency, sharing the same primary endpoint of plasma arginine reduction over 24 weeks."
0001193125-21-347835,yes,"The clinical trial NCT04442295, titled MONARCH, matches the press release as both investigate the safety and efficacy of STK-001 in children and adolescents with Dravet syndrome."
0001193125-21-348354,yes,"The clinical trial entry and the press release both describe a Phase 1 study evaluating the safety, tolerability, and pharmacokinetics of the drug FTX-6058."
0001564590-21-059379,yes,"The clinical trial entry and the press release both describe a Phase 1/2 study of BDC-1001 in patients with HER2-expressing solid tumors, including plans for combination therapy with nivolumab."
0001718108-21-000036,yes,The clinical trial entry and the press release both describe the same Phase 1 study of SRF617 in patients with advanced solid tumors.
0001689813-21-000152,yes,"The press release explicitly identifies NCT04571060 as the trial being reported and matches the drug (zavegepant), disease (migraine), and primary endpoints described in the clinical trial entry."
0001193125-21-349137,yes,"The clinical trial entry and the press release both refer to the Phase 3 Lavender study evaluating trofinetide for the treatment of Rett syndrome, sharing the same primary endpoints and study design."
0001193125-21-351679,no,"The press release reports results for a study of zanidatamab in combination with chemotherapy, whereas the clinical trial entry NCT05027139 specifically evaluates zanidatamab in combination with evorpacept."
0001104659-21-147914,yes,"The ClinicalTrials.gov entry NCT03372161 matches the C.L.E.A.R. trial described in the press release, as both share the same study name, condition (lumbosacral radicular pain/sciatica), and primary endpoint."
0001628280-21-024728,yes,The press release explicitly identifies the AURORA 2 study as NCT03597464 and reports on the same drug (voclosporin) and disease (lupus nephritis) described in the clinical trial entry.
0001171843-21-008447,yes,"The press release explicitly identifies the COURAGE-ALS trial as the Phase 3 clinical trial of reldesemtiv in patients with ALS, which matches the drug, disease, and trial name provided in the ClinicalTrials.gov entry."
0001104659-21-149107,yes,The clinical trial entry and the press release both refer to the HOPE-B pivotal Phase III trial evaluating the gene therapy AMT-061 (etranacogene dezaparvovec) for the treatment of hemophilia B.
0001493152-21-031170,no,"The clinical trial NCT00524277 is a generic vaccine therapy study for breast cancer, whereas the press release specifically reports on a Phase IIb trial of the GP2 (GLSI-100) peptide immunotherapy."
0001193125-21-354690,yes,The press release reports on the same drug (posoleucel) and the same patient population (allogeneic hematopoietic cell transplant patients) for the same primary endpoint (prevention of clinically significant infections or end-organ disease) as described in the NCT04693637 clinical trial entry.
0001193125-21-355598,yes,Both the ClinicalTrials.gov entry and the press release describe a Phase 1/2 study of the drug HPN217 (also referred to as MK-4002) in patients with relapsed/refractory multiple myeloma.
0001193125-21-354602,yes,"The press release explicitly identifies the Phase 1 trial as NCT03815695 and reports results for etavopivat (formerly FT-4202) in patients with sickle cell disease, which matches the drug and disease specified in the clinical trial entry."
0001171843-21-008476,yes,"The clinical trial entry and the press release both describe a Phase 1 study of GBT021601 (GBT601) in patients with sickle cell disease, evaluating single and multiple ascending doses."
0001564590-21-060153,yes,"The press release reports data from the Phase 1/2 trial of axatilimab in patients with chronic graft-versus-host disease, which matches the study described in NCT03604692."
0001558370-21-016703,yes,The clinical trial NCT02781883 and the press release both describe a Phase 2 study of BP1001 (prexigebersen) in combination with decitabine and/or venetoclax for the treatment of acute myeloid leukemia (AML).
0001628280-21-024992,yes,The clinical trial entry NCT03274219 and the press release both refer to the Phase 1 study of bb21217 for the treatment of multiple myeloma.
0001193125-21-354523,yes,The clinical trial NCT04505813 and the press release both describe a Phase 1/2 study of NEXI-002 for the treatment of relapsed/refractory multiple myeloma.
0001193125-21-356947,yes,The clinical trial NCT04023071 and the press release both evaluate the drug FT516 in patients with relapsed/refractory B-cell lymphoma as part of a Phase 1 study.
0001847903-21-000028,yes,"The press release explicitly identifies the ALERT study as the trial evaluating lixivaptan in ADPKD patients who previously discontinued tolvaptan, which matches the title and description of the NCT04152837 clinical trial entry."
0001610618-21-000111,yes,The press release and the clinical trial entry both refer to the ReSTORE Phase 3 trial (NCT03667690) evaluating rezafungin versus caspofungin for the treatment of candidemia and invasive candidiasis.
0001104659-21-149581,yes,"The press release explicitly identifies the trial as ILLUMINATE-206 and describes the same drug combination (tilsotolimod, ipilimumab, and nivolumab) for the treatment of solid tumors as specified in the ClinicalTrials.gov entry."
0001171843-21-008490,yes,The clinical trial NCT03850574 and the press release both evaluate the drug HM43239 (tuspetinib) in patients with relapsed or refractory acute myeloid leukemia (AML).
0001438533-21-000056,yes,The press release and the clinical trial entry both refer to the COMPOSE study evaluating pegtibatinase for the treatment of classical homocystinuria.
0001193125-21-358543,yes,"The press release explicitly identifies the study as NCT02719574 and reports results for the same drug (olutasidenib, also known as FT-2102) and disease (mIDH1 AML) described in the clinical trial entry."
0001193125-21-358542,yes,"The press release reports Multiple Ascending Dose data from the same KT-474 Phase 1 trial described in the clinical trial entry, which includes both healthy volunteers and patients with AD or HS."
0001493152-21-031659,yes,The clinical trial entry and the press release both refer to the EnACT trial evaluating MAT2203 (oral amphotericin B) for the treatment of cryptococcal meningitis.
0001193125-21-358680,yes,The press release explicitly identifies the trial as NCT03533816 and describes the same intervention (allogeneic gamma-delta T-cell infusion) for the same patient population (leukemia patients undergoing hematopoietic stem cell transplant).
0001558370-21-016900,yes,"The press release and the clinical trial entry both refer to the Imagine-1 study, which is a Phase 1/2 trial evaluating the safety and efficacy of the gene therapy PBGM01 in pediatric patients with GM1 gangliosidosis."
0001104659-21-151146,yes,The press release and the clinical trial entry both refer to the same Phase I/II study of AMT-130 for the treatment of early manifest Huntington's disease.
0000950170-21-005294,yes,"The press release explicitly references the OASIS Phase 1/2a clinical trial, which matches the trial name, phase, and study focus on CLS-AX for neovascular AMD described in the NCT04626128 entry."
0001599298-21-000045,yes,The clinical trial entry and the press release both refer to the Phase III Ri-CoDIFy study evaluating ridinilazole versus vancomycin for the treatment of C. difficile infection.
0001213900-21-067091,yes,Both the clinical trial entry and the press release describe a Phase 2 study of REL-1017 for the treatment of major depressive disorder (MDD) using 25 mg and 50 mg doses.
0001437749-21-029235,yes,The clinical trial entry and the press release both describe a study of Liposomal Annamycin for the treatment of soft-tissue sarcoma with lung metastases.
0001564590-21-061221,yes,"The press release explicitly references the ENVASARC trial (NCT04480502) and discusses the same drug (envafolimab, with or without ipilimumab) and the same disease (undifferentiated pleomorphic sarcoma or myxofibrosarcoma) as the clinical trial entry."
0001193125-21-366669,yes,The clinical trial entry and the press release both refer to the ATTRibute-CM study investigating the drug acoramidis (AG10) for the treatment of transthyretin amyloid cardiomyopathy (ATTR-CM).
0001193125-22-000971,yes,"The clinical trial entry NCT04987242 and the press release both refer to Study 201, an inpatient Phase 2a study of ALLN-346 for the treatment of hyperuricemia in patients with chronic kidney disease."
0001193125-22-001705,yes,Both the clinical trial entry and the press release describe an open-label Phase 2 study of the drug ANX005 for the treatment of Huntington's disease.
0001739614-22-000002,yes,The press release and the ClinicalTrials.gov entry both describe a Phase 1 trial of INBRX-106 as a single agent and in combination with pembrolizumab for the treatment of locally advanced or metastatic solid tumors.
0001157523-22-000027,yes,The clinical trial entry NCT04585464 and the press release both describe the same Phase 1 study of EDG-5506 in adults with Becker Muscular Dystrophy.
0000950170-22-000081,yes,The press release reports interim data from the dose-expansion cohort of the same Phase 1 study of STRO-002 in ovarian cancer patients as described in the NCT03748186 clinical trial entry.
0001104659-22-005168,yes,The press release explicitly identifies the clinical trial as NCT04927572 and describes the same drug (FMX114) and disease (atopic dermatitis) as the ClinicalTrials.gov entry.
0001493152-22-002053,no,"The clinical trial NCT02432378 involves the use of intranodal DC vaccines, whereas the press release describes a study using intraperitoneal chemo-immunotherapy with rintatolimod, interferon-alpha, and celecoxib."
0001193125-22-003165,yes,"The clinical trial entry and the press release both refer to the same drug, ALG-010133, and the same disease, chronic hepatitis B, in the context of a Phase 1 study."
0001104659-22-004962,yes,The press release explicitly identifies the DisTinGuish study by its clinical trial identifier NCT04363801 and reports on the same drug combination (DKN-01 and tislelizumab) for the same disease (gastric or gastroesophageal junction cancer) as described in the clinical trial entry.
0001193125-22-016089,yes,"The clinical trial NCT04048135 is a Phase 1/2 study of pegozafermin in NASH patients that includes multiple cohorts, and the press release reports results from an expansion cohort of this same Phase 1b/2a study."
0001193125-22-017624,no,"The clinical trial NCT04229004 is a multi-center trial evaluating multiple regimens in metastatic pancreatic cancer, whereas the press release discusses the Precision Promise trial, which is a distinct adaptive Phase 2/3 platform trial."
0001193125-22-017722,yes,The press release explicitly identifies the study as KEYNOTE-B84 (NCT04815720) and reports on the same drug combination (pepinemab and pembrolizumab) for the same disease (recurrent or metastatic head and neck squamous cell carcinoma).
0001104659-22-007179,yes,"The clinical trial NCT03212404 is a multi-cohort study of cosibelimab in advanced cancers, and the press release reports results from the metastatic cutaneous squamous cell carcinoma cohort of this same study."
0001564590-22-002577,no,"The clinical trial NCT04473053 is a platform trial evaluating multiple therapies for COVID-19, whereas the press release reports on a specific investigator-initiated trial of GB0139 for COVID-19 pneumonitis."
0001140361-22-003143,yes,"The press release explicitly discusses the ZETA-1 trial, which matches the trial ID, drug (APX3330), and disease (diabetic retinopathy) specified in the ClinicalTrials.gov entry."
0001193125-22-019000,yes,"Both the clinical trial entry and the press release refer to the same drug, TSHA-101, and the same disease, GM2 gangliosidosis, with the press release explicitly mentioning the ongoing Phase 1/2 trial."
0001171843-22-000668,yes,The clinical trial entry NCT04219826 and the press release both refer to the REDWOOD-HCM study evaluating aficamten (CK-3773274) for the treatment of hypertrophic cardiomyopathy.
0001140361-22-003577,yes,Both the ClinicalTrials.gov entry and the press release refer to the VERSATILE-002 Phase 2 trial evaluating the combination of PDS0101 and pembrolizumab (KEYTRUDA) for the treatment of HPV16-positive head and neck cancer.
0001193125-22-027687,yes,The clinical trial entry and the press release both evaluate the efficacy and safety of tradipitant for the treatment of gastroparesis using the same primary endpoint of nausea severity change at week 12.
0001193125-22-030404,no,"The clinical trial entry NCT02599922 investigates an AAV gene therapy for CNGB3 achromatopsia, whereas the press release reports on the clinical development of AGTC-401, which is a different therapeutic agent."
0001193125-22-031820,yes,The press release explicitly identifies the clinical trial as NCT03897361 and describes the same investigational gene therapy (AVR-RD-04) for the same disease (cystinosis) as the ClinicalTrials.gov entry.
0001437749-22-003189,no,"The clinical trial entry describes a study for soft-tissue sarcomas, while the press release reports results for a study on acute myeloid leukemia."
0001193125-22-042361,yes,The clinical trial NCT03888612 and the press release both evaluate the drug ARV-110 (bavdegalutamide) in patients with metastatic castration-resistant prostate cancer (mCRPC) and explicitly reference the same Phase 1/2 study design.
0000950170-22-001153,yes,"The clinical trial entry and the press release both refer to a Phase 1 study of PBI-0451 in healthy volunteers, with the press release specifically discussing interim safety and pharmacokinetic data from the same single- and multiple-ascending dose cohorts described in the trial entry."
0001193125-22-044007,yes,Both the ClinicalTrials.gov entry and the press release describe the same Phase 1 bronchoalveolar lavage study of SPR206 in healthy volunteers to assess intrapulmonary pharmacokinetics.
0001193125-22-043937,yes,"The clinical trial NCT04476030 and the CORAL study described in the press release both investigate the efficacy of SAGE-217 (zuranolone) co-initiated with an antidepressant versus placebo plus an antidepressant in patients with major depressive disorder, using the HAMD-17 score at Day 3 as the primary endpoint."
0001493152-22-005063,yes,The clinical trial entry and the press release both refer to the same study (NCT03881267) evaluating the use of SkinTE for the treatment of venous leg ulcers.
0000950170-22-001684,yes,The clinical trial entry and the press release both describe the DAZZLE study evaluating KSI-301 versus aflibercept for the treatment of neovascular age-related macular degeneration.
0001213900-22-009272,yes,The clinical trial entry and the press release both describe a Phase 1 study of JSP191 as a conditioning regimen for patients with MDS or AML undergoing allogeneic hematopoietic stem cell transplantation.
0001193125-22-063051,yes,"The press release explicitly discusses the AP-013 study, which is the trial registered under NCT03988023 for the treatment of severe osteoarthritis of the knee with Ampion."
0001437749-22-005086,yes,The clinical trial entry and the press release both describe a Phase 1b/2 study of batiraxcept in combination with cabozantinib for the treatment of clear cell renal cell carcinoma.
0001104659-22-030888,yes,The clinical trial entry and the press release both refer to the TROPiCS-02 study evaluating sacituzumab govitecan-hziy (Trodelvy) for the treatment of HR+/HER2- metastatic breast cancer.
0001213900-22-011983,yes,"The clinical trial NCT03635983 corresponds to the PIVOT IO-001 study mentioned in the press release, as both evaluate the combination of NKTR-214 (bempegaldesleukin) and nivolumab (Opdivo) for previously untreated unresectable or metastatic melanoma."
0001370053-22-000014,yes,"The clinical trial entry and the press release both describe a Phase 2 study of imsidolimab for the treatment of acne vulgaris, with the press release specifically identifying the study as the ACORN trial."
0001104659-22-033722,yes,The press release explicitly identifies the SHINE study as NCT03507790 and discusses the same drug (CT1812) and disease (Alzheimer's disease) as the clinical trial entry.
0001193125-22-077217,no,The clinical trial entry NCT03525613 refers to a study of APL-2 (pegcetacoplan) that does not correspond to the DERBY and OAKS trials mentioned in the press release.
0001193125-22-077862,no,"The clinical trial entry evaluates fluvoxamine, budesonide, fluoxetine, and Spirulin platensis, whereas the press release reports results for Peginterferon Lambda."
0001493152-22-007328,yes,Both the clinical trial entry and the press release describe a Phase 1b study of the drug PUR1800 in patients with stable COPD.
0001824293-22-000019,yes,Both the clinical trial entry and the press release refer to the SEAL study evaluating the abuse-deterrent formulation of d-amphetamine (ADAIR).
0000950170-22-004229,yes,The clinical trial entry and the press release both refer to the AVIATION trial (NCT04897594) evaluating TERN-201 for the treatment of non-cirrhotic NASH.
0001711279-22-000010,yes,The press release explicitly identifies the PEARL-1 study as NCT04540900 and discusses the same drug (KB301) and the same clinical condition (aesthetic skin conditions/aging skin) as the clinical trial entry.
0001104659-22-037014,yes,Both the clinical trial entry and the press release describe the same Phase 2 study of RZ358 for the treatment of congenital hyperinsulinism.
0001193125-22-085974,yes,The press release explicitly identifies the Phase 1 trial as NCT03533816 and describes the same intervention (allogeneic gamma-delta T-cell infusion) for the same patient population (leukemia patients undergoing hematopoietic stem cell transplant).
0001193125-22-088649,yes,"The press release explicitly identifies the EVADE trial (NCT04859517) as one of the two clinical trials evaluating adintrevimab (ADG20) for the prevention of COVID-19, matching the drug and disease specified in the clinical trial entry."
0000950170-22-005303,yes,"The clinical trial entry and the press release both describe a Phase 1/2 study of INZ-701 in patients with ENPP1 Deficiency, sharing the same drug, disease, and study design."
0001193125-22-094408,yes,The clinical trial entry and the press release both refer to the FOCUS-C9 study (NCT04931862) evaluating WVE-004 for the treatment of C9orf72-associated ALS and FTD.
0001558370-22-005043,yes,The clinical trial entry and the press release both refer to the BALANCE Phase III clinical trial evaluating PRX-102 compared to agalsidase beta for the treatment of Fabry disease.
0001171843-22-002320,yes,"The press release identifies the trial as REDWOOD-HCM and the drug as aficamten (CK-274), which matches the trial NCT04219826 evaluating CK-3773274 (aficamten) for hypertrophic cardiomyopathy."
0001104659-22-042207,yes,"The press release explicitly identifies Study 0170 as NCT03829657 and describes the same 22-week study design, including the 16-week open-label period and 6-week randomized withdrawal period for ampreloxetine (TD-9855) in patients with symptomatic nOH."
0001213900-22-018307,yes,The press release explicitly identifies the pivotal Phase 3 study as NCT01871727 and describes the same drug (E7777/I/ONTAK) and disease (persistent or recurrent CTCL) as the clinical trial entry.
0001104659-22-043670,yes,The press release explicitly identifies the clinical trial as NCT04927572 and describes the same drug (FMX114) and disease (atopic dermatitis) as the ClinicalTrials.gov entry.
0001104659-22-044050,yes,"The press release explicitly mentions the SYMPHONY trial and BLU-945 for EGFR-driven lung cancer, which matches the drug and disease specified in the NCT04862780 clinical trial entry."
0001564590-22-013950,yes,The clinical trial NCT04756726 and the press release both describe a Phase 1/2 study of the drug CFT7455 for the treatment of relapsed/refractory multiple myeloma and non-Hodgkin's lymphoma.
0001104659-22-043425,yes,Both the clinical trial entry and the press release describe a Phase 2 study of NYX-2925 for the treatment of painful diabetic peripheral neuropathy with the same primary endpoint of change in NRS score at week 12.
0001104659-22-045069,yes,"The press release explicitly references interim results from the Phase I/II trial of BT8009, which matches the drug and trial phase described in the NCT04561362 entry."
0000950170-22-005632,yes,"The press release explicitly references the TRIDENT-1 study and the drug repotrectinib, which matches the clinical trial entry NCT03093116."
0001725160-22-000076,yes,"The clinical trial entry and the press release both evaluate the drug ZN-c3 (azenosertib) for the treatment of advanced solid tumors, with the press release specifically reporting on a dose expansion cohort within that study."
0001193125-22-105004,yes,"The press release and the clinical trial entry both refer to the same drug, MGTA-117, and the same patient population of acute myeloid leukemia and myelodysplasia-excess blasts."
0001387131-22-004960,no,"The press release reports on a retrospective observational database study, whereas the ClinicalTrials.gov entry describes a prospective Phase 2 interventional clinical trial."
0001193125-22-110276,yes,The clinical trial entry and the press release both refer to the study of OTO-413 for speech-in-noise hearing impairment and share identical primary endpoints and follow-up timelines.
0001193805-22-000672,yes,Both the clinical trial entry and the press release refer to the same ARCT-154 self-amplifying mRNA vaccine candidate for COVID-19 and describe the same Phase 1/2/3 study conducted in Vietnam.
0001437749-22-009283,yes,"The clinical trial entry and the press release both refer to the SEISMiC Phase 2 study evaluating the efficacy of istaroxime in patients with early cardiogenic shock, sharing the same primary endpoint of systolic blood pressure area under the curve over six hours."
0001193125-22-116374,yes,Both the clinical trial entry and the press release refer to the FILLMORE Phase 2 trial evaluating AMT-101 for the treatment of chronic pouchitis.
0001104659-22-049856,yes,"The press release explicitly references the Phase 2 clinical trial of PN-943 in ulcerative colitis, which matches the drug, disease, and phase specified in the NCT04504383 entry."
0001728117-22-000035,yes,"The press release explicitly identifies the Phase 2 SHIFT-UC Study as NCT04556383 and reports results for GB004 in patients with ulcerative colitis, matching the clinical trial entry."
0001104659-22-050395,yes,The press release explicitly identifies the pivotal study as an expansion cohort of the CLOVER-1 study (NCT02952508) investigating iopofosine I-131 for Waldenstrom’s macroglobulinemia.
0001213900-22-021894,yes,The press release and the clinical trial entry both describe a Phase 1 study of the drug JSP191 for conditioning in patients undergoing hematopoietic stem cell transplantation.
0001140361-22-016342,yes,The clinical trial entry and the press release both refer to the MIRA-4 trial (NCT05223478) evaluating Nyxol for the reversal of pharmacologically-induced mydriasis in pediatric subjects.
0001651308-22-000058,yes,"The press release explicitly identifies RATIONALE 306 as NCT03783442 and describes the same drug (tislelizumab), disease (advanced esophageal squamous cell carcinoma), and study design (Phase 3, first-line treatment) as the clinical trial entry."
0001385508-22-000047,no,"The clinical trial entry describes a pharmacokinetic study, whereas the press release reports results from a separate confirmatory pharmacodynamic study for the same drug."
0001689548-22-000037,yes,"The press release explicitly references PRAX-944 for essential tremor and mentions Phase 2a Part B topline results, which aligns with the study design and objectives described in the NCT05021978 entry."
0000950170-22-007058,yes,The clinical trial entry and the press release both describe the PRESIDIO Phase 2 study evaluating the drug zetomipzomib (KZR-616) for the treatment of dermatomyositis and polymyositis using the Total Improvement Score as the primary endpoint.
0001493152-22-012932,yes,The press release explicitly identifies the OLE study as NCT04685993 and describes the same drug (LPCN 1144) and disease (NASH) as the clinical trial entry.
0000950170-22-009499,yes,The press release explicitly identifies the ANTLER Phase 1 trial and reports on the same drug (CB-010) and disease (relapsed/refractory B-cell non-Hodgkin lymphoma) as described in the ClinicalTrials.gov entry NCT04637763.
0001739614-22-000057,yes,"Both the clinical trial entry and the press release describe a Phase 1 study evaluating the safety, pharmacokinetics, and pharmacodynamics of INBRX-101 in patients with alpha-1 antitrypsin deficiency."
0000950170-22-009648,yes,"The press release explicitly identifies the COBALT-LYM study as the trial evaluating CTX130 for T-cell malignancies, which matches the title and scope of the NCT04502446 clinical trial entry."
0001213900-22-027639,yes,The press release explicitly identifies NCT04814498 as the phase 1 drug-drug interaction study of cudetaxestat with pirfenidone and nintedanib.
0001193125-22-152426,yes,The clinical trial NCT03897361 and the press release both describe a Phase 1/2 gene therapy trial for cystinosis using the investigational therapy AVR-RD-04.
0000950170-22-010232,yes,"The clinical trial entry and the press release both describe a pharmacokinetic bridging study comparing the bioavailability of intravenous GTX-104 to oral nimodipine in healthy subjects, sharing identical primary endpoints and study objectives."
0000950170-22-010230,yes,The clinical trial NCT03595579 and the press release both refer to the ASCEND trial evaluating AXS-05 for the treatment of major depressive disorder using the MADRS score as the primary endpoint.
0001789769-22-000039,yes,"The press release reports on clinical results for ITIL-168 in patients with advanced melanoma, which matches the drug and disease condition specified in the NCT05050006 clinical trial entry."
0001558370-22-009142,yes,"The press release and the clinical trial entry both refer to the Imagine-1 study, which evaluates the safety and efficacy of the drug PBGM01 for the treatment of GM1 gangliosidosis."
0001193125-22-156144,yes,"The press release explicitly references NCT03945318 as the trial evaluating BION-1301 in patients with IgA Nephropathy, matching the drug and disease specified in the clinical trial entry."
0001213900-22-028761,no,"The clinical trial entry refers to the drug LY3471851, whereas the press release reports on a study of the drug NKTR-358."
0001711279-22-000020,yes,"The press release explicitly references NCT04491604 and reports safety and efficacy results for the GEM-3 study, which matches the drug (B-VEC) and disease (DEB) described in the clinical trial entry."
0000950170-22-010602,yes,The press release and the clinical trial entry both refer to a Phase 1 multiple-ascending dose study of the drug CRN04894.
0001193125-22-160275,yes,"The clinical trial NCT04830137 and the press release both describe a Phase 1 study of the drug NX-2127 for the treatment of relapsed/refractory B-cell malignancies, specifically including chronic lymphocytic leukemia (CLL)."
0001104659-22-065261,no,"The clinical trial entry NCT04560166 describes a study of naxitamab and GM-CSF, whereas the press release reports on the HITS protocol, which is a combination of naxitamab, GM-CSF, irinotecan, and temozolomide."
0001193125-22-161179,yes,The press release reports on the same Phase 1/2 clinical trial of zotatifin (eFT226) in patients with solid tumors as described in the NCT04092673 entry.
0000950170-22-010798,yes,Both the clinical trial entry and the press release describe a Phase 2 study evaluating CAN-2409 in combination with immune checkpoint inhibitors for patients with stage III/IV non-small cell lung cancer.
0001558370-22-009428,yes,"Both the clinical trial entry and the press release refer to the CRESTONE study, which evaluates seribantumab in patients with NRG1 gene fusion-positive advanced solid tumors."
0001564590-22-021434,yes,"The press release explicitly references the PYNNACLE trial and NCT04585750, and both documents describe the same drug (PC14586) and the same patient population (advanced solid tumors with a TP53 Y220C mutation)."
0001193125-22-161149,yes,The clinical trial NCT03829436 and the press release both describe a Phase 1 study of TPST-1120 as a monotherapy and in combination with nivolumab for patients with advanced solid tumors.
0001437749-22-013688,yes,The press release explicitly references NCT04300140 and reports clinical data for the same drug (batiraxcept) and disease (advanced or metastatic clear cell renal cell carcinoma) described in the clinical trial entry.
0000950170-22-010791,yes,Both the clinical trial entry and the press release refer to the same Phase 1 study of ADI-001 for the treatment of B-cell Non-Hodgkin’s Lymphoma.
0001140361-22-020836,yes,The clinical trial entry and the press release both refer to the VERSATILE-002 study evaluating the combination of PDS0101 and pembrolizumab in patients with HPV16-positive recurrent or metastatic head and neck squamous cell carcinoma.
0001104659-22-065357,yes,"The clinical trial NCT02360579 corresponds to the C-144-01 study mentioned in the press release, both of which investigate the use of lifileucel (LN-144) for the treatment of metastatic or advanced melanoma."
0001558370-22-009406,yes,"The press release explicitly mentions the BALANCE study, which is the same trial name and study design as NCT02795676, and both investigate the same drug (PRX-102/pegunigalsidase alfa) for the same disease (Fabry disease)."
0001193125-22-161173,no,"The press release reports preliminary results from a Phase 1b/2 study, whereas the ClinicalTrials.gov entry refers to a separate, global Phase 3 study (HERIZON-GEA-01) that is currently enrolling patients."
0001628280-22-015490,yes,"The press release explicitly identifies the study as KRYSTAL-1, which matches the trial ID NCT03785249, and both evaluate the drug adagrasib (MRTX849) in patients with KRAS G12C-mutated cancer."
0000950170-22-010981,yes,The press release explicitly references the RESCUE-ALS trial (NCT04098406) and reports on the same drug (CNM-Au8) and disease (ALS) as described in the clinical trial entry.
0001626199-22-000048,yes,"The press release explicitly describes the Phase 1 study of ALPN-303 in healthy volunteers, which matches the drug and study population identified in the NCT05034484 clinical trial entry."
0001193125-22-164576,no,"The clinical trial entry NCT04442503 refers to a study of SAGE-217, whereas the press release reports on the SKYLARK study of zuranolone, which is a different drug candidate."
0001193805-22-000895,yes,The clinical trial entry and the press release both refer to the CALDOSE-1 trial (NCT03341962) evaluating the drug vidofludimus calcium (IMU-838) for the treatment of ulcerative colitis.
0001171843-22-004103,yes,"The press release explicitly identifies HM43239 as being in an international Phase 1/2 trial for relapsed or refractory AML, which matches the drug name, phase, and disease condition specified in the NCT03850574 clinical trial entry."
0001104659-22-068301,yes,"The clinical trial NCT04180215 matches the HB-200 program described in the press release, as both evaluate the same investigational therapy in patients with HPV16+ head and neck squamous cell carcinoma."
0001689548-22-000072,yes,The press release explicitly identifies the Aria Study as a Phase 2/3 trial evaluating PRAX-114 for major depressive disorder with the same primary endpoint as NCT04832425.
0001193125-22-169395,yes,The clinical trial entry and the press release both refer to the Phase 3 EPITOPE trial evaluating Viaskin Peanut in peanut-allergic toddlers aged 1 to 3 years with the same primary endpoint.
0001628280-22-016698,yes,The clinical trial entry and the press release both refer to the STRATUM Phase 3 trial evaluating roflumilast foam 0.3% for the treatment of seborrheic dermatitis and report identical primary endpoint results.
0001193125-22-169265,yes,"The clinical trial entry and the press release both describe an open-label Phase 2 study of ANX005 in patients with Huntington's disease, sharing identical study design features such as the nine-month duration and the evaluation of C1q, C4a, and NfL biomarkers."
0000950170-22-011430,yes,"The clinical trial NCT04475549 and the press release both refer to a study of the same drug (IW-6463, also known as CY6463) for the treatment of MELAS."
0001193125-22-171489,yes,Both the clinical trial entry and the press release refer to the APEX Phase 2 clinical trial evaluating bezuclastinib for the treatment of advanced systemic mastocytosis.
0001104659-22-069317,yes,"The press release explicitly identifies the FORWARD Phase 3 trial as the study of fostamatinib for warm autoimmune hemolytic anemia (wAIHA), which matches the drug, disease, and study design described in the ClinicalTrials.gov entry NCT03764618."
0001193125-22-172383,yes,Both the clinical trial entry and the press release refer to the FIREFLY-1 trial evaluating tovorafenib for the treatment of relapsed or progressive pediatric low-grade glioma.
0001193125-22-175557,yes,The press release explicitly identifies the LuMIERE study as NCT04939610 and reports on the same drug (177Lu-FAP-2286) and disease (advanced solid tumors) as described in the clinical trial entry.
0001193125-22-171957,yes,"The clinical trial entry and the press release both refer to the study of the drug FTX-6058, and the press release describes the Phase 1b portion of the ongoing clinical investigation."
0001140361-22-023541,yes,The press release and the ClinicalTrials.gov entry both refer to the NEURO-TTRansform study evaluating eplontersen for the treatment of hereditary transthyretin-mediated amyloid polyneuropathy.
0001558370-22-010112,no,"The press release refers to Study 041, which is a distinct clinical trial from the observational registry NCT02369731."
0001551986-22-000046,yes,"The clinical trial entry and the press release both refer to a Phase 3 study of larazotide for the treatment of celiac disease, sharing the same drug, disease, and study design characteristics."
0000950170-22-011935,yes,"The clinical trial entry and the press release both refer to the ACT-AD Phase 2 study of ATH-1017 (fosgonimeton) for the treatment of mild-to-moderate Alzheimer's disease, sharing the same primary endpoint of ERP P300 latency."
0001193125-22-178857,yes,The press release explicitly states that it is using data from the Phase 1b/2 trial NCT03052127 to compare outcomes with a retrospective control group.
0001193125-22-183295,yes,The clinical trial entry and the press release both describe a study evaluating the safety and efficacy of DB-020 for preventing cisplatin-induced hearing loss in cancer patients.
0001279569-22-001053,yes,The clinical trial entry and the press release both describe a Phase 1 study of EPI-7386 for the treatment of castration-resistant prostate cancer.
0000950170-22-012133,yes,"The press release reports interim data from the dose escalation portion of the RLY-4008 study, which is the same drug and study (NCT04526106) investigating patients with ICC (cholangiocarcinoma) and other solid tumors."
0001193125-22-184488,yes,"The clinical trial NCT04022876 explicitly lists a Phase 1b study of ALRN-6924 for chemoprotection, which matches the drug, purpose, and phase described in the press release regarding the NSCLC cohort."
0001193125-22-183909,yes,"The clinical trial entry and the press release both evaluate the efficacy of pegozafermin (BIO89-100) for the treatment of severe hypertriglyceridemia, and the results reported in the release match the primary endpoint and study design described in the entry."
0001062822-22-000030,yes,The clinical trial entry and the press release both refer to the RELIEF-DPN 1 study evaluating LX9211 for the treatment of diabetic peripheral neuropathic pain with the same primary endpoint.
0001104659-22-076024,yes,"The clinical trial entry and the press release both describe the KOMFORT Phase 2 study evaluating oral difelikefalin for the treatment of pruritus in patients with notalgia paresthetica, sharing the same primary endpoint and study design."
0001651308-22-000118,no,"The press release reports results for the RATIONALE 306 trial, whereas the provided ClinicalTrials.gov entry corresponds to NCT03783442, which is a different study (RATIONALE 302)."
0001493152-22-018455,yes,Both the clinical trial entry and the press release describe a Phase 2 study of ANEB-001 in a THC challenge test to evaluate its efficacy in treating acute cannabinoid intoxication.
0001193125-22-188270,yes,The clinical trial entry and the press release both refer to the MARKET trial evaluating AMT-101 in combination with adalimumab for the treatment of ulcerative colitis with an 8-week primary endpoint.
0001193125-22-187999,yes,"The press release explicitly identifies the study as the RINGSIDE trial evaluating AL102 in patients with desmoid tumors, which matches the NCT04871282 entry."
0001140361-22-025669,yes,"The press release explicitly identifies NCT04014335 as the Phase 2 study for IONIS-FB-LRx in patients with IgA nephropathy, matching the drug and disease described in the clinical trial entry."
0001193125-22-190873,yes,The clinical trial NCT04396756 and the INTEGRIS-IPF trial described in the press release both evaluate the safety and efficacy of the drug PLN-74809 in patients with idiopathic pulmonary fibrosis.
0001193125-22-191747,yes,The clinical trial entry and the press release both refer to the AT HOME-HF Phase 2 pilot study evaluating FUROSCIX for the management of congestion in heart failure patients.
0001213900-22-039009,yes,"The clinical trial entry and the press release both describe a Phase III study evaluating PLX-PAD cells for muscle injury following hip fracture surgery, and both identify the SPPB score at week 26 as the primary endpoint."
0001213900-22-040399,yes,The press release and the clinical trial entry both refer to the ONWARD Phase 3 trial evaluating AD04 for the treatment of Alcohol Use Disorder.
0000950170-22-012761,yes,The clinical trial entry and the press release both refer to the same Phase 1/2 study of GTX-102 for the treatment of Angelman syndrome.
0000950170-22-012804,yes,"The clinical trial entry and the press release both describe a Phase 1/2 study of INZ-701 for the treatment of ABCC6 deficiency, and the details regarding the study design and patient population match."
0001564590-22-026043,yes,"The clinical trial NCT04820686 evaluates vebicorvir in patients with chronic hepatitis B, which aligns with the press release discussing the discontinuation of vebicorvir studies for chronic HBV infection."
0001851734-22-000390,yes,The clinical trial entry and the press release both refer to the PALISADE-1 Phase 3 trial evaluating PH94B for the treatment of social anxiety disorder using the SUDS score as the primary endpoint.
0001193125-22-201401,yes,"The press release explicitly identifies the trial as EV-103 (NCT03288545) and reports results for Cohort K, which is included in the clinical trial entry."
0001437749-22-017952,yes,Both the clinical trial entry and the press release describe a Phase 1/2 study of Liposomal Annamycin for the treatment of soft-tissue sarcoma lung metastases.
0000950170-22-013289,yes,"Both the clinical trial entry and the press release describe a study of the drug CY6463 in patients with stable schizophrenia, and the reported safety outcomes and study population are consistent with the trial described in NCT04972227."
0000950170-22-013671,yes,The clinical trial entry and the press release both describe a Phase 2 study of OTO-313 for the treatment of unilateral tinnitus using the Tinnitus Functional Index as the primary endpoint.
0001193125-22-210650,yes,The clinical trial entry and the press release both describe a Phase 1 study of the drug NX-13 for the treatment of active ulcerative colitis.
0001104659-22-085175,yes,"Both the clinical trial entry and the press release describe a Phase 2 study evaluating the efficacy and safety of AXA1125 for treating fatigue in patients with Long COVID, utilizing the same primary endpoint of phosphocreatine recovery time."
0000950170-22-015240,yes,"The clinical trial entry and the press release both refer to the BrigHtn trial evaluating the same drug (baxdrostat, formerly known as CIN-107) for the treatment of resistant hypertension."
0001193125-22-214504,no,"The press release reports on a Phase 2 study for Huntington's Disease, whereas the ClinicalTrials.gov entry (NCT04381468) refers to a separate Phase 1b/2a study for Alzheimer's Disease."
0001193125-22-214126,yes,"The clinical trial entry and the press release both refer to the Phase 3 EMERGENT-2 trial evaluating KarXT for the treatment of schizophrenia, with matching primary endpoints and study design."
0001104659-22-088684,yes,The press release explicitly identifies the trial as NCT04927572 and describes the same drug (FMX114) and disease (atopic dermatitis) as the clinical trial entry.
0001651308-22-000150,yes,The clinical trial entry and the press release both refer to the RATIONALE 301 study (NCT03412773) evaluating tislelizumab versus sorafenib for the treatment of unresectable hepatocellular carcinoma.
0001193125-22-219278,yes,The clinical trial entry and the press release both refer to the Phase 2 BEHOLD study evaluating UBX1325 in patients with diabetic macular edema.
0001860782-22-000040,yes,The clinical trial entry and the press release both refer to the KarMMa-3 study (NCT03651128) evaluating Abecma (idecabtagene vicleucel) for the treatment of relapsed and refractory multiple myeloma.
0001104659-22-089678,yes,"The clinical trial entry and the press release both describe a Phase 2 study of NYX-2925 for the treatment of fibromyalgia, with both identifying the change in the Numerical Rating Scale (NRS) score at week 12 as the primary endpoint."
0001104659-22-092002,yes,"Both the clinical trial entry and the press release refer to the PIONEER trial evaluating avapritinib (AYVAKIT) for the treatment of non-advanced systemic mastocytosis, with consistent primary endpoints regarding symptom scores."
0001193125-22-232575,no,"The clinical trial entry NCT04422912 refers to the RESET-PV study, whereas the press release discusses the DesCAARTes trial, which are distinct clinical studies for pemphigus vulgaris."
0001370053-22-000049,yes,The clinical trial entry and the press release both refer to a Phase 2 study of imsidolimab for the treatment of hidradenitis suppurativa.
0001437749-22-021620,yes,Both the clinical trial entry and the press release describe a Phase 2 study of Vaxart's oral COVID-19 vaccine candidate.
0001193125-22-238444,yes,The clinical trial NCT05194735 and the press release both describe a Phase 1/2 study of TCR-T cell therapy for patients with solid tumors conducted by Alaunos Therapeutics.
0001104659-22-097701,yes,The clinical trial entry and the press release both describe a Phase 1 study evaluating the combination of VCN-01 and durvalumab in patients with recurrent/metastatic squamous cell carcinoma of the head and neck.
0001410939-22-000094,yes,The clinical trial entry NCT04435366 and the press release both refer to the GATHER2 Phase 3 study of Zimura for the treatment of geographic atrophy.
0001520138-22-000390,yes,"The press release explicitly identifies the investigator-sponsored Phase 2 trial as NCT05227820 and describes it as an exploratory study of NE3107 for Alzheimer's disease, which matches the clinical trial entry."
0001104659-22-098037,yes,The press release and the clinical trial entry both refer to the Phase I/II study of BT5528 in patients with advanced solid tumors expressing EphA2.
0000950170-22-018205,yes,Both the clinical trial entry and the press release refer to the ReFocus trial evaluating the drug RLY-4008 for the treatment of cholangiocarcinoma.
0001628280-22-024744,yes,The clinical trial NCT03829410 and the press release both describe a Phase 1b/2 study of onvansertib in combination with FOLFIRI and bevacizumab for the treatment of second-line KRAS-mutated metastatic colorectal cancer.
0000950170-22-018265,yes,"The clinical trial entry and the press release both refer to the EoDyssey study, which is a Phase 3 trial evaluating lirentelimab (AK002) for the treatment of eosinophilic duodenitis."
0001193125-22-242423,yes,"The press release explicitly reports results for vimseltinib in patients with tenosynovial giant cell tumor, which matches the drug and disease condition specified in the NCT03069469 clinical trial entry."
0001193125-22-244793,yes,"IDE196 is the developmental code for the drug darovasertib, and the clinical trial NCT03947385 explicitly includes the combination of IDE196 (darovasertib) and crizotinib for patients with solid tumors, which includes metastatic uveal melanoma."
0001651308-22-000162,yes,"The clinical trial NCT03412773 corresponds to the RATIONALE 301 study, which compares tislelizumab to sorafenib in patients with unresectable hepatocellular carcinoma, matching the details reported in the press release."
0001104659-22-099487,yes,The clinical trial entry and the press release both refer to the ARCH study evaluating EDG-5506 in adult males with Becker muscular dystrophy.
0001213900-22-055429,yes,"The clinical trial entry and the press release both describe a Phase 2 study of oral insulin (ORMD-0801) for the treatment of T2DM patients with NASH, and the minor discrepancy in trial duration (12 weeks vs 16 weeks) is common in reporting."
0001104659-22-099483,yes,"The press release explicitly identifies the study as an expansion cohort of the Phase 2 CLOVER-1 study, which matches the trial ID NCT02952508 and the drug Iopofosine I-131."
0001193125-22-243332,yes,The clinical trial entry and the press release both refer to the HARMONY study evaluating efruxifermin (EFX) for the treatment of non-cirrhotic NASH with fibrosis stage 2 or 3.
0001626199-22-000061,yes,The press release explicitly identifies the RUBY-1 study as NCT05034484 and describes the same drug (ALPN-303) and study population (healthy adult volunteers) as the ClinicalTrials.gov entry.
0001558370-22-014392,no,"The clinical trial entry refers to the drug ALT-801, whereas the press release reports results for the drug pemvidutide."
0001104659-22-100245,yes,"The clinical trial entry and the press release both describe a Phase 2 study of ELX-02 in patients with Class 1 cystic fibrosis, specifically mentioning the G542X mutation."
0001558370-22-014456,yes,"The press release and the clinical trial entry both refer to the FORTRESS study evaluating IMC-1 for the treatment of fibromyalgia, and the minor discrepancy in the primary endpoint timing (14 weeks vs 16 weeks) is a common variation in reporting."
0001193125-22-247417,yes,The clinical trial entry and the press release both refer to the SELECT-HD trial (NCT05032196) evaluating the drug WVE-003 for the treatment of Huntington's disease.
0001193125-22-250701,yes,"Both the clinical trial entry and the press release refer to the same drug (TLC599), the same disease (osteoarthritis of the knee), and the same primary endpoint (change from baseline in WOMAC pain at week 12)."
0001193125-22-247767,yes,"The press release explicitly identifies the trial as the STS101 ASCEND Phase 3 safety trial, which matches the title and drug name in the ClinicalTrials.gov entry."
0001387131-22-009920,yes,The clinical trial entry and the press release both describe a Phase 2/3 study evaluating the drug Tempol (MBM-02) for the treatment of COVID-19 with the same primary endpoint of sustained clinical resolution of symptoms at day 14.
0001493152-22-026752,yes,The clinical trial NCT05282797 and the press release both describe a Phase 2 study of ANEB-001 in a THC challenge test to treat acute cannabinoid intoxication.
0001551986-22-000094,yes,The clinical trial entry and the press release both refer to the VIBRANT study evaluating vurolenatide for the treatment of short bowel syndrome with the same primary endpoint of 24-hour total stool output.
0001628280-22-025519,yes,"The clinical trial entry and the press release both evaluate mavorixafor in patients with chronic neutropenia disorders, including congenital and idiopathic types, and share consistent study objectives regarding neutrophil count increases."
0001193125-22-251807,yes,"The press release explicitly references the EQUALISE study and reports interim data for the same drug, itolizumab, in patients with lupus nephritis as described in the clinical trial entry."
0000950170-22-018944,yes,Both the clinical trial entry and the press release describe a Phase 2 study of the drug SAB-176 for the treatment of influenza in adults.
0001104659-22-103927,yes,"The press release and the clinical trial entry both describe a Phase 2 study of AXA1125 for the treatment of NASH, with the press release explicitly mentioning the 48-week biopsy endpoint that matches the primary outcome measure in the NCT04880187 entry."
0001193125-22-252642,yes,The clinical trial entry and the press release both refer to the Phase 1/2 trial of gavo-cel (TC-210) for patients with mesothelin-expressing solid tumors.
0000950170-22-018988,yes,The press release explicitly identifies the MYLOX-1 trial as NCT04679870 and reports results for the same drug (GB2064) and disease (myelofibrosis) described in the clinical trial entry.
0001193125-22-254857,unsure,"The press release mentions a KRAS mutation-specific TCR-T cell therapy for non-small cell lung cancer, while the clinical trial entry describes a broader study of TCR-T cells for solid tumors without specifying the target mutation or the specific cancer type."
0000950170-22-019168,yes,"The press release explicitly identifies the study as the Healey ALS Platform Trial and reports results for the drug CNM-Au8 in patients with ALS, which matches the clinical trial entry."
0001104659-22-104337,yes,The clinical trial entry and the press release both describe the REVERSE Phase 3 study evaluating the efficacy and safety of obeticholic acid in patients with compensated cirrhosis due to nonalcoholic steatohepatitis.
0001193125-22-256110,yes,The press release explicitly references NCT04417530 and reports on the same drug (belzupacap sarotalocan) and disease (early-stage choroidal melanoma) as the clinical trial entry.
0001157523-22-001289,yes,"The press release explicitly identifies the study as Part 1 of the Phase 3 GUARD trial for ADX-2191 in proliferative vitreoretinopathy, which matches the trial title, phase, and condition listed in the ClinicalTrials.gov entry."
0001654954-22-013566,yes,"The press release explicitly identifies the open-label extension (OLE) of the HELP trial as the source of the data, which corresponds to the open-label rollover study of levosimendan in PH-HFpEF patients described in the clinical trial entry."
0001193125-22-260253,yes,Both the clinical trial entry and the press release describe a Phase 1 study of the drug DC-806 for the treatment of chronic plaque psoriasis.
0001213900-22-063664,yes,The clinical trial entry and the press release both refer to the RELIANCE III study evaluating REL-1017 as a monotherapy for Major Depressive Disorder.
0001618835-22-000196,yes,"The clinical trial ID, drug name (EVO100/Phexxi), and the disease indication (prevention of Chlamydia and Gonorrhea) match perfectly between the ClinicalTrials.gov entry and the press release."
0000950170-22-019592,yes,The clinical trial entry and the press release both refer to the LIFT-AD study (NCT04488419) evaluating the drug fosgonimeton (ATH-1017) for the treatment of mild-to-moderate Alzheimer's disease.
0001193125-22-263369,yes,The clinical trial entry and the press release both refer to the CATALINA Phase 2 trial evaluating NGM621 for the treatment of geographic atrophy secondary to age-related macular degeneration.
0001193125-22-264177,yes,The clinical trial entry and the press release both refer to the Synpheny-1 study evaluating SYNB1618 and SYNB1934 for the treatment of phenylketonuria (PKU).
0001493152-22-028519,yes,The clinical trial entry and the press release both refer to the DARE-HRT1 Phase 1/2 study evaluating an intravaginal ring for hormone therapy in post-menopausal women.
0001104659-22-110120,yes,The clinical trial entry and the press release both describe the VISION-2 Phase 3 study evaluating pilocarpine for the treatment of presbyopia using the same primary endpoint criteria.
0001493152-22-029275,yes,The clinical trial entry and the press release both refer to the EnACT trial evaluating MAT2203 (an oral amphotericin B formulation) for the treatment of cryptococcal meningitis.
0001599298-22-000114,yes,The clinical trial NCT03595553 and the press release both refer to the Ri-CoDIFy Phase 3 study evaluating ridinilazole versus vancomycin for the treatment of Clostridioides difficile infection.
0001595585-22-000077,yes,"The press release explicitly identifies the VALOR-CKD trial as the subject of the reported top-line data, which matches the trial name and identifier provided in the ClinicalTrials.gov entry."
0001193125-22-267147,yes,"The clinical trial entry and the press release both describe a Phase 1/2 study evaluating the safety, tolerability, and immunogenicity of the VAX-24 vaccine for the prevention of pneumococcal disease in adults."
0001279569-22-001739,yes,"The press release explicitly identifies the study as the Phase 1/2 trial of EPI-7386 in combination with enzalutamide for mCRPC, which matches the drug, disease, and trial ID NCT05075577 listed in the ClinicalTrials.gov entry."
0001193125-22-269333,yes,"The press release explicitly identifies the Phase 3 ROMAN trial as the study evaluating avasopasem manganese for radiotherapy-induced severe oral mucositis, which matches the drug and condition described in the NCT03689712 entry."
0001140361-22-038679,yes,Both the ClinicalTrials.gov entry and the press release refer to the VERSATILE-002 clinical trial investigating the combination of PDS0101 and pembrolizumab (KEYTRUDA) for the treatment of HPV16-positive recurrent and/or metastatic head and neck cancer.
0001193125-22-271664,yes,The press release explicitly reports preliminary data from the ARROS-1 trial (NCT05118789) evaluating the drug NVL-520 in patients with ROS1-positive NSCLC.
0000950170-22-020535,yes,The press release explicitly identifies the GULLIVER-2 trial as NCT05009680 and discusses the same drug (GB1211) and disease (liver impairment/cirrhosis) as described in the clinical trial entry.
0001213900-22-067378,yes,"The clinical trial entry and the press release both refer to the SIERRA trial, which evaluates Iomab-B in older patients with relapsed or refractory acute myeloid leukemia and shares the same primary endpoint of durable complete remission."
0000950170-22-020696,yes,The clinical trial entry and the press release both refer to the Phase 2 BEHOLD study evaluating UBX1325 in patients with diabetic macular edema.
0001193125-22-275350,yes,The clinical trial NCT04374877 explicitly includes a NSCLC cohort and the press release reports on SRF388 (now CHS-388) monotherapy and combination therapy results specifically for patients with NSCLC.
0001493152-22-030288,yes,The clinical trial entry and the press release both refer to the Phase 3 study of EB-101 for the treatment of Recessive Dystrophic Epidermolysis Bullosa (RDEB) and share the same co-primary endpoints of wound healing and pain reduction at six months.
0001104659-22-113463,no,"The press release describes the FOCUS Phase 3 trial of fostamatinib, whereas the ClinicalTrials.gov entry NCT04924660 refers to the ACTIV-4 study, which is a different clinical trial evaluating different patient populations and study designs."
0001140361-22-039934,yes,The clinical trial NCT04534114 and the press release both refer to the RE-THINC ESRD study evaluating the same drug (Factor XI LICA/fesomersen) in the same patient population (end-stage renal disease on hemodialysis).
0000950170-22-021739,yes,"The press release reports results for the MISSION Phase 2 trial evaluating zetomipzomib (formerly KZR-616) in patients with lupus nephritis, which matches the study title and drug identified in the ClinicalTrials.gov entry NCT03393013."
0001104659-22-115157,yes,The press release explicitly reports updated data from Part B of the DisTinGuish study (NCT04363801) evaluating DKN-01 in combination with tislelizumab for gastroesophageal adenocarcinoma.
0000950170-22-022838,yes,"The clinical trial entry and the press release both refer to the Phase 2 BrigHtn trial evaluating the same drug (baxdrostat, formerly known as CIN-107) for the treatment of resistant hypertension with the same primary endpoint."
0001193125-22-282054,yes,The press release explicitly identifies NCT03769155 as the trial investigating the combination of pepinemab (VX15/2503) with nivolumab and ipilimumab for resectable Stage III melanoma.
0001193125-22-282059,yes,The clinical trial entry and the press release both describe a Phase 1 study of IK-175 as a monotherapy and in combination with nivolumab for patients with advanced solid tumors and urothelial carcinoma.
0001493152-22-032529,yes,The clinical trial entry and the press release both describe a study evaluating the combination of TAVO-EP and nivolumab in patients with neoadjuvant melanoma.
0001493152-22-031629,yes,The clinical trial entry and the press release both refer to the DARE-VVA1 Phase 1/2 study evaluating intravaginal tamoxifen for the treatment of vulvar and vaginal atrophy in postmenopausal women.
0000950170-22-024772,yes,"The clinical trial NCT03576612 explicitly investigates the combination of GMCI (which is CAN-2409) with nivolumab in patients with newly diagnosed high-grade gliomas, matching the drug and disease reported in the press release."
0001126234-22-000109,yes,The press release explicitly reports interim results for the OraGrowtH210 trial (NCT04614337) evaluating LUM-201 for pediatric growth hormone deficiency.
0001193125-22-284529,yes,The clinical trial entry and the press release both refer to the SUMMIT Phase 3 study evaluating STS101 for the acute treatment of migraine.
0000950170-22-024985,yes,"The press release explicitly identifies the trial as NCT03719430 and describes the same drug (sotigalimab, also known as APX005M) and disease (advanced soft tissue sarcoma, specifically liposarcoma) as the clinical trial entry."
0001493152-22-032573,no,"The clinical trial entry describes a Phase 3 study, whereas the press release explicitly reports results from a Phase 2 clinical trial."
0001654954-22-015397,yes,Both the ClinicalTrials.gov entry and the press release describe a Phase 1 study of camsirubicin for the treatment of advanced soft tissue sarcoma (ASTS) with the goal of determining the maximum tolerated dose.
0001655759-22-000059,yes,"The press release explicitly identifies the study as the Phase 2 expansion (VERITAC) of the Phase 1/2 trial of ARV-471 for ER+/HER2- breast cancer, which matches the drug, disease, and study design described in the ClinicalTrials.gov entry NCT04072952."
0000950170-22-025706,yes,"The clinical trial entry and the press release both refer to the ACCORD Phase 3 trial evaluating AXS-05 for the treatment of agitation in patients with Alzheimer's disease, sharing the same primary endpoint of time to relapse."
0001558370-22-018016,yes,Both the ClinicalTrials.gov entry and the press release refer to the BRILLIANCE Phase 1/2 clinical trial evaluating EDIT-101 for the treatment of Leber congenital amaurosis 10 (LCA10).
0000950170-22-025413,yes,"The press release explicitly identifies CAN-3110 as the drug being studied in the clinical trial NCT03152318, which is listed in the entry as rQNestin34.5v.2, and both documents focus on the treatment of recurrent high-grade glioma."
0001104659-22-122226,yes,The clinical trial entry and the press release both describe a Phase 1 study evaluating the safety and pharmacokinetics of oral and IV lefamulin (Xenleta) in adult patients with cystic fibrosis.
0001193125-22-295406,yes,Both the clinical trial entry and the press release describe a Phase 1 study of SYNB1353 in healthy volunteers for the treatment of homocystinuria (HCU).
0001628280-22-030943,yes,"The clinical trial entry and the press release both describe a Phase 3 study of mavorixafor for the treatment of WHIM syndrome, and both report the same primary endpoint of time above threshold for absolute neutrophil count."
0001193125-22-297163,yes,"The clinical trial NCT04442295 corresponds to the MONARCH study, which is explicitly identified in the press release as one of the Phase 1/2a studies evaluating STK-001 in children and adolescents with Dravet syndrome."
0000950170-22-025995,yes,"Both the clinical trial entry and the press release refer to the same investigational drug, NKX019, and the same target condition, B-cell malignancies."
0001654954-22-016099,yes,"Both the ClinicalTrials.gov entry and the press release refer to a Phase 2 clinical trial of DMT310 for the treatment of rosacea, and the primary endpoints mentioned in the entry match the efficacy measures discussed in the release."
0001728117-22-000102,yes,"The press release explicitly identifies the Phase 2 TORREY study as evaluating seralutinib (GB002) for the treatment of pulmonary arterial hypertension, which matches the drug and disease specified in the clinical trial entry."
0001558370-22-018383,yes,"The press release explicitly identifies the RUBY trial and the drug EDIT-301 for the treatment of severe sickle cell disease, which matches the clinical trial entry NCT04853576."
0001520138-22-000548,yes,The press release explicitly identifies the NM201 study as NCT05083260 and reports results for NE3107 in Parkinson's disease that align with the trial's objectives and design.
0000950170-22-026089,yes,The clinical trial entry and the press release both describe a Phase 1 study evaluating the pharmacokinetics and safety of the RaniPill capsule delivering parathyroid hormone (PTH).
0001193125-22-299797,yes,The clinical trial NCT04849910 and the VBP101 study mentioned in the press release both investigate the use of CD33-edited hematopoietic stem cell transplants (trem-cel/VOR33) followed by Mylotarg treatment in patients with AML.
0000950170-22-026095,yes,The clinical trial NCT05357898 and the press release both refer to the SQZ-eAPC-HPV therapeutic candidate for the treatment of HPV16+ solid tumors and report consistent phase 1/2 clinical data.
0001193125-22-300541,yes,"The clinical trial entry and the press release both describe the Phase 3 D-LIVR study evaluating lonafarnib and ritonavir, with or without peginterferon alfa, for the treatment of chronic hepatitis delta virus (HDV)."
0000950170-22-026329,yes,"The clinical trial NCT04735471 and the press release both report on the Phase 1 study of ADI-001 for the treatment of B-cell malignancies, specifically including non-Hodgkin's lymphoma."
0001193125-22-302732,yes,The press release explicitly references the clinical trial NCT03674567 and reports data for the same drug (FLX475) and the same study design (monotherapy and combination with pembrolizumab) as described in the ClinicalTrials.gov entry.
0001193125-22-303934,yes,The press release explicitly references NCT04562389 and reports results for the same drug combination (selinexor and ruxolitinib) in the same disease (myelofibrosis) as described in the clinical trial entry.
0001564590-22-039215,yes,"The clinical trial NCT04973618 is a Phase 1 study of APVO436 in AML patients, and the press release reports results from a Phase 1b trial of the same drug in the same disease population."
0001171843-22-008011,yes,"The clinical trial entry and the press release both describe a Phase 2 study evaluating the combination of AB-729, nucleos(t)ide analogue therapy, and peginterferon alfa-2a in patients with chronic hepatitis B infection."
0001193125-22-302915,yes,"The clinical trial NCT04830137 and the press release both evaluate the drug NX-2127 in patients with relapsed/refractory B-cell malignancies, specifically including chronic lymphocytic leukemia (CLL)."
0001104659-22-126475,yes,"The clinical trial NCT04588922 and the press release both describe a Phase 1 study of the CDK9 inhibitor GFH009 (SLS009) in patients with hematologic malignancies, specifically including acute myeloid leukemia."
0001193125-22-303296,no,"The press release discusses a Phase 1a study in healthy volunteers for DISC-0974, whereas the clinical trial entry NCT05320198 refers to a separate Phase 1b/2 study in patients with myelofibrosis or myelodysplastic syndrome."
0001193125-22-303275,yes,"The clinical trial entry and the press release both report on the same drug, MGTA-117, and the same patient population of AML and MDS."
0001682852-22-000055,yes,The clinical trial entry and the press release both refer to the KEYNOTE-942 study evaluating the combination of mRNA-4157 and pembrolizumab for the treatment of high-risk melanoma.
0001651308-22-000235,yes,"The press release and the clinical trial entry both refer to the ALPINE trial, which compares zanubrutinib and ibrutinib in patients with relapsed/refractory chronic lymphocytic leukemia."
0001193125-22-304330,yes,Both the clinical trial entry and the press release refer to the same Phase 1 study of the drug KT-474 in patients with atopic dermatitis and hidradenitis suppurativa.
0001558370-22-018617,yes,The clinical trial entry and the press release both refer to the Imagine-1 study evaluating the safety and efficacy of the drug PBGM01 for the treatment of GM1 gangliosidosis.
0001564590-22-039316,yes,"The press release explicitly references the ENVASARC Phase 2 trial, the same drug combination of envafolimab and ipilimumab, and the same patient population of undifferentiated pleomorphic sarcoma or myxofibrosarcoma as described in the clinical trial entry."
0001104659-22-127101,yes,"The clinical trial NCT05477160 matches the Phase 1a trial of STAR-0215 in healthy participants described in the press release, including the specific follow-up duration of 224 days."
0001193125-22-305412,no,"The press release reports results from study SYNB8802-CP-002, whereas the ClinicalTrials.gov entry NCT05377112 refers to a different study (SYNB8802-CP-001) as noted in the press release text."
0001437749-22-029111,yes,The clinical trial entry NCT03388749 and the press release both describe the evaluation of Liposomal Annamycin for the treatment of acute myeloid leukemia (AML).
0001326190-22-000016,yes,The clinical trial entry NCT05292911 and the press release both describe a 12-week extension study of the drug pemvidutide (formerly referred to as ALT-801) in patients with NAFLD.
0000950170-22-026910,yes,The clinical trial entry and the press release both describe a Phase 1 pharmacokinetic study comparing GTX-101 and subcutaneous bupivacaine in healthy subjects with identical primary outcome measures.
0000950170-22-026760,yes,The press release explicitly identifies the trial as ARC-7 and reports results for the same drug combinations and patient population described in the NCT04262856 clinical trial entry.
0000950170-22-027060,yes,The clinical trial entry and the press release both describe a Phase 1 pharmacokinetic bridging study of GTX-102 (betamethasone oral spray) in healthy subjects with identical primary endpoints and study objectives.
0001193125-22-311191,yes,"The clinical trial entry and the press release both refer to the LOMBARD trial, which evaluates the efficacy and safety of AMT-101 in patients with ulcerative colitis with a primary endpoint measured at 12 weeks."
0001493152-23-000232,yes,Both the clinical trial entry and the press release describe a Phase 1 study evaluating the safety and pharmacokinetics of the drug PUR3100 in healthy volunteers.
0001178913-23-000010,yes,"Both the clinical trial entry and the press release describe a Phase 2 trial of CM-101 in patients with NASH, and the minor discrepancies in treatment duration are common in reporting."
0001628280-23-000714,yes,The press release explicitly references NCT05258669 and describes the same Phase 2/3 immuno-bridging study of the BBV152 vaccine for COVID-19.
0001140361-23-000743,yes,"The press release explicitly reports topline data from a Phase 2 pharmacokinetic/pharmacodynamic study of brensocatib in patients with cystic fibrosis, which matches the study design and objectives described in the NCT05090904 entry."
0001493152-23-000904,yes,The clinical trial entry and the press release both refer to the DARE-HRT1 Phase 1/2 study evaluating the safety and pharmacokinetics of an intravaginal ring delivering estradiol and progesterone in post-menopausal women over a 12-week period.
0001682852-23-000004,yes,The press release and the clinical trial entry both refer to the pivotal Phase 3 study of the mRNA-1345 vaccine for RSV in older adults.
0001493152-23-000900,yes,Both the clinical trial entry and the press release describe a Phase 2 study of ANEB-001 in healthy subjects using a THC challenge test to evaluate the drug's efficacy in reversing cannabinoid intoxication.
0001193125-23-004049,yes,The clinical trial NCT05195528 and the PHALCON-NERD-301 study described in the press release both evaluate the efficacy and safety of vonoprazan for the treatment of symptomatic non-erosive gastroesophageal reflux disease (NERD) using the same primary endpoint.
0001493152-23-001820,yes,The press release explicitly identifies study SB102 as NCT05408572 and describes the same drug (SON-1010) and study population (healthy volunteers) as the clinical trial entry.
0001193125-23-004059,yes,Both the ClinicalTrials.gov entry and the press release refer to the FIREFLY-1 trial evaluating tovorafenib for the treatment of pediatric low-grade glioma.
0001753926-23-000046,no,"The clinical trial entry refers to LP08 for Interstitial Cystitis, whereas the press release reports on a trial for LP-10 for Hemorrhagic Cystitis."
0001493152-23-001787,yes,"The press release explicitly identifies the pharmacokinetic substudy as being part of the TIGeR-PaC clinical trial (NCT03257033), which evaluates the same drug (gemcitabine) and disease (locally advanced pancreatic cancer) as the clinical trial entry."
0001171843-23-000338,yes,The clinical trial entry and the press release both describe a study of CTX-009 in combination with paclitaxel for the treatment of biliary tract cancers.
0000950170-23-000928,yes,"The clinical trial NCT03997968 is a Phase 1/2 study of CYT-0851 in solid tumors, which matches the drug and the advanced ovarian cancer patient population described in the press release."
0001104659-23-006194,yes,"The clinical trial entry and the press release both evaluate the same drug, PRGN-2012, for the treatment of the same disease, recurrent respiratory papillomatosis (RRP)."
0001193125-23-012607,yes,The clinical trial NCT04396756 and the INTEGRIS-IPF trial described in the press release both evaluate the drug PLN-74809 (bexotegrast) for the treatment of idiopathic pulmonary fibrosis.
0001193125-23-022182,yes,"The press release explicitly references the OASIS Phase 1/2a clinical trial, which matches the trial name and phase identified in the ClinicalTrials.gov entry for the study of CLS-AX in neovascular AMD."
0001193125-23-022876,yes,The press release and the clinical trial entry both refer to a Phase 2 study of EDP1815 for the treatment of atopic dermatitis with the same primary endpoint of EASI-50 at 16 weeks.
0001437749-23-003069,no,"The press release reports results from the MB-105 trial, which is a distinct European study, whereas the ClinicalTrials.gov entry NCT03388749 refers to a different study of Liposomal Annamycin."
0001860782-23-000016,yes,Both the clinical trial entry and the press release refer to the KarMMa-3 Phase 3 study evaluating Abecma (idecabtagene vicleucel) for the treatment of relapsed and refractory multiple myeloma.
0001628280-23-003209,yes,"The press release explicitly identifies the trial as the Phase 3 PRESERVE 1 study of trilaciclib in patients receiving FOLFOXIRI and bevacizumab for metastatic colorectal cancer, which matches the details provided in the ClinicalTrials.gov entry."
0001104659-23-019876,yes,The press release and the clinical trial entry both describe a Phase 2a study evaluating the combination of BXCL701 and pembrolizumab in patients with small cell neuroendocrine prostate cancer.
0001437749-23-003180,yes,The clinical trial NCT04300140 and the press release both describe a Phase 1b/2 study of batiraxcept (AVB-S6-500) in combination with cabozantinib for the treatment of advanced or metastatic clear cell renal cell carcinoma.
0001493152-23-005139,yes,The clinical trial NCT04749368 and the press release both evaluate the combination of BRII-835 and BRII-179 (VBI-2601) for the treatment of chronic hepatitis B infection.
0001193125-23-040742,yes,The press release explicitly identifies the clinical trial as NCT04417530 and reports on the same drug (belzupacap sarotalocan) and disease (early-stage choroidal melanoma) as the clinical trial entry.
0001193125-23-040919,yes,The clinical trial NCT04849910 and the VBP101 study described in the press release both investigate the use of CD33-negative hematopoietic stem cell transplants (trem-cel) in combination with Mylotarg for patients with AML.
0001193125-23-041459,yes,The press release explicitly identifies the trial as APEX-01 (NCT04662580) and discusses the same drug (ARX517) and disease (metastatic prostate cancer) as the ClinicalTrials.gov entry.
0001628280-23-003635,yes,The press release explicitly identifies ARO-PNPLA3 as the new name for JNJ-75220795 and confirms that the Phase 1 study NCT04844450 is the trial evaluating this drug for the treatment of NASH.
0001193125-23-043018,yes,"The press release describes a Phase 1b trial of zotatifin for mild-to-moderate COVID-19 that matches the drug and disease specified in the NCT04632381 entry, noting that the trial included both intravenous and sub-cutaneous administration."
0001213900-23-013059,yes,"The press release explicitly references the SIERRA trial and reports results for Iomab-B in patients with acute myeloid leukemia, which matches the drug, disease, and trial name specified in the ClinicalTrials.gov entry."
0001193125-23-046516,yes,Both the clinical trial entry and the press release describe a Phase 1 study of ALRN-6924 in patients with TP53-mutant breast cancer receiving TAC chemotherapy.
0000950170-23-004239,yes,"The press release reports on an integrated analysis of OTL-200 for the treatment of metachromatic leukodystrophy (MLD), which includes the clinical study NCT03392987 as part of its development program."
0001213900-23-014008,yes,"The clinical trial entry and the press release both refer to the ISLAND study evaluating the same drug (LY3471851, also known as REZPEG) for the treatment of Systemic Lupus Erythematosus (SLE) with identical primary endpoints."
0000950170-23-006114,yes,The press release explicitly identifies Cohort 4 of the REDWOOD-HCM trial (NCT04219826) as the study evaluating aficamten in patients with non-obstructive hypertrophic cardiomyopathy.
0001193125-23-055140,yes,Both the clinical trial entry and the press release describe a Phase 2 influenza challenge study evaluating the prophylactic efficacy of CD388 using the same primary endpoint of Area Under the Viral Load-Time Curve.
0001104659-23-028700,yes,"The press release explicitly identifies the Tailwind study as NCT05616221 and describes it as evaluating AP-PA02 in patients with non-cystic fibrosis bronchiectasis, which matches the clinical trial entry."
0001437749-23-005470,yes,The clinical trial entry and the press release both refer to the RESCUE-ALS Phase 2 trial investigating CNM-Au8 for the treatment of amyotrophic lateral sclerosis (ALS).
0001558370-23-002835,yes,The clinical trial entry NCT05216224 and the press release both describe a Phase 2a study of the drug zunsemetinib (ATI-450) for the treatment of moderate to severe hidradenitis suppurativa with the same primary endpoint.
0001126234-23-000031,yes,"The clinical trial entry NCT04806854 matches the OraGrowtH212 trial described in the press release, as both investigate the drug LUM-201 for the treatment of idiopathic pediatric growth hormone deficiency."
0001193125-23-060828,yes,The clinical trial NCT04265651 and the PROPEL2 trial mentioned in the press release both investigate the use of infigratinib in children with achondroplasia.
0000819050-23-000025,yes,"The clinical trial identifier, drug name (FRTX-02), and the study population (healthy subjects and patients with atopic dermatitis) match between the ClinicalTrials.gov entry and the press release."
0001140361-23-011727,yes,The clinical trial NCT05032859 and the ADORING 2 trial described in the press release both evaluate tapinarof (VTAMA) for the treatment of atopic dermatitis using the same primary endpoint of vIGA-AD score at Week 8.
0001564590-23-003860,yes,"The clinical trial entry and the press release both describe a Phase 2 study of ACER-801 (osanetant) for the treatment of moderate to severe vasomotor symptoms (VMS) in postmenopausal women, with matching study design details such as the 14-day treatment period."
0001193125-23-075297,yes,"The clinical trial NCT04513366 corresponds to the DISSOLVE I study mentioned in the press release, both of which evaluate the efficacy of SEL-212 in patients with chronic refractory gout using the same primary endpoint."
0001558370-23-004634,yes,"The press release explicitly identifies the CHASE trial as the study evaluating KPI-012 for the treatment of PCED, which matches the trial title and drug/disease profile in the ClinicalTrials.gov entry."
0001193125-23-076241,yes,"The clinical trial entry and the press release both refer to the ENLIVEN trial evaluating the same drug (BIO89-100, also known as pegozafermin) for the treatment of NASH with identical primary endpoints."
0000950170-23-009847,yes,Both the ClinicalTrials.gov entry and the press release refer to the Phase 2 ENVISION study evaluating UBX1325 for the treatment of neovascular age-related macular degeneration.
0001654954-23-003607,yes,"The press release explicitly identifies the VOICE trial as the Phase 2b/3 study evaluating Validive (Clonidine HCl MBT) for the prevention of severe oral mucositis in oropharyngeal cancer patients, which matches the details in the NCT04648020 entry."
0000950170-23-010108,yes,"The clinical trial entry NCT05203237 and the press release both describe a Phase 1 study of the drug VK2735, with the press release providing detailed results from the SAD and MAD portions of that same trial."
0001387131-23-004129,yes,Both the ClinicalTrials.gov entry and the press release refer to the Phase 3 RELIEF study evaluating TNX-102 SL for the treatment of fibromyalgia.
0001193125-23-082314,yes,"Both the clinical trial entry and the press release refer to the same drug, BMF-219, and the same condition, type 2 diabetes mellitus, within the context of the COVALENT-111 study."
0000950170-23-011143,yes,The clinical trial entry and the press release both refer to the COURAGE-ALS Phase 3 trial evaluating reldesemtiv for the treatment of ALS.
0000950170-23-011474,yes,The clinical trial entry and the press release both evaluate the drug PBI-0451 (Pomotrelvir) in a Phase 2 study for the treatment of COVID-19 and report the same primary endpoint regarding virologic efficacy on day 3.
0001193805-23-000500,yes,The press release explicitly identifies the trial as NCT03341962 and reports results for the same drug (vidofludimus calcium/IMU-838) and disease (ulcerative colitis) as the clinical trial entry.
0001213900-23-028716,yes,"The clinical trial NCT01861496 is a Phase I/II study of LiPlaCis in advanced tumors, and the press release describes a Phase 2 study of LiPlaCis in metastatic breast cancer, which is a subset of the advanced tumors population."
0001193125-23-095854,yes,The clinical trial entry and the press release both describe a Phase 4 study of TEPEZZA for the treatment of chronic (inactive) thyroid eye disease with the same primary endpoint of change in proptosis at week 24.
0001564590-23-005579,yes,"The press release explicitly identifies the trial as THIO-101 and provides the NCT05208944 identifier, while both documents describe the same drug (THIO) and disease (advanced NSCLC) in a Phase 2 study."
0001193125-23-098539,yes,Both the clinical trial entry and the press release refer to the same Phase 1/2 study of pegtarviliase for the treatment of Classical Homocystinuria (CBS deficiency).
0001104659-23-045447,yes,The clinical trial entry and the press release both refer to the same Phase 1/2 study of OCU400 for the treatment of Retinitis Pigmentosa and Leber Congenital Amaurosis.
0000950170-23-012883,yes,Both the clinical trial entry and the press release refer to the same Phase 1/2a study of the drug 23ME-00610 in patients with advanced solid malignancies.
0001140361-23-018635,yes,"The clinical trial NCT04913285 evaluates KIN-2787 (exarafenib) in patients with BRAF and/or NRAS mutation-positive solid tumors, which matches the drug and patient population described in the press release for the KN-8701 study."
0001493152-23-012483,yes,Both the clinical trial entry and the press release describe a Phase 1 study of an alpha-lactalbumin vaccine for triple-negative breast cancer conducted at the Cleveland Clinic.
0001193125-23-103837,yes,"The clinical trial NCT03526835 investigates MCLA-158, also known as petosemtamab, in patients with advanced solid tumors, including head and neck squamous cell carcinoma and gastric/esophageal adenocarcinoma, which matches the drug and disease populations reported in the press release."
0001493152-23-012803,yes,"The press release explicitly identifies the SB101 study as NCT05352750 and describes it as a Phase 1 trial of SON-1010 in patients with advanced solid tumors, which matches the clinical trial entry."
0001193125-23-107202,yes,"The press release explicitly identifies the FIRELIGHT-1 study as NCT04985604 and reports clinical results for tovorafenib monotherapy in patients with BRAF-fusion melanoma, which matches the drug and disease scope of the clinical trial entry."
0000950170-23-013272,yes,"The clinical trial NCT05569941 and the press release both describe a Phase 1a study of ABI-4334 in healthy subjects, sharing the same study objectives and drug candidate."
0001140361-23-019757,yes,The press release and the ClinicalTrials.gov entry both refer to the NEURO-TTRansform Phase 3 study evaluating eplontersen for the treatment of hereditary transthyretin-mediated amyloid polyneuropathy (ATTRv-PN) with identical primary endpoints.
0001193125-23-111832,yes,"The clinical trial NCT03533816 investigates the infusion of expanded/activated gamma-delta T-cells following hematopoietic stem cell transplantation, which matches the INB-100 therapy and patient population described in the press release."
0001831283-23-000071,yes,The clinical trial NCT05174416 and the EXPLORER-CN trial mentioned in the press release both evaluate mavacamten for symptomatic obstructive hypertrophic cardiomyopathy in Chinese adults and share the same primary endpoint.
0001437749-23-011514,yes,"The press release explicitly identifies the study as the NIH's ACTIV-2 clinical trial, which matches the NCT04518410 entry for COVID-19, and reports results for the drug SAB-185 tested within that specific trial framework."
0001372514-23-000057,yes,Both the clinical trial entry and the press release refer to the ABACUS study evaluating KIO-301 for the treatment of retinitis pigmentosa.
0001654954-23-005253,no,"The clinical trial entry refers to a Phase 2 study (NCT04268069), whereas the press release discusses results from a separate Phase 2 trial and the ongoing Phase 3 MELODY-1 trial."
0000950170-23-015343,yes,"The clinical trial entry NCT03635073 corresponds to the ENDYMION 1 study, which is explicitly identified in the press release as the trial evaluating soticlestat for Dravet syndrome and Lennox-Gastaut syndrome."
0000950170-23-015374,yes,The press release and the clinical trial entry both describe a Phase 1 study of CYNK-001 for the treatment of relapsed/refractory and MRD-positive acute myeloid leukemia.
0001725160-23-000073,yes,"The clinical trial NCT04516447 investigates azenosertib in combination with chemotherapy for ovarian cancer, which matches the Phase 1b study of azenosertib in combination with chemotherapy for platinum-resistant ovarian cancer described in the press release."
0001213900-23-033507,yes,The clinical trial entry and the press release both refer to the ADVANCED-1 trial (NCT05085977) evaluating TARA-002 for the treatment of high-grade non-muscle invasive bladder cancer.
0001437749-23-011996,yes,The clinical trial NCT05319587 and the press release both describe a study of Annamycin in combination with Cytarabine for the treatment of Acute Myeloid Leukemia (AML).
0001193125-23-128616,yes,The clinical trial NCT04396756 and the INTEGRIS-IPF trial described in the press release both evaluate the drug PLN-74809 (bexotegrast) in patients with idiopathic pulmonary fibrosis and share identical study design characteristics.
0001601485-23-000032,yes,Both the ClinicalTrials.gov entry and the press release refer to the AMPLIFY-201 Phase 1 study evaluating the ELI-002 vaccine in patients with KRAS-mutated solid tumors.
0001438533-23-000018,yes,The press release and the clinical trial entry both refer to the Phase 3 DUPLEX study evaluating sparsentan for the treatment of focal segmental glomerulosclerosis (FSGS) with matching primary endpoints.
0001558370-23-007741,yes,The clinical trial entry and the press release both refer to the Phase 3 MIRASOL trial (NCT04209855) evaluating mirvetuximab soravtansine versus chemotherapy in patients with FRα-positive platinum-resistant ovarian cancer.
0001126234-23-000062,yes,"The clinical trial entry NCT04614337 corresponds to the OraGrowtH210 trial, which is explicitly identified in the press release as a Phase 2 study evaluating LUM-201 for the treatment of idiopathic Pediatric Growth Hormone Deficiency."
0001193125-23-141488,yes,Both the ClinicalTrials.gov entry and the press release refer to the Phase 3 EPITOPE trial evaluating Viaskin Peanut for the treatment of peanut allergy in children aged 1 to 3 years.
0001140361-23-024924,yes,"The clinical trial entry NCT05014568 matches the ADORING trials described in the press release, as both investigate tapinarof for atopic dermatitis using the same primary endpoint of vIGA-AD score improvement at Week 8."
0001193125-23-146584,yes,"The clinical trial NCT05473910 (ALLOHA) and the press release both describe a Phase 1 study evaluating T-cell receptor engineered T cell therapies (TSC-100 and TSC-101) in patients undergoing allogeneic hematopoietic cell transplantation for AML, MDS, or ALL."
0000950170-23-022879,yes,"The press release explicitly references NCT05301517 and matches the drug, disease, and primary endpoint described in the ClinicalTrials.gov entry."
0001860782-23-000081,yes,"The press release explicitly identifies the trial as PLAT-08 and the drug as SC-DARIC33 for the treatment of relapsed or refractory acute myeloid leukemia, which matches the details provided in the ClinicalTrials.gov entry."
0001140361-23-025377,yes,The press release explicitly identifies the clinical trial as NCT03897361 and describes the same investigational hematopoietic stem cell gene therapy for cystinosis.
0001104659-23-062936,yes,The clinical trial entry and the press release both refer to the Phase 3 MANTRA trial evaluating milademetan versus trabectedin for the treatment of dedifferentiated liposarcoma.
0001193125-23-150624,yes,"The press release explicitly references the Phase 1 topline interim data for IVX-A12, which matches the drug and phase described in the clinical trial entry NCT05664334."
0001104659-23-063688,yes,The press release and the ClinicalTrials.gov entry both refer to the MOVE-FA trial evaluating vatiquinone for the treatment of Friedreich ataxia with the same primary endpoint of change in mFARS score at 72 weeks.
0001628280-23-019591,yes,The clinical trial entry and the press release both refer to the Phase 3 SAPPHIRE study evaluating the combination of sitravatinib and nivolumab for the treatment of advanced non-squamous non-small cell lung cancer.
0001193125-23-153420,yes,The clinical trial entry and the press release both refer to the ARCHER Phase 2 trial evaluating ANX007 for the treatment of geographic atrophy.
0001193125-23-154347,yes,The clinical trial NCT05117476 and the press release both describe a Phase 1 study of CLN-619 as a monotherapy and in combination with pembrolizumab for patients with advanced solid tumors.
0001437749-23-015996,yes,The press release and the ClinicalTrials.gov entry both refer to the Acclaim-1 clinical trial evaluating the combination of Quaratusugene Ozeplasmid (REQORSA) and Osimertinib (Tagrisso) in patients with advanced EGFR-mutant NSCLC who have progressed on Osimertinib.
0001745020-23-000018,yes,"The press release and the clinical trial entry both refer to the same drug, THE-630, and the same disease, advanced gastrointestinal stromal tumors (GIST), in a Phase 1/2 clinical trial."
0000950170-23-024292,yes,"The press release explicitly identifies the HERKULES-3 trial (NCT05039177) and reports results for ERAS-007 in patients with gastrointestinal malignancies, which matches the trial's title and scope."
0001104659-23-065549,yes,The press release explicitly identifies the clinical trial as NCT03363373 and discusses the same drug (naxitamab) and disease (high-risk neuroblastoma with bone/bone marrow involvement) as the clinical trial entry.
0001438533-23-000030,yes,"The press release explicitly identifies the study as the COMPOSE study evaluating pegtibatinase for classical homocystinuria, which matches the drug, disease, and study name listed in the ClinicalTrials.gov entry."
0001193125-23-161596,yes,"The press release identifies the PEAK trial as a Phase 3 study of bezuclastinib and sunitinib in GIST patients, which matches the NCT05208047 entry for the PEAK trial evaluating CGT9486 (bezuclastinib) and sunitinib in GIST."
0001193125-23-160031,yes,The press release explicitly references the NCT04466891 trial ID and reports results for the same drug (zanidatamab) and disease (HER2-amplified biliary tract cancers) as described in the ClinicalTrials.gov entry.
0001104659-23-067866,yes,"The press release explicitly references NCT04872634 and describes the same drug (SNK01), disease (NSCLC), and patient population (TKI-resistant) as the clinical trial entry."
0001558370-23-010788,yes,"The press release explicitly identifies the clinical trial NCT05009966 as the study in China evaluating SYSA1801 (EO-3021) for Claudin 18.2-positive solid tumors, which matches the details in the ClinicalTrials.gov entry."
0001193125-23-160325,yes,"The press release explicitly identifies the results as coming from an expansion cohort (Cohort D) of the SYMMETRY study, which is the same trial registered under NCT05039450."
0001725160-23-000129,yes,The clinical trial entry NCT05682170 and the press release both describe a Phase 1/2 study evaluating the combination of ZN-d5 and azenosertib (ZN-c3) in patients with acute myeloid leukemia (AML).
0001104659-23-067854,yes,The clinical trial entry and the press release both refer to the REBUILD Phase 3 study evaluating INOpulse for the treatment of fibrotic interstitial lung disease (fILD) and share the same primary endpoint of change in moderate to vigorous physical activity.
0000950170-23-026236,yes,"The clinical trial NCT03997968 includes the study of CYT-0851 in advanced solid tumors, which matches the drug and disease population reported in the press release regarding the combination therapy study."
0001193125-23-160358,no,"The clinical trial NCT04284228 is for an unspecified antigen-specific T cell therapy, whereas the press release specifically reports on the NEXI-001 trial, which is a distinct proprietary product candidate."
0001493152-23-020081,yes,The clinical trial entry and the press release both refer to the RESPOND study evaluating Sildenafil Cream (3.6%) for the treatment of female sexual arousal disorder.
0000950170-23-026375,yes,The clinical trial entry and the press release both refer to the Orbit study evaluating setrusumab for the treatment of osteogenesis imperfecta.
0001140361-23-028235,yes,The press release explicitly identifies the study as AMPLIFY-201 (NCT04853017) and reports on the same drug (ELI-002) and patient population (KRAS-mutated solid tumors) described in the clinical trial entry.
0001725160-23-000131,yes,"The clinical trial NCT04158336 is a Phase 1 study of azenosertib in solid tumors, which matches the Phase 1 monotherapy dose optimization study described in the press release."
0001193125-23-162576,yes,"The press release explicitly references the MYTHIC study and its NCT identifier (NCT04855656), and both documents describe the same drug (lunresertib/RP-6306) and the same patient population (advanced solid tumors)."
0001655759-23-000043,yes,Both the clinical trial entry and the press release describe a Phase 1/2 study of the drug ARV-766 in patients with metastatic prostate cancer.
0000950170-23-026748,yes,The clinical trial entry and the press release both refer to the LELANTOS-1 Phase 3 study (NCT04371666) evaluating pamrevlumab in non-ambulatory patients with Duchenne muscular dystrophy.
0001193125-23-164010,yes,The clinical trial entry NCT05308472 and the BEACON trial described in the press release both evaluate the drug bitopertin for the treatment of erythropoietic protoporphyria (EPP) and share the same primary endpoint of measuring PPIX levels.
0001558370-23-010931,yes,"The press release explicitly reports on the RUBY trial, which matches the NCT04853576 entry for the drug EDIT-301 in patients with sickle cell disease."
0001171843-23-003856,yes,"The press release reports on the same Phase 1/2 trial of tuspetinib in relapsed or refractory acute myeloid leukemia (AML) as described in the NCT03850574 entry, noting the completion of the dose escalation phase and the initiation of the APTIVATE expansion trial."
0001193125-23-165337,yes,The press release explicitly identifies the clinical trial as NCT03945318 and reports results for the same drug (BION-1301/zigakibart) and disease (IgA Nephropathy) described in the ClinicalTrials.gov entry.
0001157523-23-000973,yes,"The clinical trial ID, trial name, phase, and disease indication match exactly between the ClinicalTrials.gov entry and the press release."
0000950170-23-028784,yes,The press release explicitly identifies the trial as the ENVASARC Phase 2 pivotal trial (NCT04480502) and discusses the same drug (envafolimab) and disease (undifferentiated pleomorphic sarcoma and myxofibrosarcoma) as the clinical trial entry.
0001193125-23-169726,yes,The press release explicitly identifies the clinical trial as NCT05367661 and reports on the same drug (CHK-336) and study population (healthy volunteers) described in the ClinicalTrials.gov entry.
0001437749-23-017768,yes,The clinical trial entry and the press release both refer to the Phase 3 ASCEND study evaluating TMB-001 for the treatment of congenital ichthyosis (specifically RXLI and ARCI).
0001714899-23-000103,no,"The press release reports results from a Phase 1/2 study of DNL310, whereas the ClinicalTrials.gov entry refers to the separate Phase 2/3 COMPASS study (NCT05371613)."
0001213900-23-050034,yes,The clinical trial NCT05348200 is explicitly identified in the press release as the Phase 2b study evaluating CITI-002 for the treatment of hemorrhoids.
0001171843-23-004026,yes,The clinical trial entry and the press release both describe a Phase 2 study evaluating the combination of AB-729 and pegylated interferon alfa-2a in patients with chronic hepatitis B.
0001104659-23-073326,yes,The press release explicitly identifies the HBV002 study as NCT04778904 and both sources describe the same drug (VTP-300) and disease (chronic Hepatitis B).
0001214659-23-008740,yes,Both the ClinicalTrials.gov entry and the press release describe a multiple ascending dose study of AL001 in patients with Alzheimer's disease and healthy subjects.
0001104659-23-073817,yes,The clinical trial entry and the press release both refer to the same Phase I/II study of AMT-130 for the treatment of Huntington's disease.
0001628280-23-023374,yes,The clinical trial entry and the press release both refer to the PEAK trial (NCT05288504) evaluating AVTX-002 for the treatment of poorly controlled non-eosinophilic asthma.
0001628280-23-023381,yes,The clinical trial entry and the press release both describe a Phase 2 study of sonelokimab for the treatment of moderate to severe hidradenitis suppurativa using HiSCR75 as the primary endpoint at week 12.
0001104659-23-074995,yes,The press release and the clinical trial entry both describe a Phase 1 study of BDTX-1535 for the treatment of NSCLC and glioblastoma with EGFR mutations.
0001213900-23-050991,yes,"The clinical trial entry and the press release both refer to a Phase 2 study of INM-755 (cannabinol) cream for the treatment of epidermolysis bullosa, sharing the same drug, disease, and study phase."
0001193125-23-176131,yes,"The clinical trial entry and the press release both describe a Phase 1 study of the radiopharmaceutical FPI-1434 in patients with solid tumors expressing IGF-1R, including the use of FPI-1547 for imaging and the evaluation of cold/hot dosing regimens."
0001157523-23-001035,unsure,"The press release identifies the drug as ADX-629, but the ClinicalTrials.gov entry does not specify the drug name, making it impossible to confirm if they are the same."
0000950170-23-029860,yes,"The press release explicitly references the NKX101 clinical trial in adults with AML or MDS and directs readers to ClinicalTrials.gov, which matches the provided entry."
0000950170-23-029851,yes,"The clinical trial NCT04735471 and the press release both describe a Phase 1 study of the drug ADI-001 for the treatment of B-cell malignancies, specifically non-Hodgkin's lymphoma."
0001157523-23-001047,yes,"The press release explicitly references a Phase 2 clinical trial of ADX-2191 in patients with retinitis pigmentosa, which matches the disease and phase specified in the NCT05392179 entry."
0001628280-23-024065,yes,Both the clinical trial entry and the press release refer to the FIGHT DMD trial evaluating the drug ifetroban for the treatment of Duchenne muscular dystrophy.
0001104659-23-075552,yes,The press release explicitly identifies the SEQUEL study as NCT04735536 and reports on the same drug (CT1812) and disease (mild-to-moderate Alzheimer's disease) with matching endpoints related to qEEG and safety.
0001104659-23-079364,no,"The clinical trial entry NCT04614103 refers to a different study than the IOV-LUN-202 trial mentioned in the press release, as they are distinct clinical trials for LN-145 in NSCLC."
0001213900-23-054782,yes,Both the clinical trial entry and the press release describe a Phase 2 study evaluating the efficacy of Ixabepilone (IXEMPRA) in metastatic breast cancer patients selected using the DRP companion diagnostic.
0001437749-23-019649,yes,The clinical trial entry and the press release both refer to the same Phase 2 study (NCT05626803) evaluating the safety and immunogenicity of Vaxart's bivalent GI.1 and GII.4 norovirus vaccine candidate.
0001140361-23-033840,yes,The press release and the clinical trial entry both refer to the NEURO-TTRansform study evaluating eplontersen for the treatment of hereditary transthyretin-mediated amyloid polyneuropathy (ATTRv-PN).
0001193125-23-185120,yes,The press release explicitly identifies the THIO-101 trial as NCT05208944 and describes the same drug combination (THIO and cemiplimab) for the same disease (advanced NSCLC).
0001493152-23-024164,yes,"The clinical trial NCT05631626 and the press release both refer to the same Phase 3 study of CTx-1301 for the treatment of ADHD, specifically citing the same primary efficacy measure (PERMP scores)."
0001104659-23-080554,yes,Both the clinical trial entry and the press release refer to the Phase 2 SPAN clinical trial investigating an enteric microgranule formulation of adrulipase for the treatment of exocrine pancreatic insufficiency in patients with cystic fibrosis.
0001193125-23-187579,yes,The press release and the ClinicalTrials.gov entry both refer to the INTERCEPT-AD Phase 1 trial evaluating ACU193 for the treatment of early Alzheimer's disease.
0001728117-23-000091,no,"The clinical trial entry refers to the drug GB002, whereas the press release reports results for the drug seralutinib."
0001140361-23-034684,yes,The clinical trial NCT03860935 and the press release both refer to the ATTRibute-CM Phase 3 study evaluating acoramidis (AG10) for the treatment of transthyretin amyloid cardiomyopathy (ATTR-CM) with identical primary endpoints.
0001193125-23-190147,yes,The clinical trial entry and the press release both refer to the PENINSULA trial (NCT05567783) evaluating the efficacy of VIR-2482 for the prevention of influenza A.
0000950170-23-033937,yes,The clinical trial entry and the press release both refer to the AGAVE-201 study evaluating axatilimab for the treatment of chronic graft-versus-host disease (cGVHD).
0001193125-23-193428,yes,"The clinical trial NCT05153330 is identified as the COVALENT-101 study, which matches the trial name, drug (BMF-219), and disease (AML) reported in the press release."
0001493152-23-025631,yes,The clinical trial entry and the press release both evaluate the efficacy of LPCN 1148 in patients with cirrhosis and sarcopenia using the same primary endpoint of change in skeletal muscle index at 24 weeks.
0001558370-23-012756,yes,The clinical trial NCT02781883 and the press release both describe a Phase 2 study of the drug prexigebersen (BP1001) in combination with decitabine and venetoclax for the treatment of acute myeloid leukemia.
0001193125-23-192735,yes,The clinical trial entry NCT04442295 matches the description of the open-label study for STK-001 in children and adolescents with Dravet syndrome mentioned in the press release.
0001372514-23-000118,yes,"The press release explicitly identifies the ABACUS study as the trial evaluating KIO-301 in patients with Retinitis Pigmentosa, which matches the drug and disease specified in the ClinicalTrials.gov entry."
0001437749-23-022388,yes,The press release explicitly identifies the clinical trial as NCT05043649 and describes the same drug (camsirubicin) and disease (advanced soft tissue sarcoma) as the ClinicalTrials.gov entry.
0000950170-23-042631,yes,The clinical trial entry and the press release both refer to the GALACTIC-1 trial (NCT03832946) evaluating the efficacy and safety of inhaled GB0139 for the treatment of idiopathic pulmonary fibrosis.
0001437749-23-023025,yes,The clinical trial NCT05319587 matches the press release description of a Phase 1B/2 trial (MB-106) evaluating Annamycin in combination with cytarabine for the treatment of acute myeloid leukemia.
0001558370-23-015014,yes,The clinical trial entry and the press release both describe a Phase 1/2 study evaluating the safety and efficacy of the CAR T cell therapy MB-106 for the treatment of B-cell non-Hodgkin lymphomas and chronic lymphocytic leukemia.
0001104659-23-092665,yes,The press release explicitly identifies the study as EVOKE-02 (NCT05186974) and reports on the same drug combination (sacituzumab govitecan and pembrolizumab) for the same disease (first-line metastatic non-small cell lung cancer) as described in the clinical trial entry.
0000950170-23-045111,yes,"The clinical trial entry and the press release both refer to the LELANTOS-2 Phase 3 trial evaluating pamrevlumab for the treatment of ambulatory Duchenne muscular dystrophy, sharing the same primary endpoint of change in NSAA total score at week 52."
0001437749-23-025103,yes,"The press release explicitly identifies the trial as the Phase III pivotal CardiAMP Cell Therapy Heart Failure Trial, which matches the title and phase of the clinical trial entry NCT02438306."
0001193125-23-228019,yes,The clinical trial entry and the press release both refer to the Phase 3 innovaTV 301 trial (NCT04697628) evaluating tisotumab vedotin versus chemotherapy in patients with recurrent or metastatic cervical cancer.
0001104659-23-098843,yes,Both the clinical trial entry and the press release describe a Phase 2 study of ELX-02 for the treatment of Alport syndrome.
0001387131-23-010769,yes,The clinical trial entry and the press release both refer to the Phase 2 PREVAIL study evaluating TNX-102 SL for the treatment of Long COVID.
0001437749-23-025314,yes,"The press release explicitly identifies NCT05212168 as the study for its monovalent norovirus vaccine candidate, and the endpoints and study design described in both sources are consistent."
0001193125-23-231906,yes,The clinical trial entry NCT04620733 and the press release both describe the Phase 3 RESPONSE study evaluating seladelpar for the treatment of primary biliary cholangitis (PBC) in patients with inadequate response or intolerance to UDCA.
0001193125-23-231899,yes,The press release explicitly references the PATHFNDR-1 study (NCT04837040) and reports results for the same drug (paltusotine) and disease (acromegaly) described in the clinical trial entry.
0001493152-23-032175,yes,"The press release explicitly identifies the study as the Phase 3 CTx-1301-022 study with the identifier NCT05631626, and both sources describe the same drug (CTx-1301) and condition (ADHD) with the same primary endpoint (PERMP scores)."
0000914475-23-000062,yes,"The clinical trial entry and the press release both refer to the CAHtalyst Phase 3 study evaluating crinecerfont for the treatment of congenital adrenal hyperplasia, sharing the same primary endpoint of reducing daily glucocorticoid dose."
0000950170-23-048470,yes,The press release explicitly identifies the trial as the ENVASARC pivotal trial (NCT04480502) and discusses the same drug (envafolimab) and disease (undifferentiated pleomorphic sarcoma or myxofibrosarcoma) as the clinical trial entry.
0001104659-23-102121,yes,The press release and the clinical trial entry both refer to a Phase II study of SLS-002 for the treatment of Major Depressive Disorder in patients at imminent risk of suicide.
0001818382-23-000125,yes,The clinical trial entry NCT03005418 and the press release both describe the same Phase 2/3 study of the Human Acellular Vessel (HAV) for the treatment of vascular trauma.
0001213900-23-078145,yes,The press release explicitly references NCT04784052 as the trial evaluating briquilimab as a conditioning agent for patients with Fanconi Anemia.
0001213900-23-078049,yes,"The ClinicalTrials.gov entry NCT04855760 (RELIANCE-OLS) and the press release both describe a Phase 3 long-term, open-label study of REL-1017 for the treatment of Major Depressive Disorder."
0001193125-23-239983,yes,Both the ClinicalTrials.gov entry and the press release refer to the Phase 3 EV-302 trial evaluating the combination of enfortumab vedotin and pembrolizumab versus chemotherapy in patients with previously untreated locally advanced or metastatic urothelial cancer.
0001437749-23-026647,yes,"The press release explicitly reports long-term follow-up results for the CNM-Au8 regimen within the HEALEY ALS Platform Trial, which matches the drug and trial identified in the ClinicalTrials.gov entry."
0001193125-23-241849,yes,The clinical trial entry and the press release both refer to the Phase 2a INTEGRIS-PSC trial evaluating the drug PLN-74809 (bexotegrast) in patients with primary sclerosing cholangitis.
0001140361-23-045170,yes,The clinical trial entry and the press release both refer to the Phase 3 BALANCE study evaluating the drug olezarsen for the treatment of familial chylomicronemia syndrome (FCS).
0001126234-23-000093,yes,The clinical trial entry and the press release both refer to the OraGrowtH212 trial investigating the drug LUM-201 for the treatment of pediatric growth hormone deficiency.
0000950170-23-050039,yes,The clinical trial entry and the press release both refer to the Phase 2 ENVISION study (NCT05275205) evaluating UBX1325 in patients with neovascular or wet age-related macular degeneration.
0000950170-23-050922,yes,The press release and the ClinicalTrials.gov entry both refer to the AUGMENT-101 trial evaluating revumenib in patients with relapsed/refractory KMT2A-rearranged acute leukemia.
0001104659-23-105027,yes,"The clinical trial NCT05762471 covers the Phase 1b/2a study of GSBR-1290 in overweight/obese subjects and those with type 2 diabetes, which matches the drug, disease, and study phases reported in the press release."
0001104659-23-105928,yes,"The press release explicitly references the clinical trial NCT04247542 and discusses the Phase 2b segment of the ibezapolstat study for Clostridioides difficile infection, which matches the information in the ClinicalTrials.gov entry."
0000950170-23-051278,yes,The press release explicitly identifies the VISTA-101 trial by its NCT number (NCT05708950) and discusses the same drug (KVA12123) and disease (advanced solid tumors) as the clinical trial entry.
0001193125-23-250342,yes,The press release explicitly identifies the NAVAL-1 trial (NCT05011058) as the study evaluating the combination of nanatinostat and valganciclovir (Nana-val) in patients with EBV-positive lymphomas.
0001193125-23-250357,yes,The clinical trial entry and the press release both refer to the ASPEN-06 study evaluating evorpacept for the treatment of HER2-positive gastric cancer.
0001013762-23-002000,yes,The clinical trial entry and the press release both refer to the CLEARMIND Phase 2 trial evaluating Lomecel-B for the treatment of mild Alzheimer's disease.
0001193125-23-250724,yes,The press release explicitly identifies the ALKOVE-1 trial as NCT05384626 and reports on the same drug (NVL-655) and disease (ALK-positive NSCLC and other solid tumors) described in the clinical trial entry.
0001104659-23-107819,yes,The clinical trial entry and the press release both evaluate the combination of BXCL701 and pembrolizumab in patients with small cell neuroendocrine prostate cancer (SCNC).
0001193805-23-001384,yes,"The press release explicitly identifies the CALLIPER trial as the phase 2 study of vidofludimus calcium (IMU-838) in progressive multiple sclerosis, which matches the NCT05054140 entry."
0001193125-23-253123,yes,"The clinical trial entry and the press release both refer to the SYMMETRY study evaluating efruxifermin in patients with compensated cirrhosis due to NASH, and both report on the same 36-week primary endpoint results."
0001370053-23-000054,yes,The clinical trial entry and the press release both refer to the GEMINI-1 Phase 3 trial evaluating imsidolimab for the treatment of generalized pustular psoriasis (GPP) with the same primary endpoint.
0001193125-23-253008,yes,The clinical trial entry and the press release both describe a Phase 2 study of VTX002 for the treatment of moderate-to-severely active ulcerative colitis with a 13-week primary endpoint of clinical remission.
0001437749-23-028018,yes,"The press release explicitly identifies the MASTERS-2 clinical trial as the study evaluating MultiStem for the treatment of ischemic stroke, which matches the drug and disease indicated in the NCT03545607 entry."
0001193125-23-255083,yes,"The press release explicitly identifies the study as the PYNNACLE trial, which matches the title, drug (PC14586/rezatapopt), and patient population (advanced solid tumors with TP53 Y220C mutation) described in the ClinicalTrials.gov entry."
0001140361-23-047809,no,"The clinical trial entry refers to PDS01ADC, whereas the press release reports results for a different drug, PDS0301."
0001193125-23-256537,yes,The press release explicitly reports interim data from the Phase 2 portion of the Orbit study (NCT05125809) evaluating setrusumab for the treatment of osteogenesis imperfecta.
0001104659-23-108892,yes,"The clinical trial entry and the press release both describe a Phase 2/3 study of the drug buntanetap for the treatment of mild to moderate Alzheimer's disease, sharing the same primary endpoints of ADAS-Cog11 and ADCS-CGIC."
0001437749-23-028296,yes,"The clinical trial NCT03608033 and the ARTEMIS-IGAN trial described in the press release both evaluate the same drug (OMS721, also known as narsoplimab) for the same condition (IgA nephropathy) using the same primary endpoint of 24-hour urine protein excretion at 36 weeks."
0000950170-23-053894,no,"The clinical trial entry refers to rQNestin34.5v.2, whereas the press release reports results for a different therapeutic candidate named CAN-3110."
0000950170-23-053653,yes,Both the ClinicalTrials.gov entry and the press release refer to the same Phase 1/2 study of MRT-2359 in patients with MYC-driven solid tumors.
0001558370-23-016468,yes,The press release explicitly identifies NCT04905914 as the ongoing Phase 1/2a dose escalation trial for the ATR inhibitor ATRN-119 in patients with advanced solid tumors.
0001104659-23-110119,yes,The clinical trial entry and the press release both describe a Phase 2 study of ABP-450 for the preventive treatment of episodic migraine with identical primary endpoints regarding monthly migraine days and safety.
0001279569-23-001328,yes,The clinical trial NCT05075577 and the press release both evaluate the combination of masofaniten (EPI-7386) and enzalutamide in patients with metastatic castration-resistant prostate cancer (mCRPC).
0001655759-23-000084,yes,"The clinical trial entry NCT03888612 specifically identifies ARV-110 (bavdegalutamide) for the treatment of metastatic castration-resistant prostate cancer, which matches the drug and disease reported in the press release."
0001193125-23-260370,yes,The press release and the clinical trial entry both evaluate the combination of darovasertib and crizotinib for the treatment of metastatic uveal melanoma.
0000950170-23-054508,yes,The press release explicitly identifies the GALLANT-1 trial as NCT05240131 and reports results for the same drug combination (GB1211 and atezolizumab) in the same patient population (NSCLC) described in the clinical trial entry.
0001193125-23-260795,yes,"The clinical trial entry and the press release both describe the evaluation of ORIC-114 in patients with EGFR or HER2 exon 20 alterations, confirming they refer to the same study."
0001654954-23-013323,yes,"The clinical trial NCT01265849 evaluates Leukocyte Interleukin, Injection (Multikine) for head and neck cancer, which matches the drug and disease reported in the press release regarding the Phase 3 trial results."
0001104659-23-110959,yes,Both the clinical trial entry and the press release describe a Phase 0 microdose study of the drug TTX-MC138 in patients with advanced solid tumors.
0001193125-23-266305,yes,The press release and the clinical trial entry both describe the THIO-101 Phase 2 trial evaluating the sequential combination of THIO and cemiplimab for the treatment of advanced non-small cell lung cancer.
0001437749-23-029310,yes,The clinical trial entry and the press release both refer to the Phase 3 RECOVER trial evaluating brilaroxazine for the treatment of schizophrenia.
0001171843-23-006522,no,"The press release reports on the APTIVATE trial, which is a distinct clinical study from the TUSCANY trial (NCT03850574) listed in the entry."
0001520138-23-000457,yes,The press release explicitly identifies the trial as NCT04669028 and discusses the same drug (NE3107) and disease (Alzheimer's disease) as the clinical trial entry.
0000950170-23-056547,yes,"The press release explicitly identifies the study as the GBM AGILE study and reports results for the drug VAL-083 in glioblastoma patients, which matches the trial NCT03970447."
0001831283-23-000117,yes,The press release explicitly identifies the LIBRA trial as NCT05629390 and matches the drug TP-03 and the disease Demodex blepharitis described in the clinical trial entry.
0001493152-23-038800,no,"The clinical trial entry NCT05651022 refers to a study of Decoy20 with or without Tislelizumab, whereas the press release reports on the INDP-D101 trial of Decoy20 as a monotherapy."
0001558370-23-017061,yes,The press release explicitly identifies the IGNYTE-ESO trial by its NCT number (NCT03967223) and discusses the same drug (lete-cel) and disease indications (synovial sarcoma and MRCLS) as the clinical trial entry.
0001387131-23-012958,yes,The clinical trial entry and the press release both refer to the UPLIFT study (NCT05686408) evaluating TNX-601 ER for the treatment of major depressive disorder.
0001739614-23-000071,yes,"The press release reports on a Phase 1 trial of INBRX-109 for Ewing sarcoma, which matches the drug and disease indications specified in the NCT03715933 clinical trial entry."
0001193125-23-268319,yes,The press release explicitly identifies the PHALCON-EE study as NCT04124926 and describes the same drug (vonoprazan) and disease (erosive esophagitis/GERD) as the clinical trial entry.
0001626199-23-000103,yes,"The clinical trial entry and the press release both refer to the RUBY-3 study evaluating povetacicept for the treatment of autoimmune glomerulonephritis, including IgA nephropathy."
0000950170-23-058629,yes,"The clinical trial entry and the press release both describe a Phase 2 study evaluating the combination of FLX475 and pembrolizumab in patients with advanced cancers, specifically including NSCLC."
0001104659-23-114274,yes,"The clinical trial entry and the press release both refer to the same drug, ibezapolstat, and the same disease, Clostridioides difficile infection, while reporting on the same Phase 2a and 2b study segments."
0001104659-23-114509,yes,The clinical trial entry and the press release both describe a Phase 3 study evaluating the efficacy of zoliflodacin compared to ceftriaxone and azithromycin for the treatment of uncomplicated gonorrhea with the same primary endpoint.
0001193125-23-270879,yes,The clinical trial entry and the press release both refer to the same Phase 1/2a study of the drug 23ME-00610 in patients with advanced solid malignancies.
0001193125-23-269869,yes,The clinical trial entry and the press release both describe a Phase 1 study of WTX-124 for the treatment of advanced or metastatic solid tumors.
0000950170-23-059024,yes,Both the clinical trial entry and the press release describe a Phase 2 study of CAN-2409 for the treatment of borderline resectable pancreatic ductal adenocarcinoma.
0001437749-23-030286,yes,The clinical trial entry NCT04887298 and the press release both evaluate Liposomal Annamycin for the treatment of soft-tissue sarcomas with pulmonary metastases and the press release explicitly references this NCT identifier.
0001628280-23-036888,yes,The clinical trial NCT05640245 and the ARGO trial described in the press release both evaluate the efficacy of sonelokimab for the treatment of active psoriatic arthritis and share the same primary endpoint of ACR50 response at week 12.
0001372514-23-000154,yes,"Both the clinical trial entry and the press release refer to the ABACUS study, which evaluates the safety and efficacy of KIO-301 in patients with Retinitis Pigmentosa."
0001558370-23-017593,yes,The clinical trial entry and the press release both evaluate the drug XTX202 in patients with advanced solid tumors and share the same Phase 1/2 study design.
0000950170-23-059031,yes,"The press release explicitly references the VISTA-101 trial and its NCT identifier (NCT05708950), and both documents describe the same drug (KVA12123) and disease (advanced solid tumors)."
0001193125-23-270377,yes,The press release and the clinical trial entry both describe a Phase 1/2 study of SNS-101 as a monotherapy and in combination with cemiplimab for patients with advanced solid tumors.
0001193125-23-271463,yes,The clinical trial entry and the press release both describe the Phase 2 Serenity trial evaluating VTX958 for the treatment of moderate to severe plaque psoriasis with the same primary endpoint at 16 weeks.
0001193125-23-271351,yes,The press release explicitly identifies the Phase 2 trial as NCT04417530 and discusses the same drug (bel-sar/belzupacap sarotalocan) and disease (early-stage choroidal melanoma) as the clinical trial entry.
0000950170-23-060249,yes,"The clinical trial entry and the press release both refer to the AHFIRM Phase 2b study evaluating the same drug (DUR-928, also known as larsucosterol) for the treatment of alcohol-associated hepatitis with the same primary endpoint."
0001193125-23-273808,yes,The clinical trial entry and the press release both refer to the EMBOLD study (NCT03283826) evaluating ATA188 for the treatment of progressive multiple sclerosis.
0001558370-23-018691,yes,The press release and the clinical trial entry both report on a Phase 2 trial of Zunsemetinib (ATI-450) for the treatment of rheumatoid arthritis.
0001104659-23-116327,no,"The ClinicalTrials.gov entry NCT05343481 describes a study of VTP-300 alone, whereas the press release reports on two distinct trials: HBV003 (VTP-300 plus nivolumab) and AB-729-202 (VTP-300 plus imdusiran)."
0001193125-23-274580,yes,"The press release explicitly reports results from the EPOPEX study (NCT03859700), which is the open-label extension of the EPITOPE trial evaluating Viaskin Peanut in toddlers."
0001193125-23-275264,yes,The clinical trial NCT05398029 and the heart-1 trial described in the press release both investigate the drug VERVE-101 for the treatment of familial hypercholesterolemia and cardiovascular disease.
0001193125-23-278840,yes,"The ClinicalTrials.gov entry NCT05677659 corresponds to the IGNITE trial, which is explicitly identified in the press release as the Phase 2 study evaluating VGL101 (iluzanebart) for the treatment of ALSP."
0001104659-23-119287,yes,The clinical trial entry and the press release both refer to the ReNeu trial (NCT03962543) evaluating mirdametinib for the treatment of neurofibromatosis type 1-associated plexiform neurofibromas.
0001493152-23-041984,yes,"Both the clinical trial entry and the press release refer to the same study of the VBI-1901 vaccine for the treatment of recurrent glioblastoma (GBM), and the press release explicitly references the trial identifier NCT03382977."
0000950170-23-065306,no,"The ClinicalTrials.gov entry refers to a Phase 2 study, while the press release explicitly reports results from a separate Phase 1b study."
0000950170-23-066032,yes,The clinical trial entry and the press release both refer to the X-NOVA study evaluating XEN1101 for the treatment of Major Depressive Disorder with the same primary endpoint of MADRS score change at week 6.
0001520138-23-000511,yes,The press release explicitly references NCT04669028 and discusses the same drug (NE3107) and disease (Alzheimer's disease) as the clinical trial entry.
0001104659-23-123459,yes,The clinical trial entry and the press release both refer to the CERPASS trial evaluating the combination of RP1 and cemiplimab for the treatment of cutaneous squamous cell carcinoma.
0001213900-23-092925,no,"The clinical trial entry refers to the drug 2X-121, whereas the press release reports results for the drug stenoparib."
0000950170-23-068277,no,"The press release reports results from Phase 1b/2 combination studies, whereas the ClinicalTrials.gov entry describes a separate Phase 3 monotherapy trial (OPERA-01)."
0001193125-23-286862,yes,"The clinical trial NCT04442295 is an open-label study of STK-001 in children with Dravet syndrome, which aligns with the STK-001 clinical studies mentioned in the press release."
0001655759-23-000098,yes,The press release explicitly identifies the study as NCT04072952 and reports on the same drug (vepdegestrant/ARV-471) and disease (ER+/HER2- breast cancer) as the clinical trial entry.
0001193125-23-291224,yes,"The clinical trial NCT04092673 evaluates zotatifin in patients with advanced solid tumors, which includes the specific breast cancer cohorts and combination therapies described in the press release."
0001493152-23-043932,yes,The clinical trial entry and the press release both describe a Phase 1 study of an alpha-lactalbumin vaccine for triple-negative breast cancer conducted by Cleveland Clinic and Anixa Biosciences.
0001104659-23-123990,yes,"The press release describes a 52-week Phase 3 pediatric trial of setmelanotide for obesity due to POMC, PCSK1, LEPR, or BBS, which matches the drug, disease, and primary endpoint criteria specified in the NCT04966741 clinical trial entry."
0001193125-23-292306,yes,The press release explicitly identifies the study as NCT05320198 and reports on the same drug (DISC-0974) and disease (myelofibrosis with anemia) described in the clinical trial entry.
0001193125-23-292027,yes,The press release explicitly identifies the study as the Phase 1 trial of P-BCMA-ALLO1 for relapsed/refractory multiple myeloma and cites the clinical trial identifier NCT04960579.
0001193125-23-292080,yes,"The press release explicitly identifies the clinical trial as NCT05473910 and describes the same study evaluating TSC-100 and TSC-101 for patients undergoing hematopoietic cell transplantation for AML, MDS, or ALL."
0001193125-23-292084,yes,"The press release explicitly reports data from the SUMMIT clinical trial, which matches the trial ID NCT05186753, the drug bezuclastinib (CGT9486), and the disease (NonAdvSM) described in the ClinicalTrials.gov entry."
0001104659-23-124911,yes,The press release explicitly identifies the trial as the ELiPSE-1 study (NCT05336409) and reports on the same drug (CNTY-101) for the same condition (B-cell malignancies/lymphoma).
0001171843-23-007528,yes,"The clinical trial NCT03850574 (TUSCANY) and the APTIVATE study both evaluate the drug tuspetinib in patients with relapsed or refractory acute myeloid leukemia, with the press release describing the expansion and combination therapy cohorts of the same ongoing clinical development program."
0001558370-23-019717,yes,The clinical trial entry and the press release both refer to the HOPE-3 Phase 3 trial evaluating the drug CAP-1002 (deramiocel) for the treatment of Duchenne muscular dystrophy.
0000950170-23-069381,yes,The clinical trial entry and the press release both describe a Phase 1 study evaluating voruciclib as a monotherapy and in combination with venetoclax for patients with AML or B-cell malignancies.
0001628280-23-041317,yes,The clinical trial NCT04756726 and the press release both evaluate the safety and efficacy of CFT7455 in patients with relapsed/refractory multiple myeloma and non-Hodgkin's lymphoma.
0001193125-23-292551,yes,The clinical trial entry and the press release both describe a Phase 1 study of ORIC-533 in patients with relapsed or refractory multiple myeloma.
0001104659-23-125566,yes,The clinical trial NCT05256290 and the press release both describe the study of BDTX-1535 in patients with glioblastoma (GBM) and non-small cell lung cancer (NSCLC) with EGFR mutations.
0001193125-23-293959,yes,Both the clinical trial entry and the press release refer to a Phase 1/2 study of the drug BA3071 for the treatment of patients with solid tumors.
0001193125-23-293874,yes,The clinical trial entry and the press release both describe a Phase 1 study of SL-172154 in combination with azacitidine for the treatment of MDS and AML.
0001599901-23-000103,yes,"The press release explicitly names the EXPLORE44 trial and reports on AOC 1044 for the treatment of Duchenne muscular dystrophy mutations amenable to exon 44 skipping, which matches the clinical trial entry."
0001193125-23-295566,yes,"Both the ClinicalTrials.gov entry and the press release refer to the PRECISION1 trial, which evaluates nab-sirolimus in patients with solid tumors harboring TSC1 or TSC2 inactivating alterations."
0001104659-23-126599,yes,The clinical trial entry and the press release both refer to the KIND-1 study evaluating oral difelikefalin as an adjunct therapy to topical corticosteroids for pruritus in patients with atopic dermatitis.
0001493152-23-045197,yes,The press release explicitly identifies the trial as NCT04956042 and discusses the same drug (fosciclopirox) and disease (relapsed/refractory acute myeloid leukemia) as the clinical trial entry.
0001193125-23-297099,yes,The clinical trial entry and the press release both describe the CANOPY Phase 3 trial evaluating VYD222 for the prevention of COVID-19 in immunocompromised participants.
0001140361-23-058214,yes,The press release and the clinical trial entry both describe a phase 1/2 study evaluating the combination of lanraplenib and gilteritinib in patients with FLT3-mutated relapsed or refractory acute myeloid leukemia.
0001104659-23-126639,yes,The clinical trial entry and the press release both describe a Phase 1b/2a study of the drug GSBR-1290 in patients with type 2 diabetes mellitus and obesity.
0000950170-23-071084,yes,"The clinical trial NCT05361668 and the press release both describe a Phase 2 study evaluating the safety, pharmacokinetics, and efficacy of paltusotine for the treatment of carcinoid syndrome."
0001157523-23-001841,yes,Both the clinical trial entry and the press release report on a Phase 2 trial of the drug ADX-629 for the treatment of atopic dermatitis.
0001493152-23-045515,yes,"Both the clinical trial entry and the press release describe a Phase 1 study of DARE-PDM1 (diclofenac vaginal gel) for the treatment of primary dysmenorrhea, with matching study objectives regarding pharmacokinetics and safety."
0001193125-23-300370,yes,The press release explicitly identifies the THIO-101 trial as NCT05208944 and describes the same drug (THIO) and disease (advanced NSCLC) as the clinical trial entry.
0001839882-23-034226,yes,The clinical trial entry and the press release both refer to the Phase 3 RESILIENT study evaluating TNX-102 SL for the treatment of fibromyalgia with the same primary endpoint.
0001104659-23-127507,yes,The clinical trial entry and the press release both refer to the upliFT-D study evaluating the drug PBFT02 for the treatment of frontotemporal dementia (FTD) with GRN mutations.
0001140361-23-058688,yes,The clinical trial entry and the press release both describe a Phase 2 study of batoclimab for the treatment of Graves' disease with matching primary endpoints regarding thyroid hormone normalization.
0001437749-23-035028,yes,The press release explicitly reports data from Regimen C of the HEALEY ALS Platform Trial (NCT04297683) evaluating the drug CNM-Au8 for the treatment of ALS.
0001764013-23-000159,yes,The clinical trial entry and the press release both describe a Phase 2 proof-of-concept study evaluating batoclimab for the treatment of Graves' disease with matching primary endpoints and study design.
0000950170-23-072258,yes,Both the ClinicalTrials.gov entry and the press release describe a Phase 2 study of the drug GB2064 for the treatment of myelofibrosis with the same primary endpoint of safety and tolerability.
0000950170-23-073144,yes,The clinical trial entry and the press release both refer to the SEQUOIA-HCM Phase 3 trial evaluating aficamten for symptomatic obstructive hypertrophic cardiomyopathy and report the same primary endpoint of peak oxygen uptake.
0001193125-24-000991,yes,The clinical trial entry and the press release both refer to the ACHIEVE trial evaluating DYNE-101 for the treatment of myotonic dystrophy type 1 (DM1).
0001104659-24-001556,yes,The clinical trial NCT05165485 and the press release both refer to the Phase 4 PIFR-2 study evaluating YUPELRI in patients with severe to very severe COPD.
0001104659-24-001422,yes,The clinical trial entry and the press release both describe the ARISE-HF Phase 3 study evaluating the efficacy of AT-001 in patients with Diabetic Cardiomyopathy using Peak VO2 as the primary endpoint over 15 months.
0001104659-24-002401,yes,"The clinical trial entry NCT02952508 includes the CLOVER-WaM study, which is the exact pivotal study evaluating Iopofosine I-131 for Waldenstrom’s macroglobulinemia reported in the press release."
0000950170-24-004829,yes,"The clinical trial entry and the press release both refer to the VISTA-101 study (NCT05708950) evaluating KVA12123, both as a monotherapy and in combination with pembrolizumab, for the treatment of advanced solid tumors."
0001104659-24-004162,yes,Both the clinical trial entry and the press release refer to the DeFianCe study evaluating DKN-01 in patients with colorectal cancer.
0001140361-24-002995,yes,The clinical trial entry and the press release both refer to the Phase 3 OASIS-HAE study (NCT05139810) evaluating donidalorsen for the treatment of hereditary angioedema.
0001193125-24-014808,no,"The press release reports results from the Phase 2b ORIGIN trial, whereas the provided ClinicalTrials.gov entry specifically describes the separate Phase 3 ORIGIN 3 trial."
0001193125-24-023459,yes,The clinical trial entry NCT04480840 and the press release both refer to the INTEGRIS-PSC Phase 2a trial evaluating the drug bexotegrast (PLN-74809) in patients with primary sclerosing cholangitis.
0000950170-24-008530,yes,The clinical trial entry and the press release both refer to the Phase 3 REASSURE trial evaluating oral sulopenem versus amoxicillin/clavulanate (Augmentin) for the treatment of uncomplicated urinary tract infections in adult women.
0000950170-24-011011,yes,Both the clinical trial entry and the press release describe a Phase 1 study evaluating the pharmacokinetics of ustekinumab administered orally via the RaniPill capsule.
0001171843-24-000648,yes,The press release explicitly identifies the study as NCT04388254 and reports results for the same drug (simufilam) and disease (Alzheimer's disease) described in the clinical trial entry.
0001493152-24-005649,yes,"The press release explicitly identifies the AMP-518 study as NCT05592418 and matches the drug (Ampligen), disease (Post-COVID conditions), and primary endpoint (PROMIS Fatigue Score) described in the ClinicalTrials.gov entry."
0001104659-24-024347,yes,The clinical trial entry and the press release both refer to the INSPIRE trial evaluating AT-007 (govorestat) for the treatment of SORD deficiency.
0000950170-24-020616,yes,The clinical trial entry and the press release both refer to the Phase 2 VENTURE trial evaluating the drug VK2735 for weight management in patients with obesity over a 13-week period.
0001437749-24-005132,yes,"The ClinicalTrials.gov entry NCT05281484 explicitly lists the intermediate expanded access protocols (EAP01, EAP02, and EAP06) for ALS that are the subject of the survival analysis reported in the press release."
0001628280-24-007972,yes,"The ClinicalTrials.gov entry NCT05593328 matches the ONSEMBLE trial described in the press release, as both involve the study of onvansertib in combination with FOLFIRI and bevacizumab for second-line treatment of RAS-mutated metastatic colorectal cancer."
0001493152-24-008670,no,"The press release refers to the INDP-D101 trial, whereas the ClinicalTrials.gov entry provided is for a different trial, NCT05651022."
0001437749-24-006362,yes,"The press release explicitly references the Phase III trial of CardiAMP autologous cell therapy for heart failure, which matches the drug and disease condition specified in the NCT02438306 clinical trial entry."
0001493152-24-009400,yes,"The press release explicitly identifies the study as THIO-101, which matches the drug THIO and cemiplimab combination for advanced NSCLC described in the NCT05208944 entry."
0001193125-24-062154,yes,"The clinical trial NCT05731544 corresponds to the COVALENT-111 study, which evaluates BMF-219 in patients with Type 2 Diabetes, matching the drug, disease, and study name reported in the press release."
0001839882-24-007193,yes,"The press release explicitly identifies the OASIS trial as a DoD-funded Phase 2 study evaluating TNX-102 SL for the prevention of ASR and PTSD following motor vehicle collisions, which matches the details provided in the ClinicalTrials.gov entry NCT06636786."
0000950170-24-027613,yes,The clinical trial entry and the press release both refer to the Phase 1 study of ALG.APV-527 for the treatment of solid tumors expressing the 5T4 antigen.
0001493152-24-009481,yes,"The press release explicitly identifies the clinical trial as SB211, which corresponds to the NCT05435742 entry, and both describe the study of SON-080 for chemotherapy-induced peripheral neuropathy."
0001213900-24-021233,yes,"The clinical trial NCT05640245 corresponds to the ARGO trial mentioned in the press release, as both evaluate sonelokimab for the treatment of active psoriatic arthritis."
0001962918-24-000018,yes,Both the ClinicalTrials.gov entry and the press release refer to a Phase 2/3 study of the drug Izokibep for the treatment of Psoriatic Arthritis.
0001193125-24-070706,yes,The clinical trial entry and the press release both refer to the PATHFNDR-2 study (NCT05192382) evaluating the efficacy and safety of paltusotine for the treatment of acromegaly.
0001193125-24-068000,yes,The clinical trial entry and the press release both describe a study of the drug RGLS8429 for the treatment of Autosomal Dominant Polycystic Kidney Disease (ADPKD).
0001962918-24-000021,yes,The press release and the ClinicalTrials.gov entry both describe a Phase 1/2 trial of lonigutamab for the treatment of thyroid eye disease.
0001599298-24-000043,yes,The press release explicitly identifies NCT04736823 as the trial (AK112-201) evaluating ivonescimab (AK112) in combination with chemotherapy for patients with NSCLC.
0001104659-24-038165,yes,The clinical trial NCT05695248 and the ALPHA-STAR trial described in the press release both investigate the drug STAR-0215 (Navenibart) for the treatment of hereditary angioedema.
0000950170-24-035655,yes,The clinical trial entry and the press release both refer to the SYMPHONY Phase 3 trial evaluating AXS-12 for the treatment of narcolepsy with the same primary endpoint of reducing cataplexy attacks.
0001437749-24-009476,yes,The press release explicitly identifies the trial as NCT05668754 and describes the same drug (KP1077/SDX) and disease (idiopathic hypersomnia) as the clinical trial entry.
0001193125-24-076478,yes,The clinical trial NCT04442295 and the press release both investigate the safety and efficacy of the drug STK-001 in children and adolescents with Dravet syndrome.
0001493152-24-011600,yes,"The clinical trial entry and the press release both describe a Phase 2 study of LPCN 1148 for the treatment of sarcopenia in male patients with cirrhosis, sharing the same primary endpoint of change in Skeletal Muscle Index."
0001140361-24-017141,yes,The clinical trial entry and the press release both refer to the NEPTUNE study evaluating brepocitinib for the treatment of non-infectious uveitis.
0001104659-24-042231,yes,"The press release reports on Cohort 4 of a Phase 2 clinical trial of abiprubart in rheumatoid arthritis, which matches the study NCT05198310 evaluating KPL-404 (abiprubart) in rheumatoid arthritis."
0001193125-24-084937,yes,The clinical trial entry and the press release both describe a Phase 2 study of bitopertin for the treatment of erythropoietic protoporphyria (EPP) with the same primary endpoint of reducing PPIX levels.
0001493152-24-012910,yes,"The clinical trial entry NCT03382977 and the press release both describe the evaluation of the VBI-1901 vaccine in patients with recurrent glioblastoma (GBM), with the press release specifically referencing the Phase 1/2a study results mentioned in the trial entry."
0001193125-24-086664,yes,The press release and the clinical trial entry both refer to the KICKSTART trial evaluating tomivosertib in combination with pembrolizumab for the treatment of NSCLC.
0001140361-24-018449,yes,The clinical trial entry and the press release both refer to the Phase 3 BALANCE study evaluating the drug olezarsen for the treatment of familial chylomicronemia syndrome (FCS).
0001601485-24-000025,yes,"The clinical trial entry and the press release both refer to the AMPLIFY-201 Phase 1 study evaluating the ELI-002 vaccine in patients with mKRAS-driven solid tumors, specifically pancreatic and colorectal cancers."
0001104659-24-044767,yes,"The press release explicitly identifies the study as NODE-303 and references the ClinicalTrials.gov ID NCT04072835, while both documents describe the same drug (etripamil) and condition (PSVT) in an outpatient setting."
0001193125-24-089653,yes,Both the clinical trial entry and the press release refer to the same Phase 1 study of P-BCMA-ALLO1 for the treatment of relapsed/refractory multiple myeloma.
0000950170-24-042972,yes,The clinical trial entry and the press release both refer to the TATCIST trial evaluating FPI-2265 for the treatment of metastatic castration-resistant prostate cancer.
0001104659-24-045577,yes,"The press release reports on the same drug (CT-0508) and disease (HER2 overexpressing solid tumors) as the clinical trial NCT04660929, including the specific combination sub-study with pembrolizumab."
0001193125-24-091463,yes,"The press release and the clinical trial entry both describe a Phase 2 study of AMX0035 in adult patients with Wolfram syndrome, with the press release specifically identifying the trial as HELIOS and reporting on the 24-week outcomes mentioned in the entry."
0001493152-24-014273,no,"The ClinicalTrials.gov entry describes a study of LPCN 1144 for NASH, whereas the press release reports on a study of LPCN 2401 for obesity, indicating they are different drugs and different disease indications."
0001193125-24-092522,yes,The press release explicitly identifies the clinical trial as NCT05304377 and reports on the same drug (ELVN-001) and disease (chronic myeloid leukemia) described in the ClinicalTrials.gov entry.
0001193125-24-096988,no,"The clinical trial NCT05061706 is a multicenter study of lumateperone as adjunctive therapy for MDD, but the press release reports results for Study 501, which is a distinct clinical trial."
0001437749-24-012182,no,"The clinical trial entry describes the VISIONMS-LTE study for relapsing multiple sclerosis, whereas the press release reports on the long-term extension of the VISIONARY-MS trial, which is a distinct study."
0001193125-24-100080,yes,The press release explicitly references the clinical trial NCT06185673 and reports on the same drug (BB-301) and disease (Oculopharyngeal Muscular Dystrophy) described in the ClinicalTrials.gov entry.
0000950123-24-003302,yes,"The press release and the clinical trial entry both refer to the same drug, GTX-102, and the same condition, Angelman syndrome, in a Phase 1/2 study."
0000950170-24-049870,no,"The clinical trial entry refers to HS-10382, while the press release reports on a study of TERN-701."
0001828185-24-000022,yes,The press release explicitly identifies the APOLLO trial as NCT04607850 and describes the same drug (VTP-200) and patient population (women with persistent hrHPV and low-grade cervical lesions) as the clinical trial entry.
0001104659-24-055041,yes,The press release explicitly identifies the trial as NCT03395392 and discusses the same drug (NRX-101) and disease (bipolar depression with suicidal ideation) described in the ClinicalTrials.gov entry.
0001193125-24-126425,yes,The clinical trial entry and the press release both describe a Phase 1 study of LTI-03 in patients with idiopathic pulmonary fibrosis (IPF) with identical dosing and follow-up protocols.
0001104659-24-056664,yes,The clinical trial entry and the press release both investigate the safety and efficacy of ABP-450 for the preventive treatment of migraine.
0001213900-24-039306,no,"The clinical trial entry refers to the drug 2X-121, whereas the press release reports results for a different drug named stenoparib."
0001193125-24-130800,yes,The press release and the clinical trial entry both refer to the BOND-003 Phase 3 study evaluating cretostimogene for the treatment of BCG-unresponsive non-muscle invasive bladder cancer.
0001193125-24-133086,yes,The clinical trial entry and the press release both refer to the Phase 2 ARCHER trial investigating ANX007 for the treatment of geographic atrophy.
0001404644-24-000049,no,"The ClinicalTrials.gov entry refers to a Phase 3 study, whereas the press release explicitly reports data from a Phase 1/2 trial."
0001558370-24-006793,yes,Both the ClinicalTrials.gov entry and the press release describe a Phase 3 study of uproleselan in combination with chemotherapy for the treatment of relapsed/refractory acute myeloid leukemia.
0001816590-24-000083,yes,The clinical trial entry and the press release both evaluate the safety and tolerability of COMP360 psilocybin in patients with post-traumatic stress disorder (PTSD) as a phase 2 study.
0000950170-24-055046,yes,The clinical trial entry and the press release both describe a Phase 1 single and multiple ascending dose study of the drug CK-4021586 (CK-586) in healthy participants.
0001193125-24-134284,yes,The clinical trial entry and the press release both describe a Phase 1 study of the investigational drug CX-904 in patients with advanced solid tumors.
0001140361-24-025476,yes,"The press release explicitly identifies itself as a subset analysis of the ZETA-1 Phase 2 trial, which matches the trial ID NCT04692688 and the drug APX3330 for diabetic retinopathy."
0000950170-24-058654,yes,"Both the clinical trial entry and the press release refer to the SEQUOIA-HCM Phase 3 trial evaluating aficamten in patients with symptomatic obstructive hypertrophic cardiomyopathy, sharing the same primary endpoint of change in pVO2 at week 24."
0001193125-24-137731,yes,Both the clinical trial entry and the press release describe a 12-week study of the drug bexotegrast (PLN-74809) in patients with idiopathic pulmonary fibrosis (IPF) using PET imaging to measure lung collagen.
0000950170-24-060031,yes,"The press release reports interim results for the combination of palazestrant and ribociclib in ER+, HER2- breast cancer, which matches the study design and drug combination described in NCT05508906."
0001493152-24-020551,yes,"The press release explicitly identifies NCT05352750 as the SB101 trial, which is a Phase 1 study of SON-1010 in patients with advanced solid tumors, matching the clinical trial entry."
0001213900-24-045573,yes,The press release explicitly identifies the trial as NCT02901717 and matches the drug Mino-Lok and the disease indications of CRBSI/CLABSI described in the clinical trial entry.
0001104659-24-065073,yes,Both the clinical trial entry and the press release describe a Phase 2 study evaluating the efficacy and safety of the drug RZ402 in patients with diabetic macular edema (DME) over a 12-week period.
0001558370-24-008779,yes,The clinical trial entry and the press release both describe a Phase 2 study of the drug BP1001 (prexigebersen) in combination with decitabine and venetoclax for the treatment of acute myeloid leukemia.
0001601485-24-000037,yes,The clinical trial entry and the press release both refer to the AMPLIFY-7P study evaluating the ELI-002 7P vaccine in patients with mKRAS-driven solid tumors.
0001104659-24-064825,no,"The press release reports on the IOV-COM-202 trial, whereas the provided ClinicalTrials.gov entry corresponds to NCT03645928, which is a different study."
0000950170-24-064025,yes,The press release reports on the same Phase 1 clinical trial of CLN-619 as both a monotherapy and in combination with pembrolizumab for advanced solid tumors as described in the NCT05117476 entry.
0001193125-24-146093,yes,"The clinical trial entry and the press release both describe a Phase 1/2 study of SNS-101, either as a monotherapy or in combination with cemiplimab, for the treatment of patients with advanced solid tumors."
0001104659-24-064762,yes,The clinical trial NCT04180215 matches the Phase 1/2 study of HB-200 in patients with HPV16+ head and neck cancers described in the press release.
0001104659-24-064781,yes,"The clinical trial entry and the press release both refer to the RAMP 205 study evaluating the combination of avutometinib, defactinib, gemcitabine, and nab-paclitaxel in patients with pancreatic cancer."
0001356576-24-000034,yes,"Both the ClinicalTrials.gov entry and the press release describe a Phase 2 study of SPN-817 for the treatment of epilepsy, specifically focusing on safety, tolerability, and seizure reduction in adult patients."
0000950170-24-064022,yes,Both the clinical trial entry and the press release describe a Phase 2 study of CAN-2409 plus a prodrug (valacyclovir) in combination with immune checkpoint inhibitor therapy for patients with Stage III/IV non-small cell lung cancer.
0001683168-24-003849,yes,"The press release explicitly identifies the clinical trial as NCT06014086 and discusses the same drug, PH-762, for the treatment of cutaneous carcinoma."
0001193125-24-148089,yes,"The clinical trial NCT03526835 includes expansion cohorts for petosemtamab (MCLA-158) in head and neck cancer, which matches the drug and disease context reported in the press release regarding the combination therapy trial."
0001493152-24-021727,no,"The ClinicalTrials.gov entry NCT03382977 describes a Phase 1/2a study, whereas the press release reports on a separate, ongoing randomized Phase 2b study."
0000950170-24-066553,yes,The press release explicitly identifies the Phase 3 GlucoGene study as NCT05139316 and reports results for the same drug (DTX401) and disease (GSDIa) with the same primary endpoint.
0001193125-24-152380,yes,The clinical trial entry and the press release both describe a Phase 1/1b study evaluating WTX-124 as a monotherapy and in combination with pembrolizumab for the treatment of advanced or metastatic solid tumors.
0001140361-24-028247,yes,"The press release explicitly reports results for the OASIS-HAE study, which matches the trial ID NCT05139810, the drug donidalorsen, and the disease hereditary angioedema."
0000950170-24-067650,yes,"The clinical trial entry and the press release both describe a Phase 2 study of tildacerfont in females with PCOS, specifically evaluating the change in DHEAS levels over a 12-week period."
0001104659-24-067483,yes,The clinical trial entry and the press release both evaluate the drug GSBR-1290 for the treatment of obesity in adult subjects.
0001193125-24-152391,yes,"The press release explicitly identifies the study as the Phase 1/2a clinical trial of 23ME-00610 in patients with advanced solid malignancies, which matches the drug and trial design described in NCT05199272."
0000950170-24-067644,yes,"The press release reports on both an investigator-sponsored trial and a company-sponsored trial of darovasertib for neoadjuvant uveal melanoma, which aligns with the scope and objectives of the NCT05907954 clinical trial entry."
0000950170-24-067662,yes,"The clinical trial NCT04036682 (REZILIENT1) evaluates CLN-081, which the press release explicitly identifies as zipalertinib, for the treatment of non-small cell lung cancer with EGFR exon 20 insertion mutations."
0001619856-24-000046,yes,The press release and the ClinicalTrials.gov entry both refer to the ANTLER Phase 1 trial evaluating the CB-010 CAR-T cell therapy for B-cell non-Hodgkin lymphoma.
0001558370-24-008844,yes,The clinical trial NCT02781883 and the press release both describe a Phase 2 study of BP1001 (prexigebersen) in combination with decitabine and venetoclax for the treatment of acute myeloid leukemia.
0000950170-24-067670,yes,"The clinical trial NCT04160065 and the press release both evaluate the IFx-Hu2.0 (or IFx-2.0) vaccine in patients with advanced non-melanoma skin cancers, specifically Merkel cell carcinoma and cutaneous squamous cell carcinoma."
0001140361-24-028366,no,"The clinical trial entry describes a Phase 3 study in previously untreated (first-line) melanoma, whereas the press release reports Phase 1 data for patients with late-line, post-checkpoint cutaneous melanoma."
0001193125-24-153625,yes,"The press release and the clinical trial entry both describe a Phase 3 study of ANX005 for the treatment of Guillain-Barré syndrome, sharing the same primary endpoint of GBS-DS at week 8."
0001558370-24-008865,yes,"The press release explicitly reports results from the Phase 1 DRAGON trial of SRK-181 in patients with advanced solid tumors, which matches the drug, disease, and trial name specified in the ClinicalTrials.gov entry."
0001437749-24-019074,yes,"The press release explicitly identifies NCT05668754 as the Phase 2 trial for KP1077 (SDX) in patients with idiopathic hypersomnia, matching the drug and disease in the ClinicalTrials.gov entry."
0001171843-24-003302,no,"The press release reports data from the IM-PROVE I (AB-729-201) trial, whereas the provided ClinicalTrials.gov entry is for NCT04980482, which is a different study."
0001104659-24-068948,yes,The clinical trial NCT03767348 (IGNYTE) and the press release both evaluate the combination of RP1 and nivolumab in patients with melanoma.
0001828185-24-000063,no,"The clinical trial NCT05343481 is a distinct study for VTP-300, whereas the press release reports on two separate trials, HBV003 and IM-PROVE II, neither of which matches the specific trial ID provided."
0001493152-24-022906,yes,"The press release explicitly identifies the trial as THIO-101, which evaluates THIO in combination with cemiplimab for advanced NSCLC, matching the drug, disease, and study design described in the ClinicalTrials.gov entry NCT05208944."
0001516551-24-000059,yes,"The clinical trial entry and the press release both refer to a Phase 2 study of SBI-100 Ophthalmic Emulsion for the treatment of patients with elevated intraocular pressure, specifically ocular hypertension and glaucoma."
0001493152-24-023289,yes,"The press release and the clinical trial entry both refer to a Phase 2 study of LPCN 1148 for the treatment of cirrhosis and sarcopenia, with the release reporting on the 52-week results of that same trial."
0000950170-24-071093,yes,The clinical trial entry NCT05626634 and the press release both describe the same 52-week open-label extension study of LP352 (bexicaserin) for patients with developmental and epileptic encephalopathies.
0001193125-24-157913,yes,The clinical trial entry and the press release both refer to the REGEN-007 Phase 2 trial evaluating the same renal autologous cell therapy (rilparencel/REACT) for patients with diabetes and chronic kidney disease.
0001193125-24-158710,yes,The press release explicitly identifies the SURVEYOR study as NCT05358821 and reports on the same drug (SAGE-718/dalzanemdor) and disease (Huntington's Disease) as the clinical trial entry.
0001104659-24-070450,yes,"Both the ClinicalTrials.gov entry and the press release describe a Phase 2/3 study of Buntanetap for the treatment of Alzheimer's disease, and the findings reported in the release align with the scope of the trial."
0001104659-24-070914,yes,"The clinical trial entry and the press release both describe a Phase 2/3 study of oral difelikefalin for the treatment of moderate-to-severe pruritus in patients with notalgia paresthetica, sharing the same primary endpoint and study design."
0001104659-24-072012,yes,The clinical trial entry and the press release both refer to the Phase 3 RAISE trial (NCT04391569) evaluating intravenous ganaxolone for the treatment of refractory status epilepticus.
0001549595-24-000086,yes,"The clinical trial NCT05131022 and the press release both describe a Phase 1 study of the drug NX-5948 in patients with relapsed or refractory B-cell malignancies, specifically including chronic lymphocytic leukemia (CLL)."
0001193125-24-160703,yes,The clinical trial NCT03533816 and the INB-100 trial described in the press release both involve the infusion of gamma-delta T-cells following hematopoietic stem cell transplantation for the treatment of hematologic malignancies.
0001664710-24-000055,yes,"The clinical trial NCT04419649 and the press release both evaluate the drug elritercept for the treatment of very low, low, or intermediate-risk myelodysplastic syndromes (MDS)."
0001104659-24-072058,yes,The press release and the ClinicalTrials.gov entry both refer to the IMPAHCT trial (NCT05036135) evaluating AV-101 for the treatment of pulmonary arterial hypertension.
0001193125-24-162056,yes,"The press release explicitly identifies the VANTAGE trial as the study evaluating volixibat for primary biliary cholangitis, matching the drug, disease, and primary endpoint measurement tool described in the ClinicalTrials.gov entry."
0001193125-24-163038,yes,The clinical trial entry NCT05061706 matches the description of the Phase 3 study of lumateperone as an adjunctive therapy for major depressive disorder reported in the press release.
0001193125-24-163050,yes,"The press release explicitly reports on the REVEAL Phase 1/2 pediatric trial evaluating TSHA-102 in Rett syndrome, which matches the study title and scope of the provided ClinicalTrials.gov entry."
0001193125-24-166299,yes,The clinical trial entry and the press release both describe a Phase 1 study of the drug RGLS8429 for the treatment of autosomal dominant polycystic kidney disease (ADPKD).
0001628280-24-029426,yes,Both the ClinicalTrials.gov entry and the press release refer to the Phase 3 PRESERVE 2 trial evaluating trilaciclib in patients with metastatic triple-negative breast cancer receiving gemcitabine and carboplatin.
0001404644-24-000073,no,"The clinical trial entry describes a Phase 3 study, whereas the press release explicitly states the results are from a Phase 1/2 trial."
0001193125-24-167467,yes,The clinical trial entry and the press release both describe a Phase 1 study of the drug WTX-330 in patients with advanced or metastatic solid tumors or non-Hodgkin lymphoma.
0001193125-24-167481,yes,"Both the clinical trial entry and the press release refer to the same drug, WVE-003, and the same disease, Huntington's disease, in the context of the SELECT-HD clinical trial."
0001104659-24-074545,yes,"The press release and the clinical trial entry both describe a post-marketing study of Igalmi for agitation in schizophrenia or bipolar disorder, specifically evaluating tachyphylaxis, tolerance, and withdrawal over a seven-day period."
0001213900-24-055436,no,"The clinical trial entry NCT06218290 is a Phase 2 study, whereas the press release reports results from the UNI-OLC-201 pivotal clinical trial, which is a distinct study."
0001193125-24-168501,yes,The press release explicitly references NCT04544293 and reports results for the same drug (molgramostim) and disease (aPAP) as described in the clinical trial entry.
0000950170-24-077299,yes,The press release explicitly identifies the trial as NCT06072157 and reports results from the healthy volunteer cohorts of that same study.
0001193125-24-168597,yes,Both the clinical trial entry and the press release describe a Phase 1 study of the drug LYL797 in patients with solid tumors.
0001193125-24-169805,yes,The clinical trial entry and the press release both refer to the CARPO trial evaluating Auxora for the treatment of acute pancreatitis with accompanying SIRS.
0001140361-24-031563,yes,The clinical trial NCT05726864 and the press release both refer to the AMPLIFY-7P study evaluating the ELI-002 7P vaccine in patients with mKRAS-driven solid tumors.
0001628280-24-030243,yes,The clinical trial NCT04154488 and the press release both evaluate mavorixafor for the treatment of chronic neutropenia in a six-month study with similar endpoints and participant populations.
0001193125-24-172762,yes,Both the clinical trial entry and the press release describe a Phase 1 single and multiple ascending dose trial of BT-600 in healthy volunteers to evaluate safety and pharmacokinetics.
0000950170-24-079290,yes,The clinical trial entry and the press release both refer to the ENVASARC trial evaluating envafolimab for the treatment of undifferentiated pleomorphic sarcoma and myxofibrosarcoma.
0001437749-24-022267,yes,"The press release explicitly identifies the EXCELLENT trial as the study evaluating ProtheraCytes for the treatment of acute myocardial infarction, which matches the trial name and context provided in the ClinicalTrials.gov entry."
0001140361-24-032080,yes,"Both the clinical trial entry and the press release refer to the same drug, Descartes-08, and the same disease, generalized myasthenia gravis, with the press release reporting results from the Phase 2b trial identified in the entry."
0001193125-24-175867,yes,"The clinical trial NCT04794699 investigates IDE397 in patients with MTAP-deletion solid tumors, which matches the drug and patient population described in the press release reporting on the Phase 2 expansion of the same study."
0001104659-24-078451,yes,"The press release reports clinical activity data for CT-0508 in HER2-overexpressing solid tumors, which matches the drug and disease indication specified in the NCT04660929 clinical trial entry."
0000950170-24-083386,yes,The press release explicitly identifies the SUNRISE-FA trial (NCT05445323) as one of the two trials evaluating LX2006 for the treatment of Friedreich's ataxia cardiomyopathy.
0001193125-24-179950,yes,"The clinical trial NCT05197270 corresponds to the PRISM study evaluating 4D-150 for wet age-related macular degeneration, which is the exact drug and disease reported in the press release."
0001193125-24-178937,yes,The clinical trial NCT04480840 and the press release both refer to the INTEGRIS-PSC Phase 2a trial evaluating the safety and efficacy of the drug bexotegrast (PLN-74809) in patients with primary sclerosing cholangitis.
0001104659-24-081680,yes,"The press release explicitly reports results from the CLOVER-WaM study, which is the same study identified in the ClinicalTrials.gov entry for the drug Iopofosine I-131 in patients with Waldenstrom's macroglobulinemia."
0001193125-24-183318,yes,Both the ClinicalTrials.gov entry and the press release describe a Phase 1 clinical trial evaluating the drug VG-3927 in healthy volunteers and patients with Alzheimer's disease.
0001104659-24-081721,yes,The ClinicalTrials.gov entry and the press release both refer to the Phase 3 OnTarget trial evaluating crofelemer for the prophylaxis of diarrhea in adult cancer patients receiving targeted therapy.
0001558370-24-010223,yes,"The clinical trial entry NCT06105528 and the press release both describe a Phase 1a study of the drug PMN310 in healthy volunteers, and the press release explicitly references this trial ID."
0001628280-24-032815,yes,The press release explicitly identifies the trial as the Phase 3 AFFINE trial (NCT04370054) and reports results for the same drug (giroctocogene fitelparvovec) and disease (hemophilia A) described in the clinical trial entry.
0001193125-24-186747,yes,The clinical trial entry and the press release both refer to the BROOKLYN trial (NCT05425745) evaluating the effect of obicetrapib in patients with heterozygous familial hypercholesterolemia.
0001654954-24-009490,yes,"The clinical trial NCT01265849 and the press release both refer to the same Phase 3 study of Multikine (Leukocyte Interleukin, Injection) for the treatment of head and neck cancer."
0001193125-24-189569,yes,The clinical trial entry and the press release both refer to the SIGNAL-AD trial investigating the drug pepinemab (an anti-SEMA4D antibody) for the treatment of Alzheimer's disease.
0001193125-24-188977,yes,The clinical trial entry and the press release both refer to the CONNECT1-EDO51 Phase 2 study evaluating PGN-EDO51 for the treatment of Duchenne muscular dystrophy.
0001493152-24-029517,yes,The clinical trial entry and the press release both refer to the OVATION 2 study evaluating IMNN-001 in combination with chemotherapy for the treatment of advanced ovarian cancer.
0001818382-24-000146,yes,The press release explicitly identifies the V007 Phase 3 trial as NCT03183245 and describes the same drug (ATEV/HAV) and disease (hemodialysis access) as the clinical trial entry.
0001193125-24-196465,yes,The clinical trial entry and the press release both refer to the Phase 3 VALIANT study evaluating pegcetacoplan for the treatment of C3 glomerulopathy and immune-complex membranoproliferative glomerulonephritis with the same primary endpoint.
0001193125-24-193404,yes,The clinical trial entry NCT06510816 and the press release both describe the Phase 3 ARCHER II trial evaluating the drug ANX007 (Vonaprument) for the treatment of geographic atrophy (GA) using BCVA protection as the primary endpoint.
0001193125-24-197047,yes,The clinical trial entry and the press release both describe the EBO-301 study evaluating epetraborole for the treatment of treatment-refractory Mycobacterium avium complex (MAC) lung disease.
0001999371-24-009889,yes,Both the clinical trial entry and the press release refer to the Phase 3 RESILIENT study evaluating TNX-102 SL for the treatment of fibromyalgia.
0001193125-24-198969,yes,"The clinical trial NCT04905407 and the SELECT-AML-1 trial described in the press release both evaluate the combination of tamibarotene, venetoclax, and azacitidine in patients with newly diagnosed acute myeloid leukemia."
0001437749-24-026563,yes,The press release explicitly identifies the trial as NCT06337084 and describes the same drug (MNPR-101-Zr) and study objectives (Phase 1 imaging and dosimetry in cancer patients) as the ClinicalTrials.gov entry.
0001558370-24-012413,yes,The press release and the clinical trial entry both refer to the Phase 1/1b study of BP1001-A for the treatment of patients with advanced or recurrent solid tumors.
0001193125-24-207466,yes,"The clinical trial NCT06039449, known as the CANOPY trial, evaluates VYD222 (pemivibart) for COVID-19 prevention in immunocompromised and at-risk populations, which matches the drug, disease, and trial name described in the press release."
0000914475-24-000199,yes,"The clinical trial entry and the press release both report on a Phase 2 study of NBI-1117568 for the treatment of schizophrenia, with matching primary endpoints regarding the change in PANSS total score at Week 6."
0001140361-24-037428,yes,The press release explicitly identifies the PALM 007 study as NCT05559099 and discusses the same drug (tecovirimat) and disease (monkeypox/mpox) as the clinical trial entry.
0001711279-24-000045,yes,"The clinical trial NCT04540900 (PEARL-1) and the press release both evaluate the safety and efficacy of KB301 for the treatment of skin aesthetic conditions, specifically identifying the study as PEARL-1."
0001193125-24-211572,yes,"Both the ClinicalTrials.gov entry and the press release describe a Phase 1/2 study evaluating the safety, tolerability, and immunogenicity of the 31-valent pneumococcal conjugate vaccine (VAX-31) in adults."
0001193125-24-211534,yes,The clinical trial entry and the press release both refer to the DELIVER trial evaluating DYNE-251 for the treatment of Duchenne muscular dystrophy amenable to exon 51 skipping.
0000950170-24-102788,yes,"The clinical trial entry and the press release both refer to the LIFT-AD trial (NCT04488419) evaluating the same drug (fosgonimeton, formerly ATH-1017) for the treatment of mild-to-moderate Alzheimer's disease."
0001326732-24-000046,yes,Both the ClinicalTrials.gov entry and the press release describe a Phase 1 study of the drug XmAb819 for the treatment of advanced clear cell renal cell carcinoma.
0001104659-24-098059,yes,The clinical trial NCT05364073 (FURTHER) and the press release both evaluate the drug furmonertinib in patients with non-small cell lung cancer (NSCLC) harboring specific EGFR mutations.
0001599298-24-000128,no,"The press release reports results from the HARMONi-2 trial, whereas the provided ClinicalTrials.gov entry corresponds to a different study (NCT05899608) which is a distinct clinical trial for ivonescimab."
0000950170-24-104557,yes,"The press release explicitly identifies the ReDiscover study as the first-in-human trial for RLY-2608, which matches the NCT05216432 entry's description of the drug and its combination therapies for advanced solid tumors and breast cancer."
0001140361-24-040650,no,"The ClinicalTrials.gov entry refers to the Phase 2 PHocus study in PH-ILD patients, whereas the press release results specifically report on the Phase 1b ATMOS study in PAH and CTEPH patients."
0001140361-24-040755,yes,Both the clinical trial entry and the press release refer to the same Phase 1/2 study of the gene therapy BBP-631 for the treatment of classic congenital adrenal hyperplasia.
0000950170-24-104915,yes,"The clinical trial NCT04735471 is a Phase 1 study of ADI-001 in B-cell malignancies, which includes mantle cell lymphoma, the specific disease and drug reported in the press release."
0001193125-24-217619,yes,The clinical trial NCT04417530 and the press release both evaluate the drug belzupacap sarotalocan (AU-011) for the treatment of early-stage choroidal melanoma and indeterminate lesions.
0001193125-24-217822,yes,The clinical trial entry and the press release both refer to the Phase 3 REACH trial (NCT05397470) evaluating the efficacy and safety of losmapimod for the treatment of facioscapulohumeral muscular dystrophy (FSHD).
0001790340-24-000069,yes,"The press release explicitly identifies the study as the Phase 2a portion of the IMM-1-104 Phase 1/2a clinical trial for advanced solid tumors, which matches the NCT05585320 entry."
0000950170-24-106362,yes,The clinical trial NCT05639751 and the press release both describe a Phase 1 study of the drug PRT3789 in patients with SMARCA4-mutated solid tumors.
0001279569-24-001116,yes,The clinical trial entry and the press release both describe a Phase 1/2 study of EPI-7386 (masofaniten) in combination with enzalutamide for the treatment of metastatic castration-resistant prostate cancer (mCRPC).
0001140361-24-041100,yes,"The clinical trial NCT04262466 evaluates IMC-F106C (brenetafusp) as a single agent and in combination with other therapies, which matches the drug and study design described in the press release for patients with ovarian cancer."
0000950170-24-106614,yes,The clinical trial entry and the press release both refer to the Phase 1 study of the drug ALG.APV-527 for the treatment of solid tumors.
0001193125-24-219180,yes,"Both the clinical trial entry and the press release describe a Phase 2 study of the drug ACR-368 for the treatment of endometrial cancer, specifically utilizing the OncoSignature patient selection method."
0001558370-24-012793,yes,The press release explicitly identifies the trial as upliFT-D (NCT04747431) and reports on the same drug (PBFT02) and disease (FTD with GRN mutations) described in the clinical trial entry.
0001213900-24-079165,yes,"The press release explicitly states that stenoparib was formerly known as 2X-121, confirming that the drug and the trial for advanced, recurrent ovarian cancer match the clinical trial entry."
0001193125-24-221375,yes,"The clinical trial entry NCT05197270 matches the PRISM Phase 1/2 study described in the press release, as both evaluate 4D-150 for the treatment of wet age-related macular degeneration."
0000950170-24-108629,yes,The clinical trial entry and the press release both describe a Phase 1 study of the drug ABI-5366 for the treatment of recurrent genital herpes.
0001104659-24-101874,yes,The clinical trial entry and the press release both evaluate the drug BDTX-1535 (silevertinib) in patients with EGFR-mutant non-small cell lung cancer.
0001193125-24-223230,yes,"The press release explicitly identifies NCT05907954 as the company-sponsored Phase 2 trial evaluating darovasertib for neoadjuvant uveal melanoma, which matches the drug and disease indicated in the ClinicalTrials.gov entry."
0001935979-24-000073,yes,"The press release explicitly identifies study NCT06529146 as the source of the reported results, and both documents describe the same drug (troriluzole) and disease (spinocerebellar ataxia) using the same primary endpoint (f-SARA at 3 years)."
0001193125-24-224116,yes,Both the clinical trial entry and the press release refer to the FORWARD-53 study evaluating WVE-N531 for the treatment of Duchenne muscular dystrophy.
0000950170-24-109463,yes,The press release explicitly identifies the LEGEND study and the drug detalimogene (formerly EG-70) as the same investigational product and trial described in the NCT04752722 entry for NMIBC patients.
0001213900-24-081982,yes,"The clinical trial entry and the press release both refer to the same drug, PAS-004, and the same clinical trial (NCT06299839) for the treatment of advanced solid tumors."
0001193125-24-228441,yes,The press release and the ClinicalTrials.gov entry both refer to the same Phase 1/1b trial of P-BCMA-ALLO1 for the treatment of relapsed/refractory multiple myeloma.
0001140361-24-042537,yes,"The press release explicitly identifies the IMMUNOCERV Phase 2 clinical trial as NCT04580771 and reports results for the same drug (Versamune HPV, formerly PDS0101) and disease (locally advanced cervical cancer) described in the clinical trial entry."
0001104659-24-106461,yes,The ClinicalTrials.gov entry and the press release both refer to the Phase 3 SAPPHIRE trial (NCT05156320) evaluating apitegromab for the treatment of spinal muscular atrophy.
0001193125-24-233797,yes,"The clinical trial entry and the press release both describe a Phase 1 study of the drug VIP943 for the treatment of CD123+ hematologic malignancies, specifically mentioning AML and MDS."
0001193125-24-237227,yes,The press release explicitly identifies the study as NCT06185673 and reports on the same drug (BB-301) and disease (Oculopharyngeal Muscular Dystrophy) described in the clinical trial entry.
0001558370-24-013273,no,"The press release reports results from a specific 6-month bridging study (MGT-GAD-025), whereas the ClinicalTrials.gov entry (NCT05894343) refers to a separate long-term follow-up study for participants who have already completed their primary treatment trials."
0001213900-24-087394,yes,"The clinical trial entry and the press release both refer to the SPOTLIGHT study evaluating briquilimab in patients with chronic inducible urticaria (CIndU), specifically cold urticaria and symptomatic dermographism."
0001193125-24-237869,yes,The clinical trial NCT06405633 and the RestorAATion-2 trial described in the press release both investigate the drug WVE-006 in patients with Pi*ZZ alpha-1 antitrypsin deficiency (AATD).
0001193125-24-238572,yes,The clinical trial NCT05676034 and the HELIOS study described in the press release both investigate the use of AMX0035 in adult patients with Wolfram syndrome and share the same primary endpoint of evaluating C-peptide levels.
0001104659-24-109439,yes,"The press release explicitly identifies the study as RAMP 201 (NCT04625270) and reports on the efficacy of avutometinib and defactinib in recurrent low-grade serous ovarian cancer, which matches the drug and disease profile in the ClinicalTrials.gov entry."
0001356576-24-000058,yes,"The clinical trial entry and the press release both describe an open-label Phase 2a study of SPN-820 in adults with major depressive disorder, sharing the same primary endpoint of HAM-D6 total score change over a 10-day period."
0001437749-24-031684,yes,"The press release explicitly identifies NCT06337084 as the clinical trial for MNPR-101-Zr imaging and dosimetry in patients with solid tumors, which matches the information provided in the ClinicalTrials.gov entry."
0001558370-24-013486,yes,Both the ClinicalTrials.gov entry and the press release refer to the ACESOT-1051 Phase 1 study evaluating the drug APR-1051 in patients with advanced solid tumors.
0001193125-24-241092,yes,Both the ClinicalTrials.gov entry and the press release describe a Phase 2b study of ALTO-100 for the treatment of Major Depressive Disorder (MDD) using the MADRS scale as the primary endpoint.
0001558370-24-013565,yes,The clinical trial entry and the press release both refer to the Phase 3 TrustTSC trial (NCT05323734) evaluating oral ganaxolone for the treatment of seizures associated with tuberous sclerosis complex.
0001628280-24-043505,no,"The clinical trial entry describes a study of DESF for oral allergy syndrome, whereas the press release reports on a study of Anaphylm (epinephrine) for the treatment of anaphylaxis and oral allergy syndrome."
0000950170-24-116853,yes,"The press release and the clinical trial entry both describe a Phase 1 study of PRT3789 in patients with advanced solid tumors harboring SMARCA4 mutations, including combination therapy with docetaxel."
0000950170-24-116856,yes,The press release explicitly identifies the trial as SEACRAFT-1 and reports on the same drug combination (naporafenib and trametinib) for the same patient population (RAS Q61X mutant solid tumors) as described in the clinical trial entry.
0001558370-24-013563,yes,"The press release explicitly identifies the upliFT-D clinical trial as the source of the interim safety and biomarker data for PBFT02 in patients with FTD-GRN, which matches the drug and disease profile of the NCT04747431 entry."
0001193125-24-243475,yes,"The press release explicitly references the SURF301 study and TYRA-300 for the treatment of urothelial carcinoma, which matches the clinical trial entry NCT05544552."
0000950170-24-117318,yes,Both the clinical trial entry and the press release describe a study of the drug DISC-0974 in patients with chronic kidney disease and anemia.
0000950170-24-117087,yes,The clinical trial entry and the press release both refer to the SEAPORT 1 trial (NCT06283589) evaluating INZ-701 in patients with end-stage kidney disease undergoing hemodialysis.
0001193125-24-243413,yes,"The clinical trial NCT04794699 investigates IDE397 in patients with MTAP-deleted solid tumors, which matches the drug and patient population described in the press release reporting Phase 1 expansion data for IDE397 in MTAP-deletion urothelial cancer and NSCLC."
0001815776-24-000064,yes,The clinical trial entry and the press release both evaluate the efficacy and safety of LNZ100 for the treatment of presbyopia in a Phase 3 study.
0001193125-24-245704,no,"The clinical trial entry refers to the Phase 3 ORIGIN 3 trial, whereas the press release reports results from the Phase 2b ORIGIN study."
0001818382-24-000192,yes,The press release explicitly identifies the V007 Phase 3 trial as NCT03183245 and reports results for the same drug (ATEV/HAV) and disease (hemodialysis access) described in the clinical trial entry.
0000950170-24-117578,no,"The clinical trial entry refers to rQNestin34.5v.2, whereas the press release reports on a clinical trial for a different drug candidate, CAN-3110."
0000950170-24-117946,yes,Both the clinical trial entry and the press release describe the use of tegoprubart as an immunosuppressant in patients with Type 1 Diabetes undergoing islet transplantation.
0000950170-24-118569,yes,"The press release explicitly identifies NCT03634007 as the Phase 1/2 study for LX1001, which matches the drug and disease condition described in the ClinicalTrials.gov entry."
0001193125-24-247004,yes,"Both the ClinicalTrials.gov entry and the press release refer to the CARPO trial, which evaluates the drug Auxora in patients with acute pancreatitis and accompanying SIRS."
0001193125-24-246627,yes,"The press release explicitly identifies the clinical trial as NCT05496374 and describes the same drug (SPR720) and disease (NTM-PD, which is caused by Mycobacterium avium complex) as the ClinicalTrials.gov entry."
0001493152-24-043187,yes,The clinical trial entry and the press release both describe a Phase 3 study evaluating the efficacy and safety of Ameluz-PDT using the BF-RhodoLED lamp for the treatment of superficial basal cell carcinoma with the same primary endpoint.
0001279569-24-001310,yes,"The press release explicitly identifies the terminated study as NCT05075577 and describes the same drug (masofaniten, also known as EPI-7386) and disease (mCRPC) as the clinical trial entry."
0000950170-24-121099,yes,"The press release explicitly identifies the BEACON clinical study as a Phase 1/2 trial evaluating BEAM-101 in patients with severe sickle cell disease, which matches the drug, disease, and trial name listed in the ClinicalTrials.gov entry."
0000950170-24-120268,yes,"Both the clinical trial entry and the press release describe a Phase 2 study of (Z)-endoxifen in premenopausal women with measurable breast density, with the press release explicitly identifying the study as the KARISMA-Endoxifen trial."
0001683168-24-007713,yes,The press release explicitly identifies the ongoing trial as NCT06014086 and describes the same drug (PH-762) and disease indications (cutaneous carcinomas) as the clinical trial entry.
0001193125-24-251014,yes,The ClinicalTrials.gov entry NCT05396885 and the press release both refer to the iMMagine-1 study evaluating anitocabtagene-autoleucel (anito-cel) for the treatment of relapsed or refractory multiple myeloma.
0001493152-24-044218,yes,The clinical trial NCT05208944 and the press release both evaluate the combination of THIO and cemiplimab for the treatment of advanced non-small cell lung cancer (NSCLC).
0000950170-24-123722,yes,The clinical trial entry and the press release both refer to the VISTA-101 study evaluating KVA12123 as a monotherapy and in combination with pembrolizumab for patients with advanced solid tumors.
0001601485-24-000067,yes,"The press release explicitly references the AMPLIFY-7P study and its corresponding clinical trial identifier, NCT05726864, while discussing the same drug (ELI-002) and disease (KRAS-mutated solid tumors) described in the entry."
0001493152-24-044224,yes,The press release explicitly identifies the clinical trial as NCT04674306 and discusses the same alpha-lactalbumin vaccine for triple-negative breast cancer as described in the ClinicalTrials.gov entry.
0000950170-24-124458,yes,"The press release reports Phase 1/2 data for GTX-102 in Angelman syndrome, which corresponds to the study described in NCT04259281."
0001404644-24-000091,no,"The clinical trial entry describes a Phase 3 study, whereas the press release explicitly reports interim data from a Phase 1/2 trial."
0001193125-24-256586,yes,The clinical trial entry and the press release both describe the SELECT-MDS-1 Phase 3 trial evaluating tamibarotene plus azacitidine for the treatment of newly diagnosed RARA-positive higher-risk myelodysplastic syndrome.
0000950170-24-124545,yes,"The press release explicitly reports results from the AUGMENT-101 trial (NCT04065399) for the drug revumenib in patients with R/R mNPM1 AML, which is a condition included in the scope of the clinical trial entry."
0001628280-24-047433,yes,"Both the ClinicalTrials.gov entry and the press release describe a six-month Phase 2 study of mavorixafor for the treatment of chronic neutropenia, including congenital and idiopathic forms."
0001558370-24-015446,yes,"The press release explicitly identifies the trial as the IGNYTE-ESO trial, which matches the title and NCT identifier provided in the ClinicalTrials.gov entry."
0001171843-24-006400,yes,The clinical trial NCT04980482 and the IM-PROVE I trial (AB-729-201) described in the press release both investigate the combination of AB-729 (imdusiran) and pegylated interferon alfa-2a for the treatment of chronic hepatitis B infection.
0001140361-24-047166,yes,"The press release explicitly reports results from the Phase 1 RP-A501 study for Danon disease, which matches the drug and disease specified in the NCT03882437 clinical trial entry."
0001193125-24-262940,no,"The ClinicalTrials.gov entry describes the Phase 3 HERIZON-BTC-302 trial, whereas the press release reports results from the Phase 2b HERIZON-BTC-01 trial."
0001193125-24-262125,yes,"The clinical trial NCT06005597 and the press release both describe the TANDEM Phase 3 trial evaluating the fixed-dose combination of obicetrapib and ezetimibe in patients with ASCVD or HeFH, with matching primary endpoints and study duration."
0001171843-24-006545,yes,"The clinical trial entry and the press release both refer to the ReThink-ALZ Phase 3 study of simufilam for mild-to-moderate Alzheimer's disease, sharing the same primary endpoints and study design."
0000950170-24-130564,yes,The press release explicitly identifies the INVOKE-2 trial by its ClinicalTrials.gov identifier NCT04592874 and reports results for the same drug (AL002) and disease (early Alzheimer's disease) as described in the entry.
0000950170-24-130755,yes,The clinical trial entry and the press release both refer to the ENCORE Phase 3 trial evaluating AXS-12 for the treatment of narcolepsy.
0001104659-24-123554,yes,The clinical trial entry NCT06190093 and the press release both describe the NORSE EIGHT study evaluating ONS-5010 for the treatment of wet age-related macular degeneration with the same primary endpoint of mean change in BCVA at week 8.
0000950170-24-132302,yes,Both the clinical trial entry and the press release describe a Phase 1 study of the drug JANX007 for the treatment of metastatic castration-resistant prostate cancer (mCRPC).
0001140361-24-048114,yes,"Both the clinical trial entry and the press release refer to the same drug, SENTI-202, and the same disease, acute myeloid leukemia (AML)."
0001193125-24-268404,yes,"The clinical trial NCT05379985 is the first-in-human study of RMC-6236 in patients with RAS-mutant solid tumors, which matches the RMC-6236-001 study mentioned in the press release for patients with RAS-mutant pancreatic ductal adenocarcinoma."
0001140361-24-048238,yes,"The press release explicitly identifies the study as NCT05314517, the RESOLVE-Lung study, and matches the drug (namilumab) and disease (chronic pulmonary sarcoidosis) described in the ClinicalTrials.gov entry."
0000950170-24-132452,yes,"Both the clinical trial entry and the press release refer to the CARDINAL study, which evaluates the drug TERN-701 for the treatment of chronic myeloid leukemia."
0001140361-24-048293,yes,"The press release explicitly references SENTI-202, which matches the drug and trial identifier provided in the ClinicalTrials.gov entry for the treatment of blood cancers."
0000950170-24-133525,yes,The clinical trial entry and the press release both refer to the same Phase 1/2 study of the drug MRT-2359 in patients with solid tumors.
0001193125-24-271116,yes,Both the ClinicalTrials.gov entry and the press release refer to the BOND-003 Phase 3 trial (NCT04452591) evaluating cretostimogene monotherapy in patients with BCG-unresponsive non-muscle invasive bladder cancer.
0001213900-24-105782,yes,"The press release explicitly reports interim results for the ADVANCED-2 trial, which matches the trial name and drug (TARA-002) for non-muscle invasive bladder cancer (NMIBC) listed in the ClinicalTrials.gov entry."
0001171843-24-006814,yes,"The press release explicitly identifies NCT03850574 as the APTIVATE trial evaluating tuspetinib in relapsed or refractory acute myeloid leukemia, which matches the drug and disease specified in the ClinicalTrials.gov entry."
0001493152-24-049207,yes,"The press release explicitly identifies the SB101 trial as the Phase 1 study of SON-1010 in patients with advanced solid tumors, which matches the drug, disease, and phase described in the NCT05352750 entry."
0001628280-24-050349,yes,"The clinical trial NCT04756726 and the press release both evaluate cemsidomide for the treatment of relapsed/refractory non-Hodgkin's lymphoma and multiple myeloma, including combination therapy with dexamethasone."
0001193125-24-272936,yes,Both the clinical trial entry and the press release describe a Phase 2 study of zelicapavir in pediatric patients aged 28 days to 36 months with respiratory syncytial virus (RSV).
0001628280-24-050545,yes,"The clinical trial entry and the press release both refer to the AFFINE study, a Phase 3 trial evaluating giroctocogene fitelparvovec for the treatment of moderately severe to severe hemophilia A."
0000950170-24-134759,yes,The clinical trial NCT05508906 and the press release both describe a study of palazestrant in combination with ribociclib for the treatment of ER+/HER2- breast cancer.
0001655759-24-000140,yes,The clinical trial entry and the press release both refer to the TACTIVE-U study evaluating the combination of vepdegestrant and abemaciclib in patients with advanced or metastatic breast cancer.
0000950170-24-134757,yes,The clinical trial entry and the press release both refer to the PIKture-01 study (NCT06239467) evaluating the drug OKI-219 in patients with advanced solid tumors and breast cancer.
0001664710-24-000099,yes,"The clinical trial NCT04419649 and the press release both describe a Phase 2 study of elritercept for the treatment of anemia in patients with very low, low, or intermediate-risk myelodysplastic syndromes."
0001193125-24-273959,yes,"The clinical trial identifier, drug name, disease indication, and primary endpoint match between the ClinicalTrials.gov entry and the press release."
0000950170-24-134749,yes,"The press release explicitly mentions the CRDF-004 trial, which corresponds to the study of Onvansertib in combination with standard chemotherapy for first-line treatment of RAS-mutated metastatic colorectal cancer as described in the NCT06106308 entry."
0001437749-24-037053,yes,"The press release explicitly identifies the RewinD-LB Phase 2b clinical trial in patients with dementia with Lewy bodies, which matches the trial title and condition specified in the NCT05869669 entry."
0000950170-24-134765,yes,The press release explicitly identifies the trial as REFRaME-O1 and discusses the same drug (luveltamab tazevibulin) and disease (ovarian cancer) as the ClinicalTrials.gov entry.
0001104659-24-126758,yes,The press release explicitly identifies the study as NCT05308264 and reports on the same drug (R289) and disease (LR-MDS) described in the clinical trial entry.
0001193125-24-274856,yes,The clinical trial entry and the press release both refer to the SIGNAL-AA Phase 2a trial evaluating bempikibart for the treatment of alopecia areata.
0000950170-24-135212,yes,The clinical trial entry and the press release both describe a Phase 1 study of PRT2527 as monotherapy and in combination with zanubrutinib for patients with relapsed/refractory hematologic or lymphoid malignancies.
0001193125-24-274870,yes,"ProstAtak is the brand name for the investigational agent CAN-2409, and both the clinical trial entry and the press release describe a phase 3 study evaluating this immunotherapy in combination with radiation therapy for localized prostate cancer."
0001962918-24-000137,no,"The clinical trial entry describes a study of lonigutamab for thyroid eye disease, whereas the press release reports results for a study of izokibep for uveitis, despite the press release incorrectly citing the NCT number for the lonigutamab trial."
0001140361-24-048907,yes,"The press release explicitly identifies the trial as the Study of Tecovirimat for Human Mpox Virus (STOMP) with the identifier NCT05534984, and both documents discuss the same drug (tecovirimat) and disease (mpox)."
0000950170-24-134969,yes,The ClinicalTrials.gov entry NCT04544410 matches the CAHmelia-204 study described in the press release as a Phase 2b trial evaluating tildacerfont for glucocorticoid reduction in adults with classic CAH.
0001437749-24-037520,yes,"The clinical trial entry and the press release both refer to the RECOVER study evaluating brilaroxazine for the treatment of schizophrenia, specifically mentioning the open-label extension portion."
0001193125-24-277086,yes,"The press release explicitly identifies the MYTHIC trial (NCT04855656) as the study evaluating the combination of lunresertib and camonsertib in patients with advanced solid tumors, including the gynecologic cancer expansion cohort discussed."
0001437749-24-037689,yes,"The clinical trial entry and the press release both evaluate the efficacy of PKU GOLIKE compared to standard amino acid protein substitutes in patients with phenylketonuria (PKU), and the press release explicitly references the trial ID NCT05487378."
0001104659-24-129001,yes,"The press release explicitly identifies the CANYON trial as NCT05291091 and reports results for sevasemten in Becker muscular dystrophy, which matches the drug and disease specified in the clinical trial entry."
0001193125-24-280112,yes,The clinical trial entry and the press release both refer to the MyPEAK-1 study evaluating the gene therapy TN-201 for the treatment of MYBPC3-associated hypertrophic cardiomyopathy.
0001558370-24-016343,no,"The clinical trial entry describes a Phase 3 study for peripheral T-cell lymphoma, whereas the press release reports on a Phase 1 study for atopic dermatitis."
0001558370-24-016344,yes,"The clinical trial NCT06054815 and the press release both evaluate the efficacy and safety of the drug DA-1241 in patients with presumed NASH/MASH, with the press release reporting results for the primary endpoint of ALT level changes."
0001683168-24-008794,yes,"The clinical trial NCT03678883 corresponds to the study of 9-ING-41 (also known as elraglusib) in patients with advanced cancers, and the press release specifically identifies the trial as Actuate-1801 Part 3B, which is a cohort within the same study investigating elraglusib for metastatic pancreatic cancer."
0001104659-24-129981,yes,The clinical trial entry and the press release both refer to the Tailwind study (NCT05616221) evaluating the drug AP-PA02 for the treatment of Pseudomonas aeruginosa infections in patients with non-cystic fibrosis bronchiectasis.
0001104659-24-130002,yes,Both the clinical trial entry and the press release refer to the Phase 1 APOLLO study investigating the drug MT-601 in patients with relapsed/refractory lymphoma.
0001711279-24-000065,yes,"The press release explicitly identifies the study as KYANITE-1 and references the NCT06228326 identifier, while both documents describe the same drug (KB707) and the same disease population (advanced solid tumors of the lung, specifically NSCLC)."
0000950170-24-139962,yes,"The clinical trial entry and the press release both describe a Phase 1 study evaluating the safety, pharmacokinetics, and antiviral activity of the drug ABI-4334 in patients with chronic hepatitis B virus infection."
0001140361-24-050005,yes,The press release explicitly identifies the NAVIGATE trial by its NCT number (NCT04365868) and reports results for the same drug (belapectin) and the same primary endpoint (prevention of esophageal varices) in patients with cirrhosis.
0001104659-24-130812,yes,"Both the clinical trial entry and the press release refer to the same drug, TTX-MC138, and the same Phase 1 clinical trial (NCT06260774) for patients with advanced solid tumors."
0000950170-24-140949,yes,"The ClinicalTrials.gov entry NCT04947553 explicitly identifies itself as the ACCORD-2 study evaluating AXS-05 for Alzheimer's disease agitation, which matches the drug, disease, and trial name reported in the press release."
0001104659-25-001350,yes,The press release and the clinical trial entry both concern the evaluation of QRX003 for the treatment of Netherton Syndrome.
0001962918-25-000003,yes,"The press release reports on Phase 2 data for lonigutamab in thyroid eye disease, which matches the drug and disease specified in the NCT05683496 clinical trial entry."
0001193125-25-000084,yes,The clinical trial entry NCT06029426 and the press release both describe a Phase 3 study of the drug navacaprant (NMRA-335140) for the treatment of major depressive disorder using the MADRS total score as the primary endpoint.
0001714899-25-000007,yes,"The clinical trial entry and the press release both refer to the HEALEY ALS Platform Trial, specifically Regimen G, evaluating the drug DNL343 for the treatment of ALS."
0000950170-25-002555,yes,"The clinical trial entry and the press release both describe a Phase 1 study of MBX 1416 in healthy volunteers, with matching details regarding the study design, including single and multiple ascending dose cohorts and drug-drug interaction assessments."
0001790340-25-000012,yes,The clinical trial NCT05585320 matches the Phase 1/2a study of IMM-1-104 in patients with advanced solid tumors described in the press release.
0001437749-25-000678,yes,"The clinical trial entry NCT06788756 and the press release both describe the MIRACLE trial, which evaluates the combination of L-Annamycin and cytarabine for the treatment of relapsed/refractory AML."
0001193125-25-003214,yes,"The press release explicitly identifies the clinical trial NCT05356741 as the study evaluating VIR-5818 in patients with HER2-expressing cancers, which matches the drug and disease profile described in the ClinicalTrials.gov entry."
0001213900-25-001810,yes,The clinical trial entry and the press release both refer to the BEACON study evaluating briquilimab for the treatment of chronic spontaneous urticaria (CSU).
0001104659-25-002278,yes,The clinical trial entry and the press release both refer to the upliFT-D study evaluating the drug PBFT02 for the treatment of FTD with GRN or C9ORF72 mutations.
0001193125-25-004045,no,"The press release reports results from Phase 1 PET and MAD-2 trials in healthy volunteers, whereas the ClinicalTrials.gov entry describes an ongoing Phase 2a trial in patients with focal epilepsy."
0000950170-25-003832,yes,"The press release explicitly discusses the SPECTRA clinical trial, which matches the NCT05930561 entry for 4D-150 in patients with diabetic macular edema."
0000950170-25-003801,yes,"The press release explicitly identifies the TouCAHn trial as the study for atumelnant (formerly CRN04894) in patients with congenital adrenal hyperplasia, matching the trial ID NCT05907291."
0001683168-25-000274,yes,The press release explicitly identifies the clinical study as NCT06014086 and discusses the same drug (PH-762) and disease (cutaneous squamous cell carcinoma) as described in the ClinicalTrials.gov entry.
0001104659-25-002312,yes,"Both the clinical trial entry and the press release refer to the same drug, Emiltatug ledadotin (Emi-Le/XMT-1660), and the same study population of patients with solid tumors, including triple-negative breast cancer."
0001213900-25-005700,yes,"The clinical trial entry and the press release both describe a pharmacokinetic study of the drug IHL-42X, specifically comparing its bioavailability and food effect to reference drugs."
0001193125-25-010817,yes,The clinical trial entry and the press release both describe a Phase 1 study of the drug VG-3927 for the treatment of Alzheimer's disease.
0000320017-25-000004,yes,The press release explicitly identifies the trial as the ASCEND trial (NCT05042128) and reports on the same drug (certepetide/LSTA1) and disease (metastatic pancreatic ductal adenocarcinoma) as described in the ClinicalTrials.gov entry.
0001104659-25-005648,yes,The clinical trial entry and the press release both refer to the Phase 3 REGAL trial evaluating galinpepimut-S (GPS) for the treatment of patients with acute myeloid leukemia (AML) in their second complete remission.
0001193125-25-012750,yes,The press release and the clinical trial entry both refer to the SYMMETRY study evaluating efruxifermin for the treatment of compensated cirrhosis due to NASH/MASH.
0000950170-25-008992,yes,The clinical trial entry and the press release both refer to a Phase 1 study of the drug AK006 in patients with chronic spontaneous urticaria.
0001104659-25-006544,yes,The clinical trial entry NCT05480306 and the press release both refer to the DeFianCe study evaluating DKN-01 (sirexatamab) in patients with colorectal cancer.
0001725160-25-000013,yes,The press release explicitly reports results from the DENALI study (NCT05128825) regarding the use of azenosertib in patients with platinum-resistant ovarian cancer.
0001140361-25-003645,yes,"The press release explicitly identifies the trial as the STRIVE-ON trial with the NCT identifier NCT05995405, and the drug (GTx-104) and disease (aSAH) match the clinical trial entry."
0000950170-25-010199,yes,The press release explicitly identifies the REZILIENT1 trial as NCT04036682 and confirms it is evaluating the same drug (CLN-081/zipalertinib) for the same disease (NSCLC with EGFR exon 20 insertion mutations).
0001753926-25-000211,yes,"The press release explicitly identifies LP-310 as a liposomal-tacrolimus formulation of LP-10 and reports results for the same condition, oral lichen planus, as described in the clinical trial entry."
0000950170-25-016708,yes,"The clinical trial NCT05197270 corresponds to the PRISM study evaluating 4D-150 for wet age-related macular degeneration, which matches the drug, disease, and study name reported in the press release."
0001370053-25-000010,yes,The clinical trial entry and the press release both refer to the RENOIR trial evaluating rosnilimab for the treatment of moderate-to-severe rheumatoid arthritis with the same primary endpoint of DAS28-CRP at Week 12.
0001628280-25-005018,yes,The clinical trial entry NCT06527937 and the press release both refer to the OASIS study evaluating the pharmacokinetics of Anaphylm (epinephrine sublingual film) in adults with oral allergy syndrome.
0000950170-25-026100,yes,The clinical trial NCT02446093 and the press release both describe a Phase 2 study of CAN-2409 in patients with borderline resectable pancreatic ductal adenocarcinoma (PDAC).
0000950170-25-024134,yes,The clinical trial entry and the press release both describe a Phase 1 study of the drug ABI-1179 for the treatment of recurrent genital herpes.
0001689548-25-000037,yes,The clinical trial entry and the press release both refer to the Essential3 program evaluating ulixacaltamide for the treatment of essential tremor.
0001104659-25-017178,yes,The press release explicitly identifies the MAGNIFY study as NCT05893537 and reports on the same drug (CT1812/zervimesine) and disease (geographic atrophy secondary to dry AMD) as the clinical trial entry.
0001104659-25-021986,yes,The ClinicalTrials.gov entry and the press release both refer to the ICONIC-LEAD Phase 3 study evaluating JNJ-77242113 (icotrokinra) for the treatment of moderate-to-severe plaque psoriasis.
0001193125-25-050372,yes,The clinical trial entry and the press release both refer to the SIGNAL-AA Phase 2a trial evaluating bempikibart for the treatment of severe alopecia areata.
0001104659-25-019516,yes,The press release and the ClinicalTrials.gov entry both refer to the Phase 3 VERIFY study evaluating rusfertide in patients with polycythemia vera and report identical primary endpoints.
0001655759-25-000057,yes,The press release and the ClinicalTrials.gov entry both refer to the Phase 3 VERITAC-2 trial (NCT05654623) evaluating vepdegestrant for the treatment of advanced or metastatic breast cancer.
0001628280-25-011459,yes,"The clinical trial NCT06153693 matches the Launch-HTN trial described in the press release, as both evaluate lorundrostat for uncontrolled and resistant hypertension and share the same primary endpoint of change in AOBP SBP at week 6."
0001193125-25-050334,yes,The clinical trial entry and the press release both describe a Phase 1/2 study of the drug BEAM-302 for the treatment of Alpha-1 Antitrypsin Deficiency (AATD).
0001437749-25-006832,yes,"The press release explicitly identifies the study as the RewinD-LB Phase 2b clinical trial of neflamapimod in patients with dementia with Lewy bodies, which matches the trial title and drug/disease profile in the ClinicalTrials.gov entry."
0001437749-25-008139,no,"The clinical trial entry investigates the drug 2X-121, whereas the press release reports on the drug stenoparib."
0001764013-25-000037,yes,"The clinical trial NCT05403541 matches the Phase 3 study of batoclimab in generalized myasthenia gravis described in the press release, as both share the same drug, disease, and primary endpoint of change from baseline in MG-ADL score at 12 weeks."
0000950170-25-043483,yes,The clinical trial entry and the press release both refer to the ASPIRE study evaluating the efficacy and safety of UBX1325 (Foselutoclax) in patients with diabetic macular edema (DME).
0001171843-25-001678,yes,The clinical trial entry and the press release both refer to the REFOCUS-ALZ study evaluating simufilam for mild-to-moderate Alzheimer's disease using the same primary endpoints.
0001104659-25-025878,yes,"The press release reports on the Phase 1 trial of EO-3021 in patients with Claudin 18.2-expressing solid tumors, which matches the drug and study design described in the ClinicalTrials.gov entry NCT05980416."
0000950170-25-044096,yes,"The clinical trial entry and the press release both refer to the FOCUS Phase 3 trial evaluating solriamfetol for the treatment of ADHD, sharing the same primary endpoint and study design."
0001193125-25-061872,yes,The clinical trial entry and the press release both refer to the ARTISTRY-7 phase 3 trial evaluating nemvaleukin alfa in combination with pembrolizumab for the treatment of platinum-resistant ovarian cancer.
0001193125-25-063184,yes,Both the clinical trial entry and the press release refer to the FORWARD-53 study investigating WVE-N531 for the treatment of Duchenne muscular dystrophy.
0001104659-25-029654,yes,"The clinical trial NCT05673811 and the press release both refer to the VIRAGE study, which investigates the combination of VCN-01 with gemcitabine and nab-paclitaxel for the treatment of metastatic pancreatic cancer."
0001641172-25-001045,yes,The clinical trial NCT05208944 and the press release both describe the THIO-101 Phase 2 study evaluating THIO in combination with cemiplimab for the treatment of advanced non-small cell lung cancer.
0001654954-25-003600,yes,Both the clinical trial entry and the press release describe a Phase 2 study of the drug PL8177 for the treatment of active ulcerative colitis with an eight-week treatment duration.
0000950170-25-046978,yes,The press release explicitly identifies FOR46 as FG-3246 and references the NCT03575819 trial as the source of the published Phase 1 study results for patients with metastatic castration-resistant prostate cancer.
0001437749-25-009978,yes,The clinical trial entry and the press release both refer to the Phase 3 CardiAMP-HF trial evaluating CardiAMP cell therapy for the treatment of ischemic heart failure.
0000875320-25-000156,yes,The press release and the clinical trial entry both refer to the Phase 1/2 clinical trial of VX-264 for the treatment of type 1 diabetes.
0001193125-25-067871,yes,The clinical trial entry NCT05257408 and the ROSELLA trial described in the press release both investigate the combination of relacorilant and nab-paclitaxel for the treatment of platinum-resistant ovarian cancer.
0001193125-25-067901,yes,"The clinical trial entry and the press release both describe a Phase 2 study evaluating the safety, tolerability, and immunogenicity of the VAX-24 vaccine in healthy infants."
0001171843-25-001900,yes,The clinical trial NCT05506943 and the press release both refer to the COMPANION-002 study evaluating the combination of CTX-009 (tovecimig) and paclitaxel in patients with biliary tract cancer.
0001739410-25-000052,yes,"Both the clinical trial entry and the press release refer to the same Phase 2 study of RLYB212 in pregnant women at risk for HPA-1a alloimmunization and FNAIT, and both report the discontinuation of the program due to pharmacokinetic data."
0001193125-25-079607,yes,The clinical trial entry and the press release both refer to the Heart-2 study evaluating VERVE-102 in patients with familial hypercholesterolemia or premature coronary artery disease.
0001104659-25-030839,yes,The clinical trial entry and the press release both refer to the CIRRUS-HCM study evaluating EDG-7500 in patients with hypertrophic cardiomyopathy.
0001558370-25-004796,yes,"Both the ClinicalTrials.gov entry and the press release describe a Phase 1 study of a drug for the treatment of obesity, and the details regarding the study design and drug mechanism are consistent."
0001213900-25-035941,yes,The clinical trial entry and the press release both refer to the same Phase 2 study of the drug NDV-01 for the treatment of non-muscle invasive bladder cancer (NMIBC).
0001213900-25-035785,yes,The clinical trial entry and the press release both refer to the ADVANCED-2 trial (NCT05951179) evaluating TARA-002 for the treatment of high-risk non-muscle invasive bladder cancer.
0001854270-25-000046,yes,"The press release explicitly identifies the trial as SENTI-202-101, which corresponds to the SENTI-202 study for AML and other blood cancers listed in the ClinicalTrials.gov entry."
0001193805-25-000582,yes,The clinical trial entry and the press release both refer to the CALLIPER phase 2 trial evaluating the drug IMU-838 (vidofludimus calcium) in patients with progressive multiple sclerosis.
0001104659-25-045309,yes,The clinical trial entry and the press release both refer to the VIRAGE study evaluating VCN-01 in combination with gemcitabine and nab-paclitaxel for the treatment of metastatic pancreatic cancer.
0001193125-25-110019,yes,"Both the ClinicalTrials.gov entry and the press release describe a study of epetraborole for the treatment of MAC lung disease, with the press release specifically reporting results from the Phase 3 portion of the EBO-301 study referenced in the entry."
0001437749-25-014880,no,"The clinical trial NCT03403205 is not listed among the trials mentioned in the press release, which instead references trials WTX101-201, ALXN1840-WD-205, WTX101-301, and ALXN1840-WD-204."
0001104659-25-045886,yes,The press release explicitly identifies the MAGNIFY study as NCT05893537 and reports results for the same drug (CT1812/zervimesine) and disease (geographic atrophy secondary to dry AMD) described in the clinical trial entry.
0001558370-25-007074,yes,"The clinical trial NCT05603312 evaluates AAV-GAD gene therapy for Parkinson's disease, which matches the drug and disease described in the press release regarding MeiraGTx's RMAT designation."
0000950170-25-069815,yes,"The clinical trial NCT05565378 corresponds to the GALAXIES Lung-201 study mentioned in the press release, as both investigate immunotherapy combinations for previously untreated, advanced/metastatic non-small-cell lung cancer."
0001193125-25-122156,yes,Both the clinical trial entry and the press release describe a Phase 1/2 study evaluating the safety and efficacy of PM359 for the treatment of p47phox Chronic Granulomatous Disease.
0001736730-25-000041,yes,The clinical trial entry and the press release both refer to the Phase 1 clinical trial of the drug CMP-CPS-001 for the treatment of Urea Cycle Disorders (UCDs) in healthy volunteers.
0001140361-25-019620,yes,The press release explicitly identifies the Essence study as NCT05610280 and reports results for the same drug (olezarsen) and patient population (hypertriglyceridemia and ASCVD) described in the clinical trial entry.
0001104659-25-050219,yes,The clinical trial entry and the press release both refer to the diSArm study (NCT05184764) evaluating the safety and efficacy of AP-SA02 for the treatment of Staphylococcus aureus bacteremia.
0001140361-25-020157,yes,"The clinical trial entry and the press release both describe a Phase 3 trial of Hydronidone for the treatment of liver fibrosis associated with chronic hepatitis B, sharing the same primary endpoint of Ishak stage regression at 52 weeks."
0001827506-25-000063,yes,"The clinical trial entry and the press release both refer to the TRANQUILITY trial (NCT06362759) evaluating the same drug (pacibekitug, formerly referred to as TOUR006) in patients with chronic kidney disease and elevated hs-CRP."
0001104659-25-052220,yes,The clinical trial entry and the press release both refer to the RAMP 205 study evaluating the combination of avutometinib and defactinib with gemcitabine and nab-paclitaxel for the treatment of pancreatic ductal adenocarcinoma.
0001193125-25-125881,yes,The clinical trial entry and the press release both refer to the Phase 3 AFFIRM-AL study evaluating birtamimab for the treatment of AL amyloidosis and report on the same primary endpoint of time to all-cause mortality.
0000950170-25-076911,yes,The press release explicitly references the POTENTIATE clinical trial and discusses the same drugs (BBI-355 and BBI-825) and disease context (oncogene-amplified cancers) as described in the NCT05827614 entry.
0001193125-25-128680,yes,The clinical trial entry and the press release both refer to the PIVOT-PO Phase 3 trial (NCT06059846) evaluating oral tebipenem HBr versus intravenous imipenem-cilastatin for the treatment of complicated urinary tract infections and pyelonephritis.
0001140361-25-020409,yes,"The press release explicitly identifies the Phase 2 trial of RP-A501 for Danon disease as NCT06092034, which matches the drug, disease, and trial phase listed in the ClinicalTrials.gov entry."
0001664710-25-000052,yes,The clinical trial entry and the press release both refer to the TROPOS study (NCT05975905) evaluating the drug cibotercept (KER-012) for the treatment of pulmonary arterial hypertension (PAH).
0001193125-25-129849,yes,"The press release and the clinical trial entry both refer to the REVEAL study evaluating TSHA-102 gene therapy for Rett syndrome, specifically discussing the results of Part A and the design of the pivotal Part B."
0000950170-25-078428,yes,The clinical trial entry and the press release both refer to the CONNECT1-EDO51 study investigating PGN-EDO51 for the treatment of Duchenne muscular dystrophy.
0001437749-25-019062,yes,"The clinical trial NCT05184335 (RECOVER) and the press release both evaluate the safety and efficacy of brilaroxazine in patients with schizophrenia, specifically referencing the 1-year open-label extension study."
0001193125-25-132736,yes,"The clinical trial entry and the press release both refer to the ORIGIN 3 trial (NCT04716231) evaluating atacicept for the treatment of IgA nephropathy, with matching primary endpoints and study design."
0001641172-25-013176,yes,The clinical trial NCT05208944 and the press release both describe a Phase 2 study evaluating the combination of THIO and cemiplimab for the treatment of advanced non-small cell lung cancer.
0001711279-25-000055,yes,The press release explicitly references NCT06228326 and reports on the same drug (KB707) and disease (advanced solid tumor malignancies affecting the lungs) as described in the clinical trial entry.
0001193125-25-132760,yes,"Both the clinical trial entry and the press release describe a Phase 1 study of the drug KT-621 in healthy volunteers, with matching study designs including single ascending dose (SAD) and multiple ascending dose (MAD) cohorts."
0001437749-25-019375,yes,"The press release explicitly references NCT04887298 as the identifier for the MB-107 trial, which evaluates the same drug (Annamycin) for the same condition (soft tissue sarcoma lung metastases)."
0001171843-25-003854,yes,"The press release explicitly identifies the study as the TUSCANY Phase 1/2 trial, which is the same trial name and identifier (NCT03850574) used for the investigation of tuspetinib in AML patients."
0001193125-25-137432,yes,"The press release explicitly identifies the results as coming from a pre-specified sub-study within the BROADWAY clinical trial (NCT05142722), which is the same trial listed in the ClinicalTrials.gov entry."
0001104659-25-056160,yes,The clinical trial entry NCT06192264 and the press release both describe a Phase 3 study of ASC40 (denifanstat) for the treatment of moderate to severe acne vulgaris conducted by Ascletis in China.
0001193125-25-140285,yes,The clinical trial entry and the press release both evaluate the drug ELVN-001 for the treatment of chronic myeloid leukemia (CML) in a Phase 1 study.
0001549595-25-000086,yes,"The clinical trial NCT05131022 and the press release both evaluate the drug NX-5948 (bexobrutideg) in patients with relapsed/refractory B-cell malignancies, specifically including chronic lymphocytic leukemia (CLL)."
0001933414-25-000070,yes,"The clinical trial entry and the press release both refer to the Explore-CKD trial evaluating lorundrostat in patients with hypertension and chronic kidney disease with albuminuria, sharing the same primary endpoint of systolic blood pressure reduction at four weeks."
0001213900-25-054465,yes,The clinical trial entry and the press release both refer to the SPOTLIGHT study evaluating briquilimab in patients with chronic inducible urticaria (CIndU).
0000950170-25-087068,yes,"The clinical trial entry and the press release both refer to the same Phase 2a study of VTX3232 in patients with early-stage Parkinson's disease, identified by the same NCT number (NCT06556173)."
0001641172-25-015342,yes,The clinical trial NCT06137157 and the press release both describe a Phase 1 study of the topical drug candidate ATR12-351 for the treatment of Netherton syndrome.
0001558370-25-008711,yes,"Both the ClinicalTrials.gov entry and the press release refer to the EMBRAZE trial, which evaluates the efficacy of apitegromab in combination with tirzepatide for preserving lean body mass in overweight or obese adults."
0001193125-25-141739,yes,The press release and the ClinicalTrials.gov entry both refer to the ACHIEVE trial evaluating DYNE-101 for the treatment of myotonic dystrophy type 1 (DM1).
0001193125-25-141756,yes,"The press release explicitly identifies the SKYLINE-UC platform trial as the study evaluating SPY002 for ulcerative colitis, which matches the clinical trial entry NCT07012395."
0001104659-25-061375,no,"The clinical trial entry NCT05364073 is a Phase 1 study for EGFR or HER2 mutations, whereas the press release reports on the Phase 1b FURTHER trial specifically for EGFR PACC mutant NSCLC."
0001104659-25-061371,yes,Both the clinical trial entry and the press release refer to the upliFT-D study evaluating the drug PBFT02 for the treatment of frontotemporal dementia (FTD) with GRN mutations.
0000950170-25-088738,yes,"The press release explicitly identifies the 36-month results as coming from the Phase 1/2a clinical study registered under NCT02286089, which matches the drug OpRegen and the condition of advanced dry-form age-related macular degeneration."
0000950170-25-089213,yes,The clinical trial entry NCT05118789 and the press release both refer to the ARROS-1 study evaluating zidesamtinib (NVL-520) in patients with advanced ROS1-positive NSCLC.
0001213900-25-056909,yes,The clinical trial entry and the press release both refer to the REZOLVE-AD Phase 2b study evaluating rezpegaldesleukin for the treatment of moderate-to-severe atopic dermatitis with identical primary endpoints.
0000950170-25-089949,yes,"Both the ClinicalTrials.gov entry and the press release describe a Phase 1 study evaluating the safety, pharmacokinetics, and antiviral activity of the drug ABI-4334 in patients with chronic hepatitis B virus infection."
0001326190-25-000037,yes,"The clinical trial entry and the press release both refer to the IMPACT trial evaluating pemvidutide for the treatment of MASH/NASH, sharing the same study name, drug, and primary endpoints."
0001140361-25-023732,yes,"The clinical trial entry and the press release both refer to the VEGA-3 Phase 3 trial evaluating Phentolamine Ophthalmic Solution for the treatment of presbyopia, and they share the same primary endpoint criteria."
0001824293-25-000082,yes,The press release explicitly references NCT06331624 and describes the same Phase 2a study of GRI-0621 for the treatment of Idiopathic Pulmonary Fibrosis.
0000950170-25-090172,yes,"Both the clinical trial entry and the press release describe a Phase 1 study of the monoclonal antibody VYD2311, with the press release providing additional details about the Phase 1/2 design and results."
0001999480-25-000053,yes,Both the clinical trial entry and the press release describe an exploratory Phase 2 study of ALTO-203 in patients with major depressive disorder (MDD) that evaluates pharmacodynamic measures including the Bond-Lader Visual Analog Scale and EEG theta/beta ratio.
0001213900-25-059252,yes,"The clinical trial entry and the press release both refer to the MINDFuL trial (NCT05318976) evaluating XPro1595 for early Alzheimer's disease with biomarkers of inflammation, using the same primary endpoint (EMACC)."
0001140361-25-024290,yes,The clinical trial entry and the press release both evaluate the efficacy and safety of BPL-003 for the treatment of treatment-resistant depression using the MADRS scale as a primary endpoint.
0001193805-25-000946,yes,The clinical trial entry and the press release both evaluate the safety and efficacy of the drug ARCT-810 for the treatment of Ornithine Transcarbamylase (OTC) deficiency in a Phase 2 study setting.
0001193125-25-155811,yes,The press release and the clinical trial entry both refer to the SUMMIT trial evaluating bezuclastinib (CGT9486) for the treatment of non-advanced systemic mastocytosis (NonAdvSM).
0001104659-25-065926,yes,"The clinical trial entry and the press release both refer to the APEX Phase 2 study evaluating APG777 for the treatment of atopic dermatitis, with matching primary endpoints and study design components."
0000950170-25-094445,yes,The press release and the clinical trial entry both refer to the REGEN-007 trial evaluating the same autologous cell therapy (REACT/rilparencel) for the treatment of chronic kidney disease in patients with diabetes.
0001641172-25-018894,yes,"The clinical trial entry NCT06127199 and the press release both evaluate the contraceptive efficacy of Ovaprene, and the press release explicitly references this trial ID."
0001437749-25-022877,yes,Both the ClinicalTrials.gov entry and the press release identify DM199 as the investigational drug and preeclampsia as the condition being studied.
0001023024-25-000072,yes,The clinical trial entry and the press release both refer to the NEW DAY study evaluating the ILUVIEN implant for the treatment of diabetic macular edema (DME) with the same primary endpoint regarding supplemental aflibercept injections.
0000950170-25-097323,yes,"The clinical trial entry and the press release both refer to the Vibrance-1 Phase 2 study evaluating the same drug (ALKS 2680, now named alixorexton) for the treatment of narcolepsy type 1."
0001711279-25-000069,yes,Both the ClinicalTrials.gov entry and the press release refer to the PEARL-2 study evaluating KB304 for the treatment of wrinkles in the décolleté.
0001437749-25-023646,yes,"The press release reports on the RewinD-LB trial, which is the same study identified by NCT05869669, evaluating neflamapimod in patients with dementia with Lewy bodies."
0001213900-25-068954,yes,The clinical trial entry and the press release both refer to the RePOSA trial evaluating the drug IHL-42X for the treatment of obstructive sleep apnoea (OSA) and report consistent primary endpoints such as the change in the apnea-hypopnea index (AHI).
0001493152-25-011441,yes,"The press release explicitly identifies the DURIPANC study as the trial described in the ClinicalTrials.gov entry NCT05927142, and both documents refer to the same combination therapy of rintatolimod and durvalumab for metastatic pancreatic cancer."
0000950170-25-099891,yes,"The press release explicitly identifies the data as a prespecified analysis of Alzheimer's disease biomarkers conducted within the BROADWAY clinical trial (NCT05142722), which is the same trial listed in the entry."
0001824293-25-000094,yes,Both the clinical trial entry and the press release describe a Phase 2 study of the drug GRI-0621 for the treatment of Idiopathic Pulmonary Fibrosis (IPF) with identical study design and primary endpoints.
0001437749-25-024720,yes,The clinical trial entry and the press release both refer to the SEISMiC-C study evaluating the drug istaroxime for the treatment of SCAI Stage C cardiogenic shock.
0001104659-25-072708,yes,"The clinical trial entry and the press release both refer to a Phase 2 study of the drug dusquetide (SGX945) for the treatment of Behçet's disease, and the press release explicitly identifies the study as DUS-AUBD-01."
0001628280-25-038094,yes,The clinical trial entry and the press release both refer to the ELIMINATE-B study evaluating PBGENE-HBV for the treatment of chronic hepatitis B.
0001193125-25-176138,yes,"The clinical trial entry and the press release both evaluate the safety, pharmacokinetics, and antiviral activity of the drug ABI-5366 in participants with recurrent genital herpes."
0001607678-25-000003,yes,"The clinical trial entry and the press release both refer to the Phase 2 VENTURE-Oral Dosing trial of VK2735 for weight management, sharing the same drug, disease, and 13-week study duration."
0001193125-25-184680,yes,"The clinical trial entry and the press release both describe a Phase 1/2 study of the investigational shingles vaccine Z-1018 compared to Shingrix, sharing the same study design, objectives, and participant population."
0001193125-25-177471,yes,The clinical trial NCT05155254 and the press release both describe a Phase 3 study evaluating the combination of IO102-IO103 (Cylembio) and pembrolizumab versus pembrolizumab alone for the treatment of advanced melanoma.
0001104659-25-082783,yes,The press release explicitly references the APOLLO study (NCT05798897) and reports on the same drug (MT-601) and disease (relapsed/refractory lymphoma) described in the clinical trial entry.
0001104659-25-083402,no,"The ClinicalTrials.gov entry NCT05658510 describes a study focused on the institutional setting, whereas the press release reports on the SERENITY At-Home trial, which is a distinct study evaluating the drug in an at-home setting."
0001104659-25-085976,yes,The clinical trial entry and the press release both refer to the TETON-2 study (NCT05255991) evaluating inhaled treprostinil (Tyvaso) for the treatment of idiopathic pulmonary fibrosis with the same primary endpoint of change in FVC at week 52.
0002022626-25-000005,yes,"The clinical trial entry and the press release both refer to the VIBRANT trial (NCT06164704) evaluating verekitug for the treatment of chronic rhinosinusitis with nasal polyps, and they report identical primary endpoint results."
0000950170-25-112564,yes,"The clinical trial entry and the press release both describe the MAPLE-HCM study, which evaluates the efficacy of aficamten compared to metoprolol in patients with symptomatic obstructive hypertrophic cardiomyopathy."
0001140361-25-033767,yes,"The press release describes a proof-of-concept study of batoclimab in Graves' disease with a 24-week treatment period and a 24-week follow-up, which matches the design and primary endpoint of the clinical trial NCT05907668."
0001764013-25-000136,yes,"The press release describes a proof-of-concept study of batoclimab in Graves' disease with a 24-week treatment period and a 24-week follow-up, which matches the study design and primary endpoint described in the NCT05907668 clinical trial entry."
0000950170-25-113379,yes,"The clinical trial entry and the press release both refer to the Vibrance-1 phase 2 study of ALKS 2680 (now called alixorexton) for the treatment of narcolepsy type 1, sharing the same primary endpoint of mean sleep latency on the Maintenance of Wakefulness Test."
0001193125-25-194511,yes,Both the clinical trial entry and the press release refer to the RestorAATion-2 study evaluating WVE-006 for the treatment of Pi*ZZ alpha-1 antitrypsin deficiency.
0001193125-25-197605,yes,"The clinical trial NCT07174583 and the press release both evaluate the drug IDE849 in patients with DLL3-expressing tumors, specifically small cell lung cancer."
0001193125-25-197751,yes,The clinical trial entry and the press release both refer to the Phase 2 MAGIC trial evaluating DNTH103 (claseprubart) for the treatment of generalized myasthenia gravis.
0001493152-25-012769,yes,The press release and the clinical trial entry both describe a Phase 2 study evaluating the combination of THIO and cemiplimab for the treatment of advanced non-small cell lung cancer.
0001193125-25-197610,yes,The clinical trial entry and the press release both evaluate the efficacy and safety of the drug RAP-219 in adult patients with focal onset epilepsy using the same primary endpoint of long episode frequency.
0001193125-25-202865,yes,"The press release explicitly identifies the Phase 3 EFZO-FIT study as evaluating efzofitimod for pulmonary sarcoidosis, which matches the drug, disease, and phase specified in the NCT05415137 clinical trial entry."
0001558370-25-011954,no,"The clinical trial entry refers to a Phase 3 study (FURVENT) for EGFR Exon 20 insertion mutations, whereas the press release reports results from a Phase 1b study (FURTHER) for EGFR PACC mutations."
0001810560-25-000006,yes,The clinical trial entry and the press release both refer to the PRIME study evaluating the drug Gemini in patients with stage 3-4 chronic kidney disease.
0001193125-25-205522,yes,The clinical trial entry and the press release both refer to the AMPLIFY-7P study evaluating the ELI-002 7P vaccine in patients with KRAS/NRAS mutated solid tumors.
0001140361-25-035190,yes,"The clinical trial entry and the press release both refer to the Phase 3 VALOR study evaluating brepocitinib for the treatment of dermatomyositis, with matching primary endpoints and study duration."
0001213900-25-088792,yes,"The press release and the clinical trial entry both refer to the REZOLVE-AD study, which evaluates the drug rezpegaldesleukin for the treatment of atopic dermatitis."
0001213900-25-090129,yes,The clinical trial entry NCT06698939 matches the Phase 1 trial of ORKA-001 in healthy volunteers described in the press release.
0001437749-25-029347,yes,"The press release explicitly identifies the results as being from the open label roll-in cohort of the CardiAMP Cell Therapy in Chronic Myocardial Ischemia Trial, which matches the trial NCT03455725."
0001437749-25-029349,yes,"The press release and the clinical trial entry both refer to a Phase 1 PET study of PIPE-791 investigating LPA1 receptor occupancy in healthy volunteers, PrMS patients, and IPF patients, and the press release explicitly cites the NCT06683612 identifier."
0001753926-25-001525,yes,Both the clinical trial entry and the press release describe a study of LP-10 for the treatment of oral lichen planus with identical treatment and follow-up durations.
0001493152-25-014393,yes,"The clinical trial entry and the press release both evaluate the safety, tolerability, and pharmacokinetics of the drug Ketamir-2 in healthy adult subjects, and the press release specifically reports on the single ascending dose portion of the Phase 1 study described in the entry."
0001140361-25-035634,yes,The clinical trial NCT04849741 and the press release both evaluate the efficacy and safety of zilganersen for the treatment of Alexander disease using the 10-Meter Walk Test as the primary endpoint.
0001193125-25-210049,yes,"The clinical trial entry NCT06465108 and the press release both describe a Phase 2 trial of the same drug (MBX 2109, also known as canvuparatide) for the treatment of hypoparathyroidism, sharing the same primary endpoint definition and study duration."
0001628280-25-042245,yes,The clinical trial entry and the press release both describe a Phase 1 study of cemsidomide in combination with dexamethasone for the treatment of relapsed/refractory multiple myeloma.
0001104659-25-092740,yes,Both the ClinicalTrials.gov entry and the press release refer to the same Phase I/II study of AMT-130 for the treatment of Huntington's disease.
0001104659-25-092776,yes,"The clinical trial entry and the press release both refer to the Phase 3 RECONNECT study evaluating ZYN002 (cannabidiol) for the treatment of Fragile X syndrome, sharing the same study name, drug, disease, and primary endpoint criteria."
0001140361-25-035777,yes,"The press release explicitly identifies the study as NCT05660642 and matches the drug (BPL-003), the disease (treatment-resistant depression), and the study design (open-label Phase 2a)."
0001193805-25-001357,yes,The clinical trial entry and the press release both refer to the CALLIPER trial evaluating the drug IMU-838 (vidofludimus calcium) for the treatment of progressive multiple sclerosis.
0001193125-25-221538,yes,"The clinical trial NCT06447025 and the press release both describe an ongoing open-label study of the same drug (CTI-1601, also known as nomlabofusp) for the treatment of Friedreich's ataxia, with consistent study design and outcome measures."
0001140361-25-036637,yes,The clinical trial NCT05616793 and the press release both refer to a Phase 1/2 study of OPGx-LCA5 (also referred to as OPGx-001) for the treatment of LCA5-associated inherited retinal degeneration.
0001104659-25-094125,yes,The clinical trial entry and the press release both refer to the CHASE Phase 2 trial evaluating KPI-012 for the treatment of Persistent Corneal Epithelial Defect (PCED).
0001213900-25-093930,yes,The press release and the clinical trial entry both refer to the Phase 2 MINDFuL trial evaluating XPro1595 in patients with early Alzheimer's disease.
0001724521-25-000107,yes,"The press release identifies the study as ARC-20, which matches the trial ID NCT05536141, and both sources evaluate the same drug (casdatifan, formerly known as AB521) in patients with renal cell carcinoma."
0001493152-25-017208,yes,The clinical trial entry and the press release both describe a Phase 2 study of carotuximab (ENV105) in combination with androgen receptor blockade (apalutamide) for patients with metastatic castration-resistant prostate cancer.
0001628280-25-044223,yes,The clinical trial entry and the press release both describe the CBeyond Phase 2a study evaluating nimacimab monotherapy and its combination with semaglutide for the treatment of obesity.
0001104659-25-097153,no,"The clinical trial entry describes a Phase 1 study, whereas the press release reports on an ongoing Phase 1b study of GT-02287 in Parkinson's disease."
0001193125-25-232514,yes,"The clinical trial NCT05445323 investigates LX2006 for Friedreich's Ataxia cardiomyopathy, which matches the drug and disease reported in the Lexeo Therapeutics press release."
0001437749-25-030719,yes,"The press release explicitly identifies the RewinD-LB trial as the study evaluating neflamapimod in patients with dementia with Lewy bodies, which matches the clinical trial entry."
0001193125-25-232539,yes,"The clinical trial entry and the press release both evaluate the drug ADI-001 (Prulacabtagene Leucel) for the treatment of autoimmune diseases, specifically including lupus nephritis and systemic lupus erythematosus."
0001104659-25-098908,no,"The ClinicalTrials.gov entry describes a study for hepatocellular carcinoma, whereas the press release reports results for a study on idiopathic pulmonary fibrosis."
0001193125-25-235533,yes,The press release explicitly reports data from the RESET-PV trial (NCT04422912) evaluating the drug rese-cel (formerly CABA-201) in patients with pemphigus vulgaris.
0001104659-25-099029,yes,"The press release explicitly references NCT06260774 and reports on the Phase 1a study of TTX-MC138 in patients with advanced solid tumors, which matches the drug and disease scope of the clinical trial entry."
0001193125-25-243558,no,"The clinical trial entry NCT05987332 describes a Phase 2/3 trial (OptimUM-02) for first-line metastatic uveal melanoma, whereas the press release reports results from the OptimUM-01 trial for the same indication and a separate OptimUM-09 trial for neoadjuvant primary uveal melanoma."
0001104659-25-100646,yes,"The press release explicitly identifies the study as NCT05480306, the DeFianCe study, and reports results for the same drug (sirexatamab/DKN-01) and disease (colorectal cancer) described in the clinical trial entry."
0001193125-25-243765,yes,The clinical trial entry and the press release both describe a Phase 1b study evaluating the combination of palazestrant and ribociclib in patients with ER+/HER2- breast cancer.
0001193125-25-243046,yes,"The clinical trial entry and the press release both describe a Phase 1/2 study of the drug CRB-701 in patients with solid tumors, including HNSCC, cervical cancer, and urothelial cancer."
0001213900-25-100371,yes,The clinical trial entry and the press release both refer to the AFFIRM-1 Phase 3 trial evaluating BNC210 for the acute treatment of social anxiety disorder using the same primary endpoint.
0001193125-25-246226,yes,Both the clinical trial entry and the press release refer to the Phase 1 LIONS trial evaluating the PLK4 inhibitor RP-1664 in patients with advanced solid tumors.
0001193805-25-001499,yes,Both the ClinicalTrials.gov entry and the press release refer to the same Phase 2 clinical trial of the investigational drug ARCT-032 for the treatment of cystic fibrosis.
0001193125-25-245404,yes,Both the ClinicalTrials.gov entry and the press release refer to the same Phase 2 FALCON trial evaluating TERN-601 for the treatment of obesity with a 12-week primary endpoint.
0001104659-25-101447,yes,Both the clinical trial entry and the press release refer to the diSArm study evaluating the safety and efficacy of the bacteriophage cocktail AP-SA02 for the treatment of Staphylococcus aureus bacteremia.
0001104659-25-101817,yes,"The clinical trial entry and the press release both describe a Phase 1/2 study of the drug VS-7375 in patients with KRAS G12D-mutated solid tumors, including the evaluation of monotherapy and combination regimens."
0001193125-25-245102,yes,The clinical trial entry and the press release both refer to the INFRONT-3 Phase 3 study evaluating AL001 (latozinemab) for the treatment of frontotemporal dementia.
0001326732-25-000082,yes,Both the clinical trial entry and the press release describe a Phase 1 study of the drug XmAb819 for the treatment of advanced clear cell renal cell carcinoma.
0001193125-25-252200,yes,Both the ClinicalTrials.gov entry and the press release describe a Phase 2 clinical trial investigating the drug ADX-629 for the treatment of alcohol-associated hepatitis.
0001104659-25-102317,yes,The clinical trial entry and the press release both refer to the Phase 2 MoonStone trial evaluating obexelimab in patients with relapsing multiple sclerosis and report the same primary endpoint results.
0001193125-25-250674,yes,"The clinical trial entry and the press release both refer to the same Phase 1 study of FT819 for the treatment of systemic lupus erythematosus, explicitly citing the trial identifier NCT06308978."
0001140361-25-039463,yes,The clinical trial entry and the press release both refer to the FORTIFY Phase 3 study evaluating BBP-418 for the treatment of limb-girdle muscular dystrophy type 2I (LGMD2I).
0001193125-25-253636,yes,Both the clinical trial entry and the press release refer to a Phase 3 study of telitacicept for the treatment of primary Sjögren's disease with 48-week data.
0001193125-25-254571,yes,The press release and the ClinicalTrials.gov entry both refer to the KYSA-6 study evaluating KYV-101 for the treatment of generalized myasthenia gravis.
0001193125-25-256682,yes,Both the clinical trial entry and the press release refer to the INLIGHT clinical trial evaluating WVE-007 for the treatment of obesity.
0001140361-25-039656,yes,The press release explicitly identifies the VERSATILE-002 trial by its NCT identifier NCT04260126 and discusses the same drug combination and disease population described in the clinical trial entry.
0001193125-25-261665,yes,"The clinical trial entry and the press release both refer to the same drug, BB-301, and the same disease, Oculopharyngeal Muscular Dystrophy (OPMD) with dysphagia, while describing the same Phase 1b/2a study design and endpoints."
0001140361-25-039705,yes,"The clinical trial entry and the press release both refer to the CALIBRATE study evaluating encaleret for the treatment of ADH1, and they share the same primary endpoint criteria."
0001193125-25-261798,yes,"The press release explicitly identifies the CARDINAL trial as the source of the TERN-701 data in patients with chronic myeloid leukemia, which matches the drug, disease, and trial name listed in the ClinicalTrials.gov entry."
0001619856-25-000065,yes,"The press release explicitly identifies CB-010 (vispacabtagene regedleucel) as the therapy for relapsed/refractory B cell non-Hodgkin lymphoma, which matches the drug and disease condition specified in the NCT04637763 trial entry."
0001193125-25-261799,yes,The clinical trial entry and the press release both refer to a Phase 1 study of the drug CLN-049 for the treatment of relapsed/refractory acute myeloid leukemia (AML) and myelodysplastic syndrome (MDS).
0001193125-25-267934,yes,The clinical trial entry NCT05197270 and the press release both evaluate the drug 4D-150 for the treatment of wet age-related macular degeneration (wet AMD) within the PRISM clinical trial program.
0001193125-25-270286,yes,"The clinical trial NCT05027906 and the BESTOW trial both evaluate the same drug, tegoprubart (formerly AT-1501), for the prevention of rejection in kidney transplant patients."
0001193125-25-268331,yes,The clinical trial entry and the press release both evaluate the efficacy of Atacicept in patients with IgA Nephropathy using the same primary endpoint of percentage change in UPCR at Week 36.
0001193125-25-271189,yes,"The clinical trial NCT04896697 evaluates vilastobart in combination with atezolizumab in patients with advanced solid tumors, which includes the specific patient population of MSS mCRC reported in the press release."
0001193125-25-273315,no,"The clinical trial entry describes an expanded access program, which is a mechanism for providing access to investigational drugs outside of clinical trials, whereas the press release reports on the results of a formal clinical trial (the Peak Trial) evaluating the same drug combination."
0001193125-25-273269,yes,"Both the clinical trial entry and the press release refer to the same drug, LYL273, and the same disease, metastatic colorectal cancer, in the context of a Phase 1 clinical trial."
0001437749-25-033948,yes,"The press release and the clinical trial entry both describe a Phase 2 study of ALXN1840 (tiomolybdate choline) for the treatment of Wilson disease, with matching dosing periods and copper balance endpoints."
0001370053-25-000091,yes,"The clinical trial entry and the press release both describe a Phase 2 study of rosnilimab for the treatment of moderate-to-severe ulcerative colitis, specifically evaluating the primary endpoint of mean change in modified Mayo Score at Week 12."
0001140361-25-041275,yes,The press release explicitly identifies the NAVIGATE trial by its NCT number (NCT04365868) and reports results for the same drug (belapectin) and disease (MASH cirrhosis) as described in the clinical trial entry.
0001193125-25-273321,yes,The clinical trial entry and the press release both refer to the ICoN-1 Phase 3 study evaluating MNKD-101 (clofazimine inhalation suspension) for the treatment of nontuberculous mycobacterial lung disease.
0001213900-25-107821,yes,"The press release explicitly reports data from the REZOLVE-AD Phase 2b study, which matches the trial name, drug, and disease condition specified in the ClinicalTrials.gov entry."
0001140361-25-041225,yes,The clinical trial entry NCT05079919 and the press release both evaluate the drug olezarsen for the treatment of severe hypertriglyceridemia and share the same primary endpoint of reducing fasting triglyceride levels.
0001628280-25-051168,yes,The clinical trial entry and the press release both refer to the ELIMINATE-B Phase 1 study evaluating the drug PBGENE-HBV for the treatment of chronic Hepatitis B.
0001193125-25-276161,yes,"The clinical trial entry and the press release both refer to the Vibrance-2 study evaluating ALKS 2680 (alixorexton) for the treatment of narcolepsy type 2, sharing the same primary endpoints of MWT and ESS."
0001193125-25-275902,yes,"The clinical trial NCT06991114 investigates AlloNK in combination with rituximab for B-cell dependent rheumatologic diseases, which aligns with the press release reporting on AlloNK plus anti-CD20 monoclonal antibodies for various autoimmune diseases including rheumatoid arthritis."
0001453687-25-000123,yes,Both the ClinicalTrials.gov entry and the press release refer to the same Phase 2 trial of Descartes-08 for the treatment of systemic lupus erythematosus (SLE).
0001193125-25-283887,yes,"The clinical trial entry and the press release both refer to the HERIZON-GEA-01 Phase 3 trial evaluating zanidatamab in combination with chemotherapy, with or without tislelizumab, for the treatment of HER2-positive gastroesophageal adenocarcinoma."
0001193125-25-283893,yes,"The press release explicitly identifies the study as ALKOVE-1, which matches the trial name and NCT identifier provided in the ClinicalTrials.gov entry."
0001437749-25-037025,yes,Both the clinical trial entry and the press release refer to the RewinD-LB trial evaluating neflamapimod in patients with dementia with Lewy bodies.
0001213900-25-114763,yes,Both the clinical trial entry and the press release refer to the same Phase 1 study of the drug PAS-004 in patients with advanced solid tumors.
0001104659-25-117975,yes,The clinical trial entry and the press release both investigate the drug silevertinib (BDTX-1535) for the treatment of patients with EGFR-mutated non-small cell lung cancer and glioblastoma.
0001104659-25-117947,yes,"The clinical trial entry and the press release both refer to the HOPE-3 study evaluating Deramiocel for the treatment of Duchenne muscular dystrophy, sharing the same trial name, drug, and primary endpoint."
0001213900-25-117577,yes,"The press release explicitly references the ADVANCED-2 trial of TARA-002 for the treatment of NMIBC, which matches the drug, disease, and trial name listed in the ClinicalTrials.gov entry."
0001213900-25-118097,yes,The press release and the ClinicalTrials.gov entry both refer to the STARLIGHT-1 trial (NCT06343311) evaluating the safety and efficacy of the drug EB103 in patients with relapsed/refractory B-cell non-Hodgkin's lymphoma.
0001549595-25-000121,yes,"The clinical trial entry NCT05131022 and the press release both describe the evaluation of the drug NX-5948 (bexobrutideg) in patients with relapsed or refractory B-cell malignancies, specifically focusing on CLL/SLL."
0001104659-25-119095,yes,"The clinical trial entry NCT06693843 matches the core Phase 2b ACCESS study described in the press release, as both evaluate the efficacy and safety of aleniglipron for the treatment of obesity or overweight with comorbidities."
0001493152-25-026500,yes,The press release explicitly identifies the NEXICART-2 trial as NCT06097832 and reports on the same drug (NXC-201) and disease (AL Amyloidosis) described in the ClinicalTrials.gov entry.
0001193125-25-310572,yes,The clinical trial entry and the press release both refer to the BroADen study evaluating the oral STAT6 degrader KT-621 in patients with atopic dermatitis.
0001824293-25-000160,yes,Both the ClinicalTrials.gov entry and the press release describe a Phase 2 study of oral GRI-0621 for the treatment of Idiopathic Pulmonary Fibrosis (IPF) with a 12-week primary endpoint of safety and tolerability.
0001193125-25-310595,yes,The clinical trial entry and the press release both refer to the INLIGHT study evaluating WVE-007 for the treatment of obesity.
0001193125-25-311276,yes,The clinical trial entry and the press release both refer to the iMMagine-1 study evaluating anitocabtagene-autoleucel (anito-cel) for the treatment of relapsed or refractory multiple myeloma.
0001601830-25-000174,yes,The press release and the clinical trial entry both refer to the TUPELO trial evaluating REC-4881 for the treatment of Familial Adenomatous Polyposis (FAP).
0001193125-25-310509,yes,"The clinical trial entry NCT05169580 and the press release both refer to the study of the drug pociredir, and the press release identifies the PIONEER trial as the study evaluating this drug in patients with sickle cell disease."
0001628280-25-055953,yes,"Both the clinical trial entry and the press release refer to the same drug, SENTI-202, and the same disease, relapsed or refractory Acute Myeloid Leukemia (R/R AML)."
0001193125-25-310764,yes,Both the clinical trial entry and the press release describe a Phase 1 study of the drug CLN-049 for the treatment of relapsed/refractory acute myeloid leukemia (AML) and myelodysplastic syndrome (MDS).
0001171843-25-007795,yes,"The press release explicitly identifies the study as the TUSCANY trial, which matches the trial name and NCT identifier provided in the ClinicalTrials.gov entry, and both describe the use of tuspetinib for the treatment of acute myeloid leukemia."
0001828185-25-000075,yes,The press release explicitly identifies the AVALON trial as NCT06310291 and reports on the same drug (VTP-1000) and disease (celiac disease) described in the ClinicalTrials.gov entry.
0001193125-25-315951,yes,The clinical trial entry and the press release both refer to the RIDGE-1 study evaluating TN-401 gene therapy for patients with PKP2 mutation-associated ARVC.
0001724521-25-000120,yes,The clinical trial entry and the press release both refer to the STAR-221 study evaluating the combination of domvanalimab and zimberelimab plus chemotherapy for advanced upper gastrointestinal cancers.
0001493152-25-027321,yes,"The press release explicitly references NCT04674306 and describes the same alpha-lactalbumin vaccine for triple-negative breast cancer, including the same study cohorts and combination therapy with pembrolizumab."
0001104659-25-120141,yes,"Both the clinical trial entry and the press release describe an exploratory Phase 2 study of setmelanotide in patients with Prader-Willi syndrome, with the press release explicitly mentioning the 52-week duration described in the trial entry."
0001193125-25-318429,no,"The clinical trial entry identifies the drug as AL102, whereas the press release reports results for a different drug named varegacestat."
0001193125-25-320901,yes,"The clinical trial entry and the press release both refer to the VITESSE Phase 3 study evaluating the Viaskin Peanut patch in children aged 4-7 years with peanut allergies, and they report consistent primary endpoint results."
0001193125-25-319981,yes,"The press release reports on an ongoing Phase 1/2 study of MRT-2359 in combination with enzalutamide for metastatic castration-resistant prostate cancer, which aligns with the scope and drug investigated in the NCT05546268 clinical trial entry."
0001193125-25-320009,yes,"The clinical trial entry and the press release both refer to the REZOLVE-AA Phase 2b study evaluating rezpegaldesleukin for the treatment of severe to very severe alopecia areata, sharing the same primary endpoint of percent change in SALT score at Week 36."
0001104659-25-121749,yes,Both the clinical trial entry and the press release describe a Phase 2 study evaluating the safety and efficacy of ratutrelvir in patients with mild-to-moderate COVID-19.
0001140361-25-045836,yes,The clinical trial entry and the press release both refer to the BiRCh study evaluating brensocatib for the treatment of chronic rhinosinusitis without nasal polyps (CRSsNP) and share the same primary endpoint.
0001104659-25-122353,no,"The ClinicalTrials.gov entry NCT06732180 describes a Phase 1 study, whereas the press release reports results from a Phase 1b study of GT-02287 in Parkinson's disease."
0001437749-25-038079,yes,"The clinical trial entry and the press release both refer to a Phase 1 study of WP1066 in children with recurrent malignant brain tumors, and the press release explicitly references the NCT04334863 identifier."
0001628280-25-058594,yes,Both the ClinicalTrials.gov entry and the press release refer to the PALISADE-3 Phase 3 study of intranasal fasedienol for the treatment of social anxiety disorder and report on the same primary endpoint.
0001104659-25-122724,yes,The press release and the clinical trial entry both refer to the IMPACT trial evaluating pemvidutide for the treatment of MASH/NASH.
0001493152-26-000270,yes,The press release explicitly identifies the Phase 2 VIRO-25 trial as NCT06463665 and discusses interim results for the same drug (Olvi-Vec) and disease (NSCLC) described in the clinical trial entry.
0001104659-26-000402,yes,The clinical trial entry and the press release both refer to the Phase 3 INDIGO trial evaluating obexelimab for the treatment of IgG4-related disease.
0001104659-26-000432,yes,Both the ClinicalTrials.gov entry and the press release describe a Phase 1 clinical trial evaluating the drug DA-1726 in subjects with obesity.
0001193125-26-002368,no,"The clinical trial entry refers to a Phase 3 study, whereas the press release explicitly reports results from a Phase 2 study (the TouCAHn trial)."
0001193125-26-005420,yes,"The press release explicitly identifies the GFORCE-1 study as NCT07119125 and reports results for MRT-8102 in healthy participants and those with elevated cardiovascular risk, matching the design and objectives described in the clinical trial entry."
0001193125-26-005425,yes,"The press release explicitly identifies the clinical trial NCT06343402 as ONKORAS-101 and reports efficacy and safety data for BBO-8520 in KRAS G12C non-small cell lung cancer, which matches the study description in the ClinicalTrials.gov entry."
0001711279-26-000005,yes,The press release explicitly identifies the CORAL-1 study as NCT05504837 and describes the same drug (KB407) and disease (cystic fibrosis) as the clinical trial entry.
0001193125-26-010091,yes,The clinical trial NCT06109181 and the HEROIC-PKP2 trial mentioned in the press release both investigate the same gene therapy (LX2020) for the same condition (PKP2-associated arrhythmogenic cardiomyopathy).
0001683168-26-000217,yes,"The clinical trial NCT03678883 corresponds to the study of 9-ING-41 (elraglusib), and the press release explicitly identifies the study as Actuate 1801-Part 3B, which is a component of the clinical program associated with this trial ID."
0001104659-26-003900,yes,The press release and the clinical trial entry both refer to the ArMaDa study evaluating OCU410 for the treatment of geographic atrophy secondary to dry age-related macular degeneration.
0001193125-26-024375,yes,The clinical trial entry and the press release both describe a Phase 2 study evaluating onvansertib in combination with FOLFIRI/bevacizumab or FOLFOX/bevacizumab for the first-line treatment of RAS-mutated metastatic colorectal cancer.
0001104659-26-004795,no,"The clinical trial entry describes a Phase 3 study for peripheral T-cell lymphoma, whereas the press release reports results from a Phase 1 study for atopic dermatitis."
0001193125-26-029524,yes,The clinical trial entry and the press release both refer to the NEAT study (NCT06193200) evaluating eDSP for the treatment of Ataxia-Telangiectasia using the RmICARS primary endpoint.
0001104659-26-008925,yes,The press release explicitly identifies the clinical trial NCT06248008 as the open-label Phase 3 study evaluating the long-term safety of ASC40 (denifanstat) in patients with moderate to severe acne vulgaris.
0001193125-26-034474,yes,"The clinical trial NCT02716246 evaluates scAAV9.U1a.hSGSH (UX111) for Sanfilippo syndrome type A (MPS IIIA), which matches the drug and disease reported in the press release."
0001493152-26-005208,yes,The press release explicitly identifies the DURIPANC study and its corresponding ClinicalTrials.gov identifier (NCT05927142) as the trial evaluating the combination of rintatolimod and durvalumab for metastatic pancreatic cancer.
0001193125-26-039399,yes,The clinical trial entry and the press release both evaluate the efficacy of tralesinidase alfa (TA-ERT) for the treatment of Sanfilippo Syndrome Type B (MPS IIIB) using the Bayley Scales of Infant and Toddler Development (BSID) as a key cognitive outcome measure.
0001193125-26-043771,yes,Both the ClinicalTrials.gov entry and the press release describe a Phase 2 trial of EVO301 for the treatment of moderate-to-severe atopic dermatitis with a primary endpoint focused on EASI scores at 12 weeks.
0001493152-26-006081,yes,Both the clinical trial entry and the press release describe a Phase 2 study evaluating the safety and efficacy of ProLectin-M for the treatment of acute viral infections with a primary endpoint measured at Day 7.
0001193125-26-045500,yes,The clinical trial entry and the press release both refer to the Phase 2 VALIANT trial (NCT06196879) evaluating the efficacy and safety of verekitug in patients with severe asthma.
0001493152-26-005717,yes,"The clinical trial entry and the press release both describe a Phase 3 study evaluating the efficacy of Ameluz PDT for the treatment of actinic keratosis on the extremities, neck, and trunk using a RhodoLED lamp."
0001437749-26-004455,yes,"The clinical trial entry and the press release both describe the MIRACLE study, which evaluates L-Annamycin in combination with cytarabine for the treatment of relapsed/refractory AML."
0001628280-26-009808,yes,"The clinical trial NCT04429542 is a Phase 1 study evaluating the safety and tolerability of BCA101 (ficerafusp alfa) in combination with pembrolizumab in patients with EGFR-driven solid tumors, which encompasses the Phase 1b expansion cohort in HNSCC patients described in the press release."
0001104659-26-016797,yes,The clinical trial entry and the press release both refer to the ACESOT-1051 trial evaluating the drug APR-1051 in patients with advanced solid tumors.
0001728117-26-000004,yes,The clinical trial entry and the press release both refer to the Phase 3 PROSERA study evaluating seralutinib for the treatment of pulmonary arterial hypertension (PAH) with the same primary endpoint of change in 6MWD at Week 24.
0001193125-26-068614,yes,Both the ClinicalTrials.gov entry and the press release describe a clinical trial evaluating a CD19/BCMA dual-targeting CAR-T therapy for patients with relapsed or refractory multiple myeloma.
0001140361-26-006880,yes,"The clinical trial entry and the press release both refer to the same drug (EMP-01), the same disease (Social Anxiety Disorder), and the same trial identifier (NCT06693609)."
0001104659-26-021869,yes,The clinical trial NCT03626688 and the ADVANCE OUTCOMES study described in the press release both evaluate the efficacy of ralinepag in patients with pulmonary arterial hypertension (PAH) using the same primary endpoint of time to clinical worsening.
0001193125-26-084142,yes,"Both the ClinicalTrials.gov entry and the press release describe a Phase 1 trial of SEP-631 in healthy volunteers, with the press release providing additional pharmacodynamic data obtained during that same study."
0001437749-26-006481,yes,"The press release explicitly identifies the trial as the CardiAMP HF Trial, which matches the name and purpose of the clinical trial NCT02438306 for treating heart failure."
0001104659-26-022572,yes,Both the ClinicalTrials.gov entry and the press release refer to the Phase 3 CYPRESS study evaluating ampreloxetine for the treatment of symptomatic neurogenic orthostatic hypotension in patients with multiple system atrophy.
0001213900-26-023440,yes,The press release explicitly identifies the trial as NCT04855253 and matches the drug (E7777/LYMPHIR) and the disease (relapsed or refractory DLBCL) described in the ClinicalTrials.gov entry.
0001213900-26-023439,yes,The press release explicitly identifies the study as NCT04855253 and matches the drug (E7777/LYMPHIR) and the disease (relapsed or refractory diffuse large B-cell lymphoma) described in the clinical trial entry.
0001829126-26-002020,yes,"The press release and the clinical trial entry both refer to the Phase 1/2 study of NEO212 for the treatment of CNS cancers including glioblastoma and astrocytoma, and the release specifically discusses the Phase 1 dose-escalation results and RP2D determination described in the trial protocol."
0001213900-26-024918,yes,Both the clinical trial entry and the press release describe a Phase 2 study evaluating the safety and efficacy of the drug NDV-01 in patients with non-muscle invasive bladder cancer (NMIBC).
0001933414-26-000048,yes,The press release explicitly identifies the Explore-OSA trial as NCT06785454 and reports results for the same drug (lorundrostat) and disease (obstructive sleep apnea) described in the clinical trial entry.
0001193125-26-097577,yes,"The clinical trial entry and the press release both refer to the Phase 3 X-TOLE2 study (NCT05614063) evaluating the same drug (azetukalner, formerly known as XEN1101) for the treatment of focal-onset seizures."
0001193125-26-099376,no,"The clinical trial entry describes a Phase 2 study (SAFEGUARD) for new-onset Type 1 Diabetes, whereas the press release reports data from a separate Phase 1 study in adult patients with established Type 1 Diabetes."
0001213900-26-025464,yes,"The press release explicitly identifies the study as NCT05200559 and describes the same combination therapy of LYMPHIR and pembrolizumab, noting that the gynecologic cancers mentioned are a subset of the solid tumors included in the trial's scope."
0001193125-26-103167,yes,"The press release explicitly identifies the Phase 3 Enh3ance study of DTX301 for OTC deficiency, which matches the drug, disease, and phase specified in the ClinicalTrials.gov entry NCT05345171."
0001193125-26-102489,yes,The press release and the ClinicalTrials.gov entry both refer to the INSPIRE DUCHENNE clinical trial evaluating SGT-003 gene therapy for Duchenne muscular dystrophy.
0001193125-26-107312,no,"The press release reports data from the Phase 1/2 ReDiscover trial, whereas the ClinicalTrials.gov entry describes the separate Phase 3 ReDiscover-2 trial (NCT06982521)."
0001104659-26-028023,yes,The clinical trial entry and the press release both refer to the ACCESS II study evaluating the drug aleniglipron for the treatment of obesity or overweight with weight-related comorbidities.
0001140361-26-010651,yes,The clinical trial entry and the press release both refer to the ENCORE study evaluating ALIS (ARIKAYCE) for the treatment of Mycobacterium avium complex (MAC) lung infection.
0001104659-26-033724,yes,Both the clinical trial entry and the press release refer to the ArMaDa clinical trial evaluating OCU410 for the treatment of geographic atrophy secondary to dry age-related macular degeneration.
0001193125-26-120770,yes,"The press release and the ClinicalTrials.gov entry both refer to the Phase 3 SENTRY trial evaluating the combination of selinexor and ruxolitinib for the treatment of myelofibrosis, sharing the same primary endpoints of SVR35 and Abs-TSS."
0001193125-26-125092,yes,The clinical trial entry and the press release both refer to the INLIGHT study evaluating WVE-007 for the treatment of obesity.
0001193125-26-127041,yes,The clinical trial entry and the press release both refer to the GLOW2 Phase 3 study evaluating tarcocimab tedromer for the treatment of diabetic retinopathy with the same primary endpoint.
0001104659-26-036445,yes,The clinical trial NCT04708782 (TETON-1) and the press release both evaluate the efficacy of inhaled Tyvaso (treprostinil) for the treatment of idiopathic pulmonary fibrosis using the same primary endpoint of change in absolute FVC at week 52.
0001999371-26-007254,yes,"The press release explicitly states that TNX-4800 was formerly known as mAb 2217LS, which is the drug identified in the ClinicalTrials.gov entry for the same Phase 1 study."
0001104659-26-036821,yes,"The press release explicitly references the ACESOT-1051 trial and NCT06260514, and both documents describe the same drug (APR-1051) and the same patient population (advanced solid tumors)."
0001493152-26-014834,yes,The press release explicitly references NCT06979544 and reports results for the same drug (LPCN 1154) and disease (postpartum depression) described in the clinical trial entry.
0001193125-26-131786,yes,The clinical trial entry and the press release both refer to the FREEDOM2-DM1 study evaluating the drug PGN-EDODM1 for the treatment of myotonic dystrophy type 1.
0001104659-26-038593,yes,"Both the ClinicalTrials.gov entry and the press release describe a Phase 2 study of ALTO-101 for the treatment of schizophrenia, specifically focusing on EEG measures like theta band activity."
0001140361-26-012885,yes,"The press release reports results for Immunovant's Phase 3 studies of batoclimab in thyroid eye disease (TED), which matches the drug and disease specified in the ClinicalTrials.gov entry NCT05524571."
0001193125-26-151893,yes,"The clinical trial entry and the press release both evaluate the combination of darovasertib and crizotinib for the treatment of metastatic uveal melanoma, and the press release identifies the trial as OptimUM-02, which corresponds to the study described in the entry."
0001140361-26-013659,yes,The clinical trial entry and the press release both refer to the CEDAR study evaluating brensocatib for moderate to severe hidradenitis suppurativa with the same primary endpoint of percent change in AN count at Week 16.
0001193125-26-151999,yes,The clinical trial entry and the press release both refer to the ALPHA3 trial evaluating cema-cel for first-line consolidation in patients with large B-cell lymphoma.
0001628280-26-024831,yes,"The clinical trial entry and the press release both refer to the SKYLINE-UC study evaluating SPY001 for the treatment of moderate to severe ulcerative colitis, with matching primary endpoints regarding the Robarts Histopathology Index."
0001437749-26-012751,yes,The clinical trial NCT03403205 and the press release both refer to the Phase 3 FoCus trial evaluating ALXN1840 for the treatment of Wilson disease with a 48-week primary endpoint.
0001193125-26-152039,yes,The press release and the clinical trial entry both refer to the Phase 3 RASolute 302 study evaluating daraxonrasib for the treatment of previously treated metastatic pancreatic ductal adenocarcinoma.
0001193125-26-154927,no,"The clinical trial entry lists ALG-000184 as the study drug, whereas the press release reports results for a different drug, pevifoscorvir sodium."
0001193125-26-167078,yes,"The clinical trial entry and the press release both evaluate the efficacy and safety of the drug RAP-219 in patients with focal epilepsy/focal onset seizures, and the results reported in the press release align with the study design described in the trial entry."
0001193125-26-168569,no,"The clinical trial entry describes a Phase 2 study (SAFEGUARD), whereas the press release reports results from a Phase 1 trial (HUMAN) of the same drug."
0001213900-26-047743,yes,"The clinical trial entry and the press release both refer to the EVERLAST-A Phase 2 trial evaluating ORKA-001 for the treatment of moderate-to-severe plaque psoriasis, with matching primary endpoints."
0001628280-26-027354,yes,The clinical trial entry and the press release both evaluate the drug VDPHL01 for the treatment of male pattern hair loss (AGA) using the same primary endpoints of non-vellus Target Area Hair Counts and patient-reported outcomes at Month 6.
0001104659-26-049787,yes,The clinical trial entry and the press release both refer to the Phase 3 FLASH 2 trial evaluating HyBryte for the treatment of cutaneous T-cell lymphoma (CTCL).
0001193125-26-182137,yes,The press release explicitly identifies the AURORAS-1 trial (NCT06983743) as one of the two trials contributing to the reported Phase 1 data for ERAS-0015 in patients with solid tumors.
0001193125-26-183710,yes,"The press release explicitly mentions the COVALENT-112 trial for Icovamenib (BMF-219) in Type 1 Diabetes, which matches the drug and disease specified in the NCT06152042 clinical trial entry."
0001628280-26-028876,yes,"The clinical trial entry NCT06810245 and the press release both describe a Phase 1 study of PIPE-791 for the treatment of chronic osteoarthritis pain and chronic low back pain, and the press release explicitly references this trial ID."
0001193125-26-202389,yes,"The press release explicitly identifies the RESET-PV trial as the study evaluating rese-cel (DSG3-CAART) in patients with pemphigus vulgaris, which matches the trial NCT04422912."
0001193125-26-202609,yes,Both the ClinicalTrials.gov entry and the press release refer to the VISTAS study evaluating volixibat for the treatment of pruritus in patients with primary sclerosing cholangitis using the Adult ItchRO scale.
0001326732-26-000036,yes,"The press release explicitly reports final results from the Phase 1 study of XmAb942 in healthy participants, which matches the scope and drug identified in the NCT06619990 clinical trial entry."
0001689375-26-000027,yes,The clinical trial entry and the press release both refer to the ELEVATE-44 study evaluating ENTR-601-44 for the treatment of Duchenne muscular dystrophy.
0001534120-26-000028,yes,The clinical trial entry and the press release both refer to the LOTUS trial (NCT06603077) evaluating the drug AVTX-009 (abdakibart) for the treatment of moderate to severe hidradenitis suppurativa with the same primary endpoint of HiSCR75 at Week 16.
0001193125-26-215676,yes,"The clinical trial NCT07142707 and the press release both describe a Phase 1 study of MBX 4291 in adults with obesity, specifically referencing the same study design components such as SAD Part A, MAD Part B, and MAD Part C."
0002007919-26-000020,yes,The clinical trial entry and the press release both describe the HexAgon-HN study evaluating INBRX-106 in combination with pembrolizumab for first-line PD-L1 positive HNSCC.
0001628280-26-033883,yes,"The press release explicitly reports on the open-label extension portion of the PALISADE-3 study, which matches the trial name and drug (fasedienol) for social anxiety disorder listed in the ClinicalTrials.gov entry."
0001140361-26-021036,no,"The clinical trial entry NCT07080385 refers to the CALIBRATE-PEDS study for pediatric participants, whereas the press release reports results from the separate CALIBRATE Phase 3 trial for adult participants."
0001193125-26-218150,yes,"The clinical trial entry and the press release both refer to the REVITALYZ phase 3 study evaluating the same drug (FT218, also known as LUMRYZ) for the treatment of idiopathic hypersomnia."
0001193125-26-227875,yes,Both the clinical trial entry and the press release describe a Phase 1/2 study of the drug DT-216P2 in patients with Friedreich's ataxia.
0001193125-26-228956,yes,The clinical trial entry and the press release both evaluate LAM-001 for the treatment of PH-ILD with a primary focus on PVR reduction at 24 weeks.
0001171843-26-003397,no,"The clinical trial entry describes a Phase 3 study for peripheral T-cell lymphoma, whereas the press release reports on a Phase 1 study for atopic dermatitis."
0001628280-26-034834,yes,Both the ClinicalTrials.gov entry and the press release refer to the Phase 1 clinical trial of SENTI-202 for the treatment of relapsed/refractory acute myeloid leukemia (AML).
0001193125-26-229076,yes,"The clinical trial entry and the press release both refer to the RestorAATion-2 trial, which investigates WVE-006 for the treatment of Pi*ZZ alpha-1 antitrypsin deficiency (AATD)."
0001725160-26-000045,yes,"The press release explicitly identifies the study as the MUIR trial (NCT04516447) and reports results for azenosertib in combination with paclitaxel for ovarian cancer, which matches the study design and objectives described in the clinical trial entry."
0001193125-26-234848,yes,Both the ClinicalTrials.gov entry and the press release describe a Phase 1 study of the drug OP-3136 in patients with advanced solid tumors.
0001104659-26-065231,yes,The press release and the clinical trial entry both refer to the Duravelo-2 study (NCT06225596) evaluating zelenectide pevedotin in patients with metastatic urothelial cancer.
0001193125-26-234991,yes,"The clinical trial NCT05655312 and the press release both describe a Phase 1/2a study evaluating [212Pb]VMT01 in patients with MC1R-targeted advanced melanoma, including monotherapy and combination therapy with nivolumab."
0001628280-26-038307,yes,The clinical trial entry and the press release both refer to the ELIMINATE-B study evaluating the drug PBGENE-HBV for the treatment of chronic hepatitis B.
0001714899-26-000070,yes,The clinical trial entry and the press release both refer to the Phase 2 LUMA study evaluating BIIB122 for the treatment of early-stage Parkinson's disease using the same primary endpoint.
0001493152-26-025270,yes,"The clinical trial entry and the press release both describe a Phase 3 study evaluating the same drug, LPCN 1154, for the treatment of postpartum depression."
0001935979-26-000048,yes,"The clinical trial NCT06425159 matches the IGE study described in the press release, as both involve the drug BHV-7000 (opakalim) and share the same primary endpoint of time to the second generalized tonic-clonic seizure in patients with idiopathic generalized epilepsy."
0001437749-26-018586,yes,"Both the ClinicalTrials.gov entry and the press release refer to the Phase 3 ENHANCE trial evaluating a modified, consolidated dosing regimen of ublituximab (BRIUMVI) in patients with relapsing forms of multiple sclerosis."
0001193805-26-000703,yes,Both the clinical trial entry and the press release refer to the phase 2 CALLIPER trial evaluating the drug vidofludimus calcium (IMU-838) for the treatment of progressive multiple sclerosis.
0001104659-26-068604,yes,"The clinical trial NCT06792552 and the press release both refer to a Phase 1 study of the drug SIM0505 in patients with advanced solid tumors, specifically highlighting gynecologic cancers."
0001213900-26-063530,yes,"The clinical trial NCT05200559 evaluates the combination of E7777 (denileukin diftitox-cxdl, marketed as LYMPHIR) and pembrolizumab in patients with solid tumors, which matches the study described in the press release."
0001104659-26-069206,yes,The clinical trial entry and the press release both describe a Phase 3 study of ersodetug for the treatment of tumor hyperinsulinism with the same primary endpoint regarding glucose infusion rate reduction.
0001213900-26-063531,yes,"The clinical trial NCT05200559 and the press release both evaluate the combination of denileukin diftitox (LYMPHIR) and pembrolizumab in patients with recurrent or metastatic solid tumors, specifically focusing on gynecologic malignancies and the depletion of regulatory T-cells."
0001193125-26-251399,yes,"The press release describes the OptimUM-02 trial, which evaluates the combination of darovasertib and crizotinib as first-line therapy for metastatic uveal melanoma, matching the drug, disease, and study design described in NCT05987332."
0001193125-26-254658,yes,The clinical trial entry and the press release both describe a Phase 2 study evaluating Onvansertib in combination with standard of care chemotherapy and bevacizumab for the first-line treatment of RAS-mutated metastatic colorectal cancer.
0001104659-26-069810,yes,"The press release explicitly identifies NCT06260774 as the trial for TTX-MC138 in patients with advanced solid tumors, and the details regarding the drug, study phase, and patient population are consistent between the two sources."
0000950103-26-008465,yes,The clinical trial entry and the press release both refer to the LOTIS-5 Phase 3 trial evaluating loncastuximab tesirine (ZYNLONTA) in combination with rituximab for the treatment of relapsed or refractory diffuse large B-cell lymphoma.
0001193125-26-258372,yes,"The press release reports Phase 1 safety data for CLYM116 in healthy volunteers, which matches the drug and study population described in the clinical trial entry."
0001193125-26-257430,yes,"The press release explicitly references the Phase 1 First-In-Human study of AN2-502998, which matches the drug and study phase described in the ClinicalTrials.gov entry for NCT07024589."
0001104659-26-071211,yes,"The clinical trial NCT06252220 and the press release both describe a Phase 1 study of the drug DA-1726 in obese, otherwise healthy adults."
0001193125-26-263831,yes,"Both the clinical trial entry and the press release describe a Phase 1 study of the drug SL-325 in healthy volunteers, reporting consistent findings regarding safety, tolerability, and immunogenicity."
0001104659-26-072633,yes,The clinical trial NCT03799744 and the press release both report on a Phase 1 study of VCN-01 in combination with durvalumab for the treatment of head and neck squamous cell carcinoma.
0001104659-26-072382,yes,"The clinical trial NCT05908084 and the V012 study described in the press release both evaluate the efficacy and safety of the ATEV compared to an AV fistula in female patients with end-stage renal disease, sharing the same primary endpoints."
0001549595-26-000034,yes,"The press release explicitly identifies the study as the NX-5948 Phase 1a/b trial, which matches the drug (NX-5948/bexobrutideg) and the disease (relapsed/refractory CLL/SLL) described in the ClinicalTrials.gov entry."
0001619856-26-000043,yes,"The press release explicitly identifies the results as coming from the ANTLER phase 1 clinical trial, which matches the trial title and purpose described in the ClinicalTrials.gov entry for NCT04637763."
0001193125-26-266688,yes,"The press release explicitly references NCT07043946 and describes the same drug, budoprutug, and the same disease, immune thrombocytopenia, as the clinical trial entry."
0001193125-26-266731,yes,"The press release explicitly identifies the ENABLE trial as NCT05304377 and reports data for ELVN-001 in patients with chronic myeloid leukemia, matching the drug and disease specified in the clinical trial entry."
0001636282-26-000083,yes,"The press release and the ClinicalTrials.gov entry both refer to the SKYLINE-UC trial, which is a Phase 2 study evaluating SPY002 for the treatment of moderate to severe ulcerative colitis."
0001628280-26-043170,yes,"Both the ClinicalTrials.gov entry and the press release describe a Phase 2 study of setmelanotide in patients with Prader-Willi syndrome, and the press release explicitly mentions the 52-week duration and the ongoing nature of the trial described in the entry."
0001601485-26-000046,yes,"The clinical trial entry and the press release both refer to the AMPLIFY-7P study evaluating ELI-002 7P in patients with KRAS-mutated solid tumors, specifically focusing on pancreatic ductal adenocarcinoma in the adjuvant setting."
0001493152-26-028807,yes,"The clinical trial entry and the press release both describe a Phase 1 study of HCW9302 monotherapy for the treatment of alopecia areata, with matching objectives regarding dose escalation and determining the recommended Phase 2 dose."
0001171843-26-004119,yes,"The press release explicitly identifies the study as the TUSCANY trial (NCT03850574) and reports on the same drug (tuspetinib) for the treatment of acute myeloid leukemia (AML), with the differences in patient population (newly diagnosed vs. relapsed/refractory) representing different cohorts or expansions within the same phase 1/2 clinical trial framework."
0001104659-26-076044,yes,"The clinical trial entry and the press release both refer to the same drug, AMT-260, and the same disease, refractory mesial temporal lobe epilepsy, and the press release explicitly cites the trial ID NCT06063850."
0001193125-26-276693,yes,The clinical trial NCT05473910 and the press release both refer to the ALLOHA Phase 1 study evaluating the T-cell therapy TSC-101 in patients with hematologic malignancies undergoing allogeneic hematopoietic cell transplantation.
0001672688-26-000118,yes,The press release explicitly identifies the HEADLINE trial as NCT07317544 and describes the same drug (ABS-201) and disease (androgenetic alopecia) as the clinical trial entry.
0001193125-26-276738,yes,The clinical trial entry and the press release both refer to the REVEAL pivotal study evaluating TSHA-102 gene therapy for the treatment of Rett syndrome.
0001437749-26-022088,yes,The press release and the clinical trial entry both refer to the Phase 2/3 MIRACLE trial evaluating L-Annamycin in combination with cytarabine for the treatment of relapsed or refractory acute myeloid leukemia.
0001628280-26-046143,yes,The clinical trial entry and the press release both refer to the PALISADE-4 Phase 3 trial evaluating fasedienol nasal spray for the treatment of social anxiety disorder using the SUDS as the primary endpoint.
0001193125-26-286918,yes,The clinical trial entry and the press release both describe a Phase 2b trial of the drug EVO756 for the treatment of moderate-to-severe chronic spontaneous urticaria (CSU) with the same primary endpoint of mean change in UAS7 at 12 weeks.
0001517022-26-000047,yes,The clinical trial entry and the press release both refer to the VOICE trial (NCT06520826) evaluating Vafseo (vadadustat) for the treatment of anemia in patients with chronic kidney disease on dialysis.
0001104659-26-080930,no,"The clinical trial entry describes a study of TTI-101 for hepatocellular carcinoma, whereas the press release reports on a Phase 1 study of a different drug, TTI-109, in healthy volunteers."
0001193125-26-298005,yes,"The clinical trial entry NCT06801067 and the press release both evaluate the drug SER-155 for the treatment of diarrhea associated with immune checkpoint inhibitor therapy, specifically identifying the same study conducted at Memorial Sloan Kettering."
0001140361-26-028092,yes,The press release and the ClinicalTrials.gov entry both refer to the CARDIO-TTRansform Phase 3 trial evaluating eplontersen for the treatment of transthyretin-mediated amyloid cardiomyopathy (ATTR-CM) using the same primary endpoint.
0001193125-26-299177,yes,"The press release and the clinical trial entry both describe a study of FB102 for the treatment of vitiligo, and the results reported in the press release align with the study design and endpoints mentioned in the trial entry."
0001193125-26-301464,yes,"The clinical trial entry and the press release both refer to the SIGNAL-AA Phase 2a trial evaluating bempikibart for the treatment of alopecia areata, with matching primary endpoints related to SALT score changes."
0001493152-26-033289,no,"The clinical trial entry describes a study of AZD9291 (osimertinib) as a monotherapy, whereas the press release reports on a study of ENV-105 (carotuximab) in combination with osimertinib."
0001140361-26-028602,yes,"The press release describes an open-label extension study for Treprostinil Palmitil Inhalation Powder in patients with pulmonary arterial hypertension, which is a continuation of the lead-in study NCT05147805."
0001437749-26-023538,yes,"The press release explicitly identifies the RewinD-LB trial as the source of the data, which matches the trial name and study focus on neflamapimod for dementia with Lewy bodies described in the ClinicalTrials.gov entry."
0001125345-26-000050,yes,"The clinical trial entry and the press release both describe a Phase 1 study of the drug MGC026 in patients with advanced solid tumors, and the press release explicitly references the trial identifier NCT06242470."
0001104659-26-087269,yes,The clinical trial entry and the press release both refer to the PRECISE-AD trial evaluating the drug PMN310 in patients with Alzheimer's disease.
0001193125-26-316820,no,"The clinical trial entry is for the treatment of Alzheimer's Disease Psychosis, whereas the press release reports results for the treatment of schizophrenia."
0001326190-26-000044,yes,The clinical trial entry and the press release both report on the RECLAIM Phase 2 study evaluating the efficacy of pemvidutide for the treatment of alcohol use disorder.
0001104659-26-087891,yes,Both the ClinicalTrials.gov entry and the press release refer to the HOPE-3 Phase 3 clinical trial evaluating Deramiocel (CAP-1002) for the treatment of Duchenne muscular dystrophy.
0001140361-26-030568,yes,"Both the clinical trial entry and the press release refer to the same gene therapy, RP-A501, for the treatment of Danon disease in a Phase 2 trial."
0001193125-26-336867,yes,Both the ClinicalTrials.gov entry and the press release refer to the FORWARD study evaluating tanruprubart for the treatment of Guillain-Barré syndrome.
0001520138-26-000312,yes,"The clinical trial entry and the press release both refer to the Phase 2 SUNRISE-PD trial for the treatment of early-stage Parkinson's disease, with NE3107 being the developmental code name for the drug bezisterim."
0001628280-26-054341,yes,The clinical trial NCT06809179 and the press release both describe an exploratory Phase 2 study evaluating the efficacy and safety of repeat doses of fasedienol nasal spray for the acute treatment of social anxiety disorder.
0001703057-26-000053,yes,"Both the ClinicalTrials.gov entry and the press release refer to the same drug, ABCL635, and the same condition, vasomotor symptoms of menopause, in a Phase 1/2 clinical trial."
0001193125-26-341236,yes,The clinical trial entry and the press release both refer to the Phase 3 LEVEL trial (NCT05983250) evaluating levosimendan (TNX-103) for the treatment of PH-HFpEF with the same primary endpoint of 6-minute walk distance.
0001829126-26-008654,no,The clinical trial NCT02704858 is for a different drug and study design than the NEO100-01 study reported in the press release.
0001193125-26-354716,yes,"The clinical trial entry and the press release both refer to the Phase 3 LUCIDITY trial evaluating avexitide for the treatment of post-bariatric hypoglycemia, sharing the same primary endpoint and study duration."
0001636282-26-000105,yes,"The press release explicitly identifies the study as the SKYWAY basket trial (NCT07148414) and reports results for the rheumatoid arthritis sub-study, which is one of the conditions listed in the clinical trial entry."
0001193125-26-341230,yes,The clinical trial entry NCT07108153 and the press release both describe the PreciSION CF Phase 2a proof-of-concept trial evaluating SION-719 as an add-on to Trikafta in patients with cystic fibrosis.
0001104659-26-104145,yes,The clinical trial entry NCT05966480 and the press release both refer to the LUMUS trial evaluating the drug envudeucitinib (ESK-001) for the treatment of systemic lupus erythematosus (SLE) with the same primary endpoint of BICLA response at Week 48.
0001193125-26-372456,yes,"The clinical trial entry and the press release both refer to the ACACIA-HCM trial evaluating aficamten for the treatment of symptomatic non-obstructive hypertrophic cardiomyopathy, sharing the same primary endpoints of KCCQ-CSS and pVO2 at 36 weeks."
