cik,adsh,doc_name,file_date,company,sic,items,phrases
0001434868,0001104659-18-029542,a18-12501_28k.htm,2018-05-02,"Esperion Therapeutics, Inc.  (ESPR)  (CIK 0001434868)",2834,8.01;9.01,top-line results
0001261249,0001104659-18-030441,a18-12631_18k.htm,2018-05-04,"AGILE THERAPEUTICS INC  (AGRX, AGXRW)  (CIK 0001261249)",2834,8.01;9.01,results from the Phase
0000764195,0001493152-18-006526,ex99-2.htm,2018-05-10,VBI Vaccines Inc/BC  (VBIVQ)  (CIK 0000764195),2834,7.01;8.01;9.01,top-line results
0001434647,0001437749-18-009447,ex_112582.htm,2018-05-10,"KEMPHARM, INC  (ZVRA)  (CIK 0001434647)",2834,2.02;9.01,preliminary data;primary endpoint;statistically significant;topline data;topline results
0001582313,0001564590-18-013520,xene-ex991_6.htm,2018-05-15,Xenon Pharmaceuticals Inc.  (XENE)  (CIK 0001582313),2834,8.01;9.01,clinical data;interim data
0001183765,0001171843-18-004015,exh_991.htm,2018-05-16,"Molecular Templates, Inc.  (MTEM)  (CIK 0001183765)",2834,8.01;9.01,clinical data
0001628738,0001564590-18-013716,bold-8k_20180516.htm,2018-05-16,"Audentes Therapeutics, Inc.  (CIK 0001628738)",2836,8.01;9.01,interim data
0000855654,0001104659-18-033970,a18-13726_1ex99d1.htm,2018-05-17,IMMUNOGEN INC  (CIK 0000855654),2834,8.01;9.01,initial data;positive data
0001260990,0001104659-18-034434,a18-13789_1ex99d1.htm,2018-05-18,GTX INC /DE/  (ONCT)  (CIK 0001260990),2834,8.01;9.01,positive results;primary endpoint;statistically significant;top-line results
0000357097,0001628280-18-007001,a052118finalfcscfcx007v9.htm,2018-05-21,"Fibrocell Science, Inc.  (CIK 0000357097)",2834,8.01;9.01,interim data
0000921299,0001193125-18-169689,d582567dex991.htm,2018-05-21,FIBROGEN INC  (FGEN)  (CIK 0000921299),2834,8.01;9.01,primary endpoint;statistically significant
0001485003,0001485003-18-000075,vistaauapresentation2018.htm,2018-05-21,"Sesen Bio, Inc.  (CARM)  (CIK 0001485003)",2834,8.01;9.01,primary endpoint
0001485003,0001485003-18-000077,sesn-auadataprvfinal.htm,2018-05-21,"Sesen Bio, Inc.  (CARM)  (CIK 0001485003)",2834,8.01;9.01,efficacy data;primary endpoint
0001641640,0001104659-18-034636,a18-13938_18k.htm,2018-05-21,Nabriva Therapeutics plc  (CIK 0001641640),2834,7.01;8.01;9.01,topline results
0001347178,0001193125-18-172007,d564013dex991.htm,2018-05-23,Vanda Pharmaceuticals Inc.  (VNDA)  (CIK 0001347178),2834,8.01;9.01,primary endpoint
0001434868,0001104659-18-035292,a18-14203_18k.htm,2018-05-23,"Esperion Therapeutics, Inc.  (ESPR)  (CIK 0001434868)",2834,8.01;9.01,primary endpoint
0001430306,0001615774-18-004308,s110252_ex99-01.htm,2018-05-24,Tonix Pharmaceuticals Holding Corp.  (TNXP)  (CIK 0001430306),2834,8.01;9.01,topline data
0001358762,0001564590-18-014356,reta-8k_20180525.htm,2018-05-25,REATA PHARMACEUTICALS INC  (CIK 0001358762),2834,8.01;9.01,interim data
0001347613,0001104659-18-036423,a18-14478_1ex99d1.htm,2018-05-29,"SYNERGY PHARMACEUTICALS, INC.  (CIK 0001347613)",2834,8.01;9.01,efficacy data
0001174940,0001193125-18-177717,d596803d8k.htm,2018-05-30,ORAGENICS INC  (OGEN)  (CIK 0001174940),2834,8.01;9.01,positive results
0000921299,0001193125-18-179489,d598105d8k.htm,2018-05-31,FIBROGEN INC  (FGEN)  (CIK 0000921299),2834,8.01;9.01,topline results
0001157601,0001104659-18-036933,a18-14602_1ex99d1.htm,2018-05-31,"MADRIGAL PHARMACEUTICALS, INC.  (MDGL)  (CIK 0001157601)",2834,8.01;9.01,primary endpoint;statistically significant
0001430306,0001615774-18-004663,s110564_ex99-02.htm,2018-05-31,Tonix Pharmaceuticals Holding Corp.  (TNXP)  (CIK 0001430306),2834,7.01;8.01;9.01,data from the Phase;topline data
0001403752,0001193125-18-181722,d557578d8k.htm,2018-06-01,Zymeworks Inc.  (CIK 0001403752),2834,8.01;9.01,clinical data
0000906709,0001615774-18-004763,s110616_8k.htm,2018-06-04,NEKTAR THERAPEUTICS  (NKTR)  (CIK 0000906709),2834,8.01,clinical data;interim data;preliminary data
0000921299,0001193125-18-182512,d590719dex991.htm,2018-06-04,FIBROGEN INC  (FGEN)  (CIK 0000921299),2834,8.01;9.01,statistically significant
0001001316,0001654954-18-006261,v060418_8kv1.htm,2018-06-04,"TG THERAPEUTICS, INC.  (TGTX)  (CIK 0001001316)",2834,8.01;9.01,clinical data
0001100412,0001100412-18-000011,ascocolumbusdatareleasefin.htm,2018-06-04,ARRAY BIOPHARMA INC  (CIK 0001100412),2834,7.01,primary endpoint;results from the Phase
0001175505,0001193125-18-182405,d588733dex991.htm,2018-06-04,FIVE PRIME THERAPEUTICS INC  (CIK 0001175505),2834,8.01;9.01,statistically significant
0001183765,0001171843-18-004400,exh_991.htm,2018-06-04,"Molecular Templates, Inc.  (MTEM)  (CIK 0001183765)",2834,8.01;9.01,clinical data
0001262104,0001193125-18-182566,d596104d8k.htm,2018-06-04,"MEI Pharma, Inc.  (MEIP)  (CIK 0001262104)",2834,8.01;9.01,clinical data
0001401667,0001193125-18-182600,d596483d8k.htm,2018-06-04,"PUMA BIOTECHNOLOGY, INC.  (PBYI)  (CIK 0001401667)",2834,8.01,results from the Phase
0001439222,0001193125-18-182618,d565101d8k.htm,2018-06-04,AGIOS PHARMACEUTICALS INC  (AGIO)  (CIK 0001439222),2834,8.01;9.01,clinical data
0001501989,0001193125-18-182602,d596961d8k.htm,2018-06-04,"CytomX Therapeutics, Inc.  (CTMX)  (CIK 0001501989)",2834,8.01,clinical data
0001581720,0001104659-18-037792,a18-14651_18k.htm,2018-06-04,"Loxo Oncology, Inc.  (CIK 0001581720)",2834,7.01;9.01,clinical data
0001621227,0001104659-18-037806,a18-14776_18k.htm,2018-06-04,Adaptimmune Therapeutics PLC  (ADAP)  (CIK 0001621227),2836,8.01;9.01,initial data
0001640455,0001640455-18-000064,jnce060420188-k.htm,2018-06-04,"Jounce Therapeutics, Inc.  (CIK 0001640455)",2836,7.01;9.01,efficacy data
0001654151,0001193125-18-182449,d596074dex991.htm,2018-06-04,"Deciphera Pharmaceuticals, Inc.  (CIK 0001654151)",2834,7.01;9.01,preliminary data;primary endpoint
0001654151,0001193125-18-183495,d594238dex992.htm,2018-06-04,"Deciphera Pharmaceuticals, Inc.  (CIK 0001654151)",2834,8.01;9.01,clinical data;interim data;primary endpoint
0000835887,0001437749-18-011261,ex_115928.htm,2018-06-05,PROGENICS PHARMACEUTICALS INC  (CIK 0000835887),2834,7.01;9.01,primary endpoint
0001029142,0001193125-18-183849,d775958dex991.htm,2018-06-05,DYNAVAX TECHNOLOGIES CORP  (DVAX)  (CIK 0001029142),2834,8.01;9.01,results from the Phase
0001280600,0001280600-18-000035,xlrn-20180605form8xkex991.htm,2018-06-05,ACCELERON PHARMA INC  (CIK 0001280600),2836,8.01;9.01,results from the Phase;top-line results
0001347613,0001104659-18-038489,a18-14478_2ex99d1.htm,2018-06-06,"SYNERGY PHARMACEUTICALS, INC.  (CIK 0001347613)",2834,8.01;9.01,efficacy data
0001445283,0001193125-18-185615,d598426d8k.htm,2018-06-06,"PROTEOSTASIS THERAPEUTICS, INC.  (KA)  (CIK 0001445283)",2834,7.01;8.01;9.01,initial data;positive results;statistically significant
0001403752,0001193125-18-185821,d596080d8k.htm,2018-06-07,Zymeworks Inc.  (CIK 0001403752),2834,8.01;9.01,clinical data
0000819050,0001171843-18-004545,exh_991.htm,2018-06-11,VICAL INC  (FRTX)  (CIK 0000819050),2836,8.01;9.01,primary endpoint;top-line results
0001158780,0001178913-18-001893,zk1821796.htm,2018-06-12,PLURISTEM THERAPEUTICS INC  (PLUR)  (CIK 0001158780),2836,8.01,top-line results
0001641489,0001564590-18-015482,vtvt-8k_20180612.htm,2018-06-12,vTv Therapeutics Inc.  (VTVT)  (CIK 0001641489),2834,7.01;9.01,topline results
0001595097,0001493152-18-008575,ex99-1.htm,2018-06-13,"Corbus Pharmaceuticals Holdings, Inc.  (CRBP)  (CIK 0001595097)",2834,7.01;8.01;9.01,efficacy data
0001001316,0001654954-18-006703,v061518_8k.htm,2018-06-15,"TG THERAPEUTICS, INC.  (TGTX)  (CIK 0001001316)",2834,8.01;9.01,clinical data
0001293971,0001564590-18-015655,blue-8k_20180615.htm,2018-06-15,"bluebird bio, Inc.  (BLUE)  (CIK 0001293971)",2836,7.01;8.01;9.01,clinical data
0001453687,0001453687-18-000039,exhibit991_pressrelease.htm,2018-06-15,SELECTA BIOSCIENCES INC  (RNAC)  (CIK 0001453687),2834,5.02;7.01;8.01;9.01,data from the Phase
0001597264,0001558370-18-005297,ex-99d1.htm,2018-06-15,Blueprint Medicines Corp  (BPMC)  (CIK 0001597264),2834,7.01;9.01,clinical data
0001629137,0001171843-18-004660,exh_991.htm,2018-06-15,"Global Blood Therapeutics, Inc.  (CIK 0001629137)",2834,8.01;9.01,clinical data
0001651308,0001171843-18-004688,exh_991.htm,2018-06-15,"BeiGene, Ltd.  (BGNE, BEIGF)  (CIK 0001651308)",2834,8.01;9.01,clinical data
0001001316,0001654954-18-006743,v061818_8k.htm,2018-06-18,"TG THERAPEUTICS, INC.  (TGTX)  (CIK 0001001316)",2834,8.01;9.01,clinical data
0001061983,0001171843-18-004697,exh_991.htm,2018-06-18,CYTOKINETICS INC  (CYTK)  (CIK 0001061983),2834,8.01;9.01,data from the Phase;primary endpoint;statistically significant
0000873303,0001564590-18-015793,srpt-ex991_7.htm,2018-06-19,"Sarepta Therapeutics, Inc.  (SRPT)  (CIK 0000873303)",2834,7.01;9.01,positive results;preliminary data
0001280600,0001280600-18-000042,xlrn-20180620form8kex991.htm,2018-06-20,ACCELERON PHARMA INC  (CIK 0001280600),2836,8.01;9.01,top-line results
0000818033,0001193125-18-198673,d611150d8k.htm,2018-06-21,"HERON THERAPEUTICS, INC. /DE/  (HRTX)  (CIK 0000818033)",2834,7.01;9.01,topline results
0001494650,0001494650-18-000074,a20180620exhance-12announc.htm,2018-06-21,"OptiNose, Inc.  (OPTN)  (CIK 0001494650)",2834,8.01;9.01,statistically significant
0000818033,0001193125-18-202464,d601588dex991.htm,2018-06-25,"HERON THERAPEUTICS, INC. /DE/  (HRTX)  (CIK 0000818033)",2834,8.01;9.01,positive results;primary endpoint;topline results
0001100412,0001100412-18-000013,arraybeaconesmogi62218fi.htm,2018-06-25,ARRAY BIOPHARMA INC  (CIK 0001100412),2834,7.01;9.01,primary endpoint
0001374690,0001193125-18-201664,d466524dex991.htm,2018-06-25,"ZAFGEN, INC.  (LRMR)  (CIK 0001374690)",2834,7.01;9.01,clinical data;statistically significant
0001563855,0001437749-18-012318,ex_116884.htm,2018-06-25,SOPHIRIS BIO INC.  (CIK 0001563855),2834,8.01;9.01,data from the Phase
0001339970,0001193125-18-203109,d831924d8k.htm,2018-06-26,aTYR PHARMA INC  (ATYR)  (CIK 0001339970),2836,7.01;8.01;9.01,top-line results
0001213037,0001193125-18-205087,d797957d8k.htm,2018-06-27,"Trovagene, Inc.  (CRDF)  (CIK 0001213037)",2836,8.01;9.01,clinical data
0001346830,0001193125-18-205700,d851937d8k.htm,2018-06-27,"Cara Therapeutics, Inc.  (CARA)  (CIK 0001346830)",2834,8.01;9.01,top-line data
0001404644,0001193125-18-204812,d849855dex991.htm,2018-06-27,"AQUINOX PHARMACEUTICALS, INC  (NGNE)  (CIK 0001404644)",2834,8.01;9.01,primary endpoint;statistically significant;topline results
0001629137,0001171843-18-004849,exh_991.htm,2018-06-27,"Global Blood Therapeutics, Inc.  (CIK 0001629137)",2834,8.01;9.01,clinical data;primary endpoint;statistically significant;top-line data
0001720893,0001104659-18-042589,a18-16160_18k.htm,2018-06-27,"BioXcel Therapeutics, Inc.  (BTAI)  (CIK 0001720893)",2834,8.01;9.01,positive data
0000816284,0001144204-18-036399,tv497569_8k.htm,2018-06-28,CELGENE CORP /DE/  (CIK 0000816284),2834,8.01;9.01,primary endpoint;statistically significant
0001280600,0001280600-18-000044,xlrn-20180628ex991.htm,2018-06-28,ACCELERON PHARMA INC  (CIK 0001280600),2836,8.01;9.01,primary endpoint;statistically significant;top-line results
0001501697,0001193125-18-206538,d641974dex991.htm,2018-06-28,"Arsanis, Inc.  (XFOR, XFOWW)  (CIK 0001501697)",2836,8.01;9.01,clinical data
0001126234,0001126234-18-000108,nlnk-20180702x8kxex991.htm,2018-07-02,NEWLINK GENETICS CORP  (LUMO)  (CIK 0001126234),2834,8.01;9.01,efficacy data
0001604191,0001654954-18-007269,ex99-1.htm,2018-07-03,"AzurRx BioPharma, Inc.  (ENTO)  (CIK 0001604191)",2834,8.01;9.01,data from the Phase;initial data
0001621443,0001104659-18-043916,a18-16397_18k.htm,2018-07-05,"Zynerba Pharmaceuticals, Inc.  (CIK 0001621443)",2834,8.01;9.01,top-line results
0000816284,0001144204-18-037719,tv498220_8k.htm,2018-07-09,CELGENE CORP /DE/  (CIK 0000816284),2834,8.01;9.01,primary endpoint;statistically significant
0001280600,0001280600-18-000046,xlrn-20180709ex991.htm,2018-07-09,ACCELERON PHARMA INC  (CIK 0001280600),2836,8.01;9.01,primary endpoint;statistically significant
0001434647,0001437749-18-013068,ex_117455.htm,2018-07-09,"KEMPHARM, INC  (ZVRA)  (CIK 0001434647)",2834,7.01;8.01;9.01,clinical data;primary endpoint;statistically significant;top-line results
0001701108,0001193125-18-214220,d698178d8k.htm,2018-07-09,"Spero Therapeutics, Inc.  (SPRO)  (CIK 0001701108)",2834,7.01;9.01,clinical data;interim data
0000881524,0001104659-18-044447,a18-17019_18k.htm,2018-07-10,VIVUS INC  (CIK 0000881524),2834,8.01;9.01,positive results
0001375151,0001193125-18-216483,d489105d8k.htm,2018-07-12,"ZOGENIX, INC.  (CIK 0001375151)",2834,8.01,primary endpoint;statistically significant;top-line data;top-line results
0001621443,0001104659-18-044790,a18-16527_28k.htm,2018-07-12,"Zynerba Pharmaceuticals, Inc.  (CIK 0001621443)",2834,8.01;9.01,clinical data
0001080709,0001564590-18-016892,arna-8k_20180717.htm,2018-07-17,ARENA PHARMACEUTICALS INC  (CIK 0001080709),2834,7.01,top-line results;topline results
0001279704,0001144204-18-038672,tv498708_ex99-1.htm,2018-07-17,"Cellectar Biosciences, Inc.  (CLRB)  (CIK 0001279704)",2834,7.01;9.01,primary endpoint
0001124105,0001193125-18-220636,d559464d8k.htm,2018-07-18,"CATALYST BIOSCIENCES, INC.  (GYRE)  (CIK 0001124105)",2834,8.01;9.01,interim data
0001279704,0001144204-18-038862,tv498814_8k.htm,2018-07-18,"Cellectar Biosciences, Inc.  (CLRB)  (CIK 0001279704)",2834,7.01;9.01,interim data
0001358762,0001564590-18-017084,reta-ex991_35.htm,2018-07-23,REATA PHARMACEUTICALS INC  (CIK 0001358762),2834,8.01;9.01,primary endpoint;statistically significant
0001583771,0001104659-18-046458,a18-17590_1ex99d1.htm,2018-07-23,"ContraVir Pharmaceuticals, Inc.  (HEPA, CTRVP)  (CIK 0001583771)",2834,8.01;9.01,initial data;preliminary data
0001656328,0001193125-18-224701,d550872dex991.htm,2018-07-24,"Sienna Biopharmaceuticals, Inc.  (CIK 0001656328)",2834,8.01;9.01,efficacy data;topline data
0001360214,0001493152-18-010414,ex99-1.htm,2018-07-25,"Imprimis Pharmaceuticals, Inc.  (HROW, HROWL, HROWM)  (CIK 0001360214)",2834,8.01;9.01,statistically significant;top-line results
0001410098,0001654954-18-008007,crmd_8k.htm,2018-07-25,CorMedix Inc.  (CRMD)  (CIK 0001410098),2834,8.01;9.01,positive results
0001539029,0001564590-18-017423,clsd-8k_20180725.htm,2018-07-25,"Clearside Biomedical, Inc.  (CLSD)  (CIK 0001539029)",2834,7.01;9.01,clinical data
0001720580,0001193125-18-225295,d549570d8k.htm,2018-07-25,"resTORbio, Inc.  (ACET)  (CIK 0001720580)",2834,7.01;9.01,topline results
0000882796,0001171843-18-005403,exh_991.htm,2018-07-26,BIOCRYST PHARMACEUTICALS INC  (BCRX)  (CIK 0000882796),2836,7.01;9.01,positive results;results from the Phase
0001100412,0001100412-18-000015,draft8k726az.htm,2018-07-26,ARRAY BIOPHARMA INC  (CIK 0001100412),2834,7.01,primary endpoint
0001651308,0001104659-18-047412,a18-17578_28k.htm,2018-07-26,"BeiGene, Ltd.  (BGNE, BEIGF)  (CIK 0001651308)",2834,1.01;8.01;9.01,topline results
0001430306,0001615774-18-006927,s111593_ex99-01.htm,2018-07-27,Tonix Pharmaceuticals Holding Corp.  (TNXP)  (CIK 0001430306),2834,8.01;9.01,primary endpoint
0001651308,0001104659-18-047866,a18-17930_18k.htm,2018-07-30,"BeiGene, Ltd.  (BGNE, BEIGF)  (CIK 0001651308)",2834,8.01,topline results
0001714899,0001714899-18-000003,exh991lrrk2pressrelease.htm,2018-08-01,Denali Therapeutics Inc.  (DNLI)  (CIK 0001714899),2836,8.01;9.01,clinical data;data from the Phase;positive results
0001636651,0001564590-18-019277,ovid-8k_20180806.htm,2018-08-06,Ovid Therapeutics Inc.  (OVID)  (CIK 0001636651),2834,8.01;9.01,topline data
0001600132,0001600132-18-000128,a8-kaugust2018studydataex9.htm,2018-08-07,"Bellerophon Therapeutics, Inc.  (BLPH)  (CIK 0001600132)",2834,8.01;9.01,positive data;primary endpoint;top-line results
0001082554,0001104659-18-050259,a18-18453_18k.htm,2018-08-08,UNITED THERAPEUTICS Corp  (UTHR)  (CIK 0001082554),2834,8.01;9.01,primary endpoint
0001682639,0001144204-18-044009,tv500728_8k.htm,2018-08-13,"EYENOVIA, INC.  (EYEN)  (CIK 0001682639)",2834,7.01;9.01,positive results
0001053369,0001144204-18-044482,tv500994_8k.htm,2018-08-14,ELITE PHARMACEUTICALS INC /NV/  (ELTP)  (CIK 0001053369),2834,7.01;9.01,topline results
0001124105,0001193125-18-249889,d610054d8k.htm,2018-08-15,"CATALYST BIOSCIENCES, INC.  (GYRE)  (CIK 0001124105)",2834,1.01;2.03;8.01;9.01,interim data
0001337553,0001193125-18-249109,d604455dex991.htm,2018-08-15,AERIE PHARMACEUTICALS INC  (CIK 0001337553),2836,7.01;9.01,primary endpoint;statistically significant
0001279704,0001144204-18-045577,tv501378_ex99-1.htm,2018-08-20,"Cellectar Biosciences, Inc.  (CLRB)  (CIK 0001279704)",2834,7.01;9.01,positive results
0001430306,0001615774-18-008412,s112214_ex99-02.htm,2018-08-21,Tonix Pharmaceuticals Holding Corp.  (TNXP)  (CIK 0001430306),2834,7.01;9.01,primary endpoint
0001430306,0001615774-18-008538,s112271_8k.htm,2018-08-23,Tonix Pharmaceuticals Holding Corp.  (TNXP)  (CIK 0001430306),2834,8.01,primary endpoint
0001434868,0001104659-18-053610,a18-21191_18k.htm,2018-08-27,"Esperion Therapeutics, Inc.  (ESPR)  (CIK 0001434868)",2834,8.01;9.01,top-line results
0001012477,0001012477-18-000025,icspressrelease_updatedx08.htm,2018-08-29,AVADEL PHARMACEUTICALS PLC  (AVDL)  (CIK 0001012477),2834,8.01;9.01,statistically significant
0001582313,0001564590-18-022422,xene-ex991_7.htm,2018-08-29,Xenon Pharmaceuticals Inc.  (XENE)  (CIK 0001582313),2834,8.01;9.01,clinical data;positive data;positive results;statistically significant
0001326190,0001193125-18-265020,d614112d8k.htm,2018-08-31,"Altimmune, Inc.  (ALT)  (CIK 0001326190)",2834,5.02;5.07;8.01;9.01,initial data
0000882796,0001171843-18-006354,exh_991.htm,2018-09-04,BIOCRYST PHARMACEUTICALS INC  (BCRX)  (CIK 0000882796),2836,8.01;9.01,efficacy data;positive results
0000882796,0001171843-18-006363,exh_991.htm,2018-09-04,BIOCRYST PHARMACEUTICALS INC  (BCRX)  (CIK 0000882796),2836,8.01;9.01,efficacy data;positive results
0001326190,0001193125-18-266160,d617294d8k.htm,2018-09-04,"Altimmune, Inc.  (ALT)  (CIK 0001326190)",2834,8.01;9.01,positive data
0001372514,0001144204-18-047702,tv502229_8k.htm,2018-09-04,"EYEGATE PHARMACEUTICALS INC  (KPRX, KPHMW)  (CIK 0001372514)",2834,8.01;9.01,top-line results
0001492422,0001193125-18-265528,d617643dex991.htm,2018-09-04,"Apellis Pharmaceuticals, Inc.  (APLS)  (CIK 0001492422)",2834,8.01;9.01,clinical data;primary endpoint
0001636282,0001564590-18-022572,agle-ex991_327.htm,2018-09-04,"Aeglea BioTherapeutics, Inc.  (SYRE)  (CIK 0001636282)",2834,7.01;9.01,clinical data;interim data
0001293971,0001564590-18-022630,blue-8k_20180905.htm,2018-09-05,"bluebird bio, Inc.  (BLUE)  (CIK 0001293971)",2836,8.01;9.01,initial data;results from the Phase
0001399529,0001193125-18-266656,d619088d8k.htm,2018-09-05,Dicerna Pharmaceuticals Inc  (CIK 0001399529),2834,8.01,interim data
0001491576,0001104659-18-055203,a18-26058_1ex99d1.htm,2018-09-05,"TESARO, Inc.  (CIK 0001491576)",2834,7.01;9.01,primary endpoint
0001588972,0001193125-18-266683,d603527dex991.htm,2018-09-05,"Recro Pharma, Inc.  (CIK 0001588972)",2834,8.01;9.01,clinical data
0001651407,0001144204-18-048216,tv502388_8k.htm,2018-09-06,"Checkpoint Therapeutics, Inc.  (CKPT)  (CIK 0001651407)",2834,8.01;9.01,efficacy data
0000835887,0001437749-18-016923,ex_123866.htm,2018-09-12,PROGENICS PHARMACEUTICALS INC  (CIK 0000835887),2834,7.01;9.01,primary endpoint;top-line data
0001280776,0001171843-18-006497,exh_991.htm,2018-09-12,VITAL THERAPIES INC  (IMUX)  (CIK 0001280776),2834,8.01;9.01,primary endpoint;statistically significant;topline results
0001660334,0001193125-18-271781,d630711d8k.htm,2018-09-12,Verrica Pharmaceuticals Inc.  (VRCA)  (CIK 0001660334),2834,7.01;9.01,positive results
0001488039,0001615774-18-009490,s112679_ex99-1.htm,2018-09-13,ATOSSA GENETICS INC  (ATOS)  (CIK 0001488039),2834,7.01;8.01;9.01,primary endpoint
0001503802,0001193125-18-273420,d622053d8k.htm,2018-09-14,Karyopharm Therapeutics Inc.  (KPTI)  (CIK 0001503802),2834,8.01;9.01,clinical data;data from the Phase
0001385818,0001213900-18-012620,f8k091718ex99-1_aytubio.htm,2018-09-17,"AYTU BIOSCIENCE, INC  (AYTU)  (CIK 0001385818)",2834,7.01;9.01,preliminary data;statistically significant
0001730430,0001104659-18-057064,a18-30113_18k.htm,2018-09-17,"Kiniksa Pharmaceuticals, Ltd.  (KNSA)  (CIK 0001730430)",2834,7.01;9.01,clinical data;positive results;preliminary data
0001583771,0001104659-18-057358,a18-31085_1ex99d1.htm,2018-09-18,"ContraVir Pharmaceuticals, Inc.  (HEPA, CTRVP)  (CIK 0001583771)",2834,8.01;9.01,positive results
0001607678,0001564590-18-023246,vktx-ex991_6.htm,2018-09-18,"Viking Therapeutics, Inc.  (VKTX)  (CIK 0001607678)",2834,7.01;9.01,primary endpoint;statistically significant;top-line results
0000921299,0001193125-18-278131,d627812d8k.htm,2018-09-20,FIBROGEN INC  (FGEN)  (CIK 0000921299),2834,8.01;9.01,topline results
0001133416,0001193125-18-278101,d626312dex991.htm,2018-09-20,GALECTIN THERAPEUTICS INC  (GALT)  (CIK 0001133416),2834,8.01;9.01,clinical data;positive results
0001006281,0001144204-18-050260,tv503284_8k.htm,2018-09-21,"Protalix BioTherapeutics, Inc.  (PLX)  (CIK 0001006281)",2836,7.01;9.01,preliminary data
0001260990,0001104659-18-057922,a18-31242_18k.htm,2018-09-21,GTX INC /DE/  (ONCT)  (CIK 0001260990),2834,8.01;9.01,primary endpoint
0000897448,0001193125-18-280561,d629023d8k.htm,2018-09-24,AMARIN CORP PLC\UK  (AMRN)  (CIK 0000897448),2834,8.01;9.01,primary endpoint
0001080709,0001564590-18-023519,arna-8k_20180924.htm,2018-09-24,ARENA PHARMACEUTICALS INC  (CIK 0001080709),2834,8.01,clinical data;statistically significant;topline data;topline results
0001370053,0001193125-18-280420,d626999dex991.htm,2018-09-24,ANAPTYSBIO INC  (ANAB)  (CIK 0001370053),2834,7.01;9.01,topline data
0001604191,0001415889-18-001421,ex99-09242018_010909.htm,2018-09-24,"AzurRx BioPharma, Inc.  (ENTO)  (CIK 0001604191)",2834,8.01;9.01,data from the Phase;positive results;primary endpoint;statistically significant
0001651308,0001171843-18-006672,exh_991.htm,2018-09-24,"BeiGene, Ltd.  (BGNE, BEIGF)  (CIK 0001651308)",2834,8.01;9.01,clinical data
0001341235,0001193125-18-281789,d628877dex991.htm,2018-09-25,"Aldeyra Therapeutics, Inc.  (ALDX)  (CIK 0001341235)",2834,8.01;9.01,clinical data;top-line results
0001358762,0001564590-18-023539,reta-ex991_33.htm,2018-09-25,REATA PHARMACEUTICALS INC  (CIK 0001358762),2834,8.01;9.01,primary endpoint;statistically significant
0001701108,0001193125-18-285631,d630573dex991.htm,2018-09-27,"Spero Therapeutics, Inc.  (SPRO)  (CIK 0001701108)",2834,7.01;9.01,clinical data;interim data;positive results
0001060736,0001193125-18-288517,d633013d8k.htm,2018-10-01,SEATTLE GENETICS INC /WA  (CIK 0001060736),2836,8.01;9.01,results from the Phase;top-line results
0001347613,0001104659-18-059771,a18-36108_1ex99d1.htm,2018-10-01,"SYNERGY PHARMACEUTICALS, INC.  (CIK 0001347613)",2834,8.01;9.01,efficacy data
0001681087,0001193125-18-288547,d632954d8k.htm,2018-10-01,"AVROBIO, Inc.  (TECX)  (CIK 0001681087)",2836,8.01;9.01,clinical data
0001080709,0001564590-18-023845,arna-8k_20181002.htm,2018-10-02,ARENA PHARMACEUTICALS INC  (CIK 0001080709),2834,8.01,clinical data;interim data;positive data
0000873303,0001193125-18-292068,d616670dex991.htm,2018-10-03,"Sarepta Therapeutics, Inc.  (SRPT)  (CIK 0000873303)",2834,7.01;9.01,positive results
0000835887,0001437749-18-017999,ex_125093.htm,2018-10-05,PROGENICS PHARMACEUTICALS INC  (CIK 0000835887),2834,7.01;9.01,primary endpoint
0001006281,0001144204-18-052605,tv504325_8k.htm,2018-10-05,"Protalix BioTherapeutics, Inc.  (PLX)  (CIK 0001006281)",2836,7.01;9.01,preliminary data;results from the Phase
0001070081,0001070081-18-000071,a2018-10x03ptct2018wmssmax.htm,2018-10-05,"PTC THERAPEUTICS, INC.  (PTCT)  (CIK 0001070081)",2834,8.01;9.01,clinical data;primary endpoint
0001178879,0001104659-18-060642,a18-36411_18k.htm,2018-10-05,AMICUS THERAPEUTICS INC  (FOLD)  (CIK 0001178879),2834,8.01;9.01,positive data
0000921114,0001144204-18-052845,tv504502_ex99-1.htm,2018-10-09,AmpliPhi Biosciences Corp  (ARMP)  (CIK 0000921114),2836,8.01;9.01,clinical data
0001347613,0001104659-18-060905,a18-36447_1ex99d1.htm,2018-10-09,"SYNERGY PHARMACEUTICALS, INC.  (CIK 0001347613)",2834,8.01;9.01,efficacy data
0001566044,0001564590-18-024047,mnlo-ex991_6.htm,2018-10-09,Menlo Therapeutics Inc.  (VYNE)  (CIK 0001566044),2834,8.01;9.01,primary endpoint;statistically significant;top-line results
0001597264,0001558370-18-007655,ex-99d2.htm,2018-10-09,Blueprint Medicines Corp  (BPMC)  (CIK 0001597264),2834,7.01;9.01,results from the Phase
0001425205,0001144204-18-053469,tv504694_ex99-1.htm,2018-10-11,"IOVANCE BIOTHERAPEUTICS, INC.  (IOVA)  (CIK 0001425205)",2836,8.01;9.01,clinical data;preliminary data;primary endpoint
0001535955,0001144204-18-053318,tv504499_8k.htm,2018-10-11,Lipocine Inc.  (LPCN)  (CIK 0001535955),2834,8.01;9.01,clinical data
0000812796,0001213900-18-013884,f8k101518ex99-1_soligenixinc.htm,2018-10-15,"SOLIGENIX, INC.  (SNGX)  (CIK 0000812796)",2834,8.01;9.01,positive results;statistically significant;topline results
0001001316,0001654954-18-011171,v101518_ex991.htm,2018-10-15,"TG THERAPEUTICS, INC.  (TGTX)  (CIK 0001001316)",2834,8.01;9.01,results from the Phase
0001711279,0001193125-18-298897,d638711dex991.htm,2018-10-15,"Krystal Biotech, Inc.  (KRYS)  (CIK 0001711279)",2836,7.01;9.01,clinical data;interim data
0001651308,0001171843-18-006990,exh_991.htm,2018-10-16,"BeiGene, Ltd.  (BGNE, BEIGF)  (CIK 0001651308)",2834,8.01;9.01,clinical data;results from the Phase
0001445283,0001193125-18-301087,d639182d8k.htm,2018-10-17,"PROTEOSTASIS THERAPEUTICS, INC.  (KA)  (CIK 0001445283)",2834,7.01;8.01;9.01,positive results;preliminary data;statistically significant
0001636282,0001564590-18-024362,agle-8k_20181017.htm,2018-10-17,"Aeglea BioTherapeutics, Inc.  (SYRE)  (CIK 0001636282)",2834,7.01;9.01,clinical data
0001654151,0001193125-18-303052,d640111dex991.htm,2018-10-19,"Deciphera Pharmaceuticals, Inc.  (CIK 0001654151)",2834,8.01;9.01,preliminary data
0001029142,0001193125-18-303690,d633065dex991.htm,2018-10-22,DYNAVAX TECHNOLOGIES CORP  (DVAX)  (CIK 0001029142),2834,8.01;9.01,interim data;results from the Phase
0001422143,0001564590-18-024573,kura-ex991_6.htm,2018-10-22,"Kura Oncology, Inc.  (KURA)  (CIK 0001422143)",2834,8.01;9.01,clinical data
0001453687,0001453687-18-000069,acrpostergoutflare2018fi.htm,2018-10-22,SELECTA BIOSCIENCES INC  (RNAC)  (CIK 0001453687),2834,7.01;8.01;9.01,clinical data;initial data
0001509745,0001104659-18-063175,a18-37030_1ex99d1.htm,2018-10-22,"LEAP THERAPEUTICS, INC.  (LPTX)  (CIK 0001509745)",2834,8.01;9.01,clinical data;positive results
0001621227,0001104659-18-063179,a18-37038_18k.htm,2018-10-22,Adaptimmune Therapeutics PLC  (ADAP)  (CIK 0001621227),2836,8.01;9.01,initial data
0001634432,0001104659-18-063164,a18-37009_1ex99d1.htm,2018-10-22,Strongbridge Biopharma plc  (CIK 0001634432),2834,7.01;9.01,positive results;primary endpoint;results from the Phase;statistically significant
0001636282,0001564590-18-024570,agle-8k_20181022.htm,2018-10-22,"Aeglea BioTherapeutics, Inc.  (SYRE)  (CIK 0001636282)",2834,7.01;9.01,clinical data
0001053369,0001144204-18-054946,tv505359_8k.htm,2018-10-23,ELITE PHARMACEUTICALS INC /NV/  (ELTP)  (CIK 0001053369),2834,7.01;9.01,topline results
0001453687,0001453687-18-000071,a992acrpostersuaandada20.htm,2018-10-23,SELECTA BIOSCIENCES INC  (RNAC)  (CIK 0001453687),2834,7.01;8.01;9.01,clinical data
0001636651,0001564590-18-025039,ovid-ex991_6.htm,2018-10-25,Ovid Therapeutics Inc.  (OVID)  (CIK 0001636651),2834,7.01;9.01,efficacy data;primary endpoint;statistically significant;topline data
0001651308,0001171843-18-007233,exh_991.htm,2018-10-25,"BeiGene, Ltd.  (BGNE, BEIGF)  (CIK 0001651308)",2834,8.01;9.01,clinical data;preliminary data
0000921299,0001193125-18-308090,d633501dex991.htm,2018-10-26,FIBROGEN INC  (FGEN)  (CIK 0000921299),2834,8.01;9.01,topline results
0001434868,0001104659-18-064280,a18-38164_18k.htm,2018-10-29,"Esperion Therapeutics, Inc.  (ESPR)  (CIK 0001434868)",2834,8.01;9.01,top-line results
0001590877,0001193125-18-309367,d646384dex992.htm,2018-10-29,REGENXBIO Inc.  (RGNX)  (CIK 0001590877),2836,7.01;8.01;9.01,interim data
0000827871,0001104659-18-064473,a18-38166_2ex99d1.htm,2018-10-30,"EAGLE PHARMACEUTICALS, INC.  (EGRX)  (CIK 0000827871)",2834,8.01;9.01,clinical data;initial data
0000921299,0001193125-18-311307,d646661dex991.htm,2018-10-30,FIBROGEN INC  (FGEN)  (CIK 0000921299),2834,8.01;9.01,primary endpoint
0001398733,0001140361-18-041664,ex99_1.htm,2018-10-30,"Aquestive Therapeutics, Inc.  (AQST)  (CIK 0001398733)",2834,8.01;9.01,topline results
0001561743,0001561743-18-000086,a8-koctober302018.htm,2018-10-30,"Kindred Biosciences, Inc.  (CIK 0001561743)",2834,8.01,topline results
0001070494,0001193125-18-312991,d646498d8k.htm,2018-10-31,ACADIA PHARMACEUTICALS INC  (ACAD)  (CIK 0001070494),2834,8.01;9.01,positive results;primary endpoint;statistically significant;top-line results
0000875622,0001062993-18-004299,exhibit99-1.htm,2018-11-01,BIOSPECIFICS TECHNOLOGIES CORP  (CIK 0000875622),2834,8.01;9.01,primary endpoint;statistically significant;top-line data;topline data;topline results
0001597553,0001193125-18-317364,d648938dex991.htm,2018-11-02,"Sage Therapeutics, Inc.  (SAGE)  (CIK 0001597553)",2834,8.01;9.01,clinical data;efficacy data
0001325879,0001193125-18-318390,d647855d8k.htm,2018-11-05,AVEO PHARMACEUTICALS INC  (CIK 0001325879),2834,7.01;9.01,topline results
0001444307,0001493152-18-015235,ex99-1.htm,2018-11-06,ONCOSEC MEDICAL Inc  (ONCSQ)  (CIK 0001444307),2834,8.01;9.01,preliminary data
0001614067,0001104659-18-066525,a18-39703_18k.htm,2018-11-07,"Aridis Pharmaceuticals, Inc.  (ARDS)  (CIK 0001614067)",2834,8.01;9.01,positive data
0001126234,0001126234-18-000145,nlnk-20181109x8kxex991.htm,2018-11-09,NEWLINK GENETICS CORP  (LUMO)  (CIK 0001126234),2834,8.01;9.01,preliminary data
0001435049,0001193125-18-323130,d649974dex991.htm,2018-11-09,"ADURO BIOTECH, INC.  (CIK 0001435049)",2834,8.01;9.01,clinical data;preliminary data
0000897448,0001193125-18-324645,d601790d8k.htm,2018-11-13,AMARIN CORP PLC\UK  (AMRN)  (CIK 0000897448),2834,7.01;8.01;9.01,primary endpoint;topline results
0001372514,0001144204-18-058952,tv507057_8-k.htm,2018-11-13,"EYEGATE PHARMACEUTICALS INC  (KPRX, KPHMW)  (CIK 0001372514)",2834,8.01;9.01,top-line data
0001410939,0001410939-18-000059,item801form8k_oph2007resul.htm,2018-11-13,Ophthotech Corp.  (CIK 0001410939),2834,8.01,top-line results
0001626971,0001171843-18-007863,exh_991.htm,2018-11-13,"Corvus Pharmaceuticals, Inc.  (CRVS)  (CIK 0001626971)",2834,7.01;9.01,clinical data;data from the Phase;initial data;statistically significant
0001731831,0001564590-18-029055,eidx-ex991_6.htm,2018-11-13,"Eidos Therapeutics, Inc.  (CIK 0001731831)",2834,8.01;9.01,positive results;statistically significant
0000925741,0001437749-18-020646,ex_129726.htm,2018-11-14,"BioCardia, Inc.  (BCDA)  (CIK 0000925741)",2836,8.01;9.01,primary endpoint;statistically significant
0001403752,0001341004-18-000620,ex99_1.htm,2018-11-14,Zymeworks Inc.  (CIK 0001403752),2834,8.01;9.01,clinical data
0001720893,0001104659-18-068277,a18-39574_28k.htm,2018-11-14,"BioXcel Therapeutics, Inc.  (BTAI)  (CIK 0001720893)",2834,8.01;9.01,positive results
0001385818,0001213900-18-015865,f8k111518ex99-1_aytubio.htm,2018-11-15,"AYTU BIOSCIENCE, INC  (AYTU)  (CIK 0001385818)",2834,7.01;9.01,interim data
0001590560,0001104659-18-068675,a18-40291_18k.htm,2018-11-15,uniQure N.V.  (QURE)  (CIK 0001590560),2834,1.01;8.01;9.01,topline data
0001597264,0001558370-18-009374,ex-99d1.htm,2018-11-15,Blueprint Medicines Corp  (BPMC)  (CIK 0001597264),2834,7.01;9.01,preliminary data;primary endpoint
0001439222,0001193125-18-328948,d653545d8k.htm,2018-11-16,AGIOS PHARMACEUTICALS INC  (AGIO)  (CIK 0001439222),2834,8.01;9.01,clinical data
0001631650,0001193125-18-329424,d654912d8k.htm,2018-11-19,"Aimmune Therapeutics, Inc.  (CIK 0001631650)",2834,7.01;8.01;9.01,topline results
0001651308,0001171843-18-008038,exh_991.htm,2018-11-19,"BeiGene, Ltd.  (BGNE, BEIGF)  (CIK 0001651308)",2834,8.01;9.01,clinical data
0001714899,0001714899-18-000020,ex991pressrelease111918.htm,2018-11-19,Denali Therapeutics Inc.  (DNLI)  (CIK 0001714899),2836,8.01;9.01,clinical data;data from the Phase;positive results
0001218683,0001213900-18-016269,f8k111518_wizepharma.htm,2018-11-20,"Wize Pharma, Inc.  (MIGI)  (CIK 0001218683)",2834,7.01;9.01,top-line results
0001351288,0001144204-18-061521,tv507829_8k.htm,2018-11-26,GW PHARMACEUTICALS PLC  (CIK 0001351288),2834,8.01;9.01,primary endpoint;statistically significant;top-line results
0001560241,0001193125-18-334098,d660229dex991.htm,2018-11-27,"G1 Therapeutics, Inc.  (GTHX)  (CIK 0001560241)",2834,8.01;9.01,clinical data;positive results;primary endpoint;statistically significant;topline data
0001520262,0001193125-18-337148,d647919d8k.htm,2018-11-29,Alkermes plc.  (ALKS)  (CIK 0001520262),2834,7.01;9.01,topline results
0001510487,0001193125-18-338506,d612079d8k.htm,2018-11-30,Principia Biopharma Inc.  (CIK 0001510487),2834,8.01;9.01,top-line results
0001061027,0001564590-18-030395,snss-8k_20181202.htm,2018-12-03,SUNESIS PHARMACEUTICALS INC  (VIRX)  (CIK 0001061027),2834,8.01;9.01,preliminary data
0001126234,0001126234-18-000149,nlnk-20181203x8kxex991.htm,2018-12-03,NEWLINK GENETICS CORP  (LUMO)  (CIK 0001126234),2834,8.01;9.01,initial data
0001130598,0001410578-18-000570,a18-41020_1ex99d1.htm,2018-12-03,"Onconova Therapeutics, Inc.  (TRAW)  (CIK 0001130598)",2834,7.01;9.01,primary endpoint
0001133818,0001144204-18-062890,tv508349_8-k.htm,2018-12-03,BIO-PATH HOLDINGS INC  (BPTH)  (CIK 0001133818),2834,7.01;9.01,interim data
0001262104,0001193125-18-341242,d667507d8k.htm,2018-12-03,"MEI Pharma, Inc.  (MEIP)  (CIK 0001262104)",2834,8.01;9.01,clinical data;interim data
0001280600,0001280600-18-000065,xlrn-20181203form8xk.htm,2018-12-03,ACCELERON PHARMA INC  (CIK 0001280600),2836,7.01;8.01;9.01,primary endpoint;statistically significant
0001293971,0001564590-18-030374,blue-ex991_6.htm,2018-12-03,"bluebird bio, Inc.  (BLUE)  (CIK 0001293971)",2836,8.01;9.01,results from the Phase
0001347178,0001193125-18-341161,d666078dex991.htm,2018-12-03,Vanda Pharmaceuticals Inc.  (VNDA)  (CIK 0001347178),2834,8.01;9.01,primary endpoint
0001422143,0001564590-18-030377,kura-ex991_6.htm,2018-12-03,"Kura Oncology, Inc.  (KURA)  (CIK 0001422143)",2834,8.01;9.01,clinical data;initial data;preliminary data
0001439222,0001193125-18-341083,d642700d8k.htm,2018-12-03,AGIOS PHARMACEUTICALS INC  (AGIO)  (CIK 0001439222),2834,8.01;9.01,clinical data
0001503802,0001193125-18-341091,d655035d8k.htm,2018-12-03,Karyopharm Therapeutics Inc.  (KPTI)  (CIK 0001503802),2834,8.01;9.01,clinical data;data from the Phase;results from the Phase;topline results
0001556263,0001410578-18-000568,a18-40969_18k.htm,2018-12-03,"Syros Pharmaceuticals, Inc.  (SYRS)  (CIK 0001556263)",2834,8.01;9.01,initial data
0001590560,0001104659-18-070938,a18-41023_18k.htm,2018-12-03,uniQure N.V.  (QURE)  (CIK 0001590560),2834,8.01;9.01,clinical data
0001597264,0001558370-18-009542,ex-99d1.htm,2018-12-03,Blueprint Medicines Corp  (BPMC)  (CIK 0001597264),2834,7.01;9.01,clinical data;preliminary data;primary endpoint;statistically significant
0001629137,0001171843-18-008276,exh_991.htm,2018-12-03,"Global Blood Therapeutics, Inc.  (CIK 0001629137)",2834,8.01;9.01,data from the Phase;efficacy data;primary endpoint;statistically significant;top-line results
0001656328,0001193125-18-340357,d666695d8k.htm,2018-12-03,"Sienna Biopharmaceuticals, Inc.  (CIK 0001656328)",2834,8.01;9.01,top-line results
0001689813,0001104659-18-070939,a18-41019_18k.htm,2018-12-03,Biohaven Pharmaceutical Holding Co Ltd.  (CIK 0001689813),2834,7.01;8.01;9.01,statistically significant;topline data
0001001316,0001654954-18-013524,v120318_ex991.htm,2018-12-04,"TG THERAPEUTICS, INC.  (TGTX)  (CIK 0001001316)",2834,8.01;9.01,clinical data
0001267813,0001104659-18-071355,a18-41111_1ex99d1.htm,2018-12-04,MARINUS PHARMACEUTICALS INC  (MRNS)  (CIK 0001267813),2834,8.01;9.01,primary endpoint
0001479290,0001193125-18-341645,d668154d8k.htm,2018-12-04,"Revance Therapeutics, Inc.  (RVNC)  (CIK 0001479290)",2834,1.01;7.01;8.01;9.01,top-line results
0001383701,0001171843-18-008331,f8k_120618.htm,2018-12-06,Conatus Pharmaceuticals Inc.  (CIK 0001383701),2834,8.01,primary endpoint;top-line results
0001631574,0001193125-18-342992,d661400dex991.htm,2018-12-06,Wave Life Sciences Ltd.  (WVE)  (CIK 0001631574),2834,7.01;8.01;9.01,efficacy data
0001651308,0001171843-18-008354,exh_991.htm,2018-12-06,"BeiGene, Ltd.  (BGNE, BEIGF)  (CIK 0001651308)",2834,8.01;9.01,clinical data;primary endpoint
0001560241,0001193125-18-344931,d671420dex991.htm,2018-12-07,"G1 Therapeutics, Inc.  (GTHX)  (CIK 0001560241)",2834,8.01;9.01,positive results;topline data
0001080709,0001564590-18-030709,arna-8k_20181210.htm,2018-12-10,ARENA PHARMACEUTICALS INC  (CIK 0001080709),2834,7.01,clinical data;topline data;topline results
0001347178,0001193125-18-346177,d666968dex991.htm,2018-12-10,Vanda Pharmaceuticals Inc.  (VNDA)  (CIK 0001347178),2834,8.01;9.01,primary endpoint
0001481512,0001104659-18-072101,a18-41344_38k.htm,2018-12-10,"Ra Pharmaceuticals, Inc.  (CIK 0001481512)",2834,8.01,clinical data;statistically significant;top-line results;topline results
0001566044,0001564590-18-030737,mnlo-ex991_6.htm,2018-12-10,Menlo Therapeutics Inc.  (VYNE)  (CIK 0001566044),2834,7.01;9.01,positive results;primary endpoint;statistically significant;top-line results
0001579428,0001104659-18-071959,a18-41321_1ex99d1.htm,2018-12-10,"Axsome Therapeutics, Inc.  (AXSM)  (CIK 0001579428)",2834,8.01;9.01,primary endpoint
0001689813,0001104659-18-071968,a18-39741_28k.htm,2018-12-10,Biohaven Pharmaceutical Holding Co Ltd.  (CIK 0001689813),2834,7.01;8.01;9.01,efficacy data;interim data;positive results
0000914475,0001193125-18-347337,d670203dex991.htm,2018-12-12,NEUROCRINE BIOSCIENCES INC  (NBIX)  (CIK 0000914475),2836,8.01;9.01,data from the Phase;primary endpoint;topline data
0001567514,0001193125-18-347297,d669564dex991.htm,2018-12-12,"Intra-Cellular Therapies, Inc.  (ITCI)  (CIK 0001567514)",2834,8.01;9.01,interim data;positive results;statistically significant
0001621443,0001104659-18-072585,a18-41469_18k.htm,2018-12-12,"Zynerba Pharmaceuticals, Inc.  (CIK 0001621443)",2834,8.01;9.01,clinical data
0001273636,0001193125-18-348318,d644374d8k.htm,2018-12-13,APPLIED GENETIC TECHNOLOGIES CORP  (CIK 0001273636),2836,1.02;7.01;8.01;9.01,primary endpoint
0001509745,0001104659-18-072952,a18-41600_1ex99d1.htm,2018-12-14,"LEAP THERAPEUTICS, INC.  (LPTX)  (CIK 0001509745)",2834,8.01;9.01,clinical data;data from the Phase;positive results
0001355250,0001477932-18-006009,ipix_8k.htm,2018-12-17,Innovation Pharmaceuticals Inc.  (IPIX)  (CIK 0001355250),2834,5.02;8.01,primary endpoint;topline results
0001557746,0001558370-18-009730,ex-99d1.htm,2018-12-17,"Aclaris Therapeutics, Inc.  (ACRS)  (CIK 0001557746)",2834,7.01;9.01,topline data
0001563855,0001437749-18-022078,ex_131739.htm,2018-12-17,SOPHIRIS BIO INC.  (CIK 0001563855),2834,8.01;9.01,top-line results
0001618835,0001618835-18-000135,evfm8-ktoplinedata.htm,2018-12-17,"Evofem Biosciences, Inc.  (EVFM)  (CIK 0001618835)",2834,8.01;9.01,top-line data
0001636651,0001564590-18-030969,ovid-ex991_6.htm,2018-12-17,Ovid Therapeutics Inc.  (OVID)  (CIK 0001636651),2834,7.01;9.01,primary endpoint
0001401667,0001193125-18-351272,d676700d8k.htm,2018-12-18,"PUMA BIOTECHNOLOGY, INC.  (PBYI)  (CIK 0001401667)",2834,8.01,results from the Phase;statistically significant;top-line results
0001567514,0001193125-18-351544,d673708dex991.htm,2018-12-18,"Intra-Cellular Therapies, Inc.  (ITCI)  (CIK 0001567514)",2834,8.01;9.01,primary endpoint
0001160308,0001193125-18-352716,d675989dex991.htm,2018-12-19,Savara Inc  (SVRA)  (CIK 0001160308),2834,7.01;9.01,interim data;primary endpoint
0001560241,0001193125-18-353411,d675654d8k.htm,2018-12-19,"G1 Therapeutics, Inc.  (GTHX)  (CIK 0001560241)",2834,8.01;9.01,topline results
0000921299,0001193125-18-353929,d676533d8k.htm,2018-12-20,FIBROGEN INC  (FGEN)  (CIK 0000921299),2834,8.01;9.01,topline results
0001535955,0001144204-18-065510,tv509532_8k.htm,2018-12-20,Lipocine Inc.  (LPCN)  (CIK 0001535955),2834,8.01;9.01,clinical data
0001651308,0001171843-18-008520,exh_991.htm,2018-12-20,"BeiGene, Ltd.  (BGNE, BEIGF)  (CIK 0001651308)",2834,1.02;8.01;9.01,clinical data
0001356576,0001104659-18-074466,a18-41980_18k.htm,2018-12-21,SUPERNUS PHARMACEUTICALS INC  (SUPN)  (CIK 0001356576),2834,8.01;9.01,primary endpoint;statistically significant;topline data;topline results
0001394319,0001564590-18-031301,tcon-8k_20181220.htm,2018-12-21,"Tracon Pharmaceuticals, Inc.  (TCON)  (CIK 0001394319)",2836,8.01;9.01,primary endpoint;top-line results
0001445283,0001193125-18-362273,d672527d8k.htm,2018-12-31,"PROTEOSTASIS THERAPEUTICS, INC.  (KA)  (CIK 0001445283)",2834,8.01,positive results
0001138776,0001144204-19-000147,tv510221_8k.htm,2019-01-02,"Aevi Genomic Medicine, Inc.  (CIK 0001138776)",2836,8.01;9.01,top-line results
0000818033,0001193125-19-001151,d682701d8k.htm,2019-01-03,"HERON THERAPEUTICS, INC. /DE/  (HRTX)  (CIK 0000818033)",2834,8.01;9.01,topline results
0001434418,0001193125-19-001051,d679719dex991.htm,2019-01-03,CONSTELLATION PHARMACEUTICALS INC  (CIK 0001434418),2834,7.01;9.01,clinical data;data from the Phase;interim data;positive results;preliminary data;results from the Phase
0001453687,0001453687-19-000002,exhibit991pressreleaseissu.htm,2019-01-03,SELECTA BIOSCIENCES INC  (RNAC)  (CIK 0001453687),2834,2.05;7.01;8.01;9.01,interim data
0001485003,0001485003-19-000003,sesenupdatedvisattrialda.htm,2019-01-03,"Sesen Bio, Inc.  (CARM)  (CIK 0001485003)",2834,8.01;9.01,efficacy data;preliminary data;primary endpoint
0001590877,0001193125-19-001555,d684871dex991.htm,2019-01-03,REGENXBIO Inc.  (RGNX)  (CIK 0001590877),2836,2.02;8.01;9.01,data from the Phase;interim data;top-line data
0001660334,0001193125-19-001094,d678670d8k.htm,2019-01-03,Verrica Pharmaceuticals Inc.  (VRCA)  (CIK 0001660334),2834,7.01;9.01,topline results
0001094038,0001144204-19-000592,tv510398_ex99-1.htm,2019-01-04,"Marker Therapeutics, Inc.  (MRKR)  (CIK 0001094038)",2834,8.01;9.01,clinical data;interim data
0001337553,0001193125-19-001889,d680132d8k.htm,2019-01-04,AERIE PHARMACEUTICALS INC  (CIK 0001337553),2836,7.01;9.01,topline results
0001485003,0001485003-19-000005,sesncorpoverviewv2019010.htm,2019-01-04,"Sesen Bio, Inc.  (CARM)  (CIK 0001485003)",2834,8.01;9.01,efficacy data;preliminary data;primary endpoint
0001505512,0001193125-19-002583,d681827d8k.htm,2019-01-04,Regulus Therapeutics Inc.  (RGLS)  (CIK 0001505512),2834,8.01,interim data
0000818033,0001193125-19-003247,d651146dex991.htm,2019-01-07,"HERON THERAPEUTICS, INC. /DE/  (HRTX)  (CIK 0000818033)",2834,2.02;7.01;9.01,positive results
0001515673,0001564590-19-000243,rare-8k_20190104.htm,2019-01-07,Ultragenyx Pharmaceutical Inc.  (RARE)  (CIK 0001515673),2834,7.01;8.01;9.01,topline results
0001579428,0001104659-19-000962,a19-1343_18k.htm,2019-01-07,"Axsome Therapeutics, Inc.  (AXSM)  (CIK 0001579428)",2834,8.01;9.01,primary endpoint;topline results
0001600132,0001600132-19-000020,a8-kjan2019ildupdateex991.htm,2019-01-07,"Bellerophon Therapeutics, Inc.  (BLPH)  (CIK 0001600132)",2834,7.01;9.01,primary endpoint;statistically significant;top-line results
0001476963,0001553350-19-000022,htbx_8k.htm,2019-01-08,"HEAT BIOLOGICS, INC.  (SCPX)  (CIK 0001476963)",2834,8.01;9.01,interim data
0001649904,0001104659-19-001165,a19-1257_18k.htm,2019-01-08,"RHYTHM PHARMACEUTICALS, INC.  (RYTM)  (CIK 0001649904)",2834,7.01;9.01,clinical data
0001668243,0001193125-19-005114,d672941d8k.htm,2019-01-09,UroGen Pharma Ltd.  (URGN)  (CIK 0001668243),2834,8.01;9.01,positive results
0001561743,0001561743-19-000003,a8-kjanuary142019.htm,2019-01-14,"Kindred Biosciences, Inc.  (CIK 0001561743)",2834,8.01;9.01,topline results
0001674365,0001104659-19-002008,a19-3004_18k.htm,2019-01-16,Aptinyx Inc.  (CIK 0001674365),2834,8.01;9.01,top-line results
0001374690,0001193125-19-010961,d655163dex991.htm,2019-01-17,"ZAFGEN, INC.  (LRMR)  (CIK 0001374690)",2834,7.01;9.01,clinical data;positive data;positive results;statistically significant
0001410098,0001654954-19-000547,crmd_8k.htm,2019-01-17,CorMedix Inc.  (CRMD)  (CIK 0001410098),2834,8.01;9.01,topline results
0001535955,0001144204-19-001913,tv511184_ex99-1.htm,2019-01-17,Lipocine Inc.  (LPCN)  (CIK 0001535955),2834,8.01;9.01,statistically significant
0001008848,0001564590-19-000744,acor-ex991_6.htm,2019-01-18,ACORDA THERAPEUTICS INC  (CIK 0001008848),2836,8.01;9.01,primary endpoint;statistically significant
0001537917,0001193125-19-012092,d678702dex991.htm,2019-01-18,"TYME TECHNOLOGIES, INC.  (CIK 0001537917)",2834,8.01;9.01,clinical data;initial data;preliminary data;primary endpoint
0000850261,0001144204-19-002174,tv511309_ex99-1.htm,2019-01-22,"Sorrento Therapeutics, Inc.  (SRNE)  (CIK 0000850261)",8731,7.01;9.01,interim data
0001228627,0001140361-19-001362,ex99_1.htm,2019-01-22,"REXAHN PHARMACEUTICALS, INC.  (OCUP)  (CIK 0001228627)",2834,2.02;8.01;9.01,efficacy data;preliminary data
0001564824,0001564590-19-001269,allk-8k_20190129.htm,2019-01-29,Allakos Inc.  (ALLK)  (CIK 0001564824),2834,8.01;9.01,top-line results
0001629137,0001171843-19-000573,exh_991.htm,2019-01-29,"Global Blood Therapeutics, Inc.  (CIK 0001629137)",2834,8.01;9.01,primary endpoint
0001410098,0001654954-19-000870,crmd_ex991.htm,2019-01-30,CorMedix Inc.  (CRMD)  (CIK 0001410098),2834,8.01;9.01,efficacy data;primary endpoint;statistically significant;topline results
0001682639,0001144204-19-003625,tv511916_8k.htm,2019-01-30,"EYENOVIA, INC.  (EYEN)  (CIK 0001682639)",2834,8.01;9.01,positive results;topline results
0001082554,0001104659-19-004865,a19-3803_1ex99d1.htm,2019-02-01,UNITED THERAPEUTICS Corp  (UTHR)  (CIK 0001082554),2834,7.01;9.01,primary endpoint
0001444307,0001493152-19-001233,ex99-1.htm,2019-02-01,ONCOSEC MEDICAL Inc  (ONCSQ)  (CIK 0001444307),2834,8.01;9.01,clinical data;preliminary data;primary endpoint
0001720893,0001104659-19-005571,a19-3981_1ex99d1.htm,2019-02-04,"BioXcel Therapeutics, Inc.  (BTAI)  (CIK 0001720893)",2834,8.01;9.01,positive data;top-line data
0001006281,0001144204-19-004918,tv512430_ex99-1.htm,2019-02-05,"Protalix BioTherapeutics, Inc.  (PLX)  (CIK 0001006281)",2836,8.01;9.01,preliminary data
0001178879,0001178879-19-000010,exhibit991.htm,2019-02-05,"AMICUS THERAPEUTICS, INC.  (FOLD)  (CIK 0001178879)",2834,8.01;9.01,clinical data;positive data;positive results;preliminary data;results from the Phase
0001125345,0001125345-19-000012,form8-k_sophiaph3results.htm,2019-02-06,MACROGENICS INC  (MGNX)  (CIK 0001125345),2834,8.01,top-line results
0001681087,0001193125-19-028978,d664592d8k.htm,2019-02-06,"AVROBIO, Inc.  (TECX)  (CIK 0001681087)",2836,8.01;9.01,clinical data
0001590560,0001104659-19-006535,a19-4212_18k.htm,2019-02-08,uniQure N.V.  (QURE)  (CIK 0001590560),2834,8.01;9.01,clinical data
0001656328,0001193125-19-031637,d703775d8k.htm,2019-02-08,"Sienna Biopharmaceuticals, Inc.  (CIK 0001656328)",2834,8.01;9.01,top-line data
0001261249,0001104659-19-007141,a19-4369_18k.htm,2019-02-11,"AGILE THERAPEUTICS INC  (AGRX, AGXRW)  (CIK 0001261249)",2834,8.01;9.01,primary endpoint;topline results
0001564824,0001564590-19-002481,allk-ex991_20.htm,2019-02-11,Allakos Inc.  (ALLK)  (CIK 0001564824),2834,8.01;9.01,efficacy data;top-line results
0001682852,0001193125-19-035877,d707391dex991.htm,2019-02-12,"Moderna, Inc.  (MRNA)  (CIK 0001682852)",2836,7.01;9.01,interim data;topline data
0001537917,0001193125-19-039318,d706314dex991.htm,2019-02-14,"TYME TECHNOLOGIES, INC.  (CIK 0001537917)",2834,8.01;9.01,clinical data;initial data;preliminary data
0000906709,0001615774-19-002632,s113941_8k.htm,2019-02-15,NEKTAR THERAPEUTICS  (NKTR)  (CIK 0000906709),2834,8.01;9.01,clinical data;interim data
0001564824,0001564590-19-003197,allk-ex991_7.htm,2019-02-19,Allakos Inc.  (ALLK)  (CIK 0001564824),2834,8.01;9.01,top-line results
0001515673,0001564590-19-003668,rare-8k_20190221.htm,2019-02-21,Ultragenyx Pharmaceutical Inc.  (RARE)  (CIK 0001515673),2834,8.01;9.01,efficacy data
0000882796,0001171843-19-001171,exh_991.htm,2019-02-25,BIOCRYST PHARMACEUTICALS INC  (BCRX)  (CIK 0000882796),2836,7.01;9.01,data from the Phase;efficacy data;positive results;topline data
0001094038,0001144204-19-009717,tv514584_ex99-1.htm,2019-02-25,"Marker Therapeutics, Inc.  (MRKR)  (CIK 0001094038)",2834,8.01;9.01,positive results
0001270073,0001144204-19-009885,tv514418_8k.htm,2019-02-25,"INTERCEPT PHARMACEUTICALS, INC.  (CIK 0001270073)",2834,8.01;9.01,topline results
0001279704,0001144204-19-009850,tv514612_8k.htm,2019-02-25,"Cellectar Biosciences, Inc.  (CLRB)  (CIK 0001279704)",2834,7.01;9.01,top-line results
0001476963,0001553350-19-000171,htbx_8k.htm,2019-02-25,"HEAT BIOLOGICS, INC.  (SCPX)  (CIK 0001476963)",2834,8.01,interim data
0001682639,0001144204-19-009715,tv514573_8k.htm,2019-02-25,"EYENOVIA, INC.  (EYEN)  (CIK 0001682639)",2834,8.01;9.01,positive results
0001501989,0001564590-19-004252,ctmx-ex991_23.htm,2019-02-26,"CytomX Therapeutics, Inc.  (CTMX)  (CIK 0001501989)",2834,7.01;9.01,clinical data;efficacy data;preliminary data
0001000694,0001144204-19-010780,tv515015_8k.htm,2019-02-28,NOVAVAX INC  (NVAX)  (CIK 0001000694),2836,7.01;9.01,topline results
0001001316,0001654954-19-002047,v022819_ex991.htm,2019-02-28,"TG THERAPEUTICS, INC.  (TGTX)  (CIK 0001001316)",2834,8.01;9.01,efficacy data;interim data;positive data;primary endpoint
0001213037,0001193125-19-056253,d715537dex991.htm,2019-02-28,"Trovagene, Inc.  (CRDF)  (CIK 0001213037)",2836,8.01;9.01,efficacy data
0001476963,0001553350-19-000179,htbx_ex99z1.htm,2019-02-28,"HEAT BIOLOGICS, INC.  (SCPX)  (CIK 0001476963)",2834,7.01;9.01,efficacy data;interim data;statistically significant
0001476963,0001553350-19-000185,htbx_8k.htm,2019-02-28,"HEAT BIOLOGICS, INC.  (SCPX)  (CIK 0001476963)",2834,8.01;9.01,preliminary data
0001492426,0001193125-19-055871,d698914d8k.htm,2019-02-28,Horizon Pharma plc  (CIK 0001492426),2834,1.01;3.03;8.01;9.01,primary endpoint;topline results
0000906709,0001615774-19-003462,s116482_8k.htm,2019-03-01,NEKTAR THERAPEUTICS  (NKTR)  (CIK 0000906709),2834,8.01;9.01,clinical data;interim data;preliminary data
0001169245,0001564590-19-005930,phas-ex992_7.htm,2019-03-04,PhaseBio Pharmaceuticals Inc  (PHASQ)  (CIK 0001169245),2834,5.02;7.01;9.01,results from the Phase
0001510487,0001193125-19-062224,d673642d8k.htm,2019-03-04,Principia Biopharma Inc.  (CIK 0001510487),2834,8.01;9.01,clinical data
0001133818,0001144204-19-012556,tv515604_ex99-1.htm,2019-03-06,BIO-PATH HOLDINGS INC  (BPTH)  (CIK 0001133818),2834,7.01;9.01,efficacy data;interim data
0000792977,0000792977-19-000050,amag20198-k3819.htm,2019-03-08,AMAG PHARMACEUTICALS INC.  (CIK 0000792977),2834,7.01;9.01,topline results
0000818033,0001193125-19-070125,d671098d8k.htm,2019-03-11,"HERON THERAPEUTICS, INC. /DE/  (HRTX)  (CIK 0000818033)",2834,8.01;9.01,topline results
0001634432,0001104659-19-013732,a19-6233_18k.htm,2019-03-11,Strongbridge Biopharma plc  (CIK 0001634432),2834,8.01;9.01,top-line results
0001535955,0001144204-19-013395,tv515982_ex99-1.htm,2019-03-12,Lipocine Inc.  (LPCN)  (CIK 0001535955),2834,8.01;9.01,top-line results
0001261249,0001104659-19-015610,a19-6685_1ex99d2.htm,2019-03-18,"AGILE THERAPEUTICS INC  (AGRX, AGXRW)  (CIK 0001261249)",2834,8.01;9.01,primary endpoint;top-line results
0001422142,0001193125-19-077488,d727289dex991.htm,2019-03-18,"Aerpio Pharmaceuticals, Inc.  (AADI)  (CIK 0001422142)",2834,8.01;9.01,primary endpoint;top-line results
0001509745,0001104659-19-015410,a19-6684_1ex99d1.htm,2019-03-18,"LEAP THERAPEUTICS, INC.  (LPTX)  (CIK 0001509745)",2834,7.01;9.01,clinical data;positive results
0001557883,0001193125-19-077442,d722390d8k.htm,2019-03-18,"Dermira, Inc.  (CIK 0001557883)",2834,8.01;9.01,topline results
0001061983,0001171843-19-001847,exh_991.htm,2019-03-20,CYTOKINETICS INC  (CYTK)  (CIK 0001061983),2834,8.01;9.01,primary endpoint;statistically significant
0001740547,0001564590-19-008654,urov-8k_20190319.htm,2019-03-20,Urovant Sciences Ltd.  (CIK 0001740547),2834,8.01;9.01,positive results;topline results
0001169245,0001564590-19-008789,phas-ex991_6.htm,2019-03-21,PhaseBio Pharmaceuticals Inc  (PHASQ)  (CIK 0001169245),2834,8.01;9.01,results from the Phase
0001383701,0001171843-19-001889,f8k_032119.htm,2019-03-21,Conatus Pharmaceuticals Inc.  (CIK 0001383701),2834,8.01,primary endpoint;statistically significant;top-line results
0001445283,0001193125-19-084285,d692089d8k.htm,2019-03-25,"PROTEOSTASIS THERAPEUTICS, INC.  (KA)  (CIK 0001445283)",2834,7.01;8.01;9.01,positive results;statistically significant
0001631650,0001193125-19-084341,d692138d8k.htm,2019-03-25,"Aimmune Therapeutics, Inc.  (CIK 0001631650)",2834,7.01;8.01;9.01,topline data;topline results
0001659617,0001659617-19-000030,exh991-pressreleasepositiv.htm,2019-03-26,"Moleculin Biotech, Inc.  (MBRX)  (CIK 0001659617)",2834,7.01;9.01,efficacy data
0001535955,0001144204-19-016088,tv517244_ex99-1.htm,2019-03-27,Lipocine Inc.  (LPCN)  (CIK 0001535955),2834,8.01;9.01,top-line results
0000873303,0001564590-19-009692,srpt-ex991_6.htm,2019-03-28,"Sarepta Therapeutics, Inc.  (SRPT)  (CIK 0000873303)",2834,7.01;9.01,positive results;statistically significant
0001060736,0001193125-19-089251,d721432d8k.htm,2019-03-28,SEATTLE GENETICS INC /WA  (CIK 0001060736),2836,8.01;9.01,top-line results
0001359931,0001171843-19-002031,exh_991.htm,2019-03-28,PROTEON THERAPEUTICS INC  (TARA)  (CIK 0001359931),2836,8.01;9.01,statistically significant;top-line results
0001595585,0001595585-19-000060,trca-301epressrelease.htm,2019-03-28,"Tricida, Inc.  (CIK 0001595585)",2834,7.01,positive results;primary endpoint;topline data
0001649904,0001104659-19-018231,a19-7352_18k.htm,2019-03-28,"RHYTHM PHARMACEUTICALS, INC.  (RYTM)  (CIK 0001649904)",2834,7.01;9.01,clinical data
0001001316,0001654954-19-003766,ex991_v040119.htm,2019-04-01,"TG THERAPEUTICS, INC.  (TGTX)  (CIK 0001001316)",2834,8.01;9.01,efficacy data;interim data;primary endpoint
0001213037,0001193125-19-094145,d718864dex991.htm,2019-04-01,"Trovagene, Inc.  (CRDF)  (CIK 0001213037)",2836,8.01;9.01,efficacy data;statistically significant
0001434418,0001193125-19-094135,d726326d8k.htm,2019-04-01,CONSTELLATION PHARMACEUTICALS INC  (CIK 0001434418),2834,7.01;9.01,results from the Phase
0001651308,0001651308-19-000031,aacr2019final.htm,2019-04-02,"BeiGene, Ltd.  (BGNE, BEIGF)  (CIK 0001651308)",2834,8.01,clinical data
0001411685,0001654954-19-004073,ex99-1.htm,2019-04-04,"VistaGen Therapeutics, Inc.  (VTGN)  (CIK 0001411685)",2834,8.01;9.01,positive results
0001280600,0001280600-19-000017,xlrn-20190405form8kxex991.htm,2019-04-05,ACCELERON PHARMA INC  (CIK 0001280600),2836,5.02;8.01;9.01,clinical data
0001082554,0001104659-19-020230,a19-7981_18k.htm,2019-04-08,UNITED THERAPEUTICS Corp  (UTHR)  (CIK 0001082554),2834,8.01;9.01,primary endpoint
0001636282,0001564590-19-010958,agle-ex991_6.htm,2019-04-08,"Aeglea BioTherapeutics, Inc.  (SYRE)  (CIK 0001636282)",2834,7.01;9.01,primary endpoint;statistically significant
0001394319,0001564590-19-011445,tcon-8k_20190412.htm,2019-04-12,"Tracon Pharmaceuticals, Inc.  (TCON)  (CIK 0001394319)",2836,8.01;9.01,efficacy data
0001466301,0001193125-19-105182,d719637d8k.htm,2019-04-12,"Clovis Oncology, Inc.  (CIK 0001466301)",2834,8.01,efficacy data
0001579428,0001104659-19-021219,a19-8349_18k.htm,2019-04-15,"Axsome Therapeutics, Inc.  (AXSM)  (CIK 0001579428)",2834,8.01;9.01,primary endpoint
0001631574,0001193125-19-107259,d735229dex991.htm,2019-04-16,Wave Life Sciences Ltd.  (WVE)  (CIK 0001631574),2834,7.01;8.01;9.01,data from the Phase;efficacy data;results from the Phase
0001270073,0001144204-19-020097,tv518597_ex99-1.htm,2019-04-17,"INTERCEPT PHARMACEUTICALS, INC.  (CIK 0001270073)",2834,8.01;9.01,efficacy data;positive data;primary endpoint
0001559053,0001559053-19-000009,a20198-kaprvitalstudyresul.htm,2019-04-18,Prothena Corp plc  (PRTA)  (CIK 0001559053),2834,8.01;9.01,results from the Phase
0000908259,0001193125-19-119188,d737649dex991.htm,2019-04-25,MATEON THERAPEUTICS INC  (OTLC)  (CIK 0000908259),2834,2.01;2.03;3.02;5.01;5.02;5.03;8.01;9.01,clinical data;efficacy data
0000876343,0001493152-19-006051,ex99-1.htm,2019-04-29,BIOTIME INC  (LCTX)  (CIK 0000876343),2836,8.01;9.01,primary endpoint;top-line data
0001264587,0001104659-19-024280,a19-9040_1ex99d1.htm,2019-04-29,STEMLINE THERAPEUTICS INC  (CIK 0001264587),2834,8.01;9.01,efficacy data
0001506251,0001213900-19-007374,f8k043019ex99-1_citiuspharma.htm,2019-04-30,"Citius Pharmaceuticals, Inc.  (CTXR)  (CIK 0001506251)",2834,8.01;9.01,clinical data;efficacy data
0001293971,0001564590-19-014883,blue-8k_20190501.htm,2019-05-01,"bluebird bio, Inc.  (BLUE)  (CIK 0001293971)",2836,8.01;9.01,interim data
0001628738,0001564590-19-014708,bold-8k_20190501.htm,2019-05-01,"Audentes Therapeutics, Inc.  (CIK 0001628738)",2836,8.01;9.01,positive data
0001651407,0001144204-19-022661,tv520278_ex99-1.htm,2019-05-01,"Checkpoint Therapeutics, Inc.  (CKPT)  (CIK 0001651407)",2834,8.01;9.01,interim data;primary endpoint
0000876343,0001493152-19-006272,ex99-1.htm,2019-05-02,BIOTIME INC  (LCTX)  (CIK 0000876343),2836,8.01;9.01,data from the Phase
0001411685,0001654954-19-005208,ex99-2.htm,2019-05-02,"VistaGen Therapeutics, Inc.  (VTGN)  (CIK 0001411685)",2834,7.01;8.01;9.01,primary endpoint;top-line results
0001439222,0001193125-19-134882,d743145dex991.htm,2019-05-02,AGIOS PHARMACEUTICALS INC  (AGIO)  (CIK 0001439222),2834,8.01;9.01,efficacy data;primary endpoint
0001061983,0001171843-19-002975,exh_991.htm,2019-05-06,CYTOKINETICS INC  (CYTK)  (CIK 0001061983),2834,8.01;9.01,primary endpoint;statistically significant
0001621227,0001104659-19-026958,a19-9411_1ex99d1.htm,2019-05-06,Adaptimmune Therapeutics PLC  (ADAP)  (CIK 0001621227),2836,8.01;9.01,primary endpoint
0000827871,0001104659-19-027293,a19-9491_28k.htm,2019-05-07,"EAGLE PHARMACEUTICALS, INC.  (EGRX)  (CIK 0000827871)",2834,8.01;9.01,positive results
0001564824,0001564590-19-016491,allk-8k_20190507.htm,2019-05-07,Allakos Inc.  (ALLK)  (CIK 0001564824),2834,8.01;9.01,positive results
0001659617,0001659617-19-000062,exh991-pressreleasefirstco.htm,2019-05-07,"Moleculin Biotech, Inc.  (MBRX)  (CIK 0001659617)",2834,7.01;9.01,efficacy data;top-line results
0001689813,0001104659-19-027408,a19-9458_1ex99d1.htm,2019-05-07,Biohaven Pharmaceutical Holding Co Ltd.  (CIK 0001689813),2834,7.01;9.01,efficacy data;statistically significant
0001739426,0001104659-19-027407,a19-9492_18k.htm,2019-05-07,Osmotica Pharmaceuticals plc  (RVLPQ)  (CIK 0001739426),2834,7.01;9.01,data from the Phase;topline data
0001001316,0001654954-19-005419,v050719_8k.htm,2019-05-08,"TG THERAPEUTICS, INC.  (TGTX)  (CIK 0001001316)",2834,8.01;9.01,data from the Phase
0001082038,0001564590-19-016785,drrx-8k_20190507.htm,2019-05-08,DURECT CORP  (DRRX)  (CIK 0001082038),2834,8.01;9.01,preliminary data
0001076682,0001493152-19-006739,ex99-2.htm,2019-05-10,"POLARITYTE, INC.  (RGTPQ)  (CIK 0001076682)",2836,7.01;9.01,clinical data
0001590560,0001104659-19-028486,a19-9791_18k.htm,2019-05-10,uniQure N.V.  (QURE)  (CIK 0001590560),2834,8.01;9.01,clinical data
0000818033,0001193125-19-146046,d718016d8k.htm,2019-05-14,"HERON THERAPEUTICS, INC. /DE/  (HRTX)  (CIK 0000818033)",2834,7.01;9.01,topline results
0001439222,0001193125-19-148009,d740240d8k.htm,2019-05-15,AGIOS PHARMACEUTICALS INC  (AGIO)  (CIK 0001439222),2834,8.01;9.01,primary endpoint
0001425205,0001144204-19-026880,tv521835_8k.htm,2019-05-16,"IOVANCE BIOTHERAPEUTICS, INC.  (IOVA)  (CIK 0001425205)",2836,8.01;9.01,interim data
0001434418,0001193125-19-148650,d938451dex991.htm,2019-05-16,CONSTELLATION PHARMACEUTICALS INC  (CIK 0001434418),2834,7.01;9.01,clinical data;interim data;positive results;primary endpoint
0001598646,0001193125-19-148632,d750055dex991.htm,2019-05-16,"Minerva Neurosciences, Inc.  (NERV)  (CIK 0001598646)",2834,8.01;9.01,clinical data;positive results;statistically significant;top-line results
0001070336,0001193125-19-149994,d744683d8k.htm,2019-05-17,ACHILLION PHARMACEUTICALS INC  (CIK 0001070336),2834,7.01;8.01;9.01,interim data
0001393434,0001104659-19-030555,a19-10286_18k.htm,2019-05-20,"OCULAR THERAPEUTIX, INC  (OCUL)  (CIK 0001393434)",2834,8.01,primary endpoint;statistically significant;topline data;topline results
0001604191,0001654954-19-006350,ex99-1.htm,2019-05-20,"AzurRx BioPharma, Inc.  (ENTO)  (CIK 0001604191)",2834,8.01;9.01,data from the Phase;primary endpoint;statistically significant
0001720893,0001104659-19-030423,a19-10234_18k.htm,2019-05-20,"BioXcel Therapeutics, Inc.  (BTAI)  (CIK 0001720893)",2834,7.01;8.01;9.01,data from the Phase
0000818033,0001193125-19-152334,d752659dex991.htm,2019-05-21,"HERON THERAPEUTICS, INC. /DE/  (HRTX)  (CIK 0000818033)",2834,7.01;9.01,statistically significant
0000882796,0001171843-19-003529,exh_991.htm,2019-05-21,BIOCRYST PHARMACEUTICALS INC  (BCRX)  (CIK 0000882796),2836,8.01;9.01,positive results;primary endpoint
0001100412,0001100412-19-000023,a8k_5212019.htm,2019-05-21,ARRAY BIOPHARMA INC  (CIK 0001100412),2834,7.01;9.01,positive results
0001279704,0001144204-19-027511,tv522175_ex99-1.htm,2019-05-21,"Cellectar Biosciences, Inc.  (CLRB)  (CIK 0001279704)",2834,7.01;9.01,data from the Phase;primary endpoint;top-line data;top-line results
0001600132,0001600132-19-000080,a8-kmay2019atsdata.htm,2019-05-21,"Bellerophon Therapeutics, Inc.  (BLPH)  (CIK 0001600132)",2834,8.01;9.01,positive data
0001697805,0001213900-19-009328,f8k051519ex99-1_xynomic.htm,2019-05-21,"XYNOMIC PHARMACEUTICALS HOLDINGS, INC.  (CIK 0001697805)",2834,8.01;9.01,results from the Phase
0001583648,0001583648-19-000028,form8-k.htm,2019-05-22,"PIERIS PHARMACEUTICALS, INC.  (PIRS)  (CIK 0001583648)",8731,7.01;9.01,clinical data
0001173313,0001213900-19-009469,f8k052319_americanbrivision.htm,2019-05-23,American BriVision (Holding) Corp  (ABVC)  (CIK 0001173313),2834,8.01,primary endpoint
0001346830,0001193125-19-158835,d753179d8k.htm,2019-05-29,"Cara Therapeutics, Inc.  (CARA)  (CIK 0001346830)",2834,7.01;8.01;9.01,efficacy data;primary endpoint;top-line data
0000946486,0001437749-19-011160,ex_146241.htm,2019-05-31,"WINDTREE THERAPEUTICS INC /DE/  (WINT, WINTW)  (CIK 0000946486)",2836,8.01;9.01,efficacy data;positive results;primary endpoint
0001595893,0001564590-19-021082,tptx-8k_20190531.htm,2019-05-31,"Turning Point Therapeutics, Inc.  (CIK 0001595893)",2834,2.02;7.01;9.01,clinical data
0001262104,0001193125-19-164088,d743672d8k.htm,2019-06-03,"MEI Pharma, Inc.  (MEIP)  (CIK 0001262104)",2834,8.01;9.01,interim data
0001290149,0001193125-19-163365,d757680d8k.htm,2019-06-03,"Sierra Oncology, Inc.  (CIK 0001290149)",2834,8.01;9.01,clinical data
0001358403,0001358403-19-000066,exh991pressreleasedatedjun.htm,2019-06-03,"BELLICUM PHARMACEUTICALS, INC  (CIK 0001358403)",2834,7.01;8.01,interim data
0001439222,0001193125-19-164072,d757077d8k.htm,2019-06-03,AGIOS PHARMACEUTICALS INC  (AGIO)  (CIK 0001439222),2834,8.01;9.01,clinical data
0001597264,0001558370-19-005447,ex-99d1.htm,2019-06-03,Blueprint Medicines Corp  (BPMC)  (CIK 0001597264),2834,7.01;9.01,clinical data;preliminary data
0001626971,0001171843-19-003763,exh_991.htm,2019-06-03,"Corvus Pharmaceuticals, Inc.  (CRVS)  (CIK 0001626971)",2834,7.01;8.01;9.01,preliminary data
0001644963,0001144204-19-029339,tv522901_8k.htm,2019-06-03,"AVENUE THERAPEUTICS, INC.  (ATXI)  (CIK 0001644963)",2834,8.01;9.01,primary endpoint;statistically significant
0001682852,0001193125-19-163337,d754931d8k.htm,2019-06-03,"Moderna, Inc.  (MRNA)  (CIK 0001682852)",2836,7.01;9.01,interim data
0000764195,0001493152-19-008650,ex99-1.htm,2019-06-04,VBI Vaccines Inc/BC  (VBIVQ)  (CIK 0000764195),2834,8.01;9.01,clinical data
0001624658,0001564590-19-021520,alna-8k_20190604.htm,2019-06-04,"Allena Pharmaceuticals, Inc.  (CIK 0001624658)",2836,7.01;8.01;9.01,interim data
0001674365,0001410578-19-000294,a19-11277_18k.htm,2019-06-10,Aptinyx Inc.  (CIK 0001674365),2834,8.01;9.01,top-line data
0001695357,0001493152-19-008907,form8-k.htm,2019-06-10,"Provention Bio, Inc.  (CIK 0001695357)",2834,7.01;8.01;9.01,primary endpoint
0001160308,0001193125-19-171254,d739080d8k.htm,2019-06-12,Savara Inc  (SVRA)  (CIK 0001160308),2834,8.01;9.01,topline data
0001645666,0001564590-19-022455,kzr-ex991_6.htm,2019-06-13,"Kezar Life Sciences, Inc.  (KZR)  (CIK 0001645666)",2834,8.01;9.01,data from the Phase;efficacy data;positive results;primary endpoint;results from the Phase
0001724344,0001104659-19-035218,a19-11467_1ex99d1.htm,2019-06-13,Entasis Therapeutics Holdings Inc.  (CIK 0001724344),2834,7.01;9.01,efficacy data
0001422143,0001193125-19-173019,d826525d8k.htm,2019-06-14,"Kura Oncology, Inc.  (KURA)  (CIK 0001422143)",2834,8.01;9.01,interim data
0001503802,0001193125-19-173040,d753873d8k.htm,2019-06-14,Karyopharm Therapeutics Inc.  (KPTI)  (CIK 0001503802),2834,8.01;9.01,clinical data
0001629137,0001171843-19-003994,f8k_061419.htm,2019-06-14,"Global Blood Therapeutics, Inc.  (CIK 0001629137)",2834,8.01,clinical data;efficacy data;primary endpoint;statistically significant
0001169245,0001564590-19-022659,phas-ex991_6.htm,2019-06-17,PhaseBio Pharmaceuticals Inc  (PHASQ)  (CIK 0001169245),2834,8.01;9.01,preliminary data;results from the Phase;statistically significant;top-line data
0001382101,0001564590-19-022611,stro-ex991_6.htm,2019-06-17,"SUTRO BIOPHARMA, INC.  (STRO)  (CIK 0001382101)",2836,7.01;9.01,clinical data
0001557746,0001558370-19-005736,acrs-20190617ex991be3be2.htm,2019-06-17,"Aclaris Therapeutics, Inc.  (ACRS)  (CIK 0001557746)",2834,7.01;9.01,positive results;primary endpoint
0001597264,0001558370-19-005739,ex-99d2.htm,2019-06-17,Blueprint Medicines Corp  (BPMC)  (CIK 0001597264),2834,7.01;9.01,primary endpoint
0001651308,0001651308-19-000063,a992eha_3zanupostersx61319.htm,2019-06-17,"BeiGene, Ltd.  (BGNE, BEIGF)  (CIK 0001651308)",2834,1.02;7.01;8.01,clinical data;preliminary data
0001560241,0001193125-19-175173,d766824d8k.htm,2019-06-18,"G1 Therapeutics, Inc.  (GTHX)  (CIK 0001560241)",2834,8.01;9.01,topline data
0001651308,0001104659-19-036034,a19-11671_1ex99d2.htm,2019-06-18,"BeiGene, Ltd.  (BGNE, BEIGF)  (CIK 0001651308)",2834,1.02;7.01;8.01;9.01,clinical data;preliminary data
0000850261,0001144204-19-031390,tv523828_ex99-2.htm,2019-06-19,"Sorrento Therapeutics, Inc.  (SRNE)  (CIK 0000850261)",8731,7.01;8.01;9.01,positive data;positive results
0001401040,0001437749-19-012278,ex_147963.htm,2019-06-19,DiaMedica Therapeutics Inc.  (DMAC)  (CIK 0001401040),2834,7.01;8.01;9.01,clinical data;results from the Phase
0001503802,0001193125-19-176471,d755638d8k.htm,2019-06-19,Karyopharm Therapeutics Inc.  (KPTI)  (CIK 0001503802),2834,8.01;9.01,clinical data;data from the Phase
0000939767,0000939767-19-000144,form8-kimspire170.htm,2019-06-20,"EXELIXIS, INC.  (EXEL)  (CIK 0000939767)",8731,7.01,primary endpoint
0001383701,0001171843-19-004145,f8k_062419.htm,2019-06-24,Conatus Pharmaceuticals Inc.  (CIK 0001383701),2834,2.05;8.01,primary endpoint;statistically significant;top-line results
0001711279,0001193125-19-179370,d744907d8k.htm,2019-06-24,"Krystal Biotech, Inc.  (KRYS)  (CIK 0001711279)",2836,7.01;9.01,positive results
0001504167,0001558370-19-005869,ex-99d1.htm,2019-06-25,BioPharmX Corp  (CIK 0001504167),2834,7.01;8.01;9.01,positive results;primary endpoint;statistically significant;topline results
0001598646,0001193125-19-181947,d767481dex991.htm,2019-06-26,"Minerva Neurosciences, Inc.  (NERV)  (CIK 0001598646)",2834,8.01;9.01,primary endpoint;statistically significant
0001638287,0001558370-19-005901,ex-99d1.htm,2019-06-26,Gemphire Therapeutics Inc.  (NRBO)  (CIK 0001638287),2834,8.01;9.01,primary endpoint;top-line data;top-line results
0001488039,0001437749-19-012879,ex_148659.htm,2019-06-27,ATOSSA GENETICS INC  (ATOS)  (CIK 0001488039),2834,7.01;9.01,positive results;primary endpoint;statistically significant
0001660334,0001193125-19-183398,d737187d8k.htm,2019-06-27,Verrica Pharmaceuticals Inc.  (VRCA)  (CIK 0001660334),2834,7.01;9.01,results from the Phase;topline results
0000921299,0001564590-19-023957,fgen-ex991_85.htm,2019-06-28,FIBROGEN INC  (FGEN)  (CIK 0000921299),2834,7.01;9.01,positive data;positive results
0001261249,0001104659-19-038107,a19-12185_1ex99d1.htm,2019-06-28,"AGILE THERAPEUTICS INC  (AGRX, AGXRW)  (CIK 0001261249)",2834,8.01;9.01,primary endpoint
0001463361,0001193125-19-189296,d768129d8k.htm,2019-07-03,"Unity Biotechnology, Inc.  (UBX)  (CIK 0001463361)",2834,8.01,statistically significant;top-line results
0001537917,0001193125-19-189447,d770087dex991.htm,2019-07-05,"TYME TECHNOLOGIES, INC.  (CIK 0001537917)",2834,7.01;9.01,clinical data;initial data;preliminary data;statistically significant
0001567514,0001193125-19-189981,d898004d8k.htm,2019-07-08,"Intra-Cellular Therapies, Inc.  (ITCI)  (CIK 0001567514)",2834,8.01;9.01,top-line results
0001537917,0001193125-19-190905,d772766dex991.htm,2019-07-09,"TYME TECHNOLOGIES, INC.  (CIK 0001537917)",2834,7.01;9.01,initial data;primary endpoint;statistically significant
0001590560,0001104659-19-039704,a19-12589_1ex99d1.htm,2019-07-09,uniQure N.V.  (QURE)  (CIK 0001590560),2834,8.01;9.01,clinical data;primary endpoint
0001133869,0001144204-19-034627,tv525181_8k.htm,2019-07-15,"CAPRICOR THERAPEUTICS, INC.  (CAPR)  (CIK 0001133869)",2834,8.01;9.01,statistically significant
0001527599,0001157523-19-001521,a52012759.htm,2019-07-15,"SYNLOGIC, INC.  (SYBX)  (CIK 0001527599)",2834,7.01;8.01;9.01,clinical data
0001681087,0001193125-19-193574,d753129d8k.htm,2019-07-15,"AVROBIO, Inc.  (TECX)  (CIK 0001681087)",2836,8.01;9.01,positive data
0001694187,0001694187-19-000056,ntgn-20190715xex991.htm,2019-07-15,"Neon Therapeutics, Inc.  (CIK 0001694187)",2836,8.01;9.01,primary endpoint;top-line data;top-line results
0001447028,0001104659-19-040934,a19-12981_18k.htm,2019-07-18,Arbutus Biopharma Corp  (ABUS)  (CIK 0001447028),2834,8.01,preliminary data
0001659617,0001659617-19-000114,exh991-pressreleasepolanda.htm,2019-07-18,"Moleculin Biotech, Inc.  (MBRX)  (CIK 0001659617)",2834,7.01;9.01,efficacy data
0001094038,0001144204-19-035266,tv525553_ex99-2.htm,2019-07-22,"Marker Therapeutics, Inc.  (MRKR)  (CIK 0001094038)",2834,7.01;8.01;9.01,interim data
0001638381,0001213900-19-013239,f8k072219_intecpharma.htm,2019-07-22,Intec Pharma Ltd.  (CIK 0001638381),2834,7.01;8.01;9.01,top-line results
0001720893,0001104659-19-041197,a19-13073_18k.htm,2019-07-22,"BioXcel Therapeutics, Inc.  (BTAI)  (CIK 0001720893)",2834,7.01;8.01;9.01,data from the Phase
0001339469,0001193125-19-199353,d767636d8k.htm,2019-07-23,"CHIASMA, INC  (CIK 0001339469)",2834,2.02;7.01;8.01;9.01,top-line results
0001597553,0001193125-19-200528,d759433dex991.htm,2019-07-24,"Sage Therapeutics, Inc.  (SAGE)  (CIK 0001597553)",2834,8.01;9.01,statistically significant
0000318306,0001144204-19-035881,tv525876_ex99-1.htm,2019-07-25,ABEONA THERAPEUTICS INC.  (ABEO)  (CIK 0000318306),2834,7.01;9.01,interim data;positive data
0000921299,0001564590-19-025941,fgen-ex991_93.htm,2019-07-25,FIBROGEN INC  (FGEN)  (CIK 0000921299),2834,8.01;9.01,primary endpoint
0001062822,0001193125-19-204244,d773162d8k.htm,2019-07-29,"LEXICON PHARMACEUTICALS, INC.  (LXRX)  (CIK 0001062822)",2834,1.02;9.01,clinical data;positive results;primary endpoint;topline results
0001468748,0001564590-19-026439,kod-ex991_6.htm,2019-07-29,Kodiak Sciences Inc.  (KOD)  (CIK 0001468748),2836,8.01;9.01,data from the Phase;efficacy data;interim data;positive data
0001610618,0001193125-19-204788,d758216d8k.htm,2019-07-29,"Cidara Therapeutics, Inc.  (CDTX)  (CIK 0001610618)",2836,7.01;8.01;9.01,primary endpoint;top-line results;topline results
0001610618,0001610618-19-000043,cdtx8-k2019x07x29_13x00x00.htm,2019-07-29,"Cidara Therapeutics, Inc.  (CDTX)  (CIK 0001610618)",2836,7.01;9.01,topline results
0001520262,0001564590-19-026738,alks-8k_20190730.htm,2019-07-30,Alkermes plc.  (ALKS)  (CIK 0001520262),2834,7.01;9.01,topline results
0001557746,0001558370-19-006557,ex-99d1.htm,2019-07-30,"Aclaris Therapeutics, Inc.  (ACRS)  (CIK 0001557746)",2834,7.01;9.01,primary endpoint;statistically significant
0001513818,0001193125-19-207763,d733483d8k.htm,2019-07-31,"Aravive, Inc.  (CIK 0001513818)",2834,8.01;9.01,efficacy data
0001178879,0001178879-19-000060,exhibit99113.htm,2019-08-01,"AMICUS THERAPEUTICS, INC.  (FOLD)  (CIK 0001178879)",2834,8.01;9.01,clinical data;efficacy data;interim data;preliminary data
0001253689,0001558370-19-007085,ex-99d1.htm,2019-08-05,GLYCOMIMETICS INC  (GLYC)  (CIK 0001253689),2834,8.01;9.01,primary endpoint;top-line results
0001564824,0001564590-19-028511,allk-ex991_6.htm,2019-08-05,Allakos Inc.  (ALLK)  (CIK 0001564824),2834,8.01;9.01,positive results;primary endpoint;results from the Phase;statistically significant
0001509745,0001104659-19-044131,a19-16659_1ex99d1.htm,2019-08-06,"LEAP THERAPEUTICS, INC.  (LPTX)  (CIK 0001509745)",2834,8.01;9.01,positive results
0001649904,0001104659-19-044424,a19-16774_18k.htm,2019-08-07,"RHYTHM PHARMACEUTICALS, INC.  (RYTM)  (CIK 0001649904)",2834,8.01;9.01,clinical data
0001711754,0001640334-19-001540,inmb_8k.htm,2019-08-07,"Inmune Bio, Inc.  (INMB)  (CIK 0001711754)",2836,7.01;9.01,preliminary data
0001485003,0001485003-19-000066,sesenbio2q2019pressrelea.htm,2019-08-08,"Sesen Bio, Inc.  (CARM)  (CIK 0001485003)",2834,2.02;9.01,clinical data;efficacy data;preliminary data
0001661059,0001104659-19-045001,a19-16898_18k.htm,2019-08-09,"NextCure, Inc.  (NXTC)  (CIK 0001661059)",2834,7.01,data from the Phase;topline data
0001654151,0001193125-19-219468,d791955d8k.htm,2019-08-13,"Deciphera Pharmaceuticals, Inc.  (CIK 0001654151)",2834,8.01,primary endpoint;results from the Phase;statistically significant;top-line data;top-line results
0001213037,0001104659-19-046145,a19-17231_18k.htm,2019-08-15,"Trovagene, Inc.  (CRDF)  (CIK 0001213037)",2836,8.01;9.01,clinical data
0000818033,0001564590-19-032608,hrtx-ex991_48.htm,2019-08-20,"HERON THERAPEUTICS, INC. /DE/  (HRTX)  (CIK 0000818033)",2834,7.01;9.01,results from the Phase;statistically significant
0000881524,0001104659-19-046600,a19-17380_1ex99d1.htm,2019-08-20,VIVUS INC  (CIK 0000881524),2834,8.01;9.01,statistically significant
0001213037,0001628280-19-011171,trov8-k82619.htm,2019-08-26,"Trovagene, Inc.  (CRDF)  (CIK 0001213037)",2836,8.01;9.01,clinical data
0001434868,0001410578-19-000970,tv528546_8k.htm,2019-08-29,"Esperion Therapeutics, Inc.  (ESPR)  (CIK 0001434868)",2834,8.01;9.01,top-line results
0001697805,0001213900-19-016975,f8k083019_xynomicpharma.htm,2019-08-30,"XYNOMIC PHARMACEUTICALS HOLDINGS, INC.  (CIK 0001697805)",2834,7.01;9.01,interim data
0001422143,0001193125-19-235863,d795883d8k.htm,2019-09-03,"Kura Oncology, Inc.  (KURA)  (CIK 0001422143)",2834,8.01;9.01,topline results
0001437402,0001193125-19-235868,d795858d8k.htm,2019-09-03,"ARDELYX, INC.  (ARDX)  (CIK 0001437402)",2834,8.01,positive results;primary endpoint;statistically significant
0001614067,0001104659-19-048359,a19-18182_1ex99d1.htm,2019-09-03,"Aridis Pharmaceuticals, Inc.  (ARDS)  (CIK 0001614067)",2834,8.01;9.01,interim data;primary endpoint;statistically significant;top-line data;top-line results
0001636282,0001564590-19-033820,agle-8k_20190903.htm,2019-09-03,"Aeglea BioTherapeutics, Inc.  (SYRE)  (CIK 0001636282)",2834,7.01;8.01;9.01,clinical data;topline data
0001439222,0001193125-19-237824,d769077dex991.htm,2019-09-04,"AGIOS PHARMACEUTICALS, INC.  (AGIO)  (CIK 0001439222)",2834,8.01;9.01,efficacy data;primary endpoint
0001515673,0001564590-19-033927,rare-8k_20190904.htm,2019-09-04,Ultragenyx Pharmaceutical Inc.  (RARE)  (CIK 0001515673),2834,7.01;8.01;9.01,positive data
0001280776,0001193805-19-000797,e618637_ex99-1.htm,2019-09-05,"IMMUNIC, INC.  (IMUX)  (CIK 0001280776)",2834,5.02;8.01;9.01,clinical data;primary endpoint;top-line data
0001579428,0001558370-19-008490,ex-99d1.htm,2019-09-05,"Axsome Therapeutics, Inc.  (AXSM)  (CIK 0001579428)",2834,8.01;9.01,positive results;primary endpoint
0001069530,0001171843-19-005858,exh_991.htm,2019-09-09,CASSAVA SCIENCES INC  (SAVA)  (CIK 0001069530),2834,8.01;9.01,clinical data
0001070494,0001193125-19-240440,d800506d8k.htm,2019-09-09,ACADIA PHARMACEUTICALS INC  (ACAD)  (CIK 0001070494),2834,8.01;9.01,primary endpoint;statistically significant
0001513856,0001144204-19-043868,tv529026_8k.htm,2019-09-09,"Neurotrope, Inc.  (CIK 0001513856)",2834,8.01;9.01,primary endpoint;statistically significant
0001325879,0001193125-19-241618,d800866dex991.htm,2019-09-10,AVEO PHARMACEUTICALS INC  (CIK 0001325879),2834,8.01;9.01,primary endpoint;statistically significant
0001587221,0001628280-19-011560,qtrypta.htm,2019-09-10,Zosano Pharma Corp  (CIK 0001587221),2834,8.01,positive data;preliminary data
0001001316,0001654954-19-010620,tgtx_ex991.htm,2019-09-12,"TG THERAPEUTICS, INC.  (TGTX)  (CIK 0001001316)",2834,8.01;9.01,efficacy data;results from the Phase;topline results
0001460702,0001493152-19-014032,ex99-1.htm,2019-09-12,RITTER PHARMACEUTICALS INC  (QLGN)  (CIK 0001460702),2834,8.01;9.01,primary endpoint;top-line data;top-line results
0001501756,0001193125-19-243345,d796347dex991.htm,2019-09-12,"Adverum Biotechnologies, Inc.  (ADVM)  (CIK 0001501756)",2836,7.01;9.01,clinical data;positive results;primary endpoint
0001682852,0001193125-19-243385,d796420dex991.htm,2019-09-12,"Moderna, Inc.  (MRNA)  (CIK 0001682852)",2836,7.01;9.01,data from the Phase;interim data;positive data
0001279704,0001144204-19-044706,tv529504_ex99-1.htm,2019-09-16,"Cellectar Biosciences, Inc.  (CLRB)  (CIK 0001279704)",2834,7.01;9.01,data from the Phase;positive results
0001280600,0001280600-19-000048,xlrn-20190916ex991.htm,2019-09-16,ACCELERON PHARMA INC  (CIK 0001280600),2836,8.01;9.01,primary endpoint;results from the Phase;statistically significant;topline results
0001082038,0001564590-19-034836,drrx-ex991_6.htm,2019-09-17,DURECT CORP  (DRRX)  (CIK 0001082038),2834,8.01;9.01,clinical data;positive data;preliminary data;results from the Phase
0001509745,0001104659-19-050329,a19-18730_18k.htm,2019-09-17,"LEAP THERAPEUTICS, INC.  (LPTX)  (CIK 0001509745)",2834,7.01;9.01,clinical data
0001293971,0001564590-19-034969,blue-8k_20190918.htm,2019-09-18,"bluebird bio, Inc.  (BLUE)  (CIK 0001293971)",2836,8.01;9.01,results from the Phase
0001460702,0001493152-19-014284,form8-k.htm,2019-09-18,RITTER PHARMACEUTICALS INC  (QLGN)  (CIK 0001460702),2834,5.02;8.01,primary endpoint
0001621443,0001104659-19-050481,a19-18767_18k.htm,2019-09-18,"Zynerba Pharmaceuticals, Inc.  (CIK 0001621443)",2834,8.01;9.01,top-line data
0000876343,0001493152-19-014295,ex99-1.htm,2019-09-19,"Lineage Cell Therapeutics, Inc.  (LCTX)  (CIK 0000876343)",2836,8.01;9.01,positive data;primary endpoint
0001213037,0001104659-19-050671,a19-18826_1ex99d1.htm,2019-09-19,"Trovagene, Inc.  (CRDF)  (CIK 0001213037)",2836,8.01;9.01,data from the Phase
0001472091,0001140361-19-016975,ex99_1.htm,2019-09-19,PDS Biotechnology Corp  (PDSB)  (CIK 0001472091),2834,8.01;9.01,clinical data
0000944809,0000944809-19-000060,a8khghctpex991.htm,2019-09-23,"Opko Health, Inc.  (OPK)  (CIK 0000944809)",2834,7.01;9.01,top-line results
0001544238,0001493152-19-014410,ex99-1.htm,2019-09-23,"CARDAX, INC.  (CIK 0001544238)",2834,7.01;9.01,statistically significant
0001012477,0001144204-19-045690,tv529887_ex99-1.htm,2019-09-24,AVADEL PHARMACEUTICALS PLC  (AVDL)  (CIK 0001012477),2834,8.01;9.01,top-line data
0001169245,0001564590-19-035318,phas-ex991_11.htm,2019-09-24,PhaseBio Pharmaceuticals Inc  (PHASQ)  (CIK 0001169245),2834,8.01;9.01,statistically significant
0001651308,0001651308-19-000090,a8-kx92419.htm,2019-09-24,"BeiGene, Ltd.  (BGNE, BEIGF)  (CIK 0001651308)",2834,8.01,clinical data
0001668243,0001193125-19-253710,d778092d8k.htm,2019-09-24,UroGen Pharma Ltd.  (URGN)  (CIK 0001668243),2834,8.01;9.01,positive data
0000072444,0001104659-19-051291,a19-18367_58k.htm,2019-09-25,"Vaxart, Inc.  (VXRT)  (CIK 0000072444)",2836,8.01;9.01,topline results
0001604191,0001654954-19-011103,azrx8k_20190925.htm,2019-09-25,"AzurRx BioPharma, Inc.  (ENTO)  (CIK 0001604191)",2834,7.01;8.01;9.01,positive results
0000855654,0001558370-19-008729,imgn-20190929ex9912e4fdd.htm,2019-09-30,"ImmunoGen, Inc.  (CIK 0000855654)",2834,7.01;8.01;9.01,primary endpoint;top-line results
0001174940,0001193125-19-258123,d787658d8k.htm,2019-09-30,ORAGENICS INC  (OGEN)  (CIK 0001174940),2834,7.01;9.01,initial data
0001279704,0001144204-19-046508,tv530304_ex99-1.htm,2019-09-30,"Cellectar Biosciences, Inc.  (CLRB)  (CIK 0001279704)",2834,7.01;9.01,primary endpoint;topline data
0001370053,0001370053-19-000035,anab-93019x8k.htm,2019-09-30,"ANAPTYSBIO, INC  (ANAB)  (CIK 0001370053)",2834,7.01;9.01,topline data
0001439222,0001193125-19-258364,d808786dex991.htm,2019-09-30,"AGIOS PHARMACEUTICALS, INC.  (AGIO)  (CIK 0001439222)",2834,8.01;9.01,efficacy data;statistically significant
0001501697,0001193125-19-258069,d805977d8k.htm,2019-09-30,"X4 Pharmaceuticals, Inc  (XFOR, XFOWW)  (CIK 0001501697)",2836,7.01;8.01;9.01,data from the Phase
0001654151,0001193125-19-258196,d809273dex991.htm,2019-09-30,"Deciphera Pharmaceuticals, Inc.  (CIK 0001654151)",2834,7.01;9.01,positive results;primary endpoint;statistically significant;top-line results
0001761612,0001104659-19-051888,a19-19170_1ex99d1.htm,2019-09-30,BICYCLE THERAPEUTICS plc  (BCYC)  (CIK 0001761612),2834,8.01;9.01,clinical data;results from the Phase
0001472091,0001140361-19-017653,ex99_1.htm,2019-10-01,PDS Biotechnology Corp  (PDSB)  (CIK 0001472091),2834,8.01;9.01,clinical data
0001560241,0001193125-19-259970,d813335dex991.htm,2019-10-01,"G1 Therapeutics, Inc.  (GTHX)  (CIK 0001560241)",2834,8.01;9.01,statistically significant
0000764195,0001493152-19-014865,ex99-1.htm,2019-10-02,VBI Vaccines Inc/BC  (VBIVQ)  (CIK 0000764195),2834,8.01;9.01,results from the Phase;top-line data
0000818033,0001564590-19-036139,hrtx-8k_20191002.htm,2019-10-02,"HERON THERAPEUTICS, INC. /DE/  (HRTX)  (CIK 0000818033)",2834,7.01;8.01;9.01,topline results
0001160308,0001193125-19-260354,d807268dex991.htm,2019-10-02,Savara Inc  (SVRA)  (CIK 0001160308),2834,7.01;8.01;9.01,primary endpoint
0001178879,0001410578-19-001500,tv530493_8k.htm,2019-10-02,"AMICUS THERAPEUTICS, INC.  (FOLD)  (CIK 0001178879)",2834,8.01;9.01,positive results
0001651308,0001651308-19-000092,a8-kx10219.htm,2019-10-02,"BeiGene, Ltd.  (BGNE, BEIGF)  (CIK 0001651308)",2834,8.01,clinical data
0001680581,0001193125-19-262065,d815726dex991.htm,2019-10-04,"Fulcrum Therapeutics, Inc.  (FULC)  (CIK 0001680581)",2834,7.01;9.01,positive results
0001375151,0001193125-19-263227,d827655d8k.htm,2019-10-07,"ZOGENIX, INC.  (CIK 0001375151)",2834,8.01,statistically significant;top-line results
0001426332,0001564590-19-036522,ngm-ex991_6.htm,2019-10-07,NGM BIOPHARMACEUTICALS INC  (CIK 0001426332),2834,8.01;9.01,primary endpoint;statistically significant;topline results
0001628738,0001628280-19-012219,exhibit991.htm,2019-10-09,"Audentes Therapeutics, Inc.  (CIK 0001628738)",2836,8.01,positive data
0001510487,0001193125-19-265503,d819052d8k.htm,2019-10-10,Principia Biopharma Inc.  (CIK 0001510487),2834,8.01;9.01,preliminary data
0000876343,0001493152-19-015458,ex99-1.htm,2019-10-15,"Lineage Cell Therapeutics, Inc.  (LCTX)  (CIK 0000876343)",2836,8.01;9.01,interim data
0001173313,0001213900-19-020388,f8k101519ex99-1_americanbri.htm,2019-10-15,American BriVision (Holding) Corp  (ABVC)  (CIK 0001173313),2834,7.01;9.01,statistically significant
0001358762,0001564590-19-036894,reta-ex991_6.htm,2019-10-15,REATA PHARMACEUTICALS INC  (CIK 0001358762),2834,8.01;9.01,positive results;primary endpoint;statistically significant;topline results
0001468748,0001564590-19-036888,kod-ex991_6.htm,2019-10-15,Kodiak Sciences Inc.  (KOD)  (CIK 0001468748),2836,8.01;9.01,efficacy data;primary endpoint
0001510487,0001193125-19-267205,d801254d8k.htm,2019-10-15,Principia Biopharma Inc.  (CIK 0001510487),2834,8.01;9.01,preliminary data
0001590877,0001193125-19-266891,d816528dex992.htm,2019-10-15,REGENXBIO Inc.  (RGNX)  (CIK 0001590877),2836,7.01;8.01;9.01,interim data
0001006281,0001104659-19-054507,tm1920403d1_ex99-1.htm,2019-10-17,"Protalix BioTherapeutics, Inc.  (PLX)  (CIK 0001006281)",2836,8.01;9.01,interim data
0001660334,0001193125-19-269686,d819249d8k.htm,2019-10-18,Verrica Pharmaceuticals Inc.  (VRCA)  (CIK 0001660334),2834,7.01;9.01,positive data
0001082038,0001564590-19-037206,drrx-ex991_6.htm,2019-10-21,DURECT CORP  (DRRX)  (CIK 0001082038),2834,8.01;9.01,data from the Phase;positive results
0001082554,0001104659-19-055064,tm19206102_ex99-1.htm,2019-10-21,UNITED THERAPEUTICS Corp  (UTHR)  (CIK 0001082554),2834,8.01;9.01,primary endpoint
0001553643,0001213900-19-020718,f8k101519_relmada.htm,2019-10-21,"RELMADA THERAPEUTICS, INC.  (RLMD)  (CIK 0001553643)",2834,7.01;8.01;9.01,top-line data
0001629137,0001171843-19-006621,exh_991.htm,2019-10-21,"Global Blood Therapeutics, Inc.  (CIK 0001629137)",2834,8.01;9.01,clinical data;data from the Phase
0001125345,0001125345-19-000103,exhibit99-1sophiaos.htm,2019-10-22,MACROGENICS INC  (MGNX)  (CIK 0001125345),2834,8.01,primary endpoint;topline results
0001600132,0001600132-19-000141,a8-koctober2019chestdata.htm,2019-10-23,"Bellerophon Therapeutics, Inc.  (BLPH)  (CIK 0001600132)",2834,8.01;9.01,positive data
0001636050,0001636050-19-000089,axovant1023198-k.htm,2019-10-23,Axovant Gene Therapies Ltd.  (CIK 0001636050),2834,8.01,preliminary data
0001655759,0001193125-19-272040,d819744d8k.htm,2019-10-23,"ARVINAS, INC.  (ARVN)  (CIK 0001655759)",2834,8.01;9.01,data from the Phase;initial data
0001178879,0001104659-19-055975,tm19208881_ex99-1.htm,2019-10-24,"AMICUS THERAPEUTICS, INC.  (FOLD)  (CIK 0001178879)",2834,8.01;9.01,clinical data;efficacy data;interim data;preliminary data
0001556263,0001193125-19-273138,d823026dex991.htm,2019-10-24,"Syros Pharmaceuticals, Inc.  (SYRS)  (CIK 0001556263)",2834,8.01;9.01,clinical data
0000764195,0001493152-19-015917,ex99-1.htm,2019-10-25,VBI Vaccines Inc/BC  (VBIVQ)  (CIK 0000764195),2834,8.01;9.01,initial data
0001722964,0001104659-19-056422,a19-20973_1ex99d1.htm,2019-10-25,"Y-mAbs Therapeutics, Inc.  (YMAB)  (CIK 0001722964)",2834,7.01;9.01,data from the Phase;efficacy data
0000882796,0001171843-19-006859,exh_991.htm,2019-10-28,BIOCRYST PHARMACEUTICALS INC  (BCRX)  (CIK 0000882796),2836,8.01;9.01,data from the Phase;positive results
0001001316,0001654954-19-012023,tgtx_ex991.htm,2019-10-28,"TG THERAPEUTICS, INC.  (TGTX)  (CIK 0001001316)",2834,8.01;9.01,positive data;positive results;primary endpoint
0001403752,0001193125-19-276192,d787733dex991.htm,2019-10-28,Zymeworks Inc.  (CIK 0001403752),2834,8.01;9.01,clinical data
0001410939,0001410939-19-000053,item801.htm,2019-10-28,"IVERIC bio, Inc.  (CIK 0001410939)",2834,8.01;9.01,top-line results
0001576263,0001193125-19-276327,d825784d8k.htm,2019-10-28,"Mirati Therapeutics, Inc.  (CIK 0001576263)",2834,8.01;9.01,clinical data
0001722964,0001104659-19-056720,a19-20973_2ex99d1.htm,2019-10-28,"Y-mAbs Therapeutics, Inc.  (YMAB)  (CIK 0001722964)",2834,7.01;9.01,clinical data
0001564824,0001564590-19-038263,allk-ex991_8.htm,2019-10-29,Allakos Inc.  (ALLK)  (CIK 0001564824),2834,7.01;9.01,primary endpoint
0001654151,0001193125-19-277684,d816474dex991.htm,2019-10-29,"Deciphera Pharmaceuticals, Inc.  (CIK 0001654151)",2834,7.01;9.01,preliminary data
0001711279,0001193125-19-276931,d825146dex991.htm,2019-10-29,"Krystal Biotech, Inc.  (KRYS)  (CIK 0001711279)",2836,7.01;9.01,clinical data;positive data
0001369568,0001193125-19-278423,d785565d8k.htm,2019-10-30,"CATALYST PHARMACEUTICALS, INC.  (CPRX)  (CIK 0001369568)",2834,8.01;9.01,top-line results
0001382101,0001564590-19-038415,stro-ex991_7.htm,2019-10-30,"SUTRO BIOPHARMA, INC.  (STRO)  (CIK 0001382101)",2836,7.01;9.01,clinical data
0001422143,0001564590-19-038526,kura-ex991_6.htm,2019-10-30,"Kura Oncology, Inc.  (KURA)  (CIK 0001422143)",2834,8.01;9.01,preliminary data
0001755237,0001104659-19-057505,a19-21444_18k.htm,2019-10-30,"Cyclerion Therapeutics, Inc.  (CYCN)  (CIK 0001755237)",2834,2.02;2.05;8.01;9.01,topline data;topline results
0001337553,0001193125-19-283989,d643513d8k.htm,2019-11-05,AERIE PHARMACEUTICALS INC  (CIK 0001337553),2836,7.01;9.01,topline results
0001457612,0001457612-19-000137,a115198-k.htm,2019-11-05,"GENOCEA BIOSCIENCES, INC.  (CIK 0001457612)",2836,7.01;9.01,clinical data
0001476963,0001553350-19-001123,htbx_ex99z1.htm,2019-11-05,"HEAT BIOLOGICS, INC.  (SCPX)  (CIK 0001476963)",2834,7.01;8.01;9.01,primary endpoint
0001583648,0001583648-19-000070,a191105pierisprs343sitca.htm,2019-11-05,"PIERIS PHARMACEUTICALS, INC.  (PIRS)  (CIK 0001583648)",8731,7.01;9.01,initial data
0001293971,0001564590-19-040711,blue-ex991_6.htm,2019-11-06,"bluebird bio, Inc.  (BLUE)  (CIK 0001293971)",2836,8.01;9.01,clinical data;data from the Phase;efficacy data;primary endpoint
0001337553,0001193125-19-285878,d825095d8k.htm,2019-11-06,AERIE PHARMACEUTICALS INC  (CIK 0001337553),2836,7.01;9.01,topline results
0001337553,0001193125-19-285901,d823801d8k.htm,2019-11-06,AERIE PHARMACEUTICALS INC  (CIK 0001337553),2836,7.01;9.01,topline results
0001472091,0001140361-19-019940,ex99_1.htm,2019-11-06,PDS Biotechnology Corp  (PDSB)  (CIK 0001472091),2834,8.01;9.01,clinical data;data from the Phase
0001629137,0001171843-19-007216,exh_991.htm,2019-11-06,"Global Blood Therapeutics, Inc.  (CIK 0001629137)",2834,8.01;9.01,clinical data
0001649904,0001104659-19-060306,a19-21973_1ex99d1.htm,2019-11-06,"RHYTHM PHARMACEUTICALS, INC.  (RYTM)  (CIK 0001649904)",2834,7.01;9.01,data from the Phase;statistically significant
0001600132,0001600132-19-000150,pressreleasenovember72019e.htm,2019-11-07,"Bellerophon Therapeutics, Inc.  (BLPH)  (CIK 0001600132)",2834,8.01;9.01,positive data;top-line results
0001624658,0001193125-19-286673,d831178d8k.htm,2019-11-07,"Allena Pharmaceuticals, Inc.  (CIK 0001624658)",2836,7.01;8.01;9.01,topline results
0000921299,0001564590-19-042158,fgen-ex991_6.htm,2019-11-08,FIBROGEN INC  (FGEN)  (CIK 0000921299),2834,7.01;9.01,results from the Phase
0001626971,0001171843-19-007381,f8k_110819.htm,2019-11-08,"Corvus Pharmaceuticals, Inc.  (CRVS)  (CIK 0001626971)",2834,7.01;8.01;9.01,statistically significant
0001082038,0001564590-19-043015,drrx-8k_20191112.htm,2019-11-12,DURECT CORP  (DRRX)  (CIK 0001082038),2834,8.01,statistically significant;top-line data
0001176309,0001213900-19-022717,f8k111219_oramedpharma.htm,2019-11-12,ORAMED PHARMACEUTICALS INC.  (ORMP)  (CIK 0001176309),2834,8.01,positive results;statistically significant
0001552451,0001193125-19-289408,d657775d8k.htm,2019-11-12,MyoKardia Inc  (CIK 0001552451),2834,8.01;9.01,topline data
0001576263,0001193125-19-289086,d829437d8k.htm,2019-11-12,"Mirati Therapeutics, Inc.  (CIK 0001576263)",2834,8.01,initial data;preliminary data;results from the Phase
0001600132,0001600132-19-000152,a8-knovember2019rhcdata.htm,2019-11-12,"Bellerophon Therapeutics, Inc.  (BLPH)  (CIK 0001600132)",2834,8.01;9.01,initial data
0001645666,0001564590-19-042643,kzr-ex991_6.htm,2019-11-12,"Kezar Life Sciences, Inc.  (KZR)  (CIK 0001645666)",2834,8.01;9.01,efficacy data;positive results;results from the Phase
0001557142,0001557142-19-000082,kdmn-20191112x8k.htm,2019-11-13,"Kadmon Holdings, Inc.  (CIK 0001557142)",2834,7.01;8.01;9.01,topline results
0001654151,0001193125-19-291076,d834294d8k.htm,2019-11-13,"Deciphera Pharmaceuticals, Inc.  (CIK 0001654151)",2834,7.01;9.01,preliminary data
0001213037,0001628280-19-014171,trov8-k111419.htm,2019-11-14,"Trovagene, Inc.  (CRDF)  (CIK 0001213037)",2836,8.01;9.01,positive data
0001411685,0001654954-19-012881,ex99-1.htm,2019-11-14,"VistaGen Therapeutics, Inc.  (VTGN)  (CIK 0001411685)",2834,7.01;9.01,primary endpoint;topline results
0001720580,0001193125-19-292868,d832662d8k.htm,2019-11-15,"resTORbio, Inc.  (ACET)  (CIK 0001720580)",2834,8.01;9.01,primary endpoint;top-line data
0001731831,0001193125-19-293984,d80110d8k.htm,2019-11-18,"Eidos Therapeutics, Inc.  (CIK 0001731831)",2834,1.01;2.03;8.01;9.01,clinical data
0001771917,0001193125-19-293845,d836305d8k.htm,2019-11-18,"Karuna Therapeutics, Inc.  (CIK 0001771917)",2834,8.01;9.01,data from the Phase;initial data
0001659617,0001659617-19-000177,exh991-pressreleasectcldata.htm,2019-11-19,"Moleculin Biotech, Inc.  (MBRX)  (CIK 0001659617)",2834,7.01;9.01,preliminary data
0001674416,0001193125-19-295192,d808697d8k.htm,2019-11-19,CRISPR Therapeutics AG  (CRSP)  (CIK 0001674416),2836,7.01;8.01;9.01,interim data
0001743881,0001193125-19-295582,d24594d8k.htm,2019-11-19,"BridgeBio Pharma, Inc.  (BBIO)  (CIK 0001743881)",2834,1.01;8.01;9.01,clinical data
0000881524,0001104659-19-065650,a19-23438_18k.htm,2019-11-20,VIVUS INC  (CIK 0000881524),2834,8.01;9.01,clinical data
0001513818,0001564590-19-043923,arav-8k_20191120.htm,2019-11-20,"Aravive, Inc.  (CIK 0001513818)",2834,8.01;9.01,positive data;primary endpoint;statistically significant
0001676725,0001564590-19-043921,idya-ex991_6.htm,2019-11-20,"IDEAYA Biosciences, Inc.  (IDYA)  (CIK 0001676725)",2834,8.01;9.01,interim data
0000764195,0001493152-19-018204,ex99-1.htm,2019-11-22,VBI Vaccines Inc/BC  (VBIVQ)  (CIK 0000764195),2834,8.01;9.01,interim data
0001372514,0001104659-19-066395,tm1923677d1_8k.htm,2019-11-22,"EYEGATE PHARMACEUTICALS INC  (KPRX, KPHMW)  (CIK 0001372514)",2834,8.01;9.01,primary endpoint;topline data
0001403752,0001193125-19-298517,d836726dex991.htm,2019-11-22,Zymeworks Inc.  (CIK 0001403752),2834,8.01;9.01,clinical data
0001439222,0001193125-19-298670,d837319dex991.htm,2019-11-22,"AGIOS PHARMACEUTICALS, INC.  (AGIO)  (CIK 0001439222)",2834,8.01;9.01,efficacy data;primary endpoint
0001107421,0001193125-19-299251,d839803d8k.htm,2019-11-25,ZIOPHARM ONCOLOGY INC  (TCRT)  (CIK 0001107421),2834,7.01;8.01;9.01,clinical data
0001340652,0001193125-19-299865,d839895d8k.htm,2019-11-25,"ChemoCentryx, Inc.  (CIK 0001340652)",2834,7.01;8.01;9.01,statistically significant
0001651308,0001651308-19-000123,a8-kx112519.htm,2019-11-25,"BeiGene, Ltd.  (BGNE, BEIGF)  (CIK 0001651308)",2834,8.01;9.01,clinical data
0001398733,0001140361-19-021505,ex99_4.htm,2019-11-26,"Aquestive Therapeutics, Inc.  (AQST)  (CIK 0001398733)",2834,7.01;9.01,statistically significant
0000920465,0000920465-19-000166,exhibit-pr25nov19.htm,2019-11-29,LA JOLLA PHARMACEUTICAL CO  (CIK 0000920465),2836,5.02;8.01;9.01,primary endpoint;statistically significant;topline results
0001372514,0001104659-19-068757,tm1924125d1_8k.htm,2019-12-02,"EYEGATE PHARMACEUTICALS INC  (KPRX, KPHMW)  (CIK 0001372514)",2834,8.01;9.01,topline data
0001618835,0001618835-19-000208,evfm8-ktoplineamprevence.htm,2019-12-02,"Evofem Biosciences, Inc.  (EVFM)  (CIK 0001618835)",2834,8.01;9.01,data from the Phase;top-line data
0001341235,0001193125-19-304808,d833293d8k.htm,2019-12-03,"Aldeyra Therapeutics, Inc.  (ALDX)  (CIK 0001341235)",2834,7.01;8.01;9.01,clinical data;primary endpoint;top-line results
0001346830,0001104659-19-069243,tm1924380-1_8k.htm,2019-12-03,"Cara Therapeutics, Inc.  (CARA)  (CIK 0001346830)",2834,7.01;8.01;9.01,primary endpoint;statistically significant;top-line data
0001375151,0001193125-19-304836,d843060d8k.htm,2019-12-03,"ZOGENIX, INC.  (CIK 0001375151)",2834,8.01,efficacy data;top-line data
0001437402,0001193125-19-304803,d843175d8k.htm,2019-12-03,"ARDELYX, INC.  (ARDX)  (CIK 0001437402)",2834,8.01,positive results;primary endpoint;statistically significant;topline results
0001579428,0001104659-19-069244,tm1924374-1_8k.htm,2019-12-03,"Axsome Therapeutics, Inc.  (AXSM)  (CIK 0001579428)",2834,8.01;9.01,primary endpoint;topline results
0001659617,0001659617-19-000186,exh991-pressrelease180coho.htm,2019-12-04,"Moleculin Biotech, Inc.  (MBRX)  (CIK 0001659617)",2834,8.01;9.01,efficacy data;interim data;preliminary data;primary endpoint;top-line results
0001597553,0001193125-19-306717,d842008d8k.htm,2019-12-05,"Sage Therapeutics, Inc.  (SAGE)  (CIK 0001597553)",2834,8.01;9.01,topline results
0001069530,0001069530-19-000038,sava-20191206xex99_2.htm,2019-12-06,CASSAVA SCIENCES INC  (SAVA)  (CIK 0001069530),2834,7.01;8.01;9.01,clinical data;primary endpoint
0001108205,0001193125-19-308386,d98029d8k.htm,2019-12-06,CURIS INC  (CRIS)  (CIK 0001108205),2836,8.01;9.01,clinical data
0001293971,0001564590-19-045479,blue-8k_20191206.htm,2019-12-06,"bluebird bio, Inc.  (BLUE)  (CIK 0001293971)",2836,8.01;9.01,topline results
0000882361,0001171843-19-008008,exh_991.htm,2019-12-09,Aptose Biosciences Inc.  (APTO)  (CIK 0000882361),2836,8.01;9.01,clinical data
0001001316,0001654954-19-013703,tgtx-20191231.htm,2019-12-09,"TG THERAPEUTICS, INC.  (TGTX)  (CIK 0001001316)",2834,8.01;9.01,clinical data;data from the Phase
0001130598,0001104659-19-070818,tm1924763d2_ex99-1.htm,2019-12-09,"Onconova Therapeutics, Inc.  (TRAW)  (CIK 0001130598)",2834,7.01;9.01,data from the Phase;primary endpoint
0001260990,0001564590-19-045493,onct-8k_20191209.htm,2019-12-09,"Oncternal Therapeutics, Inc.  (ONCT)  (CIK 0001260990)",2834,8.01,clinical data;interim data
0001267813,0001104659-19-070786,tm1924752d1_ex99-1.htm,2019-12-09,MARINUS PHARMACEUTICALS INC  (MRNS)  (CIK 0001267813),2834,8.01;9.01,primary endpoint;top-line data
0001279704,0001104659-19-070959,tm1924802d1_ex99-1.htm,2019-12-09,"Cellectar Biosciences, Inc.  (CLRB)  (CIK 0001279704)",2834,7.01;9.01,primary endpoint;topline data
0001378624,0001654954-19-013694,cbmg_ex992.htm,2019-12-09,"Cellular Biomedicine Group, Inc.  (CIK 0001378624)",2836,7.01;8.01;9.01,clinical data
0001422143,0000950123-19-011815,kura-ex991_6.htm,2019-12-09,"Kura Oncology, Inc.  (KURA)  (CIK 0001422143)",2834,8.01;9.01,interim data
0001439222,0001193125-19-309199,d795045dex991.htm,2019-12-09,"AGIOS PHARMACEUTICALS, INC.  (AGIO)  (CIK 0001439222)",2834,8.01;9.01,primary endpoint;results from the Phase
0001503802,0001193125-19-308678,d800521dex991.htm,2019-12-09,Karyopharm Therapeutics Inc.  (KPTI)  (CIK 0001503802),2834,8.01;9.01,data from the Phase;preliminary data;primary endpoint;results from the Phase;top-line data;top-line results
0001510487,0001193125-19-308602,d676466d8k.htm,2019-12-09,Principia Biopharma Inc.  (CIK 0001510487),2834,8.01;9.01,positive data;primary endpoint
0001597264,0001558370-19-011419,bpmc-20191208x8ke996981.htm,2019-12-09,Blueprint Medicines Corp  (BPMC)  (CIK 0001597264),2834,7.01;9.01,initial data;top-line data
0001622229,0001193125-19-308661,d841927dex991.htm,2019-12-09,Unum Therapeutics Inc.  (COGT)  (CIK 0001622229),2834,8.01;9.01,clinical data;data from the Phase
0001626971,0001171843-19-008006,exh_991.htm,2019-12-09,"Corvus Pharmaceuticals, Inc.  (CRVS)  (CIK 0001626971)",2834,7.01;9.01,clinical data;data from the Phase
0001651308,0001651308-19-000131,a8-kx8dec19.htm,2019-12-09,"BeiGene, Ltd.  (BGNE, BEIGF)  (CIK 0001651308)",2834,8.01;9.01,clinical data
0001395937,0001564590-19-045581,sndx-ex991_58.htm,2019-12-10,Syndax Pharmaceuticals Inc  (SNDX)  (CIK 0001395937),2834,8.01;9.01,clinical data;efficacy data;initial data
0001722964,0001104659-19-071679,tm1924621d2_ex99-1.htm,2019-12-11,"Y-mAbs Therapeutics, Inc.  (YMAB)  (CIK 0001722964)",2834,7.01;9.01,clinical data
0001339970,0001564590-19-045783,life-ex991_6.htm,2019-12-12,aTYR PHARMA INC  (ATYR)  (CIK 0001339970),2836,8.01;9.01,primary endpoint;top-line results
0001356576,0001356576-19-000049,ex99112-9x19.htm,2019-12-12,"SUPERNUS PHARMACEUTICALS, INC.  (SUPN)  (CIK 0001356576)",2834,8.01;9.01,primary endpoint;results from the Phase;statistically significant;topline results
0001751299,0001193125-19-312200,d847802d8k.htm,2019-12-12,"Kaleido Biosciences, Inc.  (KLDO)  (CIK 0001751299)",2836,7.01;9.01,top-line results
0001260990,0001564590-19-045870,onct-8k_20191212.htm,2019-12-13,"Oncternal Therapeutics, Inc.  (ONCT)  (CIK 0001260990)",2834,8.01,clinical data;interim data
0001280600,0001280600-19-000061,xlrn20191209ex991.htm,2019-12-13,ACCELERON PHARMA INC  (CIK 0001280600),2836,8.01;9.01,clinical data;primary endpoint;results from the Phase
0001300699,0001193125-19-313488,d838422dex991.htm,2019-12-13,"Athenex, Inc.  (CIK 0001300699)",2834,7.01;9.01,statistically significant
0001300699,0001193125-19-313917,d837714dex991.htm,2019-12-13,"Athenex, Inc.  (CIK 0001300699)",2834,7.01;9.01,primary endpoint
0001653087,0001564590-19-045969,alec-ex991_6.htm,2019-12-13,"Alector, Inc.  (ALEC)  (CIK 0001653087)",2836,7.01;8.01;9.01,clinical data;data from the Phase;preliminary data;results from the Phase;statistically significant
0001656634,0001193125-19-314015,d850041d8k.htm,2019-12-13,"Gritstone Oncology, Inc.  (GRTS)  (CIK 0001656634)",2836,8.01;9.01,data from the Phase
0001579428,0001558370-19-011521,ex-99d1.htm,2019-12-16,"Axsome Therapeutics, Inc.  (AXSM)  (CIK 0001579428)",2834,8.01;9.01,positive results;primary endpoint;statistically significant;topline data;topline results
0001631574,0001193125-19-314469,d822489dex991.htm,2019-12-16,Wave Life Sciences Ltd.  (WVE)  (CIK 0001631574),2834,7.01;8.01;9.01,clinical data
0001445283,0001193125-19-315680,d614069d8k.htm,2019-12-17,"PROTEOSTASIS THERAPEUTICS, INC.  (KA)  (CIK 0001445283)",2834,7.01;8.01;9.01,positive results;statistically significant;topline results
0001711754,0001213900-19-026351,f8k121719_inmunebioinc.htm,2019-12-17,"Inmune Bio, Inc.  (INMB)  (CIK 0001711754)",2836,7.01;9.01,clinical data
0000881524,0001104659-19-073582,a19-26486_1ex99d1.htm,2019-12-18,VIVUS INC  (CIK 0000881524),2834,8.01;9.01,primary endpoint;statistically significant
0001375151,0001193125-19-316470,d849838d8k.htm,2019-12-18,"ZOGENIX, INC.  (CIK 0001375151)",2834,8.01,efficacy data;primary endpoint;top-line data
0001598646,0001193125-19-317563,d852969dex991.htm,2019-12-18,"Minerva Neurosciences, Inc.  (NERV)  (CIK 0001598646)",2834,8.01;9.01,statistically significant;topline results
0001707502,0001193125-19-316730,d850463d8k.htm,2019-12-18,Solid Biosciences Inc.  (SLDB)  (CIK 0001707502),2836,8.01,positive results
0001559053,0001559053-19-000040,form8-k2019x4.htm,2019-12-19,Prothena Corp plc  (PRTA)  (CIK 0001559053),2834,8.01,interim data
0001661998,0001193125-19-318478,d849575d8k.htm,2019-12-19,"Homology Medicines, Inc.  (QTTB)  (CIK 0001661998)",2834,8.01,clinical data;efficacy data;interim data;preliminary data;top-line data
0000835887,0001437749-19-024760,ex_168018.htm,2019-12-23,PROGENICS PHARMACEUTICALS INC  (CIK 0000835887),2834,7.01;9.01,positive results;primary endpoint;results from the Phase;top-line results
0000908259,0001493152-19-019764,ex99-1.htm,2019-12-27,MATEON THERAPEUTICS INC  (OTLC)  (CIK 0000908259),2834,8.01;9.01,clinical data;efficacy data;primary endpoint
0001579428,0001558370-19-011695,ex-99d1.htm,2019-12-30,"Axsome Therapeutics, Inc.  (AXSM)  (CIK 0001579428)",2834,8.01;9.01,positive results;statistically significant;topline data;topline results
0001631574,0001193125-19-325442,d857761d8k.htm,2019-12-30,Wave Life Sciences Ltd.  (WVE)  (CIK 0001631574),2834,7.01;8.01;9.01,topline data;topline results
0001082038,0001564590-20-000064,drrx-ex991_6.htm,2020-01-02,DURECT CORP  (DRRX)  (CIK 0001082038),2834,8.01;9.01,positive results;top-line data;top-line results
0001467154,0001467154-20-000002,a20200103novanwebcastvff.htm,2020-01-03,"Novan, Inc.  (CIK 0001467154)",2834,8.01;9.01,primary endpoint;statistically significant
0001492422,0001193125-20-002622,d781419d8k.htm,2020-01-07,"Apellis Pharmaceuticals, Inc.  (APLS)  (CIK 0001492422)",2834,8.01,clinical data;statistically significant;top-line data
0001422142,0001193125-20-003545,d860967dex991.htm,2020-01-08,"Aerpio Pharmaceuticals, Inc.  (AADI)  (CIK 0001422142)",2834,8.01;9.01,statistically significant
0001597264,0001558370-20-000074,bpmc-20200108x8k5b17d17.htm,2020-01-08,Blueprint Medicines Corp  (BPMC)  (CIK 0001597264),2834,8.01;9.01,top-line data
0001515673,0001564590-20-000633,rare-8k_20200109.htm,2020-01-09,Ultragenyx Pharmaceutical Inc.  (RARE)  (CIK 0001515673),2834,7.01;8.01;9.01,efficacy data
0000764195,0001493152-20-000447,ex99-1.htm,2020-01-10,VBI Vaccines Inc/BC  (VBIVQ)  (CIK 0000764195),2834,8.01;9.01,preliminary data;primary endpoint;top-line data
0001492426,0001193125-20-005950,d868690dex991.htm,2020-01-13,Horizon Therapeutics Public Ltd Co  (CIK 0001492426),2834,2.02;9.01,statistically significant;topline results
0001579428,0001104659-20-003255,tm203196d1_ex99-1.htm,2020-01-13,"Axsome Therapeutics, Inc.  (AXSM)  (CIK 0001579428)",2834,1.01;3.02;8.01;9.01,clinical data;positive results;primary endpoint;statistically significant
0001604191,0001654954-20-000304,ex99-1.htm,2020-01-13,"AzurRx BioPharma, Inc.  (ENTO)  (CIK 0001604191)",2834,8.01;9.01,initial data
0001720725,0001193125-20-005937,d865031d8k.htm,2020-01-13,"Oyster Point Pharma, Inc.  (CIK 0001720725)",2836,7.01;9.01,topline data;topline results
0001755237,0001104659-20-003162,tm202191d1_8k.htm,2020-01-13,"Cyclerion Therapeutics, Inc.  (CYCN)  (CIK 0001755237)",2834,7.01;9.01,topline results
0001714899,0001714899-20-000005,ex991pressreleasejanua.htm,2020-01-14,Denali Therapeutics Inc.  (DNLI)  (CIK 0001714899),2836,8.01,clinical data;positive data;positive results
0001651308,0001651308-20-000008,a317-307readout_en.htm,2020-01-21,"BeiGene, Ltd.  (BGNE, BEIGF)  (CIK 0001651308)",2834,8.01;9.01,clinical data;primary endpoint
0001662524,0001193125-20-011478,d869331d8k.htm,2020-01-22,"AKCEA THERAPEUTICS, INC.  (CIK 0001662524)",2834,8.01;9.01,results from the Phase;topline results
0001029125,0001437749-20-001132,ex_170324.htm,2020-01-24,"Sun BioPharma, Inc.  (PBLA)  (CIK 0001029125)",2834,7.01;9.01,clinical data
0000850261,0001104659-20-006911,tm205898d1_8k.htm,2020-01-27,"Sorrento Therapeutics, Inc.  (SRNE)  (CIK 0000850261)",2836,8.01;9.01,positive results
0001213037,0001628280-20-000533,trov8-k012720.htm,2020-01-27,"Trovagene, Inc.  (CRDF)  (CIK 0001213037)",2836,8.01;9.01,positive data
0001280600,0001280600-20-000005,xlrn-20200127form8xk.htm,2020-01-27,ACCELERON PHARMA INC  (CIK 0001280600),2836,8.01,primary endpoint;statistically significant;topline results
0001662524,0001193125-20-016998,d857323d8k.htm,2020-01-28,"AKCEA THERAPEUTICS, INC.  (CIK 0001662524)",2834,8.01;9.01,results from the Phase;topline results
0001082554,0001104659-20-009450,tm206503d1_ex99-1.htm,2020-02-03,UNITED THERAPEUTICS Corp  (UTHR)  (CIK 0001082554),2834,8.01;9.01,primary endpoint;results from the Phase;topline results
0001104506,0001104659-20-009488,tm206508d1_8k.htm,2020-02-03,INSMED Inc  (INSM)  (CIK 0001104506),2834,7.01;9.01,top-line results
0001626971,0001171843-20-000651,exh_991.htm,2020-02-03,"Corvus Pharmaceuticals, Inc.  (CRVS)  (CIK 0001626971)",2834,7.01;9.01,clinical data;data from the Phase
0001659617,0001659617-20-000023,exh991-pressreleaseusphase.htm,2020-02-03,"Moleculin Biotech, Inc.  (MBRX)  (CIK 0001659617)",2834,8.01;9.01,efficacy data;primary endpoint;top-line results
0001178879,0001178879-20-000006,exhibit99121.htm,2020-02-07,"AMICUS THERAPEUTICS, INC.  (FOLD)  (CIK 0001178879)",2834,8.01;9.01,results from the Phase
0001375151,0001193125-20-027291,d880064d8k.htm,2020-02-07,"ZOGENIX, INC.  (CIK 0001375151)",2834,8.01,primary endpoint;statistically significant;top-line data;top-line results
0001393434,0001104659-20-012235,tm207057-1_8k.htm,2020-02-07,"OCULAR THERAPEUTIX, INC  (OCUL)  (CIK 0001393434)",2834,8.01;9.01,interim data
0001510487,0001564590-20-003759,prnb-8k_20200205.htm,2020-02-07,Principia Biopharma Inc.  (CIK 0001510487),2834,8.01,primary endpoint
0001006281,0001104659-20-013512,tm207251d1_8k.htm,2020-02-10,"Protalix BioTherapeutics, Inc.  (PLX)  (CIK 0001006281)",2836,7.01;9.01,interim data
0001681087,0001193125-20-029771,d882927d8k.htm,2020-02-10,"AVROBIO, Inc.  (TECX)  (CIK 0001681087)",2836,8.01;9.01,initial data;positive data
0001213037,0001628280-20-001467,trov8-k021320.htm,2020-02-13,"Trovagene, Inc.  (CRDF)  (CIK 0001213037)",2836,8.01;9.01,positive data
0001355250,0001477932-20-000606,ipix_8k.htm,2020-02-13,Innovation Pharmaceuticals Inc.  (IPIX)  (CIK 0001355250),2834,7.01;9.01,topline results
0001626971,0001171843-20-000943,exh_991.htm,2020-02-13,"Corvus Pharmaceuticals, Inc.  (CRVS)  (CIK 0001626971)",2834,7.01;9.01,clinical data;data from the Phase
0001175505,0001193125-20-039763,d891508d8k.htm,2020-02-18,"FIVE PRIME THERAPEUTICS, INC.  (CIK 0001175505)",2834,8.01;9.01,primary endpoint
0001600132,0001600132-20-000012,a8-kfebruary2020rhcdata.htm,2020-02-18,"Bellerophon Therapeutics, Inc.  (BLPH)  (CIK 0001600132)",2834,8.01;9.01,top-line data
0001279704,0001104659-20-022587,tm209328d1_8k.htm,2020-02-19,"Cellectar Biosciences, Inc.  (CLRB)  (CIK 0001279704)",2834,7.01;9.01,positive data
0001100397,0001493152-20-002783,ex99-1.htm,2020-02-20,"Advaxis, Inc.  (ADXS)  (CIK 0001100397)",2834,8.01;9.01,clinical data;preliminary data
0001659617,0001659617-20-000038,exh991-pressreleaseusindep.htm,2020-02-20,"Moleculin Biotech, Inc.  (MBRX)  (CIK 0001659617)",2834,8.01;9.01,efficacy data
0001411685,0001654954-20-001787,ex99-1.htm,2020-02-21,"VistaGen Therapeutics, Inc.  (VTGN)  (CIK 0001411685)",2834,8.01;9.01,positive results
0001082554,0001104659-20-024053,tm2010751-1_8k.htm,2020-02-24,UNITED THERAPEUTICS Corp  (UTHR)  (CIK 0001082554),2834,8.01;9.01,positive results
0001341235,0001193125-20-045535,d911378dex991.htm,2020-02-24,"Aldeyra Therapeutics, Inc.  (ALDX)  (CIK 0001341235)",2834,8.01;9.01,clinical data;primary endpoint;statistically significant;top-line results
0001426332,0001564590-20-005893,ngm-8k_20200224.htm,2020-02-24,NGM BIOPHARMACEUTICALS INC  (CIK 0001426332),2834,8.01;9.01,statistically significant
0001557142,0001557142-20-000007,kdmn-20200224xex99_1.htm,2020-02-24,"Kadmon Holdings, Inc.  (CIK 0001557142)",2834,8.01;9.01,primary endpoint;statistically significant;topline data;topline results
0001176309,0001213900-20-004778,ea119019-8k_oramedpharma.htm,2020-02-26,ORAMED PHARMACEUTICALS INC.  (ORMP)  (CIK 0001176309),2834,8.01,statistically significant;topline data
0001347178,0001193125-20-049300,d892669d8k.htm,2020-02-26,Vanda Pharmaceuticals Inc.  (VNDA)  (CIK 0001347178),2834,8.01;9.01,primary endpoint
0001513856,0001104659-20-025079,tm2010842d1_ex99-1.htm,2020-02-26,"Neurotrope, Inc.  (CIK 0001513856)",2834,7.01;9.01,primary endpoint;statistically significant
0001100397,0001493152-20-003076,ex99-1.htm,2020-02-27,"Advaxis, Inc.  (ADXS)  (CIK 0001100397)",2834,8.01;9.01,clinical data
0001503802,0001193125-20-057801,d873788d8k.htm,2020-03-02,Karyopharm Therapeutics Inc.  (KPTI)  (CIK 0001503802),2834,8.01;9.01,top-line data
0000764195,0001493152-20-003250,ex99-1.htm,2020-03-03,VBI Vaccines Inc/BC  (VBIVQ)  (CIK 0000764195),2834,8.01;9.01,clinical data;data from the Phase
0001280600,0001280600-20-000017,xlrn-20200309ex991.htm,2020-03-09,ACCELERON PHARMA INC  (CIK 0001280600),2836,8.01;9.01,primary endpoint;results from the Phase;statistically significant;topline results
0001479419,0001104659-20-030426,tm2012073d1_8k.htm,2020-03-09,"Kala Pharmaceuticals, Inc.  (KALA)  (CIK 0001479419)",2834,8.01,primary endpoint;statistically significant;topline results
0001394319,0001564590-20-009472,tcon-8k_20200309.htm,2020-03-10,"Tracon Pharmaceuticals, Inc.  (TCON)  (CIK 0001394319)",2836,8.01;9.01,top-line data
0000034956,0001654954-20-002581,tenx_ex992.htm,2020-03-13,"TENAX THERAPEUTICS, INC.  (TENX)  (CIK 0000034956)",8731,1.01;3.02;7.01;9.01,primary endpoint;statistically significant;top-line data
0001533743,0001493152-20-004116,ex99-1.htm,2020-03-17,"Processa Pharmaceuticals, Inc.  (PCSA)  (CIK 0001533743)",2834,8.01;9.01,results from the Phase
0001710340,0001493152-20-004113,ex99-1.htm,2020-03-17,"Eton Pharmaceuticals, Inc.  (ETON)  (CIK 0001710340)",2834,8.01;9.01,positive results
0000812796,0001213900-20-006814,ea119783-8k_soligenix.htm,2020-03-19,"SOLIGENIX, INC.  (SNGX)  (CIK 0000812796)",2834,8.01;9.01,top-line results
0001408443,0001104659-20-037367,tm2013489-1_8k.htm,2020-03-23,Milestone Pharmaceuticals Inc.  (MIST)  (CIK 0001408443),2834,8.01;9.01,topline results
0001000694,0001104659-20-037764,tm2013650d1_8k.htm,2020-03-24,NOVAVAX INC  (NVAX)  (CIK 0001000694),2836,7.01;9.01,top-line results
0001061983,0001171843-20-002125,exh_991.htm,2020-03-30,CYTOKINETICS INC  (CYTK)  (CIK 0001061983),2834,8.01;9.01,top-line results
0001442836,0001104659-20-040376,tm2014197d1_ex99-1.htm,2020-03-30,"Mersana Therapeutics, Inc.  (MRSN)  (CIK 0001442836)",2834,8.01;9.01,interim data
0001552451,0001193125-20-091094,d912653dex991.htm,2020-03-30,"MyoKardia, Inc.  (CIK 0001552451)",2834,8.01;9.01,primary endpoint;results from the Phase;statistically significant
0001579428,0001104659-20-040002,tm2011781-2_8k.htm,2020-03-30,"Axsome Therapeutics, Inc.  (AXSM)  (CIK 0001579428)",2834,8.01;9.01,topline results
0001636651,0001564590-20-013857,ovid-8k_20200330.htm,2020-03-30,Ovid Therapeutics Inc.  (OVID)  (CIK 0001636651),2834,8.01;9.01,initial data
0001372514,0001104659-20-040798,tm2014291d1_8k.htm,2020-03-31,"EYEGATE PHARMACEUTICALS INC  (KPRX, KPHMW)  (CIK 0001372514)",2834,8.01;9.01,topline data
0001399529,0001399529-20-000018,exhibit991.htm,2020-03-31,Dicerna Pharmaceuticals Inc  (CIK 0001399529),2834,8.01;9.01,initial data;interim data;preliminary data
0001689813,0001104659-20-041258,tm2014321d1_8k.htm,2020-03-31,Biohaven Pharmaceutical Holding Co Ltd.  (CIK 0001689813),2834,7.01;9.01,positive results;topline data;topline results
0001739174,0001213900-20-008122,ea120233ex99-1_biomxinc.htm,2020-03-31,"BiomX Inc.  (PHGE, PHGEW, PHGE-UN)  (CIK 0001739174)",2836,7.01;9.01,clinical data;positive data;primary endpoint;statistically significant;topline data;topline results
0001744659,0001104659-20-040850,tm2014246-1_8k.htm,2020-03-31,"Akero Therapeutics, Inc.  (AKRO)  (CIK 0001744659)",2834,7.01;8.01;9.01,positive results;primary endpoint
0001080709,0001564590-20-014775,arna-8k_20200401.htm,2020-04-01,ARENA PHARMACEUTICALS INC  (CIK 0001080709),2834,7.01;8.01;9.01,clinical data;topline data;topline results
0001260990,0001564590-20-014845,onct-8k_20200402.htm,2020-04-02,"Oncternal Therapeutics, Inc.  (ONCT)  (CIK 0001260990)",2834,8.01,interim data
0001659617,0001659617-20-000087,exh991-pressreleasepositiv.htm,2020-04-02,"Moleculin Biotech, Inc.  (MBRX)  (CIK 0001659617)",2834,8.01;9.01,primary endpoint
0001544227,0001104659-20-043387,tm2015079-1_8k.htm,2020-04-06,"Millendo Therapeutics, Inc.  (TPST)  (CIK 0001544227)",2834,2.05;8.01;9.01,topline results
0001566044,0001104659-20-043432,tm2014909-3_8k.htm,2020-04-06,Menlo Therapeutics Inc.  (VYNE)  (CIK 0001566044),2834,4.01;5.03;8.01;9.01,primary endpoint;statistically significant
0001579428,0001558370-20-003618,ex-99d1.htm,2020-04-06,"Axsome Therapeutics, Inc.  (AXSM)  (CIK 0001579428)",2834,8.01;9.01,clinical data;positive results;primary endpoint;statistically significant;topline data;topline results
0000908259,0001493152-20-005980,ex99-1.htm,2020-04-07,MATEON THERAPEUTICS INC  (OTLC)  (CIK 0000908259),2834,8.01;9.01,clinical data;efficacy data
0001158780,0001213900-20-008735,ea120496-8k_pluristem.htm,2020-04-07,PLURISTEM THERAPEUTICS INC  (PLUR)  (CIK 0001158780),2836,8.01;9.01,preliminary data
0001761612,0001104659-20-043974,tm2015222d1_ex99-1.htm,2020-04-07,BICYCLE THERAPEUTICS plc  (BCYC)  (CIK 0001761612),2834,8.01;9.01,positive results;results from the Phase
0001341235,0001193125-20-105860,d919317dex991.htm,2020-04-14,"Aldeyra Therapeutics, Inc.  (ALDX)  (CIK 0001341235)",2834,8.01;9.01,clinical data;results from the Phase
0001174940,0001493152-20-006424,ex99-1.htm,2020-04-15,ORAGENICS INC  (OGEN)  (CIK 0001174940),2834,8.01;9.01,primary endpoint;top-line results
0001385818,0001654954-20-004130,aytu_ex991.htm,2020-04-16,"AYTU BIOSCIENCE, INC  (AYTU)  (CIK 0001385818)",2834,8.01;9.01,positive results
0000939767,0000939767-20-000051,exel8-k20200420.htm,2020-04-20,"EXELIXIS, INC.  (EXEL)  (CIK 0000939767)",8731,8.01,primary endpoint;top-line results
0000861838,0001104659-20-049013,tm2016447-1_8k.htm,2020-04-21,"IDERA PHARMACEUTICALS, INC.  (CIK 0000861838)",2836,7.01;9.01,topline data
0001178253,0001193125-20-113337,d895609d8k.htm,2020-04-21,SCYNEXIS INC  (SCYX)  (CIK 0001178253),2834,8.01;9.01,top-line results
0001346830,0001104659-20-049009,tm2016471d1_8k.htm,2020-04-21,"Cara Therapeutics, Inc.  (CARA)  (CIK 0001346830)",2834,7.01;8.01;9.01,primary endpoint;top-line data
0001697532,0001104659-20-049003,tm2016464d1_ex99-1.htm,2020-04-21,Applied Therapeutics Inc.  (APLT)  (CIK 0001697532),2834,7.01;8.01;9.01,statistically significant
0001730430,0001104659-20-049520,tm2016542d1_ex99-1.htm,2020-04-22,"Kiniksa Pharmaceuticals, Ltd.  (KNSA)  (CIK 0001730430)",2834,7.01;9.01,data from the Phase;positive results;preliminary data;statistically significant
0001082554,0001104659-20-049890,tm2016627d1_ex99-1.htm,2020-04-23,UNITED THERAPEUTICS Corp  (UTHR)  (CIK 0001082554),2834,8.01;9.01,primary endpoint;statistically significant
0001509745,0001104659-20-050023,tm2016685d1_ex99-1.htm,2020-04-23,"LEAP THERAPEUTICS, INC.  (LPTX)  (CIK 0001509745)",2834,8.01;9.01,clinical data;positive results
0001644963,0001104659-20-050048,tm2016672d1_ex99-1.htm,2020-04-23,"AVENUE THERAPEUTICS, INC.  (ATXI)  (CIK 0001644963)",2834,8.01;9.01,data from the Phase;primary endpoint;topline results
0001510487,0001564590-20-018489,prnb-8k_20200423.htm,2020-04-24,Principia Biopharma Inc.  (CIK 0001510487),2834,8.01,primary endpoint
0000882361,0001171843-20-002890,exh_991.htm,2020-04-27,Aptose Biosciences Inc.  (APTO)  (CIK 0000882361),2836,8.01;9.01,clinical data
0001012477,0001104659-20-051350,tm2017769d1_8k.htm,2020-04-27,AVADEL PHARMACEUTICALS PLC  (AVDL)  (CIK 0001012477),2834,7.01;8.01;9.01,statistically significant;topline results
0001382101,0001564590-20-018684,stro-8k_20200427.htm,2020-04-27,"SUTRO BIOPHARMA, INC.  (STRO)  (CIK 0001382101)",2836,2.02;7.01;8.01;9.01,clinical data;interim data
0001579428,0001104659-20-051308,tm2017765-1_8k.htm,2020-04-27,"Axsome Therapeutics, Inc.  (AXSM)  (CIK 0001579428)",2834,8.01;9.01,primary endpoint;topline results
0001213037,0001628280-20-005682,trov8-k042820.htm,2020-04-28,"Trovagene, Inc.  (CRDF)  (CIK 0001213037)",2836,8.01;9.01,positive results
0001393434,0001104659-20-051935,tm2017908d1_8k.htm,2020-04-28,"OCULAR THERAPEUTIX, INC  (OCUL)  (CIK 0001393434)",2834,8.01,primary endpoint;statistically significant;topline results
0001597264,0001558370-20-004422,bpmc-20200428x8k.htm,2020-04-28,Blueprint Medicines Corp  (BPMC)  (CIK 0001597264),2834,8.01;9.01,primary endpoint
0000812796,0001213900-20-010550,ea121217ex99-1_soligenix.htm,2020-04-30,"SOLIGENIX, INC.  (SNGX)  (CIK 0000812796)",2834,8.01;9.01,positive results;primary endpoint;statistically significant;top-line results
0001133869,0001104659-20-056292,tm2018342d1_ex99-1.htm,2020-05-04,"CAPRICOR THERAPEUTICS, INC.  (CAPR)  (CIK 0001133869)",2834,8.01;9.01,top-line results
0001564824,0001564590-20-020629,allk-ex991_6.htm,2020-05-04,Allakos Inc.  (ALLK)  (CIK 0001564824),2834,8.01;9.01,statistically significant
0001001316,0001558370-20-005097,tgtx-20200505x8k.htm,2020-05-05,"TG THERAPEUTICS, INC.  (TGTX)  (CIK 0001001316)",2834,8.01;9.01,topline data
0001633070,0001104659-20-057195,tm2018731-1_8k.htm,2020-05-06,Axcella Health Inc.  (CIK 0001633070),2836,8.01;9.01,top-line data
0001377121,0001104659-20-058140,tm2018917-1_8k.htm,2020-05-07,"Protagonist Therapeutics, Inc  (PTGX)  (CIK 0001377121)",2834,2.02;8.01;9.01,initial data
0001006281,0001104659-20-059085,tm2018938d1_8k.htm,2020-05-11,"Protalix BioTherapeutics, Inc.  (PLX)  (CIK 0001006281)",2836,8.01;9.01,topline results
0001552451,0001564590-20-023891,myok-8k_20200511.htm,2020-05-11,"MyoKardia, Inc.  (CIK 0001552451)",2834,8.01;9.01,data from the Phase;topline data
0001720725,0001628280-20-007282,a2020-05x11xxoystxxpos.htm,2020-05-11,"Oyster Point Pharma, Inc.  (CIK 0001720725)",2836,8.01,positive results;primary endpoint;results from the Phase;statistically significant;top-line results;topline data;topline results
0001133869,0001104659-20-060449,tm2019534d1_8k.htm,2020-05-13,"CAPRICOR THERAPEUTICS, INC.  (CAPR)  (CIK 0001133869)",2834,8.01;9.01,top-line results
0001293971,0001293971-20-000035,exhibit99120200513pm.htm,2020-05-13,"bluebird bio, Inc.  (BLUE)  (CIK 0001293971)",2836,8.01;9.01,positive results;primary endpoint
0001515673,0001564590-20-025088,rare-ex991_6.htm,2020-05-13,Ultragenyx Pharmaceutical Inc.  (RARE)  (CIK 0001515673),2834,8.01;9.01,data from the Phase;efficacy data;primary endpoint
0001734517,0001193125-20-141629,d928595dex992.htm,2020-05-13,"Viela Bio, Inc.  (CIK 0001734517)",2834,2.02;8.01;9.01,statistically significant
0001394319,0001564590-20-025280,tcon-8k_20200514.htm,2020-05-14,"Tracon Pharmaceuticals, Inc.  (TCON)  (CIK 0001394319)",2836,8.01;9.01,clinical data;primary endpoint
0001476963,0001553350-20-000433,htbx_ex99z2.htm,2020-05-14,"HEAT BIOLOGICS, INC.  (SCPX)  (CIK 0001476963)",2834,7.01;8.01;9.01,efficacy data
0001655759,0001193125-20-141786,d905925d8k.htm,2020-05-14,"ARVINAS, INC.  (ARVN)  (CIK 0001655759)",2834,8.01,efficacy data
0001674416,0001564590-20-025288,crsp-8k_20200514.htm,2020-05-14,CRISPR Therapeutics AG  (CRSP)  (CIK 0001674416),2836,7.01;8.01;9.01,efficacy data
0001711279,0001193125-20-142266,d930814d8k.htm,2020-05-14,"Krystal Biotech, Inc.  (KRYS)  (CIK 0001711279)",2836,7.01;9.01,positive results
0001069530,0001171843-20-003755,exh_991.htm,2020-05-15,CASSAVA SCIENCES INC  (SAVA)  (CIK 0001069530),2834,8.01;9.01,primary endpoint;statistically significant;top-line data;top-line results
0001515673,0001564590-20-025642,rare-8k_20200515.htm,2020-05-15,Ultragenyx Pharmaceutical Inc.  (RARE)  (CIK 0001515673),2834,7.01;8.01;9.01,initial data
0001668243,0001193125-20-143480,d931056d8k.htm,2020-05-15,UroGen Pharma Ltd.  (URGN)  (CIK 0001668243),2834,8.01;9.01,data from the Phase;interim data
0001748907,0001564590-20-025616,ortx-8k_20200515.htm,2020-05-15,Orchard Therapeutics plc  (CIK 0001748907),2836,8.01;9.01,interim data
0000835887,0001437749-20-011152,ex_187194.htm,2020-05-18,PROGENICS PHARMACEUTICALS INC  (CIK 0000835887),2834,7.01;9.01,positive results;primary endpoint;results from the Phase
0001340652,0001193125-20-144575,d934428d8k.htm,2020-05-18,"ChemoCentryx, Inc.  (CIK 0001340652)",2834,7.01;8.01;9.01,topline data
0001682852,0001193125-20-144533,d918307d8k.htm,2020-05-18,"Moderna, Inc.  (MRNA)  (CIK 0001682852)",2836,8.01;9.01,data from the Phase;interim data
0001260990,0001564590-20-026061,onct-8k_20200519.htm,2020-05-19,"Oncternal Therapeutics, Inc.  (ONCT)  (CIK 0001260990)",2834,8.01,clinical data;interim data
0001557142,0001557142-20-000036,kdmn-20200521x8k.htm,2020-05-21,"Kadmon Holdings, Inc.  (CIK 0001557142)",2834,7.01;8.01;9.01,topline results
0001082038,0001564590-20-026822,drrx-8k_20200526.htm,2020-05-26,DURECT CORP  (DRRX)  (CIK 0001082038),2834,8.01;9.01,topline results
0001621443,0001104659-20-065620,tm2020909d1_ex99-1.htm,2020-05-26,"Zynerba Pharmaceuticals, Inc.  (CIK 0001621443)",2834,8.01;9.01,data from the Phase;efficacy data;statistically significant;top-line results
0001636282,0001564590-20-026818,agle-8k_20200525.htm,2020-05-26,"Aeglea BioTherapeutics, Inc.  (SYRE)  (CIK 0001636282)",2834,7.01;8.01;9.01,statistically significant
0001425205,0001104659-20-066367,tm2021089d1_8k.htm,2020-05-27,"IOVANCE BIOTHERAPEUTICS, INC.  (IOVA)  (CIK 0001425205)",2836,5.03;8.01;9.01,initial data
0001442836,0001104659-20-066071,tm2021017-1_8k.htm,2020-05-27,"Mersana Therapeutics, Inc.  (MRSN)  (CIK 0001442836)",2834,8.01;9.01,interim data
0001621443,0001104659-20-066085,tm2020909-2_8k.htm,2020-05-27,"Zynerba Pharmaceuticals, Inc.  (CIK 0001621443)",2834,8.01;9.01,data from the Phase;top-line data
0001107421,0001193125-20-155032,d863863d8k.htm,2020-05-29,ZIOPHARM ONCOLOGY INC  (TCRT)  (CIK 0001107421),2834,5.02;8.01;9.01,clinical data
0001213037,0001628280-20-008589,a991crdf052920.htm,2020-05-29,"Cardiff Oncology, Inc.  (CRDF)  (CIK 0001213037)",2836,8.01;9.01,positive data
0001439222,0001193125-20-155682,d935285dex991.htm,2020-05-29,"AGIOS PHARMACEUTICALS, INC.  (AGIO)  (CIK 0001439222)",2834,8.01;9.01,data from the Phase;efficacy data
0001476963,0001553350-20-000496,htbx_8k.htm,2020-05-29,"HEAT BIOLOGICS, INC.  (SCPX)  (CIK 0001476963)",2834,7.01;8.01;9.01,statistically significant;topline data
0001501989,0001193125-20-155943,d937969d8k.htm,2020-05-29,"CytomX Therapeutics, Inc.  (CTMX)  (CIK 0001501989)",2834,8.01,clinical data
0001598646,0001193125-20-155824,d935488dex991.htm,2020-05-29,"Minerva Neurosciences, Inc.  (NERV)  (CIK 0001598646)",2834,8.01;9.01,primary endpoint;statistically significant;top-line results
0001621227,0001104659-20-067350,tm2021246d2_ex99-1.htm,2020-05-29,Adaptimmune Therapeutics PLC  (ADAP)  (CIK 0001621227),2836,7.01;9.01,clinical data;efficacy data;positive data
0001626971,0001171843-20-004067,f8k_052920.htm,2020-05-29,"Corvus Pharmaceuticals, Inc.  (CRVS)  (CIK 0001626971)",2834,8.01,clinical data
0001655759,0001193125-20-154927,d845849d8k.htm,2020-05-29,"ARVINAS, INC.  (ARVN)  (CIK 0001655759)",2834,7.01;8.01;9.01,clinical data;initial data
0001708493,0001193125-20-155683,d937921d8k.htm,2020-05-29,"Harpoon Therapeutics, Inc.  (CIK 0001708493)",2836,8.01;9.01,interim data
0001420565,0001193125-20-156631,d830738d8k.htm,2020-06-01,AILERON THERAPEUTICS INC  (ALRN)  (CIK 0001420565),2834,7.01;8.01;9.01,interim data;results from the Phase
0001651308,0001651308-20-000060,a8-kx1jun2020.htm,2020-06-01,"BeiGene, Ltd.  (BGNE, BEIGF)  (CIK 0001651308)",2834,8.01;9.01,data from the Phase
0000034956,0001654954-20-006219,tenx_8k.htm,2020-06-02,"TENAX THERAPEUTICS, INC.  (TENX)  (CIK 0000034956)",8731,8.01;9.01,top-line data
0000861838,0001104659-20-068688,tm2021558d1_8k.htm,2020-06-02,"IDERA PHARMACEUTICALS, INC.  (CIK 0000861838)",2836,7.01;9.01,preliminary data
0001566044,0001104659-20-068678,tm2021357-2_8k.htm,2020-06-02,Menlo Therapeutics Inc.  (VYNE)  (CIK 0001566044),2834,8.01;9.01,positive results
0001645666,0001564590-20-028249,kzr-ex991_6.htm,2020-06-03,"Kezar Life Sciences, Inc.  (KZR)  (CIK 0001645666)",2834,8.01;9.01,efficacy data;results from the Phase
0001659323,0001193125-20-158937,d936467d8k.htm,2020-06-03,Iterum Therapeutics plc  (ITRM)  (CIK 0001659323),2834,8.01;9.01,primary endpoint;topline results
0000818033,0001564590-20-028307,hrtx-ex991_15.htm,2020-06-04,"HERON THERAPEUTICS, INC. /DE/  (HRTX)  (CIK 0000818033)",2834,7.01;9.01,primary endpoint;statistically significant
0000873303,0001564590-20-028560,srpt-ex991_17.htm,2020-06-08,"Sarepta Therapeutics, Inc.  (SRPT)  (CIK 0000873303)",2834,7.01;9.01,positive results
0001597264,0001558370-20-007334,bpmc-20200606xex99d1.htm,2020-06-08,Blueprint Medicines Corp  (BPMC)  (CIK 0001597264),2834,8.01;9.01,clinical data;primary endpoint
0000882361,0001171843-20-004335,exh_991.htm,2020-06-12,Aptose Biosciences Inc.  (APTO)  (CIK 0000882361),2836,7.01;9.01,clinical data
0001293971,0001293971-20-000039,blue-20200612.htm,2020-06-12,"bluebird bio, Inc.  (BLUE)  (CIK 0001293971)",2836,8.01;9.01,clinical data
0001510487,0001193125-20-167090,d940036d8k.htm,2020-06-12,Principia Biopharma Inc.  (CIK 0001510487),2834,8.01;9.01,data from the Phase;positive data;primary endpoint
0001664710,0001664710-20-000013,exhibit991ehapr.htm,2020-06-12,"Keros Therapeutics, Inc.  (KROS)  (CIK 0001664710)",2834,8.01;9.01,clinical data;statistically significant
0001674416,0001564590-20-029067,crsp-8k_20200612.htm,2020-06-12,CRISPR Therapeutics AG  (CRSP)  (CIK 0001674416),2836,7.01;8.01;9.01,clinical data
0000819050,0000819050-20-000132,a202006158kexhibit991.htm,2020-06-15,"Brickell Biotech, Inc.  (FRTX)  (CIK 0000819050)",2836,7.01;8.01;9.01,positive results;primary endpoint;statistically significant
0001213037,0001628280-20-009417,a991crdf061520.htm,2020-06-15,"Cardiff Oncology, Inc.  (CRDF)  (CIK 0001213037)",2836,8.01;9.01,positive data
0001235010,0001104659-20-073142,tm2022594d1_8k.htm,2020-06-15,MOMENTA PHARMACEUTICALS INC  (CIK 0001235010),2836,7.01;9.01,topline data
0001410939,0001410939-20-000028,a8-kx2020clinicaltrial.htm,2020-06-15,"IVERIC bio, Inc.  (CIK 0001410939)",2834,8.01;9.01,efficacy data
0001434418,0001193125-20-169325,d825756d8k.htm,2020-06-15,CONSTELLATION PHARMACEUTICALS INC  (CIK 0001434418),2834,8.01,clinical data;preliminary data;primary endpoint
0001651308,0001651308-20-000070,a12june20pr.htm,2020-06-15,"BeiGene, Ltd.  (BGNE, BEIGF)  (CIK 0001651308)",2834,8.01;9.01,clinical data
0001695357,0001493152-20-011185,form8-k.htm,2020-06-15,"Provention Bio, Inc.  (CIK 0001695357)",2834,7.01;8.01;9.01,clinical data
0001001233,0001193125-20-171977,d911209d8k.htm,2020-06-18,"SANGAMO THERAPEUTICS, INC  (SGMO)  (CIK 0001001233)",2836,7.01;9.01,clinical data;data from the Phase
0001001233,0001193125-20-172284,d911209dex992.htm,2020-06-18,"SANGAMO THERAPEUTICS, INC  (SGMO)  (CIK 0001001233)",2836,9.01,efficacy data
0001614067,0001104659-20-075618,a20-23146_18k.htm,2020-06-22,"Aridis Pharmaceuticals, Inc.  (ARDS)  (CIK 0001614067)",2834,8.01;9.01,positive results;results from the Phase
0001760542,0001104659-20-075441,tm2022943d2_ex99-1.htm,2020-06-22,HOOKIPA Pharma Inc.  (HOOK)  (CIK 0001760542),2834,7.01;8.01;9.01,efficacy data;interim data
0001280600,0001280600-20-000045,xlrn-20200624form8xk.htm,2020-06-24,ACCELERON PHARMA INC  (CIK 0001280600),2836,7.01;8.01;9.01,topline results
0001060736,0001193125-20-182690,d935413d8k.htm,2020-06-29,SEATTLE GENETICS INC /WA  (CIK 0001060736),2836,8.01;9.01,results from the Phase;topline results
0001567514,0000950123-20-006465,d854144d8k.htm,2020-06-29,"Intra-Cellular Therapies, Inc.  (ITCI)  (CIK 0001567514)",2834,8.01;9.01,topline results
0001659323,0001564590-20-030909,itrm-8k_20200629.htm,2020-06-29,Iterum Therapeutics plc  (ITRM)  (CIK 0001659323),2834,8.01;9.01,topline results
0001730430,0001104659-20-077701,tm2023613d3_ex99-1.htm,2020-06-29,"Kiniksa Pharmaceuticals, Ltd.  (KNSA)  (CIK 0001730430)",2834,7.01;9.01,positive data;statistically significant
0001621443,0001104659-20-078403,tm2023748d1_8k.htm,2020-06-30,"Zynerba Pharmaceuticals, Inc.  (CIK 0001621443)",2834,8.01;9.01,top-line data
0001744659,0001104659-20-078983,tm2023767-1_8k.htm,2020-06-30,"Akero Therapeutics, Inc.  (AKRO)  (CIK 0001744659)",2834,7.01;8.01;9.01,positive results;primary endpoint;statistically significant
0001262104,0001193125-20-185881,d948494d8k.htm,2020-07-02,"MEI Pharma, Inc.  (MEIP)  (CIK 0001262104)",2834,8.01;9.01,primary endpoint
0001493566,0001193125-20-187842,d946817dex991.htm,2020-07-06,"OTONOMY, INC.  (CIK 0001493566)",2834,8.01;9.01,results from the Phase;statistically significant;top-line results
0000749647,0001493152-20-013133,ex99-1.htm,2020-07-13,Celsion CORP  (IMNN)  (CIK 0000749647),2834,8.01;9.01,clinical data;statistically significant
0001661059,0001104659-20-083106,tm2022427d2_ex99-1.htm,2020-07-13,"NextCure, Inc.  (NXTC)  (CIK 0001661059)",2834,5.02;7.01;9.01,clinical data;positive results
0001711754,0001213900-20-017343,ea124121-8k_inmunebio.htm,2020-07-13,"Inmune Bio, Inc.  (INMB)  (CIK 0001711754)",2836,8.01;9.01,clinical data
0001746466,0001193125-20-191424,d39771dex991.htm,2020-07-13,"Equillium, Inc.  (EQ)  (CIK 0001746466)",2834,8.01;9.01,clinical data;preliminary data;primary endpoint;statistically significant;topline results
0001682852,0001193125-20-192966,d911748d8k.htm,2020-07-15,"Moderna, Inc.  (MRNA)  (CIK 0001682852)",2836,8.01;9.01,results from the Phase
0001735438,0001104659-20-084302,tm2025047-1_8k.htm,2020-07-17,MeiraGTx Holdings plc  (MGTX)  (CIK 0001735438),2836,7.01;8.01;9.01,clinical data;efficacy data;initial data;primary endpoint
0001279704,0001104659-20-085264,tm2025271d1_8k.htm,2020-07-21,"Cellectar Biosciences, Inc.  (CLRB)  (CIK 0001279704)",2834,7.01;9.01,clinical data
0001621443,0001104659-20-085391,tm2025362d1_ex99-1.htm,2020-07-22,"Zynerba Pharmaceuticals, Inc.  (CIK 0001621443)",2834,8.01;9.01,primary endpoint;statistically significant;topline results
0001513818,0001564590-20-033133,arav-8k_20200723.htm,2020-07-23,"Aravive, Inc.  (CIK 0001513818)",2834,7.01;8.01;9.01,statistically significant
0001076682,0001493152-20-013922,ex99-1.htm,2020-07-24,"POLARITYTE, INC.  (RGTPQ)  (CIK 0001076682)",2836,7.01;9.01,interim data;positive results;primary endpoint;statistically significant;top-line data
0000831547,0001193125-20-199685,d38176d8k.htm,2020-07-27,SPECTRUM PHARMACEUTICALS INC  (CIK 0000831547),2834,8.01;9.01,top-line results
0001076682,0001493152-20-014048,form8-k.htm,2020-07-27,"POLARITYTE, INC.  (RGTPQ)  (CIK 0001076682)",2836,7.01;8.01;9.01,top-line data
0001337553,0001193125-20-199067,d97408d8k.htm,2020-07-27,AERIE PHARMACEUTICALS INC  (CIK 0001337553),2836,7.01;9.01,topline results
0001720893,0001104659-20-086817,tm2025144d1_8k.htm,2020-07-27,"BioXcel Therapeutics, Inc.  (BTAI)  (CIK 0001720893)",2834,2.02;8.01,preliminary data;primary endpoint;statistically significant;topline results
0001750019,0001193125-20-199118,d931658d8k.htm,2020-07-27,TCR2 THERAPEUTICS INC.  (CIK 0001750019),2836,7.01;8.01;9.01,clinical data;data from the Phase;initial data
0001457612,0001457612-20-000127,gnca-20200730.htm,2020-07-30,"GENOCEA BIOSCIENCES, INC.  (CIK 0001457612)",2836,7.01;9.01,clinical data
0001457612,0001457612-20-000129,gen-009partbdatajuly2020.htm,2020-07-30,"GENOCEA BIOSCIENCES, INC.  (CIK 0001457612)",2836,7.01;9.01,clinical data;initial data
0001787306,0001628280-20-011353,arcutis-exhibit991202c.htm,2020-07-31,"Arcutis Biotherapeutics, Inc.  (ARQT)  (CIK 0001787306)",2834,8.01;9.01,clinical data;preliminary data;topline data
0001280776,0001193805-20-000918,e619816_8k-immunic.htm,2020-08-03,"IMMUNIC, INC.  (IMUX)  (CIK 0001280776)",2834,2.02;7.01;8.01;9.01,top-line data
0001771917,0001193125-20-208124,d802568dex991.htm,2020-08-03,"Karuna Therapeutics, Inc.  (CIK 0001771917)",2834,7.01;9.01,topline data;topline results
0001664710,0001664710-20-000019,exhibit991047pr.htm,2020-08-04,"Keros Therapeutics, Inc.  (KROS)  (CIK 0001664710)",2834,8.01;9.01,clinical data
0001070081,0001070081-20-000130,ptctrisdiplamfdaapprov.htm,2020-08-07,"PTC THERAPEUTICS, INC.  (PTCT)  (CIK 0001070081)",2834,8.01;9.01,statistically significant
0001609809,0001193125-20-214096,d907702d8k.htm,2020-08-10,"Seres Therapeutics, Inc.  (MCRB)  (CIK 0001609809)",2834,7.01;8.01;9.01,primary endpoint;statistically significant;topline results
0001746466,0001193125-20-215058,d949179d8k.htm,2020-08-10,"Equillium, Inc.  (EQ)  (CIK 0001746466)",2834,7.01;8.01;9.01,initial data;interim data
0001604191,0001654954-20-008881,azrx8k_aug112020.htm,2020-08-11,"AzurRx BioPharma, Inc.  (ENTO)  (CIK 0001604191)",2834,7.01;9.01,interim data
0001463361,0001193125-20-222493,d28349d8k.htm,2020-08-17,"Unity Biotechnology, Inc.  (UBX)  (CIK 0001463361)",2834,8.01;9.01,statistically significant
0001322505,0001104659-20-096568,tm2028898-1_8k.htm,2020-08-18,"ALBIREO PHARMA, INC.  (CIK 0001322505)",2834,8.01;9.01,results from the Phase;topline results
0001347178,0001193125-20-223727,d89375dex991.htm,2020-08-18,Vanda Pharmaceuticals Inc.  (VNDA)  (CIK 0001347178),2834,8.01;9.01,statistically significant
0001130598,0001104659-20-097780,tm2029247d1_8k.htm,2020-08-24,"Onconova Therapeutics, Inc.  (TRAW)  (CIK 0001130598)",2834,7.01;8.01;9.01,primary endpoint;topline results
0001717452,0001564590-20-041044,odt-8k_20200824.htm,2020-08-24,"Odonate Therapeutics, Inc.  (ODTC)  (CIK 0001717452)",2834,8.01;9.01,top-line results
0001636651,0001564590-20-041092,ovid-8k_20200825.htm,2020-08-25,Ovid Therapeutics Inc.  (OVID)  (CIK 0001636651),2834,8.01;9.01,data from the Phase;topline data
0001764013,0001193125-20-229289,d904718d8k.htm,2020-08-25,"Immunovant, Inc.  (IMVT)  (CIK 0001764013)",2836,7.01;8.01;9.01,statistically significant;topline results
0001649989,0001104659-20-098520,tm2029439d1_8k.htm,2020-08-26,"Outlook Therapeutics, Inc.  (OTLK)  (CIK 0001649989)",2836,8.01;9.01,topline results
0001082038,0001564590-20-041444,drrx-ex991_6.htm,2020-08-27,DURECT CORP  (DRRX)  (CIK 0001082038),2834,8.01;9.01,positive results;primary endpoint;statistically significant
0001668243,0001193125-20-232097,d79937dex991.htm,2020-08-27,UroGen Pharma Ltd.  (URGN)  (CIK 0001668243),2834,8.01;9.01,primary endpoint;topline data
0001621227,0001104659-20-099887,tm2029444d1_ex99-1.htm,2020-08-28,Adaptimmune Therapeutics PLC  (ADAP)  (CIK 0001621227),2836,7.01;9.01,topline data
0001293971,0001293971-20-000053,exhibit99120200829.htm,2020-08-31,"bluebird bio, Inc.  (BLUE)  (CIK 0001293971)",2836,8.01;9.01,data from the Phase;primary endpoint;results from the Phase
0001444192,0001171843-20-006188,exh_991.htm,2020-08-31,Acasti Pharma Inc.  (ACST)  (CIK 0001444192),2834,8.01;9.01,primary endpoint;statistically significant;top-line results;topline data
0001748907,0001564590-20-042073,ortx-8k_20200901.htm,2020-09-01,Orchard Therapeutics plc  (CIK 0001748907),2836,8.01;9.01,interim data
0001517022,0001193125-20-239118,d929509d8k.htm,2020-09-03,"Akebia Therapeutics, Inc.  (AKBA)  (CIK 0001517022)",2834,8.01;9.01,top-line results
0001322505,0001104659-20-102795,tm2030337d3_8k.htm,2020-09-08,"ALBIREO PHARMA, INC.  (CIK 0001322505)",2834,8.01;9.01,topline results
0001595097,0001493152-20-017365,ex99-1.htm,2020-09-08,"Corbus Pharmaceuticals Holdings, Inc.  (CRBP)  (CIK 0001595097)",2834,7.01;8.01;9.01,primary endpoint;topline data;topline results
0001634432,0001558370-20-011032,sbbp-20200908x8k.htm,2020-09-08,Strongbridge Biopharma plc  (CIK 0001634432),2834,7.01;8.01;9.01,results from the Phase;statistically significant;top-line data;top-line results
0001567514,0001193125-20-241518,d54593d8k.htm,2020-09-09,"Intra-Cellular Therapies, Inc.  (ITCI)  (CIK 0001567514)",2834,8.01;9.01,topline results
0001375151,0001193125-20-242667,d25064d8k.htm,2020-09-10,"ZOGENIX, INC.  (CIK 0001375151)",2834,8.01,efficacy data;top-line data;top-line results
0001626971,0001171843-20-006380,f8k_091020.htm,2020-09-10,"Corvus Pharmaceuticals, Inc.  (CRVS)  (CIK 0001626971)",2834,8.01,data from the Phase
0001692830,0001193125-20-243159,d119300d8k.htm,2020-09-10,"Satsuma Pharmaceuticals, Inc.  (CIK 0001692830)",2834,8.01,statistically significant;topline results
0001280776,0001193805-20-001136,e619924_8k-immunic.htm,2020-09-11,"IMMUNIC, INC.  (IMUX)  (CIK 0001280776)",2834,7.01;9.01,clinical data;top-line results
0001213037,0001628280-20-013539,a991ex09142020.htm,2020-09-14,"Cardiff Oncology, Inc.  (CRDF)  (CIK 0001213037)",2836,8.01;9.01,clinical data;preliminary data
0001267813,0001104659-20-104915,tm2030376d2_8k.htm,2020-09-14,MARINUS PHARMACEUTICALS INC  (MRNS)  (CIK 0001267813),2834,8.01;9.01,positive data
0001579428,0001104659-20-104587,tm2030760d1_ex99-1.htm,2020-09-14,"Axsome Therapeutics, Inc.  (AXSM)  (CIK 0001579428)",2834,8.01;9.01,positive results;primary endpoint;statistically significant
0001785173,0001193125-20-245262,d20544d8k.htm,2020-09-14,"89bio, Inc.  (ETNB)  (CIK 0001785173)",2834,7.01;8.01;9.01,topline results
0001447028,0001447028-20-000140,a2020-09x8kex991pr.htm,2020-09-15,Arbutus Biopharma Corp  (ABUS)  (CIK 0001447028),2834,8.01;9.01,positive data
0001076682,0001493152-20-017869,ex99-1.htm,2020-09-16,"POLARITYTE, INC.  (RGTPQ)  (CIK 0001076682)",2836,8.01;9.01,statistically significant;top-line data
0001526119,0001104659-20-105486,tm2030937d1_8k.htm,2020-09-16,"Verastem, Inc.  (VSTM)  (CIK 0001526119)",2834,7.01;9.01,clinical data
0001561743,0001561743-20-000070,kin-20200916.htm,2020-09-16,"Kindred Biosciences, Inc.  (CIK 0001561743)",2834,8.01,positive results
0001661460,0001193125-20-246844,d48278d8k.htm,2020-09-16,"Poseida Therapeutics, Inc.  (PSTX)  (CIK 0001661460)",2836,8.01;9.01,clinical data
0001213037,0001628280-20-013690,a991ex09172020.htm,2020-09-17,"Cardiff Oncology, Inc.  (CRDF)  (CIK 0001213037)",2836,8.01;9.01,clinical data
0001442836,0001104659-20-105874,tm2031030d1_8k.htm,2020-09-17,"Mersana Therapeutics, Inc.  (MRSN)  (CIK 0001442836)",2834,8.01;9.01,interim data
0001651407,0001104659-20-105877,tm2031020d1_ex99-1.htm,2020-09-17,"Checkpoint Therapeutics, Inc.  (CKPT)  (CIK 0001651407)",2834,8.01;9.01,interim data;primary endpoint;top-line results
0001060736,0001193125-20-248571,d37344d8k.htm,2020-09-18,SEATTLE GENETICS INC /WA  (CIK 0001060736),2836,8.01;9.01,top-line results
0001394319,0001564590-20-044052,tcon-8k_20200919.htm,2020-09-21,"Tracon Pharmaceuticals, Inc.  (TCON)  (CIK 0001394319)",2836,8.01;9.01,clinical data;primary endpoint
0001439222,0001193125-20-249634,d14354dex991.htm,2020-09-21,"AGIOS PHARMACEUTICALS, INC.  (AGIO)  (CIK 0001439222)",2834,8.01;9.01,primary endpoint;statistically significant
0001583648,0001583648-20-000053,a200920_esmoslidesxfinal.htm,2020-09-21,"PIERIS PHARMACEUTICALS, INC.  (PIRS)  (CIK 0001583648)",8731,7.01;9.01,clinical data
0001651308,0001651308-20-000160,esmo202091720en.htm,2020-09-21,"BeiGene, Ltd.  (BGNE, BEIGF)  (CIK 0001651308)",2834,8.01;9.01,clinical data;primary endpoint
0000908259,0001493152-20-018097,ex99-2.htm,2020-09-22,MATEON THERAPEUTICS INC  (OTLC)  (CIK 0000908259),2834,8.01;9.01,clinical data;efficacy data
0001205922,0001193125-20-250645,d53921dex991.htm,2020-09-22,"VACCINEX, INC.  (VCNX)  (CIK 0001205922)",2834,8.01;9.01,statistically significant;top-line results;topline results
0001337553,0001193125-20-252788,d32200d8k.htm,2020-09-24,AERIE PHARMACEUTICALS INC  (CIK 0001337553),2836,7.01;9.01,topline data
0000882796,0001171843-20-006729,exh_991.htm,2020-09-30,BIOCRYST PHARMACEUTICALS INC  (BCRX)  (CIK 0000882796),2836,7.01;9.01,positive results
0001636651,0001564590-20-045189,ovid-ex991_6.htm,2020-09-30,Ovid Therapeutics Inc.  (OVID)  (CIK 0001636651),2834,8.01;9.01,data from the Phase;initial data;topline results
0001659617,0001437749-20-020551,ex_205512.htm,2020-10-01,"Moleculin Biotech, Inc.  (MBRX)  (CIK 0001659617)",2834,7.01;9.01,preliminary data
0001061983,0001171843-20-006837,f8k_100520.htm,2020-10-05,CYTOKINETICS INC  (CYTK)  (CIK 0001061983),2834,8.01,top-line results
0001082038,0001564590-20-045784,drrx-ex991_6.htm,2020-10-05,DURECT CORP  (DRRX)  (CIK 0001082038),2834,8.01;9.01,efficacy data;statistically significant;topline results
0001595097,0001493152-20-018978,ex99-1.htm,2020-10-06,"Corbus Pharmaceuticals Holdings, Inc.  (CRBP)  (CIK 0001595097)",2834,7.01;8.01;9.01,primary endpoint;statistically significant;topline data;topline results
0001711754,0001213900-20-030205,ea127851ex99-1_inmunebio.htm,2020-10-06,"Inmune Bio, Inc.  (INMB)  (CIK 0001711754)",2836,8.01;9.01,preliminary data
0001735438,0001558370-20-011388,mgtx-20201003x8k.htm,2020-10-06,MeiraGTx Holdings plc  (MGTX)  (CIK 0001735438),2836,7.01;8.01;9.01,clinical data
0001061983,0001171843-20-006968,f8k_100820.htm,2020-10-08,CYTOKINETICS INC  (CYTK)  (CIK 0001061983),2834,8.01,statistically significant;topline results
0001060736,0001193125-20-267921,d11119d8k.htm,2020-10-13,Seagen Inc.  (CIK 0001060736),2836,8.01;9.01,topline results
0001370053,0001370053-20-000053,anab-20201013.htm,2020-10-13,"ANAPTYSBIO, INC  (ANAB)  (CIK 0001370053)",2834,7.01;9.01,topline data
0001413754,0001078782-20-000751,f8k101220_ex99z1.htm,2020-10-13,MARIZYME INC  (MRZM)  (CIK 0001413754),2834,8.01;9.01,statistically significant
0001659617,0001437749-20-021042,ex_206685.htm,2020-10-13,"Moleculin Biotech, Inc.  (MBRX)  (CIK 0001659617)",2834,7.01;9.01,data from the Phase;preliminary data
0001728117,0001564590-20-046250,goss-8k_20201013.htm,2020-10-13,"Gossamer Bio, Inc.  (GOSS)  (CIK 0001728117)",2834,7.01;8.01;9.01,clinical data;primary endpoint;statistically significant;topline data;topline results
0001326732,0001558370-20-011478,xncr-20201014xex99d1.htm,2020-10-14,Xencor Inc  (XNCR)  (CIK 0001326732),2834,7.01;9.01,preliminary data
0001479290,0001193125-20-269018,d70190d8k.htm,2020-10-14,"Revance Therapeutics, Inc.  (RVNC)  (CIK 0001479290)",2834,7.01;8.01;9.01,statistically significant;topline results
0001737953,0001104659-20-114973,tm2033233d1_8k.htm,2020-10-14,"Replimune Group, Inc.  (REPL)  (CIK 0001737953)",2836,8.01;9.01,clinical data
0001755237,0001104659-20-114699,tm2033102d2_8k.htm,2020-10-14,"Cyclerion Therapeutics, Inc.  (CYCN)  (CIK 0001755237)",2834,8.01;9.01,topline data;topline results
0001305253,0001193125-20-269865,d40700d8k.htm,2020-10-15,"Eiger BioPharmaceuticals, Inc.  (EIGRQ)  (CIK 0001305253)",2836,8.01,primary endpoint
0001314052,0001731122-20-001047,e2158_8k.htm,2020-10-15,ANAVEX LIFE SCIENCES CORP.  (AVXL)  (CIK 0001314052),8731,7.01;8.01;9.01,clinical data;positive results;statistically significant
0001597553,0001193125-20-269896,d33596d8k.htm,2020-10-15,"Sage Therapeutics, Inc.  (SAGE)  (CIK 0001597553)",2834,8.01;9.01,topline data
0001621443,0001104659-20-115292,tm2032919d1_ex99-1.htm,2020-10-15,"Zynerba Pharmaceuticals, Inc.  (CIK 0001621443)",2834,8.01;9.01,primary endpoint;statistically significant
0001722964,0001104659-20-115521,tm2032563d5_ex99-1.htm,2020-10-16,"Y-mAbs Therapeutics, Inc.  (YMAB)  (CIK 0001722964)",2834,8.01;9.01,clinical data
0001674365,0001104659-20-116123,tm2033821d1_8k.htm,2020-10-19,Aptinyx Inc.  (CIK 0001674365),2834,7.01;9.01,statistically significant;top-line data
0001213037,0001628280-20-014591,a991ex102020.htm,2020-10-20,"Cardiff Oncology, Inc.  (CRDF)  (CIK 0001213037)",2836,8.01;9.01,efficacy data;primary endpoint
0001651431,0001193125-20-272854,d68215dex991.htm,2020-10-20,"Checkmate Pharmaceuticals, Inc.  (CIK 0001651431)",2836,7.01;9.01,positive results
0001674365,0001104659-20-116255,tm2033821d2_8k.htm,2020-10-20,Aptinyx Inc.  (CIK 0001674365),2834,8.01;9.01,top-line data
0000908259,0001493152-20-019695,ex99-1.htm,2020-10-21,MATEON THERAPEUTICS INC  (OTLC)  (CIK 0000908259),2834,8.01;9.01,clinical data;efficacy data
0001564824,0001564590-20-047119,allk-8k_20201021.htm,2020-10-21,Allakos Inc.  (ALLK)  (CIK 0001564824),2834,8.01;9.01,results from the Phase
0001674416,0001564590-20-047025,crsp-8k_20201021.htm,2020-10-21,CRISPR Therapeutics AG  (CRSP)  (CIK 0001674416),2836,7.01;8.01;9.01,top-line data
0001399529,0001399529-20-000078,drna-20201022.htm,2020-10-22,Dicerna Pharmaceuticals Inc  (CIK 0001399529),2834,8.01;9.01,interim data
0001169245,0001169245-20-000086,ex991-pemziviptadilupd.htm,2020-10-23,PhaseBio Pharmaceuticals Inc  (PHASQ)  (CIK 0001169245),2834,8.01;9.01,data from the Phase;initial data;interim data
0000764195,0001493152-20-019917,ex99-1.htm,2020-10-26,VBI Vaccines Inc/BC  (VBIVQ)  (CIK 0000764195),2834,7.01;9.01,data from the Phase
0001420565,0001193125-20-276090,d45588d8k.htm,2020-10-26,AILERON THERAPEUTICS INC  (ALRN)  (CIK 0001420565),2834,7.01;8.01;9.01,clinical data;data from the Phase
0001454789,0001104659-20-118204,tm2034243-1_8k.htm,2020-10-26,CATABASIS PHARMACEUTICALS INC  (ATXS)  (CIK 0001454789),2834,2.02;8.01;9.01,top-line results
0001515673,0000950170-20-000088,rare-20201026-ex99_1.htm,2020-10-26,Ultragenyx Pharmaceutical Inc.  (RARE)  (CIK 0001515673),2834,8.01;9.01,data from the Phase;efficacy data;interim data
0001556263,0001193125-20-275988,d66093d8k.htm,2020-10-26,"Syros Pharmaceuticals, Inc.  (SYRS)  (CIK 0001556263)",2834,8.01;9.01,clinical data;initial data
0001576263,0001193125-20-276089,d93930d8k.htm,2020-10-26,"Mirati Therapeutics, Inc.  (CIK 0001576263)",2834,7.01;8.01;9.01,clinical data;data from the Phase;efficacy data
0001730430,0001104659-20-117985,tm2034235d1_8k.htm,2020-10-26,"Kiniksa Pharmaceuticals, Ltd.  (KNSA)  (CIK 0001730430)",2834,7.01;9.01,data from the Phase
0001727196,0001157523-20-001347,a52314353ex99_1.htm,2020-10-27,Scholar Rock Holding Corp  (SRRK)  (CIK 0001727196),2836,7.01;8.01;9.01,clinical data;interim data;top-line data
0001340652,0001193125-20-279883,d40485d8k.htm,2020-10-28,"ChemoCentryx, Inc.  (CIK 0001340652)",2834,7.01;8.01;9.01,primary endpoint;statistically significant;topline data
0001358403,0001193125-20-281180,d77141d8k.htm,2020-10-29,"BELLICUM PHARMACEUTICALS, INC  (CIK 0001358403)",2834,2.02;8.01;9.01,interim data
0001640455,0001640455-20-000120,jnce-20201102.htm,2020-11-02,"Jounce Therapeutics, Inc.  (CIK 0001640455)",2836,8.01;9.01,data from the Phase
0000882361,0001171843-20-007544,exh_991.htm,2020-11-04,Aptose Biosciences Inc.  (APTO)  (CIK 0000882361),2836,7.01;9.01,clinical data
0001069530,0001069530-20-000064,sava-20201104xex99_1.htm,2020-11-04,CASSAVA SCIENCES INC  (SAVA)  (CIK 0001069530),2834,7.01;8.01;9.01,positive results;primary endpoint
0001422143,0001564590-20-050279,kura-8k_20201104.htm,2020-11-04,"Kura Oncology, Inc.  (KURA)  (CIK 0001422143)",2834,7.01;9.01,clinical data;preliminary data
0001629137,0001171843-20-007562,exh_991.htm,2020-11-04,"Global Blood Therapeutics, Inc.  (CIK 0001629137)",2834,8.01;9.01,clinical data;results from the Phase
0001674416,0001564590-20-050215,crsp-8k_20201104.htm,2020-11-04,CRISPR Therapeutics AG  (CRSP)  (CIK 0001674416),2836,7.01;8.01;9.01,clinical data
0001001316,0001558370-20-012661,tgtx-20201104xex99d1.htm,2020-11-05,"TG THERAPEUTICS, INC.  (TGTX)  (CIK 0001001316)",2834,8.01;9.01,results from the Phase
0001671584,0001193125-20-286121,d44982d8k.htm,2020-11-05,Aptevo Therapeutics Inc.  (APVO)  (CIK 0001671584),2834,7.01,preliminary data
0001748907,0001564590-20-050847,ortx-8k_20201105.htm,2020-11-05,Orchard Therapeutics plc  (CIK 0001748907),2836,8.01;9.01,clinical data
0001293310,0001214659-20-009193,ex99_2.htm,2020-11-06,"HUMANIGEN, INC  (CIK 0001293310)",2834,1.01;7.01;9.01,interim data;primary endpoint
0001314052,0001731122-20-001114,e2201_8-k.htm,2020-11-06,ANAVEX LIFE SCIENCES CORP.  (AVXL)  (CIK 0001314052),8731,8.01;9.01,clinical data;statistically significant
0001113148,0001113148-20-000040,pressreleaseinfisitc20.htm,2020-11-09,"INFINITY PHARMACEUTICALS, INC.  (INFIQ)  (CIK 0001113148)",2834,2.02;8.01;9.01,clinical data
0001509745,0001104659-20-122849,tm2035428d1_ex99-1.htm,2020-11-09,"LEAP THERAPEUTICS, INC.  (LPTX)  (CIK 0001509745)",2834,8.01;9.01,clinical data;positive results
0001626971,0001171843-20-007780,f8k_110920.htm,2020-11-09,"Corvus Pharmaceuticals, Inc.  (CRVS)  (CIK 0001626971)",2834,8.01,clinical data;initial data
0001671584,0001019056-20-000557,aptevo8k_119.htm,2020-11-09,Aptevo Therapeutics Inc.  (APVO)  (CIK 0001671584),2834,7.01;9.01,preliminary data
0001175505,0001193125-20-290319,d907944d8k.htm,2020-11-10,"FIVE PRIME THERAPEUTICS, INC.  (CIK 0001175505)",2834,8.01;9.01,primary endpoint
0001660334,0001193125-20-289663,d948855d8k.htm,2020-11-10,Verrica Pharmaceuticals Inc.  (VRCA)  (CIK 0001660334),2834,7.01;9.01,topline results
0001437402,0001558370-20-013740,ardx-20201112x8k.htm,2020-11-12,"ARDELYX, INC.  (ARDX)  (CIK 0001437402)",2834,8.01,data from the Phase
0001739614,0001739614-20-000006,exhibit991pressrelease.htm,2020-11-12,"Inhibrx, Inc.  (CIK 0001739614)",2836,7.01,preliminary data;results from the Phase
0000764195,0001493152-20-021228,ex99-1.htm,2020-11-13,VBI Vaccines Inc/BC  (VBIVQ)  (CIK 0000764195),2834,7.01;9.01,results from the Phase
0001061983,0001171843-20-007967,f8k_111320.htm,2020-11-13,CYTOKINETICS INC  (CYTK)  (CIK 0001061983),2834,8.01,primary endpoint;statistically significant;topline results
0001082038,0001564590-20-053900,drrx-ex991_6.htm,2020-11-13,DURECT CORP  (DRRX)  (CIK 0001082038),2834,8.01;9.01,efficacy data;statistically significant
0001280600,0001280600-20-000084,xlrn-20201113.htm,2020-11-13,ACCELERON PHARMA INC  (CIK 0001280600),2836,7.01;8.01;9.01,interim data
0001322505,0001104659-20-124704,tm2035841d1_8k.htm,2020-11-13,"ALBIREO PHARMA, INC.  (CIK 0001322505)",2834,8.01;9.01,statistically significant
0001444307,0001493152-20-021349,ex99-1.htm,2020-11-13,ONCOSEC MEDICAL Inc  (ONCSQ)  (CIK 0001444307),2834,8.01;9.01,clinical data;efficacy data;interim data
0000876343,0001493152-20-021436,ex99-1.htm,2020-11-16,"Lineage Cell Therapeutics, Inc.  (LCTX)  (CIK 0000876343)",2836,8.01;9.01,efficacy data
0001447028,0001171843-20-008007,exh_991.htm,2020-11-16,Arbutus Biopharma Corp  (ABUS)  (CIK 0001447028),2834,8.01;9.01,clinical data
0001682852,0001193125-20-293735,d53512dex991.htm,2020-11-16,"Moderna, Inc.  (MRNA)  (CIK 0001682852)",2836,7.01;9.01,efficacy data;primary endpoint
0001735438,0001558370-20-013854,mgtx-20201113x8k.htm,2020-11-16,MeiraGTx Holdings plc  (MGTX)  (CIK 0001735438),2836,7.01;8.01;9.01,clinical data;primary endpoint;statistically significant
0001062822,0001062822-20-000073,pressreleaseahasotagli.htm,2020-11-17,"LEXICON PHARMACEUTICALS, INC.  (LXRX)  (CIK 0001062822)",2834,8.01;9.01,primary endpoint;statistically significant
0001137883,0001104659-20-126123,tm2036209d1_8k.htm,2020-11-17,BRAINSTORM CELL THERAPEUTICS INC.  (BCLI)  (CIK 0001137883),2836,8.01;9.01,topline results
0001651308,0001651308-20-000219,bgne-20201117.htm,2020-11-17,"BeiGene, Ltd.  (BGNE, BEIGF)  (CIK 0001651308)",2834,8.01;9.01,primary endpoint
0001668243,0001193125-20-296012,d23425d8k.htm,2020-11-17,UroGen Pharma Ltd.  (URGN)  (CIK 0001668243),2834,8.01;9.01,topline data;topline results
0001681087,0001193125-20-295466,d201515d8k.htm,2020-11-17,"AVROBIO, Inc.  (TECX)  (CIK 0001681087)",2836,8.01;9.01,clinical data
0000764195,0001493152-20-021904,ex99-1.htm,2020-11-18,VBI Vaccines Inc/BC  (VBIVQ)  (CIK 0000764195),2834,7.01;9.01,interim data
0001158780,0001213900-20-037860,ea130133-8k_pluristem.htm,2020-11-18,PLURISTEM THERAPEUTICS INC  (PLUR)  (CIK 0001158780),2836,8.01,topline results
0000764195,0001493152-20-021995,ex99-2.htm,2020-11-19,VBI Vaccines Inc/BC  (VBIVQ)  (CIK 0000764195),2834,7.01;9.01,interim data
0001590560,0001104659-20-127156,tm2036418d1_8k.htm,2020-11-19,uniQure N.V.  (QURE)  (CIK 0001590560),2834,8.01;9.01,top-line data
0001600132,0001600132-20-000123,pressreleasenov2020cov.htm,2020-11-23,"Bellerophon Therapeutics, Inc.  (BLPH)  (CIK 0001600132)",2834,8.01;9.01,positive results;top-line results
0001787306,0001193125-20-301492,d80054d8k.htm,2020-11-23,"Arcutis Biotherapeutics, Inc.  (ARQT)  (CIK 0001787306)",2834,8.01;9.01,top-line data
0001740547,0001193125-20-302694,d48054d8k.htm,2020-11-24,Urovant Sciences Ltd.  (CIK 0001740547),2834,7.01;9.01,topline data
0001728328,0001193125-20-303257,d66869d8k.htm,2020-11-25,InMed Pharmaceuticals Inc.  (INM)  (CIK 0001728328),2834,7.01;9.01,top-line results
0001624658,0001193125-20-305010,d11581d8k.htm,2020-11-30,"Allena Pharmaceuticals, Inc.  (CIK 0001624658)",2836,7.01;8.01;9.01,clinical data;initial data
0001682852,0001193125-20-304907,d76031dex991.htm,2020-11-30,"Moderna, Inc.  (MRNA)  (CIK 0001682852)",2836,7.01;9.01,data from the Phase;efficacy data;primary endpoint
0001760542,0001104659-20-130194,tm2037251d1_8k.htm,2020-11-30,HOOKIPA Pharma Inc.  (HOOK)  (CIK 0001760542),2834,7.01;8.01;9.01,efficacy data
0001383701,0001193125-20-306331,d69769dex991.htm,2020-12-01,Histogen Inc.  (CIK 0001383701),2834,8.01;9.01,primary endpoint
0001439222,0001193125-20-306299,d82113d8k.htm,2020-12-01,"AGIOS PHARMACEUTICALS, INC.  (AGIO)  (CIK 0001439222)",2834,8.01;9.01,primary endpoint
0001579428,0001558370-20-014109,axsm-20201201xex99d1.htm,2020-12-01,"Axsome Therapeutics, Inc.  (AXSM)  (CIK 0001579428)",2834,8.01;9.01,positive results
0001636651,0001564590-20-055762,ovid-8k_20201201.htm,2020-12-01,Ovid Therapeutics Inc.  (OVID)  (CIK 0001636651),2834,8.01;9.01,primary endpoint
0001579428,0001558370-20-014137,axsm-20201202xex99d1.htm,2020-12-02,"Axsome Therapeutics, Inc.  (AXSM)  (CIK 0001579428)",2834,8.01;9.01,positive results;topline results
0001668243,0001193125-20-309507,d36363d8k.htm,2020-12-03,UroGen Pharma Ltd.  (URGN)  (CIK 0001668243),2834,8.01;9.01,primary endpoint;results from the Phase
0001357874,0001564590-20-056121,dtil-8k_20201204.htm,2020-12-04,PRECISION BIOSCIENCES INC  (DTIL)  (CIK 0001357874),2836,7.01;8.01;9.01,interim data
0001382101,0001564590-20-056109,stro-8k_20201203.htm,2020-12-04,"SUTRO BIOPHARMA, INC.  (STRO)  (CIK 0001382101)",2836,7.01;8.01;9.01,clinical data;interim data
0001621443,0001104659-20-132306,tm2037645d1_ex99-1.htm,2020-12-04,"Zynerba Pharmaceuticals, Inc.  (CIK 0001621443)",2834,8.01;9.01,efficacy data;statistically significant
0000855654,0001558370-20-014200,imgn-20201205x8k.htm,2020-12-07,"ImmunoGen, Inc.  (CIK 0000855654)",2834,7.01;8.01;9.01,clinical data;topline data
0001001233,0001193125-20-311175,d56178d8k.htm,2020-12-07,"SANGAMO THERAPEUTICS, INC  (SGMO)  (CIK 0001001233)",2836,7.01;9.01,clinical data;data from the Phase
0001061983,0001171843-20-008396,f8k_120720.htm,2020-12-07,CYTOKINETICS INC  (CYTK)  (CIK 0001061983),2834,8.01,positive results;primary endpoint;statistically significant
0001260990,0001564590-20-056245,onct-8k_20201207.htm,2020-12-07,"Oncternal Therapeutics, Inc.  (ONCT)  (CIK 0001260990)",2834,8.01;9.01,clinical data
0001267813,0001104659-20-132642,tm2037816d1_ex99-1.htm,2020-12-07,MARINUS PHARMACEUTICALS INC  (MRNS)  (CIK 0001267813),2834,8.01;9.01,efficacy data;preliminary data;top-line data
0001293971,0001293971-20-000070,exhibit99120201205.htm,2020-12-07,"bluebird bio, Inc.  (BLUE)  (CIK 0001293971)",2836,8.01;9.01,primary endpoint;results from the Phase
0001382101,0001564590-20-056289,stro-ex991_6.htm,2020-12-07,"SUTRO BIOPHARMA, INC.  (STRO)  (CIK 0001382101)",2836,7.01;8.01;9.01,clinical data;interim data
0001401914,0001401914-20-000124,dare8-k12072020bv.htm,2020-12-07,"Dare Bioscience, Inc.  (DARE)  (CIK 0001401914)",2834,7.01;8.01;9.01,primary endpoint;statistically significant;topline results
0001430306,0001387131-20-010478,ex99-01.htm,2020-12-07,Tonix Pharmaceuticals Holding Corp.  (TNXP)  (CIK 0001430306),2834,7.01;8.01;9.01,efficacy data;positive results;primary endpoint;statistically significant;topline data;topline results
0001439222,0001193125-20-311833,d88252d8k.htm,2020-12-07,"AGIOS PHARMACEUTICALS, INC.  (AGIO)  (CIK 0001439222)",2834,8.01;9.01,clinical data
0001515673,0000950170-20-000108,rare-20201205-ex99_1.htm,2020-12-07,Ultragenyx Pharmaceutical Inc.  (RARE)  (CIK 0001515673),2834,8.01;9.01,clinical data;data from the Phase
0001551986,0001551986-20-000312,ex-991pressrelease12720.htm,2020-12-07,"9 METERS BIOPHARMA, INC.  (NMTRQ)  (CIK 0001551986)",2834,8.01;9.01,topline data;topline results
0001557142,0001557142-20-000090,kdmn-20201207xex99_1.htm,2020-12-07,"Kadmon Holdings, Inc.  (CIK 0001557142)",2834,7.01;8.01;9.01,positive results;primary endpoint;statistically significant
0001590560,0001104659-20-132928,tm2037868d1_8k.htm,2020-12-07,uniQure N.V.  (QURE)  (CIK 0001590560),2834,1.01;5.07;8.01;9.01,data from the Phase
0001626971,0001171843-20-008399,f8k_120720.htm,2020-12-07,"Corvus Pharmaceuticals, Inc.  (CRVS)  (CIK 0001626971)",2834,8.01,clinical data;data from the Phase
0001629137,0001171843-20-008400,exh_991.htm,2020-12-07,"Global Blood Therapeutics, Inc.  (CIK 0001629137)",2834,8.01;9.01,data from the Phase;statistically significant
0001661460,0001193125-20-311217,d89295d8k.htm,2020-12-07,"Poseida Therapeutics, Inc.  (PSTX)  (CIK 0001661460)",2836,8.01;9.01,clinical data
0001664710,0001664710-20-000057,exhibit991ash2020pr.htm,2020-12-07,"Keros Therapeutics, Inc.  (KROS)  (CIK 0001664710)",2834,8.01;9.01,clinical data;initial data
0001674416,0001564590-20-056242,crsp-8k_20201205.htm,2020-12-07,CRISPR Therapeutics AG  (CRSP)  (CIK 0001674416),2836,7.01;8.01;9.01,clinical data
0001746466,0001193125-20-311281,d92085dex991.htm,2020-12-07,"Equillium, Inc.  (EQ)  (CIK 0001746466)",2834,7.01;9.01,interim data;topline data
0001754068,0001193125-20-311893,d16647dex991.htm,2020-12-07,"Allovir, Inc.  (ALVR)  (CIK 0001754068)",2836,8.01;9.01,results from the Phase
0001760542,0001104659-20-132595,tm2037823d1_8k.htm,2020-12-07,HOOKIPA Pharma Inc.  (HOOK)  (CIK 0001760542),2834,7.01;8.01;9.01,interim data
0001001316,0001558370-20-014242,tgtx-20201207xex99d2.htm,2020-12-08,"TG THERAPEUTICS, INC.  (TGTX)  (CIK 0001001316)",2834,8.01;9.01,results from the Phase
0001579428,0001558370-20-014236,axsm-20201208xex99d1.htm,2020-12-08,"Axsome Therapeutics, Inc.  (AXSM)  (CIK 0001579428)",2834,8.01;9.01,positive results;statistically significant;topline results
0001651308,0001651308-20-000229,bgne-20201206.htm,2020-12-08,"BeiGene, Ltd.  (BGNE, BEIGF)  (CIK 0001651308)",2834,8.01;9.01,clinical data
0001748907,0001564590-20-056372,ortx-8k_20201208.htm,2020-12-08,Orchard Therapeutics plc  (CIK 0001748907),2836,8.01;9.01,initial data
0001061983,0001171843-20-008462,f8k_120920.htm,2020-12-09,CYTOKINETICS INC  (CYTK)  (CIK 0001061983),2834,8.01,positive results
0001281895,0001140361-20-027790,nt10017732x2_8k.htm,2020-12-09,"ROCKET PHARMACEUTICALS, INC.  (RCKT, RCKTW)  (CIK 0001281895)",2834,8.01,interim data;preliminary data
0001559053,0001559053-20-000045,prta-20201209.htm,2020-12-09,PROTHENA CORP PUBLIC LTD CO  (PRTA)  (CIK 0001559053),2834,8.01;9.01,results from the Phase
0001590560,0001104659-20-133646,tm2038015d1_ex99-1.htm,2020-12-09,uniQure N.V.  (QURE)  (CIK 0001590560),2834,8.01;9.01,clinical data;initial data;primary endpoint
0001694665,0001694665-20-000097,evlo-20201209.htm,2020-12-09,"Evelo Biosciences, Inc.  (EVLO)  (CIK 0001694665)",2834,8.01,clinical data;efficacy data;primary endpoint;statistically significant
0001708493,0001193125-20-313892,d92909dex991.htm,2020-12-09,"Harpoon Therapeutics, Inc.  (CIK 0001708493)",2836,8.01;9.01,efficacy data;initial data;interim data
0001001316,0001558370-20-014296,tgtx-20201210x8k.htm,2020-12-10,"TG THERAPEUTICS, INC.  (TGTX)  (CIK 0001001316)",2834,8.01;9.01,topline data
0001403752,0001193125-20-314855,d75372dex991.htm,2020-12-10,Zymeworks Inc.  (CIK 0001403752),2834,7.01;9.01,clinical data
0001447028,0001171843-20-008493,exh_991.htm,2020-12-10,Arbutus Biopharma Corp  (ABUS)  (CIK 0001447028),2834,8.01;9.01,clinical data
0001731176,0001213900-20-041974,ea131364-8k_tottenhamacq1.htm,2020-12-10,Tottenham Acquisition I Ltd  (CIK 0001731176),2834,7.01;9.01,results from the Phase
0001799788,0001493152-20-023225,ex99-1.htm,2020-12-10,"Greenwich LifeSciences, Inc.  (GLSI)  (CIK 0001799788)",2834,8.01;9.01,top-line data
0001422142,0001193125-20-315989,d304630d8k.htm,2020-12-11,"Aerpio Pharmaceuticals, Inc.  (AADI)  (CIK 0001422142)",2834,8.01;9.01,statistically significant;topline results
0001061983,0001171843-20-008526,f8k_121420.htm,2020-12-14,CYTOKINETICS INC  (CYTK)  (CIK 0001061983),2834,8.01,positive results
0001527599,0001564590-20-056927,sybx-8k_20201214.htm,2020-12-14,"SYNLOGIC, INC.  (SYBX)  (CIK 0001527599)",2834,2.02;9.01,interim data
0001655759,0001193125-20-316409,d96003d8k.htm,2020-12-14,"ARVINAS, INC.  (ARVN)  (CIK 0001655759)",2834,7.01;8.01;9.01,data from the Phase;interim data
0001717452,0001564590-20-057002,odt-8k_20201211.htm,2020-12-14,"Odonate Therapeutics, Inc.  (ODTC)  (CIK 0001717452)",2834,8.01;9.01,positive results
0001750019,0001193125-20-316413,d22170d8k.htm,2020-12-14,TCR2 THERAPEUTICS INC.  (CIK 0001750019),2836,7.01;8.01;9.01,clinical data;data from the Phase;interim data
0001314052,0001731122-20-001291,e2291_8k.htm,2020-12-15,ANAVEX LIFE SCIENCES CORP.  (AVXL)  (CIK 0001314052),8731,7.01;8.01;9.01,clinical data;primary endpoint;statistically significant;top-line results
0001636050,0001636050-20-000111,siox-20201215.htm,2020-12-15,Sio Gene Therapies Inc.  (CIK 0001636050),2834,7.01;8.01;9.01,statistically significant
0001735438,0001558370-20-014430,mgtx-20201216x8k.htm,2020-12-17,MeiraGTx Holdings plc  (MGTX)  (CIK 0001735438),2836,7.01;8.01;9.01,clinical data;primary endpoint
0001679082,0001679082-20-000057,myov-20201218.htm,2020-12-18,Myovant Sciences Ltd.  (CIK 0001679082),2834,8.01,primary endpoint
0000882796,0001171843-20-008658,exh_991.htm,2020-12-21,BIOCRYST PHARMACEUTICALS INC  (BCRX)  (CIK 0000882796),2836,7.01;9.01,positive results
0001326110,0001193125-20-322298,d10177dex991.htm,2020-12-21,"NantKwest, Inc.  (IBRX)  (CIK 0001326110)",2836,8.01;9.01,primary endpoint
0001340652,0001193125-20-323107,d35539d8k.htm,2020-12-21,"ChemoCentryx, Inc.  (CIK 0001340652)",2834,7.01;8.01;9.01,primary endpoint;statistically significant;topline data
0001430306,0001387131-20-011455,ex99-01.htm,2020-12-21,Tonix Pharmaceuticals Holding Corp.  (TNXP)  (CIK 0001430306),2834,7.01;8.01;9.01,efficacy data;positive data;primary endpoint;statistically significant;topline data;topline results
0001466301,0001193125-20-322377,d47125d8k.htm,2020-12-21,"Clovis Oncology, Inc.  (CIK 0001466301)",2834,8.01,primary endpoint;topline data
0000812796,0001213900-20-043965,ea132049-8k_soligenixinc.htm,2020-12-22,"SOLIGENIX, INC.  (SNGX)  (CIK 0000812796)",2834,7.01;9.01,top-line results
0000831547,0001193125-20-324544,d73413d8k.htm,2020-12-22,SPECTRUM PHARMACEUTICALS INC  (CIK 0000831547),2834,8.01;9.01,preliminary data
0000882796,0001171843-20-008722,exh_991.htm,2020-12-22,BIOCRYST PHARMACEUTICALS INC  (BCRX)  (CIK 0000882796),2836,7.01;9.01,positive results
0001356576,0001356576-20-000090,ex99112-22x2020.htm,2020-12-23,"SUPERNUS PHARMACEUTICALS, INC.  (SUPN)  (CIK 0001356576)",2834,8.01,positive results;primary endpoint;statistically significant;topline data;topline results
0001390478,0001104659-20-139077,tm2039231d1_8k.htm,2020-12-23,"SELLAS Life Sciences Group, Inc.  (SLS)  (CIK 0001390478)",2834,8.01;9.01,initial data
0001781983,0001104659-20-139797,tm2039402d1_ex99-1.htm,2020-12-28,"Aprea Therapeutics, Inc.  (APRE)  (CIK 0001781983)",2834,8.01;9.01,primary endpoint;topline results
0001659352,0001193125-20-329197,d64502dex991.htm,2020-12-30,"Codiak BioSciences, Inc.  (CIK 0001659352)",2836,8.01;9.01,initial data
0001579428,0001558370-20-014582,axsm-20201231xex99d1.htm,2020-12-31,"Axsome Therapeutics, Inc.  (AXSM)  (CIK 0001579428)",2834,8.01;9.01,positive results;results from the Phase
0001339970,0001564590-21-000167,life-8k_20210104.htm,2021-01-04,aTYR PHARMA INC  (ATYR)  (CIK 0001339970),2836,8.01;9.01,primary endpoint;topline results
0001496671,0001193125-21-000213,d34379d8k.htm,2021-01-04,"Calithera Biosciences, Inc.  (CALA)  (CIK 0001496671)",2834,2.02;2.05;8.01;9.01,primary endpoint
0001807901,0001193125-21-000349,d78635d8k.htm,2021-01-04,"Pandion Therapeutics, Inc.  (CIK 0001807901)",2834,7.01;9.01,topline data
0001534120,0001628280-21-000035,cerc-20210105.htm,2021-01-05,Cerecor Inc.  (AVTX)  (CIK 0001534120),2834,8.01;9.01,top-line data
0001739614,0001739614-21-000002,exhibit991pressrelease1520.htm,2021-01-05,"Inhibrx, Inc.  (CIK 0001739614)",2836,7.01;9.01,positive results;preliminary data
0000873303,0001564590-21-000577,srpt-8k_20210107.htm,2021-01-07,"Sarepta Therapeutics, Inc.  (SRPT)  (CIK 0000873303)",2834,7.01;9.01,clinical data;topline results
0001341235,0001193125-21-003740,d109230dex991.htm,2021-01-07,"Aldeyra Therapeutics, Inc.  (ALDX)  (CIK 0001341235)",2834,7.01;8.01;9.01,clinical data;primary endpoint;statistically significant;top-line results
0001515673,0000950170-21-000003,rare-20210108-ex99_1.htm,2021-01-08,Ultragenyx Pharmaceutical Inc.  (RARE)  (CIK 0001515673),2834,8.01;9.01,efficacy data;primary endpoint
0001728328,0001213900-21-001061,ea132946-8k_inmedpharma.htm,2021-01-08,InMed Pharmaceuticals Inc.  (INM)  (CIK 0001728328),2834,7.01;9.01,top-line results
0001535955,0001104659-21-003258,tm212885d1_8k.htm,2021-01-12,Lipocine Inc.  (LPCN)  (CIK 0001535955),2834,8.01;9.01,top-line results;topline results
0001082554,0001104659-21-003903,tm213040d1_8k.htm,2021-01-13,UNITED THERAPEUTICS Corp  (UTHR)  (CIK 0001082554),2834,8.01;9.01,clinical data
0001001233,0001193125-21-008664,d848448d8k.htm,2021-01-14,"SANGAMO THERAPEUTICS, INC  (SGMO)  (CIK 0001001233)",2836,8.01;9.01,data from the Phase
0000764195,0001493152-21-001128,ex99-1.htm,2021-01-15,VBI Vaccines Inc/BC  (VBIVQ)  (CIK 0000764195),2834,7.01;9.01,clinical data
0000908259,0001493152-21-001207,ex99-2.htm,2021-01-15,MATEON THERAPEUTICS INC  (OTLC)  (CIK 0000908259),2834,8.01;9.01,clinical data;efficacy data;statistically significant
0001175505,0001193125-21-009703,d77467dex991.htm,2021-01-15,"FIVE PRIME THERAPEUTICS, INC.  (CIK 0001175505)",2834,8.01;9.01,efficacy data;primary endpoint;statistically significant
0001213037,0001628280-21-000474,a991ex011521.htm,2021-01-15,"Cardiff Oncology, Inc.  (CRDF)  (CIK 0001213037)",2836,8.01;9.01,results from the Phase
0001403752,0001193125-21-010065,d20680d8k.htm,2021-01-15,Zymeworks Inc.  (CIK 0001403752),2834,7.01;9.01,clinical data
0001557746,0001558370-21-000248,acrs-20210119x8k.htm,2021-01-19,"Aclaris Therapeutics, Inc.  (ACRS)  (CIK 0001557746)",2834,7.01;8.01;9.01,topline data
0001694665,0001694665-21-000006,corporateslidepresentant.htm,2021-01-20,"Evelo Biosciences, Inc.  (EVLO)  (CIK 0001694665)",2834,8.01;9.01,interim data;positive results
0001360214,0001493152-21-001497,ex99-1.htm,2021-01-21,"HARROW HEALTH, INC.  (HROW, HROWL, HROWM)  (CIK 0001360214)",2834,8.01;9.01,positive data;positive results;results from the Phase;top-line results
0001711754,0001213900-21-003480,ea133728ex99-1_inmunebio.htm,2021-01-21,"Inmune Bio, Inc.  (INMB)  (CIK 0001711754)",2836,8.01;9.01,data from the Phase;interim data;statistically significant
0001439222,0001193125-21-017705,d25276d8k.htm,2021-01-26,"AGIOS PHARMACEUTICALS, INC.  (AGIO)  (CIK 0001439222)",2834,8.01;9.01,primary endpoint
0000850261,0001104659-21-007791,tm214308d1_ex99-1.htm,2021-01-27,"Sorrento Therapeutics, Inc.  (SRNE)  (CIK 0000850261)",2836,8.01;9.01,preliminary data
0001169245,0001169245-21-000002,ex991-12721.htm,2021-01-27,PhaseBio Pharmaceuticals Inc  (PHASQ)  (CIK 0001169245),2834,8.01;9.01,data from the Phase;efficacy data;initial data
0000887247,0001387131-21-001313,admp-8k_012821.htm,2021-01-28,Adamis Pharmaceuticals Corp  (DMKPQ)  (CIK 0000887247),2834,8.01;9.01,preliminary data
0000895051,0001104659-21-008759,tm214502d1_ex99-1.htm,2021-01-28,"CASI Pharmaceuticals, Inc.  (CIK 0000895051)",2836,8.01;9.01,results from the Phase
0001403752,0001193125-21-019488,d42843d8k.htm,2021-01-28,Zymeworks Inc.  (CIK 0001403752),2834,7.01;9.01,data from the Phase
0001651308,0001651308-21-000017,bgne-20210127.htm,2021-01-28,"BeiGene, Ltd.  (BGNE, BEIGF)  (CIK 0001651308)",2834,8.01;9.01,primary endpoint;statistically significant;topline results
0001706431,0001193125-21-020756,d54514d8k.htm,2021-01-28,"Vir Biotechnology, Inc.  (VIR)  (CIK 0001706431)",2836,8.01;9.01,initial data
0001595893,0001564590-21-003223,tptx-8k_20210129.htm,2021-01-29,"Turning Point Therapeutics, Inc.  (CIK 0001595893)",2834,8.01;9.01,interim data
0001582554,0001493152-21-002160,ex99-1.htm,2021-02-01,"Matinas BioPharma Holdings, Inc.  (MTNB)  (CIK 0001582554)",2834,7.01;8.01;9.01,clinical data;efficacy data;primary endpoint;statistically significant;topline data;topline results
0000908259,0001493152-21-002340,ex99-1.htm,2021-02-02,MATEON THERAPEUTICS INC  (OTLC)  (CIK 0000908259),2834,8.01;9.01,clinical data;efficacy data;interim data
0001082038,0001564590-21-003678,drrx-ex991_6.htm,2021-02-02,DURECT CORP  (DRRX)  (CIK 0001082038),2834,8.01;9.01,positive data;statistically significant
0001739174,0001213900-21-005970,ea134397-8k_biomxinc.htm,2021-02-02,"BiomX Inc.  (PHGE, PHGEW, PHGE-UN)  (CIK 0001739174)",2836,8.01,results from the Phase
0000072444,0001437749-21-001804,ex_223998.htm,2021-02-03,"Vaxart, Inc.  (VXRT)  (CIK 0000072444)",2836,2.02;8.01;9.01,clinical data;preliminary data
0001472091,0001140361-21-003255,brhc10019666_ex99-1.htm,2021-02-03,PDS Biotechnology Corp  (PDSB)  (CIK 0001472091),2834,8.01;9.01,initial data
0001178879,0001104659-21-013630,tm215748d1_8k.htm,2021-02-08,"AMICUS THERAPEUTICS, INC.  (FOLD)  (CIK 0001178879)",2834,8.01;9.01,clinical data
0001681087,0001193125-21-031585,d106770dex991.htm,2021-02-08,"AVROBIO, Inc.  (TECX)  (CIK 0001681087)",2836,7.01;8.01;9.01,clinical data;positive data
0001360214,0001493152-21-003017,form8-k.htm,2021-02-09,"HARROW HEALTH, INC.  (HROW, HROWL, HROWM)  (CIK 0001360214)",2834,8.01;9.01,data from the Phase
0001476963,0001553350-21-000101,htbx_8k.htm,2021-02-09,"HEAT BIOLOGICS, INC.  (SCPX)  (CIK 0001476963)",2834,7.01;8.01;9.01,interim data
0001719406,0001654954-21-001339,brpa_8k.htm,2021-02-09,"Big Rock Partners Acquisition Corp.  (NRXP, NRXPW)  (CIK 0001719406)",2834,8.01;9.01,results from the Phase
0001748907,0001193125-21-033294,d100234d8k.htm,2021-02-09,Orchard Therapeutics plc  (CIK 0001748907),2836,1.01;3.02;7.01;8.01;9.01,interim data
0001069308,0001564590-21-005408,acer-8k_20210211.htm,2021-02-11,Acer Therapeutics Inc.  (CIK 0001069308),2834,8.01;9.01,topline results
0001178879,0001104659-21-020661,tm216326d1_8k.htm,2021-02-11,"AMICUS THERAPEUTICS, INC.  (FOLD)  (CIK 0001178879)",2834,8.01;9.01,topline results
0001213037,0001628280-21-001908,a991ex021121.htm,2021-02-11,"Cardiff Oncology, Inc.  (CRDF)  (CIK 0001213037)",2836,8.01;9.01,data from the Phase;preliminary data
0001633932,0001193125-21-037721,d114076dex991.htm,2021-02-11,ESSA Pharma Inc.  (EPIX)  (CIK 0001633932),2834,8.01;9.01,clinical data;positive results
0000318306,0001493152-21-003569,ex99-1.htm,2021-02-12,ABEONA THERAPEUTICS INC.  (ABEO)  (CIK 0000318306),2834,7.01;9.01,interim data;positive data;statistically significant
0001714899,0001714899-21-000018,ex991pressrelease2122021.htm,2021-02-12,Denali Therapeutics Inc.  (DNLI)  (CIK 0001714899),2836,8.01;9.01,clinical data
0001746466,0001564590-21-005752,eq-8k_20210212.htm,2021-02-12,"Equillium, Inc.  (EQ)  (CIK 0001746466)",2834,7.01;9.01,interim data
0001053691,0001437749-21-002896,ex_226666.htm,2021-02-16,Diffusion Pharmaceuticals Inc.  (CRVO)  (CIK 0001053691),2834,8.01;9.01,clinical data;topline data;topline results
0001615219,0001615219-21-000017,slrxpr02172021.htm,2021-02-17,"Salarius Pharmaceuticals, Inc.  (SLRX)  (CIK 0001615219)",2834,8.01;9.01,clinical data
0001280776,0001193805-21-000241,e620306_8k-immunic.htm,2021-02-18,"IMMUNIC, INC.  (IMUX)  (CIK 0001280776)",2834,8.01;9.01,top-line data
0001104506,0001140361-21-005422,brhc10020565_8k.htm,2021-02-19,INSMED Inc  (INSM)  (CIK 0001104506),2834,7.01;9.01,topline data
0001493566,0001193125-21-049866,d91016dex991.htm,2021-02-22,"OTONOMY, INC.  (CIK 0001493566)",2834,7.01;9.01,primary endpoint;top-line results
0001703647,0001193125-21-050730,d135631dex991.htm,2021-02-22,"Frequency Therapeutics, Inc.  (KRRO)  (CIK 0001703647)",2834,7.01;9.01,clinical data;data from the Phase;interim data;statistically significant;top-line data
0001006281,0001558370-21-001407,plx-20210223x8k.htm,2021-02-23,"Protalix BioTherapeutics, Inc.  (PLX)  (CIK 0001006281)",2836,8.01;9.01,topline results
0001719406,0001654954-21-002007,brpa_8k.htm,2021-02-24,"Big Rock Partners Acquisition Corp.  (NRXP, NRXPW)  (CIK 0001719406)",2834,7.01;9.01,positive results
0000882796,0001171843-21-001346,exh_991.htm,2021-02-25,BIOCRYST PHARMACEUTICALS INC  (BCRX)  (CIK 0000882796),2836,7.01;9.01,primary endpoint
0001822791,0001213900-21-012199,ea136662-8k_cleneinc.htm,2021-02-26,"Clene Inc.  (CLNN, CLNNW)  (CIK 0001822791)",2834,2.02;7.01;9.01,interim data
0000908259,0001493152-21-005160,ex99-1.htm,2021-03-02,MATEON THERAPEUTICS INC  (OTLC)  (CIK 0000908259),2834,8.01;9.01,clinical data;efficacy data
0001080709,0001564590-21-010309,arna-8k_20210302.htm,2021-03-02,ARENA PHARMACEUTICALS INC  (CIK 0001080709),2834,8.01;9.01,primary endpoint;statistically significant;topline data;topline results
0001372299,0001104659-21-031198,tm218561d1_ex99-1.htm,2021-03-03,"Ocugen, Inc.  (OCGN)  (CIK 0001372299)",2836,8.01;9.01,interim data;primary endpoint
0000318154,0001193125-21-068571,d151856d8k.htm,2021-03-04,AMGEN INC  (AMGN)  (CIK 0000318154),2836,1.01;7.01;9.01,clinical data
0001175505,0001193125-21-068593,d77427d8k.htm,2021-03-04,"FIVE PRIME THERAPEUTICS, INC.  (CIK 0001175505)",2834,1.01;8.01;9.01,clinical data
0001175680,0001193125-21-073448,d145217dex991.htm,2021-03-08,CytoDyn Inc.  (CYDY)  (CIK 0001175680),2834,7.01;9.01,primary endpoint;statistically significant
0001370053,0001370053-21-000022,anab-20210308.htm,2021-03-08,"ANAPTYSBIO, INC  (ANAB)  (CIK 0001370053)",2834,7.01;9.01,primary endpoint;top-line data
0001228627,0001140361-21-008429,nt10021594x4_ex99-2.htm,2021-03-15,"Ocuphire Pharma, Inc.  (OCUP)  (CIK 0001228627)",2834,7.01;8.01;9.01,positive results;primary endpoint;statistically significant;top-line results;topline results
0001293971,0001293971-21-000020,exhibit99120210315.htm,2021-03-15,"bluebird bio, Inc.  (BLUE)  (CIK 0001293971)",2836,8.01;9.01,data from the Phase;efficacy data;primary endpoint;results from the Phase
0001339970,0001564590-21-013011,life-8k_20210315.htm,2021-03-15,aTYR PHARMA INC  (ATYR)  (CIK 0001339970),2836,8.01;9.01,statistically significant;topline data;topline results
0001553643,0001213900-21-015425,ea137710ex99-1_relmada.htm,2021-03-15,"RELMADA THERAPEUTICS, INC.  (RLMD)  (CIK 0001553643)",2834,7.01;9.01,top-line data
0001707502,0001193125-21-081556,d143986d8k.htm,2021-03-15,Solid Biosciences Inc.  (SLDB)  (CIK 0001707502),2836,2.02;9.01,clinical data
0001709401,0001104659-21-035910,tm219672d2_8k.htm,2021-03-15,"Rubius Therapeutics, Inc.  (CIK 0001709401)",2836,8.01;9.01,efficacy data;preliminary data
0001746466,0001564590-21-013009,eq-8k_20210315.htm,2021-03-15,"Equillium, Inc.  (EQ)  (CIK 0001746466)",2834,7.01;9.01,positive data
0001800315,0001564590-21-013008,glto-ex991_6.htm,2021-03-15,"Galecto, Inc.  (GLTO)  (CIK 0001800315)",2834,7.01;9.01,efficacy data;initial data
0000861838,0001104659-21-038365,tm2110123d1_8k.htm,2021-03-18,"IDERA PHARMACEUTICALS, INC.  (CIK 0000861838)",2836,8.01;9.01,top-line results
0001597553,0001193125-21-084866,d106893d8k.htm,2021-03-18,"Sage Therapeutics, Inc.  (SAGE)  (CIK 0001597553)",2834,8.01;9.01,interim data;topline data
0000707511,0001104659-21-038870,tm2110350d1_8k.htm,2021-03-19,REGENERX BIOPHARMACEUTICALS INC  (RGRX)  (CIK 0000707511),2834,8.01;9.01,topline results
0000882796,0001171843-21-001951,exh_991.htm,2021-03-22,BIOCRYST PHARMACEUTICALS INC  (BCRX)  (CIK 0000882796),2836,7.01;9.01,positive results
0001509745,0001104659-21-039392,tm2110451d1_8k.htm,2021-03-22,"LEAP THERAPEUTICS, INC.  (LPTX)  (CIK 0001509745)",2834,8.01;9.01,clinical data
0001744659,0001104659-21-039696,tm219778d2_8k.htm,2021-03-22,"Akero Therapeutics, Inc.  (AKRO)  (CIK 0001744659)",2834,7.01;8.01;9.01,positive results;statistically significant
0001126234,0001126234-21-000036,lumo-20210320x8kxex991.htm,2021-03-23,"LUMOS PHARMA, INC.  (LUMO)  (CIK 0001126234)",2834,8.01;9.01,statistically significant
0001711279,0001193125-21-091865,d119783dex991.htm,2021-03-24,"Krystal Biotech, Inc.  (KRYS)  (CIK 0001711279)",2836,7.01;9.01,initial data
0001751299,0001564590-21-014963,kldo-ex992_106.htm,2021-03-24,"Kaleido Biosciences, Inc.  (KLDO)  (CIK 0001751299)",2836,7.01;8.01;9.01,positive results;primary endpoint
0001293310,0001214659-21-003517,ex99_1.htm,2021-03-29,"HUMANIGEN, INC  (CIK 0001293310)",2834,7.01;9.01,primary endpoint;statistically significant;topline results
0001631574,0001193125-21-098276,d28637dex991.htm,2021-03-29,Wave Life Sciences Ltd.  (WVE)  (CIK 0001631574),2834,7.01;8.01;9.01,data from the Phase;statistically significant
0001706431,0001193125-21-098947,d118531d8k.htm,2021-03-30,"Vir Biotechnology, Inc.  (VIR)  (CIK 0001706431)",2836,8.01,clinical data;data from the Phase;efficacy data;primary endpoint;statistically significant;topline data
0001746466,0001564590-21-016669,eq-8k_20210330.htm,2021-03-30,"Equillium, Inc.  (EQ)  (CIK 0001746466)",2834,7.01;9.01,initial data
0001326190,0001193125-21-103232,d148089d8k.htm,2021-04-01,"Altimmune, Inc.  (ALT)  (CIK 0001326190)",2834,8.01;9.01,results from the Phase
0001604191,0001654954-21-003700,azrx8k_03312021.htm,2021-04-01,"AzurRx BioPharma, Inc.  (ENTO)  (CIK 0001604191)",2834,7.01;9.01,topline results
0001133818,0001104659-21-046642,tm2112205d1_ex99-1.htm,2021-04-05,BIO-PATH HOLDINGS INC  (BPTH)  (CIK 0001133818),2834,7.01;9.01,preliminary data
0001595893,0001564590-21-017609,tptx-8k_20210405.htm,2021-04-05,"Turning Point Therapeutics, Inc.  (CIK 0001595893)",2834,8.01;9.01,efficacy data;initial data
0001727196,0001157523-21-000429,a52406941.htm,2021-04-06,Scholar Rock Holding Corp  (SRRK)  (CIK 0001727196),2836,7.01;8.01;9.01,top-line results
0001597553,0001193125-21-112437,d168581d8k.htm,2021-04-12,"Sage Therapeutics, Inc.  (SAGE)  (CIK 0001597553)",2834,8.01;9.01,primary endpoint
0001651308,0001651308-21-000068,bgne-20210411.htm,2021-04-12,"BeiGene, Ltd.  (BGNE, BEIGF)  (CIK 0001651308)",2834,8.01;9.01,clinical data
0001808865,0001193125-21-112486,d166644d8k.htm,2021-04-12,"iTeos Therapeutics, Inc.  (ITOS)  (CIK 0001808865)",2836,7.01;8.01;9.01,preliminary data
0001034842,0001104659-21-049830,tm2112882d1_8k.htm,2021-04-13,RIGEL PHARMACEUTICALS INC  (RIGL)  (CIK 0001034842),2834,8.01;9.01,primary endpoint;topline data;topline results
0001682852,0001193125-21-114845,d113560dex991.htm,2021-04-13,"Moderna, Inc.  (MRNA)  (CIK 0001682852)",2836,2.02;9.01,clinical data;data from the Phase
0001704292,0001193125-21-113977,d138538dex991.htm,2021-04-13,Zai Lab Ltd  (ZLAB)  (CIK 0001704292),2834,7.01;9.01,primary endpoint
0001721484,0001213900-21-021302,ea139451ex99-1_longeveron.htm,2021-04-13,Longeveron Inc.  (LGVN)  (CIK 0001721484),2834,7.01;9.01,positive results
0001789769,0001789769-21-000009,instilbio-8xkxitem80141221.htm,2021-04-13,"Instil Bio, Inc.  (TIL)  (CIK 0001789769)",2836,8.01;9.01,clinical data
0001799788,0001493152-21-008601,ex99-1.htm,2021-04-13,"Greenwich LifeSciences, Inc.  (GLSI)  (CIK 0001799788)",2834,8.01;9.01,data from the Phase;statistically significant
0001527599,0001564590-21-018749,d156442dex992.htm,2021-04-14,"SYNLOGIC, INC.  (SYBX)  (CIK 0001527599)",2834,8.01;9.01,data from the Phase
0001001316,0001558370-21-004378,tgtx-20210416x8k.htm,2021-04-16,"TG THERAPEUTICS, INC.  (TGTX)  (CIK 0001001316)",2834,8.01;9.01,positive results
0001012477,0001104659-21-051624,tm2113322d1_ex99-1.htm,2021-04-19,AVADEL PHARMACEUTICALS PLC  (AVDL)  (CIK 0001012477),2834,7.01;9.01,positive results;statistically significant;topline data
0001293310,0001214659-21-004353,ex99_1.htm,2021-04-20,"HUMANIGEN, INC  (CIK 0001293310)",2834,1.02;9.01,data from the Phase;positive data
0001561743,0001561743-21-000026,kin-20210420.htm,2021-04-20,"Kindred Biosciences, Inc.  (CIK 0001561743)",2834,8.01;9.01,positive results
0000908259,0001493152-21-009378,ex99-1.htm,2021-04-21,"Oncotelic Therapeutics, Inc.  (OTLC)  (CIK 0000908259)",2834,8.01;9.01,clinical data;efficacy data;top-line data
0001372299,0001104659-21-053355,tm2113722d1_ex99-1.htm,2021-04-22,"Ocugen, Inc.  (OCGN)  (CIK 0001372299)",2836,8.01;9.01,interim data;positive results;primary endpoint
0001445283,0001193125-21-125592,d113067dex991.htm,2021-04-22,"YUMANITY THERAPEUTICS, INC.  (KA)  (CIK 0001445283)",2834,8.01;9.01,results from the Phase;topline results
0000819050,0000819050-21-000055,a202104238kex991.htm,2021-04-23,"Brickell Biotech, Inc.  (FRTX)  (CIK 0000819050)",2836,7.01;8.01;9.01,clinical data;efficacy data;topline data
0001341235,0001193125-21-132903,d39940d8k.htm,2021-04-27,"Aldeyra Therapeutics, Inc.  (ALDX)  (CIK 0001341235)",2834,7.01;8.01;9.01,results from the Phase;top-line results
0001651308,0001651308-21-000077,bgne-20210428.htm,2021-04-28,"BeiGene, Ltd.  (BGNE, BEIGF)  (CIK 0001651308)",2834,8.01;9.01,positive results
0001158780,0001213900-21-023409,ea140095-8k_pluristem.htm,2021-04-29,PLURISTEM THERAPEUTICS INC  (PLUR)  (CIK 0001158780),2836,8.01,statistically significant;topline results
0001346830,0001104659-21-056913,tm2114554d1_8k.htm,2021-04-29,"Cara Therapeutics, Inc.  (CARA)  (CIK 0001346830)",2834,1.04;7.01;8.01;9.01,statistically significant;topline results
0001783183,0001193125-21-140479,d144736d8k.htm,2021-04-29,"Phathom Pharmaceuticals, Inc.  (PHAT)  (CIK 0001783183)",2834,8.01,primary endpoint;top-line data
0000873303,0001564590-21-022707,srpt-ex991_24.htm,2021-05-03,"Sarepta Therapeutics, Inc.  (SRPT)  (CIK 0000873303)",2834,7.01;9.01,positive results;primary endpoint
0000876343,0001493152-21-010348,ex99-1.htm,2021-05-03,"Lineage Cell Therapeutics, Inc.  (LCTX)  (CIK 0000876343)",2836,7.01;8.01;9.01,clinical data
0001505512,0001193125-21-146721,d176635d8k.htm,2021-05-03,Regulus Therapeutics Inc.  (RGLS)  (CIK 0001505512),2834,8.01,initial data;statistically significant;top-line results
0001509261,0001104659-21-060677,tm2115088d1_8k.htm,2021-05-04,"Rezolute, Inc.  (RZLT)  (CIK 0001509261)",2834,8.01;9.01,topline results
0001273636,0001193125-21-152744,d418940dex991.htm,2021-05-06,APPLIED GENETIC TECHNOLOGIES CORP  (CIK 0001273636),2836,8.01;9.01,positive data;statistically significant
0001076682,0001493152-21-010840,ex99-1.htm,2021-05-10,"POLARITYTE, INC.  (RGTPQ)  (CIK 0001076682)",2836,7.01;9.01,primary endpoint;topline data;topline results
0001419600,0001564590-21-026328,flxn-8k_20210511.htm,2021-05-11,Flexion Therapeutics Inc  (CIK 0001419600),2834,7.01;9.01,initial data
0001721484,0001213900-21-025557,ea140654ex99-1_longeveron.htm,2021-05-11,Longeveron Inc.  (LGVN)  (CIK 0001721484),2834,7.01;9.01,positive results;top-line data
0001748907,0001564590-21-026261,ortx-ex991_8.htm,2021-05-11,Orchard Therapeutics plc  (CIK 0001748907),2836,8.01;9.01,efficacy data
0000764195,0001493152-21-011082,ex99-1.htm,2021-05-12,VBI Vaccines Inc/BC  (VBIVQ)  (CIK 0000764195),2834,7.01;9.01,top-line results
0001629137,0001171843-21-003417,exh_991.htm,2021-05-12,"Global Blood Therapeutics, Inc.  (CIK 0001629137)",2834,8.01;9.01,data from the Phase
0001690585,0001193125-21-159128,d541436dex992.htm,2021-05-12,"Magenta Therapeutics, Inc.  (DNTH)  (CIK 0001690585)",2834,1.01;3.02;7.01;8.01;9.01,clinical data;initial data;primary endpoint
0001636050,0001636050-21-000053,siox8k_05132021ex-991.htm,2021-05-13,Sio Gene Therapies Inc.  (CIK 0001636050),2834,7.01;8.01;9.01,efficacy data
0000707511,0001104659-21-066769,tm2116521d1_ex99-1.htm,2021-05-14,REGENERX BIOPHARMACEUTICALS INC  (RGRX)  (CIK 0000707511),2834,8.01;9.01,positive results;primary endpoint;statistically significant
0001515673,0000950170-21-000231,rare-20210514-ex99_1.htm,2021-05-14,Ultragenyx Pharmaceutical Inc.  (RARE)  (CIK 0001515673),2834,8.01;9.01,primary endpoint
0001017491,0001136261-21-000066,body8k.htm,2021-05-17,"SEELOS THERAPEUTICS, INC.  (SEEL)  (CIK 0001017491)",2834,7.01;9.01,top-line data;topline data
0001061983,0001171843-21-003578,f8k_051721.htm,2021-05-17,CYTOKINETICS INC  (CYTK)  (CIK 0001061983),2834,8.01,positive results;primary endpoint;statistically significant
0000873303,0001564590-21-028550,srpt-ex991_15.htm,2021-05-18,"Sarepta Therapeutics, Inc.  (SRPT)  (CIK 0000873303)",2834,7.01;9.01,clinical data;primary endpoint;statistically significant
0001280600,0001280600-21-000042,xlrn-20210519.htm,2021-05-19,ACCELERON PHARMA INC  (CIK 0001280600),2836,8.01;9.01,preliminary data
0001293971,0001293971-21-000043,exhibit99120210519.htm,2021-05-19,"bluebird bio, Inc.  (BLUE)  (CIK 0001293971)",2836,8.01;9.01,primary endpoint
0001382101,0001564590-21-028892,stro-ex991_6.htm,2021-05-19,"SUTRO BIOPHARMA, INC.  (STRO)  (CIK 0001382101)",2836,7.01;9.01,data from the Phase
0001621227,0001558370-21-007554,adap-20210519x8k.htm,2021-05-19,Adaptimmune Therapeutics PLC  (ADAP)  (CIK 0001621227),2836,7.01;9.01,initial data
0001701541,0001104659-21-069398,tm2116976d1_8k.htm,2021-05-19,"Black Diamond Therapeutics, Inc.  (BDTX)  (CIK 0001701541)",2836,7.01;8.01;9.01,data from the Phase;efficacy data;initial data
0001737287,0001737287-21-000025,allo-20210519.htm,2021-05-19,"Allogene Therapeutics, Inc.  (ALLO)  (CIK 0001737287)",2836,8.01,efficacy data;interim data;results from the Phase
0000764195,0001493152-21-012317,ex99-1.htm,2021-05-20,VBI Vaccines Inc/BC  (VBIVQ)  (CIK 0000764195),2834,7.01;9.01,data from the Phase
0001260990,0001564590-21-028942,onct-8k_20210519.htm,2021-05-20,"Oncternal Therapeutics, Inc.  (ONCT)  (CIK 0001260990)",2834,8.01;9.01,clinical data;interim data
0001279704,0001104659-21-069870,tm2117124d1_ex99-1.htm,2021-05-20,"Cellectar Biosciences, Inc.  (CLRB)  (CIK 0001279704)",2834,7.01;9.01,primary endpoint
0001425205,0001104659-21-069880,tm2117109d1_8k.htm,2021-05-20,"IOVANCE BIOTHERAPEUTICS, INC.  (IOVA)  (CIK 0001425205)",2836,8.01;9.01,clinical data
0001472091,0001140361-21-018115,nc10023834x3_ex99-1.htm,2021-05-20,PDS Biotechnology Corp  (PDSB)  (CIK 0001472091),2834,8.01;9.01,initial data;interim data
0001476963,0001553350-21-000437,htbx_8k.htm,2021-05-20,"HEAT BIOLOGICS, INC.  (SCPX)  (CIK 0001476963)",2834,7.01;8.01;9.01,interim data
0001615219,0001615219-21-000054,salarius-xascoabstractsrel.htm,2021-05-20,"Salarius Pharmaceuticals, Inc.  (SLRX)  (CIK 0001615219)",2834,8.01,clinical data;preliminary data
0001293971,0001293971-21-000045,exhibit99120210521.htm,2021-05-21,"bluebird bio, Inc.  (BLUE)  (CIK 0001293971)",2836,8.01;9.01,data from the Phase;primary endpoint
0001426332,0001193125-21-169953,d58583d8k.htm,2021-05-24,NGM BIOPHARMACEUTICALS INC  (CIK 0001426332),2834,8.01;9.01,topline results
0001682639,0001104659-21-071574,tm2117268d1_8k.htm,2021-05-25,"EYENOVIA, INC.  (EYEN)  (CIK 0001682639)",2834,8.01;9.01,topline results
0001671584,0001564590-21-029886,apvo-ex991_6.htm,2021-05-26,Aptevo Therapeutics Inc.  (APVO)  (CIK 0001671584),2834,7.01;9.01,clinical data;interim data;positive results;primary endpoint
0001706431,0001193125-21-175479,d129136d8k.htm,2021-05-27,"Vir Biotechnology, Inc.  (VIR)  (CIK 0001706431)",2836,8.01;9.01,clinical data;data from the Phase;efficacy data;positive results;primary endpoint
0001695357,0001493152-21-013131,ex99-1.htm,2021-05-28,"Provention Bio, Inc.  (CIK 0001695357)",2834,7.01;9.01,clinical data;efficacy data
0000876343,0001493152-21-013294,ex99-1.htm,2021-06-01,"Lineage Cell Therapeutics, Inc.  (LCTX)  (CIK 0000876343)",2836,7.01;8.01;9.01,clinical data
0001679363,0001104659-21-075173,tm2118181d1_ex99-1.htm,2021-06-01,"Morphic Holding, Inc.  (CIK 0001679363)",2834,8.01;9.01,clinical data
0001006281,0001558370-21-007920,plx-20210602xex99d1.htm,2021-06-02,"Protalix BioTherapeutics, Inc.  (PLX)  (CIK 0001006281)",2836,8.01;9.01,data from the Phase;positive data;primary endpoint;top-line results;topline results
0001561743,0001561743-21-000038,kin-20210602.htm,2021-06-02,"Kindred Biosciences, Inc.  (CIK 0001561743)",2834,8.01;9.01,positive results
0001645666,0001564590-21-031300,kzr-ex991_6.htm,2021-06-02,"Kezar Life Sciences, Inc.  (KZR)  (CIK 0001645666)",2834,8.01;9.01,efficacy data
0001430306,0001387131-21-006295,ex99-01.htm,2021-06-03,Tonix Pharmaceuticals Holding Corp.  (TNXP)  (CIK 0001430306),2834,7.01;8.01;9.01,positive results;topline results
0001737953,0001104659-21-076114,tm2118384d1_ex99-1.htm,2021-06-03,"Replimune Group, Inc.  (REPL)  (CIK 0001737953)",2836,8.01;9.01,clinical data;data from the Phase;initial data;interim data;primary endpoint
0001029125,0001437749-21-014140,ex_255158.htm,2021-06-04,"Panbela Therapeutics, Inc.  (PBLA)  (CIK 0001029125)",2834,7.01;9.01,clinical data;interim data
0001279704,0001104659-21-076746,tm2118519d1_ex99-1.htm,2021-06-04,"Cellectar Biosciences, Inc.  (CLRB)  (CIK 0001279704)",2834,7.01;9.01,primary endpoint
0001357874,0001564590-21-031676,dtil-8k_20210604.htm,2021-06-04,PRECISION BIOSCIENCES INC  (DTIL)  (CIK 0001357874),2836,7.01;8.01;9.01,clinical data
0001476963,0001079973-21-000463,ex99x1.htm,2021-06-04,"HEAT BIOLOGICS, INC.  (SCPX)  (CIK 0001476963)",2834,7.01;8.01;9.01,clinical data
0001651308,0001651308-21-000102,axex991x4jun2021withjdcomm.htm,2021-06-04,"BeiGene, Ltd.  (BGNE, BEIGF)  (CIK 0001651308)",2834,8.01;9.01,clinical data;primary endpoint;statistically significant
0001708493,0001193125-21-183002,d191082d8k.htm,2021-06-04,"Harpoon Therapeutics, Inc.  (CIK 0001708493)",2836,8.01;9.01,clinical data
0001718108,0001193125-21-182012,d137479dex991.htm,2021-06-04,"Surface Oncology, Inc.  (CIK 0001718108)",2836,8.01;9.01,preliminary data
0001789972,0001193125-21-182269,d122691d8k.htm,2021-06-04,"Cullinan Oncology, Inc.  (CGEM)  (CIK 0001789972)",2836,7.01;8.01;9.01,interim data
0001348911,0001564590-21-031856,kalv-8k_20210605.htm,2021-06-07,"KalVista Pharmaceuticals, Inc.  (KALV)  (CIK 0001348911)",2834,8.01;9.01,clinical data
0001557746,0001558370-21-008085,acrs-20210608x8k.htm,2021-06-08,"Aclaris Therapeutics, Inc.  (ACRS)  (CIK 0001557746)",2834,7.01;8.01;9.01,topline data
0001012477,0001104659-21-078566,tm2119224d1_ex99-1.htm,2021-06-09,AVADEL PHARMACEUTICALS PLC  (AVDL)  (CIK 0001012477),2834,8.01;9.01,clinical data;positive results;statistically significant
0001535955,0001104659-21-078524,tm2113019d1_ex99-1.htm,2021-06-09,Lipocine Inc.  (LPCN)  (CIK 0001535955),2834,8.01;9.01,primary endpoint;topline results
0001799788,0001493152-21-013862,ex99-1.htm,2021-06-09,"Greenwich LifeSciences, Inc.  (GLSI)  (CIK 0001799788)",2834,8.01;9.01,data from the Phase
0001108205,0001564590-21-032550,cris-8k_20210611.htm,2021-06-11,CURIS INC  (CRIS)  (CIK 0001108205),2836,8.01;9.01,preliminary data
0001293971,0001293971-21-000049,blue-20210611.htm,2021-06-11,"bluebird bio, Inc.  (BLUE)  (CIK 0001293971)",2836,8.01;9.01,clinical data
0001439222,0001193125-21-188265,d843751dex991.htm,2021-06-11,"AGIOS PHARMACEUTICALS, INC.  (AGIO)  (CIK 0001439222)",2834,8.01;9.01,clinical data;efficacy data;positive results;primary endpoint
0001467154,0001467154-21-000109,a06112021exhibit991.htm,2021-06-11,"Novan, Inc.  (CIK 0001467154)",2834,7.01;8.01;9.01,positive results;primary endpoint;statistically significant;topline results
0001501697,0001628280-21-012055,pressreleasejune112021.htm,2021-06-11,"X4 Pharmaceuticals, Inc  (XFOR, XFOWW)  (CIK 0001501697)",2836,8.01;9.01,clinical data;efficacy data;positive data
0001538927,0001193125-21-188257,d165336d8k.htm,2021-06-11,"Forma Therapeutics Holdings, Inc.  (CIK 0001538927)",2836,7.01;8.01;9.01,clinical data;initial data;positive results;statistically significant
0001629137,0001171843-21-004277,exh_991.htm,2021-06-11,"Global Blood Therapeutics, Inc.  (CIK 0001629137)",2834,8.01;9.01,data from the Phase;results from the Phase
0001651308,0001651308-21-000113,a8-kx11june2021x994.htm,2021-06-11,"BeiGene, Ltd.  (BGNE, BEIGF)  (CIK 0001651308)",2834,8.01,clinical data;initial data;positive data;preliminary data;primary endpoint;results from the Phase;statistically significant;topline results
0001672619,0001564590-21-032551,imra-8k_20210611.htm,2021-06-11,IMARA Inc.  (ELVN)  (CIK 0001672619),2834,1.01;2.03;8.01;9.01,clinical data
0001674416,0001564590-21-032552,crsp-8k_20210611.htm,2021-06-11,CRISPR Therapeutics AG  (CRSP)  (CIK 0001674416),2836,7.01;8.01;9.01,clinical data
0001746466,0000950170-21-000344,eq-20210611.htm,2021-06-11,"Equillium, Inc.  (EQ)  (CIK 0001746466)",2834,7.01;9.01,top-line results
0001000694,0001104659-21-080835,tm2119609d1_ex99-1.htm,2021-06-14,NOVAVAX INC  (NVAX)  (CIK 0001000694),2836,8.01;9.01,primary endpoint
0001673772,0001193125-21-189542,d181504d8k.htm,2021-06-14,"RAPT Therapeutics, Inc.  (RAPT)  (CIK 0001673772)",2834,8.01;9.01,topline results
0001831363,0001193125-21-190105,d158977d8k.htm,2021-06-14,"Terns Pharmaceuticals, Inc.  (TERN)  (CIK 0001831363)",2834,8.01;9.01,top-line data;topline results
0001597553,0001193125-21-190532,d28609dex991.htm,2021-06-15,"Sage Therapeutics, Inc.  (SAGE)  (CIK 0001597553)",2834,8.01;9.01,positive data;positive results;primary endpoint;results from the Phase;statistically significant;topline results
0001326190,0001104659-21-081758,tm2119883d1_8k.htm,2021-06-16,"Altimmune, Inc.  (ALT)  (CIK 0001326190)",2834,7.01;8.01;9.01,interim data
0001692830,0001193125-21-192152,d185844d8k.htm,2021-06-16,"Satsuma Pharmaceuticals, Inc.  (CIK 0001692830)",2834,8.01;9.01,top-line data
0001280600,0001280600-21-000045,xlrn-20210611xform8kxex991.htm,2021-06-17,ACCELERON PHARMA INC  (CIK 0001280600),2836,8.01;9.01,data from the Phase;primary endpoint;topline results
0001175680,0001193125-21-195277,d178669dex991.htm,2021-06-21,CytoDyn Inc.  (CYDY)  (CIK 0001175680),2834,7.01;9.01,primary endpoint;statistically significant
0001583107,0001104659-21-082951,tm2120177d1_8k.htm,2021-06-21,"Theravance Biopharma, Inc.  (TBPH)  (CIK 0001583107)",2834,8.01;9.01,top-line results
0001744659,0001104659-21-083139,tm2120208d1_8k.htm,2021-06-21,"Akero Therapeutics, Inc.  (AKRO)  (CIK 0001744659)",2834,7.01;9.01,positive results
0001796280,0001193125-21-195039,d183984d8k.htm,2021-06-21,"Oric Pharmaceuticals, Inc.  (ORIC)  (CIK 0001796280)",2834,5.07;8.01;9.01,initial data
0001819790,0001193125-21-194371,d194646d8k.htm,2021-06-21,"Tarsus Pharmaceuticals, Inc.  (TARS)  (CIK 0001819790)",2836,8.01;9.01,positive results;primary endpoint;statistically significant
0000764195,0001493152-21-015053,ex99-1.htm,2021-06-23,VBI Vaccines Inc/BC  (VBIVQ)  (CIK 0000764195),2834,7.01;9.01,clinical data;positive data
0001082038,0001564590-21-033915,drrx-8k_20210623.htm,2021-06-23,DURECT CORP  (DRRX)  (CIK 0001082038),2834,8.01;9.01,clinical data
0001535955,0001104659-21-084414,tm2113019d2_ex99-1.htm,2021-06-23,Lipocine Inc.  (LPCN)  (CIK 0001535955),2834,8.01;9.01,clinical data
0001590560,0001104659-21-084349,tm2120374d1_8k.htm,2021-06-23,uniQure N.V.  (QURE)  (CIK 0001590560),2834,1.01;8.01;9.01,clinical data
0001771917,0001193125-21-196716,d182380dex991.htm,2021-06-23,"Karuna Therapeutics, Inc.  (CIK 0001771917)",2834,7.01;9.01,data from the Phase;results from the Phase
0001816736,0001193125-21-196853,d136042d8k.htm,2021-06-23,"Gemini Therapeutics, Inc. /DE  (IRON)  (CIK 0001816736)",2834,7.01;8.01;9.01,initial data
0001513818,0001437749-21-015511,arav20210623_8k.htm,2021-06-24,"Aravive, Inc.  (CIK 0001513818)",2834,7.01;8.01;9.01,results from the Phase
0001595097,0001493152-21-015154,ex99-1.htm,2021-06-24,"Corbus Pharmaceuticals Holdings, Inc.  (CRBP)  (CIK 0001595097)",2834,7.01;8.01;9.01,data from the Phase;primary endpoint;results from the Phase;statistically significant;topline results
0001680581,0001193125-21-198675,d190429d8k.htm,2021-06-24,"Fulcrum Therapeutics, Inc.  (FULC)  (CIK 0001680581)",2834,8.01,efficacy data;positive results;primary endpoint;statistically significant
0001650648,0001564590-21-034575,fdmt-8k_20210618.htm,2021-06-25,4D Molecular Therapeutics Inc.  (FDMT)  (CIK 0001650648),2836,1.02;8.01;9.01,initial data
0001744659,0001104659-21-085789,tm2120711d1_8k.htm,2021-06-25,"Akero Therapeutics, Inc.  (AKRO)  (CIK 0001744659)",2834,7.01;8.01;9.01,positive results;statistically significant
0001447028,0001171843-21-004544,exh_991.htm,2021-06-28,Arbutus Biopharma Corp  (ABUS)  (CIK 0001447028),2834,8.01;9.01,clinical data;initial data
0001815442,0001193125-21-201090,d161011d8k.htm,2021-06-28,"Kymera Therapeutics, Inc.  (KYMR)  (CIK 0001815442)",2836,7.01;8.01;9.01,initial data;interim data;positive results
0000894158,0001104659-21-086498,tm2120759d1_8k.htm,2021-06-29,"Synthetic Biologics, Inc.  (TOVX)  (CIK 0000894158)",2834,7.01;8.01;9.01,preliminary data;topline results
0001326190,0001104659-21-086854,tm2121014d1_ex99-1.htm,2021-06-29,"Altimmune, Inc.  (ALT)  (CIK 0001326190)",2834,7.01;8.01;9.01,clinical data;interim data
0001401040,0001437749-21-015877,ex_260291.htm,2021-06-29,DiaMedica Therapeutics Inc.  (DMAC)  (CIK 0001401040),2834,7.01;8.01;9.01,clinical data;interim data;preliminary data
0001425205,0001104659-21-086825,tm2120950d1_8k.htm,2021-06-29,"IOVANCE BIOTHERAPEUTICS, INC.  (IOVA)  (CIK 0001425205)",2836,8.01;9.01,clinical data
0001805387,0001193125-21-202603,d158663d8k.htm,2021-06-29,"Cerevel Therapeutics Holdings, Inc.  (CIK 0001805387)",2834,7.01;8.01;9.01,topline data
0001053691,0001437749-21-016076,dffn20210630_8k.htm,2021-06-30,Diffusion Pharmaceuticals Inc.  (CRVO)  (CIK 0001053691),2834,8.01;9.01,topline results
0001061983,0001171843-21-004610,f8k_063021.htm,2021-06-30,CYTOKINETICS INC  (CYTK)  (CIK 0001061983),2834,8.01,positive results;statistically significant
0001506251,0001213900-21-035203,ea143606ex99-1_citiuspharma.htm,2021-07-01,"Citius Pharmaceuticals, Inc.  (CTXR)  (CIK 0001506251)",2834,8.01;9.01,primary endpoint
0001711279,0001193125-21-206566,d166128d8k.htm,2021-07-01,"Krystal Biotech, Inc.  (KRYS)  (CIK 0001711279)",2836,7.01;9.01,positive results
0001094038,0001104659-21-089167,tm2121420d1_ex99-1.htm,2021-07-06,"Marker Therapeutics, Inc.  (MRKR)  (CIK 0001094038)",2834,7.01;9.01,topline data
0001372299,0001104659-21-089093,tm2121393d2_8k.htm,2021-07-06,"Ocugen, Inc.  (OCGN)  (CIK 0001372299)",2836,8.01;9.01,positive results
0001385508,0001385508-21-000090,opiant_8-kxpkxstudyxresults.htm,2021-07-06,"OPIANT PHARMACEUTICALS, INC.  (CIK 0001385508)",2834,8.01;9.01,top-line results
0001463361,0001564590-21-035796,ubx-8k_20210706.htm,2021-07-06,"Unity Biotechnology, Inc.  (UBX)  (CIK 0001463361)",2834,8.01;9.01,positive data
0001133416,0001193125-21-211310,d187958dex991.htm,2021-07-09,GALECTIN THERAPEUTICS INC  (GALT)  (CIK 0001133416),2834,8.01;9.01,clinical data;positive results;top-line results
0001679363,0001679363-21-000024,morfecco0700921final.htm,2021-07-09,"Morphic Holding, Inc.  (CIK 0001679363)",2834,8.01;9.01,clinical data;positive results
0001583771,0001104659-21-091511,tm2122083d1_8k.htm,2021-07-13,"Hepion Pharmaceuticals, Inc.  (HEPA, CTRVP)  (CIK 0001583771)",2834,8.01;9.01,topline results
0001604950,0001193125-21-214307,d203690d8k.htm,2021-07-14,scPharmaceuticals Inc.  (SCPH)  (CIK 0001604950),2834,8.01;9.01,statistically significant;top-line results
0001061983,0001171843-21-004940,f8k_071921.htm,2021-07-19,CYTOKINETICS INC  (CYTK)  (CIK 0001061983),2834,8.01,positive results;statistically significant;topline results
0001609809,0001193125-21-221362,d175112d8k.htm,2021-07-22,"Seres Therapeutics, Inc.  (MCRB)  (CIK 0001609809)",2834,7.01;9.01,results from the Phase;topline results
0001430306,0001387131-21-007569,ex99-01.htm,2021-07-23,Tonix Pharmaceuticals Holding Corp.  (TNXP)  (CIK 0001430306),2834,7.01;8.01;9.01,efficacy data;positive results;primary endpoint;statistically significant;topline results
0001534120,0001628280-21-014453,ex-992pressreleasecrohnsdi.htm,2021-07-26,Cerecor Inc.  (AVTX)  (CIK 0001534120),2834,7.01;8.01;9.01,positive results
0001714899,0001714899-21-000066,dnli-20210725.htm,2021-07-26,Denali Therapeutics Inc.  (DNLI)  (CIK 0001714899),2836,8.01;9.01,data from the Phase;interim data
0001711754,0001213900-21-038898,ea144871-8k_inmunebioinc.htm,2021-07-27,"Inmune Bio, Inc.  (INMB)  (CIK 0001711754)",2836,8.01;9.01,data from the Phase
0000078003,0000078003-21-000090,pfe-07042021xex99.htm,2021-07-28,PFIZER INC  (PFE)  (CIK 0000078003),2834,2.02;9.01,clinical data;primary endpoint;results from the Phase;statistically significant;top-line results
0001076682,0001493152-21-017931,ex99-2.htm,2021-07-28,"POLARITYTE, INC.  (RGTPQ)  (CIK 0001076682)",2836,7.01;9.01,primary endpoint;topline data
0001532346,0001171843-21-005234,exh_991.htm,2021-07-29,"Atreca, Inc.  (CIK 0001532346)",2834,8.01;9.01,clinical data;initial data
0001653087,0000950170-21-000607,alec-20210729ex99_1.htm,2021-07-29,"Alector, Inc.  (ALEC)  (CIK 0001653087)",2836,8.01;9.01,positive results;primary endpoint
0001651308,0001651308-21-000163,a8-kx29july2021xexhibit992.htm,2021-07-30,"BeiGene, Ltd.  (BGNE, BEIGF)  (CIK 0001651308)",2834,8.01;9.01,clinical data;preliminary data;primary endpoint;statistically significant;topline results
0001069530,0001069530-21-000043,sava-20210729xex99_1.htm,2021-08-03,CASSAVA SCIENCES INC  (SAVA)  (CIK 0001069530),2834,7.01;8.01;9.01,clinical data;topline results
0001649989,0001104659-21-099269,tm2123933d1_8k.htm,2021-08-03,"Outlook Therapeutics, Inc.  (OTLK)  (CIK 0001649989)",2836,7.01;9.01,statistically significant;topline data;topline results
0001293310,0001214659-21-008132,ex99_1.htm,2021-08-04,"HUMANIGEN, INC  (CIK 0001293310)",2834,7.01;9.01,primary endpoint
0001698530,0001698530-21-000079,exhibit992pressrelease0805.htm,2021-08-05,"EXICURE, INC.  (XCUR)  (CIK 0001698530)",2834,7.01;8.01;9.01,interim data;results from the Phase
0001822791,0001213900-21-040396,ea145261-8k_cleneinc.htm,2021-08-05,"Clene Inc.  (CLNN, CLNNW)  (CIK 0001822791)",2834,7.01;9.01,top-line results
0001399529,0001399529-21-000137,drna-20210805.htm,2021-08-06,Dicerna Pharmaceuticals Inc  (CIK 0001399529),2834,7.01;9.01,top-line results
0001477845,0001104659-21-103213,tm2124796d1_8k.htm,2021-08-11,"Annovis Bio, Inc.  (ANVS)  (CIK 0001477845)",2834,7.01;9.01,preliminary data
0001034842,0001104659-21-105111,tm2125055d1_8k.htm,2021-08-13,RIGEL PHARMACEUTICALS INC  (RIGL)  (CIK 0001034842),2834,8.01;9.01,clinical data
0001721484,0001213900-21-042410,ea145793-8k_longeveroninc.htm,2021-08-13,Longeveron Inc.  (LGVN)  (CIK 0001721484),2834,7.01;9.01,statistically significant
0000886163,0000886163-21-000123,lgnd-20210816.htm,2021-08-16,"LIGAND PHARMACEUTICALS INC  (LGND, LGNDZ, LGNXZ, LGNYZ, LGNZZ)  (CIK 0000886163)",2834,8.01,preliminary data;topline results
0001438533,0001438533-21-000036,tvtx-20210816.htm,2021-08-16,"Travere Therapeutics, Inc.  (TVTX)  (CIK 0001438533)",2834,8.01;9.01,preliminary data
0001267813,0001104659-21-107015,tm2124617d2_8k.htm,2021-08-17,MARINUS PHARMACEUTICALS INC  (MRNS)  (CIK 0001267813),2834,8.01;9.01,top-line data
0001604191,0001654954-21-009178,azrx_8k.htm,2021-08-18,"AzurRx BioPharma, Inc.  (ENTO)  (CIK 0001604191)",2834,7.01;9.01,topline data
0001583107,0001104659-21-108565,tm2125603d1_8k.htm,2021-08-23,"Theravance Biopharma, Inc.  (TBPH)  (CIK 0001583107)",2834,8.01;9.01,top-line results
0001535955,0001493152-21-021171,ex99-1.htm,2021-08-25,Lipocine Inc.  (LPCN)  (CIK 0001535955),2834,8.01;9.01,primary endpoint;statistically significant;topline results
0000908259,0001493152-21-021295,ex99-1.htm,2021-08-26,"Oncotelic Therapeutics, Inc.  (OTLC)  (CIK 0000908259)",2834,7.01;9.01,clinical data;efficacy data
0001711754,0001213900-21-045061,ea146488ex99-1_inmunebio.htm,2021-08-26,"Inmune Bio, Inc.  (INMB)  (CIK 0001711754)",2836,8.01;9.01,preliminary data
0001661460,0001193125-21-261453,d148166dex991.htm,2021-08-31,"Poseida Therapeutics, Inc.  (PSTX)  (CIK 0001661460)",2836,8.01;9.01,preliminary data
0001426800,0001564590-21-046744,asmb-8k_20210901.htm,2021-09-01,"ASSEMBLY BIOSCIENCES, INC.  (ASMB)  (CIK 0001426800)",2834,8.01;9.01,efficacy data
0001419041,0001193125-21-264493,d88078d8k.htm,2021-09-02,"Forte Biosciences, Inc.  (FBRX)  (CIK 0001419041)",2834,8.01;9.01,primary endpoint
0001711754,0001213900-21-046524,ea146878ex99-1_inmunebio.htm,2021-09-03,"Inmune Bio, Inc.  (INMB)  (CIK 0001711754)",2836,8.01;9.01,primary endpoint;statistically significant
0001621443,0001104659-21-113182,tm2126976d1_ex99-1.htm,2021-09-07,"Zynerba Pharmaceuticals, Inc.  (CIK 0001621443)",2834,8.01;9.01,positive results
0001746473,0001193125-21-266016,d218818dex991.htm,2021-09-07,"PLIANT THERAPEUTICS, INC.  (PLRX)  (CIK 0001746473)",2834,8.01;9.01,efficacy data;preliminary data
0001125345,0001125345-21-000103,sophiapressrelease9721.htm,2021-09-08,MACROGENICS INC  (MGNX)  (CIK 0001125345),2834,8.01;9.01,statistically significant
0001213037,0001628280-21-018216,a991ex090821.htm,2021-09-08,"Cardiff Oncology, Inc.  (CRDF)  (CIK 0001213037)",2836,7.01;9.01,efficacy data
0001348362,0001640334-21-002131,lxrp_ex991.htm,2021-09-08,"Lexaria Bioscience Corp.  (LEXX, LEXXW)  (CIK 0001348362)",2834,8.01;9.01,positive results
0001832168,0000950170-21-001704,lbph-20210908.htm,2021-09-08,"Longboard Pharmaceuticals, Inc.  (LBPH)  (CIK 0001832168)",2834,7.01;8.01;9.01,clinical data;topline data
0001492422,0001193125-21-268814,d112979d8k.htm,2021-09-09,"Apellis Pharmaceuticals, Inc.  (APLS)  (CIK 0001492422)",2834,8.01,primary endpoint;top-line data
0001621443,0001104659-21-114012,tm2126976d2_ex99-1.htm,2021-09-09,"Zynerba Pharmaceuticals, Inc.  (CIK 0001621443)",2834,8.01;9.01,data from the Phase;efficacy data;statistically significant
0001721484,0001213900-21-047136,ea147095ex99-1_longeveron.htm,2021-09-09,Longeveron Inc.  (LGVN)  (CIK 0001721484),2834,7.01;9.01,positive results
0001847903,0001847903-21-000013,apcintexdrafpr-vdraft08sep.htm,2021-09-09,Centessa Pharmaceuticals plc  (CNTA)  (CIK 0001847903),2834,7.01;9.01,results from the Phase;top-line data;topline data;topline results
0001485003,0001485003-21-000188,exhibit991-aua2021gurram.htm,2021-09-10,"Sesen Bio, Inc.  (CARM)  (CIK 0001485003)",2834,7.01;9.01,primary endpoint
0001535955,0001493152-21-022435,form8-k.htm,2021-09-10,Lipocine Inc.  (LPCN)  (CIK 0001535955),2834,8.01;9.01,clinical data
0001604950,0001193125-21-269499,d228016dex991.htm,2021-09-10,scPharmaceuticals Inc.  (SCPH)  (CIK 0001604950),2834,8.01;9.01,statistically significant
0001061983,0001171843-21-006439,f8k_091321.htm,2021-09-13,CYTOKINETICS INC  (CYTK)  (CIK 0001061983),2834,8.01,positive results;primary endpoint;statistically significant
0001326110,0001193125-21-270970,d225415dex991.htm,2021-09-13,"ImmunityBio, Inc.  (IBRX)  (CIK 0001326110)",2836,2.02;8.01;9.01,preliminary data;primary endpoint
0001339970,0001564590-21-047679,life-8k_20210913.htm,2021-09-13,aTYR PHARMA INC  (ATYR)  (CIK 0001339970),2836,8.01;9.01,positive results
0001403752,0001193125-21-271417,d202904d8k.htm,2021-09-13,Zymeworks Inc.  (CIK 0001403752),2834,7.01;9.01,clinical data
0001509745,0001104659-21-114863,tm2127430d1_ex99-1.htm,2021-09-13,"LEAP THERAPEUTICS, INC.  (LPTX)  (CIK 0001509745)",2834,8.01;9.01,initial data;positive results
0001582554,0001493152-21-022490,ex99-1.htm,2021-09-13,"Matinas BioPharma Holdings, Inc.  (MTNB)  (CIK 0001582554)",2834,7.01;8.01;9.01,clinical data;efficacy data;positive data;primary endpoint;topline results
0001583771,0001104659-21-114896,tm2127428d1_8k.htm,2021-09-13,"Hepion Pharmaceuticals, Inc.  (HEPA, CTRVP)  (CIK 0001583771)",2834,7.01;9.01,efficacy data
0001621227,0001558370-21-012408,adap-20210913xex99d1.htm,2021-09-13,Adaptimmune Therapeutics PLC  (ADAP)  (CIK 0001621227),2836,8.01;9.01,results from the Phase;topline results
0001668243,0001193125-21-270939,d121097d8k.htm,2021-09-13,UroGen Pharma Ltd.  (URGN)  (CIK 0001668243),2834,8.01,primary endpoint
0001337553,0001193125-21-273957,d400726d8k.htm,2021-09-15,AERIE PHARMACEUTICALS INC  (CIK 0001337553),2836,7.01;9.01,topline results
0001411906,0001558370-21-012513,ampe-20210915x8k.htm,2021-09-15,"Ampio Pharmaceuticals, Inc.  (AMPE)  (CIK 0001411906)",2834,8.01;9.01,top-line results
0001583107,0001104659-21-115681,tm2127424d1_8k.htm,2021-09-15,"Theravance Biopharma, Inc.  (TBPH)  (CIK 0001583107)",2834,2.05;5.02;8.01;9.01,top-line results
0001658247,0001564590-21-048031,crnx-8k_20210915.htm,2021-09-15,"Crinetics Pharmaceuticals, Inc.  (CRNX)  (CIK 0001658247)",2834,7.01;8.01;9.01,clinical data;preliminary data
0001125345,0001125345-21-000105,esmomahoganypressrelease.htm,2021-09-16,MACROGENICS INC  (MGNX)  (CIK 0001125345),2834,8.01;9.01,efficacy data;initial data
0001403752,0001193125-21-275108,d195420d8k.htm,2021-09-16,Zymeworks Inc.  (CIK 0001403752),2834,7.01;8.01;9.01,clinical data
0001509745,0001104659-21-116139,tm2127789d1_8k.htm,2021-09-16,"LEAP THERAPEUTICS, INC.  (LPTX)  (CIK 0001509745)",2834,8.01;9.01,positive data
0001789769,0001789769-21-000061,a2021-09x13presmo20210916.htm,2021-09-16,"Instil Bio, Inc.  (TIL)  (CIK 0001789769)",2836,8.01,primary endpoint
0001797336,0001193125-21-274730,d214628d8k.htm,2021-09-16,"Ayala Pharmaceuticals, Inc.  (CIK 0001797336)",2836,8.01,clinical data;efficacy data;preliminary data
0001654151,0001193125-21-275594,d203720d8k.htm,2021-09-17,"Deciphera Pharmaceuticals, Inc.  (CIK 0001654151)",2834,7.01;8.01;9.01,preliminary data;primary endpoint
0001750019,0001193125-21-275702,d212739d8k.htm,2021-09-17,TCR2 THERAPEUTICS INC.  (CIK 0001750019),2836,7.01;8.01;9.01,interim data;positive results;results from the Phase
0001822791,0001213900-21-048457,ea147546ex99-1_cleneinc.htm,2021-09-17,"Clene Inc.  (CLNN, CLNNW)  (CIK 0001822791)",2834,7.01;9.01,primary endpoint;statistically significant
0001576263,0001193125-21-276775,d231945d8k.htm,2021-09-20,"Mirati Therapeutics, Inc.  (CIK 0001576263)",2834,5.02;8.01;9.01,topline results
0001623526,0001193125-21-277767,d31458d8k.htm,2021-09-21,"Stoke Therapeutics, Inc.  (STOK)  (CIK 0001623526)",2834,8.01;9.01,clinical data
0001130598,0001104659-21-118122,tm2128202d1_8k.htm,2021-09-22,"Onconova Therapeutics, Inc.  (TRAW)  (CIK 0001130598)",2834,8.01;9.01,preliminary data
0001279704,0001104659-21-118297,tm2128183d1_8k.htm,2021-09-22,"Cellectar Biosciences, Inc.  (CLRB)  (CIK 0001279704)",2834,7.01;9.01,preliminary data
0001509261,0001104659-21-118726,tm2128330d1_ex99-1.htm,2021-09-23,"Rezolute, Inc.  (RZLT)  (CIK 0001509261)",2834,7.01;9.01,topline data
0001133869,0001104659-21-119139,tm2128388d1_ex99-1.htm,2021-09-24,"CAPRICOR THERAPEUTICS, INC.  (CAPR)  (CIK 0001133869)",2834,7.01;8.01;9.01,statistically significant
0001783183,0001193125-21-283009,d182429d8k.htm,2021-09-27,"Phathom Pharmaceuticals, Inc.  (PHAT)  (CIK 0001783183)",2834,8.01,top-line data;topline results
0001326190,0001193125-21-284839,d200964d8k.htm,2021-09-28,"Altimmune, Inc.  (ALT)  (CIK 0001326190)",2834,7.01;8.01;9.01,positive results
0001694665,0001193125-21-284427,d234217d8k.htm,2021-09-28,"Evelo Biosciences, Inc.  (EVLO)  (CIK 0001694665)",2834,7.01;8.01;9.01,clinical data;primary endpoint;statistically significant
0001650664,0001558370-21-012862,edit-20210929x8k.htm,2021-09-29,"Editas Medicine, Inc.  (EDIT)  (CIK 0001650664)",2836,7.01;8.01;9.01,clinical data;initial data
0001721484,0001213900-21-050445,ea148084ex99-1_longeveron.htm,2021-09-29,Longeveron Inc.  (LGVN)  (CIK 0001721484),2834,7.01;9.01,positive results;primary endpoint;statistically significant
0000876343,0001493152-21-024236,ex99-1.htm,2021-09-30,"Lineage Cell Therapeutics, Inc.  (LCTX)  (CIK 0000876343)",2836,7.01;8.01;9.01,clinical data;statistically significant
0001590877,0001193125-21-289652,d193715dex991.htm,2021-10-01,REGENXBIO Inc.  (RGNX)  (CIK 0001590877),2836,7.01;8.01;9.01,data from the Phase;initial data
0001370053,0001370053-21-000060,gppphase2additionaldata100.htm,2021-10-04,"ANAPTYSBIO, INC  (ANAB)  (CIK 0001370053)",2834,7.01;9.01,primary endpoint;top-line data
0001582313,0001564590-21-049880,xene-8k_20211004.htm,2021-10-04,Xenon Pharmaceuticals Inc.  (XENE)  (CIK 0001582313),2834,8.01;9.01,topline results
0001477845,0001104659-21-122817,tm2129183d1_8k.htm,2021-10-05,"Annovis Bio, Inc.  (ANVS)  (CIK 0001477845)",2834,7.01;9.01,efficacy data;preliminary data
0000819050,0000819050-21-000145,a20211007ex991cardiganstud.htm,2021-10-07,"Brickell Biotech, Inc.  (FRTX)  (CIK 0000819050)",2836,7.01;8.01;9.01,results from the Phase;statistically significant;topline data;topline results
0001504167,0001558370-21-013053,tmbr-20211007x8k.htm,2021-10-07,"Timber Pharmaceuticals, Inc.  (CIK 0001504167)",2834,8.01;9.01,top-line data
0001538927,0001193125-21-293715,d205006d8k.htm,2021-10-07,"Forma Therapeutics Holdings, Inc.  (CIK 0001538927)",2836,7.01;8.01;9.01,clinical data;initial data;positive results
0001761612,0001104659-21-124173,tm2129421d1_ex99-1.htm,2021-10-07,BICYCLE THERAPEUTICS plc  (BCYC)  (CIK 0001761612),2834,8.01;9.01,clinical data
0001796280,0001193125-21-294159,d181647d8k.htm,2021-10-07,"Oric Pharmaceuticals, Inc.  (ORIC)  (CIK 0001796280)",2834,8.01;9.01,clinical data
0001595893,0000950170-21-002070,tptx-20211008.htm,2021-10-08,"Turning Point Therapeutics, Inc.  (CIK 0001595893)",2834,8.01;9.01,clinical data
0001738021,0000950170-21-002075,cmpx-20211008.htm,2021-10-08,"Compass Therapeutics, Inc.  (CMPX)  (CIK 0001738021)",2836,8.01;9.01,clinical data
0001808158,0001193125-21-295398,d224633d8k.htm,2021-10-08,Repare Therapeutics Inc.  (RPTX)  (CIK 0001808158),2834,7.01;9.01,clinical data
0001812364,0001193125-21-294713,d228629d8k.htm,2021-10-08,"Relay Therapeutics, Inc.  (RLAY)  (CIK 0001812364)",2836,7.01;8.01;9.01,clinical data;interim data
0001337553,0001193125-21-296282,d154401d8k.htm,2021-10-12,AERIE PHARMACEUTICALS INC  (CIK 0001337553),2836,7.01;9.01,primary endpoint;topline results
0001590877,0001193125-21-296140,d208280dex991.htm,2021-10-12,REGENXBIO Inc.  (RGNX)  (CIK 0001590877),2836,7.01;8.01;9.01,data from the Phase;initial data;interim data
0001674416,0001193125-21-296954,d242661d8k.htm,2021-10-12,CRISPR Therapeutics AG  (CRSP)  (CIK 0001674416),2836,7.01;8.01;9.01,clinical data;results from the Phase
0001739614,0001739614-21-000096,exhibit991pressreleaseocto.htm,2021-10-12,"Inhibrx, Inc.  (CIK 0001739614)",2836,7.01;9.01,initial data;positive results;preliminary data;results from the Phase
0000764195,0001493152-21-025269,ex99-1.htm,2021-10-13,VBI Vaccines Inc/BC  (VBIVQ)  (CIK 0000764195),2834,7.01;9.01,primary endpoint;top-line results
0001650648,0001193125-21-297865,d211305d8k.htm,2021-10-13,4D Molecular Therapeutics Inc.  (FDMT)  (CIK 0001650648),2836,8.01,clinical data;data from the Phase;initial data;interim data
0001822791,0001213900-21-052730,ea148744-8k_cleneinc.htm,2021-10-14,"Clene Inc.  (CLNN, CLNNW)  (CIK 0001822791)",2834,7.01;9.01,data from the Phase;interim data;positive results;results from the Phase
0000874015,0001140361-21-034722,brhc10029896_8k.htm,2021-10-18,IONIS PHARMACEUTICALS INC  (IONS)  (CIK 0000874015),2834,8.01;9.01,topline results
0001659617,0001437749-21-023789,ex_291859.htm,2021-10-18,"Moleculin Biotech, Inc.  (MBRX)  (CIK 0001659617)",2834,7.01;9.01,interim data;preliminary data
0001664106,0001193125-21-300580,d244236d8k.htm,2021-10-18,"LogicBio Therapeutics, Inc.  (CIK 0001664106)",2836,7.01;8.01;9.01,clinical data;interim data
0001783183,0001193125-21-300530,d230105d8k.htm,2021-10-18,"Phathom Pharmaceuticals, Inc.  (PHAT)  (CIK 0001783183)",2834,2.02;8.01,primary endpoint;top-line data;topline data
0001012477,0001104659-21-127380,tm2130106d3_ex99-1.htm,2021-10-19,AVADEL PHARMACEUTICALS PLC  (AVDL)  (CIK 0001012477),2834,7.01;9.01,statistically significant
0001563577,0001193125-21-301523,d244982d8k.htm,2021-10-19,"Galera Therapeutics, Inc.  (GRTX)  (CIK 0001563577)",2834,7.01;9.01,results from the Phase
0001681087,0001193125-21-301529,d247071dex991.htm,2021-10-19,"AVROBIO, Inc.  (TECX)  (CIK 0001681087)",2836,7.01;8.01;9.01,clinical data;efficacy data;preliminary data
0001704292,0001193125-21-301641,d251879d8k.htm,2021-10-19,Zai Lab Ltd  (ZLAB)  (CIK 0001704292),2834,8.01;9.01,topline results
0001724344,0001104659-21-127378,tm2130401d1_8k.htm,2021-10-19,Entasis Therapeutics Holdings Inc.  (CIK 0001724344),2834,8.01;9.01,top-line data
0001704292,0001193125-21-303048,d245058d8k.htm,2021-10-20,Zai Lab Ltd  (ZLAB)  (CIK 0001704292),2834,8.01;9.01,topline results
0001634379,0001564590-21-051434,mtcr-ex991_52.htm,2021-10-21,"Metacrine, Inc.  (CIK 0001634379)",2834,8.01;9.01,positive results;statistically significant
0001636050,0001636050-21-000082,finalaxo-aavxgm1toplines.htm,2021-10-21,Sio Gene Therapies Inc.  (CIK 0001636050),2834,7.01;8.01;9.01,clinical data;topline data
0001398733,0001628280-21-020411,aqst-20211025.htm,2021-10-25,"Aquestive Therapeutics, Inc.  (AQST)  (CIK 0001398733)",2834,7.01;8.01;9.01,topline data
0001650648,0001193125-21-307156,d185288d8k.htm,2021-10-26,4D Molecular Therapeutics Inc.  (FDMT)  (CIK 0001650648),2836,8.01,clinical data;initial data;primary endpoint
0001549595,0001193125-21-308663,d249587d8k.htm,2021-10-27,"Nurix Therapeutics, Inc.  (NRIX)  (CIK 0001549595)",2834,8.01;9.01,preliminary data
0001815442,0001193125-21-308787,d213334d8k.htm,2021-10-27,"Kymera Therapeutics, Inc.  (KYMR)  (CIK 0001815442)",2836,7.01;8.01;9.01,initial data;positive results
0001710072,0001157523-21-001266,a52517172.htm,2021-10-28,"Edgewise Therapeutics, Inc.  (EWTX)  (CIK 0001710072)",2834,7.01;9.01,topline results
0001535955,0001493152-21-026815,ex99-2.htm,2021-11-01,Lipocine Inc.  (LPCN)  (CIK 0001535955),2834,8.01;9.01,primary endpoint;statistically significant
0001738021,0000950170-21-002562,cmpx-ex99_1.htm,2021-11-01,"Compass Therapeutics, Inc.  (CMPX)  (CIK 0001738021)",2836,2.02;8.01;9.01,clinical data
0001341235,0001193125-21-316254,d240887d8k.htm,2021-11-02,"Aldeyra Therapeutics, Inc.  (ALDX)  (CIK 0001341235)",2834,8.01;9.01,primary endpoint
0001634379,0001564590-21-053313,mtcr-ex991_24.htm,2021-11-02,"Metacrine, Inc.  (CIK 0001634379)",2834,8.01;9.01,positive results;topline results
0001822791,0001213900-21-055968,ea149773-8k_cleneinc.htm,2021-11-02,"Clene Inc.  (CLNN, CLNNW)  (CIK 0001822791)",2834,7.01;9.01,results from the Phase;top-line results
0001169245,0001169245-21-000100,bentracimabphase2btopliner.htm,2021-11-03,PhaseBio Pharmaceuticals Inc  (PHASQ)  (CIK 0001169245),2834,7.01;9.01,data from the Phase;primary endpoint;topline data;topline results
0001356090,0000950103-21-017355,dp161305_ex9901.htm,2021-11-04,"PRECIGEN, INC.  (PGEN)  (CIK 0001356090)",2834,2.02;7.01;9.01,clinical data;initial data;preliminary data
0001827506,0001193125-21-320116,d258571d8k.htm,2021-11-04,"Talaris Therapeutics, Inc.  (TRML)  (CIK 0001827506)",2836,8.01,primary endpoint
0001496671,0001193125-21-320821,d233634dex991.htm,2021-11-05,"Calithera Biosciences, Inc.  (CALA)  (CIK 0001496671)",2834,5.02;7.01;9.01,efficacy data
0001654151,0001193125-21-320901,d252692d8k.htm,2021-11-05,"Deciphera Pharmaceuticals, Inc.  (CIK 0001654151)",2834,7.01;8.01;9.01,primary endpoint;top-line results
0001704292,0001193125-21-321607,d258604d8k.htm,2021-11-05,Zai Lab Ltd  (ZLAB)  (CIK 0001704292),2834,8.01,primary endpoint;top-line results
0001453687,0001193125-21-322360,d604726d8k.htm,2021-11-08,SELECTA BIOSCIENCES INC  (RNAC)  (CIK 0001453687),2834,7.01;8.01;9.01,data from the Phase;top-line data;top-line results;topline results
0001513818,0001437749-21-025788,ex_304496.htm,2021-11-09,"Aravive, Inc.  (CIK 0001513818)",2834,7.01;8.01;9.01,clinical data;data from the Phase;preliminary data;primary endpoint
0001760542,0001104659-21-136265,tm2132436d1_8k.htm,2021-11-09,HOOKIPA Pharma Inc.  (HOOK)  (CIK 0001760542),2834,7.01;8.01;9.01,efficacy data;interim data
0001831363,0000950170-21-003784,tern-20211109.htm,2021-11-09,"Terns Pharmaceuticals, Inc.  (TERN)  (CIK 0001831363)",2834,8.01;9.01,top-line data
0001654151,0001193125-21-326085,d234651d8k.htm,2021-11-10,"Deciphera Pharmaceuticals, Inc.  (CIK 0001654151)",2834,8.01,primary endpoint;top-line results
0001447028,0001171843-21-007826,exh_991.htm,2021-11-12,Arbutus Biopharma Corp  (ABUS)  (CIK 0001447028),2834,8.01;9.01,clinical data;efficacy data;statistically significant
0001477845,0001104659-21-137731,tm2132744d1_8k.htm,2021-11-12,"Annovis Bio, Inc.  (ANVS)  (CIK 0001477845)",2834,7.01;9.01,preliminary data
0001513818,0001437749-21-026260,arav20211111_8k.htm,2021-11-12,"Aravive, Inc.  (CIK 0001513818)",2834,7.01;8.01;9.01,data from the Phase
0001590877,0001193125-21-328180,d142076dex991.htm,2021-11-12,REGENXBIO Inc.  (RGNX)  (CIK 0001590877),2836,7.01;8.01;9.01,initial data;interim data
0001621227,0001558370-21-015611,adap-20211111x8k.htm,2021-11-12,Adaptimmune Therapeutics PLC  (ADAP)  (CIK 0001621227),2836,7.01;9.01,clinical data
0001744659,0001104659-21-137542,tm2132707d2_8k.htm,2021-11-12,"Akero Therapeutics, Inc.  (AKRO)  (CIK 0001744659)",2834,7.01;8.01;9.01,positive results
0001816736,0001193125-21-327456,d240951d8k.htm,2021-11-12,"Gemini Therapeutics, Inc. /DE  (IRON)  (CIK 0001816736)",2834,7.01;8.01;9.01,initial data
0001061983,0001171843-21-007913,f8k_111521.htm,2021-11-15,CYTOKINETICS INC  (CYTK)  (CIK 0001061983),2834,8.01,positive results
0001370053,0001370053-21-000072,anab-20211115.htm,2021-11-15,"ANAPTYSBIO, INC  (ANAB)  (CIK 0001370053)",2834,7.01;9.01,top-line data
0001661059,0001104659-21-139169,tm2132890d1_ex99-1.htm,2021-11-15,"NextCure, Inc.  (NXTC)  (CIK 0001661059)",2834,7.01;9.01,clinical data;interim data
0000908259,0001493152-21-028861,ex99-1.htm,2021-11-16,"Oncotelic Therapeutics, Inc.  (OTLC)  (CIK 0000908259)",2834,7.01,clinical data;efficacy data
0001279704,0001104659-21-139939,tm2133148d1_ex99-1.htm,2021-11-16,"Cellectar Biosciences, Inc.  (CLRB)  (CIK 0001279704)",2834,7.01;9.01,initial data
0001035354,0001104659-21-140321,tm2133239d1_8k.htm,2021-11-17,"Eloxx Pharmaceuticals, Inc.  (ELOX)  (CIK 0001035354)",8731,7.01;8.01;9.01,positive results;statistically significant;topline results
0001659352,0001193125-21-331873,d253552d8k.htm,2021-11-17,"Codiak BioSciences, Inc.  (CIK 0001659352)",2836,7.01;9.01,initial data
0001178879,0001104659-21-140869,tm2133361d1_8k.htm,2021-11-18,"AMICUS THERAPEUTICS, INC.  (FOLD)  (CIK 0001178879)",2834,8.01;9.01,data from the Phase
0001748907,0001564590-21-057537,ortx-ex991_19.htm,2021-11-18,Orchard Therapeutics plc  (CIK 0001748907),2836,8.01;9.01,primary endpoint
0001403752,0001193125-21-335236,d208558d8k.htm,2021-11-19,Zymeworks Inc.  (CIK 0001403752),2834,7.01;9.01,clinical data
0001853816,0001654954-21-012446,drma_8k.htm,2021-11-19,"Dermata Therapeutics, Inc.  (DRMA, DRMAW)  (CIK 0001853816)",2834,7.01;8.01,efficacy data;positive results
0001671584,0001564590-21-057958,apvo-ex991_33.htm,2021-11-23,Aptevo Therapeutics Inc.  (APVO)  (CIK 0001671584),2834,8.01;9.01,preliminary data
0000874015,0001140361-21-039298,brhc10031197_ex99-1.htm,2021-11-24,IONIS PHARMACEUTICALS INC  (IONS)  (CIK 0000874015),2834,8.01;9.01,primary endpoint;statistically significant;topline results
0000908259,0001493152-21-029741,ex99-1.htm,2021-11-24,"Oncotelic Therapeutics, Inc.  (OTLC)  (CIK 0000908259)",2834,7.01;9.01,clinical data;efficacy data;top-line data;topline data
0001711279,0001193125-21-342256,d217944d8k.htm,2021-11-29,"Krystal Biotech, Inc.  (KRYS)  (CIK 0001711279)",2836,7.01;8.01;9.01,primary endpoint;topline results
0001741830,0001628280-21-024142,kron-20211129.htm,2021-11-29,"Kronos Bio, Inc.  (KRON)  (CIK 0001741830)",2834,8.01,positive data
0000855654,0001104659-21-144687,tm2134074d1_8k.htm,2021-11-30,"ImmunoGen, Inc.  (CIK 0000855654)",2834,7.01;9.01,top-line results
0001262104,0001193125-21-342891,d205347dex991.htm,2021-11-30,"MEI Pharma, Inc.  (MEIP)  (CIK 0001262104)",2834,8.01;9.01,data from the Phase;interim data;primary endpoint
0000764195,0001493152-21-030197,ex99-1.htm,2021-12-01,VBI Vaccines Inc/BC  (VBIVQ)  (CIK 0000764195),2834,7.01;9.01,data from the Phase
0001447028,0001171843-21-008240,exh_991.htm,2021-12-01,Arbutus Biopharma Corp  (ABUS)  (CIK 0001447028),2834,8.01;9.01,preliminary data
0001597553,0001193125-21-344367,d226984dex991.htm,2021-12-01,"Sage Therapeutics, Inc.  (SAGE)  (CIK 0001597553)",2834,8.01;9.01,interim data;positive results;primary endpoint
0001444192,0001171843-21-008273,exh_991.htm,2021-12-02,Acasti Pharma Inc.  (ACST)  (CIK 0001444192),2834,7.01;9.01,interim data;positive results;primary endpoint
0001623526,0001193125-21-347835,d197450dex991.htm,2021-12-03,"Stoke Therapeutics, Inc.  (STOK)  (CIK 0001623526)",2834,8.01;9.01,clinical data;data from the Phase;initial data
0001070494,0001193125-21-349137,d257158d8k.htm,2021-12-06,ACADIA PHARMACEUTICALS INC  (ACAD)  (CIK 0001070494),2834,8.01;9.01,statistically significant;top-line results
0001636282,0001564590-21-059372,agle-8k_20211206.htm,2021-12-06,"Aeglea BioTherapeutics, Inc.  (SYRE)  (CIK 0001636282)",2834,7.01;8.01;9.01,primary endpoint;results from the Phase;statistically significant;topline data;topline results
0001641281,0001564590-21-059379,bolt-8k_20211206.htm,2021-12-06,"Bolt Biotherapeutics, Inc.  (BOLT)  (CIK 0001641281)",2834,7.01;9.01,interim data
0001680581,0001193125-21-348354,d273327d8k.htm,2021-12-06,"Fulcrum Therapeutics, Inc.  (FULC)  (CIK 0001680581)",2834,8.01,clinical data;initial data;positive results
0001690080,0001213900-21-063497,ea151751ex99-1_180lifesci.htm,2021-12-06,"180 Life Sciences Corp.  (ATNF, ATNFW)  (CIK 0001690080)",2834,7.01;9.01,clinical data;statistically significant;top-line data;top-line results
0001718108,0001718108-21-000036,surf-1262021x8k.htm,2021-12-06,"Surface Oncology, Inc.  (CIK 0001718108)",2836,7.01;9.01,clinical data
0001720580,0000950170-21-005044,acet-20211206.htm,2021-12-06,"Adicet Bio, Inc.  (ACET)  (CIK 0001720580)",2834,8.01,clinical data;interim data;positive results
0001735438,0001558370-21-016575,mgtx-20211207x8k.htm,2021-12-07,MeiraGTx Holdings plc  (MGTX)  (CIK 0001735438),2836,7.01;9.01,clinical data;preliminary data
0001598646,0001193125-21-351399,d74277dex991.htm,2021-12-08,"Minerva Neurosciences, Inc.  (NERV)  (CIK 0001598646)",2834,7.01;9.01,primary endpoint;statistically significant
0000850261,0001104659-21-147914,tm2134651d1_8k.htm,2021-12-09,"Sorrento Therapeutics, Inc.  (SRNE)  (CIK 0000850261)",2836,8.01;9.01,top-line results
0001403752,0001193125-21-351679,d260676d8k.htm,2021-12-09,Zymeworks Inc.  (CIK 0001403752),2834,7.01;9.01,clinical data
0001600620,0001628280-21-024728,auph-20211209.htm,2021-12-09,Aurinia Pharmaceuticals Inc.  (AUPH)  (CIK 0001600620),2834,7.01,topline results
0001689813,0001689813-21-000152,exhibit992zavegepantpressr.htm,2021-12-09,Biohaven Pharmaceutical Holding Co Ltd.  (CIK 0001689813),2834,5.02;7.01;9.01,statistically significant;topline results
0001061983,0001171843-21-008447,f8k_121021.htm,2021-12-10,CYTOKINETICS INC  (CYTK)  (CIK 0001061983),2834,8.01,positive results
0001655759,0001193125-21-353376,d271231dex991.htm,2021-12-10,"ARVINAS, INC.  (ARVN)  (CIK 0001655759)",2834,7.01;8.01;9.01,clinical data;interim data
0000876343,0001493152-21-031281,ex99-1.htm,2021-12-13,"Lineage Cell Therapeutics, Inc.  (LCTX)  (CIK 0000876343)",2836,7.01;8.01;9.01,clinical data;interim data;statistically significant
0000882361,0001171843-21-008490,exh_991.htm,2021-12-13,Aptose Biosciences Inc.  (APTO)  (CIK 0000882361),2836,7.01;9.01,clinical data
0001001233,0001628280-21-024895,sgmo-20211212.htm,2021-12-13,"SANGAMO THERAPEUTICS, INC  (SGMO)  (CIK 0001001233)",2836,8.01,clinical data;data from the Phase;results from the Phase
0001133818,0001558370-21-016703,bpth-20211213xex99d1.htm,2021-12-13,BIO-PATH HOLDINGS INC  (BPTH)  (CIK 0001133818),2834,8.01;9.01,efficacy data
0001260990,0001564590-21-060152,onct-8k_20211213.htm,2021-12-13,"Oncternal Therapeutics, Inc.  (ONCT)  (CIK 0001260990)",2834,8.01;9.01,clinical data;efficacy data;interim data
0001293971,0001293971-21-000093,exhibit99120211211.htm,2021-12-13,"bluebird bio, Inc.  (BLUE)  (CIK 0001293971)",2836,8.01;9.01,clinical data
0001357874,0001564590-21-060064,dtil-8k_20211211.htm,2021-12-13,PRECISION BIOSCIENCES INC  (DTIL)  (CIK 0001357874),2836,8.01,clinical data
0001395937,0001564590-21-060153,sndx-8k_20211211.htm,2021-12-13,Syndax Pharmaceuticals Inc  (SNDX)  (CIK 0001395937),2834,8.01;9.01,data from the Phase
0001538210,0001193125-21-354523,d238680dex991.htm,2021-12-13,"NexImmune, Inc.  (NEXI)  (CIK 0001538210)",2834,7.01;8.01;9.01,clinical data;preliminary data;results from the Phase
0001538927,0001193125-21-354602,d231942d8k.htm,2021-12-13,"Forma Therapeutics Holdings, Inc.  (CIK 0001538927)",2836,7.01;8.01;9.01,initial data;positive results;primary endpoint
0001590560,0001104659-21-149107,tm2135254d1_8k.htm,2021-12-13,uniQure N.V.  (QURE)  (CIK 0001590560),2834,8.01;9.01,primary endpoint
0001623715,0001193125-21-354707,d248735d8k.htm,2021-12-13,"Imago BioSciences, Inc.  (CIK 0001623715)",2834,7.01;9.01,positive data
0001629137,0001171843-21-008476,exh_991.htm,2021-12-13,"Global Blood Therapeutics, Inc.  (CIK 0001629137)",2834,8.01;9.01,positive results;primary endpoint
0001708493,0001193125-21-355598,d248888d8k.htm,2021-12-13,"Harpoon Therapeutics, Inc.  (CIK 0001708493)",2836,8.01;9.01,clinical data
0001754068,0001193125-21-354690,d261161d8k.htm,2021-12-13,"Allovir, Inc.  (ALVR)  (CIK 0001754068)",2836,7.01;8.01;9.01,preliminary data;primary endpoint
0001799788,0001493152-21-031170,ex99-1.htm,2021-12-13,"Greenwich LifeSciences, Inc.  (GLSI)  (CIK 0001799788)",2834,8.01;9.01,clinical data;data from the Phase;statistically significant
0000861838,0001104659-21-149581,tm2135391d1_ex99-1.htm,2021-12-14,"IDERA PHARMACEUTICALS, INC.  (CIK 0000861838)",2836,7.01;9.01,preliminary data;topline results
0001279704,0001104659-21-149556,tm2135434d1_ex99-1.htm,2021-12-14,"Cellectar Biosciences, Inc.  (CLRB)  (CIK 0001279704)",2834,7.01;9.01,results from the Phase
0001280776,0001193805-21-001749,e621156_8k-immunic.htm,2021-12-14,"IMMUNIC, INC.  (IMUX)  (CIK 0001280776)",2834,8.01;9.01,positive results
0001372514,0001104659-21-149386,tm2135356d1_8k.htm,2021-12-14,"KIORA PHARMACEUTICALS INC  (KPRX, KPHMW)  (CIK 0001372514)",2834,8.01;9.01,topline data
0001434316,0001193125-21-356947,d267979dex991.htm,2021-12-14,FATE THERAPEUTICS INC  (FATE)  (CIK 0001434316),2836,8.01;9.01,clinical data;efficacy data
0001434647,0001437749-21-028468,ex_316112.htm,2021-12-14,"KEMPHARM, INC  (ZVRA)  (CIK 0001434647)",2834,7.01;8.01;9.01,top-line results
0001563577,0001193125-21-356165,d235822d8k.htm,2021-12-14,"Galera Therapeutics, Inc.  (GRTX)  (CIK 0001563577)",2834,7.01;8.01;9.01,primary endpoint;results from the Phase;topline results
0001610618,0001610618-21-000111,cdtx-20211214.htm,2021-12-14,"Cidara Therapeutics, Inc.  (CDTX)  (CIK 0001610618)",2836,7.01;8.01;9.01,data from the Phase;top-line data
0001651308,0001651308-21-000251,ax14dec2021xex991xesmoxio_.htm,2021-12-14,"BeiGene, Ltd.  (BGNE, BEIGF)  (CIK 0001651308)",2834,8.01;9.01,primary endpoint;statistically significant
0001847903,0001847903-21-000028,pressrelease8kex991121421.htm,2021-12-14,Centessa Pharmaceuticals plc  (CNTA)  (CIK 0001847903),2834,7.01;9.01,positive data
0001860782,0001628280-21-024992,exhibit991-8xk.htm,2021-12-14,"2seventy bio, Inc.  (TSVT)  (CIK 0001860782)",2834,8.01;9.01,clinical data;data from the Phase;efficacy data;preliminary data
0001438533,0001438533-21-000056,tvtx-20211215.htm,2021-12-15,"Travere Therapeutics, Inc.  (TVTX)  (CIK 0001438533)",2834,8.01;9.01,preliminary data;topline results
0001538927,0001193125-21-358543,d257303d8k.htm,2021-12-16,"Forma Therapeutics Holdings, Inc.  (CIK 0001538927)",2836,7.01;8.01;9.01,positive results;primary endpoint
0001582554,0001493152-21-031659,ex99-1.htm,2021-12-16,"Matinas BioPharma Holdings, Inc.  (MTNB)  (CIK 0001582554)",2834,7.01;8.01;9.01,clinical data;efficacy data
0001740279,0001193125-21-358680,d225963dex991.htm,2021-12-16,"IN8BIO, INC.  (INAB)  (CIK 0001740279)",2836,8.01;9.01,clinical data;preliminary data
0001789972,0001193125-21-358521,d237379d8k.htm,2021-12-16,"Cullinan Oncology, Inc.  (CGEM)  (CIK 0001789972)",2836,7.01;9.01,clinical data
0001815442,0001193125-21-358542,d213171d8k.htm,2021-12-16,"Kymera Therapeutics, Inc.  (KYMR)  (CIK 0001815442)",2836,8.01;9.01,clinical data
0001590560,0001104659-21-151146,tm2135767d1_ex99-1.htm,2021-12-17,uniQure N.V.  (QURE)  (CIK 0001590560),2834,1.01;2.03;8.01;9.01,data from the Phase;efficacy data
0001600132,0001600132-21-000055,blph-20211217ex991f55dfc.htm,2021-12-17,"Bellerophon Therapeutics, Inc.  (BLPH)  (CIK 0001600132)",2834,8.01;9.01,top-line data
0001677077,0001214659-21-013348,ex99_1.htm,2021-12-17,"Alzamend Neuro, Inc.  (ALZN)  (CIK 0001677077)",2834,7.01;9.01,topline data
0001787297,0001558370-21-016900,pasg-20211217xex99d1.htm,2021-12-17,"Passage BIO, Inc.  (PASG)  (CIK 0001787297)",2836,7.01;8.01;9.01,clinical data;initial data;interim data;positive results
0001599298,0001599298-21-000045,pressrelease-12202021.htm,2021-12-20,Summit Therapeutics Inc.  (SMMT)  (CIK 0001599298),2834,7.01;9.01,primary endpoint;topline results
0001539029,0000950170-21-005294,clsd-ex99_1.htm,2021-12-21,"Clearside Biomedical, Inc.  (CLSD)  (CIK 0001539029)",2834,7.01;8.01;9.01,primary endpoint
0001553643,0001213900-21-067091,ea152954ex99-1_relmada.htm,2021-12-22,"RELMADA THERAPEUTICS, INC.  (RLMD)  (CIK 0001553643)",2834,7.01;9.01,primary endpoint;statistically significant
0001564824,0000950170-21-005310,allk-ex99_1.htm,2021-12-22,Allakos Inc.  (ALLK)  (CIK 0001564824),2834,8.01;9.01,primary endpoint;topline results
0001158780,0001213900-21-067469,ea153061-8k_pluristem.htm,2021-12-27,PLURISTEM THERAPEUTICS INC  (PLUR)  (CIK 0001158780),2836,8.01;9.01,topline results
0001394319,0001564590-21-061221,tcon-8k_20211227.htm,2021-12-27,"Tracon Pharmaceuticals, Inc.  (TCON)  (CIK 0001394319)",2836,8.01;9.01,efficacy data
0001659617,0001437749-21-029235,ex_319246.htm,2021-12-27,"Moleculin Biotech, Inc.  (MBRX)  (CIK 0001659617)",2834,1.01;7.01;9.01,efficacy data;interim data;preliminary data
0001743881,0001193125-21-366669,d285149d8k.htm,2021-12-27,"BridgeBio Pharma, Inc.  (BBIO)  (CIK 0001743881)",2834,7.01;9.01,topline results
0001372299,0001104659-21-154719,tm2136603d1_ex99-1.htm,2021-12-30,"Ocugen, Inc.  (OCGN)  (CIK 0001372299)",2836,8.01;9.01,interim data
0001528115,0001193125-22-001705,d283972d8k.htm,2022-01-04,"Annexon, Inc.  (ANNX)  (CIK 0001528115)",2834,8.01;9.01,interim data
0001624658,0001193125-22-000971,d261981dex991.htm,2022-01-04,"Allena Pharmaceuticals, Inc.  (CIK 0001624658)",2836,2.02;8.01;9.01,data from the Phase;efficacy data;initial data;positive data;primary endpoint;statistically significant;topline data
0001656634,0001193125-22-001861,d199614dex991.htm,2022-01-04,"Gritstone bio, Inc.  (GRTS)  (CIK 0001656634)",2836,8.01;9.01,clinical data;initial data
0001739614,0001739614-22-000002,exhibit991pressrelease1202.htm,2022-01-04,"Inhibrx, Inc.  (CIK 0001739614)",2836,7.01;9.01,initial data;positive results;preliminary data
0001382101,0000950170-22-000081,stro-20220105.htm,2022-01-05,"SUTRO BIOPHARMA, INC.  (STRO)  (CIK 0001382101)",2836,7.01;8.01;9.01,clinical data;interim data
0001710072,0001157523-22-000027,a52557938.htm,2022-01-05,"Edgewise Therapeutics, Inc.  (EWTX)  (CIK 0001710072)",2834,7.01;9.01,topline results
0001534120,0001628280-22-000405,avalotherapeutics2022inv.htm,2022-01-06,"Avalo Therapeutics, Inc.  (AVTX)  (CIK 0001534120)",2834,8.01;9.01,clinical data;preliminary data;primary endpoint;top-line data;topline data
0001799448,0001193125-22-003165,d288360d8k.htm,2022-01-06,"Aligos Therapeutics, Inc.  (ALGS)  (CIK 0001799448)",2836,8.01,data from the Phase
0000873303,0000950170-22-000205,srpt-20220110.htm,2022-01-10,"Sarepta Therapeutics, Inc.  (SRPT)  (CIK 0000873303)",2834,2.02;7.01;9.01,statistically significant;topline results
0001372299,0001104659-22-002720,tm222498d1_8k.htm,2022-01-10,"Ocugen, Inc.  (OCGN)  (CIK 0001372299)",2836,8.01;9.01,positive results
0001372299,0001628280-22-000803,ocgn-20220112xex991.htm,2022-01-12,"Ocugen, Inc.  (OCGN)  (CIK 0001372299)",2836,8.01;9.01,data from the Phase;interim data
0001832038,0001193125-22-008197,d277827dex991.htm,2022-01-13,"Adagio Therapeutics, Inc.  (IVVD)  (CIK 0001832038)",2836,7.01;8.01;9.01,efficacy data
0001213037,0001628280-22-001039,a991ex011821.htm,2022-01-18,"Cardiff Oncology, Inc.  (CRDF)  (CIK 0001213037)",2836,7.01;9.01,efficacy data
0001509745,0001104659-22-004962,tm223227d1_ex99-1.htm,2022-01-18,"LEAP THERAPEUTICS, INC.  (LPTX)  (CIK 0001509745)",2834,8.01;9.01,positive results
0001659617,0001437749-22-001007,ex_323618.htm,2022-01-18,"Moleculin Biotech, Inc.  (MBRX)  (CIK 0001659617)",2834,7.01;9.01,interim data;preliminary data;primary endpoint;results from the Phase
0001566044,0001104659-22-005168,tm223236d1_ex99-1.htm,2022-01-19,VYNE Therapeutics Inc.  (VYNE)  (CIK 0001566044),2834,8.01;9.01,results from the Phase
0001748907,0001564590-22-001836,ortx-ex991_33.htm,2022-01-21,Orchard Therapeutics plc  (CIK 0001748907),2836,8.01;9.01,primary endpoint;statistically significant
0000946644,0001493152-22-002053,ex99-1.htm,2022-01-24,AIM ImmunoTech Inc.  (AIM)  (CIK 0000946644),2836,7.01;9.01,positive data;positive results
0001654151,0001193125-22-016133,d279635dex991.htm,2022-01-24,"Deciphera Pharmaceuticals, Inc.  (CIK 0001654151)",2834,7.01;9.01,positive results;primary endpoint;results from the Phase;top-line results
0001785173,0001193125-22-016089,d300501d8k.htm,2022-01-24,"89bio, Inc.  (ETNB)  (CIK 0001785173)",2834,8.01;9.01,topline results
0001651407,0001104659-22-007179,tm224380d1_8k.htm,2022-01-25,"Checkpoint Therapeutics, Inc.  (CKPT)  (CIK 0001651407)",2834,8.01;9.01,topline results
0001205922,0001193125-22-017722,d252591dex991.htm,2022-01-26,"VACCINEX, INC.  (VCNX)  (CIK 0001205922)",2834,8.01;9.01,clinical data;preliminary data
0001537917,0001193125-22-017624,d254338dex991.htm,2022-01-26,"TYME TECHNOLOGIES, INC.  (CIK 0001537917)",2834,8.01;9.01,clinical data;initial data;preliminary data;primary endpoint
0001001316,0001558370-22-000487,tgtx-20220127x8k.htm,2022-01-27,"TG THERAPEUTICS, INC.  (TGTX)  (CIK 0001001316)",2834,8.01;9.01,preliminary data;statistically significant
0001535955,0001493152-22-002360,ex99-1.htm,2022-01-27,Lipocine Inc.  (LPCN)  (CIK 0001535955),2834,8.01;9.01,clinical data;primary endpoint
0001800315,0001564590-22-002577,glto-ex991_25.htm,2022-01-27,"Galecto, Inc.  (GLTO)  (CIK 0001800315)",2834,8.01;9.01,primary endpoint;statistically significant;topline results
0001806310,0001193125-22-019000,d217477dex991.htm,2022-01-27,"Taysha Gene Therapies, Inc.  (TSHA)  (CIK 0001806310)",2836,8.01;9.01,clinical data;efficacy data;preliminary data
0000874015,0001140361-22-003182,brhc10033283_ex99-1.htm,2022-01-31,IONIS PHARMACEUTICALS INC  (IONS)  (CIK 0000874015),2834,1.02;9.01,clinical data;primary endpoint;statistically significant
0001228627,0001140361-22-003143,brhc10033299_ex99-1.htm,2022-01-31,"Ocuphire Pharma, Inc.  (OCUP)  (CIK 0001228627)",2834,8.01;9.01,data from the Phase;primary endpoint;statistically significant;top-line data;top-line results
0001806310,0001193125-22-022338,d307369dex991.htm,2022-01-31,"Taysha Gene Therapies, Inc.  (TSHA)  (CIK 0001806310)",2836,8.01;9.01,clinical data;efficacy data;statistically significant
0001061983,0001171843-22-000668,f8k_020122.htm,2022-02-01,CYTOKINETICS INC  (CYTK)  (CIK 0001061983),2834,8.01,positive results;statistically significant;topline results
0001472091,0001140361-22-003577,brhc10033363_ex99-1.htm,2022-02-02,PDS Biotechnology Corp  (PDSB)  (CIK 0001472091),2834,8.01;9.01,initial data
0001347178,0001193125-22-027687,d302458d8k.htm,2022-02-04,Vanda Pharmaceuticals Inc.  (VNDA)  (CIK 0001347178),2834,8.01;9.01,results from the Phase
0001694665,0001694665-22-000033,evlo-20220207.htm,2022-02-07,"Evelo Biosciences, Inc.  (EVLO)  (CIK 0001694665)",2834,8.01,data from the Phase;primary endpoint;statistically significant
0001273636,0001193125-22-030404,d306517dex992.htm,2022-02-08,APPLIED GENETIC TECHNOLOGIES CORP  (CIK 0001273636),2836,7.01;9.01,efficacy data
0001001233,0001628280-22-002051,sgmo-20220207.htm,2022-02-09,"SANGAMO THERAPEUTICS, INC  (SGMO)  (CIK 0001001233)",2836,8.01,clinical data;data from the Phase;primary endpoint;results from the Phase
0001590877,0001193125-22-032205,d276078dex991.htm,2022-02-09,REGENXBIO Inc.  (RGNX)  (CIK 0001590877),2836,7.01;8.01;9.01,interim data;primary endpoint
0001681087,0001193125-22-031820,d312907d8k.htm,2022-02-09,"AVROBIO, Inc.  (TECX)  (CIK 0001681087)",2836,7.01;9.01,interim data
0001783183,0001193125-22-032678,d283546d8k.htm,2022-02-09,"Phathom Pharmaceuticals, Inc.  (PHAT)  (CIK 0001783183)",2834,8.01,primary endpoint;statistically significant;top-line data;topline data;topline results
0001787297,0001558370-22-001039,pasg-20220211xex99d1.htm,2022-02-11,"Passage BIO, Inc.  (PASG)  (CIK 0001787297)",2836,7.01;8.01;9.01,clinical data;interim data;positive results
0001590877,0001193125-22-039357,d312888dex991.htm,2022-02-14,REGENXBIO Inc.  (RGNX)  (CIK 0001590877),2836,7.01;8.01;9.01,interim data;primary endpoint
0001659617,0001437749-22-003189,ex_334021.htm,2022-02-14,"Moleculin Biotech, Inc.  (MBRX)  (CIK 0001659617)",2834,7.01;9.01,clinical data;efficacy data;preliminary data
0001822711,0000950170-22-001153,prds-20220211.htm,2022-02-14,"PARDES BIOSCIENCES, INC.  (CIK 0001822711)",2834,7.01;9.01,clinical data
0001061983,0001171843-22-001030,f8k_021522.htm,2022-02-15,CYTOKINETICS INC  (CYTK)  (CIK 0001061983),2834,8.01,positive results;primary endpoint;statistically significant;topline results
0001655759,0001193125-22-042361,d282247d8k.htm,2022-02-15,"ARVINAS, INC.  (ARVN)  (CIK 0001655759)",2834,7.01;8.01;9.01,interim data
0001597553,0001193125-22-043937,d443707dex991.htm,2022-02-16,"Sage Therapeutics, Inc.  (SAGE)  (CIK 0001597553)",2834,8.01;9.01,positive results;primary endpoint;statistically significant
0001701108,0001193125-22-044007,d334067d8k.htm,2022-02-16,"Spero Therapeutics, Inc.  (SPRO)  (CIK 0001701108)",2834,8.01;9.01,topline results
0001655759,0001193125-22-044926,d296665d8k.htm,2022-02-17,"ARVINAS, INC.  (ARVN)  (CIK 0001655759)",2834,7.01;8.01;9.01,interim data
0001076682,0001493152-22-005063,ex99-1.htm,2022-02-22,"POLARITYTE, INC.  (RGTPQ)  (CIK 0001076682)",2836,8.01;9.01,primary endpoint
0001509261,0001104659-22-025623,tm227153d1_8k.htm,2022-02-22,"Rezolute, Inc.  (RZLT)  (CIK 0001509261)",2834,7.01;9.01,topline results
0001468748,0000950170-22-001684,kod-20220223.htm,2022-02-23,Kodiak Sciences Inc.  (KOD)  (CIK 0001468748),2836,2.02;8.01,primary endpoint;top-line results
0001553643,0001213900-22-008783,ea156057-8k_relmada.htm,2022-02-23,"RELMADA THERAPEUTICS, INC.  (RLMD)  (CIK 0001553643)",2834,7.01;8.01;9.01,top-line results
0001472091,0001140361-22-006564,brhc10034389_ex99-1.htm,2022-02-24,PDS Biotechnology Corp  (PDSB)  (CIK 0001472091),2834,8.01;9.01,efficacy data
0001563880,0001564590-22-006498,trvi-8k_20220224.htm,2022-02-24,"Trevi Therapeutics, Inc.  (TRVI)  (CIK 0001563880)",2834,8.01,interim data;statistically significant
0001822791,0000950170-22-001856,clnn-ex99_1.htm,2022-02-24,"Clene Inc.  (CLNN, CLNNW)  (CIK 0001822791)",2834,7.01;9.01,interim data;primary endpoint;statistically significant;top-line data
0001398733,0001171843-22-001397,exh_991.htm,2022-02-25,"Aquestive Therapeutics, Inc.  (AQST)  (CIK 0001398733)",2834,8.01;9.01,topline data;topline results
0001788028,0001213900-22-009272,ea156175ex99-1_jasper.htm,2022-02-25,"Jasper Therapeutics, Inc.  (JSPR, JSPRW)  (CIK 0001788028)",2836,7.01;9.01,preliminary data
0001598646,0001193125-22-056251,d321129d8k.htm,2022-02-28,"Minerva Neurosciences, Inc.  (NERV)  (CIK 0001598646)",2834,8.01;9.01,results from the Phase
0001694665,0001694665-22-000035,evlo-20220228.htm,2022-02-28,"Evelo Biosciences, Inc.  (EVLO)  (CIK 0001694665)",2834,8.01,primary endpoint
0001398733,0001171843-22-001488,exh_991.htm,2022-03-01,"Aquestive Therapeutics, Inc.  (AQST)  (CIK 0001398733)",2834,8.01;9.01,topline data
0001411906,0001193125-22-063051,d111682dex991.htm,2022-03-02,"Ampio Pharmaceuticals, Inc.  (AMPE)  (CIK 0001411906)",2834,8.01;9.01,positive data;statistically significant
0001513818,0001437749-22-005086,ex_342433.htm,2022-03-03,"Aravive, Inc.  (CIK 0001513818)",2834,7.01;8.01;9.01,data from the Phase
0000882095,0001104659-22-030888,tm228518d1_8k.htm,2022-03-07,"GILEAD SCIENCES, INC.  (GILD)  (CIK 0000882095)",2836,7.01;9.01,results from the Phase
0001494650,0001494650-22-000013,a20220228reopen1results.htm,2022-03-07,"OptiNose, Inc.  (OPTN)  (CIK 0001494650)",2834,8.01;9.01,statistically significant;top-line results
0001012477,0001104659-22-032648,tm228962d1_8k.htm,2022-03-11,AVADEL PHARMACEUTICALS PLC  (AVDL)  (CIK 0001012477),2834,7.01;9.01,interim data
0000906709,0001213900-22-011983,ea156805-8k_nektarther.htm,2022-03-14,NEKTAR THERAPEUTICS  (NKTR)  (CIK 0000906709),2834,8.01;9.01,primary endpoint
0001370053,0001370053-22-000014,imsidolimabacnepr031422.htm,2022-03-14,"ANAPTYSBIO, INC  (ANAB)  (CIK 0001370053)",2834,7.01;9.01,primary endpoint;top-line data
0001822791,0000950170-22-003498,clnn-20220314.htm,2022-03-14,"Clene Inc.  (CLNN, CLNNW)  (CIK 0001822791)",2834,7.01;9.01,clinical data;data from the Phase
0001455365,0001104659-22-033722,tm229256d1_ex99-2.htm,2022-03-15,COGNITION THERAPEUTICS INC  (CGTX)  (CIK 0001455365),2836,7.01;9.01,statistically significant
0001492422,0001193125-22-077217,d223867d8k.htm,2022-03-16,"Apellis Pharmaceuticals, Inc.  (APLS)  (CIK 0001492422)",2834,8.01,primary endpoint
0001305253,0001193125-22-077862,d275684dex991.htm,2022-03-17,"Eiger BioPharmaceuticals, Inc.  (EIGRQ)  (CIK 0001305253)",2836,8.01;9.01,primary endpoint
0001430306,0001387131-22-003807,ex99-01.htm,2022-03-21,Tonix Pharmaceuticals Holding Corp.  (TNXP)  (CIK 0001430306),2834,7.01;8.01;9.01,positive results;primary endpoint;results from the Phase
0001434647,0001437749-22-006788,ex_349155.htm,2022-03-21,"KEMPHARM, INC  (ZVRA)  (CIK 0001434647)",2834,7.01;8.01;9.01,top-line data
0001574235,0001493152-22-007328,ex99-1.htm,2022-03-21,"Pulmatrix, Inc.  (PULM)  (CIK 0001574235)",2834,7.01;9.01,top-line data;top-line results;topline data
0001824293,0001824293-22-000019,ck00018242493-20220321.htm,2022-03-21,"Vallon Pharmaceuticals, Inc.  (GRI)  (CIK 0001824293)",2834,8.01;9.01,top-line results
0001831363,0000950170-22-004229,tern-20220321.htm,2022-03-21,"Terns Pharmaceuticals, Inc.  (TERN)  (CIK 0001831363)",2834,8.01;9.01,top-line results
0001711279,0001711279-22-000010,jeunekb301efficacypressrel.htm,2022-03-22,"Krystal Biotech, Inc.  (KRYS)  (CIK 0001711279)",2836,7.01;9.01,efficacy data
0001509261,0001104659-22-037014,tm2210173d1_8k.htm,2022-03-23,"Rezolute, Inc.  (RZLT)  (CIK 0001509261)",2834,7.01;9.01,positive results
0001740279,0001193125-22-085974,d262798dex991.htm,2022-03-28,"IN8BIO, INC.  (INAB)  (CIK 0001740279)",2836,8.01;9.01,clinical data;preliminary data
0001737953,0001104659-22-039668,tm2210780d1_ex99-1.htm,2022-03-30,"Replimune Group, Inc.  (REPL)  (CIK 0001737953)",2836,8.01;9.01,clinical data;data from the Phase;efficacy data;initial data
0001832038,0001193125-22-088649,d332863dex991.htm,2022-03-30,"Adagio Therapeutics, Inc.  (IVVD)  (CIK 0001832038)",2836,2.02;9.01,efficacy data;interim data;preliminary data;statistically significant
0001006281,0001558370-22-005043,plx-20220404x8k.htm,2022-04-04,"Protalix BioTherapeutics, Inc.  (PLX)  (CIK 0001006281)",2836,8.01;9.01,topline results
0001061983,0001171843-22-002319,f8k_040422.htm,2022-04-04,CYTOKINETICS INC  (CYTK)  (CIK 0001061983),2834,8.01,positive results;statistically significant
0001061983,0001171843-22-002320,f8k_040422.htm,2022-04-04,CYTOKINETICS INC  (CYTK)  (CIK 0001061983),2834,8.01,positive results;statistically significant
0001169245,0001169245-22-000033,ex991bentracimabphase2bfin.htm,2022-04-04,PhaseBio Pharmaceuticals Inc  (PHASQ)  (CIK 0001169245),2834,7.01;8.01;9.01,data from the Phase;efficacy data;positive data;positive results;results from the Phase;topline results
0001410939,0001410939-22-000042,isee-20220404.htm,2022-04-04,"IVERIC bio, Inc.  (CIK 0001410939)",2834,8.01,topline data
0001583107,0001104659-22-042207,tm227428d2_ex99-1.htm,2022-04-04,"Theravance Biopharma, Inc.  (TBPH)  (CIK 0001583107)",2834,8.01;9.01,primary endpoint;statistically significant
0001631574,0001193125-22-094408,d345845dex991.htm,2022-04-04,Wave Life Sciences Ltd.  (WVE)  (CIK 0001631574),2834,7.01;8.01;9.01,clinical data;initial data
0001693011,0000950170-22-005303,inzy-20220404.htm,2022-04-04,"Inozyme Pharma, Inc.  (INZY)  (CIK 0001693011)",2834,7.01;8.01;9.01,positive results;preliminary data;topline data
0000764195,0001493152-22-009114,ex99-1.htm,2022-04-05,VBI Vaccines Inc/BC  (VBIVQ)  (CIK 0000764195),2834,7.01;9.01,clinical data
0001822791,0000950170-22-005369,clnn-20220405.htm,2022-04-05,"Clene Inc.  (CLNN, CLNNW)  (CIK 0001822791)",2834,7.01;9.01,interim data
0001506251,0001213900-22-018307,ea157980-8k_citius.htm,2022-04-06,"Citius Pharmaceuticals, Inc.  (CTXR)  (CIK 0001506251)",2834,8.01;9.01,topline results
0001566044,0001104659-22-043670,tm228420d7_8k.htm,2022-04-07,VYNE Therapeutics Inc.  (VYNE)  (CIK 0001566044),2834,4.01;8.01;9.01,efficacy data
0001674365,0001104659-22-043425,tm2212134d1_ex99-1.htm,2022-04-07,Aptinyx Inc.  (CIK 0001674365),2834,8.01;9.01,positive results;primary endpoint;statistically significant
0001701108,0001193125-22-097712,d334360dex991.htm,2022-04-07,"Spero Therapeutics, Inc.  (SPRO)  (CIK 0001701108)",2834,8.01;9.01,clinical data;data from the Phase;results from the Phase;topline data
0001213037,0001628280-22-008804,a991ex040822.htm,2022-04-08,"Cardiff Oncology, Inc.  (CRDF)  (CIK 0001213037)",2836,7.01;9.01,clinical data
0001597264,0001104659-22-044050,tm2212230d1_ex99-1.htm,2022-04-08,Blueprint Medicines Corp  (BPMC)  (CIK 0001597264),2834,7.01;8.01;9.01,initial data
0001662579,0001564590-22-013950,cccc-8k_20220408.htm,2022-04-08,"C4 Therapeutics, Inc.  (CCCC)  (CIK 0001662579)",2836,8.01;9.01,clinical data
0001709401,0001104659-22-044293,tm2212302d1_8k.htm,2022-04-08,"Rubius Therapeutics, Inc.  (CIK 0001709401)",2836,7.01;8.01;9.01,clinical data;data from the Phase;results from the Phase
0001725160,0001725160-22-000076,zntl-20220411.htm,2022-04-11,"Zentalis Pharmaceuticals, Inc.  (ZNTL)  (CIK 0001725160)",2834,7.01;8.01;9.01,interim data
0001636282,0001564590-22-014159,agle-8k_20220412.htm,2022-04-12,"Aeglea BioTherapeutics, Inc.  (SYRE)  (CIK 0001636282)",2834,7.01;8.01;9.01,efficacy data;primary endpoint;statistically significant
0001651308,0001651308-22-000050,a8-kx12apr2022xex992xalpine.htm,2022-04-12,"BeiGene, Ltd.  (BGNE, BEIGF)  (CIK 0001651308)",2834,8.01;9.01,data from the Phase;primary endpoint;results from the Phase;topline data
0001761612,0001104659-22-045069,tm2212299d1_8k.htm,2022-04-12,BICYCLE THERAPEUTICS plc  (BCYC)  (CIK 0001761612),2834,8.01;9.01,results from the Phase
0001595893,0000950170-22-005632,tptx-20220413.htm,2022-04-13,"Turning Point Therapeutics, Inc.  (CIK 0001595893)",2834,8.01;9.01,topline results
0001690585,0001193125-22-105004,d343288dex991.htm,2022-04-14,"Magenta Therapeutics, Inc.  (DNTH)  (CIK 0001690585)",2834,7.01;9.01,clinical data
0001001316,0001558370-22-005537,tgtx-20220415xex99d1.htm,2022-04-18,"TG THERAPEUTICS, INC.  (TGTX)  (CIK 0001001316)",2834,8.01;9.01,primary endpoint;statistically significant
0000946486,0001437749-22-009283,ex_360567.htm,2022-04-20,"WINDTREE THERAPEUTICS INC /DE/  (WINT, WINTW)  (CIK 0000946486)",2836,8.01;9.01,primary endpoint;topline results
0001429560,0001104659-22-047588,tm2213126d1_ex99-1.htm,2022-04-20,TREVENA INC  (TRVN)  (CIK 0001429560),2834,7.01;9.01,primary endpoint;statistically significant
0001430306,0001387131-22-004960,ex99-01.htm,2022-04-20,Tonix Pharmaceuticals Holding Corp.  (TNXP)  (CIK 0001430306),2834,7.01;8.01;9.01,clinical data
0001493566,0001193125-22-110276,d279926dex991.htm,2022-04-20,"OTONOMY, INC.  (CIK 0001493566)",2834,8.01;9.01,clinical data;positive results;results from the Phase;top-line results
0001768224,0001193805-22-000672,e621578_8k-arct.htm,2022-04-20,Arcturus Therapeutics Holdings Inc.  (ARCT)  (CIK 0001768224),2834,1.01;1.02;8.01;9.01,clinical data;data from the Phase;topline data
0001728117,0001728117-22-000035,goss-20210425x8k.htm,2022-04-25,"Gossamer Bio, Inc.  (GOSS)  (CIK 0001728117)",2834,2.02;8.01,primary endpoint;statistically significant;topline results
0001746466,0001193125-22-116380,d626055d8k.htm,2022-04-25,"Equillium, Inc.  (EQ)  (CIK 0001746466)",2834,8.01,clinical data
0001768446,0001193125-22-117771,d323171d8k.htm,2022-04-25,"Eliem Therapeutics, Inc.  (ELYM)  (CIK 0001768446)",2834,8.01,primary endpoint;results from the Phase;statistically significant;topline data
0001787400,0001193125-22-116353,d219241d8k.htm,2022-04-25,"Nkarta, Inc.  (NKTX)  (CIK 0001787400)",2834,7.01;8.01;9.01,interim data;preliminary data
0001801777,0001193125-22-116374,d619955d8k.htm,2022-04-25,Applied Molecular Transport Inc.  (CIK 0001801777),2834,8.01;9.01,top-line results
0001279704,0001104659-22-050395,tm229914d1_ex99-1.htm,2022-04-26,"Cellectar Biosciences, Inc.  (CLRB)  (CIK 0001279704)",2834,7.01;9.01,primary endpoint
0001377121,0001104659-22-049856,tm2213399d1_8k.htm,2022-04-26,"Protagonist Therapeutics, Inc  (PTGX)  (CIK 0001377121)",2834,7.01;9.01,topline data
0001370053,0001370053-22-000019,prbtla4-27x22final.htm,2022-04-27,"ANAPTYSBIO, INC  (ANAB)  (CIK 0001370053)",2834,7.01;9.01,data from the Phase;top-line data
0001385508,0001385508-22-000047,opnt-20220427.htm,2022-04-27,"OPIANT PHARMACEUTICALS, INC.  (CIK 0001385508)",2834,8.01,top-line results
0001788028,0001213900-22-021894,ea158948-8k_jasperthera.htm,2022-04-27,"Jasper Therapeutics, Inc.  (JSPR, JSPRW)  (CIK 0001788028)",2836,7.01;9.01,preliminary data
0001228627,0001140361-22-016342,brhc10036869_ex99-1.htm,2022-04-28,"Ocuphire Pharma, Inc.  (OCUP)  (CIK 0001228627)",2834,8.01;9.01,clinical data;positive data;positive results;primary endpoint;top-line data
0001651308,0001651308-22-000058,a8-kx28apr2022xex992x306pr.htm,2022-04-28,"BeiGene, Ltd.  (BGNE, BEIGF)  (CIK 0001651308)",2834,2.02;8.01;9.01,primary endpoint;statistically significant
0001604191,0001140361-22-017051,brhc10036952_8k.htm,2022-04-29,"First Wave BioPharma, Inc.  (ENTO)  (CIK 0001604191)",2834,5.02;8.01;9.01,topline results
0001690080,0001213900-22-022828,ea159144ex99-1_180life.htm,2022-05-02,"180 Life Sciences Corp.  (ATNF, ATNFW)  (CIK 0001690080)",2834,7.01;9.01,positive data;positive results;primary endpoint
0001819790,0001193125-22-135307,d232851d8k.htm,2022-05-02,"Tarsus Pharmaceuticals, Inc.  (TARS)  (CIK 0001819790)",2836,8.01;9.01,positive results
0001645666,0000950170-22-007058,kzr-20220503.htm,2022-05-03,"Kezar Life Sciences, Inc.  (KZR)  (CIK 0001645666)",2834,2.02;8.01;9.01,topline data
0001738021,0001171843-22-003159,exh_991.htm,2022-05-04,"Compass Therapeutics, Inc.  (CMPX)  (CIK 0001738021)",2836,7.01;9.01,clinical data;initial data;positive data;primary endpoint
0001689548,0001689548-22-000037,a944-221partbtopline_irs.htm,2022-05-09,"Praxis Precision Medicines, Inc.  (PRAX)  (CIK 0001689548)",2834,2.02;7.01;8.01;9.01,topline results
0001746466,0001193125-22-144343,d284647d8k.htm,2022-05-09,"Equillium, Inc.  (EQ)  (CIK 0001746466)",2834,8.01,clinical data
0000894158,0001104659-22-058009,tm2215025d1_8k.htm,2022-05-10,"Synthetic Biologics, Inc.  (TOVX)  (CIK 0000894158)",2834,7.01;8.01;9.01,preliminary data
0000876343,0001493152-22-012893,ex99-1.htm,2022-05-12,"Lineage Cell Therapeutics, Inc.  (LCTX)  (CIK 0000876343)",2836,7.01;8.01;9.01,primary endpoint
0001535955,0001493152-22-012932,ex99-1.htm,2022-05-12,Lipocine Inc.  (LPCN)  (CIK 0001535955),2834,8.01;9.01,topline results
0001619856,0000950170-22-009499,crbu-20220512.htm,2022-05-12,"Caribou Biosciences, Inc.  (CRBU)  (CIK 0001619856)",2836,7.01;8.01;9.01,clinical data;initial data;interim data;preliminary data;topline data
0001674416,0000950170-22-009648,crsp-20220512.htm,2022-05-12,CRISPR Therapeutics AG  (CRSP)  (CIK 0001674416),2836,7.01;8.01;9.01,efficacy data
0001824293,0001824293-22-000036,vlon-pressreleasexsecondar.htm,2022-05-12,"Vallon Pharmaceuticals, Inc.  (GRI)  (CIK 0001824293)",2834,8.01;9.01,primary endpoint;statistically significant;topline results
0001273636,0001193125-22-151733,d358441d8k.htm,2022-05-16,APPLIED GENETIC TECHNOLOGIES CORP  (CIK 0001273636),2836,7.01;9.01,interim data
0001739614,0001739614-22-000057,ex992inbrx-101datapr.htm,2022-05-16,"Inhibrx, Inc.  (CIK 0001739614)",2836,7.01;8.01;9.01,preliminary data;results from the Phase;topline data;topline results
0000861838,0001104659-22-061797,tm2215731d1_8k.htm,2022-05-17,"IDERA PHARMACEUTICALS, INC.  (CIK 0000861838)",2836,7.01;9.01,positive results
0001681087,0001193125-22-152426,d312223d8k.htm,2022-05-17,"AVROBIO, Inc.  (TECX)  (CIK 0001681087)",2836,7.01;9.01,interim data;positive data
0001825413,0001213900-22-027639,ea160174ex99-1_biotech.htm,2022-05-17,Biotech Acquisition Co  (CIK 0001825413),2834,7.01;9.01,positive results
0001341235,0001157523-22-000653,a52723024.htm,2022-05-18,"Aldeyra Therapeutics, Inc.  (ALDX)  (CIK 0001341235)",2834,8.01;9.01,primary endpoint
0001444192,0000950170-22-010232,acst-20220518.htm,2022-05-18,Acasti Pharma Inc.  (ACST)  (CIK 0001444192),2834,7.01;8.01;9.01,top-line results
0001579428,0000950170-22-010230,axsm-ex99_1.htm,2022-05-18,"Axsome Therapeutics, Inc.  (AXSM)  (CIK 0001579428)",2834,8.01,primary endpoint;statistically significant
0001664710,0001664710-22-000025,exhibit991012pr.htm,2022-05-18,"Keros Therapeutics, Inc.  (KROS)  (CIK 0001664710)",2834,8.01;9.01,topline results
0001787297,0001558370-22-009142,pasg-20220518xex99d1.htm,2022-05-18,"Passage BIO, Inc.  (PASG)  (CIK 0001787297)",2836,7.01;8.01;9.01,clinical data;interim data;positive results
0001789769,0001789769-22-000039,a2022-05x18prasgct.htm,2022-05-18,"Instil Bio, Inc.  (TIL)  (CIK 0001789769)",2836,8.01;9.01,top-line data
0001435049,0001193125-22-156144,d344697d8k.htm,2022-05-20,"CHINOOK THERAPEUTICS, INC.  (CIK 0001435049)",2834,7.01;8.01;9.01,data from the Phase
0001711279,0001711279-22-000020,sid2022_gem3safetyeposte.htm,2022-05-20,"Krystal Biotech, Inc.  (KRYS)  (CIK 0001711279)",2836,7.01;9.01,primary endpoint;statistically significant
0000034956,0001654954-22-007369,tenx_ex991.htm,2022-05-23,"TENAX THERAPEUTICS, INC.  (TENX)  (CIK 0000034956)",2834,8.01;9.01,results from the Phase
0000906709,0001213900-22-028761,ea160440-8k_nektarthera.htm,2022-05-23,NEKTAR THERAPEUTICS  (NKTR)  (CIK 0000906709),2834,8.01,clinical data;efficacy data;interim data
0000946486,0001437749-22-013307,ex_378992.htm,2022-05-23,"WINDTREE THERAPEUTICS INC /DE/  (WINT, WINTW)  (CIK 0000946486)",2836,8.01;9.01,positive results;primary endpoint;statistically significant
0001060736,0001193125-22-156858,d350956d8k.htm,2022-05-23,Seagen Inc.  (CIK 0001060736),2836,8.01;9.01,topline results
0001061983,0001171843-22-003880,f8k_052322.htm,2022-05-23,CYTOKINETICS INC  (CYTK)  (CIK 0001061983),2834,8.01,positive data;positive results;primary endpoint;statistically significant
0001635088,0001193125-22-158029,d351930dex991.htm,2022-05-24,Roivant Sciences Ltd.  (ROIV)  (CIK 0001635088),2834,2.02;7.01;9.01,data from the Phase;statistically significant;topline results
0001658247,0000950170-22-010602,crnx-20220525.htm,2022-05-25,"Crinetics Pharmaceuticals, Inc.  (CRNX)  (CIK 0001658247)",2834,7.01;8.01;9.01,clinical data;top-line data
0001006281,0001558370-22-009406,plx-20220526xex99d1.htm,2022-05-26,"Protalix BioTherapeutics, Inc.  (PLX)  (CIK 0001006281)",2836,7.01;9.01,results from the Phase
0001260990,0000950170-22-010797,onct-20220526.htm,2022-05-26,"Oncternal Therapeutics, Inc.  (ONCT)  (CIK 0001260990)",2834,8.01,clinical data;efficacy data;interim data
0001403752,0001193125-22-161173,d322285d8k.htm,2022-05-26,Zymeworks Inc.  (CIK 0001403752),2834,8.01;9.01,clinical data
0001425205,0001104659-22-065357,tm2217040d1_8k.htm,2022-05-26,"IOVANCE BIOTHERAPEUTICS, INC.  (IOVA)  (CIK 0001425205)",2836,8.01;9.01,clinical data
0001472091,0001140361-22-020836,brhc10038208_8k.htm,2022-05-26,PDS Biotechnology Corp  (PDSB)  (CIK 0001472091),2834,8.01;9.01,preliminary data
0001513818,0001437749-22-013688,ex_380559.htm,2022-05-26,"Aravive, Inc.  (CIK 0001513818)",2834,7.01;8.01;9.01,clinical data
0001544227,0001193125-22-161149,d290066d8k.htm,2022-05-26,"Tempest Therapeutics, Inc.  (TPST)  (CIK 0001544227)",2834,8.01;9.01,clinical data
0001549595,0001193125-22-160275,d349746dex992.htm,2022-05-26,"Nurix Therapeutics, Inc.  (NRIX)  (CIK 0001549595)",2834,8.01;9.01,efficacy data;positive data
0001576263,0001628280-22-015490,exhibit991-asco.htm,2022-05-26,"Mirati Therapeutics, Inc.  (CIK 0001576263)",2834,8.01;9.01,clinical data;positive results;results from the Phase
0001699382,0001564590-22-021434,pmvp-8k_20220526.htm,2022-05-26,"PMV Pharmaceuticals, Inc.  (PMVP)  (CIK 0001699382)",2834,7.01;9.01,efficacy data
0001720580,0000950170-22-010791,acet-20220526.htm,2022-05-26,"Adicet Bio, Inc.  (ACET)  (CIK 0001720580)",2834,7.01;8.01;9.01,clinical data;efficacy data;positive results
0001722964,0001104659-22-065261,tm2217019d1_ex99-1.htm,2022-05-26,"Y-mAbs Therapeutics, Inc.  (YMAB)  (CIK 0001722964)",2834,8.01;9.01,primary endpoint
0001828522,0001193125-22-161179,d280172d8k.htm,2022-05-26,"eFFECTOR Therapeutics, Inc.  (EFTR, EFTRW)  (CIK 0001828522)",2834,8.01,interim data
0001651308,0001651308-22-000075,ax26may2022xex991xascodata.htm,2022-05-27,"BeiGene, Ltd.  (BGNE, BEIGF)  (CIK 0001651308)",2834,8.01;9.01,clinical data;data from the Phase;primary endpoint;results from the Phase;statistically significant
0001783032,0001558370-22-009428,elev-20220526xex99d1.htm,2022-05-27,"Elevation Oncology, Inc.  (ELEV)  (CIK 0001783032)",2836,7.01;9.01,efficacy data;initial data;interim data;topline data
0001841387,0000950170-22-010798,cadl-20220526.htm,2022-05-27,"Candel Therapeutics, Inc.  (CADL)  (CIK 0001841387)",2836,8.01;9.01,initial data
0001404281,0000950170-22-010890,eldn-20220531.htm,2022-05-31,"Eledon Pharmaceuticals, Inc.  (ELDN)  (CIK 0001404281)",2834,7.01;8.01;9.01,clinical data;topline data;topline results
0001579428,0000950170-22-010892,axsm-ex99_1.htm,2022-05-31,"Axsome Therapeutics, Inc.  (AXSM)  (CIK 0001579428)",2834,8.01,primary endpoint;statistically significant
0001719406,0000950142-22-001784,eh220256851_ex9901.htm,2022-05-31,"NRX Pharmaceuticals, Inc.  (NRXP, NRXPW)  (CIK 0001719406)",2834,8.01;9.01,primary endpoint
0001579428,0000950170-22-010980,axsm-20220601.htm,2022-06-01,"Axsome Therapeutics, Inc.  (AXSM)  (CIK 0001579428)",2834,8.01,positive results
0001597553,0001193125-22-164576,d280650dex991.htm,2022-06-01,"Sage Therapeutics, Inc.  (SAGE)  (CIK 0001597553)",2834,8.01;9.01,positive results;primary endpoint;statistically significant
0001621443,0001104659-22-066868,tm2217402d1_ex99-1.htm,2022-06-01,"Zynerba Pharmaceuticals, Inc.  (CIK 0001621443)",2834,8.01;9.01,positive results;primary endpoint
0001626199,0001626199-22-000048,alpn-20220601.htm,2022-06-01,"ALPINE IMMUNE SCIENCES, INC.  (CIK 0001626199)",2834,8.01,clinical data
0001822791,0000950170-22-010981,clnn-ex99_1.htm,2022-06-01,"Clene Inc.  (CLNN, CLNNW)  (CIK 0001822791)",2834,7.01;9.01,interim data
0000882361,0001171843-22-004103,exh_991.htm,2022-06-02,Aptose Biosciences Inc.  (APTO)  (CIK 0000882361),2836,7.01;9.01,clinical data
0001280776,0001193805-22-000895,e621719_ex99-1.htm,2022-06-02,"IMMUNIC, INC.  (IMUX)  (CIK 0001280776)",2834,8.01;9.01,clinical data;primary endpoint;top-line data
0001368148,0001368148-22-000060,ex991-20220602.htm,2022-06-02,"ATHERSYS, INC / NEW  (ATHXQ)  (CIK 0001368148)",2834,2.05;5.02;8.01;9.01,positive results;preliminary data;primary endpoint;topline data;topline results
0001579428,0000950170-22-011048,axsm-ex99_1.htm,2022-06-02,"Axsome Therapeutics, Inc.  (AXSM)  (CIK 0001579428)",2834,8.01;9.01,primary endpoint;statistically significant
0001270073,0001104659-22-067864,tm2217654d1_ex99-1.htm,2022-06-03,"INTERCEPT PHARMACEUTICALS, INC.  (CIK 0001270073)",2834,7.01;9.01,primary endpoint;statistically significant
0000882361,0001171843-22-004164,exh_991.htm,2022-06-06,Aptose Biosciences Inc.  (APTO)  (CIK 0000882361),2836,7.01;9.01,clinical data
0001576263,0001193125-22-167931,d288634dex991.htm,2022-06-06,"Mirati Therapeutics, Inc.  (CIK 0001576263)",2834,8.01;9.01,clinical data;positive data
0001689548,0001689548-22-000072,prax-20220606.htm,2022-06-06,"Praxis Precision Medicines, Inc.  (PRAX)  (CIK 0001689548)",2834,8.01,primary endpoint
0001720580,0000950170-22-011219,acet-20220606.htm,2022-06-06,"Adicet Bio, Inc.  (ACET)  (CIK 0001720580)",2834,7.01;8.01;9.01,clinical data;efficacy data;interim data;positive results
0001760542,0001104659-22-068301,tm2217741d1_8k.htm,2022-06-06,HOOKIPA Pharma Inc.  (HOOK)  (CIK 0001760542),2834,7.01;8.01;9.01,data from the Phase;efficacy data
0001828522,0001193125-22-167809,d273045d8k.htm,2022-06-06,"eFFECTOR Therapeutics, Inc.  (EFTR, EFTRW)  (CIK 0001828522)",2834,8.01,interim data;topline data
0001841387,0001193125-22-167954,d359680d8k.htm,2022-06-06,"Candel Therapeutics, Inc.  (CADL)  (CIK 0001841387)",2836,7.01;9.01,initial data
0001528115,0001193125-22-169265,d306458dex991.htm,2022-06-07,"Annexon, Inc.  (ANNX)  (CIK 0001528115)",2834,8.01;9.01,clinical data;efficacy data
0001613780,0001193125-22-169395,d286083d8k.htm,2022-06-07,DBV Technologies S.A.  (DBVT)  (CIK 0001613780),2836,8.01;9.01,topline results
0001034842,0001104659-22-069317,tm2217976d1_8k.htm,2022-06-08,RIGEL PHARMACEUTICALS INC  (RIGL)  (CIK 0001034842),2834,8.01;9.01,top-line results
0001357874,0001564590-22-022723,dtil-8k_20220608.htm,2022-06-08,PRECISION BIOSCIENCES INC  (DTIL)  (CIK 0001357874),2836,2.02;7.01;8.01;9.01,interim data
0001699382,0001193125-22-169686,d274688dex991.htm,2022-06-08,"PMV Pharmaceuticals, Inc.  (PMVP)  (CIK 0001699382)",2834,7.01;9.01,efficacy data
0001671584,0001564590-22-022813,apvo-ex991_15.htm,2022-06-09,Aptevo Therapeutics Inc.  (APVO)  (CIK 0001671584),2834,8.01;9.01,preliminary data
0001787306,0001628280-22-016698,arqt-20220606.htm,2022-06-09,"Arcutis Biotherapeutics, Inc.  (ARQT)  (CIK 0001787306)",2834,8.01;9.01,primary endpoint;statistically significant;topline results
0001619856,0000950170-22-011433,crbu-20220610.htm,2022-06-10,"Caribou Biosciences, Inc.  (CRBU)  (CIK 0001619856)",2836,7.01;8.01;9.01,clinical data;initial data;interim data;preliminary data;topline data
0001622229,0001193125-22-171489,d330856d8k.htm,2022-06-10,"Cogent Biosciences, Inc.  (COGT)  (CIK 0001622229)",2834,5.07;8.01;9.01,initial data
0001623715,0001193125-22-171424,d300771d8k.htm,2022-06-10,"Imago BioSciences, Inc.  (CIK 0001623715)",2834,7.01;9.01,positive data
0001629137,0001171843-22-004285,exh_991.htm,2022-06-10,"Global Blood Therapeutics, Inc.  (CIK 0001629137)",2834,8.01;9.01,clinical data;positive results;statistically significant
0001680581,0001193125-22-171957,d369471d8k.htm,2022-06-10,"Fulcrum Therapeutics, Inc.  (FULC)  (CIK 0001680581)",2834,8.01,initial data;positive results
0001755237,0000950170-22-011430,cycn-20220610.htm,2022-06-10,"Cyclerion Therapeutics, Inc.  (CYCN)  (CIK 0001755237)",2834,7.01;9.01,topline data
0001061983,0001171843-22-004315,f8k_061322.htm,2022-06-13,CYTOKINETICS INC  (CYTK)  (CIK 0001061983),2834,8.01,positive results;statistically significant
0001494650,0001494650-22-000075,a20220613reopen2resultsf.htm,2022-06-13,"OptiNose, Inc.  (OPTN)  (CIK 0001494650)",2834,8.01;9.01,primary endpoint;statistically significant;top-line results
0001674416,0000950170-22-011518,crsp-20220611.htm,2022-06-13,CRISPR Therapeutics AG  (CRSP)  (CIK 0001674416),2836,7.01;8.01;9.01,clinical data
0001845337,0001193125-22-172383,d256510d8k.htm,2022-06-13,"Day One Biopharmaceuticals, Inc.  (DAWN)  (CIK 0001845337)",2834,8.01;9.01,interim data
0001651308,0001651308-22-000083,ax14jun2022xex991xehadatar.htm,2022-06-14,"BeiGene, Ltd.  (BGNE, BEIGF)  (CIK 0001651308)",2834,8.01;9.01,clinical data;preliminary data;primary endpoint;results from the Phase;statistically significant
0001466301,0001193125-22-175557,d320447d8k.htm,2022-06-16,"Clovis Oncology, Inc.  (CIK 0001466301)",2834,8.01,clinical data;interim data;primary endpoint;results from the Phase
0001651407,0001104659-22-071651,tm2218571d1_ex99-1.htm,2022-06-16,"Checkpoint Therapeutics, Inc.  (CKPT)  (CIK 0001651407)",2834,8.01;9.01,data from the Phase;interim data;positive results;primary endpoint;results from the Phase;top-line data;topline data;topline results
0001727196,0001104659-22-072136,tm2218780d1_8k.htm,2022-06-17,Scholar Rock Holding Corp  (SRRK)  (CIK 0001727196),2836,1.02;7.01;8.01;9.01,data from the Phase;topline results
0000874015,0001140361-22-023541,brhc10038943_ex99-1.htm,2022-06-21,IONIS PHARMACEUTICALS INC  (IONS)  (CIK 0000874015),2834,8.01;9.01,primary endpoint;statistically significant;topline results
0001070081,0001558370-22-010112,tmb-20220621x8k.htm,2022-06-21,"PTC THERAPEUTICS, INC.  (PTCT)  (CIK 0001070081)",2834,7.01;9.01,top-line results
0001551986,0001551986-22-000046,ex-991pressreleasedated621.htm,2022-06-21,"9 METERS BIOPHARMA, INC.  (NMTRQ)  (CIK 0001551986)",2834,7.01;9.01,statistically significant
0001501796,0001193125-22-178857,d292968d8k.htm,2022-06-22,"Aura Biosciences, Inc.  (AURA)  (CIK 0001501796)",2836,7.01;9.01,topline data
0001620463,0000950170-22-011935,atha-20220622.htm,2022-06-22,"Athira Pharma, Inc.  (ATHA)  (CIK 0001620463)",2836,7.01;8.01;9.01,topline results
0001621443,0001104659-22-073183,tm2219042d1_8k.htm,2022-06-22,"Zynerba Pharmaceuticals, Inc.  (CIK 0001621443)",2834,8.01;9.01,top-line results
0001447028,0001171843-22-004546,exh_991.htm,2022-06-27,Arbutus Biopharma Corp  (ABUS)  (CIK 0001447028),2834,8.01;9.01,clinical data;preliminary data
0001633932,0001279569-22-001053,ex991.htm,2022-06-27,ESSA Pharma Inc.  (EPIX)  (CIK 0001633932),2834,8.01,clinical data;initial data;positive results;preliminary data;results from the Phase
0001812364,0000950170-22-012133,rlay-20220627.htm,2022-06-27,"Relay Therapeutics, Inc.  (RLAY)  (CIK 0001812364)",2836,7.01;8.01;9.01,clinical data;initial data
0000764195,0001493152-22-017916,ex99-1.htm,2022-06-28,VBI Vaccines Inc/BC  (VBIVQ)  (CIK 0000764195),2834,7.01;9.01,clinical data
0001656536,0001193125-22-183295,d368623d8k.htm,2022-06-28,"Decibel Therapeutics, Inc.  (CIK 0001656536)",2834,8.01,interim data;top-line results
0001785173,0001193125-22-183909,d362352d8k.htm,2022-06-28,"89bio, Inc.  (ETNB)  (CIK 0001785173)",2834,8.01;9.01,initial data
0001786255,0001193125-22-183927,d326602d8k.htm,2022-06-28,"Icosavax, Inc.  (CIK 0001786255)",2836,8.01;9.01,interim data;topline results
0001420565,0001193125-22-184488,d314855d8k.htm,2022-06-29,AILERON THERAPEUTICS INC  (ALRN)  (CIK 0001420565),2834,8.01,interim data;primary endpoint
0001563880,0001564590-22-024605,trvi-8k_20220629.htm,2022-06-29,"Trevi Therapeutics, Inc.  (TRVI)  (CIK 0001563880)",2834,8.01,positive results;primary endpoint;statistically significant
0001828185,0001104659-22-075345,tm2219878d1_8k.htm,2022-06-29,Vaccitech plc  (BRNS)  (CIK 0001828185),2834,7.01;8.01;9.01,efficacy data
0001851194,0001193125-22-184463,d375123dex991.htm,2022-06-29,"Ventyx Biosciences, Inc.  (VTYX)  (CIK 0001851194)",2834,7.01;9.01,data from the Phase;positive data
0001062822,0001062822-22-000030,lxrx-20220629.htm,2022-06-30,"LEXICON PHARMACEUTICALS, INC.  (LXRX)  (CIK 0001062822)",2834,8.01,primary endpoint;statistically significant;top-line results
0001346830,0001104659-22-076024,tm2220076d1_8k.htm,2022-06-30,"Cara Therapeutics, Inc.  (CARA)  (CIK 0001346830)",2834,7.01;8.01;9.01,primary endpoint;topline results
0001651308,0001651308-22-000118,ax30jun2022xex991xesmotisle.htm,2022-06-30,"BeiGene, Ltd.  (BGNE, BEIGF)  (CIK 0001651308)",2834,8.01;9.01,primary endpoint;statistically significant
0001659352,0001193125-22-185512,d265935d8k.htm,2022-06-30,"Codiak BioSciences, Inc.  (CIK 0001659352)",2836,7.01;9.01,clinical data;data from the Phase
0001797336,0001193125-22-187999,d350087d8k.htm,2022-07-05,"Ayala Pharmaceuticals, Inc.  (CIK 0001797336)",2836,8.01,interim data
0001815974,0001493152-22-018455,ex99-2.htm,2022-07-05,"Anebulo Pharmaceuticals, Inc.  (ANEB)  (CIK 0001815974)",2834,7.01;9.01,primary endpoint;statistically significant;topline data
0001801777,0001193125-22-188270,d371346dex991.htm,2022-07-06,Applied Molecular Transport Inc.  (CIK 0001801777),2834,8.01;9.01,top-line results
0001270073,0001104659-22-077892,tm2220596d1_ex99-1.htm,2022-07-07,"INTERCEPT PHARMACEUTICALS, INC.  (CIK 0001270073)",2834,7.01;9.01,positive data;primary endpoint;statistically significant;topline results
0001494650,0001494650-22-000089,pressrelease8-k782022.htm,2022-07-08,"OptiNose, Inc.  (OPTN)  (CIK 0001494650)",2834,8.01;9.01,positive results;statistically significant;top-line results
0000874015,0001140361-22-025669,brhc10039557_ex99-1.htm,2022-07-11,IONIS PHARMACEUTICALS INC  (IONS)  (CIK 0000874015),2834,1.01;9.01,data from the Phase;positive data;primary endpoint
0001398733,0001628280-22-018777,a5677850_releasexpreview.htm,2022-07-11,"Aquestive Therapeutics, Inc.  (AQST)  (CIK 0001398733)",2834,8.01;9.01,positive data;positive results;topline results
0001746473,0001193125-22-190873,d356984d8k.htm,2022-07-11,"PLIANT THERAPEUTICS, INC.  (PLRX)  (CIK 0001746473)",2834,8.01;9.01,efficacy data;positive data
0001604950,0001193125-22-191747,d376227dex991.htm,2022-07-12,scPharmaceuticals Inc.  (SCPH)  (CIK 0001604950),2834,8.01;9.01,clinical data;positive results;primary endpoint
0001158780,0001213900-22-039009,ea162806-8k_pluristem.htm,2022-07-13,PLURISTEM THERAPEUTICS INC  (PLUR)  (CIK 0001158780),2836,8.01,primary endpoint;topline results
0001293310,0001214659-22-008799,ex99_1.htm,2022-07-13,"HUMANIGEN, INC  (CIK 0001293310)",2834,8.01;9.01,positive results;primary endpoint;topline data;topline results
0001494650,0001494650-22-000091,optn-20220713.htm,2022-07-13,"OptiNose, Inc.  (OPTN)  (CIK 0001494650)",2834,8.01;9.01,statistically significant
0000908259,0001493152-22-019381,ex99-2.htm,2022-07-15,"Oncotelic Therapeutics, Inc.  (OTLC)  (CIK 0000908259)",2834,7.01;9.01,clinical data;efficacy data;top-line data
0001515673,0000950170-22-012761,rare-20220715.htm,2022-07-18,Ultragenyx Pharmaceutical Inc.  (RARE)  (CIK 0001515673),2834,1.01;2.01;7.01;8.01;9.01,interim data
0001693011,0000950170-22-012804,inzy-20220719.htm,2022-07-19,"Inozyme Pharma, Inc.  (INZY)  (CIK 0001693011)",2834,7.01;8.01;9.01,positive results;preliminary data;topline data
0001426800,0001564590-22-026043,asmb-8k_20220719.htm,2022-07-20,"ASSEMBLY BIOSCIENCES, INC.  (ASMB)  (CIK 0001426800)",2834,2.05;5.02;7.01;9.01,efficacy data
0001513525,0001213900-22-040399,ea163085-8k_adialpharma.htm,2022-07-20,"ADIAL PHARMACEUTICALS, INC.  (ADIL)  (CIK 0001513525)",2834,7.01;8.01;9.01,statistically significant;topline results
0001411685,0001851734-22-000390,ex_398345.htm,2022-07-22,"VistaGen Therapeutics, Inc.  (VTGN)  (CIK 0001411685)",2834,8.01;9.01,positive results;primary endpoint;topline results
0001060736,0001193125-22-201401,d352859d8k.htm,2022-07-26,Seagen Inc.  (CIK 0001060736),2836,8.01;9.01,results from the Phase;topline results
0001429560,0001104659-22-083430,tm2222009d1_8k.htm,2022-07-28,TREVENA INC  (TRVN)  (CIK 0001429560),2834,2.02;8.01;9.01,top-line data
0001659617,0001437749-22-017952,ex_400164.htm,2022-07-28,"Moleculin Biotech, Inc.  (MBRX)  (CIK 0001659617)",2834,7.01;9.01,efficacy data;preliminary data
0001755237,0000950170-22-013289,cycn-20220728.htm,2022-07-28,"Cyclerion Therapeutics, Inc.  (CYCN)  (CIK 0001755237)",2834,7.01;9.01,clinical data;topline data
0001493566,0000950170-22-013671,otic-ex99_1.htm,2022-08-01,"OTONOMY, INC.  (CIK 0001493566)",2834,7.01;9.01,primary endpoint;top-line results
0001633070,0001104659-22-085175,tm2222343d1_8k.htm,2022-08-02,Axcella Health Inc.  (CIK 0001633070),2836,7.01;8.01;9.01,primary endpoint;results from the Phase;statistically significant;top-line data;topline results
0001274792,0001193125-22-211339,d386805d8k.htm,2022-08-03,MERRIMACK PHARMACEUTICALS INC  (CIK 0001274792),2834,8.01;9.01,clinical data;primary endpoint
0001785345,0001193125-22-210650,d372212dex991.htm,2022-08-03,"Landos Biopharma, Inc.  (CIK 0001785345)",2834,7.01;9.01,top-line results
0001517022,0001193125-22-212531,d371816dex992.htm,2022-08-04,"Akebia Therapeutics, Inc.  (AKBA)  (CIK 0001517022)",2834,2.02;7.01;9.01,primary endpoint
0001205922,0001193125-22-214504,d320536dex991.htm,2022-08-08,"VACCINEX, INC.  (VCNX)  (CIK 0001205922)",2834,8.01;9.01,clinical data;results from the Phase
0001468748,0000950170-22-015232,kod-20220808.htm,2022-08-08,Kodiak Sciences Inc.  (KOD)  (CIK 0001468748),2836,8.01,primary endpoint;statistically significant
0001771917,0001193125-22-214126,d367196d8k.htm,2022-08-08,"Karuna Therapeutics, Inc.  (CIK 0001771917)",2834,7.01;8.01;9.01,topline results
0001868734,0000950170-22-015240,cinc-20220808.htm,2022-08-08,"CinCor Pharma, Inc.  (CIK 0001868734)",2834,7.01;9.01,topline results
0001566044,0001104659-22-088684,tm2222986d1_ex99-1.htm,2022-08-10,VYNE Therapeutics Inc.  (VYNE)  (CIK 0001566044),2834,5.07;8.01;9.01,efficacy data;primary endpoint;results from the Phase
0001651308,0001651308-22-000150,ax10aug2022xex991xrational.htm,2022-08-10,"BeiGene, Ltd.  (BGNE, BEIGF)  (CIK 0001651308)",2834,8.01;9.01,primary endpoint
0001860782,0001860782-22-000040,ex991karmma.htm,2022-08-10,"2seventy bio, Inc.  (TSVT)  (CIK 0001860782)",2834,8.01,primary endpoint;statistically significant;top-line results;topline results
0001463361,0001193125-22-219278,d379677d8k.htm,2022-08-12,"Unity Biotechnology, Inc.  (UBX)  (CIK 0001463361)",2834,8.01;9.01,positive data
0001674365,0001104659-22-089678,tm2223304d1_ex99-1.htm,2022-08-12,Aptinyx Inc.  (CIK 0001674365),2834,8.01;9.01,positive results;primary endpoint;statistically significant
0001597264,0001104659-22-092002,tm2223609d1_8k.htm,2022-08-17,Blueprint Medicines Corp  (BPMC)  (CIK 0001597264),2834,8.01;9.01,top-line data
0001492422,0001193125-22-228145,d305749d8k.htm,2022-08-24,"Apellis Pharmaceuticals, Inc.  (APLS)  (CIK 0001492422)",2834,8.01,top-line data
0001759138,0001193125-22-232575,d381073dex991.htm,2022-08-29,"Cabaletta Bio, Inc.  (CABA)  (CIK 0001759138)",2836,8.01;9.01,clinical data;efficacy data;preliminary data;primary endpoint
0001001233,0001628280-22-023857,sgmo-20220830.htm,2022-08-30,"SANGAMO THERAPEUTICS, INC  (SGMO)  (CIK 0001001233)",2836,8.01,clinical data;data from the Phase;primary endpoint;results from the Phase
0000855654,0001104659-22-096250,tm2224733d1_8k.htm,2022-08-31,"ImmunoGen, Inc.  (CIK 0000855654)",2834,7.01;8.01;9.01,top-line data
0001370053,0001370053-22-000049,anab-20220831.htm,2022-08-31,"ANAPTYSBIO, INC  (ANAB)  (CIK 0001370053)",2834,7.01;9.01,top-line data
0000072444,0001437749-22-021620,ex_419074.htm,2022-09-01,"Vaxart, Inc.  (VXRT)  (CIK 0000072444)",2836,7.01;8.01;9.01,top-line data
0000894158,0001104659-22-097701,tm2225140d1_8k.htm,2022-09-06,"Synthetic Biologics, Inc.  (TOVX)  (CIK 0000894158)",2834,7.01;8.01;9.01,initial data
0001107421,0001193125-22-238444,d350937d8k.htm,2022-09-06,"Alaunos Therapeutics, Inc.  (TCRT)  (CIK 0001107421)",2834,8.01;9.01,clinical data
0001403752,0001193125-22-238271,d400094dex991.htm,2022-09-06,Zymeworks Inc.  (CIK 0001403752),2834,7.01;9.01,clinical data
0001410939,0001410939-22-000094,isee-20220906.htm,2022-09-06,"IVERIC bio, Inc.  (CIK 0001410939)",2834,8.01;9.01,top-line results
0001410939,0001410939-22-000097,isee-20220907.htm,2022-09-07,"IVERIC bio, Inc.  (CIK 0001410939)",2834,8.01,top-line results
0001580149,0001520138-22-000390,bivi-20220907_8k.htm,2022-09-07,BIOVIE INC.  (BIVI)  (CIK 0001580149),2834,7.01;8.01;9.01,topline data;topline results
0001580149,0001520138-22-000392,bivi-20220907_8kex99z1.htm,2022-09-07,BIOVIE INC.  (BIVI)  (CIK 0001580149),2834,7.01;8.01;9.01,initial data;top-line results;topline data;topline results
0001761612,0001104659-22-098037,tm2225232d1_ex99-1.htm,2022-09-07,BICYCLE THERAPEUTICS plc  (BCYC)  (CIK 0001761612),2834,8.01;9.01,clinical data;top-line results
0001761918,0001193125-22-240127,d399259d8k.htm,2022-09-07,"Erasca, Inc.  (ERAS)  (CIK 0001761918)",2834,8.01;9.01,preliminary data
0001812364,0000950170-22-018205,rlay-20220907.htm,2022-09-08,"Relay Therapeutics, Inc.  (RLAY)  (CIK 0001812364)",2836,7.01;9.01,clinical data
0001564824,0000950170-22-018265,allk-20220909.htm,2022-09-09,Allakos Inc.  (ALLK)  (CIK 0001564824),2834,8.01;9.01,primary endpoint
0001621227,0001558370-22-014297,adap-20220909x8k.htm,2022-09-09,Adaptimmune Therapeutics PLC  (ADAP)  (CIK 0001621227),2836,7.01;9.01,positive data
0001213037,0001628280-22-024744,a991ex091022.htm,2022-09-12,"Cardiff Oncology, Inc.  (CRDF)  (CIK 0001213037)",2836,7.01;8.01;9.01,clinical data
0001403752,0001193125-22-242920,d243350dex991.htm,2022-09-12,Zymeworks Inc.  (CIK 0001403752),2834,7.01;9.01,clinical data
0001626199,0001626199-22-000061,alpn-20220912.htm,2022-09-12,"ALPINE IMMUNE SCIENCES, INC.  (CIK 0001626199)",2834,8.01,clinical data;initial data
0001654151,0001193125-22-242423,d290994d8k.htm,2022-09-12,"Deciphera Pharmaceuticals, Inc.  (CIK 0001654151)",2834,7.01;9.01,results from the Phase
0001664710,0001664710-22-000049,exhibit991asbmr2022pr.htm,2022-09-12,"Keros Therapeutics, Inc.  (KROS)  (CIK 0001664710)",2834,8.01;9.01,clinical data;topline data
0001811764,0001811764-22-000076,september102022-posterrele.htm,2022-09-12,POINT Biopharma Global Inc.  (CIK 0001811764),2834,7.01;9.01,primary endpoint
0001812364,0000950170-22-018311,rlay-20220911.htm,2022-09-12,"Relay Therapeutics, Inc.  (RLAY)  (CIK 0001812364)",2836,7.01;8.01;9.01,clinical data
0001176309,0001213900-22-055429,ea165702-8k_oramed.htm,2022-09-13,ORAMED PHARMACEUTICALS INC.  (ORMP)  (CIK 0001176309),2834,8.01,primary endpoint
0001279704,0001104659-22-099483,tm2225694d1_ex99-1.htm,2022-09-13,"Cellectar Biosciences, Inc.  (CLRB)  (CIK 0001279704)",2834,8.01;9.01,initial data
0001710072,0001104659-22-099487,tm2221772d2_ex99-2.htm,2022-09-13,"Edgewise Therapeutics, Inc.  (EWTX)  (CIK 0001710072)",2834,8.01;9.01,interim data
0001744659,0001193125-22-243332,d395122d8k.htm,2022-09-13,"Akero Therapeutics, Inc.  (AKRO)  (CIK 0001744659)",2834,7.01;8.01;9.01,positive results;primary endpoint;statistically significant;topline data
0001326190,0001558370-22-014392,alt-20220914x8k.htm,2022-09-14,"Altimmune, Inc.  (ALT)  (CIK 0001326190)",2834,7.01;8.01;9.01,primary endpoint
0001676725,0001193125-22-244793,d403459d8k.htm,2022-09-14,"IDEAYA Biosciences, Inc.  (IDYA)  (CIK 0001676725)",2834,8.01,clinical data
0001035354,0001104659-22-100245,tm2225930d1_8k.htm,2022-09-15,"Eloxx Pharmaceuticals, Inc.  (ELOX)  (CIK 0001035354)",2836,7.01;8.01;9.01,positive results;results from the Phase;topline results
0001651308,0001651308-22-000162,exhibit9912.htm,2022-09-15,"BeiGene, Ltd.  (BGNE, BEIGF)  (CIK 0001651308)",2834,8.01;9.01,primary endpoint;results from the Phase
0001818844,0001558370-22-014456,tmb-20220919x8k.htm,2022-09-19,"Virios Therapeutics, Inc.  (VIRI)  (CIK 0001818844)",2834,7.01;8.01;9.01,statistically significant;top-line results
0001280776,0001193805-22-001285,e621930_ex99-1.htm,2022-09-20,"IMMUNIC, INC.  (IMUX)  (CIK 0001280776)",2834,8.01;9.01,clinical data;positive results
0001631574,0001193125-22-247417,d369218dex991.htm,2022-09-20,Wave Life Sciences Ltd.  (WVE)  (CIK 0001631574),2834,7.01;8.01;9.01,initial data;preliminary data
0001692830,0001193125-22-247767,d399674d8k.htm,2022-09-20,"Satsuma Pharmaceuticals, Inc.  (CIK 0001692830)",2834,8.01;9.01,positive results
0000887247,0001387131-22-009920,admp-8k_092122.htm,2022-09-21,Adamis Pharmaceuticals Corp  (DMKPQ)  (CIK 0000887247),2834,8.01;9.01,primary endpoint
0001107421,0001193125-22-248092,d353582dex991.htm,2022-09-21,"Alaunos Therapeutics, Inc.  (TCRT)  (CIK 0001107421)",2834,7.01;9.01,clinical data
0001822791,0000950170-22-018695,clnn-20220921.htm,2022-09-21,"Clene Inc.  (CLNN, CLNNW)  (CIK 0001822791)",2834,7.01;9.01,interim data
0001430306,0001387131-22-009927,ex99-01.htm,2022-09-22,Tonix Pharmaceuticals Holding Corp.  (TNXP)  (CIK 0001430306),2834,7.01;8.01;9.01,interim data
0001551986,0001551986-22-000094,ex-991pressrelease92622.htm,2022-09-26,"9 METERS BIOPHARMA, INC.  (NMTRQ)  (CIK 0001551986)",2834,8.01;9.01,primary endpoint;results from the Phase
0001593034,0001193125-22-250701,d305961d8k.htm,2022-09-26,Endo International plc  (CIK 0001593034),2834,8.01;9.01,primary endpoint;statistically significant;top-line results
0001815974,0001493152-22-026752,form8-k.htm,2022-09-26,"Anebulo Pharmaceuticals, Inc.  (ANEB)  (CIK 0001815974)",2834,7.01;8.01;9.01,interim data
0001398733,0001628280-22-025530,a5822763_releasexpreview.htm,2022-09-27,"Aquestive Therapeutics, Inc.  (AQST)  (CIK 0001398733)",2834,7.01;8.01;9.01,topline results
0001501697,0001628280-22-025519,ex991xforpressrelease.htm,2022-09-27,"X4 Pharmaceuticals, Inc  (XFOR, XFOWW)  (CIK 0001501697)",2836,7.01;8.01,clinical data;positive data;positive results
0001746466,0001193125-22-251807,d383524d8k.htm,2022-09-27,"Equillium, Inc.  (EQ)  (CIK 0001746466)",2834,8.01;9.01,top-line data
0001818844,0001558370-22-014641,tmb-20220927xex99d1.htm,2022-09-27,"Virios Therapeutics, Inc.  (VIRI)  (CIK 0001818844)",2834,7.01;9.01,primary endpoint;statistically significant
0001739410,0000950170-22-018936,rlyb-20220928.htm,2022-09-28,Rallybio Corp  (RLYB)  (CIK 0001739410),2834,7.01;9.01,preliminary data
0001750019,0001193125-22-252642,d197971d8k.htm,2022-09-28,TCR2 THERAPEUTICS INC.  (CIK 0001750019),2836,7.01;8.01;9.01,positive results;results from the Phase;topline results
0001833214,0000950170-22-018944,sabs-ex99_2.htm,2022-09-28,"SAB Biotherapeutics, Inc.  (SABS, SABSW)  (CIK 0001833214)",2836,7.01;8.01;9.01,primary endpoint;statistically significant
0001835597,0000950170-22-018928,pepg-20220928.htm,2022-09-28,PepGen Inc.  (PEPG)  (CIK 0001835597),2834,7.01;9.01,positive data
0001633070,0001104659-22-103927,tm2226861d1_8k.htm,2022-09-29,Axcella Health Inc.  (CIK 0001633070),2836,7.01;8.01;9.01,interim data;positive results;statistically significant
0001800315,0000950170-22-018988,glto-20220929.htm,2022-09-29,"Galecto, Inc.  (GLTO)  (CIK 0001800315)",2834,7.01;8.01;9.01,primary endpoint
0001061983,0000950170-22-019116,cytk-20220930.htm,2022-09-30,CYTOKINETICS INC  (CYTK)  (CIK 0001061983),2834,8.01,positive results;topline results
0001107421,0001193125-22-254857,d326083dex991.htm,2022-09-30,"Alaunos Therapeutics, Inc.  (TCRT)  (CIK 0001107421)",2834,8.01;9.01,clinical data
0001270073,0001104659-22-104337,tm2227095d1_8k.htm,2022-09-30,"INTERCEPT PHARMACEUTICALS, INC.  (CIK 0001270073)",2834,7.01;9.01,primary endpoint
0001061983,0000950170-22-019183,cytk-20221002.htm,2022-10-03,CYTOKINETICS INC  (CYTK)  (CIK 0001061983),2834,8.01,positive results
0001501796,0001193125-22-256110,d251752d8k.htm,2022-10-03,"Aura Biosciences, Inc.  (AURA)  (CIK 0001501796)",2836,7.01;8.01;9.01,efficacy data;interim data;statistically significant
0001579428,0000950170-22-019151,axsm-20221003.htm,2022-10-03,"Axsome Therapeutics, Inc.  (AXSM)  (CIK 0001579428)",2834,8.01;9.01,primary endpoint;statistically significant
0001722964,0001104659-22-105234,tm2226628d3_8k.htm,2022-10-03,"Y-mAbs Therapeutics, Inc.  (YMAB)  (CIK 0001722964)",2834,8.01;9.01,clinical data
0001822791,0000950170-22-019168,clnn-20221003.htm,2022-10-03,"Clene Inc.  (CLNN, CLNNW)  (CIK 0001822791)",2834,7.01;9.01,topline results
0001580149,0001520138-22-000448,bivi-20221004_8kex99z1.htm,2022-10-05,BIOVIE INC.  (BIVI)  (CIK 0001580149),2834,8.01;9.01,preliminary data;top-line results;topline data;topline results
0001341235,0001157523-22-001289,a52938497.htm,2022-10-06,"Aldeyra Therapeutics, Inc.  (ALDX)  (CIK 0001341235)",2834,7.01;8.01;9.01,top-line results
0000034956,0001654954-22-013566,tenx_8k.htm,2022-10-11,"TENAX THERAPEUTICS, INC.  (TENX)  (CIK 0000034956)",2834,8.01;9.01,positive data
0001322505,0001104659-22-107454,tm2227924d1_8k.htm,2022-10-11,"ALBIREO PHARMA, INC.  (CIK 0001322505)",2834,2.02;8.01;9.01,topline data;topline results
0001472091,0001140361-22-036806,brhc10042847_8k.htm,2022-10-11,PDS Biotechnology Corp  (PDSB)  (CIK 0001472091),2834,8.01;9.01,interim data
0001645569,0001193125-22-260253,d383980d8k.htm,2022-10-11,"DICE Therapeutics, Inc.  (CIK 0001645569)",2834,8.01;9.01,data from the Phase
0001001233,0001628280-22-026271,sgmo-20221012.htm,2022-10-12,"SANGAMO THERAPEUTICS, INC  (SGMO)  (CIK 0001001233)",2836,8.01,clinical data;data from the Phase;primary endpoint;results from the Phase
0001137883,0001104659-22-107819,tm2227832d1_8k.htm,2022-10-12,BRAINSTORM CELL THERAPEUTICS INC.  (BCLI)  (CIK 0001137883),2836,7.01;8.01;9.01,primary endpoint;statistically significant
0001618835,0001618835-22-000196,evfm-20221011.htm,2022-10-12,"Evofem Biosciences, Inc.  (EVFM)  (CIK 0001618835)",2834,8.01;9.01,top-line results
0001553643,0001213900-22-063664,ea167089-8k_relmada.htm,2022-10-13,"RELMADA THERAPEUTICS, INC.  (RLMD)  (CIK 0001553643)",2834,7.01;8.01;9.01,primary endpoint;statistically significant;top-line results
0001651308,0001651308-22-000180,ax14oct2022xex991xalpinepr.htm,2022-10-14,"BeiGene, Ltd.  (BGNE, BEIGF)  (CIK 0001651308)",2834,8.01;9.01,primary endpoint;topline results
0001401914,0001493152-22-028519,ex99-1.htm,2022-10-17,"Dare Bioscience, Inc.  (DARE)  (CIK 0001401914)",2834,7.01;8.01;9.01,data from the Phase;efficacy data;statistically significant;topline data;topline results
0001408443,0001104659-22-108996,tm2228338d1_8k.htm,2022-10-17,Milestone Pharmaceuticals Inc.  (MIST)  (CIK 0001408443),2834,7.01;9.01,topline results
0001426332,0001193125-22-263369,d393962d8k.htm,2022-10-17,NGM BIOPHARMACEUTICALS INC  (CIK 0001426332),2834,2.02;8.01;9.01,primary endpoint;topline results
0001620463,0000950170-22-019592,atha-ex99_1.htm,2022-10-17,"Athira Pharma, Inc.  (ATHA)  (CIK 0001620463)",2836,7.01;8.01;9.01,primary endpoint;topline data;topline results
0001527599,0001193125-22-264177,d387982dex991.htm,2022-10-18,"SYNLOGIC, INC.  (SYBX)  (CIK 0001527599)",2834,8.01;9.01,data from the Phase;positive results;primary endpoint;top-line data;top-line results
0001711754,0001213900-22-064818,ea167282ex99-1_inmunebio.htm,2022-10-19,"Inmune Bio, Inc.  (INMB)  (CIK 0001711754)",2836,8.01;9.01,clinical data;efficacy data
0001280776,0001193805-22-001439,e621964_ex99-1.htm,2022-10-20,"IMMUNIC, INC.  (IMUX)  (CIK 0001280776)",2834,8.01;9.01,clinical data;efficacy data;top-line data
0001599298,0001599298-22-000114,a2022_prx1020xidweek2022re.htm,2022-10-20,Summit Therapeutics Inc.  (SMMT)  (CIK 0001599298),2834,7.01;9.01,topline results
0001682639,0001104659-22-110120,tm2228582d1_8k.htm,2022-10-20,"EYENOVIA, INC.  (EYEN)  (CIK 0001682639)",2834,8.01;9.01,positive results
0001867096,0001867096-22-000117,exh991pressreleaseofxerisb.htm,2022-10-20,"Xeris Biopharma Holdings, Inc.  (XERS)  (CIK 0001867096)",2834,7.01;9.01,clinical data;topline results
0001582554,0001493152-22-029275,ex99-1.htm,2022-10-21,"Matinas BioPharma Holdings, Inc.  (MTNB)  (CIK 0001582554)",2834,7.01;8.01;9.01,clinical data;data from the Phase;interim data;primary endpoint
0001595585,0001595585-22-000077,tcda-20221024.htm,2022-10-24,"Tricida, Inc.  (CIK 0001595585)",2834,8.01;9.01,top-line data
0001649094,0001193125-22-267147,d413834d8k.htm,2022-10-24,"Vaxcyte, Inc.  (PCVX)  (CIK 0001649094)",2836,8.01;9.01,results from the Phase;topline data
0001759425,0001193125-22-267201,d226370d8k.htm,2022-10-24,"Mirum Pharmaceuticals, Inc.  (MIRM)  (CIK 0001759425)",2834,7.01;8.01;9.01,primary endpoint;statistically significant;topline data;topline results
0001656634,0001193125-22-268408,d341720dex991.htm,2022-10-25,"Gritstone bio, Inc.  (GRTS)  (CIK 0001656634)",2836,1.01;3.02;8.01;9.01,positive results
0001563577,0001193125-22-269333,d399266d8k.htm,2022-10-26,"Galera Therapeutics, Inc.  (GRTX)  (CIK 0001563577)",2834,7.01;8.01;9.01,topline results
0001633932,0001279569-22-001739,essaform8k.htm,2022-10-26,ESSA Pharma Inc.  (EPIX)  (CIK 0001633932),2834,7.01;9.01,clinical data
0001472091,0001140361-22-038679,brhc10043369_ex99-1.htm,2022-10-27,PDS Biotechnology Corp  (PDSB)  (CIK 0001472091),2834,8.01;9.01,interim data
0001348362,0001640334-22-002286,lxrp_ex991.htm,2022-10-28,"Lexaria Bioscience Corp.  (LEXX, LEXXW)  (CIK 0001348362)",2834,8.01;9.01,statistically significant
0001861560,0001193125-22-271664,d377694d8k.htm,2022-10-28,"Nuvalent, Inc.  (NUVL)  (CIK 0001861560)",2834,8.01;9.01,data from the Phase;initial data
0001388320,0001213900-22-067378,ea167769-8k_actinium.htm,2022-10-31,"Actinium Pharmaceuticals, Inc.  (ATNM)  (CIK 0001388320)",2834,7.01;9.01,primary endpoint;top-line results
0001447028,0001171843-22-006904,exh_991.htm,2022-10-31,Arbutus Biopharma Corp  (ABUS)  (CIK 0001447028),2834,8.01;9.01,clinical data;preliminary data
0001633932,0001279569-22-001762,ex991.htm,2022-10-31,ESSA Pharma Inc.  (EPIX)  (CIK 0001633932),2834,7.01;9.01,clinical data;positive results
0001800315,0000950170-22-020535,glto-20221031.htm,2022-10-31,"Galecto, Inc.  (GLTO)  (CIK 0001800315)",2834,7.01;9.01,topline results
0001034842,0001104659-22-113463,tm2229339d1_8k.htm,2022-11-01,RIGEL PHARMACEUTICALS INC  (RIGL)  (CIK 0001034842),2834,8.01;9.01,top-line results
0001447028,0001171843-22-006961,exh_991.htm,2022-11-01,Arbutus Biopharma Corp  (ABUS)  (CIK 0001447028),2834,8.01;9.01,clinical data;efficacy data;preliminary data
0001463361,0000950170-22-020696,ubx-ex99_1.htm,2022-11-01,"Unity Biotechnology, Inc.  (UBX)  (CIK 0001463361)",2834,8.01;9.01,clinical data;efficacy data;statistically significant
0001053369,0001493152-22-030215,ex99-1.htm,2022-11-02,ELITE PHARMACEUTICALS INC /NV/  (ELTP)  (CIK 0001053369),2834,7.01;9.01,positive results
0001106838,0001493152-22-030153,ex99-1.htm,2022-11-02,"Sonnet BioTherapeutics Holdings, Inc.  (SONN)  (CIK 0001106838)",2834,7.01;8.01;9.01,interim data;primary endpoint
0001718108,0001193125-22-275350,d414848dex991.htm,2022-11-02,"Surface Oncology, Inc.  (CIK 0001718108)",2836,2.02;8.01;9.01,top-line data
0001827087,0001193125-22-275463,d380531d8k.htm,2022-11-02,"Vigil Neuroscience, Inc.  (VIGL)  (CIK 0001827087)",2836,7.01;9.01,topline results
0000318306,0001493152-22-030288,ex99-2.htm,2022-11-03,ABEONA THERAPEUTICS INC.  (ABEO)  (CIK 0000318306),2834,7.01;8.01;9.01,primary endpoint;statistically significant;topline data;topline results
0001422143,0001193125-22-276906,d366823d8k.htm,2022-11-03,"Kura Oncology, Inc.  (KURA)  (CIK 0001422143)",2834,8.01;9.01,preliminary data
0001583107,0001104659-22-114114,tm2229503d1_ex99-1.htm,2022-11-03,"Theravance Biopharma, Inc.  (TBPH)  (CIK 0001583107)",2834,7.01;9.01,primary endpoint;statistically significant
0001645666,0000950170-22-021739,kzr-ex99_1.htm,2022-11-03,"Kezar Life Sciences, Inc.  (KZR)  (CIK 0001645666)",2834,8.01;9.01,efficacy data;primary endpoint;results from the Phase;topline data
0001720580,0000950170-22-021598,acet-20221103.htm,2022-11-03,"Adicet Bio, Inc.  (ACET)  (CIK 0001720580)",2834,7.01;8.01;9.01,clinical data;interim data;positive results
0000874015,0001140361-22-039934,brhc10043749_8k.htm,2022-11-04,IONIS PHARMACEUTICALS INC  (IONS)  (CIK 0000874015),2834,1.02;9.01,primary endpoint
0001826892,0001193125-22-277328,d416713dex991.htm,2022-11-04,"BioAtla, Inc.  (BCAB)  (CIK 0001826892)",2836,8.01;9.01,interim data;preliminary data;primary endpoint
0001061983,0000950170-22-022321,cytk-20221107.htm,2022-11-07,CYTOKINETICS INC  (CYTK)  (CIK 0001061983),2834,8.01,positive results;statistically significant
0001472091,0001140361-22-040201,brhc10043789_8k.htm,2022-11-07,PDS Biotechnology Corp  (PDSB)  (CIK 0001472091),2834,8.01;9.01,clinical data
0001509745,0001104659-22-115157,tm2229775d1_ex99-1.htm,2022-11-07,"LEAP THERAPEUTICS, INC.  (LPTX)  (CIK 0001509745)",2834,8.01;9.01,initial data;positive results
0001621227,0001558370-22-016746,adap-20221108x8k.htm,2022-11-08,Adaptimmune Therapeutics PLC  (ADAP)  (CIK 0001621227),2836,7.01;9.01,clinical data
0001868734,0000950170-22-022838,cinc-ex99_1.htm,2022-11-08,"CinCor Pharma, Inc.  (CIK 0001868734)",2834,7.01;9.01,preliminary data;primary endpoint;results from the Phase;statistically significant
0001274792,0001193125-22-280787,d418392d8k.htm,2022-11-09,MERRIMACK PHARMACEUTICALS INC  (CIK 0001274792),2834,7.01;8.01;9.01,clinical data;primary endpoint;statistically significant
0001429560,0001104659-22-116178,tm2230094d2_8k.htm,2022-11-09,TREVENA INC  (TRVN)  (CIK 0001429560),2834,8.01;9.01,top-line data
0001205922,0001193125-22-282054,d408251dex991.htm,2022-11-10,"VACCINEX, INC.  (VCNX)  (CIK 0001205922)",2834,7.01;9.01,clinical data;efficacy data;preliminary data
0001610820,0001493152-22-031250,ex99-1.htm,2022-11-10,"BriaCell Therapeutics Corp.  (BCTX, BCTXW)  (CIK 0001610820)",2834,7.01;9.01,clinical data;efficacy data
0001835579,0001193125-22-282059,d410137d8k.htm,2022-11-10,"Ikena Oncology, Inc.  (IKNA)  (CIK 0001835579)",2836,7.01;8.01;9.01,clinical data
0001126234,0001126234-22-000109,allinclusivelumoscorpora.htm,2022-11-14,"LUMOS PHARMA, INC.  (LUMO)  (CIK 0001126234)",2834,8.01;9.01,efficacy data;interim data;primary endpoint
0001401914,0001493152-22-031629,ex99-1.htm,2022-11-14,"Dare Bioscience, Inc.  (DARE)  (CIK 0001401914)",2834,7.01;8.01;9.01,data from the Phase;efficacy data;topline data;topline results
0001444307,0001493152-22-031504,ex99-1.htm,2022-11-14,ONCOSEC MEDICAL Inc  (ONCSQ)  (CIK 0001444307),2834,8.01;9.01,clinical data;data from the Phase;primary endpoint;top-line results
0001692830,0001193125-22-284529,d405306d8k.htm,2022-11-14,"Satsuma Pharmaceuticals, Inc.  (CIK 0001692830)",2834,8.01;9.01,topline results
0001814140,0000950170-22-024985,apgn-ex99_1.htm,2022-11-14,"Apexigen, Inc.  (CIK 0001814140)",2834,4.01;8.01;9.01,clinical data;topline data
0001841387,0000950170-22-024772,cadl-ex99_1.htm,2022-11-14,"Candel Therapeutics, Inc.  (CADL)  (CIK 0001841387)",2836,8.01;9.01,statistically significant
0001444307,0001493152-22-032529,ex99-1.htm,2022-11-15,ONCOSEC MEDICAL Inc  (ONCSQ)  (CIK 0001444307),2834,8.01;9.01,clinical data;interim data
0001445815,0001493152-22-032573,ex99-1.htm,2022-11-16,"BIOXYTRAN, INC  (BIXT)  (CIK 0001445815)",2834,8.01;9.01,positive data;statistically significant;top-line results
0001645469,0001654954-22-015397,mnpr_8k.htm,2022-11-16,Monopar Therapeutics  (MNPR)  (CIK 0001645469),2834,7.01;9.01,clinical data
0001739614,0001739614-22-000122,ex992nov2022ctos109update.htm,2022-11-16,"Inhibrx, Inc.  (CIK 0001739614)",2836,7.01;8.01;9.01,initial data;positive results;preliminary data
0001280776,0001193805-22-001568,e618035_ex99-1.htm,2022-11-17,"IMMUNIC, INC.  (IMUX)  (CIK 0001280776)",2834,8.01;9.01,clinical data
0001650664,0001558370-22-018016,edit-20221117x8k.htm,2022-11-17,"Editas Medicine, Inc.  (EDIT)  (CIK 0001650664)",2836,8.01;9.01,clinical data
0001841387,0000950170-22-025413,cadl-ex99_1.htm,2022-11-18,"Candel Therapeutics, Inc.  (CADL)  (CIK 0001841387)",2836,8.01;9.01,statistically significant
0000764195,0001493152-22-033240,ex99-1.htm,2022-11-22,VBI Vaccines Inc/BC  (VBIVQ)  (CIK 0000764195),2834,7.01;9.01,data from the Phase
0001655759,0001655759-22-000059,arvn-20221121.htm,2022-11-22,"ARVINAS, INC.  (ARVN)  (CIK 0001655759)",2834,7.01,results from the Phase;top-line results
0001655759,0001655759-22-000062,arvn-20221122.htm,2022-11-22,"ARVINAS, INC.  (ARVN)  (CIK 0001655759)",2834,7.01;8.01;9.01,data from the Phase;primary endpoint;results from the Phase
0001655759,0001655759-22-000065,sabcsirdecknov22final.htm,2022-11-22,"ARVINAS, INC.  (ARVN)  (CIK 0001655759)",2834,7.01;9.01,clinical data;primary endpoint
0001579428,0000950170-22-025706,axsm-20221128.htm,2022-11-28,"Axsome Therapeutics, Inc.  (AXSM)  (CIK 0001579428)",2834,8.01;9.01,primary endpoint
0001641640,0001104659-22-122226,tm2231299d1_8k.htm,2022-11-28,Nabriva Therapeutics plc  (CIK 0001641640),2834,8.01,topline results
0001868734,0000950170-22-025707,cinc-20221128.htm,2022-11-28,"CinCor Pharma, Inc.  (CIK 0001868734)",2834,7.01;9.01,topline results
0001501697,0001628280-22-030943,a991xforpressreleasenovemb.htm,2022-11-29,"X4 Pharmaceuticals, Inc  (XFOR, XFOWW)  (CIK 0001501697)",2836,7.01;8.01,positive results;primary endpoint;statistically significant;top-line data;top-line results
0001737287,0001737287-22-000089,allo-20221129.htm,2022-11-29,"Allogene Therapeutics, Inc.  (ALLO)  (CIK 0001737287)",2836,8.01,data from the Phase;initial data;interim data;preliminary data;primary endpoint;results from the Phase
0001430306,0001387131-22-011980,ex99-01.htm,2022-11-30,Tonix Pharmaceuticals Holding Corp.  (TNXP)  (CIK 0001430306),2834,7.01;8.01;9.01,interim data
0001527599,0001193125-22-295406,d421541dex991.htm,2022-11-30,"SYNLOGIC, INC.  (SYBX)  (CIK 0001527599)",2834,2.05;8.01;9.01,positive data;positive results
0001126234,0001126234-22-000118,lumo-20221129x8kxex991.htm,2022-12-01,"LUMOS PHARMA, INC.  (LUMO)  (CIK 0001126234)",2834,8.01;9.01,interim data
0001034842,0001104659-22-123853,tm2231791d1_ex99-1.htm,2022-12-02,RIGEL PHARMACEUTICALS INC  (RIGL)  (CIK 0001034842),2834,8.01;9.01,primary endpoint
0001314052,0001731122-22-002078,e4271_8-k.htm,2022-12-02,ANAVEX LIFE SCIENCES CORP.  (AVXL)  (CIK 0001314052),2836,8.01;9.01,statistically significant;top-line data
0001623526,0001193125-22-297163,d428421d8k.htm,2022-12-02,"Stoke Therapeutics, Inc.  (STOK)  (CIK 0001623526)",2834,7.01;9.01,initial data;interim data;positive results;preliminary data;topline data
0001787400,0000950170-22-025995,nktx-20221202.htm,2022-12-02,"Nkarta, Inc.  (NKTX)  (CIK 0001787400)",2834,7.01;9.01,clinical data
0001621443,0001104659-22-124414,tm2231934d1_ex99-1.htm,2022-12-05,"Zynerba Pharmaceuticals, Inc.  (CIK 0001621443)",2834,8.01;9.01,data from the Phase;statistically significant
0001787400,0000950170-22-026020,nktx-20221205.htm,2022-12-05,"Nkarta, Inc.  (NKTX)  (CIK 0001787400)",2834,7.01;8.01;9.01,clinical data;efficacy data;interim data
0001853816,0001654954-22-016099,drma_8k.htm,2022-12-05,"Dermata Therapeutics, Inc.  (DRMA, DRMAW)  (CIK 0001853816)",2834,7.01;8.01;9.01,topline results
0001580149,0001520138-22-000548,bivi-20221205_8k.htm,2022-12-06,BIOVIE INC.  (BIVI)  (CIK 0001580149),2834,7.01;8.01;9.01,positive results
0001604477,0000950170-22-026095,sqz-20221206.htm,2022-12-06,SQZ Biotechnologies Co  (CIK 0001604477),2836,8.01;9.01,clinical data
0001650664,0001558370-22-018383,edit-20221206x8k.htm,2022-12-06,"Editas Medicine, Inc.  (EDIT)  (CIK 0001650664)",2836,8.01;9.01,efficacy data
0001661460,0001193125-22-298815,d400051dex991.htm,2022-12-06,"Poseida Therapeutics, Inc.  (PSTX)  (CIK 0001661460)",2836,7.01;9.01,clinical data
0001728117,0001728117-22-000102,gb002-2101torreytopliner.htm,2022-12-06,"Gossamer Bio, Inc.  (GOSS)  (CIK 0001728117)",2834,8.01;9.01,primary endpoint;statistically significant;topline results
0001841387,0000950170-22-026104,cadl-ex99_1.htm,2022-12-06,"Candel Therapeutics, Inc.  (CADL)  (CIK 0001841387)",2836,8.01;9.01,clinical data;data from the Phase
0001856725,0000950170-22-026089,rani-20221206.htm,2022-12-06,"Rani Therapeutics Holdings, Inc.  (RANI)  (CIK 0001856725)",2834,7.01;8.01;9.01,topline results
0001553643,0001213900-22-078255,ea169812-8k_relmada.htm,2022-12-07,"RELMADA THERAPEUTICS, INC.  (RLMD)  (CIK 0001553643)",2834,7.01;8.01;9.01,primary endpoint;statistically significant;top-line results
0001580149,0001520138-22-000553,bivi-20221207_8kex99z2.htm,2022-12-07,BIOVIE INC.  (BIVI)  (CIK 0001580149),2834,7.01,statistically significant;top-line results;topline data;topline results
0001681087,0001140361-22-044662,ny20005640x4_8k.htm,2022-12-07,"AVROBIO, Inc.  (TECX)  (CIK 0001681087)",2836,7.01;9.01,clinical data
0001737953,0001104659-22-125054,tm2232156d1_8k.htm,2022-12-07,"Replimune Group, Inc.  (REPL)  (CIK 0001737953)",2836,8.01;9.01,initial data
0001817229,0001193125-22-299797,d431519d8k.htm,2022-12-07,Vor Biopharma Inc.  (VOR)  (CIK 0001817229),2836,7.01;8.01;9.01,clinical data
0001061983,0000950170-22-026180,cytk-20221208.htm,2022-12-08,CYTOKINETICS INC  (CYTK)  (CIK 0001061983),2834,8.01,positive results;primary endpoint;statistically significant
0001305253,0001193125-22-300541,d397198d8k.htm,2022-12-08,"Eiger BioPharmaceuticals, Inc.  (EIGRQ)  (CIK 0001305253)",2836,8.01;9.01,primary endpoint
0001401667,0001437749-22-028687,ex_453840.htm,2022-12-08,"PUMA BIOTECHNOLOGY, INC.  (PBYI)  (CIK 0001401667)",2834,7.01;9.01,primary endpoint
0001610820,0001493152-22-034831,ex99-1.htm,2022-12-08,"BriaCell Therapeutics Corp.  (BCTX, BCTXW)  (CIK 0001610820)",2834,7.01;9.01,clinical data;efficacy data;positive data
0001655759,0001655759-22-000069,sabcsirdeckdecember82022.htm,2022-12-08,"ARVINAS, INC.  (ARVN)  (CIK 0001655759)",2834,7.01;8.01,primary endpoint
0001842952,0001842952-22-000108,cntxsabcsdatarelease12722.htm,2022-12-08,Context Therapeutics Inc.  (CNTX)  (CIK 0001842952),2834,7.01;8.01;9.01,clinical data;data from the Phase;preliminary data
0001937653,0001193125-22-301834,d417380d8k.htm,2022-12-09,Zymeworks Inc.  (ZYME)  (CIK 0001937653),2834,8.01;9.01,clinical data
0001001233,0001628280-22-031695,sgmo-20221210.htm,2022-12-12,"SANGAMO THERAPEUTICS, INC  (SGMO)  (CIK 0001001233)",2836,8.01,clinical data;data from the Phase;results from the Phase
0001126234,0001126234-22-000122,lumo-20221212x8kxex991.htm,2022-12-12,"LUMOS PHARMA, INC.  (LUMO)  (CIK 0001126234)",2834,8.01;9.01,clinical data;interim data
0001260990,0000950170-22-026330,onct-20221212.htm,2022-12-12,"Oncternal Therapeutics, Inc.  (ONCT)  (CIK 0001260990)",2834,8.01,clinical data;efficacy data;interim data
0001422143,0001193125-22-302283,d646465d8k.htm,2022-12-12,"Kura Oncology, Inc.  (KURA)  (CIK 0001422143)",2834,8.01,clinical data
0001619856,0001619856-22-000036,crbu-20221211xexx991.htm,2022-12-12,"Caribou Biosciences, Inc.  (CRBU)  (CIK 0001619856)",2836,7.01;8.01;9.01,clinical data;initial data
0001622229,0001193125-22-302302,d421322d8k.htm,2022-12-12,"Cogent Biosciences, Inc.  (COGT)  (CIK 0001622229)",2834,7.01;9.01,clinical data
0001623715,0001193125-22-302488,d382461d8k.htm,2022-12-12,"Imago BioSciences, Inc.  (CIK 0001623715)",2834,7.01;9.01,positive data
0001645469,0001654954-22-016326,mnpr_ex991.htm,2022-12-12,Monopar Therapeutics  (MNPR)  (CIK 0001645469),2834,7.01;9.01,positive data;positive results
0001664710,0001664710-22-000067,exhibit991ash2022.htm,2022-12-12,"Keros Therapeutics, Inc.  (KROS)  (CIK 0001664710)",2834,8.01;9.01,clinical data;initial data
0001671584,0001564590-22-039215,apvo-ex991_6.htm,2022-12-12,Aptevo Therapeutics Inc.  (APVO)  (CIK 0001671584),2834,8.01;9.01,positive data;preliminary data
0001673772,0001193125-22-302732,d422317dex991.htm,2022-12-12,"RAPT Therapeutics, Inc.  (RAPT)  (CIK 0001673772)",2834,8.01;9.01,efficacy data;preliminary data
0001708493,0001193125-22-302733,d409100d8k.htm,2022-12-12,"Harpoon Therapeutics, Inc.  (CIK 0001708493)",2836,8.01;9.01,interim data
0001720580,0000950170-22-026329,acet-20221210.htm,2022-12-12,"Adicet Bio, Inc.  (ACET)  (CIK 0001720580)",2834,7.01;8.01;9.01,efficacy data;interim data;positive data;positive results
0001390478,0001104659-22-126475,tm2232491d1_8k.htm,2022-12-13,"SELLAS Life Sciences Group, Inc.  (SLS)  (CIK 0001390478)",2834,8.01;9.01,efficacy data;positive results
0001447028,0001171843-22-008011,exh_991.htm,2022-12-13,Arbutus Biopharma Corp  (ABUS)  (CIK 0001447028),2834,8.01;9.01,clinical data;initial data;preliminary data
0001549595,0001193125-22-302915,d411325d8k.htm,2022-12-13,"Nurix Therapeutics, Inc.  (NRIX)  (CIK 0001549595)",2834,8.01;9.01,clinical data
0001682852,0001682852-22-000055,exhibit991-12122022pcv.htm,2022-12-13,"Moderna, Inc.  (MRNA)  (CIK 0001682852)",2836,7.01;9.01,primary endpoint;statistically significant
0001690585,0001193125-22-303275,d434402d8k.htm,2022-12-13,"Magenta Therapeutics, Inc.  (DNTH)  (CIK 0001690585)",2834,5.03;7.01;8.01;9.01,clinical data;preliminary data
0001816736,0001193125-22-303296,d411279dex991.htm,2022-12-13,"Gemini Therapeutics, Inc. /DE  (IRON)  (CIK 0001816736)",2834,7.01;9.01,primary endpoint
0001394319,0001564590-22-039316,tcon-8k_20221214.htm,2022-12-14,"Tracon Pharmaceuticals, Inc.  (TCON)  (CIK 0001394319)",2836,8.01,efficacy data
0001503802,0001193125-22-303934,d426577d8k.htm,2022-12-14,Karyopharm Therapeutics Inc.  (KPTI)  (CIK 0001503802),2834,8.01,results from the Phase
0001533743,0001493152-22-035400,ex99-1.htm,2022-12-14,"Processa Pharmaceuticals, Inc.  (PCSA)  (CIK 0001533743)",2834,7.01;9.01,positive results;primary endpoint;results from the Phase;statistically significant;top-line results
0001787297,0001558370-22-018617,pasg-20221214xex99d1.htm,2022-12-14,"Passage BIO, Inc.  (PASG)  (CIK 0001787297)",2836,7.01;9.01,clinical data;interim data;positive results
0001815442,0001193125-22-304330,d429465d8k.htm,2022-12-14,"Kymera Therapeutics, Inc.  (KYMR)  (CIK 0001815442)",2836,7.01;8.01;9.01,clinical data
0001454789,0001104659-22-127101,tm2232540d2_8k.htm,2022-12-15,"Astria Therapeutics, Inc.  (ATXS)  (CIK 0001454789)",2834,7.01;8.01;9.01,clinical data;data from the Phase;interim data;preliminary data;results from the Phase;statistically significant;topline results
0001527599,0001193125-22-305412,d426522dex991.htm,2022-12-15,"SYNLOGIC, INC.  (SYBX)  (CIK 0001527599)",2834,8.01;9.01,clinical data;primary endpoint
0001659617,0001437749-22-029111,ex_456643.htm,2022-12-15,"Moleculin Biotech, Inc.  (MBRX)  (CIK 0001659617)",2834,7.01;9.01,clinical data
0001571934,0001104659-22-127597,tm2232868d1_8k.htm,2022-12-16,"Synaptogenix, Inc.  (SNPX)  (CIK 0001571934)",2834,8.01;9.01,topline data
0001157601,0001193125-22-307935,d423141d8k.htm,2022-12-19,"MADRIGAL PHARMACEUTICALS, INC.  (MDGL)  (CIK 0001157601)",2834,7.01;8.01,efficacy data;primary endpoint;statistically significant;top-line data;topline data;topline results
0001426800,0000950170-22-026736,asmb-ex99_1.htm,2022-12-19,"ASSEMBLY BIOSCIENCES, INC.  (ASMB)  (CIK 0001426800)",2834,8.01;9.01,efficacy data;initial data
0001651308,0001651308-22-000235,a20221219formxashandnejmpr.htm,2022-12-19,"BeiGene, Ltd.  (BGNE, BEIGF)  (CIK 0001651308)",2834,8.01;9.01,primary endpoint
0001724521,0000950170-22-026760,rcus-20221219.htm,2022-12-19,"Arcus Biosciences, Inc.  (RCUS)  (CIK 0001724521)",2834,8.01,clinical data;positive results
0001805387,0000950170-22-026702,cere-ex99_1.htm,2022-12-19,"Cerevel Therapeutics Holdings, Inc.  (CIK 0001805387)",2834,8.01;9.01,positive results;primary endpoint;results from the Phase;topline data
0001937653,0001193125-22-307861,d417415d8k.htm,2022-12-19,Zymeworks Inc.  (ZYME)  (CIK 0001937653),2834,8.01;9.01,topline results
0000908259,0001493152-22-035944,ex99-2.htm,2022-12-20,"Oncotelic Therapeutics, Inc.  (OTLC)  (CIK 0000908259)",2834,7.01;9.01,clinical data;efficacy data;top-line data
0001326190,0001326190-22-000016,alt-20221220x8k.htm,2022-12-20,"Altimmune, Inc.  (ALT)  (CIK 0001326190)",2834,7.01;8.01;9.01,primary endpoint;statistically significant
0001232524,0001193125-22-309581,d439594dex991.htm,2022-12-21,Jazz Pharmaceuticals plc  (JAZZ)  (CIK 0001232524),2834,8.01;9.01,clinical data;top-line data
0001937653,0001193125-22-309630,d429038dex991.htm,2022-12-21,Zymeworks Inc.  (ZYME)  (CIK 0001937653),2834,7.01;8.01;9.01,clinical data;top-line data
0001444192,0000950170-22-026910,acst-20221222.htm,2022-12-22,Acasti Pharma Inc.  (ACST)  (CIK 0001444192),2834,8.01,topline results
0001801777,0001193125-22-311191,d440127dex991.htm,2022-12-22,Applied Molecular Transport Inc.  (CIK 0001801777),2834,8.01;9.01,positive data;top-line results
0001444192,0000950170-22-027060,acst-20221228.htm,2022-12-28,Acasti Pharma Inc.  (ACST)  (CIK 0001444192),2834,8.01,topline results
0001472091,0001140361-22-047110,brhc10045977_8k.htm,2022-12-28,PDS Biotechnology Corp  (PDSB)  (CIK 0001472091),2834,8.01;9.01,interim data
0001766140,0001213900-22-083051,ea170920-8k_unicycive.htm,2022-12-28,"Unicycive Therapeutics, Inc.  (UNCY)  (CIK 0001766140)",2834,7.01;9.01,primary endpoint
0001534248,0001178913-23-000010,exhibit_99-1.htm,2023-01-03,Chemomab Therapeutics Ltd.  (CMMB)  (CIK 0001534248),2834,8.01;9.01,primary endpoint;top-line results
0001574235,0001493152-23-000232,ex99-1.htm,2023-01-04,"Pulmatrix, Inc.  (PULM)  (CIK 0001574235)",2834,7.01;9.01,top-line results
0001635088,0001140361-23-000296,ny20006513x2_8k.htm,2023-01-04,Roivant Sciences Ltd.  (ROIV)  (CIK 0001635088),2834,8.01;9.01,interim data
0001704292,0001628280-23-000450,zlab-2023x01x05xnovocureex.htm,2023-01-05,Zai Lab Ltd  (ZLAB)  (CIK 0001704292),2834,8.01;9.01,primary endpoint;statistically significant
0001740279,0001193125-23-001952,d435564dex991.htm,2023-01-05,"IN8BIO, INC.  (INAB)  (CIK 0001740279)",2836,8.01;9.01,initial data;topline results
0001860782,0001860782-23-000002,tvst-20230104.htm,2023-01-05,"2seventy bio, Inc.  (TSVT)  (CIK 0001860782)",2834,8.01,positive results
0001104506,0001140361-23-000743,brhc10046302_99-1.htm,2023-01-06,INSMED Inc  (INSM)  (CIK 0001104506),2834,7.01;9.01,clinical data;data from the Phase;topline data;topline results
0000882796,0001171843-23-000154,exh_992.htm,2023-01-09,BIOCRYST PHARMACEUTICALS INC  (BCRX)  (CIK 0000882796),2836,2.02;7.01;9.01,clinical data;initial data;positive results
0001372299,0001628280-23-000714,ocgn-20230109.htm,2023-01-09,"Ocugen, Inc.  (OCGN)  (CIK 0001372299)",2836,8.01;9.01,data from the Phase;top-line data
0001401914,0001493152-23-000904,ex99-1.htm,2023-01-09,"Dare Bioscience, Inc.  (DARE)  (CIK 0001401914)",2834,7.01;8.01;9.01,data from the Phase;efficacy data;statistically significant;topline data;topline results
0001682852,0001682852-23-000004,exhibit991-jpmjan2023.htm,2023-01-09,"Moderna, Inc.  (MRNA)  (CIK 0001682852)",2836,2.02;7.01;9.01,clinical data;primary endpoint;statistically significant
0001783183,0001193125-23-004049,d432177d8k.htm,2023-01-09,"Phathom Pharmaceuticals, Inc.  (PHAT)  (CIK 0001783183)",2834,8.01,efficacy data;primary endpoint;top-line data;topline results
0001815974,0001493152-23-000900,ex99-2.htm,2023-01-09,"Anebulo Pharmaceuticals, Inc.  (ANEB)  (CIK 0001815974)",2834,2.02;7.01;8.01;9.01,preliminary data;topline data
0001845337,0001193125-23-004059,d398949d8k.htm,2023-01-09,"Day One Biopharmaceuticals, Inc.  (DAWN)  (CIK 0001845337)",2834,8.01;9.01,topline data
0001157601,0001193125-23-005674,d436279d8k.htm,2023-01-10,"MADRIGAL PHARMACEUTICALS, INC.  (MDGL)  (CIK 0001157601)",2834,8.01,primary endpoint;statistically significant;top-line data;topline data;topline results
0001176309,0001213900-23-002343,ea171576-8k_oramed.htm,2023-01-12,ORAMED PHARMACEUTICALS INC.  (ORMP)  (CIK 0001176309),2834,8.01,primary endpoint
0001347242,0001753926-23-000046,g083352_ex99-1.htm,2023-01-12,LIPELLA PHARMACEUTICALS INC  (LIPO)  (CIK 0001347242),2834,7.01;8.01;9.01,top-line results
0001788028,0001213900-23-002591,ea171626-8k_jasper.htm,2023-01-13,"Jasper Therapeutics, Inc.  (JSPR, JSPRW)  (CIK 0001788028)",2836,7.01;9.01,positive data
0001574094,0001493152-23-001787,ex99-1.htm,2023-01-18,"RenovoRx, Inc.  (RNXT)  (CIK 0001574094)",2834,8.01;9.01,clinical data;primary endpoint
0001106838,0001493152-23-001820,ex99-1.htm,2023-01-19,"Sonnet BioTherapeutics Holdings, Inc.  (SONN)  (CIK 0001106838)",2834,7.01;8.01;9.01,primary endpoint
0001662244,0000950170-23-000928,cyt-ex99_1.htm,2023-01-19,"Cyteir Therapeutics, Inc.  (CIK 0001662244)",2834,2.05;5.02;7.01;9.01,clinical data
0001738021,0001171843-23-000338,exh_991.htm,2023-01-19,"Compass Therapeutics, Inc.  (CMPX)  (CIK 0001738021)",2836,8.01;9.01,clinical data;initial data;primary endpoint;results from the Phase
0001651308,0001651308-23-000022,a20230123formxbrukinsapres.htm,2023-01-23,"BeiGene, Ltd.  (BGNE, BEIGF)  (CIK 0001651308)",2834,8.01;9.01,primary endpoint
0001724979,0001104659-23-005901,tm234208d1_8k.htm,2023-01-23,Rain Oncology Inc.  (CIK 0001724979),2834,7.01;9.01,clinical data
0001746473,0001193125-23-012607,d418942d8k.htm,2023-01-23,"PLIANT THERAPEUTICS, INC.  (PLRX)  (CIK 0001746473)",2834,8.01;9.01,interim data;positive data;statistically significant
0001069530,0001171843-23-000444,exh_991.htm,2023-01-24,CASSAVA SCIENCES INC  (SAVA)  (CIK 0001069530),2834,8.01;9.01,clinical data;interim data;top-line data;top-line results
0001356090,0001104659-23-006194,tm234280d1_ex99-1.htm,2023-01-24,"PRECIGEN, INC.  (PGEN)  (CIK 0001356090)",2834,2.02;7.01;9.01,clinical data
0001831828,0001193125-23-018203,d381437d8k.htm,2023-01-30,"Vera Therapeutics, Inc.  (VERA)  (CIK 0001831828)",2834,7.01;8.01;9.01,interim data;topline data;topline results
0001430306,0001387131-23-001054,ex99-01.htm,2023-01-31,Tonix Pharmaceuticals Holding Corp.  (TNXP)  (CIK 0001430306),2834,7.01;8.01;9.01,interim data;preliminary data
0001539029,0001193125-23-022182,d425744d8k.htm,2023-02-02,"Clearside Biomedical, Inc.  (CLSD)  (CIK 0001539029)",2834,2.02;7.01;8.01;9.01,positive results
0001694665,0001193125-23-022876,d344481d8k.htm,2023-02-02,"Evelo Biosciences, Inc.  (EVLO)  (CIK 0001694665)",2834,2.05;5.02;8.01,interim data;primary endpoint
0001662244,0000950170-23-001771,cyt-ex99_1.htm,2023-02-03,"Cyteir Therapeutics, Inc.  (CIK 0001662244)",2834,2.02;2.05;5.02;7.01;9.01,clinical data
0001860782,0001860782-23-000016,nejmpr991.htm,2023-02-10,"2seventy bio, Inc.  (TSVT)  (CIK 0001860782)",2834,7.01;8.01;9.01,positive results;primary endpoint;statistically significant
0001513818,0001437749-23-003180,ex_474856.htm,2023-02-13,"Aravive, Inc.  (CIK 0001513818)",2834,7.01;8.01;9.01,results from the Phase
0001560241,0001628280-23-003209,gthx-20230213.htm,2023-02-13,"G1 Therapeutics, Inc.  (GTHX)  (CIK 0001560241)",2834,7.01;9.01,top-line results
0001659617,0001437749-23-003069,ex_474347.htm,2023-02-13,"Moleculin Biotech, Inc.  (MBRX)  (CIK 0001659617)",2834,7.01;9.01,efficacy data;initial data;topline data;topline results
0001720893,0001104659-23-019876,tm236560d1_8k.htm,2023-02-13,"BioXcel Therapeutics, Inc.  (BTAI)  (CIK 0001720893)",2834,8.01,preliminary data;primary endpoint
0001125345,0001125345-23-000021,exhibit99-1preliminaryresu.htm,2023-02-14,MACROGENICS INC  (MGNX)  (CIK 0001125345),2834,8.01;9.01,preliminary data
0000764195,0001493152-23-005139,ex99-1.htm,2023-02-15,VBI Vaccines Inc/BC  (VBIVQ)  (CIK 0000764195),2834,7.01;9.01,data from the Phase;initial data;interim data
0000879407,0001628280-23-003635,nr-xjnjx0795aroxpnpla3ri.htm,2023-02-15,"ARROWHEAD PHARMACEUTICALS, INC.  (ARWR)  (CIK 0000879407)",2834,1.02;8.01;9.01,clinical data
0001501796,0001193125-23-040742,d460344d8k.htm,2023-02-16,"Aura Biosciences, Inc.  (AURA)  (CIK 0001501796)",2836,7.01;8.01;9.01,efficacy data;interim data
0001693011,0000950170-23-002963,inzy-20230215.htm,2023-02-16,"Inozyme Pharma, Inc.  (INZY)  (CIK 0001693011)",2834,2.02;2.03;7.01;8.01;9.01,clinical data;positive results;topline data
0001788028,0001213900-23-012446,ea173843ex99-1_jasper.htm,2023-02-16,"Jasper Therapeutics, Inc.  (JSPR, JSPRW)  (CIK 0001788028)",2836,7.01;9.01,clinical data;initial data;positive data
0001817229,0001193125-23-040919,d449789d8k.htm,2023-02-16,Vor Biopharma Inc.  (VOR)  (CIK 0001817229),2836,7.01;8.01;9.01,clinical data
0001836056,0001193125-23-041459,d440404d8k.htm,2023-02-17,Ambrx Biopharma Inc.  (CIK 0001836056),2836,8.01;9.01,initial data
0001388320,0001213900-23-013059,ea173990-8k_actinium.htm,2023-02-21,"Actinium Pharmaceuticals, Inc.  (ATNM)  (CIK 0001388320)",2834,7.01;9.01,primary endpoint
0001828522,0001193125-23-043018,d929354d8k.htm,2023-02-21,"eFFECTOR Therapeutics, Inc.  (EFTR, EFTRW)  (CIK 0001828522)",2834,8.01,top-line results
0001178879,0001104659-23-024366,tm237622d1_ex99-1.htm,2023-02-22,"AMICUS THERAPEUTICS, INC.  (FOLD)  (CIK 0001178879)",2834,7.01;9.01,positive results
0000906709,0001213900-23-014008,ea174171-8k_nektartherap.htm,2023-02-23,NEKTAR THERAPEUTICS  (NKTR)  (CIK 0000906709),2834,7.01;8.01;9.01,data from the Phase;topline data
0001420565,0001193125-23-046516,d433980d8k.htm,2023-02-23,AILERON THERAPEUTICS INC  (ALRN)  (CIK 0001420565),2834,2.05;8.01,initial data;primary endpoint
0001610820,0001493152-23-005827,ex99-1.htm,2023-02-23,"BriaCell Therapeutics Corp.  (BCTX, BCTXW)  (CIK 0001610820)",2834,7.01;9.01,clinical data;primary endpoint
0001748907,0000950170-23-004239,ortx-ex99_1.htm,2023-02-24,Orchard Therapeutics plc  (CIK 0001748907),2836,8.01;9.01,clinical data;primary endpoint;statistically significant
0001787297,0001558370-23-001964,pasg-20230224x8k.htm,2023-02-24,"Passage BIO, Inc.  (PASG)  (CIK 0001787297)",2836,7.01;9.01,interim data
0001597264,0001104659-23-025682,tm237913d1_ex99-1.htm,2023-02-27,Blueprint Medicines Corp  (BPMC)  (CIK 0001597264),2834,7.01;9.01,clinical data;primary endpoint;statistically significant
0001822791,0001437749-23-004629,ex_479455.htm,2023-02-27,"Clene Inc.  (CLNN, CLNNW)  (CIK 0001822791)",2834,8.01;9.01,clinical data;primary endpoint;statistically significant;topline results
0001610618,0001193125-23-055140,d443406d8k.htm,2023-03-01,"Cidara Therapeutics, Inc.  (CDTX)  (CIK 0001610618)",2836,8.01,interim data
0001836056,0001193125-23-055216,d434460d8k.htm,2023-03-01,Ambrx Biopharma Inc.  (CIK 0001836056),2836,8.01;9.01,primary endpoint
0000921114,0001104659-23-028700,tm238594d1_8k.htm,2023-03-06,"Armata Pharmaceuticals, Inc.  (ARMP)  (CIK 0000921114)",2836,7.01;9.01,topline data
0001061983,0000950170-23-006114,cytk-20230304.htm,2023-03-06,CYTOKINETICS INC  (CYTK)  (CIK 0001061983),2834,8.01,positive results;statistically significant
0001557746,0001558370-23-002835,acrs-20230306x8k.htm,2023-03-06,"Aclaris Therapeutics, Inc.  (ACRS)  (CIK 0001557746)",2834,8.01;9.01,topline data
0001743881,0001193125-23-060828,d467337d8k.htm,2023-03-06,"BridgeBio Pharma, Inc.  (BBIO)  (CIK 0001743881)",2834,7.01;8.01;9.01,clinical data;positive results;statistically significant;topline results
0001822791,0001437749-23-005470,ex_484093.htm,2023-03-06,"Clene Inc.  (CLNN, CLNNW)  (CIK 0001822791)",2834,8.01;9.01,primary endpoint;statistically significant;topline results
0000819050,0000819050-23-000025,a202303078kex991.htm,2023-03-07,"Fresh Tracks Therapeutics, Inc.  (FRTX)  (CIK 0000819050)",2836,7.01;8.01;9.01,topline results
0001126234,0001126234-23-000031,lumo-20230306x8kxex991.htm,2023-03-07,"LUMOS PHARMA, INC.  (LUMO)  (CIK 0001126234)",2834,8.01;9.01,interim data;top-line results
0001411685,0001437749-23-005818,ex_485683.htm,2023-03-08,"Vistagen Therapeutics, Inc.  (VTGN)  (CIK 0001411685)",2834,8.01;9.01,top-line results
0001822791,0001437749-23-005863,ex_485881.htm,2023-03-09,"Clene Inc.  (CLNN, CLNNW)  (CIK 0001822791)",2834,8.01;9.01,statistically significant
0001635088,0001140361-23-011727,brhc10049821_8k.htm,2023-03-15,Roivant Sciences Ltd.  (ROIV)  (CIK 0001635088),2834,8.01;9.01,topline results
0001069308,0001564590-23-003860,acer-8k_20230317.htm,2023-03-17,Acer Therapeutics Inc.  (CIK 0001069308),2834,8.01;9.01,topline results
0001771917,0000950170-23-008684,krtx-20230320.htm,2023-03-20,"Karuna Therapeutics, Inc.  (CIK 0001771917)",2834,7.01;8.01;9.01,topline results
0001326190,0001326190-23-000017,alt-20230321x8k.htm,2023-03-21,"Altimmune, Inc.  (ALT)  (CIK 0001326190)",2834,7.01;8.01;9.01,topline results
0001453687,0001193125-23-075297,d485004d8k.htm,2023-03-21,SELECTA BIOSCIENCES INC  (RNAC)  (CIK 0001453687),2834,7.01;8.01;9.01,data from the Phase;primary endpoint;top-line data;top-line results
0001659617,0001437749-23-007541,ex_490931.htm,2023-03-22,"Moleculin Biotech, Inc.  (MBRX)  (CIK 0001659617)",2834,7.01;9.01,interim data;positive data;preliminary data;topline data;topline results
0001785173,0001193125-23-076241,d486980d8k.htm,2023-03-22,"89bio, Inc.  (ETNB)  (CIK 0001785173)",2834,7.01;9.01,topline data
0001411685,0001437749-23-007585,ex_492153.htm,2023-03-23,"Vistagen Therapeutics, Inc.  (VTGN)  (CIK 0001411685)",2834,8.01;9.01,positive data;primary endpoint
0000874015,0001140361-23-013852,brhc10050366_8k.htm,2023-03-27,IONIS PHARMACEUTICALS INC  (IONS)  (CIK 0000874015),2834,8.01;9.01,topline results
0001463361,0000950170-23-009847,ubx-ex99_1.htm,2023-03-27,"Unity Biotechnology, Inc.  (UBX)  (CIK 0001463361)",2834,8.01;9.01,clinical data;data from the Phase;statistically significant
0001479419,0001558370-23-004634,kala-20230327x8k.htm,2023-03-27,"Kala Pharmaceuticals, Inc.  (KALA)  (CIK 0001479419)",2834,8.01,efficacy data;interim data;primary endpoint;topline data
0001645469,0001654954-23-003607,mnpr_8k.htm,2023-03-27,Monopar Therapeutics  (MNPR)  (CIK 0001645469),2834,7.01;8.01;9.01,efficacy data
0001455365,0001104659-23-037397,tm2310682d1_ex99-1.htm,2023-03-28,COGNITION THERAPEUTICS INC  (CGTX)  (CIK 0001455365),2836,8.01;9.01,preliminary data;statistically significant
0001567514,0001193125-23-081351,d464214d8k.htm,2023-03-28,"Intra-Cellular Therapies, Inc.  (ITCI)  (CIK 0001567514)",2834,8.01;9.01,topline results
0001607678,0000950170-23-010108,vktx-ex99_1.htm,2023-03-28,"Viking Therapeutics, Inc.  (VKTX)  (CIK 0001607678)",2834,7.01;9.01,initial data;positive results;statistically significant
0001840439,0001193125-23-082314,d311150d8k.htm,2023-03-28,"Biomea Fusion, Inc.  (BMEA)  (CIK 0001840439)",2834,7.01;8.01;9.01,clinical data;data from the Phase;positive data
0001429560,0001104659-23-038719,tm2310957d1_8k.htm,2023-03-30,TREVENA INC  (TRVN)  (CIK 0001429560),2834,8.01;9.01,topline data
0001430306,0001387131-23-004129,ex99-01.htm,2023-03-30,Tonix Pharmaceuticals Holding Corp.  (TNXP)  (CIK 0001430306),2834,7.01;8.01;9.01,interim data;primary endpoint;statistically significant;topline data
0001061983,0000950170-23-011143,cytk-20230331.htm,2023-03-31,CYTOKINETICS INC  (CYTK)  (CIK 0001061983),2834,8.01,primary endpoint
0001444307,0001493152-23-010514,ex99-1.htm,2023-04-03,ONCOSEC MEDICAL Inc  (ONCSQ)  (CIK 0001444307),2834,8.01;9.01,clinical data;data from the Phase;interim data;primary endpoint
0001822711,0000950170-23-011474,prds-20230331.htm,2023-04-03,"PARDES BIOSCIENCES, INC.  (CIK 0001822711)",2834,2.02;2.05;7.01;8.01;9.01,primary endpoint;results from the Phase;topline results
0000057725,0001104659-23-041221,tm2311457d1_ex99-1.htm,2023-04-04,LANNETT CO INC  (CIK 0000057725),2834,8.01;9.01,positive results
0001280776,0001193805-23-000500,e618467_ex99-1.htm,2023-04-05,"IMMUNIC, INC.  (IMUX)  (CIK 0001280776)",2834,8.01;9.01,clinical data;efficacy data;initial data;positive data;positive results;primary endpoint;statistically significant
0001600620,0001600620-23-000004,auph-20230405.htm,2023-04-05,Aurinia Pharmaceuticals Inc.  (AUPH)  (CIK 0001600620),2834,7.01;9.01,topline data
0001082038,0000950170-23-012245,drrx-ex99_1.htm,2023-04-10,DURECT CORP  (DRRX)  (CIK 0001082038),2834,8.01;9.01,efficacy data;statistically significant;topline data
0001492426,0001193125-23-095854,d413888d8k.htm,2023-04-10,Horizon Therapeutics Public Ltd Co  (CIK 0001492426),2834,8.01,primary endpoint;statistically significant;topline data;topline results
0001860657,0001213900-23-028716,ea176775ex99-1_allarity.htm,2023-04-11,"Allarity Therapeutics, Inc.  (ALLR)  (CIK 0001860657)",2834,7.01;9.01,statistically significant
0001878313,0001564590-23-005579,maia-8k_20230411.htm,2023-04-11,"MAIA Biotechnology, Inc.  (MAIA)  (CIK 0001878313)",2834,7.01;9.01,topline data
0001636282,0001193125-23-098539,d485603dex991.htm,2023-04-12,"Aeglea BioTherapeutics, Inc.  (SYRE)  (CIK 0001636282)",2834,2.05;5.02;8.01;9.01,primary endpoint
0001372299,0001104659-23-045447,tm2312896d1_8k.htm,2023-04-14,"Ocugen, Inc.  (OCGN)  (CIK 0001372299)",2836,8.01;9.01,clinical data;preliminary data
0001804591,0000950170-23-012883,me-20230414.htm,2023-04-14,23andMe Holding Co.  (ME)  (CIK 0001804591),2834,7.01,results from the Phase
0000715446,0001493152-23-012483,ex99-1.htm,2023-04-17,Anixa Biosciences Inc  (ANIX)  (CIK 0000715446),2834,7.01;9.01,data from the Phase;positive data
0001610820,0001493152-23-012566,ex99-1.htm,2023-04-17,"BriaCell Therapeutics Corp.  (BCTX, BCTXW)  (CIK 0001610820)",2834,7.01;9.01,clinical data;positive data
0001649094,0001193125-23-102874,d492750d8k.htm,2023-04-17,"Vaxcyte, Inc.  (PCVX)  (CIK 0001649094)",2836,8.01;9.01,positive data
0001651311,0001193125-23-103837,d492432d8k.htm,2023-04-17,Merus N.V.  (MRUS)  (CIK 0001651311),2834,8.01,clinical data
0001797768,0001140361-23-018635,brhc20051493_ex99-1.htm,2023-04-17,Kinnate Biopharma Inc.  (CIK 0001797768),2834,2.02;8.01;9.01,clinical data;initial data
0001106838,0001493152-23-012803,ex99-1.htm,2023-04-18,"Sonnet BioTherapeutics Holdings, Inc.  (SONN)  (CIK 0001106838)",2834,7.01;8.01;9.01,clinical data;primary endpoint
0001426800,0000950170-23-013272,asmb-ex99_1.htm,2023-04-18,"ASSEMBLY BIOSCIENCES, INC.  (ASMB)  (CIK 0001426800)",2834,8.01;9.01,clinical data;efficacy data
0001447028,0001171843-23-002368,exh_991.htm,2023-04-18,Arbutus Biopharma Corp  (ABUS)  (CIK 0001447028),2834,8.01;9.01,clinical data
0001582554,0001493152-23-012718,ex99-1.htm,2023-04-18,"Matinas BioPharma Holdings, Inc.  (MTNB)  (CIK 0001582554)",2834,7.01;8.01;9.01,clinical data
0001808158,0001193125-23-104425,d483909d8k.htm,2023-04-18,Repare Therapeutics Inc.  (RPTX)  (CIK 0001808158),2834,7.01;9.01,clinical data
0001651308,0001651308-23-000056,a202304ormxrational305pres.htm,2023-04-20,"BeiGene, Ltd.  (BGNE, BEIGF)  (CIK 0001651308)",2834,8.01;9.01,primary endpoint;statistically significant
0001845337,0001193125-23-107202,d414909dex991.htm,2023-04-20,"Day One Biopharmaceuticals, Inc.  (DAWN)  (CIK 0001845337)",2834,7.01;9.01,clinical data;primary endpoint
0000874015,0001140361-23-019757,brhc20051808_8k.htm,2023-04-24,IONIS PHARMACEUTICALS INC  (IONS)  (CIK 0000874015),2834,8.01;9.01,positive results
0001463361,0000950170-23-013935,ubx-ex99_1.htm,2023-04-24,"Unity Biotechnology, Inc.  (UBX)  (CIK 0001463361)",2834,8.01;9.01,clinical data;positive results;statistically significant
0001676725,0001193125-23-111671,d258607d8k.htm,2023-04-24,"IDEAYA Biosciences, Inc.  (IDYA)  (CIK 0001676725)",2834,8.01,clinical data;data from the Phase;efficacy data;primary endpoint
0001697532,0001104659-23-048686,tm2313498d1_ex99-1.htm,2023-04-24,Applied Therapeutics Inc.  (APLT)  (CIK 0001697532),2834,1.01;3.02;7.01;8.01;9.01,primary endpoint;statistically significant
0001711279,0001711279-23-000025,ex991arvopressrelease.htm,2023-04-24,"Krystal Biotech, Inc.  (KRYS)  (CIK 0001711279)",2836,7.01;9.01,clinical data;initial data
0001740279,0001193125-23-111832,d421859dex991.htm,2023-04-24,"IN8BIO, INC.  (INAB)  (CIK 0001740279)",2836,7.01;8.01;9.01,data from the Phase;positive data
0001725160,0001725160-23-000073,asco2023andfoundation_roch.htm,2023-04-26,"Zentalis Pharmaceuticals, Inc.  (ZNTL)  (CIK 0001725160)",2834,7.01;8.01;9.01,clinical data
0001831283,0001831283-23-000071,lian-20230426.htm,2023-04-26,LianBio  (LIANY)  (CIK 0001831283),2834,7.01;8.01;9.01,clinical data;interim data;primary endpoint;statistically significant;topline data;topline results
0000911216,0001654954-23-005253,ptn_ex991.htm,2023-04-27,PALATIN TECHNOLOGIES INC  (PTN)  (CIK 0000911216),2834,8.01;9.01,clinical data;results from the Phase;topline data
0001372514,0001372514-23-000057,ex991-pressreleaseprelimin.htm,2023-04-27,"KIORA PHARMACEUTICALS INC  (KPRX, KPHMW)  (CIK 0001372514)",2834,8.01;9.01,preliminary data
0001447028,0001171843-23-002604,exh_991.htm,2023-04-27,Arbutus Biopharma Corp  (ABUS)  (CIK 0001447028),2834,8.01;9.01,clinical data;initial data;preliminary data
0001599901,0001599901-23-000017,a04-27x23vol7marinatopli.htm,2023-04-27,"Avidity Biosciences, Inc.  (RNA)  (CIK 0001599901)",2834,7.01;8.01;9.01,top-line data;topline data
0001636651,0000950170-23-015343,ovid-ex99_1.htm,2023-04-27,Ovid Therapeutics Inc.  (OVID)  (CIK 0001636651),2834,8.01;9.01,data from the Phase;interim data
0001752828,0000950170-23-015374,celu-ex99_1.htm,2023-04-27,"Celularity Inc  (CELU, CELUW)  (CIK 0001752828)",2834,8.01;9.01,clinical data
0001359931,0001213900-23-033507,ea177564-8k_protara.htm,2023-04-28,"Protara Therapeutics, Inc.  (TARA)  (CIK 0001359931)",2836,7.01;9.01,preliminary data
0001833214,0001437749-23-011514,ex_508947.htm,2023-04-28,"SAB Biotherapeutics, Inc.  (SABS, SABSW)  (CIK 0001833214)",2836,7.01;9.01,positive results;primary endpoint;results from the Phase;top-line results
0000911216,0001654954-23-005504,ptn_ex991.htm,2023-05-01,PALATIN TECHNOLOGIES INC  (PTN)  (CIK 0000911216),2834,8.01;9.01,positive data
0001438533,0001438533-23-000018,tvtx-20230501.htm,2023-05-01,"Travere Therapeutics, Inc.  (TVTX)  (CIK 0001438533)",2834,8.01;9.01,primary endpoint;results from the Phase;statistically significant;topline data
0001601485,0001601485-23-000032,a8k20230501_exhibit991.htm,2023-05-01,Angion Biomedica Corp.  (ELTX)  (CIK 0001601485),2834,8.01;9.01,data from the Phase;interim data
0001746473,0001193125-23-128616,d440511dex991.htm,2023-05-01,"PLIANT THERAPEUTICS, INC.  (PLRX)  (CIK 0001746473)",2834,8.01;9.01,primary endpoint
0001831283,0001831283-23-000073,a2023mavainvestoreventpr.htm,2023-05-01,LianBio  (LIANY)  (CIK 0001831283),2834,7.01;9.01,clinical data;interim data;primary endpoint;statistically significant;topline data
0001659617,0001437749-23-011996,ex_510188.htm,2023-05-02,"Moleculin Biotech, Inc.  (MBRX)  (CIK 0001659617)",2834,7.01;9.01,positive results
0000855654,0001558370-23-007741,imgn-20230503x8k.htm,2023-05-03,"ImmunoGen, Inc.  (CIK 0000855654)",2834,7.01;9.01,top-line results
0001280776,0001193805-23-000659,e618584_8k-immunic.htm,2023-05-04,"IMMUNIC, INC.  (IMUX)  (CIK 0001280776)",2834,8.01;9.01,positive results
0001126234,0001126234-23-000062,lumo-20230508x8kxex991.htm,2023-05-08,"LUMOS PHARMA, INC.  (LUMO)  (CIK 0001126234)",2834,8.01;9.01,interim data
0001613780,0001193125-23-141488,d237467dex991.htm,2023-05-11,DBV Technologies S.A.  (DBVT)  (CIK 0001613780),2836,7.01;9.01,primary endpoint;statistically significant;topline results
0001711279,0001711279-23-000033,isid2023-finalposterpdf_.htm,2023-05-11,"Krystal Biotech, Inc.  (KRYS)  (CIK 0001711279)",2836,7.01;9.01,statistically significant
0001535955,0001493152-23-017637,ex99-1.htm,2023-05-16,Lipocine Inc.  (LPCN)  (CIK 0001535955),2834,8.01;9.01,positive results;topline results
0001635088,0001140361-23-024924,brhc20053009_8k.htm,2023-05-16,Roivant Sciences Ltd.  (ROIV)  (CIK 0001635088),2834,8.01;9.01,topline results
0001835022,0001193125-23-145650,d471671d8k.htm,2023-05-16,"Coya Therapeutics, Inc.  (COYA)  (CIK 0001835022)",2834,7.01;8.01;9.01,clinical data
0001070081,0001070081-23-000030,tmb-20230517x8k.htm,2023-05-17,"PTC THERAPEUTICS, INC.  (PTCT)  (CIK 0001070081)",2834,7.01;8.01;9.01,primary endpoint;topline results
0001783328,0001193125-23-146584,d490821d8k.htm,2023-05-17,"TScan Therapeutics, Inc.  (TCRX)  (CIK 0001783328)",2836,8.01;9.01,preliminary data
0000921299,0000950170-23-022879,fgen-20230518.htm,2023-05-18,FIBROGEN INC  (FGEN)  (CIK 0000921299),2834,8.01;9.01,topline results
0001681087,0001140361-23-025377,brhc20053135_8k.htm,2023-05-18,"AVROBIO, Inc.  (TECX)  (CIK 0001681087)",2836,7.01;9.01,positive data
0001711279,0001711279-23-000037,a991pressreleasekrystalbio.htm,2023-05-19,"Krystal Biotech, Inc.  (KRYS)  (CIK 0001711279)",2836,7.01;8.01;9.01,primary endpoint
0001860782,0001860782-23-000081,tvst-20230519.htm,2023-05-19,"2seventy bio, Inc.  (TSVT)  (CIK 0001860782)",2834,7.01;8.01;9.01,interim data
0001597264,0001104659-23-063202,tm2316465d1_ex99-1.htm,2023-05-22,Blueprint Medicines Corp  (BPMC)  (CIK 0001597264),2834,8.01;9.01,statistically significant
0001664710,0001664710-23-000033,exhibit991atspr2023.htm,2023-05-22,"Keros Therapeutics, Inc.  (KROS)  (CIK 0001664710)",2834,8.01;9.01,clinical data;topline data
0001724979,0001104659-23-062936,tm2316419d1_8k.htm,2023-05-22,Rain Oncology Inc.  (CIK 0001724979),2834,7.01;9.01,topline data
0001786255,0001193125-23-150624,d438524d8k.htm,2023-05-22,"Icosavax, Inc.  (CIK 0001786255)",2836,7.01;8.01;9.01,clinical data
0001061983,0000950170-23-023505,cytk-ex99_1.htm,2023-05-23,CYTOKINETICS INC  (CYTK)  (CIK 0001061983),2834,8.01;9.01,initial data;statistically significant
0001070081,0001104659-23-063688,tm2316598d1_8k.htm,2023-05-23,"PTC THERAPEUTICS, INC.  (PTCT)  (CIK 0001070081)",2834,2.05;5.02;7.01;8.01;9.01,primary endpoint;topline results
0001631574,0001193125-23-151113,d449265d8k.htm,2023-05-23,Wave Life Sciences Ltd.  (WVE)  (CIK 0001631574),2834,7.01;8.01;9.01,topline data
0001576263,0001628280-23-019591,miratitherapeuticssitravat.htm,2023-05-24,"Mirati Therapeutics, Inc.  (CIK 0001576263)",2834,8.01;9.01,primary endpoint
0001472091,0001140361-23-026666,brhc20053543_8k.htm,2023-05-25,PDS Biotechnology Corp  (PDSB)  (CIK 0001472091),2834,8.01;9.01,interim data
0001509745,0001104659-23-064739,tm2317022d1_ex99-1.htm,2023-05-25,"LEAP THERAPEUTICS, INC.  (LPTX)  (CIK 0001509745)",2834,8.01;9.01,clinical data
0001513818,0001437749-23-015875,ex_525160.htm,2023-05-25,"Aravive, Inc.  (CIK 0001513818)",2834,7.01;8.01;9.01,results from the Phase
0001526119,0001558370-23-010485,vstm-20230525xex99d1.htm,2023-05-25,"Verastem, Inc.  (VSTM)  (CIK 0001526119)",2834,8.01;9.01,interim data;topline data
0001528115,0001193125-23-153420,d468662d8k.htm,2023-05-25,"Annexon, Inc.  (ANNX)  (CIK 0001528115)",2834,8.01;9.01,statistically significant;topline data;topline results
0001745020,0001745020-23-000018,thrx-20230525xexx991.htm,2023-05-25,"Theseus Pharmaceuticals, Inc.  (CIK 0001745020)",2834,7.01;8.01;9.01,data from the Phase
0001761918,0000950170-23-024292,eras-20230525.htm,2023-05-25,"Erasca, Inc.  (ERAS)  (CIK 0001761918)",2834,8.01,preliminary data
0001789972,0001193125-23-154347,d462773d8k.htm,2023-05-25,"Cullinan Oncology, Inc.  (CGEM)  (CIK 0001789972)",2836,7.01;8.01;9.01,clinical data
0001812364,0000950170-23-024290,rlay-ex99_1.htm,2023-05-25,"Relay Therapeutics, Inc.  (RLAY)  (CIK 0001812364)",2836,7.01;9.01,initial data;interim data
0001828522,0001193125-23-154343,d255393d8k.htm,2023-05-25,"eFFECTOR Therapeutics, Inc.  (EFTR, EFTRW)  (CIK 0001828522)",2834,8.01,initial data;interim data;topline data
0001595248,0001437749-23-015996,gnpx20230516_8k.htm,2023-05-26,"Genprex, Inc.  (GNPX)  (CIK 0001595248)",2834,8.01;9.01,clinical data;data from the Phase;primary endpoint
0001722964,0001104659-23-065549,tm2316545d2_8k.htm,2023-05-26,"Y-mAbs Therapeutics, Inc.  (YMAB)  (CIK 0001722964)",2834,7.01;9.01,clinical data
0001725160,0001725160-23-000119,d2azenochemocomboasco05252.htm,2023-05-26,"Zentalis Pharmaceuticals, Inc.  (ZNTL)  (CIK 0001725160)",2834,7.01;8.01;9.01,data from the Phase;positive data
0001357874,0000950170-23-025091,dtil-20230531.htm,2023-05-31,PRECISION BIOSCIENCES INC  (DTIL)  (CIK 0001357874),2836,7.01;8.01;9.01,clinical data;initial data
0001398733,0001628280-23-020227,aqst-20230531.htm,2023-05-31,"Aquestive Therapeutics, Inc.  (AQST)  (CIK 0001398733)",2834,7.01;8.01;9.01,clinical data;interim data;topline data;topline results
0001438533,0001438533-23-000030,tvtx-20230531.htm,2023-05-31,"Travere Therapeutics, Inc.  (TVTX)  (CIK 0001438533)",2834,8.01;9.01,preliminary data;topline results
0001760542,0001104659-23-066700,tm2317399d2_8k.htm,2023-05-31,HOOKIPA Pharma Inc.  (HOOK)  (CIK 0001760542),2834,7.01;8.01;9.01,data from the Phase;preliminary data;results from the Phase
0001411685,0001437749-23-016377,ex_528769.htm,2023-06-01,"Vistagen Therapeutics, Inc.  (VTGN)  (CIK 0001411685)",2834,8.01;9.01,efficacy data
0001401914,0001493152-23-020081,ex99-1.htm,2023-06-05,"Dare Bioscience, Inc.  (DARE)  (CIK 0001401914)",2834,7.01;8.01;9.01,data from the Phase;efficacy data;primary endpoint;statistically significant;top-line data;topline data;topline results
0001515673,0000950170-23-026375,rare-20230605.htm,2023-06-05,Ultragenyx Pharmaceutical Inc.  (RARE)  (CIK 0001515673),2834,7.01;8.01;9.01,statistically significant
0001538210,0001193125-23-160358,d453826dex991.htm,2023-06-05,"NexImmune, Inc.  (NEXI)  (CIK 0001538210)",2834,7.01;8.01;9.01,clinical data;positive data
0001600132,0001104659-23-067854,tm2317784d1_8k.htm,2023-06-05,"Bellerophon Therapeutics, Inc.  (BLPH)  (CIK 0001600132)",2834,8.01;9.01,top-line data
0001601485,0001140361-23-028235,brhc20054007_8k.htm,2023-06-05,"Elicio Therapeutics, Inc.  (ELTX)  (CIK 0001601485)",2834,8.01;9.01,data from the Phase;interim data
0001662244,0000950170-23-026236,cyt-ex99_1.htm,2023-06-05,"Cyteir Therapeutics, Inc.  (CIK 0001662244)",2834,8.01;9.01,data from the Phase;preliminary data
0001724521,0000950170-23-026241,rcus-20230603.htm,2023-06-05,"Arcus Biosciences, Inc.  (RCUS)  (CIK 0001724521)",2834,7.01;8.01,clinical data;efficacy data
0001725160,0001725160-23-000129,ex991-smith_asco2023xznx.htm,2023-06-05,"Zentalis Pharmaceuticals, Inc.  (ZNTL)  (CIK 0001725160)",2834,7.01;8.01;9.01,efficacy data
0001744659,0001193125-23-160325,d513466d8k.htm,2023-06-05,"Akero Therapeutics, Inc.  (AKRO)  (CIK 0001744659)",2834,2.02;7.01;8.01;9.01,positive results;topline data
0001783032,0001558370-23-010788,elev-20230603x8k.htm,2023-06-05,"Elevation Oncology, Inc.  (ELEV)  (CIK 0001783032)",2836,7.01;8.01;9.01,clinical data
0001845459,0001104659-23-067866,tm2317782d1_8k.htm,2023-06-05,"Graf Acquisition Corp. IV  (NKGN, NKGNW)  (CIK 0001845459)",2836,7.01;9.01,clinical data
0001937653,0001193125-23-160031,d504484d8k.htm,2023-06-05,Zymeworks Inc.  (ZYME)  (CIK 0001937653),2834,8.01,primary endpoint
0001622229,0001193125-23-161596,d425875d8k.htm,2023-06-06,"Cogent Biosciences, Inc.  (COGT)  (CIK 0001622229)",2834,8.01,clinical data
0001704292,0001628280-23-021025,a2023-06x06xlunarclinicalt.htm,2023-06-06,Zai Lab Ltd  (ZLAB)  (CIK 0001704292),2834,8.01,positive results;primary endpoint;results from the Phase;statistically significant
0001725160,0001725160-23-000131,ex991-monoasco06062023vf_.htm,2023-06-06,"Zentalis Pharmaceuticals, Inc.  (ZNTL)  (CIK 0001725160)",2834,7.01;8.01;9.01,clinical data;efficacy data
0000921299,0000950170-23-026748,fgen-20230607.htm,2023-06-07,FIBROGEN INC  (FGEN)  (CIK 0000921299),2834,8.01;9.01,topline results
0001411685,0001437749-23-016888,ex_530895.htm,2023-06-07,"Vistagen Therapeutics, Inc.  (VTGN)  (CIK 0001411685)",2834,8.01;9.01,positive results;statistically significant
0001447028,0001171843-23-003807,exh_991.htm,2023-06-07,Arbutus Biopharma Corp  (ABUS)  (CIK 0001447028),2834,8.01;9.01,clinical data;interim data
0001737287,0001737287-23-000056,allo-20230603.htm,2023-06-07,"Allogene Therapeutics, Inc.  (ALLO)  (CIK 0001737287)",2836,8.01,data from the Phase
0001808158,0001193125-23-162576,d473189dex991.htm,2023-06-07,Repare Therapeutics Inc.  (RPTX)  (CIK 0001808158),2834,8.01;9.01,efficacy data
0001655759,0001655759-23-000043,arv-766p1p2disclosure_vf.htm,2023-06-08,"ARVINAS, INC.  (ARVN)  (CIK 0001655759)",2834,7.01;8.01;9.01,data from the Phase;interim data
0001650664,0001558370-23-010931,edit-20230609x8k.htm,2023-06-09,"Editas Medicine, Inc.  (EDIT)  (CIK 0001650664)",2836,7.01;8.01;9.01,efficacy data
0001816736,0001193125-23-164010,d350054d8k.htm,2023-06-09,"Disc Medicine, Inc.  (IRON)  (CIK 0001816736)",2834,7.01;8.01;9.01,initial data
0001817229,0001193125-23-163990,d623996d8k.htm,2023-06-09,Vor Biopharma Inc.  (VOR)  (CIK 0001817229),2836,7.01;8.01;9.01,clinical data
0000882361,0001171843-23-003856,exh_991.htm,2023-06-12,Aptose Biosciences Inc.  (APTO)  (CIK 0000882361),2836,8.01;9.01,clinical data
0001435049,0001193125-23-165337,d509285dex991.htm,2023-06-12,"CHINOOK THERAPEUTICS, INC.  (CIK 0001435049)",2834,8.01;9.01,data from the Phase;initial data
0001472091,0001140361-23-029740,brhc20054419_ex99-1.htm,2023-06-14,PDS Biotechnology Corp  (PDSB)  (CIK 0001472091),2834,8.01;9.01,clinical data;interim data;preliminary data;primary endpoint
0001035354,0001104659-23-071430,tm2318799d1_8k.htm,2023-06-15,"Eloxx Pharmaceuticals, Inc.  (ELOX)  (CIK 0001035354)",2836,8.01,topline data;topline results
0001341235,0001157523-23-000973,a53421176.htm,2023-06-15,"Aldeyra Therapeutics, Inc.  (ALDX)  (CIK 0001341235)",2834,7.01;8.01;9.01,results from the Phase;top-line results
0001651308,0001651308-23-000085,a20230615formxicmlpressrel.htm,2023-06-15,"BeiGene, Ltd.  (BGNE, BEIGF)  (CIK 0001651308)",2834,3.03;5.03;5.07;8.01;9.01,results from the Phase
0001394319,0000950170-23-028784,tcon-20230613.htm,2023-06-20,"Tracon Pharmaceuticals, Inc.  (TCON)  (CIK 0001394319)",2836,8.01;9.01,efficacy data;positive results
0001435049,0001193125-23-169726,d448184dex991.htm,2023-06-20,"CHINOOK THERAPEUTICS, INC.  (CIK 0001435049)",2834,8.01;9.01,clinical data
0001504167,0001437749-23-017768,ex_534462.htm,2023-06-20,"Timber Pharmaceuticals, Inc.  (CIK 0001504167)",2834,7.01;8.01;9.01,efficacy data;primary endpoint
0001506251,0001213900-23-050034,ea180605-8k_citiuspharma.htm,2023-06-20,"Citius Pharmaceuticals, Inc.  (CTXR)  (CIK 0001506251)",2834,8.01;9.01,positive results;results from the Phase
0001714899,0001714899-23-000103,ex991pressrelease6202023.htm,2023-06-20,Denali Therapeutics Inc.  (DNLI)  (CIK 0001714899),2836,8.01;9.01,data from the Phase;interim data
0001070081,0001070081-23-000036,tmb-20230621x8k.htm,2023-06-21,"PTC THERAPEUTICS, INC.  (PTCT)  (CIK 0001070081)",2834,7.01;9.01,interim data
0001126234,0001126234-23-000079,lumo-20230621xex991.htm,2023-06-21,"LUMOS PHARMA, INC.  (LUMO)  (CIK 0001126234)",2834,8.01;9.01,interim data
0001447028,0001171843-23-004026,exh_991.htm,2023-06-21,Arbutus Biopharma Corp  (ABUS)  (CIK 0001447028),2834,8.01;9.01,clinical data;preliminary data
0001496323,0001193125-23-171254,d451541dex991.htm,2023-06-21,"IGM Biosciences, Inc.  (IGMS)  (CIK 0001496323)",2834,8.01;9.01,clinical data
0001737287,0001737287-23-000067,allo-20230615.htm,2023-06-21,"Allogene Therapeutics, Inc.  (ALLO)  (CIK 0001737287)",2836,8.01,data from the Phase
0001828185,0001104659-23-073326,tm2319306d1_8k.htm,2023-06-21,Vaccitech plc  (BRNS)  (CIK 0001828185),2834,7.01;8.01;9.01,interim data
0001590560,0001104659-23-073817,tm2319377d1_8k.htm,2023-06-22,uniQure N.V.  (QURE)  (CIK 0001590560),2834,7.01;8.01;9.01,clinical data;efficacy data;interim data
0001635088,0001140361-23-030856,brhc20054731_8k.htm,2023-06-22,Roivant Sciences Ltd.  (ROIV)  (CIK 0001635088),2834,8.01;9.01,positive results
0001677077,0001214659-23-008740,ex99_1.htm,2023-06-22,"Alzamend Neuro, Inc.  (ALZN)  (CIK 0001677077)",2834,7.01;9.01,topline data
0001728328,0001213900-23-050991,ea180810ex99-1_inmedpharma.htm,2023-06-22,InMed Pharmaceuticals Inc.  (INM)  (CIK 0001728328),2834,7.01;9.01,efficacy data;statistically significant
0000921299,0000950170-23-029736,fgen-20230626.htm,2023-06-26,FIBROGEN INC  (FGEN)  (CIK 0000921299),2834,8.01;9.01,topline results
0001429560,0001104659-23-074508,tm2319045d2_ex99-1.htm,2023-06-26,TREVENA INC  (TRVN)  (CIK 0001429560),2834,8.01;9.01,statistically significant;topline data;topline results
0001434868,0001104659-23-074439,tm2319637d1_ex99-1.htm,2023-06-26,"Esperion Therapeutics, Inc.  (ESPR)  (CIK 0001434868)",2834,7.01;8.01;9.01,primary endpoint
0001534120,0001628280-23-023374,avtx-20230626.htm,2023-06-26,"Avalo Therapeutics, Inc.  (AVTX)  (CIK 0001534120)",2834,8.01;9.01,topline data
0001720580,0000950170-23-029851,acet-20230626.htm,2023-06-26,"Adicet Bio, Inc.  (ACET)  (CIK 0001720580)",2834,7.01;8.01;9.01,efficacy data;positive data;positive results
0001787400,0000950170-23-029860,nktx-20230626.htm,2023-06-26,"Nkarta, Inc.  (NKTX)  (CIK 0001787400)",2834,7.01;9.01,clinical data
0001821586,0001628280-23-023381,exhibit991-8xk.htm,2023-06-26,MoonLake Immunotherapeutics  (MLTX)  (CIK 0001821586),2834,7.01;9.01,primary endpoint;top-line results;topline data;topline results
0001341235,0001157523-23-001035,a53433819.htm,2023-06-27,"Aldeyra Therapeutics, Inc.  (ALDX)  (CIK 0001341235)",2834,7.01;8.01;9.01,results from the Phase;top-line results
0001701541,0001104659-23-074995,tm2319750d1_8k.htm,2023-06-27,"Black Diamond Therapeutics, Inc.  (BDTX)  (CIK 0001701541)",2836,7.01;8.01;9.01,clinical data
0001787400,0000950170-23-029955,nktx-20230627.htm,2023-06-27,"Nkarta, Inc.  (NKTX)  (CIK 0001787400)",2834,7.01;8.01;9.01,clinical data;interim data
0001805890,0001193125-23-176131,d416795d8k.htm,2023-06-27,Fusion Pharmaceuticals Inc.  (CIK 0001805890),2836,7.01;8.01;9.01,interim data
0001455365,0001104659-23-075552,tm2319819d2_8k.htm,2023-06-28,COGNITION THERAPEUTICS INC  (CGTX)  (CIK 0001455365),2836,8.01;9.01,topline results
0001806310,0001193125-23-176864,d506285dex991.htm,2023-06-28,"Taysha Gene Therapies, Inc.  (TSHA)  (CIK 0001806310)",2836,7.01;9.01,clinical data;primary endpoint
0001341235,0001157523-23-001047,a53436990.htm,2023-06-29,"Aldeyra Therapeutics, Inc.  (ALDX)  (CIK 0001341235)",2834,7.01;8.01;9.01,results from the Phase;top-line results
0001600132,0001104659-23-076314,tm2320161d1_8k.htm,2023-06-29,"Bellerophon Therapeutics, Inc.  (BLPH)  (CIK 0001600132)",2834,2.05;5.02;8.01,primary endpoint;top-line results
0001720893,0001104659-23-075977,tm2320028d1_8k.htm,2023-06-29,"BioXcel Therapeutics, Inc.  (BTAI)  (CIK 0001720893)",2834,8.01,preliminary data;primary endpoint;statistically significant;topline data;topline results
0001087294,0001628280-23-024065,cpix-20230626.htm,2023-06-30,CUMBERLAND PHARMACEUTICALS INC  (CPIX)  (CIK 0001087294),2834,8.01,statistically significant;top-line results
0001662244,0000950170-23-030934,cyt-ex99_1.htm,2023-06-30,"Cyteir Therapeutics, Inc.  (CIK 0001662244)",2834,8.01;9.01,efficacy data
0001704292,0001628280-23-024042,a2023-06x30xapprovalofvyvg.htm,2023-06-30,Zai Lab Ltd  (ZLAB)  (CIK 0001704292),2834,7.01;9.01,primary endpoint
0001727196,0001157523-23-001060,a53438186.htm,2023-06-30,Scholar Rock Holding Corp  (SRRK)  (CIK 0001727196),2836,7.01;8.01;9.01,data from the Phase;topline results
0001069530,0001171843-23-004330,exh_991.htm,2023-07-05,CASSAVA SCIENCES INC  (SAVA)  (CIK 0001069530),2834,8.01;9.01,clinical data;top-line data
0001860657,0001213900-23-054782,ea181370ex99-1_allarity.htm,2023-07-05,"Allarity Therapeutics, Inc.  (ALLR)  (CIK 0001860657)",2834,8.01;9.01,clinical data;initial data;interim data;statistically significant
0000072444,0001437749-23-019649,ex_542101.htm,2023-07-10,"Vaxart, Inc.  (VXRT)  (CIK 0000072444)",2836,8.01;9.01,clinical data;data from the Phase;preliminary data;topline data
0000874015,0001140361-23-033840,brhc20055702_8k.htm,2023-07-10,IONIS PHARMACEUTICALS INC  (IONS)  (CIK 0000874015),2834,8.01;9.01,data from the Phase;results from the Phase
0001425205,0001104659-23-079364,tm2320915d3_ex99-1.htm,2023-07-10,"IOVANCE BIOTHERAPEUTICS, INC.  (IOVA)  (CIK 0001425205)",2836,8.01;9.01,clinical data
0001862150,0001493152-23-024164,ex99-1.htm,2023-07-11,"Cingulate Inc.  (CING, CINGW)  (CIK 0001862150)",2834,7.01;8.01;9.01,results from the Phase;top-line results
0001878313,0001193125-23-185120,d499735dex991.htm,2023-07-11,"MAIA Biotechnology, Inc.  (MAIA)  (CIK 0001878313)",2834,7.01;9.01,clinical data;preliminary data;primary endpoint
0000725363,0001654954-23-009042,cvm_ex99.htm,2023-07-12,CEL SCI CORP  (CVM)  (CIK 0000725363),2836,8.01;9.01,statistically significant
0001604191,0001104659-23-080554,tm2321176d2_8k.htm,2023-07-13,"First Wave BioPharma, Inc.  (ENTO)  (CIK 0001604191)",2834,8.01;9.01,topline results
0001619856,0001619856-23-000087,cariboubioscienceswebcas.htm,2023-07-13,"Caribou Biosciences, Inc.  (CRBU)  (CIK 0001619856)",2836,2.02;7.01;9.01,clinical data
0001576885,0001193125-23-187579,d518971d8k.htm,2023-07-17,"Acumen Pharmaceuticals, Inc.  (ABOS)  (CIK 0001576885)",2836,7.01;8.01;9.01,results from the Phase;statistically significant;topline results
0001743881,0001140361-23-034684,brhc20055953_8k.htm,2023-07-17,"BridgeBio Pharma, Inc.  (BBIO)  (CIK 0001743881)",2834,7.01;8.01;9.01,clinical data;positive data;primary endpoint;statistically significant
0001817713,0001193125-23-187702,d526906d8k.htm,2023-07-17,"Janux Therapeutics, Inc.  (JANX)  (CIK 0001817713)",2834,2.02;7.01;8.01;9.01,clinical data;interim data
0001818844,0001558370-23-011904,tmb-20230714xex99d1.htm,2023-07-17,"Virios Therapeutics, Inc.  (VIRI)  (CIK 0001818844)",2834,2.02;8.01;9.01,positive data;statistically significant
0001845459,0001104659-23-081432,tm2321425d1_8k.htm,2023-07-17,"Graf Acquisition Corp. IV  (NKGN, NKGNW)  (CIK 0001845459)",2836,7.01;9.01,clinical data
0001671584,0000950170-23-033264,apvo-ex99_1.htm,2023-07-18,Aptevo Therapeutics Inc.  (APVO)  (CIK 0001671584),2834,8.01;9.01,efficacy data;preliminary data
0001706431,0001193125-23-190147,d517183d8k.htm,2023-07-20,"Vir Biotechnology, Inc.  (VIR)  (CIK 0001706431)",2836,2.02;8.01;9.01,primary endpoint;statistically significant
0001728117,0001728117-23-000091,goss-20230720.htm,2023-07-20,"Gossamer Bio, Inc.  (GOSS)  (CIK 0001728117)",2834,8.01;9.01,interim data
0001395937,0000950170-23-033937,sndx-20230724.htm,2023-07-24,Syndax Pharmaceuticals Inc  (SNDX)  (CIK 0001395937),2834,8.01;9.01,topline data
0001468748,0000950170-23-033933,kod-20230724.htm,2023-07-24,Kodiak Sciences Inc.  (KOD)  (CIK 0001468748),2836,2.02;8.01,primary endpoint;topline results
0001811623,0001104659-23-083227,tm2321867d1_8k.htm,2023-07-24,"PaxMedica, Inc.  (PXMD)  (CIK 0001811623)",2834,8.01;9.01,top-line results
0001623526,0001193125-23-192735,d530062d8k.htm,2023-07-25,"Stoke Therapeutics, Inc.  (STOK)  (CIK 0001623526)",2834,7.01;9.01,efficacy data;interim data;positive results
0001840439,0001193125-23-193428,d434383dex991.htm,2023-07-25,"Biomea Fusion, Inc.  (BMEA)  (CIK 0001840439)",2834,8.01;9.01,clinical data;topline data
0001557376,0001829126-23-004890,organicellregen_ex99-1.htm,2023-07-26,"Organicell Regenerative Medicine, Inc.  (ZEOX)  (CIK 0001557376)",2836,7.01;9.01,positive results
0001398733,0001628280-23-025841,aqst-20230727.htm,2023-07-27,"Aquestive Therapeutics, Inc.  (AQST)  (CIK 0001398733)",2834,7.01,clinical data;interim data;topline data
0001442836,0001104659-23-084538,tm2322196d1_8k.htm,2023-07-27,"Mersana Therapeutics, Inc.  (MRSN)  (CIK 0001442836)",2834,2.02;2.05;7.01;8.01;9.01,primary endpoint;top-line data;top-line results
0001535955,0001493152-23-025631,ex99-1.htm,2023-07-27,Lipocine Inc.  (LPCN)  (CIK 0001535955),2834,8.01;9.01,positive results;primary endpoint;topline results
0001651407,0001104659-23-084537,tm2322092d1_ex99-1.htm,2023-07-27,"Checkpoint Therapeutics, Inc.  (CKPT)  (CIK 0001651407)",2834,8.01;9.01,data from the Phase;interim data;primary endpoint;results from the Phase
0001935979,0001935979-23-000046,exhibit991-julybusinessupd.htm,2023-07-28,Biohaven Ltd.  (BHVN)  (CIK 0001935979),2834,7.01;9.01,clinical data;interim data;preliminary data;primary endpoint
0001806310,0001193125-23-198580,d535611dex991.htm,2023-07-31,"Taysha Gene Therapies, Inc.  (TSHA)  (CIK 0001806310)",2836,7.01;9.01,clinical data
0001133818,0001558370-23-012756,bpth-20230801x8k.htm,2023-08-01,BIO-PATH HOLDINGS INC  (BPTH)  (CIK 0001133818),2834,7.01;9.01,positive results
0000906709,0001213900-23-063806,ea182964-8k_nektar.htm,2023-08-07,NEKTAR THERAPEUTICS  (NKTR)  (CIK 0000906709),2834,7.01;8.01;9.01,clinical data;efficacy data
0001411685,0001437749-23-022216,ex_555464.htm,2023-08-07,"Vistagen Therapeutics, Inc.  (VTGN)  (CIK 0001411685)",2834,7.01;9.01,data from the Phase;primary endpoint;results from the Phase;statistically significant;top-line results
0001372514,0001372514-23-000118,ex991-pressreleasejune3020.htm,2023-08-08,"KIORA PHARMACEUTICALS INC  (KPRX, KPHMW)  (CIK 0001372514)",2834,2.02;9.01,preliminary data;topline results
0001645469,0001437749-23-022388,ex_555936.htm,2023-08-08,Monopar Therapeutics  (MNPR)  (CIK 0001645469),2834,7.01;9.01,clinical data
0001659617,0001437749-23-023025,ex_556750.htm,2023-08-10,"Moleculin Biotech, Inc.  (MBRX)  (CIK 0001659617)",2834,7.01;9.01,efficacy data;interim data;positive data;topline data;topline results
0001800315,0000950170-23-042631,glto-20230815.htm,2023-08-15,"Galecto, Inc.  (GLTO)  (CIK 0001800315)",2834,7.01;8.01;9.01,primary endpoint;statistically significant;topline results
0000882095,0001104659-23-092665,tm2323971d1_ex99-1.htm,2023-08-16,"GILEAD SCIENCES, INC.  (GILD)  (CIK 0000882095)",2836,7.01;9.01,efficacy data
0001060736,0001193125-23-213897,d489292d8k.htm,2023-08-16,Seagen Inc.  (CIK 0001060736),2836,8.01;9.01,primary endpoint
0001680048,0001558370-23-015014,tmb-20230816xex99d1.htm,2023-08-16,"MUSTANG BIO, INC.  (MBIO)  (CIK 0001680048)",2834,8.01;9.01,initial data;top-line data
0001472091,0001140361-23-040255,brhc20057648_ex99-1.htm,2023-08-17,PDS Biotechnology Corp  (PDSB)  (CIK 0001472091),2834,8.01;9.01,clinical data;interim data
0000921299,0000950170-23-045111,fgen-20230829.htm,2023-08-29,FIBROGEN INC  (FGEN)  (CIK 0000921299),2834,8.01,topline results
0000786947,0001104659-23-096868,tm2325163d1_8k.htm,2023-08-30,"ACURA PHARMACEUTICALS, INC  (ACUR)  (CIK 0000786947)",2834,8.01,topline results
0001485003,0001104659-23-097500,tm2325287d1_8k.htm,2023-09-01,Carisma Therapeutics Inc.  (CARM)  (CIK 0001485003),2834,8.01;9.01,clinical data
0000925741,0001437749-23-025103,bcda20230904_8k.htm,2023-09-05,"BioCardia, Inc.  (BCDA)  (CIK 0000925741)",2836,7.01;9.01,results from the Phase
0001060736,0001193125-23-228019,d437262d8k.htm,2023-09-05,Seagen Inc.  (CIK 0001060736),2836,8.01;9.01,primary endpoint
0001104506,0001140361-23-042505,brhc20058439_8k.htm,2023-09-05,INSMED Inc  (INSM)  (CIK 0001104506),2834,7.01;9.01,top-line results
0001430306,0001387131-23-010769,ex99-01.htm,2023-09-05,Tonix Pharmaceuticals Holding Corp.  (TNXP)  (CIK 0001430306),2834,7.01;8.01;9.01,primary endpoint;results from the Phase;topline data;topline results
0000072444,0001437749-23-025314,ex_567528.htm,2023-09-06,"Vaxart, Inc.  (VXRT)  (CIK 0000072444)",2836,8.01;9.01,clinical data;data from the Phase;statistically significant;top-line data;topline data
0001053691,0001437749-23-025302,ex_567401.htm,2023-09-06,CervoMed Inc.  (CRVO)  (CIK 0001053691),2834,8.01;9.01,clinical data;statistically significant
0001035354,0001104659-23-098843,tm2325683d1_8k.htm,2023-09-07,"Eloxx Pharmaceuticals, Inc.  (ELOX)  (CIK 0001035354)",2836,8.01,positive results
0001411685,0001437749-23-025509,ex_567994.htm,2023-09-08,"Vistagen Therapeutics, Inc.  (VTGN)  (CIK 0001411685)",2834,1.01;7.01;8.01;9.01,statistically significant
0001610820,0001493152-23-032041,ex99-1.htm,2023-09-08,"BriaCell Therapeutics Corp.  (BCTX, BCTXW)  (CIK 0001610820)",2834,7.01;9.01,clinical data
0000863894,0001193125-23-231951,d505806d8k.htm,2023-09-11,VERU INC.  (VERU)  (CIK 0000863894),2834,8.01,clinical data;interim data
0001042074,0001193125-23-231906,d523011d8k.htm,2023-09-11,"CymaBay Therapeutics, Inc.  (CIK 0001042074)",2834,8.01,statistically significant;topline results
0001658247,0001193125-23-231899,d657121d8k.htm,2023-09-11,"Crinetics Pharmaceuticals, Inc.  (CRNX)  (CIK 0001658247)",2834,7.01;8.01;9.01,positive results;primary endpoint;topline data;topline results
0001862150,0001493152-23-032175,ex99-2.htm,2023-09-11,"Cingulate Inc.  (CING, CINGW)  (CIK 0001862150)",2834,1.01;2.03;3.02;7.01;8.01;9.01,results from the Phase
0000914475,0000914475-23-000062,nbix-20230912.htm,2023-09-12,NEUROCRINE BIOSCIENCES INC  (NBIX)  (CIK 0000914475),2836,8.01;9.01,top-line results
0001818382,0001818382-23-000125,huma-20230912.htm,2023-09-12,"Humacyte, Inc.  (HUMA, HUMAW)  (CIK 0001818382)",2836,8.01;9.01,top-line results
0001372299,0001104659-23-100250,tm2326028d1_ex99-1.htm,2023-09-13,"Ocugen, Inc.  (OCGN)  (CIK 0001372299)",2836,8.01;9.01,clinical data;efficacy data
0001411685,0001437749-23-025721,ex_569125.htm,2023-09-13,"Vistagen Therapeutics, Inc.  (VTGN)  (CIK 0001411685)",2834,8.01;9.01,positive results;statistically significant;top-line results
0001035354,0001104659-23-101394,tm2326310d1_8k.htm,2023-09-18,"Eloxx Pharmaceuticals, Inc.  (ELOX)  (CIK 0001035354)",2836,8.01,positive results;results from the Phase
0001394319,0000950170-23-048470,tcon-20230915.htm,2023-09-18,"Tracon Pharmaceuticals, Inc.  (TCON)  (CIK 0001394319)",2836,7.01;8.01;9.01,clinical data;efficacy data;primary endpoint
0001557746,0001558370-23-015840,acrs-20230918xex99d1.htm,2023-09-18,"Aclaris Therapeutics, Inc.  (ACRS)  (CIK 0001557746)",2834,7.01;9.01,positive results;preliminary data
0001659617,0001437749-23-026129,ex_570108.htm,2023-09-18,"Moleculin Biotech, Inc.  (MBRX)  (CIK 0001659617)",2834,7.01;9.01,efficacy data;positive data
0001017491,0001104659-23-102121,tm2326491d2_8k.htm,2023-09-20,"SEELOS THERAPEUTICS, INC.  (SEEL)  (CIK 0001017491)",2834,8.01;9.01,top-line results
0001553643,0001213900-23-078049,ea185487ex99-1_relmada.htm,2023-09-20,"RELMADA THERAPEUTICS, INC.  (RLMD)  (CIK 0001553643)",2834,7.01;9.01,efficacy data;results from the Phase;top-line results
0001788028,0001213900-23-078145,ea185533ex99-1_jasperthera.htm,2023-09-21,"Jasper Therapeutics, Inc.  (JSPR, JSPRW)  (CIK 0001788028)",2836,7.01;9.01,positive data;results from the Phase
0001060736,0001193125-23-239983,d558859d8k.htm,2023-09-22,Seagen Inc.  (CIK 0001060736),2836,8.01;9.01,results from the Phase;topline results
0001822791,0001437749-23-026647,ex_572847.htm,2023-09-25,"Clene Inc.  (CLNN, CLNNW)  (CIK 0001822791)",2834,7.01;8.01;9.01,statistically significant
0000874015,0001140361-23-045170,ef20011263_8k.htm,2023-09-26,IONIS PHARMACEUTICALS INC  (IONS)  (CIK 0000874015),2834,8.01;9.01,topline results
0001126234,0001126234-23-000093,lumo-20230926x8kxex991.htm,2023-09-26,"LUMOS PHARMA, INC.  (LUMO)  (CIK 0001126234)",2834,8.01;9.01,interim data;topline data
0001635088,0001140361-23-045178,ef20011235_8k.htm,2023-09-26,Roivant Sciences Ltd.  (ROIV)  (CIK 0001635088),2834,8.01;9.01,initial data
0001693011,0000950170-23-049928,inzy-20230926.htm,2023-09-26,"Inozyme Pharma, Inc.  (INZY)  (CIK 0001693011)",2834,7.01;8.01;9.01,efficacy data;interim data;positive results;statistically significant
0001746473,0001193125-23-241849,d473253d8k.htm,2023-09-26,"PLIANT THERAPEUTICS, INC.  (PLRX)  (CIK 0001746473)",2834,8.01;9.01,efficacy data;positive data;statistically significant
0001764013,0001764013-23-000114,exhibit99120230926.htm,2023-09-26,"Immunovant, Inc.  (IMVT)  (CIK 0001764013)",2836,7.01;8.01;9.01,initial data
0001841387,0000950170-23-049798,cadl-ex99_1.htm,2023-09-26,"Candel Therapeutics, Inc.  (CADL)  (CIK 0001841387)",2836,7.01;9.01,initial data;interim data
0000764195,0001493152-23-033833,ex99-1.htm,2023-09-27,VBI Vaccines Inc/BC  (VBIVQ)  (CIK 0000764195),2834,7.01;9.01,clinical data;data from the Phase;initial data;interim data
0001463361,0000950170-23-050039,ubx-ex99_1.htm,2023-09-27,"Unity Biotechnology, Inc.  (UBX)  (CIK 0001463361)",2834,8.01;9.01,statistically significant
0001526119,0001558370-23-016113,vstm-20230928xex99d1.htm,2023-09-28,"Verastem, Inc.  (VSTM)  (CIK 0001526119)",2834,7.01;9.01,efficacy data
0001601485,0001601485-23-000060,angn-20230927.htm,2023-09-28,"Elicio Therapeutics, Inc.  (ELTX)  (CIK 0001601485)",2834,8.01,preliminary data
0001888886,0001104659-23-105027,tm2327162d2_ex99-1.htm,2023-09-29,Structure Therapeutics Inc.  (GPCR)  (CIK 0001888886),2834,7.01;9.01,clinical data;data from the Phase;positive results;results from the Phase;topline data
0001395937,0000950170-23-050922,sndx-20231002.htm,2023-10-02,Syndax Pharmaceuticals Inc  (SNDX)  (CIK 0001395937),2834,8.01;9.01,topline data
0001472091,0001140361-23-046297,ef20011787_ex99-1.htm,2023-10-02,PDS Biotechnology Corp  (PDSB)  (CIK 0001472091),2834,8.01;9.01,clinical data;interim data
0001689548,0001689548-23-000133,prax-20231002.htm,2023-10-02,"Praxis Precision Medicines, Inc.  (PRAX)  (CIK 0001689548)",2834,8.01,data from the Phase;interim data;primary endpoint;results from the Phase;topline results
0001736243,0001104659-23-105928,tm2327257d1_8k.htm,2023-10-02,"Acurx Pharmaceuticals, Inc.  (ACXP)  (CIK 0001736243)",2834,8.01;9.01,data from the Phase
0001445283,0000950170-23-051278,ka-ex99_1.htm,2023-10-03,"KINETA, INC./DE  (KA)  (CIK 0001445283)",2834,7.01;9.01,efficacy data
0001472091,0001140361-23-046622,ef20011865_8k.htm,2023-10-03,PDS Biotechnology Corp  (PDSB)  (CIK 0001472091),2834,8.01;9.01,interim data
0001061027,0001193125-23-250342,d560861dex991.htm,2023-10-04,"Viracta Therapeutics, Inc.  (VIRX)  (CIK 0001061027)",2834,8.01;9.01,clinical data;interim data;preliminary data
0001810182,0001193125-23-250357,d539238d8k.htm,2023-10-04,ALX ONCOLOGY HOLDINGS INC  (ALXO)  (CIK 0001810182),2834,8.01;9.01,interim data
0001861560,0001193125-23-250724,d541910d8k.htm,2023-10-04,"Nuvalent, Inc.  (NUVL)  (CIK 0001861560)",2834,8.01;9.01,clinical data;preliminary data
0000914475,0000914475-23-000065,nbix-20231005.htm,2023-10-05,NEUROCRINE BIOSCIENCES INC  (NBIX)  (CIK 0000914475),2836,8.01;9.01,top-line results
0001721484,0001013762-23-002000,ea186354-8k_longeveron.htm,2023-10-05,Longeveron Inc.  (LGVN)  (CIK 0001721484),2834,8.01;9.01,top-line results
0001808158,0001193125-23-251960,d472355d8k.htm,2023-10-06,Repare Therapeutics Inc.  (RPTX)  (CIK 0001808158),2834,7.01,clinical data;efficacy data;initial data
0001280776,0001193805-23-001384,e618990_8k-immunic.htm,2023-10-10,"IMMUNIC, INC.  (IMUX)  (CIK 0001280776)",2834,8.01;9.01,data from the Phase;interim data
0001370053,0001370053-23-000054,anaptysannouncespositive.htm,2023-10-10,"ANAPTYSBIO, INC  (ANAB)  (CIK 0001370053)",2834,7.01;9.01,primary endpoint;results from the Phase;top-line data;top-line results
0001599901,0001599901-23-000074,rna-20231007.htm,2023-10-10,"Avidity Biosciences, Inc.  (RNA)  (CIK 0001599901)",2834,8.01,efficacy data;positive data
0001720893,0001104659-23-107819,tm2328065d1_ex99-1.htm,2023-10-10,"BioXcel Therapeutics, Inc.  (BTAI)  (CIK 0001720893)",2834,7.01;9.01,preliminary data;results from the Phase
0001744659,0001193125-23-253123,d512932d8k.htm,2023-10-10,"Akero Therapeutics, Inc.  (AKRO)  (CIK 0001744659)",2834,7.01;8.01;9.01,positive results;primary endpoint;statistically significant
0001851194,0001193125-23-253008,d557092dex991.htm,2023-10-10,"Ventyx Biosciences, Inc.  (VTYX)  (CIK 0001851194)",2834,8.01;9.01,positive results;primary endpoint;results from the Phase;topline results
0001368148,0001437749-23-028018,ex_578513.htm,2023-10-11,"ATHERSYS, INC / NEW  (ATHXQ)  (CIK 0001368148)",2834,1.01;8.01;9.01,positive results;primary endpoint
0001472091,0001140361-23-047809,ef20012338_ex99-1.htm,2023-10-11,PDS Biotechnology Corp  (PDSB)  (CIK 0001472091),2834,8.01;9.01,data from the Phase;interim data;preliminary data
0001544227,0001193125-23-253882,d547808dex991.htm,2023-10-11,"Tempest Therapeutics, Inc.  (TPST)  (CIK 0001544227)",2834,1.01;3.03;5.03;8.01;9.01,clinical data;positive results
0001699382,0001193125-23-255083,d534012dex991.htm,2023-10-12,"PMV Pharmaceuticals, Inc.  (PMVP)  (CIK 0001699382)",2834,8.01;9.01,clinical data;efficacy data
0001812364,0000950170-23-053109,rlay-20231012.htm,2023-10-12,"Relay Therapeutics, Inc.  (RLAY)  (CIK 0001812364)",2836,7.01;8.01;9.01,clinical data
0001477845,0001104659-23-108892,tm2328385d1_ex99-1.htm,2023-10-13,"Annovis Bio, Inc.  (ANVS)  (CIK 0001477845)",2834,8.01;9.01,efficacy data;statistically significant
0001802665,0001558370-23-016428,hrmy-20231013x8k.htm,2023-10-13,"Harmony Biosciences Holdings, Inc.  (HRMY)  (CIK 0001802665)",2834,8.01;9.01,topline data
0001808158,0001193125-23-255791,d436446d8k.htm,2023-10-13,Repare Therapeutics Inc.  (RPTX)  (CIK 0001808158),2834,7.01;8.01;9.01,efficacy data;initial data
0001808158,0001193125-23-256174,d564999d8k.htm,2023-10-13,Repare Therapeutics Inc.  (RPTX)  (CIK 0001808158),2834,7.01;9.01,initial data
0001861560,0001193125-23-255616,d558552d8k.htm,2023-10-13,"Nuvalent, Inc.  (NUVL)  (CIK 0001861560)",2834,8.01;9.01,clinical data;preliminary data
0001285819,0001437749-23-028296,ex_579466.htm,2023-10-16,OMEROS CORP  (OMER)  (CIK 0001285819),2834,8.01;9.01,primary endpoint;statistically significant;topline results
0001390478,0001104659-23-109256,tm2328502d1_ex99-1.htm,2023-10-16,"SELLAS Life Sciences Group, Inc.  (SLS)  (CIK 0001390478)",2834,8.01;9.01,clinical data;data from the Phase;topline data
0001515673,0001193125-23-256537,d548890d8k.htm,2023-10-16,Ultragenyx Pharmaceutical Inc.  (RARE)  (CIK 0001515673),2834,2.02;7.01;8.01;9.01,data from the Phase;interim data;preliminary data;statistically significant
0001781983,0001558370-23-016468,apre-20231016x8k.htm,2023-10-16,"Aprea Therapeutics, Inc.  (APRE)  (CIK 0001781983)",2834,8.01;9.01,clinical data
0001821586,0001013762-23-003933,ea186779-8k_moonlake.htm,2023-10-16,MoonLake Immunotherapeutics  (MLTX)  (CIK 0001821586),2834,7.01;9.01,top-line results
0001990550,0000950170-23-053584,amam-20231016.htm,2023-10-16,"Ambrx Biopharma, Inc.  (CIK 0001990550)",2836,8.01,efficacy data
0001694665,0001694665-23-000163,evlo-20231017.htm,2023-10-17,"Evelo Biosciences, Inc.  (EVLO)  (CIK 0001694665)",2834,8.01,data from the Phase;primary endpoint;statistically significant;top-line results
0001826457,0000950170-23-053653,glue-20231017.htm,2023-10-17,"Monte Rosa Therapeutics, Inc.  (GLUE)  (CIK 0001826457)",2836,1.01;7.01;8.01,clinical data;data from the Phase;interim data
0001841387,0000950170-23-053894,cadl-ex99_1.htm,2023-10-18,"Candel Therapeutics, Inc.  (CADL)  (CIK 0001841387)",2836,7.01;9.01,interim data;results from the Phase
0001837607,0001104659-23-110119,tm2328542d1_8k.htm,2023-10-19,"AEON Biopharma, Inc.  (AEON)  (CIK 0001837607)",2834,7.01;8.01;9.01,primary endpoint;topline data
0000894158,0001104659-23-110646,tm2328928d1_8k.htm,2023-10-23,"Theriva Biologics, Inc.  (TOVX)  (CIK 0000894158)",2834,7.01;8.01;9.01,clinical data;data from the Phase
0001472091,0001140361-23-049175,ef20013007_ex99-1.htm,2023-10-23,PDS Biotechnology Corp  (PDSB)  (CIK 0001472091),2834,8.01;9.01,interim data
0001520262,0000950170-23-054504,alks-ex99_1.htm,2023-10-23,Alkermes plc.  (ALKS)  (CIK 0001520262),2834,7.01;9.01,clinical data;data from the Phase;initial data;statistically significant
0001633932,0001279569-23-001328,ex991.htm,2023-10-23,ESSA Pharma Inc.  (EPIX)  (CIK 0001633932),2834,8.01;9.01,clinical data;positive results
0001655759,0001655759-23-000084,arvn-20231022.htm,2023-10-23,"ARVINAS, INC.  (ARVN)  (CIK 0001655759)",2834,7.01;8.01;9.01,data from the Phase;interim data
0001676725,0001193125-23-260370,d559317d8k.htm,2023-10-23,"IDEAYA Biosciences, Inc.  (IDYA)  (CIK 0001676725)",2834,8.01,clinical data;efficacy data
0001750284,0001558370-23-016589,olma-20231022x8k.htm,2023-10-23,"Olema Pharmaceuticals, Inc.  (OLMA)  (CIK 0001750284)",2834,7.01;8.01;9.01,results from the Phase
0001796280,0001193125-23-260795,d561418d8k.htm,2023-10-23,"Oric Pharmaceuticals, Inc.  (ORIC)  (CIK 0001796280)",2834,8.01;9.01,initial data
0001800315,0000950170-23-054508,glto-20231023.htm,2023-10-23,"Galecto, Inc.  (GLTO)  (CIK 0001800315)",2834,8.01;9.01,clinical data
0001990550,0001193125-23-260814,d559319d8k.htm,2023-10-23,"Ambrx Biopharma, Inc.  (CIK 0001990550)",2836,8.01,efficacy data
0000725363,0001654954-23-013323,cvm_ex99.htm,2023-10-24,CEL SCI CORP  (CVM)  (CIK 0000725363),2836,8.01;9.01,data from the Phase;positive data;statistically significant
0001829635,0001104659-23-110959,tm2328571d1_ex99-1.htm,2023-10-24,"Transcode Therapeutics, Inc.  (RNAZ)  (CIK 0001829635)",2834,8.01;9.01,clinical data;preliminary data
0001053691,0001437749-23-028968,ex_585317.htm,2023-10-25,CervoMed Inc.  (CRVO)  (CIK 0001053691),2834,7.01;9.01,clinical data
0001580149,0001520138-23-000457,bivi-20231025_8k.htm,2023-10-25,BIOVIE INC.  (BIVI)  (CIK 0001580149),2834,8.01;9.01,topline data
0001205922,0001193125-23-263647,d550531dex991.htm,2023-10-26,"VACCINEX, INC.  (VCNX)  (CIK 0001205922)",2834,7.01;9.01,preliminary data
0001748907,0000950170-23-055650,ortx-20231026.htm,2023-10-26,Orchard Therapeutics plc  (CIK 0001748907),2836,8.01;9.01,positive data
0001633932,0001279569-23-001351,ex991.htm,2023-10-27,ESSA Pharma Inc.  (EPIX)  (CIK 0001633932),2834,8.01;9.01,clinical data;positive results
0000882361,0001171843-23-006522,exh_991.htm,2023-10-30,Aptose Biosciences Inc.  (APTO)  (CIK 0000882361),2836,7.01;9.01,clinical data;efficacy data
0001742927,0001437749-23-029310,ex_587522.htm,2023-10-30,"REVIVA PHARMACEUTICALS HOLDINGS, INC.  (RVPH, RVPHW)  (CIK 0001742927)",2834,7.01;8.01;9.01,positive data;primary endpoint;statistically significant;topline data;topline results
0001831283,0001831283-23-000117,exhibit991pressreleaseissu.htm,2023-10-30,LianBio  (LIANY)  (CIK 0001831283),2834,1.01;1.02;2.01;7.01;9.01,primary endpoint;results from the Phase;statistically significant;topline results
0001878313,0001193125-23-266305,d570319d8k.htm,2023-10-30,"MAIA Biotechnology, Inc.  (MAIA)  (CIK 0001878313)",2834,8.01;9.01,efficacy data;positive results
0001430306,0001387131-23-012958,ex99-01.htm,2023-10-31,Tonix Pharmaceuticals Holding Corp.  (TNXP)  (CIK 0001430306),2834,7.01;8.01;9.01,primary endpoint;results from the Phase;topline data;topline results
0001498382,0000950170-23-056547,ktra-20231031.htm,2023-10-31,"Kintara Therapeutics, Inc.  (KTRA)  (CIK 0001498382)",2834,7.01;8.01,topline results
0001621227,0001558370-23-017061,adap-20231031xex99d1.htm,2023-10-31,Adaptimmune Therapeutics PLC  (ADAP)  (CIK 0001621227),2836,7.01;9.01,positive data;primary endpoint
0001857044,0001493152-23-038800,form8-k.htm,2023-10-31,"Indaptus Therapeutics, Inc.  (INDP)  (CIK 0001857044)",2834,8.01,interim data
0001401914,0001493152-23-038952,ex99-1.htm,2023-11-01,"Dare Bioscience, Inc.  (DARE)  (CIK 0001401914)",2834,7.01;8.01;9.01,data from the Phase;positive data;positive results;primary endpoint;statistically significant
0001783183,0001193125-23-268319,d579199d8k.htm,2023-11-01,"Phathom Pharmaceuticals, Inc.  (PHAT)  (CIK 0001783183)",2834,8.01,positive results;primary endpoint;results from the Phase
0001404281,0000950170-23-058279,eldn-20231102.htm,2023-11-02,"Eledon Pharmaceuticals, Inc.  (ELDN)  (CIK 0001404281)",2834,7.01;9.01,clinical data
0001626199,0001626199-23-000103,alpn-20231102.htm,2023-11-02,"ALPINE IMMUNE SCIENCES, INC.  (CIK 0001626199)",2834,8.01;9.01,clinical data
0001739614,0001739614-23-000071,ex991nov2023-inbrxx109ewin.htm,2023-11-02,"Inhibrx, Inc.  (CIK 0001739614)",2836,8.01;9.01,data from the Phase;initial data;preliminary data
0001933414,0001933414-23-000081,mlys202311028kex991.htm,2023-11-02,"Mineralys Therapeutics, Inc.  (MLYS)  (CIK 0001933414)",2834,7.01;9.01,statistically significant;topline results
0001673772,0000950170-23-058629,rapt-20231103.htm,2023-11-03,"RAPT Therapeutics, Inc.  (RAPT)  (CIK 0001673772)",2834,7.01;8.01;9.01,clinical data;positive data
0001736243,0001104659-23-114274,tm2329812d1_ex99-1.htm,2023-11-03,"Acurx Pharmaceuticals, Inc.  (ACXP)  (CIK 0001736243)",2834,8.01;9.01,results from the Phase
0001785530,0001193125-23-269869,d503964d8k.htm,2023-11-03,"Werewolf Therapeutics, Inc.  (HOWL)  (CIK 0001785530)",2834,7.01;8.01;9.01,clinical data;preliminary data
0001829802,0001193125-23-270377,d556062d8k.htm,2023-11-03,"Sensei Biotherapeutics, Inc.  (SNSE)  (CIK 0001829802)",2834,7.01;9.01,clinical data
0001840233,0001558370-23-017593,xlo-20231103x8k.htm,2023-11-03,"Xilio Therapeutics, Inc.  (XLO)  (CIK 0001840233)",2834,8.01;9.01,clinical data;preliminary data
0001080014,0001104659-23-114509,tm2327472d2_8k.htm,2023-11-06,"Innoviva, Inc.  (INVA)  (CIK 0001080014)",2834,7.01;9.01,clinical data;data from the Phase;topline data
0001372514,0001372514-23-000154,ex991-pressreleasenovember.htm,2023-11-06,"KIORA PHARMACEUTICALS INC  (KPRX, KPHMW)  (CIK 0001372514)",2834,9.01,primary endpoint;topline results
0001445283,0000950170-23-059031,ka-ex99_1.htm,2023-11-06,"KINETA, INC./DE  (KA)  (CIK 0001445283)",2834,7.01;9.01,clinical data;efficacy data;positive data
0001468748,0000950170-23-058996,kod-20231106.htm,2023-11-06,Kodiak Sciences Inc.  (KOD)  (CIK 0001468748),2836,8.01,primary endpoint
0001501796,0001193125-23-271351,d471944d8k.htm,2023-11-06,"Aura Biosciences, Inc.  (AURA)  (CIK 0001501796)",2836,7.01;8.01;9.01,efficacy data;interim data;preliminary data;primary endpoint;statistically significant
0001659617,0001437749-23-030286,ex_590270.htm,2023-11-06,"Moleculin Biotech, Inc.  (MBRX)  (CIK 0001659617)",2834,7.01;9.01,preliminary data
0001804591,0001193125-23-270879,d559421dex991.htm,2023-11-06,23andMe Holding Co.  (ME)  (CIK 0001804591),2834,7.01;9.01,data from the Phase;efficacy data
0001821586,0001628280-23-036888,exhibit991-8xkx110623.htm,2023-11-06,MoonLake Immunotherapeutics  (MLTX)  (CIK 0001821586),2834,7.01;8.01;9.01,primary endpoint;results from the Phase;statistically significant;top-line data;top-line results;topline data;topline results
0001841387,0000950170-23-059024,cadl-20231103.htm,2023-11-06,"Candel Therapeutics, Inc.  (CADL)  (CIK 0001841387)",2836,7.01;8.01;9.01,interim data
0001851194,0001193125-23-271463,d471746d8k.htm,2023-11-06,"Ventyx Biosciences, Inc.  (VTYX)  (CIK 0001851194)",2834,2.02;8.01;9.01,results from the Phase
0001857044,0001493152-23-039445,form8-k.htm,2023-11-06,"Indaptus Therapeutics, Inc.  (INDP)  (CIK 0001857044)",2834,8.01,interim data
0001082038,0000950170-23-060249,drrx-20231107.htm,2023-11-07,DURECT CORP  (DRRX)  (CIK 0001082038),2834,8.01;9.01,topline results
0001126234,0001126234-23-000102,lumo-20231107.htm,2023-11-07,"LUMOS PHARMA, INC.  (LUMO)  (CIK 0001126234)",2834,8.01;9.01,topline data
0001372514,0001372514-23-000159,ex991-pressreleaseseptembe.htm,2023-11-09,"KIORA PHARMACEUTICALS INC  (KPRX, KPHMW)  (CIK 0001372514)",2834,2.02;9.01,topline results
0001447028,0001171843-23-006951,exh_991.htm,2023-11-09,Arbutus Biopharma Corp  (ABUS)  (CIK 0001447028),2834,8.01;9.01,clinical data;data from the Phase;initial data;preliminary data
0001472091,0001140361-23-052447,ef20014445_8k.htm,2023-11-09,PDS Biotechnology Corp  (PDSB)  (CIK 0001472091),2834,8.01;9.01,data from the Phase
0001604464,0001193125-23-273808,d139069d8k.htm,2023-11-09,"Atara Biotherapeutics, Inc.  (ATRA)  (CIK 0001604464)",2836,8.01;9.01,results from the Phase;top-line results
0001613780,0001193125-23-274580,d286743dex991.htm,2023-11-09,DBV Technologies S.A.  (DBVT)  (CIK 0001613780),2836,7.01;9.01,interim data;primary endpoint;statistically significant
0001828185,0001104659-23-116327,tm2330270d2_8k.htm,2023-11-09,Barinthus Biotherapeutics plc.  (BRNS)  (CIK 0001828185),2834,7.01;8.01;9.01,interim data;preliminary data
0001557746,0001558370-23-018691,acrs-20231113x8k.htm,2023-11-13,"Aclaris Therapeutics, Inc.  (ACRS)  (CIK 0001557746)",2834,7.01;8.01;9.01,top-line results
0001659617,0001437749-23-031393,ex_594749.htm,2023-11-13,"Moleculin Biotech, Inc.  (MBRX)  (CIK 0001659617)",2834,7.01;9.01,interim data;topline data;topline results
0001840574,0001193125-23-275264,d579390d8k.htm,2023-11-13,"Verve Therapeutics, Inc.  (VERV)  (CIK 0001840574)",2834,8.01,interim data;positive results
0001933414,0001933414-23-000090,mlys-20231111.htm,2023-11-13,"Mineralys Therapeutics, Inc.  (MLYS)  (CIK 0001933414)",2834,7.01;8.01;9.01,topline results
0001827087,0001193125-23-278840,d945726d8k.htm,2023-11-16,"Vigil Neuroscience, Inc.  (VIGL)  (CIK 0001827087)",2836,7.01;8.01;9.01,interim data
0001773427,0001104659-23-119287,tm2330918d1_8k.htm,2023-11-17,"SpringWorks Therapeutics, Inc.  (SWTX)  (CIK 0001773427)",2836,7.01;8.01;9.01,clinical data;interim data;primary endpoint;statistically significant;topline results
0000764195,0001493152-23-041984,ex99-1.htm,2023-11-20,VBI Vaccines Inc/BC  (VBIVQ)  (CIK 0000764195),2834,7.01;9.01,data from the Phase;statistically significant
0001740279,0001193125-23-280283,d900996d8k.htm,2023-11-20,"IN8BIO, INC.  (INAB)  (CIK 0001740279)",2836,8.01;9.01,clinical data;data from the Phase
0001785345,0000950170-23-065306,labp-ex99_1.htm,2023-11-21,"Landos Biopharma, Inc.  (CIK 0001785345)",2834,7.01;9.01,top-line results
0001582313,0000950170-23-066032,xene-20231127.htm,2023-11-27,Xenon Pharmaceuticals Inc.  (XENE)  (CIK 0001582313),2834,8.01;9.01,topline results
0001635088,0001140361-23-054630,ef20015420_8k.htm,2023-11-27,Roivant Sciences Ltd.  (ROIV)  (CIK 0001635088),2834,8.01;9.01,primary endpoint
0001785173,0001193125-23-282946,d494058dex991.htm,2023-11-27,"89bio, Inc.  (ETNB)  (CIK 0001785173)",2834,7.01;9.01,positive results;primary endpoint;results from the Phase;statistically significant;topline data
0001861657,0001493152-23-042766,ex99-1.htm,2023-11-27,"Tharimmune, Inc.  (THAR)  (CIK 0001861657)",2834,8.01;9.01,topline data
0001635088,0001140361-23-054826,ef20015486_8k.htm,2023-11-28,Roivant Sciences Ltd.  (ROIV)  (CIK 0001635088),2834,8.01;9.01,initial data
0001764013,0001764013-23-000150,exhibit99120231128.htm,2023-11-28,"Immunovant, Inc.  (IMVT)  (CIK 0001764013)",2836,7.01;8.01;9.01,initial data
0001580149,0001520138-23-000511,bivi-20231129_8k.htm,2023-11-29,BIOVIE INC.  (BIVI)  (CIK 0001580149),2834,8.01;9.01,top-line data
0001326190,0001326190-23-000050,alt-20231130x8k.htm,2023-11-30,"Altimmune, Inc.  (ALT)  (CIK 0001326190)",2834,7.01;8.01;9.01,primary endpoint;topline results
0001610820,0001493152-23-043142,ex99-1.htm,2023-11-30,"BriaCell Therapeutics Corp.  (BCTX, BCTXW)  (CIK 0001610820)",2834,7.01;9.01,clinical data
0001623526,0001193125-23-286862,d619524d8k.htm,2023-12-01,"Stoke Therapeutics, Inc.  (STOK)  (CIK 0001623526)",2834,7.01;9.01,clinical data
0001674416,0000950170-23-067774,crsp-20231204.htm,2023-12-04,CRISPR Therapeutics AG  (CRSP)  (CIK 0001674416),2836,8.01,preliminary data
0001737953,0001104659-23-123459,tm2332152d1_ex99-1.htm,2023-12-05,"Replimune Group, Inc.  (REPL)  (CIK 0001737953)",2836,8.01;9.01,initial data;positive data
0001750284,0000950170-23-068277,olma-20231205.htm,2023-12-05,"Olema Pharmaceuticals, Inc.  (OLMA)  (CIK 0001750284)",2834,7.01;8.01;9.01,clinical data;efficacy data
0001860657,0001213900-23-092925,ea189507-8k_allarity.htm,2023-12-05,"Allarity Therapeutics, Inc.  (ALLR)  (CIK 0001860657)",2834,7.01;9.01,clinical data
0001649904,0001104659-23-123990,tm2332304d1_8k.htm,2023-12-06,"RHYTHM PHARMACEUTICALS, INC.  (RYTM)  (CIK 0001649904)",2834,8.01,primary endpoint
0001655759,0001655759-23-000098,arvinasandpfizerannounce.htm,2023-12-06,"ARVINAS, INC.  (ARVN)  (CIK 0001655759)",2834,7.01;8.01;9.01,clinical data;data from the Phase;interim data;results from the Phase
0000715446,0001493152-23-043932,ex99-1.htm,2023-12-07,Anixa Biosciences Inc  (ANIX)  (CIK 0000715446),2834,7.01;9.01,positive results;results from the Phase;statistically significant
0001840233,0001558370-23-019579,xlo-20231207x8k.htm,2023-12-07,"Xilio Therapeutics, Inc.  (XLO)  (CIK 0001840233)",2834,8.01;9.01,clinical data
0001786205,0001193125-23-291800,d626117d8k.htm,2023-12-08,"Arcellx, Inc.  (ACLX)  (CIK 0001786205)",2836,8.01;9.01,clinical data;data from the Phase
0001828522,0001193125-23-291224,d16011d8k.htm,2023-12-08,"eFFECTOR Therapeutics, Inc.  (EFTR, EFTRW)  (CIK 0001828522)",2834,8.01,interim data
0000882361,0001171843-23-007528,exh_991.htm,2023-12-11,Aptose Biosciences Inc.  (APTO)  (CIK 0000882361),2836,7.01;9.01,clinical data
0001133869,0001558370-23-019717,capr-20231211xex99d1.htm,2023-12-11,"CAPRICOR THERAPEUTICS, INC.  (CAPR)  (CIK 0001133869)",2834,8.01;9.01,topline data
0001262104,0000950170-23-069381,meip-20231211.htm,2023-12-11,"MEI Pharma, Inc.  (MEIP)  (CIK 0001262104)",2834,8.01;9.01,clinical data
0001549595,0001549595-23-000062,nrix-20231211.htm,2023-12-11,"Nurix Therapeutics, Inc.  (NRIX)  (CIK 0001549595)",2834,8.01;9.01,clinical data
0001622229,0001193125-23-292084,d844329d8k.htm,2023-12-11,"Cogent Biosciences, Inc.  (COGT)  (CIK 0001622229)",2834,8.01,initial data;positive data
0001650664,0001650664-23-000034,edit-20231211.htm,2023-12-11,"Editas Medicine, Inc.  (EDIT)  (CIK 0001650664)",2836,7.01;8.01;9.01,efficacy data
0001659617,0001437749-23-034059,ex_604773.htm,2023-12-11,"Moleculin Biotech, Inc.  (MBRX)  (CIK 0001659617)",2834,7.01;9.01,clinical data;interim data
0001661460,0001193125-23-292027,d636195dex991.htm,2023-12-11,"Poseida Therapeutics, Inc.  (PSTX)  (CIK 0001661460)",2836,7.01;9.01,clinical data;preliminary data
0001680048,0001558370-23-019708,tmb-20231211xex99d1.htm,2023-12-11,"MUSTANG BIO, INC.  (MBIO)  (CIK 0001680048)",2834,8.01;9.01,clinical data;efficacy data;top-line data
0001783328,0001193125-23-292080,d840458dex991.htm,2023-12-11,"TScan Therapeutics, Inc.  (TCRX)  (CIK 0001783328)",2836,7.01;8.01;9.01,clinical data;data from the Phase;initial data
0001796280,0001193125-23-292551,d629143d8k.htm,2023-12-11,"Oric Pharmaceuticals, Inc.  (ORIC)  (CIK 0001796280)",2834,8.01;9.01,initial data
0001816736,0001193125-23-292306,d644657d8k.htm,2023-12-11,"Disc Medicine, Inc.  (IRON)  (CIK 0001816736)",2834,7.01;8.01;9.01,initial data
0001847903,0001847903-23-000192,centessaannouncespresentat.htm,2023-12-11,Centessa Pharmaceuticals plc  (CNTA)  (CIK 0001847903),2834,7.01;9.01,data from the Phase
0001850119,0001104659-23-124911,tm2332547d1_8k.htm,2023-12-11,"Century Therapeutics, Inc.  (IPSC)  (CIK 0001850119)",2836,8.01;9.01,clinical data
0001395937,0000950170-23-069683,sndx-20231210.htm,2023-12-12,Syndax Pharmaceuticals Inc  (SNDX)  (CIK 0001395937),2834,8.01;9.01,positive data
0001662579,0001628280-23-041317,cccc-20231212x7455xexx991.htm,2023-12-12,"C4 Therapeutics, Inc.  (CCCC)  (CIK 0001662579)",2836,7.01;8.01;9.01,clinical data;positive data
0001786255,0001193125-23-293389,d654575dex992.htm,2023-12-12,"Icosavax, Inc.  (CIK 0001786255)",2836,1.01;8.01;9.01,interim data
0001816736,0001193125-23-292799,d638553d8k.htm,2023-12-12,"Disc Medicine, Inc.  (IRON)  (CIK 0001816736)",2834,7.01;8.01;9.01,positive results
0001001233,0001628280-23-041394,sgmo-20231211.htm,2023-12-13,"SANGAMO THERAPEUTICS, INC  (SGMO)  (CIK 0001001233)",2836,8.01;9.01,data from the Phase
0001680367,0001193125-23-293874,d664766d8k.htm,2023-12-13,"Shattuck Labs, Inc.  (STTK)  (CIK 0001680367)",2834,7.01;9.01,topline data
0001701541,0001104659-23-125566,tm2332757d1_8k.htm,2023-12-13,"Black Diamond Therapeutics, Inc.  (BDTX)  (CIK 0001701541)",2836,7.01;8.01;9.01,clinical data;topline results
0001826892,0001193125-23-293959,d35885d8k.htm,2023-12-13,"BioAtla, Inc.  (BCAB)  (CIK 0001826892)",2836,7.01;8.01;9.01,clinical data
0001422142,0001193125-23-295566,d572047dex991.htm,2023-12-14,"Aadi Bioscience, Inc.  (AADI)  (CIK 0001422142)",2834,8.01;9.01,preliminary data;primary endpoint
0001599901,0001599901-23-000103,rna-20231213.htm,2023-12-14,"Avidity Biosciences, Inc.  (RNA)  (CIK 0001599901)",2834,8.01,statistically significant
0001761612,0001104659-23-125870,tm2332810d1_ex99-1.htm,2023-12-14,BICYCLE THERAPEUTICS plc  (BCYC)  (CIK 0001761612),2834,8.01;9.01,clinical data;initial data
0001346830,0001104659-23-126599,tm2333104d1_8k.htm,2023-12-18,"Cara Therapeutics, Inc.  (CARA)  (CIK 0001346830)",2834,7.01;8.01;9.01,primary endpoint
0001603207,0001493152-23-045197,ex99-1.htm,2023-12-18,"Notable Labs, Ltd.  (NTBL)  (CIK 0001603207)",2834,8.01;9.01,clinical data;efficacy data
0001658247,0000950170-23-071084,crnx-20231218.htm,2023-12-18,"Crinetics Pharmaceuticals, Inc.  (CRNX)  (CIK 0001658247)",2834,7.01;8.01;9.01,clinical data;initial data;topline data;topline results
0001759425,0001193125-23-297614,d784519d8k.htm,2023-12-18,"Mirum Pharmaceuticals, Inc.  (MIRM)  (CIK 0001759425)",2834,8.01,primary endpoint;topline results
0001832038,0001193125-23-297099,d418337dex991.htm,2023-12-18,"Invivyd, Inc.  (IVVD)  (CIK 0001832038)",2836,8.01;9.01,clinical data;efficacy data;topline results
0001888886,0001104659-23-126639,tm2329572d16_8k.htm,2023-12-18,Structure Therapeutics Inc.  (GPCR)  (CIK 0001888886),2834,7.01;8.01;9.01,clinical data;data from the Phase;interim data;primary endpoint;results from the Phase;statistically significant
0001341235,0001157523-23-001841,a53872843.htm,2023-12-19,"Aldeyra Therapeutics, Inc.  (ALDX)  (CIK 0001341235)",2834,7.01;8.01;9.01,results from the Phase;top-line results
0001533743,0001493152-23-045362,ex99-1.htm,2023-12-19,"Processa Pharmaceuticals, Inc.  (PCSA)  (CIK 0001533743)",2834,7.01;9.01,initial data;results from the Phase
0001590560,0001104659-23-127117,tm2333072d1_8k.htm,2023-12-19,uniQure N.V.  (QURE)  (CIK 0001590560),2834,7.01;8.01;9.01,clinical data;efficacy data;interim data
0001737287,0001737287-23-000096,allo-20231209.htm,2023-12-19,"Allogene Therapeutics, Inc.  (ALLO)  (CIK 0001737287)",2836,8.01,primary endpoint
0001741830,0001140361-23-058214,ef20016865_8k.htm,2023-12-19,"Kronos Bio, Inc.  (KRON)  (CIK 0001741830)",2834,8.01,clinical data;data from the Phase
0001401914,0001493152-23-045515,ex99-1.htm,2023-12-20,"Dare Bioscience, Inc.  (DARE)  (CIK 0001401914)",2834,7.01;8.01;9.01,data from the Phase;efficacy data;results from the Phase;statistically significant;topline results
0001430306,0001839882-23-034226,ex99-01.htm,2023-12-20,Tonix Pharmaceuticals Holding Corp.  (TNXP)  (CIK 0001430306),2834,7.01;8.01;9.01,positive data;positive results;primary endpoint;statistically significant;topline results
0001610820,0001493152-23-045569,ex99-1.htm,2023-12-20,"BriaCell Therapeutics Corp.  (BCTX, BCTXW)  (CIK 0001610820)",2834,8.01;9.01,clinical data;primary endpoint
0001635088,0001140361-23-058688,ef20017126_8k.htm,2023-12-20,Roivant Sciences Ltd.  (ROIV)  (CIK 0001635088),2834,7.01;8.01;9.01,initial data
0001739410,0001739410-23-000019,rlyb-122023xex991.htm,2023-12-20,Rallybio Corp  (RLYB)  (CIK 0001739410),2834,7.01;9.01,data from the Phase;preliminary data;results from the Phase
0001764013,0001764013-23-000159,exhibit991.htm,2023-12-20,"Immunovant, Inc.  (IMVT)  (CIK 0001764013)",2836,7.01;8.01;9.01,initial data
0001787297,0001104659-23-127507,tm2332555d3_8k.htm,2023-12-20,"Passage BIO, Inc.  (PASG)  (CIK 0001787297)",2836,8.01;9.01,clinical data;initial data;primary endpoint
0001680367,0001193125-23-300388,d14784d8k.htm,2023-12-21,"Shattuck Labs, Inc.  (STTK)  (CIK 0001680367)",2834,8.01,preliminary data
0001800315,0000950170-23-072258,glto-20231221.htm,2023-12-21,"Galecto, Inc.  (GLTO)  (CIK 0001800315)",2834,8.01;9.01,primary endpoint;topline results
0001822791,0001437749-23-035028,ex_608193.htm,2023-12-21,"Clene Inc.  (CLNN, CLNNW)  (CIK 0001822791)",2834,7.01;8.01;9.01,clinical data
0001878313,0001193125-23-300370,d622268dex991.htm,2023-12-21,"MAIA Biotechnology, Inc.  (MAIA)  (CIK 0001878313)",2834,8.01;9.01,clinical data
0001754068,0001193125-23-301777,d671953dex991.htm,2023-12-22,"Allovir, Inc.  (ALVR)  (CIK 0001754068)",2836,7.01;8.01;9.01,primary endpoint
0001061983,0000950170-23-073144,cytk-20231227.htm,2023-12-27,CYTOKINETICS INC  (CYTK)  (CIK 0001061983),2834,8.01,statistically significant;topline results
0001802768,0001193125-23-303786,d615272d8k.htm,2023-12-27,Royalty Pharma plc  (RPRX)  (CIK 0001802768),2834,8.01,topline results
0001832168,0000950170-24-000033,lbph-20240102.htm,2024-01-02,"Longboard Pharmaceuticals, Inc.  (LBPH)  (CIK 0001832168)",2834,7.01;8.01;9.01,clinical data;efficacy data;topline data
0001818794,0001193125-24-000991,d586587d8k.htm,2024-01-03,"Dyne Therapeutics, Inc.  (DYN)  (CIK 0001818794)",2834,7.01;8.01;9.01,clinical data;initial data
0001697532,0001104659-24-001422,tm242117d1_8k.htm,2024-01-04,Applied Therapeutics Inc.  (APLT)  (CIK 0001697532),2834,8.01,primary endpoint;statistically significant;topline results
0001583107,0001104659-24-001556,tm242154d1_8k.htm,2024-01-05,"Theravance Biopharma, Inc.  (TBPH)  (CIK 0001583107)",2834,8.01;9.01,results from the Phase
0001738021,0001171843-24-000082,exh_991.htm,2024-01-05,"Compass Therapeutics, Inc.  (CMPX)  (CIK 0001738021)",2836,2.02;7.01;9.01,primary endpoint;top-line data
0001599298,0001599298-24-000019,a2024_prx0108xjpmpresent.htm,2024-01-08,Summit Therapeutics Inc.  (SMMT)  (CIK 0001599298),2834,2.02;7.01;9.01,topline data
0001822791,0001437749-24-000815,ex_612355.htm,2024-01-08,"Clene Inc.  (CLNN, CLNNW)  (CIK 0001822791)",2834,7.01;8.01;9.01,clinical data
0001279704,0001104659-24-002401,tm242431d1_8k.htm,2024-01-09,"Cellectar Biosciences, Inc.  (CLRB)  (CIK 0001279704)",2834,8.01;9.01,primary endpoint;topline data
0001601485,0001140361-24-001416,ef20018418_8k.htm,2024-01-09,"Elicio Therapeutics, Inc.  (ELTX)  (CIK 0001601485)",2834,8.01;9.01,preliminary data
0001509745,0001104659-24-004162,tm243430d1_8k.htm,2024-01-16,"LEAP THERAPEUTICS, INC.  (LPTX)  (CIK 0001509745)",2834,8.01;9.01,clinical data
0001445283,0000950170-24-004829,ka-ex99_1.htm,2024-01-17,"KINETA, INC./DE  (KA)  (CIK 0001445283)",2834,7.01;9.01,clinical data;efficacy data
0001878313,0001193125-24-009509,d712719d8k.htm,2024-01-18,"MAIA Biotechnology, Inc.  (MAIA)  (CIK 0001878313)",2834,8.01;9.01,interim data
0000874015,0001140361-24-002995,ef20019323_8k.htm,2024-01-22,IONIS PHARMACEUTICALS INC  (IONS)  (CIK 0000874015),2834,8.01;9.01,topline results
0001659617,0001437749-24-002002,ex_617850.htm,2024-01-24,"Moleculin Biotech, Inc.  (MBRX)  (CIK 0001659617)",2834,7.01;9.01,clinical data;data from the Phase;preliminary data;topline data;topline results
0001533743,0001493152-24-003705,ex99-1.htm,2024-01-25,"Processa Pharmaceuticals, Inc.  (PCSA)  (CIK 0001533743)",2834,8.01;9.01,preliminary data
0001831828,0001193125-24-014808,d717089d8k.htm,2024-01-25,"Vera Therapeutics, Inc.  (VERA)  (CIK 0001831828)",2834,7.01;8.01;9.01,data from the Phase;topline results
0001633932,0001104659-24-007490,tm244305d1_ex99-1.htm,2024-01-29,ESSA Pharma Inc.  (EPIX)  (CIK 0001633932),2834,8.01;9.01,clinical data;data from the Phase;positive results
0001659323,0000950170-24-008530,itrm-20240130.htm,2024-01-30,Iterum Therapeutics plc  (ITRM)  (CIK 0001659323),2834,7.01;8.01;9.01,primary endpoint;statistically significant;topline results
0001746473,0001193125-24-023459,d734141d8k.htm,2024-02-05,"PLIANT THERAPEUTICS, INC.  (PLRX)  (CIK 0001746473)",2834,8.01;9.01,efficacy data;interim data
0001856725,0000950170-24-011011,rani-20240205.htm,2024-02-05,"Rani Therapeutics Holdings, Inc.  (RANI)  (CIK 0001856725)",2834,7.01;8.01;9.01,topline results
0001001233,0001628280-24-003506,sgmo-20240205.htm,2024-02-06,"SANGAMO THERAPEUTICS, INC  (SGMO)  (CIK 0001001233)",2836,8.01,clinical data;data from the Phase;primary endpoint;statistically significant
0001069530,0001171843-24-000648,exh_991.htm,2024-02-07,CASSAVA SCIENCES INC  (SAVA)  (CIK 0001069530),2834,8.01;9.01,clinical data;efficacy data;top-line data;top-line results
0000946644,0001493152-24-005649,ex99-1.htm,2024-02-09,AIM ImmunoTech Inc.  (AIM)  (CIK 0000946644),2836,7.01;9.01,initial data;preliminary data;statistically significant;topline results
0001374690,0000950170-24-013563,lrmr-20240212.htm,2024-02-12,"Larimar Therapeutics, Inc.  (LRMR)  (CIK 0001374690)",2834,2.02;8.01;9.01,top-line data
0001527599,0000950170-24-013803,sybx-ex99_1.htm,2024-02-12,"SYNLOGIC, INC.  (SYBX)  (CIK 0001527599)",2834,2.02;2.05;5.02;8.01;9.01,initial data;primary endpoint
0001535955,0001493152-24-005897,ex99-1.htm,2024-02-12,Lipocine Inc.  (LPCN)  (CIK 0001535955),2834,8.01;9.01,positive results;top-line results;topline results
0001697532,0001104659-24-024347,tm246347d1_8k.htm,2024-02-15,Applied Therapeutics Inc.  (APLT)  (CIK 0001697532),2834,8.01,clinical data;primary endpoint;statistically significant
0001714899,0001714899-24-000065,dnli-20240216.htm,2024-02-16,Denali Therapeutics Inc.  (DNLI)  (CIK 0001714899),2836,7.01,primary endpoint
0001369568,0001193125-24-041520,d706892dex991.htm,2024-02-21,"CATALYST PHARMACEUTICALS, INC.  (CPRX)  (CIK 0001369568)",2834,8.01;9.01,primary endpoint
0001822791,0001437749-24-005132,ex_628988.htm,2024-02-22,"Clene Inc.  (CLNN, CLNNW)  (CIK 0001822791)",2834,7.01;8.01;9.01,statistically significant
0001582554,0001493152-24-007772,ex99-1.htm,2024-02-26,"Matinas BioPharma Holdings, Inc.  (MTNB)  (CIK 0001582554)",2834,7.01;8.01;9.01,clinical data;primary endpoint
0001817713,0000950170-24-020183,janx-20240226.htm,2024-02-26,"Janux Therapeutics, Inc.  (JANX)  (CIK 0001817713)",2834,7.01;9.01,clinical data
0001430306,0001839882-24-005612,ex99-01.htm,2024-02-27,Tonix Pharmaceuticals Holding Corp.  (TNXP)  (CIK 0001430306),2834,7.01;8.01;9.01,clinical data;positive results;primary endpoint;statistically significant;topline results
0001607678,0000950170-24-020616,vktx-ex99_1.htm,2024-02-27,"Viking Therapeutics, Inc.  (VKTX)  (CIK 0001607678)",2834,7.01;9.01,primary endpoint;statistically significant;top-line results
0001817713,0000950170-24-021425,janx-20240227.htm,2024-02-27,"Janux Therapeutics, Inc.  (JANX)  (CIK 0001817713)",2834,8.01,clinical data;interim data
0001873875,0001213900-24-017751,ea0200859-8k_incannex.htm,2024-02-28,Incannex Healthcare Inc.  (IXHL)  (CIK 0001873875),2834,8.01;9.01,topline results
0001213037,0001628280-24-007972,a992ex022924.htm,2024-02-29,"Cardiff Oncology, Inc.  (CRDF)  (CIK 0001213037)",2836,2.02;7.01;9.01,clinical data;efficacy data;topline results
0001822791,0001437749-24-005986,ex_632666.htm,2024-02-29,"Clene Inc.  (CLNN, CLNNW)  (CIK 0001822791)",2834,7.01;8.01;9.01,clinical data
0001580149,0001520138-24-000079,bivi-20240301_8k.htm,2024-03-01,BIOVIE INC.  (BIVI)  (CIK 0001580149),2834,8.01;9.01,topline data
0000925741,0001437749-24-006362,bcda20240303_8k.htm,2024-03-04,"BioCardia, Inc.  (BCDA)  (CIK 0000925741)",2836,7.01;9.01,results from the Phase
0001744659,0001193125-24-056901,d745725d8k.htm,2024-03-04,"Akero Therapeutics, Inc.  (AKRO)  (CIK 0001744659)",2834,7.01;8.01;9.01,positive results;primary endpoint;statistically significant
0001857044,0001493152-24-008670,form8-k.htm,2024-03-04,"Indaptus Therapeutics, Inc.  (INDP)  (CIK 0001857044)",2834,8.01,positive results
0001430306,0001839882-24-007193,ex99-01.htm,2024-03-07,Tonix Pharmaceuticals Holding Corp.  (TNXP)  (CIK 0001430306),2834,7.01;8.01;9.01,positive results;primary endpoint;topline results
0001671584,0000950170-24-027613,apvo-20240307.htm,2024-03-07,Aptevo Therapeutics Inc.  (APVO)  (CIK 0001671584),2834,8.01;9.01,interim data
0001840439,0001193125-24-062154,d802391dex991.htm,2024-03-07,"Biomea Fusion, Inc.  (BMEA)  (CIK 0001840439)",2834,8.01;9.01,clinical data;initial data
0001658551,0001193125-24-062878,d787565d8k.htm,2024-03-08,"Amylyx Pharmaceuticals, Inc.  (AMLX)  (CIK 0001658551)",2834,7.01;8.01;9.01,preliminary data;primary endpoint;topline results
0001878313,0001493152-24-009400,ex99-1.htm,2024-03-08,"MAIA Biotechnology, Inc.  (MAIA)  (CIK 0001878313)",2834,8.01;9.01,efficacy data
0001070494,0001193125-24-064791,d786050d8k.htm,2024-03-11,ACADIA PHARMACEUTICALS INC  (ACAD)  (CIK 0001070494),2834,8.01,primary endpoint;top-line results
0001106838,0001493152-24-009481,ex99-1.htm,2024-03-11,"Sonnet BioTherapeutics Holdings, Inc.  (SONN)  (CIK 0001106838)",2834,7.01;8.01;9.01,primary endpoint
0001430306,0001839882-24-007475,ex99-1.htm,2024-03-11,Tonix Pharmaceuticals Holding Corp.  (TNXP)  (CIK 0001430306),2834,7.01;8.01;9.01,efficacy data;primary endpoint;statistically significant;topline results
0001821586,0001213900-24-021233,ea020149801ex99-1_moonlake.htm,2024-03-11,MoonLake Immunotherapeutics  (MLTX)  (CIK 0001821586),2834,7.01;8.01;9.01,data from the Phase;positive data;positive results;primary endpoint;statistically significant;top-line results;topline results
0001851194,0001193125-24-064405,d737752d8k.htm,2024-03-11,"Ventyx Biosciences, Inc.  (VTYX)  (CIK 0001851194)",2834,8.01;9.01,clinical data
0001962918,0001962918-24-000018,a993psaandhsdata.htm,2024-03-11,"ACELYRIN, Inc.  (SLRN)  (CIK 0001962918)",2834,7.01,positive results;primary endpoint;statistically significant;topline data;topline results
0001658247,0001193125-24-065913,d759755d8k.htm,2024-03-12,"Crinetics Pharmaceuticals, Inc.  (CRNX)  (CIK 0001658247)",2834,7.01;8.01;9.01,clinical data;topline results
0000886744,0000950170-24-031475,gern-ex99_1.htm,2024-03-14,"GERON CORP  (GERN, GERNW)  (CIK 0000886744)",2834,8.01,primary endpoint;results from the Phase;statistically significant
0001505512,0001193125-24-068000,d767023dex992.htm,2024-03-14,Regulus Therapeutics Inc.  (RGLS)  (CIK 0001505512),2834,1.01;2.02;3.02;5.03;9.01,top-line data;topline data;topline results
0001398733,0001628280-24-011308,aqst-20240314.htm,2024-03-15,"Aquestive Therapeutics, Inc.  (AQST)  (CIK 0001398733)",2834,8.01,clinical data;primary endpoint;topline data
0001017491,0001104659-24-036125,tm249064d1_8k.htm,2024-03-19,"SEELOS THERAPEUTICS, INC.  (SEEL)  (CIK 0001017491)",2834,8.01;9.01,top-line results
0001658247,0001193125-24-070706,d814079d8k.htm,2024-03-19,"Crinetics Pharmaceuticals, Inc.  (CRNX)  (CIK 0001658247)",2834,7.01;8.01;9.01,clinical data;topline results
0001768224,0001193805-24-000392,e619378_8k-arct.htm,2024-03-19,Arcturus Therapeutics Holdings Inc.  (ARCT)  (CIK 0001768224),2834,7.01;9.01,clinical data;primary endpoint
0001962918,0001962918-24-000021,slrn-8kx3202024xexx991.htm,2024-03-20,"ACELYRIN, Inc.  (SLRN)  (CIK 0001962918)",2834,7.01;9.01,clinical data;positive results;preliminary data
0001582554,0001493152-24-010921,ex99-1.htm,2024-03-22,"Matinas BioPharma Holdings, Inc.  (MTNB)  (CIK 0001582554)",2834,7.01;8.01;9.01,clinical data;primary endpoint
0001599298,0001599298-24-000043,a2024_prx0322xelccposter.htm,2024-03-22,Summit Therapeutics Inc.  (SMMT)  (CIK 0001599298),2834,8.01;9.01,data from the Phase
0001454789,0001104659-24-038165,tm249644d1_8k.htm,2024-03-25,"Astria Therapeutics, Inc.  (ATXS)  (CIK 0001454789)",2834,8.01,clinical data;efficacy data;results from the Phase;top-line results
0001579428,0000950170-24-035655,axsm-ex99_1.htm,2024-03-25,"Axsome Therapeutics, Inc.  (AXSM)  (CIK 0001579428)",2834,8.01;9.01,primary endpoint;statistically significant;topline results
0001623526,0001193125-24-076478,d816172dex991.htm,2024-03-25,"Stoke Therapeutics, Inc.  (STOK)  (CIK 0001623526)",2834,7.01;9.01,positive results
0001659617,0001437749-24-009116,ex_643680.htm,2024-03-25,"Moleculin Biotech, Inc.  (MBRX)  (CIK 0001659617)",2834,7.01;9.01,interim data;positive data;topline data
0001832038,0001193125-24-075582,d801617dex991.htm,2024-03-25,"Invivyd, Inc.  (IVVD)  (CIK 0001832038)",2836,2.02;8.01;9.01,clinical data;efficacy data;interim data
0001607678,0000950170-24-036151,vktx-ex99_1.htm,2024-03-26,"Viking Therapeutics, Inc.  (VKTX)  (CIK 0001607678)",2834,7.01;9.01,positive results;statistically significant
0001434647,0001437749-24-009476,ex_645330.htm,2024-03-27,"ZEVRA THERAPEUTICS, INC.  (ZVRA)  (CIK 0001434647)",2834,7.01;8.01;9.01,data from the Phase;primary endpoint;top-line data;top-line results;topline results
0001733413,0001213900-24-026576,ea020272301ex99-1_tffpharma.htm,2024-03-27,"TFF Pharmaceuticals, Inc.  (TFFP)  (CIK 0001733413)",2834,7.01;9.01,clinical data;efficacy data;initial data;positive data
0001535955,0001493152-24-011600,ex99-1.htm,2024-03-28,Lipocine Inc.  (LPCN)  (CIK 0001535955),2834,8.01;9.01,positive results;primary endpoint;topline results
0001656634,0001193125-24-083358,d806967d8k.htm,2024-04-01,"Gritstone bio, Inc.  (GRTS)  (CIK 0001656634)",2836,8.01,data from the Phase
0001746466,0001193125-24-082709,d819425d8k.htm,2024-04-01,"Equillium, Inc.  (EQ)  (CIK 0001746466)",2834,8.01,topline data
0001824893,0000950170-24-038902,srzn-ex99_1.htm,2024-04-01,"Surrozen, Inc./DE  (SRZN, SRZNW)  (CIK 0001824893)",2836,7.01;9.01,clinical data
0001840439,0001193125-24-083352,d765540d8k.htm,2024-04-01,"Biomea Fusion, Inc.  (BMEA)  (CIK 0001840439)",2834,8.01;9.01,initial data
0001635088,0001140361-24-017141,ef20025692_ex99-1.htm,2024-04-02,Roivant Sciences Ltd.  (ROIV)  (CIK 0001635088),2834,8.01;9.01,clinical data;efficacy data;positive data;positive results;results from the Phase;topline results
0001730430,0001104659-24-042231,tm249997d4_8k.htm,2024-04-02,"Kiniksa Pharmaceuticals, Ltd.  (KNSA)  (CIK 0001730430)",2834,7.01;9.01,topline data
0001816736,0001193125-24-084937,d815786d8k.htm,2024-04-02,"Disc Medicine, Inc.  (IRON)  (CIK 0001816736)",2834,7.01;8.01;9.01,primary endpoint;statistically significant;topline results
0000764195,0001493152-24-012910,ex99-1.htm,2024-04-03,VBI Vaccines Inc/BC  (VBIVQ)  (CIK 0000764195),2834,7.01;9.01,interim data;positive data;statistically significant
0001815776,0001815776-24-000035,exhibit991-8xk.htm,2024-04-03,"LENZ Therapeutics, Inc.  (LENZ)  (CIK 0001815776)",2836,8.01;9.01,primary endpoint;statistically significant;topline data;topline results
0001828522,0001193125-24-086664,d823667d8k.htm,2024-04-04,"eFFECTOR Therapeutics, Inc.  (EFTR, EFTRW)  (CIK 0001828522)",2834,8.01,primary endpoint;topline data;topline results
0001841387,0000950170-24-041619,cadl-20240404.htm,2024-04-04,"Candel Therapeutics, Inc.  (CADL)  (CIK 0001841387)",2836,7.01;8.01;9.01,interim data
0001061983,0000950170-24-042057,cytk-20240405.htm,2024-04-05,CYTOKINETICS INC  (CYTK)  (CIK 0001061983),2834,8.01,statistically significant
0001326205,0001185185-24-000360,ex_642530.htm,2024-04-05,"IGC Pharma, Inc.  (IGC)  (CIK 0001326205)",2834,7.01;8.01;9.01,interim data;results from the Phase;statistically significant
0001601485,0001601485-24-000025,eliciotherapeutics_aacrr.htm,2024-04-05,"Elicio Therapeutics, Inc.  (ELTX)  (CIK 0001601485)",2834,8.01,clinical data;data from the Phase;initial data
0000874015,0001140361-24-018449,ef20026226_8k.htm,2024-04-08,IONIS PHARMACEUTICALS INC  (IONS)  (CIK 0000874015),2834,8.01;9.01,positive results;results from the Phase
0001094038,0001104659-24-044496,tm2411143d1_ex99-1.htm,2024-04-08,"Marker Therapeutics, Inc.  (MRKR)  (CIK 0001094038)",2834,8.01;9.01,clinical data;preliminary data
0001408443,0001104659-24-044767,tm2411306d1_8k.htm,2024-04-08,Milestone Pharmaceuticals Inc.  (MIST)  (CIK 0001408443),2834,8.01;9.01,clinical data
0001661460,0001193125-24-089653,d808044dex991.htm,2024-04-08,"Poseida Therapeutics, Inc.  (PSTX)  (CIK 0001661460)",2836,7.01;9.01,clinical data;interim data
0001693011,0001193125-24-089091,d757694d8k.htm,2024-04-08,"Inozyme Pharma, Inc.  (INZY)  (CIK 0001693011)",2834,7.01;8.01;9.01,efficacy data;positive results;topline data
0001520262,0000950170-24-042791,alks-20240409.htm,2024-04-09,Alkermes plc.  (ALKS)  (CIK 0001520262),2834,7.01;9.01,topline results
0001805890,0000950170-24-042972,fusn-20240409.htm,2024-04-09,Fusion Pharmaceuticals Inc.  (CIK 0001805890),2836,8.01,data from the Phase
0001485003,0001104659-24-045577,tm2411506d1_8k.htm,2024-04-10,Carisma Therapeutics Inc.  (CARM)  (CIK 0001485003),2834,8.01;9.01,preliminary data
0001658551,0001193125-24-091463,d818999d8k.htm,2024-04-10,"Amylyx Pharmaceuticals, Inc.  (AMLX)  (CIK 0001658551)",2834,8.01,interim data;topline data
0001533743,0001493152-24-014278,form8-k.htm,2024-04-11,"Processa Pharmaceuticals, Inc.  (PCSA)  (CIK 0001533743)",2834,7.01;9.01,clinical data;preliminary data
0001535955,0001493152-24-014273,ex99-1.htm,2024-04-11,Lipocine Inc.  (LPCN)  (CIK 0001535955),2834,8.01;9.01,statistically significant
0001672619,0001193125-24-092522,d763719d8k.htm,2024-04-11,"Enliven Therapeutics, Inc.  (ELVN)  (CIK 0001672619)",2834,8.01;9.01,data from the Phase
0001515673,0000950123-24-003302,rare-20240415.htm,2024-04-15,Ultragenyx Pharmaceutical Inc.  (RARE)  (CIK 0001515673),2834,8.01;9.01,data from the Phase
0001567514,0001193125-24-096988,d429750d8k.htm,2024-04-16,"Intra-Cellular Therapies, Inc.  (ITCI)  (CIK 0001567514)",2834,7.01;8.01;9.01,primary endpoint;statistically significant;topline results
0001822791,0001437749-24-012182,ex_653935.htm,2024-04-16,"Clene Inc.  (CLNN, CLNNW)  (CIK 0001822791)",2834,7.01;8.01;9.01,positive results;results from the Phase
0001597553,0001193125-24-098524,d787749d8k.htm,2024-04-17,"Sage Therapeutics, Inc.  (SAGE)  (CIK 0001597553)",2834,7.01;9.01,topline results
0001808898,0001193125-24-100080,d815188dex991.htm,2024-04-18,Benitec Biopharma Inc.  (BNTC)  (CIK 0001808898),2834,7.01;9.01,clinical data
0001828185,0001828185-24-000022,brns-20240418.htm,2024-04-18,Barinthus Biotherapeutics plc.  (BRNS)  (CIK 0001828185),2834,8.01;9.01,interim data;topline data
0000894158,0001104659-24-050307,tm2412300d2_8k.htm,2024-04-23,"Theriva Biologics, Inc.  (TOVX)  (CIK 0000894158)",2834,7.01;8.01;9.01,topline data
0001411685,0001437749-24-013283,ex_660814.htm,2024-04-26,"Vistagen Therapeutics, Inc.  (VTGN)  (CIK 0001411685)",2834,8.01;9.01,positive results;statistically significant
0001831363,0000950170-24-049870,tern-ex99_1.htm,2024-04-29,"Terns Pharmaceuticals, Inc.  (TERN)  (CIK 0001831363)",2834,7.01;9.01,interim data;primary endpoint
0000072444,0001437749-24-013983,ex_664492.htm,2024-04-30,"Vaxart, Inc.  (VXRT)  (CIK 0000072444)",2836,8.01;9.01,clinical data;positive results;primary endpoint
0001719406,0001104659-24-055041,tm2413153d1_ex99-2.htm,2024-04-30,"NRX Pharmaceuticals, Inc.  (NRXP, NRXPW)  (CIK 0001719406)",2834,2.04;8.01;9.01,primary endpoint;statistically significant
0000925741,0001437749-24-014059,bcda20240430_8k.htm,2024-05-01,"BioCardia, Inc.  (BCDA)  (CIK 0000925741)",2836,7.01;9.01,primary endpoint
0001420565,0001193125-24-126425,d65915d8k.htm,2024-05-01,"Aileron Therapeutics, Inc.  (ALRN)  (CIK 0001420565)",2834,2.02;8.01,positive data;statistically significant;topline results
0001837607,0001104659-24-056664,tm2413422d1_8k.htm,2024-05-03,"AEON Biopharma, Inc.  (AEON)  (CIK 0001837607)",2834,7.01;8.01;9.01,primary endpoint;top-line results
0001860657,0001213900-24-039306,ea020520201ex99-1_allarity.htm,2024-05-03,"Allarity Therapeutics, Inc.  (ALLR)  (CIK 0001860657)",2834,7.01;9.01,statistically significant
0001991792,0001193125-24-130800,d823423d8k.htm,2024-05-03,"CG Oncology, Inc.  (CGON)  (CIK 0001991792)",2836,8.01,data from the Phase;interim data;primary endpoint;topline data
0001253689,0001558370-24-006793,glyc-20240506x8k.htm,2024-05-06,GLYCOMIMETICS INC  (GLYC)  (CIK 0001253689),2834,2.02;7.01;9.01,topline results
0001404644,0001404644-24-000049,ngne_asgctpresentationxfin.htm,2024-05-07,Neurogene Inc.  (NGNE)  (CIK 0001404644),2834,7.01;9.01,clinical data;efficacy data;interim data
0001528115,0001193125-24-133086,d825274dex991.htm,2024-05-07,"Annexon, Inc.  (ANNX)  (CIK 0001528115)",2834,8.01;9.01,clinical data;statistically significant
0001659617,0001437749-24-014934,ex_668279.htm,2024-05-07,"Moleculin Biotech, Inc.  (MBRX)  (CIK 0001659617)",2834,7.01;9.01,interim data;positive data;preliminary data
0001061983,0000950170-24-055046,cytk-20240508.htm,2024-05-08,CYTOKINETICS INC  (CYTK)  (CIK 0001061983),2834,8.01,data from the Phase;topline data
0001501989,0001193125-24-134284,d835346d8k.htm,2024-05-08,"CytomX Therapeutics, Inc.  (CTMX)  (CIK 0001501989)",2834,8.01;9.01,initial data
0001816590,0001816590-24-000083,cmps-20240508.htm,2024-05-08,COMPASS Pathways plc  (CMPS)  (CIK 0001816590),2834,8.01,primary endpoint;top-line results
0001228627,0001140361-24-025476,ef20028889_ex99-1.htm,2024-05-10,"Ocuphire Pharma, Inc.  (OCUP)  (CIK 0001228627)",2834,7.01;9.01,primary endpoint
0001472091,0001140361-24-025256,ef20028859_ex99-1.htm,2024-05-10,PDS Biotechnology Corp  (PDSB)  (CIK 0001472091),2834,8.01;9.01,interim data;primary endpoint
0001061983,0000950170-24-058654,cytk-ex99_1.htm,2024-05-13,CYTOKINETICS INC  (CYTK)  (CIK 0001061983),2834,8.01;9.01,positive results;statistically significant
0001746473,0001193125-24-137731,d798874d8k.htm,2024-05-14,"PLIANT THERAPEUTICS, INC.  (PLRX)  (CIK 0001746473)",2834,8.01;9.01,topline data
0001750284,0000950170-24-060031,olma-ex99_2.htm,2024-05-15,"Olema Pharmaceuticals, Inc.  (OLMA)  (CIK 0001750284)",2834,7.01;8.01;9.01,efficacy data;statistically significant
0001655759,0001655759-24-000063,a2024-05x16xesmobreastve.htm,2024-05-16,"ARVINAS, INC.  (ARVN)  (CIK 0001655759)",2834,7.01;8.01;9.01,clinical data;initial data
0001106838,0001493152-24-020551,ex99-1.htm,2024-05-20,"Sonnet BioTherapeutics Holdings, Inc.  (SONN)  (CIK 0001106838)",2834,7.01;8.01;9.01,clinical data;primary endpoint
0001818794,0001193125-24-142232,d821973d8k.htm,2024-05-20,"Dyne Therapeutics, Inc.  (DYN)  (CIK 0001818794)",2834,7.01;8.01;9.01,clinical data;efficacy data;initial data
0001506251,0001213900-24-045573,ea0206620-8k_citius.htm,2024-05-21,"Citius Pharmaceuticals, Inc.  (CTXR)  (CIK 0001506251)",2834,8.01;9.01,topline results
0001356576,0001356576-24-000034,ex99105-23x2024.htm,2024-05-23,"SUPERNUS PHARMACEUTICALS, INC.  (SUPN)  (CIK 0001356576)",2834,7.01;9.01,interim data;results from the Phase;topline results
0001526119,0001104659-24-064781,tm2415352d1_8k.htm,2024-05-23,"Verastem, Inc.  (VSTM)  (CIK 0001526119)",2834,5.07;7.01;8.01;9.01,interim data;topline data
0001760542,0001104659-24-064762,tm2415416d1_8k.htm,2024-05-23,HOOKIPA Pharma Inc.  (HOOK)  (CIK 0001760542),2834,7.01;8.01;9.01,clinical data
0001789972,0000950170-24-064025,cgem-20240523.htm,2024-05-23,"Cullinan Therapeutics, Inc.  (CGEM)  (CIK 0001789972)",2836,7.01;8.01;9.01,clinical data
0001829802,0001193125-24-146093,d830013d8k.htm,2024-05-23,"Sensei Biotherapeutics, Inc.  (SNSE)  (CIK 0001829802)",2834,7.01;9.01,clinical data
0001841387,0000950170-24-064022,cadl-20240523.htm,2024-05-23,"Candel Therapeutics, Inc.  (CADL)  (CIK 0001841387)",2836,7.01;8.01;9.01,topline data
0001425205,0001104659-24-064825,tm2415493d1_8k.htm,2024-05-24,"IOVANCE BIOTHERAPEUTICS, INC.  (IOVA)  (CIK 0001425205)",2836,8.01;9.01,clinical data
0001509261,0001104659-24-065073,tm2415552d1_8k.htm,2024-05-24,"Rezolute, Inc.  (RZLT)  (CIK 0001509261)",2834,7.01;9.01,topline results
0001601485,0001601485-24-000037,a2024-05x23xxeltxxxph1am.htm,2024-05-24,"Elicio Therapeutics, Inc.  (ELTX)  (CIK 0001601485)",2834,8.01,preliminary data
0001991792,0000950170-24-064309,ck0001991792-20240524.htm,2024-05-24,"CG Oncology, Inc.  (CGON)  (CIK 0001991792)",2836,7.01;8.01;9.01,results from the Phase;topline data
0001104506,0001140361-24-027535,ef20030032_8k.htm,2024-05-28,INSMED Inc  (INSM)  (CIK 0001104506),2834,7.01;8.01;9.01,primary endpoint;statistically significant;topline results
0001533040,0001683168-24-003849,phio_ex9901.htm,2024-05-28,Phio Pharmaceuticals Corp.  (PHIO)  (CIK 0001533040),2834,8.01;9.01,efficacy data
0001651311,0001193125-24-148089,d840774d8k.htm,2024-05-28,Merus N.V.  (MRUS)  (CIK 0001651311),2834,8.01,clinical data
0000764195,0001493152-24-021727,ex99-1.htm,2024-05-29,VBI Vaccines Inc/BC  (VBIVQ)  (CIK 0000764195),2834,7.01;9.01,clinical data;interim data;statistically significant
0001802768,0001193125-24-149338,d34372d8k.htm,2024-05-29,Royalty Pharma plc  (RPRX)  (CIK 0001802768),2834,8.01,positive results
0001133818,0001558370-24-008779,bpth-20240523xex99d1.htm,2024-05-30,"BIO-PATH HOLDINGS, INC.  (BPTH)  (CIK 0001133818)",2834,7.01;9.01,positive results
0001430306,0001839882-24-016704,ex99-01.htm,2024-05-30,Tonix Pharmaceuticals Holding Corp.  (TNXP)  (CIK 0001430306),2834,7.01;8.01;9.01,primary endpoint;statistically significant
0001515673,0000950170-24-066553,rare-20240530.htm,2024-05-30,Ultragenyx Pharmaceutical Inc.  (RARE)  (CIK 0001515673),2834,8.01;9.01,data from the Phase;efficacy data;primary endpoint;statistically significant;topline results
0001599298,0001599298-24-000096,a2024_prx0530xivonescima.htm,2024-05-30,Summit Therapeutics Inc.  (SMMT)  (CIK 0001599298),2834,8.01;9.01,primary endpoint;statistically significant
0000874015,0001140361-24-028247,ef20030319_8k.htm,2024-05-31,IONIS PHARMACEUTICALS INC  (IONS)  (CIK 0000874015),2834,8.01;9.01,positive results
0001671927,0001140361-24-028366,ef20030354_ex99-1.htm,2024-05-31,Immunocore Holdings plc  (IMCR)  (CIK 0001671927),2836,7.01;9.01,efficacy data;primary endpoint
0001133818,0001558370-24-008844,bpth-20240603xex99d1.htm,2024-06-03,"BIO-PATH HOLDINGS, INC.  (BPTH)  (CIK 0001133818)",2834,8.01;9.01,positive results
0001183765,0001171843-24-003212,exh_991.htm,2024-06-03,"Molecular Templates, Inc.  (MTEM)  (CIK 0001183765)",2834,8.01;9.01,clinical data
0001430306,0001839882-24-017297,ex99-01.htm,2024-06-03,Tonix Pharmaceuticals Holding Corp.  (TNXP)  (CIK 0001430306),2834,7.01;8.01;9.01,data from the Phase;primary endpoint;statistically significant
0001434647,0001437749-24-019074,ex_681567.htm,2024-06-03,"ZEVRA THERAPEUTICS, INC.  (ZVRA)  (CIK 0001434647)",2834,7.01;8.01;9.01,positive results;primary endpoint
0001498382,0000950170-24-067670,ktra-20240603.htm,2024-06-03,"Kintara Therapeutics, Inc.  (KTRA)  (CIK 0001498382)",2834,7.01;9.01,positive results
0001599298,0001193125-24-152292,d38200dex992.htm,2024-06-03,Summit Therapeutics Inc.  (SMMT)  (CIK 0001599298),2834,7.01;8.01;9.01,primary endpoint;statistically significant
0001619856,0001619856-24-000046,cariboubiosciencesireven.htm,2024-06-03,"Caribou Biosciences, Inc.  (CRBU)  (CIK 0001619856)",2836,7.01;8.01;9.01,clinical data;initial data
0001658247,0001193125-24-153075,d823838d8k.htm,2024-06-03,"Crinetics Pharmaceuticals, Inc.  (CRNX)  (CIK 0001658247)",2834,7.01;8.01;9.01,data from the Phase;initial data
0001676725,0000950170-24-067644,idya-20240603.htm,2024-06-03,"IDEAYA Biosciences, Inc.  (IDYA)  (CIK 0001676725)",2834,8.01,clinical data
0001683553,0000950170-24-067650,sprb-20240602.htm,2024-06-03,"SPRUCE BIOSCIENCES, INC.  (SPRB)  (CIK 0001683553)",2834,8.01,primary endpoint
0001727196,0001558370-24-008865,srrk-20240603xex99d1.htm,2024-06-03,Scholar Rock Holding Corp  (SRRK)  (CIK 0001727196),2836,7.01;8.01;9.01,clinical data;results from the Phase
0001737953,0001104659-24-067556,tm2416257d1_ex99-1.htm,2024-06-03,"Replimune Group, Inc.  (REPL)  (CIK 0001737953)",2836,8.01;9.01,clinical data;positive data
0001740279,0001193125-24-152493,d777605d8k.htm,2024-06-03,"IN8BIO, INC.  (INAB)  (CIK 0001740279)",2836,8.01;9.01,clinical data;data from the Phase
0001785530,0001193125-24-152380,d800910d8k.htm,2024-06-03,"Werewolf Therapeutics, Inc.  (HOWL)  (CIK 0001785530)",2834,7.01;8.01;9.01,clinical data;preliminary data
0001789972,0000950170-24-067662,cgem-20240601.htm,2024-06-03,"Cullinan Therapeutics, Inc.  (CGEM)  (CIK 0001789972)",2836,7.01;8.01;9.01,clinical data
0001804591,0001193125-24-152391,d836506d8k.htm,2024-06-03,23andMe Holding Co.  (ME)  (CIK 0001804591),2834,7.01;9.01,efficacy data
0001850119,0001104659-24-067446,tm2416244d1_ex99-1.htm,2024-06-03,"Century Therapeutics, Inc.  (IPSC)  (CIK 0001850119)",2836,8.01;9.01,initial data;interim data;preliminary data
0001888886,0001104659-24-067483,tm2414821d7_8k.htm,2024-06-03,Structure Therapeutics Inc.  (GPCR)  (CIK 0001888886),2834,7.01;8.01;9.01,statistically significant;topline data;topline results
0001253689,0001558370-24-008882,glyc-20240604xex99d1.htm,2024-06-04,GLYCOMIMETICS INC  (GLYC)  (CIK 0001253689),2834,7.01;9.01,primary endpoint;statistically significant
0001528115,0001193125-24-153625,d838099d8k.htm,2024-06-04,"Annexon, Inc.  (ANNX)  (CIK 0001528115)",2834,7.01;8.01;9.01,primary endpoint;statistically significant;topline results
0001607678,0000950170-24-068297,vktx-ex99_1.htm,2024-06-04,"Viking Therapeutics, Inc.  (VKTX)  (CIK 0001607678)",2834,7.01;9.01,clinical data;primary endpoint;results from the Phase;statistically significant;top-line results;topline data
0001760542,0001104659-24-068248,tm2416401d1_8k.htm,2024-06-04,HOOKIPA Pharma Inc.  (HOOK)  (CIK 0001760542),2834,7.01;8.01;9.01,clinical data
0001447028,0001171843-24-003302,exh_991.htm,2024-06-05,Arbutus Biopharma Corp  (ABUS)  (CIK 0001447028),2834,8.01;9.01,clinical data
0001706431,0001193125-24-154636,d819044d8k.htm,2024-06-05,"Vir Biotechnology, Inc.  (VIR)  (CIK 0001706431)",2836,7.01;9.01,efficacy data;preliminary data
0001400118,0001104659-24-068817,tm2416614d1_8k.htm,2024-06-06,Sagimet Biosciences Inc.  (SGMT)  (CIK 0001400118),2834,5.07;8.01;9.01,positive data
0001447028,0001171843-24-003323,exh_991.htm,2024-06-06,Arbutus Biopharma Corp  (ABUS)  (CIK 0001447028),2834,8.01;9.01,clinical data;data from the Phase;preliminary data
0001737953,0001104659-24-068948,tm2416613d1_8k.htm,2024-06-06,"Replimune Group, Inc.  (REPL)  (CIK 0001737953)",2836,7.01;8.01;9.01,primary endpoint;topline results
0001743881,0001140361-24-029050,ef20030678_ex99-1.htm,2024-06-06,"BridgeBio Pharma, Inc.  (BBIO)  (CIK 0001743881)",2834,8.01;9.01,positive results;results from the Phase;statistically significant
0001828185,0001828185-24-000063,brns-20240606.htm,2024-06-06,Barinthus Biotherapeutics plc.  (BRNS)  (CIK 0001828185),2834,7.01;8.01;9.01,data from the Phase;interim data;topline data
0001878313,0001493152-24-022906,ex99-1.htm,2024-06-06,"MAIA Biotechnology, Inc.  (MAIA)  (CIK 0001878313)",2834,7.01;9.01,clinical data
0001516551,0001516551-24-000059,a240610_skyexnrxsbip2atopl.htm,2024-06-10,"Skye Bioscience, Inc.  (SKYE)  (CIK 0001516551)",2834,8.01;9.01,primary endpoint;statistically significant
0001535955,0001493152-24-023289,form8-k.htm,2024-06-10,Lipocine Inc.  (LPCN)  (CIK 0001535955),2834,8.01;9.01,data from the Phase
0001832168,0000950170-24-071093,lbph-20240610.htm,2024-06-10,"Longboard Pharmaceuticals, Inc.  (LBPH)  (CIK 0001832168)",2834,7.01;8.01;9.01,clinical data;interim data
0001850270,0001193125-24-157913,d827829dex991.htm,2024-06-10,PROKIDNEY CORP.  (PROK)  (CIK 0001850270),2836,7.01;8.01;9.01,results from the Phase
0001477845,0001104659-24-070450,tm2416963d1_8k.htm,2024-06-11,"Annovis Bio, Inc.  (ANVS)  (CIK 0001477845)",2834,7.01;9.01,statistically significant
0001597553,0001193125-24-158710,d750546dex991.htm,2024-06-11,"Sage Therapeutics, Inc.  (SAGE)  (CIK 0001597553)",2834,8.01;9.01,positive results;primary endpoint;results from the Phase;statistically significant;topline data;topline results
0001346830,0001104659-24-070914,tm2416682d3_8k.htm,2024-06-12,"Cara Therapeutics, Inc.  (CARA)  (CIK 0001346830)",2834,7.01;8.01;9.01,primary endpoint
0001472091,0001140361-24-029820,ef20031030_ex99-1.htm,2024-06-12,PDS Biotechnology Corp  (PDSB)  (CIK 0001472091),2834,8.01;9.01,primary endpoint
0001515673,0000950170-24-072119,rare-20240611.htm,2024-06-12,Ultragenyx Pharmaceutical Inc.  (RARE)  (CIK 0001515673),2834,8.01,results from the Phase
0001719714,0001193125-24-159393,d849907d8k.htm,2024-06-12,Mereo BioPharma Group plc  (MREO)  (CIK 0001719714),2834,7.01;8.01;9.01,data from the Phase;interim data;results from the Phase
0001400118,0001104659-24-071014,tm2417159d1_ex99-1.htm,2024-06-13,Sagimet Biosciences Inc.  (SGMT)  (CIK 0001400118),2834,8.01;9.01,efficacy data;positive data;positive results;primary endpoint;statistically significant;top-line data
0001740279,0001193125-24-160703,d774911d8k.htm,2024-06-13,"IN8BIO, INC.  (INAB)  (CIK 0001740279)",2836,5.07;8.01;9.01,data from the Phase
0001133818,0001558370-24-009170,bpth-20240614xex99d1.htm,2024-06-14,"BIO-PATH HOLDINGS, INC.  (BPTH)  (CIK 0001133818)",2834,7.01;9.01,positive results
0001650664,0001650664-24-000078,edit-20240614.htm,2024-06-14,"Editas Medicine, Inc.  (EDIT)  (CIK 0001650664)",2836,7.01;8.01;9.01,clinical data;efficacy data
0001659617,0001437749-24-020269,ex_688103.htm,2024-06-14,"Moleculin Biotech, Inc.  (MBRX)  (CIK 0001659617)",2834,7.01;9.01,clinical data;interim data;preliminary data
0001680367,0001193125-24-161087,d841424d8k.htm,2024-06-14,"Shattuck Labs, Inc.  (STTK)  (CIK 0001680367)",2834,7.01;9.01,interim data
0001759138,0001193125-24-161089,d851455d8k.htm,2024-06-14,"Cabaletta Bio, Inc.  (CABA)  (CIK 0001759138)",2836,7.01;8.01;9.01,clinical data;efficacy data;primary endpoint
0001816736,0001193125-24-161170,d826950d8k.htm,2024-06-14,"Disc Medicine, Inc.  (IRON)  (CIK 0001816736)",2834,7.01;8.01;9.01,initial data;statistically significant
0001855644,0001104659-24-071445,tm24172501_ex99-1.htm,2024-06-14,"Zura Bio Ltd  (ZURA, ZURAW)  (CIK 0001855644)",2836,7.01;9.01,clinical data
0001267813,0001104659-24-072012,tm2417385d1_8k.htm,2024-06-17,"MARINUS PHARMACEUTICALS, INC.  (MRNS)  (CIK 0001267813)",2834,8.01;9.01,topline results
0001549595,0001549595-24-000086,a240616ehadatarelease-final.htm,2024-06-17,"Nurix Therapeutics, Inc.  (NRIX)  (CIK 0001549595)",2834,7.01;8.01;9.01,clinical data;positive results
0001615219,0001615219-24-000049,a061724slrxmdandersonehase.htm,2024-06-17,"Salarius Pharmaceuticals, Inc.  (SLRX)  (CIK 0001615219)",2834,8.01;9.01,clinical data
0001636651,0000950170-24-073998,ovid-ex99_1.htm,2024-06-17,Ovid Therapeutics Inc.  (OVID)  (CIK 0001636651),2834,7.01;9.01,primary endpoint;statistically significant;topline data
0001664710,0001664710-24-000055,a62024corporateupdate.htm,2024-06-17,"Keros Therapeutics, Inc.  (KROS)  (CIK 0001664710)",2834,8.01;9.01,initial data;primary endpoint
0001759425,0001193125-24-162056,d853346d8k.htm,2024-06-17,"Mirum Pharmaceuticals, Inc.  (MIRM)  (CIK 0001759425)",2834,8.01,primary endpoint;statistically significant
0001798749,0001104659-24-072058,tm2417394d1_8k.htm,2024-06-17,"Aerovate Therapeutics, Inc.  (AVTE)  (CIK 0001798749)",2834,7.01;8.01;9.01,data from the Phase;primary endpoint;results from the Phase;topline results
0001404644,0001404644-24-000073,irsfpr_final.htm,2024-06-18,Neurogene Inc.  (NGNE)  (CIK 0001404644),2834,7.01;9.01,efficacy data
0001567514,0001193125-24-163038,d842233d8k.htm,2024-06-18,"Intra-Cellular Therapies, Inc.  (ITCI)  (CIK 0001567514)",2834,8.01;9.01,topline results
0001806310,0001193125-24-163050,d851091d8k.htm,2024-06-18,"Taysha Gene Therapies, Inc.  (TSHA)  (CIK 0001806310)",2836,7.01;9.01,clinical data
0000725363,0001654954-24-007928,cvm_ex99.htm,2024-06-20,CEL SCI CORP  (CVM)  (CIK 0000725363),2836,7.01;8.01;9.01,efficacy data;statistically significant
0001070081,0001558370-24-009313,tmb-20240617x8k.htm,2024-06-20,"PTC THERAPEUTICS, INC.  (PTCT)  (CIK 0001070081)",2834,1.01;5.07;7.01;9.01,interim data
0001544227,0001193125-24-164015,d857887dex991.htm,2024-06-20,"Tempest Therapeutics, Inc.  (TPST)  (CIK 0001544227)",2834,1.01;8.01;9.01,positive data;positive results;top-line data
0001505512,0001193125-24-166299,d836286d8k.htm,2024-06-24,Regulus Therapeutics Inc.  (RGLS)  (CIK 0001505512),2834,8.01,topline data;topline results
0001560241,0001628280-24-029426,a208finalanalysis_update.htm,2024-06-24,"G1 Therapeutics, Inc.  (GTHX)  (CIK 0001560241)",2834,7.01,primary endpoint;statistically significant;topline results
0001689375,0001104659-24-074078,tm2417848d2_8k.htm,2024-06-24,"Entrada Therapeutics, Inc.  (TRDA)  (CIK 0001689375)",2834,7.01;8.01;9.01,clinical data;data from the Phase;preliminary data;statistically significant
0001528115,0001193125-24-167962,d822308d8k.htm,2024-06-25,"Annexon, Inc.  (ANNX)  (CIK 0001528115)",2834,8.01;9.01,positive results
0001564824,0000950170-24-077299,allk-20240625.htm,2024-06-25,Allakos Inc.  (ALLK)  (CIK 0001564824),2834,8.01;9.01,positive results
0001631574,0001193125-24-167481,d771392d8k.htm,2024-06-25,Wave Life Sciences Ltd.  (WVE)  (CIK 0001631574),2834,7.01;8.01;9.01,positive results
0001720893,0001104659-24-074545,tm249625d7_8k.htm,2024-06-25,"BioXcel Therapeutics, Inc.  (BTAI)  (CIK 0001720893)",2834,8.01,topline results
0001766140,0001213900-24-055436,ea0208437-8k_unicycive.htm,2024-06-25,"Unicycive Therapeutics, Inc.  (UNCY)  (CIK 0001766140)",2834,7.01;9.01,positive results
0001785530,0001193125-24-167467,d857404d8k.htm,2024-06-25,"Werewolf Therapeutics, Inc.  (HOWL)  (CIK 0001785530)",2834,7.01;8.01;9.01,efficacy data;preliminary data;results from the Phase
0001160308,0001193125-24-168501,d860197d8k.htm,2024-06-26,Savara Inc  (SVRA)  (CIK 0001160308),2834,7.01;8.01;9.01,primary endpoint;statistically significant;topline results
0001806952,0001193125-24-168597,d808272d8k.htm,2024-06-26,"Lyell Immunopharma, Inc.  (LYEL)  (CIK 0001806952)",2834,7.01;8.01;9.01,initial data
0001860657,0001213900-24-055919,ea020849301ex99-1_allarity.htm,2024-06-26,"Allarity Therapeutics, Inc.  (ALLR)  (CIK 0001860657)",2834,7.01;9.01,clinical data;statistically significant
0001501697,0001628280-24-030243,a991pressreleasedatedjune2.htm,2024-06-27,"X4 Pharmaceuticals, Inc  (XFOR, XFOWW)  (CIK 0001501697)",2836,7.01;8.01;9.01,clinical data;interim data;primary endpoint
0001534133,0001193125-24-169805,d124614d8k.htm,2024-06-27,"CalciMedica, Inc.  (CALC)  (CIK 0001534133)",2834,7.01;8.01;9.01,data from the Phase;efficacy data;primary endpoint;statistically significant;topline data;topline results
0001601485,0001140361-24-031563,ny20031755x2_8k.htm,2024-06-27,"Elicio Therapeutics, Inc.  (ELTX)  (CIK 0001601485)",2834,7.01;8.01;9.01,preliminary data
0001509261,0001104659-24-076382,tm2418270d2_ex99-1.htm,2024-06-28,"Rezolute, Inc.  (RZLT)  (CIK 0001509261)",2834,7.01;9.01,clinical data;primary endpoint;topline results
0001394319,0000950170-24-079290,tcon-20240701.htm,2024-07-01,"Tracon Pharmaceuticals, Inc.  (TCON)  (CIK 0001394319)",2836,8.01,primary endpoint
0001580063,0001193125-24-172762,d821796d8k.htm,2024-07-01,"BIORA THERAPEUTICS, INC.  (BIOR)  (CIK 0001580063)",2834,7.01;8.01;9.01,results from the Phase;topline results
0001636651,0001628280-24-030546,ovid-20240701.htm,2024-07-01,Ovid Therapeutics Inc.  (OVID)  (CIK 0001636651),2834,8.01,topline data
0001453687,0001140361-24-032080,ef20031962_8k.htm,2024-07-02,"Cartesian Therapeutics, Inc.  (RNAC)  (CIK 0001453687)",2834,1.01;3.02;5.02;5.03;7.01;8.01;9.01,topline data
0001477845,0001104659-24-077093,tm2418712d1_ex99-1.htm,2024-07-02,"Annovis Bio, Inc.  (ANVS)  (CIK 0001477845)",2834,7.01;9.01,primary endpoint;statistically significant
0001104506,0001140361-24-032333,ef20031846_ex99-1.htm,2024-07-03,INSMED Inc  (INSM)  (CIK 0001104506),2834,7.01;9.01,positive data;positive results;primary endpoint;topline results
0000925741,0001437749-24-022267,ex_695818.htm,2024-07-08,"BioCardia, Inc.  (BCDA)  (CIK 0000925741)",2836,7.01;9.01,results from the Phase
0001676725,0001193125-24-175867,d587447d8k.htm,2024-07-08,"IDEAYA Biosciences, Inc.  (IDYA)  (CIK 0001676725)",2834,8.01,clinical data
0001888012,0001193125-24-175915,d574834d8k.htm,2024-07-08,"HilleVax, Inc.  (HLVX)  (CIK 0001888012)",2836,8.01,primary endpoint;topline data;topline results
0001485003,0001104659-24-078451,tm2419051d1_8k.htm,2024-07-09,Carisma Therapeutics Inc.  (CARM)  (CIK 0001485003),2834,8.01;9.01,clinical data;results from the Phase
0001590560,0001558370-24-009696,qure-20240709x8k.htm,2024-07-09,uniQure N.V.  (QURE)  (CIK 0001590560),2834,7.01;8.01;9.01,interim data;statistically significant
0001746473,0001193125-24-178937,d829862d8k.htm,2024-07-15,"PLIANT THERAPEUTICS, INC.  (PLRX)  (CIK 0001746473)",2834,8.01;9.01,primary endpoint
0001907108,0000950170-24-083386,lxeo-20240715.htm,2024-07-15,"Lexeo Therapeutics, Inc.  (LXEO)  (CIK 0001907108)",2836,8.01;9.01,clinical data
0001501756,0001193125-24-180412,d824402d8k.htm,2024-07-17,"Adverum Biotechnologies, Inc.  (ADVM)  (CIK 0001501756)",2836,7.01;8.01;9.01,interim data
0001650648,0001193125-24-179950,d873208d8k.htm,2024-07-17,"4D Molecular Therapeutics, Inc.  (FDMT)  (CIK 0001650648)",2836,8.01,interim data;results from the Phase
0001580063,0001193125-24-180751,d873187d8k.htm,2024-07-18,"BIORA THERAPEUTICS, INC.  (BIOR)  (CIK 0001580063)",2834,7.01;8.01;9.01,results from the Phase
0001610820,0001493152-24-028343,ex99-1.htm,2024-07-18,"BriaCell Therapeutics Corp.  (BCTX, BCTXW)  (CIK 0001610820)",2834,7.01;9.01,clinical data;positive data;results from the Phase
0001279704,0001104659-24-081680,tm2419979d1_8k.htm,2024-07-23,"Cellectar Biosciences, Inc.  (CLRB)  (CIK 0001279704)",2834,2.02;7.01;8.01;9.01,positive results;primary endpoint
0001585608,0001104659-24-081721,tm2419925d1_ex99-1.htm,2024-07-23,"Jaguar Health, Inc.  (JAGX)  (CIK 0001585608)",2834,7.01;9.01,primary endpoint
0001001233,0001628280-24-032815,exhibit-991072424.htm,2024-07-24,"SANGAMO THERAPEUTICS, INC  (SGMO)  (CIK 0001001233)",2836,8.01,positive results;primary endpoint;results from the Phase;statistically significant;topline results
0001106838,0001493152-24-028870,ex99-1.htm,2024-07-24,"Sonnet BioTherapeutics Holdings, Inc.  (SONN)  (CIK 0001106838)",2834,7.01;8.01;9.01,data from the Phase;primary endpoint
0001597553,0001193125-24-183284,d783653d8k.htm,2024-07-24,"Sage Therapeutics, Inc.  (SAGE)  (CIK 0001597553)",2834,8.01;9.01,topline results
0001827087,0001193125-24-183318,d875446d8k.htm,2024-07-24,"Vigil Neuroscience, Inc.  (VIGL)  (CIK 0001827087)",2836,7.01;8.01;9.01,clinical data;interim data
0001398733,0001628280-24-032917,aqst-selfadministrations.htm,2024-07-25,"Aquestive Therapeutics, Inc.  (AQST)  (CIK 0001398733)",2834,7.01;8.01;9.01,topline data
0000725363,0001654954-24-009490,cvm_8k.htm,2024-07-26,CEL SCI CORP  (CVM)  (CIK 0000725363),2836,8.01;9.01,positive results
0001374339,0001558370-24-010223,pmn-20240726x8k.htm,2024-07-26,ProMIS Neurosciences Inc.  (PMN)  (CIK 0001374339),2834,7.01;8.01;9.01,positive data;top-line data;top-line results
0001936258,0001193125-24-186747,d660026d8k.htm,2024-07-29,"NewAmsterdam Pharma Co N.V.  (NAMS, NAMSW)  (CIK 0001936258)",2834,7.01;8.01;9.01,primary endpoint;statistically significant;topline results
0000749647,0001493152-24-029517,ex99-1.htm,2024-07-30,"Imunon, Inc.  (IMNN)  (CIK 0000749647)",2834,7.01;8.01;9.01,clinical data;primary endpoint;results from the Phase;topline results
0001690080,0001013762-24-002270,ea0210232-8k_180lifesci.htm,2024-07-30,"180 Life Sciences Corp.  (ATNF, ATNFW)  (CIK 0001690080)",2834,8.01;9.01,topline results
0001835597,0001193125-24-188977,d879173d8k.htm,2024-07-30,PepGen Inc.  (PEPG)  (CIK 0001835597),2834,7.01;8.01;9.01,clinical data;initial data;positive data
0001205922,0001193125-24-189569,d858316d8k.htm,2024-07-31,"VACCINEX, INC.  (VCNX)  (CIK 0001205922)",2834,8.01;9.01,positive results;topline results
0001818382,0001818382-24-000146,huma-20240731.htm,2024-07-31,"Humacyte, Inc.  (HUMA, HUMAW)  (CIK 0001818382)",2836,8.01;9.01,top-line results
0001053691,0001437749-24-024329,ex_707066.htm,2024-08-01,CervoMed Inc.  (CRVO)  (CIK 0001053691),2834,8.01;9.01,primary endpoint;topline data
0001528115,0001193125-24-193404,d833325dex991.htm,2024-08-05,"Annexon, Inc.  (ANNX)  (CIK 0001528115)",2834,8.01;9.01,data from the Phase;primary endpoint;statistically significant;topline data
0001733413,0001213900-24-065375,ea021067901ex99-1_tffpharma.htm,2024-08-06,"TFF Pharmaceuticals, Inc.  (TFFP)  (CIK 0001733413)",2834,7.01;9.01,data from the Phase;preliminary data
0001492422,0001193125-24-196465,d848612d8k.htm,2024-08-08,"Apellis Pharmaceuticals, Inc.  (APLS)  (CIK 0001492422)",2834,8.01,primary endpoint;results from the Phase;statistically significant;topline results
0001880438,0001193125-24-197047,d865374d8k.htm,2024-08-08,"AN2 Therapeutics, Inc.  (ANTX)  (CIK 0001880438)",2834,2.05;5.02;7.01;8.01;9.01,results from the Phase;topline results
0001599901,0001599901-24-000135,finalavidityvol10aoc1044.htm,2024-08-09,"Avidity Biosciences, Inc.  (RNA)  (CIK 0001599901)",2834,7.01;8.01;9.01,efficacy data;initial data;statistically significant
0001430306,0001999371-24-009889,ex99-01.htm,2024-08-12,Tonix Pharmaceuticals Holding Corp.  (TNXP)  (CIK 0001430306),2834,7.01;8.01;9.01,primary endpoint;statistically significant;topline results
0001556263,0001193125-24-198969,d883084d8k.htm,2024-08-12,"Syros Pharmaceuticals, Inc.  (SYRS)  (CIK 0001556263)",2834,8.01;9.01,clinical data
0001740279,0001193125-24-198411,d801512d8k.htm,2024-08-12,"IN8BIO, INC.  (INAB)  (CIK 0001740279)",2836,8.01;9.01,clinical data
0001205922,0001193125-24-200272,d838109dex991.htm,2024-08-14,"VACCINEX, INC.  (VCNX)  (CIK 0001205922)",2834,7.01;9.01,positive results;preliminary data;statistically significant
0001645469,0001437749-24-026563,ex_712879.htm,2024-08-14,Monopar Therapeutics  (MNPR)  (CIK 0001645469),2834,7.01;9.01,clinical data;initial data
0001010086,0001140361-24-037428,ef20034039_8k.htm,2024-08-15,SIGA TECHNOLOGIES INC  (SIGA)  (CIK 0001010086),2834,8.01;9.01,topline results
0001133818,0001558370-24-012413,bpth-20240821xex99d1.htm,2024-08-21,"BIO-PATH HOLDINGS, INC.  (BPTH)  (CIK 0001133818)",2834,7.01;9.01,efficacy data
0001840563,0001213900-24-072570,ea021239701ex99-1_elevailab.htm,2024-08-26,Elevai Labs Inc.  (ELAB)  (CIK 0001840563),2834,8.01;9.01,positive data
0001832038,0001193125-24-207466,d890200dex991.htm,2024-08-27,"Invivyd, Inc.  (IVVD)  (CIK 0001832038)",2836,8.01;9.01,efficacy data;interim data
0000914475,0000914475-24-000199,nbix-20240828.htm,2024-08-28,NEUROCRINE BIOSCIENCES INC  (NBIX)  (CIK 0000914475),2836,7.01;8.01;9.01,clinical data;primary endpoint;statistically significant;top-line data
0001711279,0001711279-24-000045,exhibit991.htm,2024-08-28,"Krystal Biotech, Inc.  (KRYS)  (CIK 0001711279)",2836,7.01;9.01,efficacy data
0001430306,0001839882-24-027198,ex99-01.htm,2024-08-29,Tonix Pharmaceuticals Holding Corp.  (TNXP)  (CIK 0001430306),2834,7.01;8.01;9.01,clinical data;statistically significant
0001620463,0000950170-24-102788,atha-20240903.htm,2024-09-03,"Athira Pharma, Inc.  (ATHA)  (CIK 0001620463)",2836,7.01;8.01;9.01,topline results
0001649094,0001193125-24-211572,d813919d8k.htm,2024-09-03,"Vaxcyte, Inc.  (PCVX)  (CIK 0001649094)",2836,7.01;8.01;9.01,topline data
0001689548,0001104659-24-096035,tm2423220d1_8k.htm,2024-09-03,"Praxis Precision Medicines, Inc.  (PRAX)  (CIK 0001689548)",2834,7.01;8.01;9.01,topline results
0001818794,0001193125-24-211534,d786894d8k.htm,2024-09-03,"Dyne Therapeutics, Inc.  (DYN)  (CIK 0001818794)",2834,5.02;7.01;8.01;9.01,clinical data;initial data;primary endpoint
0001556263,0001193125-24-213668,d857694dex991.htm,2024-09-05,"Syros Pharmaceuticals, Inc.  (SYRS)  (CIK 0001556263)",2834,7.01;9.01,efficacy data;interim data;primary endpoint
0001817229,0001193125-24-214186,d867599d8k.htm,2024-09-05,Vor Biopharma Inc.  (VOR)  (CIK 0001817229),2836,7.01;8.01;9.01,clinical data
0001438533,0001438533-24-000035,tvtx-20240905.htm,2024-09-06,"Travere Therapeutics, Inc.  (TVTX)  (CIK 0001438533)",2834,8.01;9.01,efficacy data;primary endpoint;statistically significant
0001326732,0001326732-24-000046,xencorstrategycallandsep.htm,2024-09-09,Xencor Inc  (XNCR)  (CIK 0001326732),2834,7.01;8.01;9.01,clinical data;efficacy data;initial data
0001599298,0001599298-24-000128,a2024_prx0908xwclcharmon.htm,2024-09-09,Summit Therapeutics Inc.  (SMMT)  (CIK 0001599298),2834,7.01;8.01;9.01,primary endpoint;statistically significant
0001635088,0001140361-24-040507,ef20035648_ex99-1.htm,2024-09-09,Roivant Sciences Ltd.  (ROIV)  (CIK 0001635088),2834,7.01;9.01,positive results;results from the Phase;topline results
0001764013,0001764013-24-000162,exhibit99120240909.htm,2024-09-09,"Immunovant, Inc.  (IMVT)  (CIK 0001764013)",2836,7.01;8.01;9.01,positive results;results from the Phase
0001812364,0000950170-24-104557,rlay-20240909.htm,2024-09-09,"Relay Therapeutics, Inc.  (RLAY)  (CIK 0001812364)",2836,7.01;8.01;9.01,clinical data;interim data
0001831363,0000950170-24-104550,tern-20240909.htm,2024-09-09,"Terns Pharmaceuticals, Inc.  (TERN)  (CIK 0001831363)",2834,7.01;8.01;9.01,statistically significant;top-line data
0001868279,0001104659-24-098059,tm2423588d1_8k.htm,2024-09-09,"ArriVent BioPharma, Inc.  (AVBP)  (CIK 0001868279)",2834,7.01;8.01;9.01,interim data
0001635088,0001140361-24-040650,ef20035693_ex99-1.htm,2024-09-10,Roivant Sciences Ltd.  (ROIV)  (CIK 0001635088),2834,7.01;9.01,topline results
0001720580,0000950170-24-104915,acet-20240910.htm,2024-09-10,"Adicet Bio, Inc.  (ACET)  (CIK 0001720580)",2834,8.01,positive results;topline results
0001847903,0001193125-24-216320,d857057d8k.htm,2024-09-10,Centessa Pharmaceuticals plc  (CNTA)  (CIK 0001847903),2834,7.01;8.01;9.01,clinical data;interim data;statistically significant
0001610820,0001493152-24-035737,ex99-3.htm,2024-09-11,"BriaCell Therapeutics Corp.  (BCTX, BCTXW)  (CIK 0001610820)",2834,8.01;9.01,results from the Phase
0001743881,0001140361-24-040755,ef20035749_8k.htm,2024-09-11,"BridgeBio Pharma, Inc.  (BBIO)  (CIK 0001743881)",2834,8.01;9.01,topline results
0001260990,0000950170-24-105987,onct-20240911.htm,2024-09-12,"Oncternal Therapeutics, Inc.  (ONCT)  (CIK 0001260990)",2834,2.05;5.02;8.01,clinical data
0001501796,0001193125-24-217619,d886516d8k.htm,2024-09-12,"Aura Biosciences, Inc.  (AURA)  (CIK 0001501796)",2836,7.01;8.01;9.01,interim data
0001566044,0001104659-24-099121,tm2423851d1_ex99-1.htm,2024-09-12,VYNE Therapeutics Inc.  (VYNE)  (CIK 0001566044),2834,8.01;9.01,clinical data;positive data
0001645469,0001437749-24-029012,ex_723316.htm,2024-09-12,Monopar Therapeutics  (MNPR)  (CIK 0001645469),2834,7.01;9.01,clinical data
0001680581,0001193125-24-217822,d844807d8k.htm,2024-09-12,"Fulcrum Therapeutics, Inc.  (FULC)  (CIK 0001680581)",2834,8.01;9.01,primary endpoint;topline results
0001682852,0001682852-24-000049,exhibit991-09122024.htm,2024-09-12,"Moderna, Inc.  (MRNA)  (CIK 0001682852)",2836,7.01;9.01,clinical data;initial data;positive results
0001790340,0001790340-24-000069,imrx-20240912.htm,2024-09-12,Immuneering Corp  (IMRX)  (CIK 0001790340),2834,8.01,data from the Phase;initial data
0001678660,0000950170-24-106362,prld-20240913.htm,2024-09-13,Prelude Therapeutics Inc  (PRLD)  (CIK 0001678660),2834,8.01;9.01,clinical data
0001125345,0001125345-24-000151,exhibit991phase2tamarackes.htm,2024-09-16,MACROGENICS INC  (MGNX)  (CIK 0001125345),2834,8.01,efficacy data;primary endpoint
0001633932,0001279569-24-001116,ex991.htm,2024-09-16,ESSA Pharma Inc.  (EPIX)  (CIK 0001633932),2834,8.01;9.01,clinical data;data from the Phase;positive results
0001671584,0000950170-24-106614,apvo-20240916.htm,2024-09-16,Aptevo Therapeutics Inc.  (APVO)  (CIK 0001671584),2834,8.01;9.01,data from the Phase
0001671927,0001140361-24-041100,ef20035872_8k.htm,2024-09-16,Immunocore Holdings plc  (IMCR)  (CIK 0001671927),2836,8.01;9.01,clinical data
0001781174,0001193125-24-219180,d355136d8k.htm,2024-09-16,"Acrivon Therapeutics, Inc.  (ACRV)  (CIK 0001781174)",2834,7.01;8.01;9.01,clinical data
0001787297,0001558370-24-012793,pasg-20240916xex99d1.htm,2024-09-16,"Passage BIO, Inc.  (PASG)  (CIK 0001787297)",2836,7.01;8.01;9.01,clinical data;interim data;positive results;primary endpoint
0001808865,0000950170-24-106606,itos-20240914.htm,2024-09-16,"iTeos Therapeutics, Inc.  (ITOS)  (CIK 0001808865)",2836,7.01,clinical data
0001861560,0001193125-24-219153,d862522dex991.htm,2024-09-16,"Nuvalent, Inc.  (NUVL)  (CIK 0001861560)",2834,8.01;9.01,clinical data;preliminary data;primary endpoint
0000725363,0001654954-24-011975,cvm_ex99.htm,2024-09-17,CEL SCI CORP  (CVM)  (CIK 0000725363),2836,8.01;9.01,statistically significant
0001711754,0001213900-24-079445,ea021485201ex99-1_inmune.htm,2024-09-17,"Inmune Bio, Inc.  (INMB)  (CIK 0001711754)",2836,8.01;9.01,primary endpoint;topline data
0001860657,0001213900-24-079165,ea021470501ex99-1_allarity.htm,2024-09-17,"Allarity Therapeutics, Inc.  (ALLR)  (CIK 0001860657)",2834,7.01;9.01,statistically significant
0001650648,0001193125-24-221375,d865019d8k.htm,2024-09-18,"4D Molecular Therapeutics, Inc.  (FDMT)  (CIK 0001650648)",2836,8.01,interim data;primary endpoint
0001681087,0001193125-24-222189,d667336dex991.htm,2024-09-19,"Tectonic Therapeutic, Inc.  (TECX)  (CIK 0001681087)",2836,7.01;9.01,clinical data;efficacy data;preliminary data;topline data;topline results
0001720580,0000950170-24-107988,acet-20240919.htm,2024-09-19,"Adicet Bio, Inc.  (ACET)  (CIK 0001720580)",2834,7.01;8.01;9.01,data from the Phase;positive results
0001761612,0001104659-24-101202,tm2424162d1_ex99-1.htm,2024-09-19,BICYCLE THERAPEUTICS PLC  (BCYC)  (CIK 0001761612),2834,8.01;9.01,clinical data;data from the Phase;initial data
0001426800,0000950170-24-108629,asmb-20240923.htm,2024-09-23,"ASSEMBLY BIOSCIENCES, INC.  (ASMB)  (CIK 0001426800)",2834,8.01;9.01,results from the Phase
0001676725,0001193125-24-223230,d884691d8k.htm,2024-09-23,"IDEAYA Biosciences, Inc.  (IDYA)  (CIK 0001676725)",2834,8.01,clinical data;data from the Phase;efficacy data;primary endpoint
0001701541,0001104659-24-101874,tm2424526d1_8k.htm,2024-09-23,"Black Diamond Therapeutics, Inc.  (BDTX)  (CIK 0001701541)",2836,7.01;8.01;9.01,clinical data;preliminary data
0001935979,0001935979-24-000073,bhvn-20240923.htm,2024-09-23,Biohaven Ltd.  (BHVN)  (CIK 0001935979),2834,7.01;8.01;9.01,efficacy data;primary endpoint;statistically significant;topline data;topline results
0001631574,0001193125-24-224116,d876211d8k.htm,2024-09-24,Wave Life Sciences Ltd.  (WVE)  (CIK 0001631574),2834,7.01;8.01;9.01,interim data
0002022416,0001178913-24-003126,exhibit_99-1.htm,2024-09-24,"Silexion Therapeutics Corp  (SLXN, SLXNW)  (CIK 0002022416)",2836,7.01;8.01;9.01,primary endpoint
0000946486,0001437749-24-029936,ex_727011.htm,2024-09-25,"WINDTREE THERAPEUTICS INC /DE/  (WINT, WINTW)  (CIK 0000946486)",2836,8.01;9.01,positive results;primary endpoint;topline results
0001841330,0001213900-24-081982,ea0215731-8k_pasithea.htm,2024-09-26,"Pasithea Therapeutics Corp.  (KTTA, KTTAW)  (CIK 0001841330)",2834,7.01;9.01,efficacy data
0001980845,0000950170-24-109463,engn-20240926.htm,2024-09-26,"enGene Holdings Inc.  (ENGN, ENGNW)  (CIK 0001980845)",2836,7.01;8.01;9.01,preliminary data
0001810560,0000950170-24-109998,revb-ex99_1.htm,2024-09-27,"REVELATION BIOSCIENCES, INC.  (REVB, REVBW)  (CIK 0001810560)",2834,8.01;9.01,clinical data;data from the Phase;positive data;primary endpoint;statistically significant;topline data
0000946486,0001437749-24-030219,ex_728287.htm,2024-09-30,"WINDTREE THERAPEUTICS INC /DE/  (WINT, WINTW)  (CIK 0000946486)",2836,8.01;9.01,positive results;primary endpoint;statistically significant
0001661460,0001193125-24-228441,d718563d8k.htm,2024-09-30,"Poseida Therapeutics, Inc.  (PSTX)  (CIK 0001661460)",2836,8.01,clinical data;interim data
0001610820,0001493152-24-039016,ex99-1.htm,2024-10-01,"BriaCell Therapeutics Corp.  (BCTX, BCTXW)  (CIK 0001610820)",2834,8.01;9.01,positive data
0001656634,0001193125-24-229255,d892677d8k.htm,2024-10-01,"Gritstone bio, Inc.  (GRTS)  (CIK 0001656634)",2836,8.01,data from the Phase;interim data
0001680367,0001193125-24-229480,d845252dex991.htm,2024-10-01,"Shattuck Labs, Inc.  (STTK)  (CIK 0001680367)",2834,1.02;2.05;8.01;9.01,clinical data
0001472091,0001140361-24-042537,ef20036539_ex99-1.htm,2024-10-02,PDS Biotechnology Corp  (PDSB)  (CIK 0001472091),2834,7.01;8.01;9.01,data from the Phase
0001727196,0001104659-24-106461,tm2425688d7_8k.htm,2024-10-07,Scholar Rock Holding Corp  (SRRK)  (CIK 0001727196),2836,7.01;8.01;9.01,topline data
0001796129,0001193125-24-233797,d862040d8k.htm,2024-10-07,"Vincerx Pharma, Inc.  (VINC)  (CIK 0001796129)",2834,8.01,clinical data
0001597553,0001193125-24-234111,d833930d8k.htm,2024-10-08,"Sage Therapeutics, Inc.  (SAGE)  (CIK 0001597553)",2834,8.01;9.01,results from the Phase;topline results
0001535955,0001493152-24-040651,ex99-1.htm,2024-10-10,Lipocine Inc.  (LPCN)  (CIK 0001535955),2834,8.01;9.01,positive data
0001564824,0000950170-24-114047,allk-20241010.htm,2024-10-10,Allakos Inc.  (ALLK)  (CIK 0001564824),2834,8.01;9.01,positive results;results from the Phase
0001735438,0001558370-24-013273,mgtx-20241015x8k.htm,2024-10-15,MeiraGTx Holdings plc  (MGTX)  (CIK 0001735438),2836,7.01;8.01;9.01,clinical data;statistically significant;top-line data
0001788028,0001213900-24-087394,ea0217519-8k_jasper.htm,2024-10-15,"Jasper Therapeutics, Inc.  (JSPR, JSPRW)  (CIK 0001788028)",2836,8.01;9.01,positive data
0001808898,0001193125-24-237227,d863953dex991.htm,2024-10-15,Benitec Biopharma Inc.  (BNTC)  (CIK 0001808898),2834,7.01;9.01,clinical data;positive data
0001631574,0001193125-24-237869,d890226dex991.htm,2024-10-16,Wave Life Sciences Ltd.  (WVE)  (CIK 0001631574),2834,7.01;8.01;9.01,initial data
0001356576,0001356576-24-000058,ex-991xsupnspnx820phase2ar.htm,2024-10-17,"SUPERNUS PHARMACEUTICALS, INC.  (SUPN)  (CIK 0001356576)",2834,7.01;9.01,topline data;topline results
0001526119,0001104659-24-109439,tm2426322d1_ex99-1.htm,2024-10-17,"Verastem, Inc.  (VSTM)  (CIK 0001526119)",2834,7.01;8.01;9.01,primary endpoint
0001658551,0001193125-24-238572,d858945d8k.htm,2024-10-17,"Amylyx Pharmaceuticals, Inc.  (AMLX)  (CIK 0001658551)",2834,8.01,data from the Phase;primary endpoint;topline data
0001528115,0001193125-24-240585,d849436dex991.htm,2024-10-22,"Annexon, Inc.  (ANNX)  (CIK 0001528115)",2834,8.01;9.01,statistically significant
0001645469,0001437749-24-031684,ex_735439.htm,2024-10-22,Monopar Therapeutics  (MNPR)  (CIK 0001645469),2834,7.01;9.01,clinical data
0001999480,0001193125-24-241092,d876702d8k.htm,2024-10-22,"Alto Neuroscience, Inc.  (ANRO)  (CIK 0001999480)",2834,8.01;9.01,primary endpoint;topline results
0001781983,0001558370-24-013486,apre-20241023xex99d1.htm,2024-10-23,"Aprea Therapeutics, Inc.  (APRE)  (CIK 0001781983)",2834,7.01;8.01;9.01,efficacy data;preliminary data
0001267813,0001558370-24-013565,mrns-20241024x8k.htm,2024-10-24,"MARINUS PHARMACEUTICALS, INC.  (MRNS)  (CIK 0001267813)",2834,8.01;9.01,topline results
0001398733,0001628280-24-043505,aqst-20241024.htm,2024-10-24,"Aquestive Therapeutics, Inc.  (AQST)  (CIK 0001398733)",2834,7.01;8.01;9.01,topline results
0001678660,0000950170-24-116853,prld-20241024.htm,2024-10-24,Prelude Therapeutics Inc  (PRLD)  (CIK 0001678660),2834,8.01;9.01,clinical data
0001693011,0000950170-24-117087,inzy-20241024.htm,2024-10-24,"Inozyme Pharma, Inc.  (INZY)  (CIK 0001693011)",2834,7.01;8.01;9.01,interim data;positive results;topline data
0001761918,0000950170-24-116856,eras-20241024.htm,2024-10-24,"Erasca, Inc.  (ERAS)  (CIK 0001761918)",2834,8.01,efficacy data;preliminary data
0001787297,0001558370-24-013563,pasg-20241024xex99d1.htm,2024-10-24,"Passage BIO, Inc.  (PASG)  (CIK 0001787297)",2836,7.01;9.01,clinical data;positive results
0001974640,0001104659-24-111027,tm2426705d1_ex99-1.htm,2024-10-24,"Apogee Therapeutics, Inc.  (APGE)  (CIK 0001974640)",2836,7.01;9.01,initial data;interim data;positive results;topline data
0001006281,0001558370-24-013664,plx-20241025x8k.htm,2024-10-25,"Protalix BioTherapeutics, Inc.  (PLX)  (CIK 0001006281)",2836,7.01;9.01,data from the Phase
0001398733,0001628280-24-043761,aquestivetherapeutics-ac.htm,2024-10-25,"Aquestive Therapeutics, Inc.  (AQST)  (CIK 0001398733)",2834,8.01;9.01,clinical data
0001676725,0001193125-24-243413,d898951d8k.htm,2024-10-25,"IDEAYA Biosciences, Inc.  (IDYA)  (CIK 0001676725)",2834,8.01,clinical data;efficacy data
0001816736,0000950170-24-117318,iron-20241025.htm,2024-10-25,"Disc Medicine, Inc.  (IRON)  (CIK 0001816736)",2834,7.01;8.01;9.01,interim data
0001863127,0001193125-24-243475,d898462d8k.htm,2024-10-25,"Tyra Biosciences, Inc.  (TYRA)  (CIK 0001863127)",2834,5.02;7.01;8.01;9.01,preliminary data
0001815776,0001815776-24-000064,exhibit991-jixingdataannou.htm,2024-10-28,"LENZ Therapeutics, Inc.  (LENZ)  (CIK 0001815776)",2836,8.01;9.01,data from the Phase;primary endpoint;statistically significant;topline data
0001818382,0001818382-24-000192,huma-20241028.htm,2024-10-28,"Humacyte, Inc.  (HUMA, HUMAW)  (CIK 0001818382)",2836,8.01;9.01,positive results
0001831828,0001193125-24-245704,d891191d8k.htm,2024-10-28,"Vera Therapeutics, Inc.  (VERA)  (CIK 0001831828)",2834,2.02;7.01;8.01;9.01,data from the Phase;results from the Phase;topline results
0001841387,0000950170-24-117578,cadl-20241028.htm,2024-10-28,"Candel Therapeutics, Inc.  (CADL)  (CIK 0001841387)",2836,7.01;8.01;9.01,clinical data
0001253689,0001104659-24-112054,tm2427013d1_8k.htm,2024-10-29,GLYCOMIMETICS INC  (GLYC)  (CIK 0001253689),2834,1.01;3.02;5.01;5.02;7.01;8.01;9.01,positive results;primary endpoint;statistically significant;top-line results
0001404281,0000950170-24-117946,eldn-20241029.htm,2024-10-29,"Eledon Pharmaceuticals, Inc.  (ELDN)  (CIK 0001404281)",2834,7.01;9.01,initial data
0001701108,0001193125-24-246627,d889032d8k.htm,2024-10-29,"Spero Therapeutics, Inc.  (SPRO)  (CIK 0001701108)",2834,2.02;2.05;7.01;8.01;9.01,clinical data
0001835022,0001193125-24-246171,d821192d8k.htm,2024-10-29,"Coya Therapeutics, Inc.  (COYA)  (CIK 0001835022)",2834,7.01;9.01,clinical data
0001534133,0001193125-24-247004,d885957d8k.htm,2024-10-30,"CalciMedica, Inc.  (CALC)  (CIK 0001534133)",2834,7.01;8.01;9.01,data from the Phase;positive data;statistically significant;topline data
0001907108,0000950170-24-118569,lxeo-20241030.htm,2024-10-30,"Lexeo Therapeutics, Inc.  (LXEO)  (CIK 0001907108)",2836,8.01;9.01,clinical data
0001858685,0001493152-24-043187,ex99-1.htm,2024-10-31,"Biofrontera Inc.  (BFRI, BFRIW)  (CIK 0001858685)",2834,7.01;9.01,primary endpoint;statistically significant;top-line results
0001633932,0001279569-24-001310,ex991.htm,2024-11-01,ESSA Pharma Inc.  (EPIX)  (CIK 0001633932),2834,8.01;9.01,efficacy data;positive results;primary endpoint
0001053691,0001437749-24-033168,ex_742707.htm,2024-11-04,CervoMed Inc.  (CRVO)  (CIK 0001053691),2834,8.01;9.01,primary endpoint;statistically significant;topline data;topline results
0001488039,0000950170-24-120268,atos-20241104.htm,2024-11-04,"ATOSSA THERAPEUTICS, INC.  (ATOS)  (CIK 0001488039)",2834,8.01,topline data
0001607678,0000950170-24-120267,vktx-ex99_1.htm,2024-11-04,"Viking Therapeutics, Inc.  (VKTX)  (CIK 0001607678)",2834,7.01;9.01,clinical data;statistically significant
0001567514,0001193125-24-250965,d875236d8k.htm,2024-11-05,"Intra-Cellular Therapies, Inc.  (ITCI)  (CIK 0001567514)",2834,8.01;9.01,topline results
0001745999,0000950170-24-121099,beam-20241105.htm,2024-11-05,Beam Therapeutics Inc.  (BEAM)  (CIK 0001745999),2836,8.01;9.01,initial data
0001786205,0001193125-24-251014,d844485d8k.htm,2024-11-05,"Arcellx, Inc.  (ACLX)  (CIK 0001786205)",2836,8.01;9.01,clinical data;data from the Phase
0001533040,0001683168-24-007713,phio_8k.htm,2024-11-07,Phio Pharmaceuticals Corp.  (PHIO)  (CIK 0001533040),2834,8.01;9.01,clinical data
0001601485,0001601485-24-000067,sitc_posterxprx11-5x24.htm,2024-11-07,"Elicio Therapeutics, Inc.  (ELTX)  (CIK 0001601485)",2834,8.01,clinical data;preliminary data
0000715446,0001493152-24-044224,ex99-1.htm,2024-11-08,Anixa Biosciences Inc  (ANIX)  (CIK 0000715446),2834,7.01;9.01,data from the Phase;positive data
0001445283,0000950170-24-123722,kant-ex99_1.htm,2024-11-08,"KINETA, INC./DE  (KANT)  (CIK 0001445283)",2834,8.01;9.01,clinical data
0001878313,0001493152-24-044218,form8-k.htm,2024-11-08,"MAIA Biotechnology, Inc.  (MAIA)  (CIK 0001878313)",2834,7.01;9.01,efficacy data
0001395937,0000950170-24-124545,sndx-20241112.htm,2024-11-12,Syndax Pharmaceuticals Inc  (SNDX)  (CIK 0001395937),2834,8.01;9.01,topline results
0001404644,0001404644-24-000091,a202411_ngn-401interimclin.htm,2024-11-12,Neurogene Inc.  (NGNE)  (CIK 0001404644),2834,7.01;9.01,clinical data;efficacy data;initial data;interim data
0001506251,0001213900-24-096268,ea022067001ex99-1_citius.htm,2024-11-12,"Citius Pharmaceuticals, Inc.  (CTXR)  (CIK 0001506251)",2834,8.01;9.01,efficacy data
0001515673,0000950170-24-124458,rare-20241109.htm,2024-11-12,Ultragenyx Pharmaceutical Inc.  (RARE)  (CIK 0001515673),2834,8.01,primary endpoint
0001636282,0001628280-24-046860,exhibit991-8xkdatarelease.htm,2024-11-12,"Spyre Therapeutics, Inc.  (SYRE)  (CIK 0001636282)",2834,7.01;8.01;9.01,clinical data;interim data
0001851484,0001213900-24-096269,ea022066601ex99-1_citius.htm,2024-11-12,"CITIUS ONCOLOGY, INC.  (CTOR)  (CIK 0001851484)",2834,8.01;9.01,efficacy data
0001501697,0001628280-24-047433,a991x4fullphase2cnresultsr.htm,2024-11-13,"X4 Pharmaceuticals, Inc  (XFOR, XFOWW)  (CIK 0001501697)",2836,7.01;8.01;9.01,clinical data;positive results;primary endpoint
0001556263,0001193125-24-256586,d885527d8k.htm,2024-11-13,"Syros Pharmaceuticals, Inc.  (SYRS)  (CIK 0001556263)",2834,2.04;8.01;9.01,clinical data;primary endpoint
0001621227,0001558370-24-015446,adap-20241113xex99d1.htm,2024-11-13,Adaptimmune Therapeutics PLC  (ADAP)  (CIK 0001621227),2836,8.01;9.01,positive data;primary endpoint
0001447028,0001171843-24-006400,exh_991.htm,2024-11-15,Arbutus Biopharma Corp  (ABUS)  (CIK 0001447028),2834,8.01;9.01,clinical data
0001682639,0001104659-24-119760,tm2428238d1_ex99-1.htm,2024-11-15,"EYENOVIA, INC.  (EYEN)  (CIK 0001682639)",2834,2.05;8.01;9.01,efficacy data;primary endpoint
0001828185,0001828185-24-000089,brns-20241115.htm,2024-11-15,Barinthus Biotherapeutics plc.  (BRNS)  (CIK 0001828185),2834,7.01;8.01;9.01,clinical data;interim data;preliminary data;topline data
0001281895,0001140361-24-047166,ef20038805_8k.htm,2024-11-18,"ROCKET PHARMACEUTICALS, INC.  (RCKT, RCKTW)  (CIK 0001281895)",2834,7.01;8.01;9.01,data from the Phase;results from the Phase
0001377121,0001104659-24-120165,tm2428765d1_8k.htm,2024-11-18,"Protagonist Therapeutics, Inc  (PTGX)  (CIK 0001377121)",2834,1.01;8.01;9.01,primary endpoint;topline results
0001513525,0001213900-24-099633,ea022169101ex99-1_adialpharm.htm,2024-11-18,"ADIAL PHARMACEUTICALS, INC.  (ADIL)  (CIK 0001513525)",2834,7.01;8.01;9.01,topline results
0001659617,0001437749-24-035542,ex_748830.htm,2024-11-18,"Moleculin Biotech, Inc.  (MBRX)  (CIK 0001659617)",2834,7.01;9.01,clinical data;preliminary data
0001759138,0001193125-24-260425,d874885d8k.htm,2024-11-18,"Cabaletta Bio, Inc.  (CABA)  (CIK 0001759138)",2836,7.01;8.01;9.01,clinical data;efficacy data;primary endpoint
0001936258,0001193125-24-260923,d840591d8k.htm,2024-11-18,"NewAmsterdam Pharma Co N.V.  (NAMS, NAMSW)  (CIK 0001936258)",2834,7.01;8.01;9.01,efficacy data;primary endpoint
0001597553,0001193125-24-262103,d873020d8k.htm,2024-11-20,"Sage Therapeutics, Inc.  (SAGE)  (CIK 0001597553)",2834,8.01;9.01,results from the Phase;topline results
0001671584,0000950170-24-129018,apvo-ex99_1.htm,2024-11-20,Aptevo Therapeutics Inc.  (APVO)  (CIK 0001671584),2834,8.01;9.01,efficacy data;interim data
0001936258,0001193125-24-262125,d868860d8k.htm,2024-11-20,"NewAmsterdam Pharma Co N.V.  (NAMS, NAMSW)  (CIK 0001936258)",2834,7.01;8.01;9.01,topline data;topline results
0001232524,0001193125-24-262940,d832756dex991.htm,2024-11-21,Jazz Pharmaceuticals plc  (JAZZ)  (CIK 0001232524),2834,8.01;9.01,clinical data;primary endpoint
0001937653,0001193125-24-263398,d769907dex991.htm,2024-11-21,Zymeworks Inc.  (ZYME)  (CIK 0001937653),2834,7.01;8.01;9.01,primary endpoint
0001069530,0001171843-24-006545,exh_991.htm,2024-11-25,CASSAVA SCIENCES INC  (SAVA)  (CIK 0001069530),2834,8.01;9.01,clinical data;primary endpoint;results from the Phase;topline results
0001126234,0001140361-24-047709,ef20039175_ex99-1.htm,2024-11-25,"LUMOS PHARMA, INC.  (LUMO)  (CIK 0001126234)",2834,3.01;8.01;9.01,data from the Phase
0001653087,0000950170-24-130564,alec-ex99_1.htm,2024-11-25,"Alector, Inc.  (ALEC)  (CIK 0001653087)",2836,2.05;7.01;9.01,primary endpoint;topline data
0001740279,0001193125-24-264714,d844601d8k.htm,2024-11-25,"IN8BIO, INC.  (INAB)  (CIK 0001740279)",2836,8.01;9.01,clinical data
0001579428,0000950170-24-130755,axsm-ex99_1.htm,2024-11-26,"Axsome Therapeutics, Inc.  (AXSM)  (CIK 0001579428)",2834,8.01;9.01,primary endpoint;statistically significant
0001649989,0001104659-24-123554,tm2429443d1_8k.htm,2024-11-27,"Outlook Therapeutics, Inc.  (OTLK)  (CIK 0001649989)",2836,8.01;9.01,topline results
0001628171,0001193125-24-268404,d169582d8k.htm,2024-12-02,"Revolution Medicines, Inc.  (RVMD, RVMDW)  (CIK 0001628171)",2836,8.01,preliminary data
0001817713,0000950170-24-132302,janx-20241202.htm,2024-12-02,"Janux Therapeutics, Inc.  (JANX)  (CIK 0001817713)",2834,7.01;8.01;9.01,clinical data;interim data
0001854270,0001140361-24-048114,ef20039399_8k.htm,2024-12-02,"Senti Biosciences, Inc.  (SNTI)  (CIK 0001854270)",2836,7.01;9.01,clinical data
0001974640,0001104659-24-124279,tm2429855d1_8k.htm,2024-12-02,"Apogee Therapeutics, Inc.  (APGE)  (CIK 0001974640)",2836,7.01;8.01;9.01,interim data;topline data
0001453687,0001453687-24-000143,rnac_dec2024mgupdatex.htm,2024-12-03,"Cartesian Therapeutics, Inc.  (RNAC)  (CIK 0001453687)",2834,7.01;8.01;9.01,primary endpoint
0001563880,0000950170-24-132883,trvi-20241203.htm,2024-12-03,"Trevi Therapeutics, Inc.  (TRVI)  (CIK 0001563880)",2834,8.01,clinical data;positive data;positive results;primary endpoint;statistically significant;topline results
0001635088,0001140361-24-048238,ef20039426_8k.htm,2024-12-03,Roivant Sciences Ltd.  (ROIV)  (CIK 0001635088),2834,7.01;9.01,topline results
0001831363,0000950170-24-132452,tern-20241203.htm,2024-12-03,"Terns Pharmaceuticals, Inc.  (TERN)  (CIK 0001831363)",2834,7.01;8.01;9.01,efficacy data
0001854270,0001140361-24-048293,ef20039439_8k.htm,2024-12-03,"Senti Biosciences, Inc.  (SNTI)  (CIK 0001854270)",2836,8.01;9.01,clinical data;data from the Phase
0001553643,0001213900-24-105245,ea022356301ex99-1_relmada.htm,2024-12-04,"RELMADA THERAPEUTICS, INC.  (RLMD)  (CIK 0001553643)",2834,7.01;9.01,top-line results
0001359931,0001213900-24-105782,ea0223706-8k_protara.htm,2024-12-05,"Protara Therapeutics, Inc.  (TARA)  (CIK 0001359931)",2836,7.01;8.01;9.01,clinical data;initial data
0001826457,0000950170-24-133525,glue-20241205.htm,2024-12-05,"Monte Rosa Therapeutics, Inc.  (GLUE)  (CIK 0001826457)",2836,7.01;8.01;9.01,interim data
0001991792,0001193125-24-271116,d809707d8k.htm,2024-12-05,"CG Oncology, Inc.  (CGON)  (CIK 0001991792)",2836,7.01;8.01;9.01,primary endpoint;topline data
0000882361,0001171843-24-006814,exh_991.htm,2024-12-09,Aptose Biosciences Inc.  (APTO)  (CIK 0000882361),2836,7.01;9.01,clinical data
0001034842,0001104659-24-126758,tm2430504d1_8k.htm,2024-12-09,RIGEL PHARMACEUTICALS INC  (RIGL)  (CIK 0001034842),2834,8.01;9.01,initial data
0001106838,0001493152-24-049207,ex99-1.htm,2024-12-09,"Sonnet BioTherapeutics Holdings, Inc.  (SONN)  (CIK 0001106838)",2834,7.01;8.01;9.01,primary endpoint
0001177648,0001193125-24-272936,d706648d8k.htm,2024-12-09,ENANTA PHARMACEUTICALS INC  (ENTA)  (CIK 0001177648),2834,7.01;8.01;9.01,primary endpoint;topline data;topline results
0001553643,0001213900-24-106646,ea022402601ex99-1_relmada.htm,2024-12-09,"RELMADA THERAPEUTICS, INC.  (RLMD)  (CIK 0001553643)",2834,7.01;9.01,top-line results
0001590877,0001193125-24-273467,d837203dex991.htm,2024-12-09,REGENXBIO Inc.  (RGNX)  (CIK 0001590877),2836,8.01;9.01,data from the Phase;primary endpoint
0001622229,0001193125-24-273393,d914555d8k.htm,2024-12-09,"Cogent Biosciences, Inc.  (COGT)  (CIK 0001622229)",2834,8.01,clinical data;top-line data;top-line results
0001662579,0001628280-24-050349,c4tdecembercorporatepres.htm,2024-12-09,"C4 Therapeutics, Inc.  (CCCC)  (CIK 0001662579)",2836,8.01;9.01,clinical data
0001745999,0001193125-24-272860,d903914d8k.htm,2024-12-09,Beam Therapeutics Inc.  (BEAM)  (CIK 0001745999),2836,7.01;8.01;9.01,clinical data;preliminary data
0001786205,0001193125-24-272814,d917635d8k.htm,2024-12-09,"Arcellx, Inc.  (ACLX)  (CIK 0001786205)",2836,8.01;9.01,clinical data;data from the Phase;positive data
0001817229,0001193125-24-272891,d818014d8k.htm,2024-12-09,Vor Biopharma Inc.  (VOR)  (CIK 0001817229),2836,7.01;8.01;9.01,clinical data;primary endpoint
0001001233,0001628280-24-050545,a66thamericansocietyofhe.htm,2024-12-10,"SANGAMO THERAPEUTICS, INC  (SGMO)  (CIK 0001001233)",2836,7.01;8.01;9.01,primary endpoint;results from the Phase
0001010086,0001140361-24-048907,ef20039836_ex99-1.htm,2024-12-10,SIGA TECHNOLOGIES INC  (SIGA)  (CIK 0001010086),2834,8.01;9.01,primary endpoint
0001053691,0001437749-24-037053,crvo20241209_8k.htm,2024-12-10,CervoMed Inc.  (CRVO)  (CIK 0001053691),2834,7.01;8.01;9.01,topline data
0001213037,0000950170-24-134749,crdf-20241210.htm,2024-12-10,"Cardiff Oncology, Inc.  (CRDF)  (CIK 0001213037)",2836,7.01;8.01;9.01,initial data
0001382101,0000950170-24-134765,stro-20241210.htm,2024-12-10,"SUTRO BIOPHARMA, INC.  (STRO)  (CIK 0001382101)",2836,8.01,topline results
0001488039,0000950170-24-134779,atos-20241210.htm,2024-12-10,"ATOSSA THERAPEUTICS, INC.  (ATOS)  (CIK 0001488039)",2834,8.01;9.01,data from the Phase
0001549595,0001549595-24-000160,investorwebcastslidedeck.htm,2024-12-10,"Nurix Therapeutics, Inc.  (NRIX)  (CIK 0001549595)",2834,7.01;8.01;9.01,clinical data
0001637715,0000950170-24-134757,okur-20241210.htm,2024-12-10,"OnKure Therapeutics, Inc.  (OKUR)  (CIK 0001637715)",2834,7.01;8.01;9.01,clinical data
0001650664,0001650664-24-000138,edit-20241206.htm,2024-12-10,"Editas Medicine, Inc.  (EDIT)  (CIK 0001650664)",2836,5.03;7.01;9.01,clinical data
0001655759,0001655759-24-000140,arvn-20241210.htm,2024-12-10,"ARVINAS, INC.  (ARVN)  (CIK 0001655759)",2834,7.01;8.01;9.01,preliminary data
0001664710,0001664710-24-000099,exhibit991ash2024.htm,2024-12-10,"Keros Therapeutics, Inc.  (KROS)  (CIK 0001664710)",2834,8.01;9.01,clinical data
0001683553,0000950170-24-134969,sprb-20241210.htm,2024-12-10,"SPRUCE BIOSCIENCES, INC.  (SPRB)  (CIK 0001683553)",2834,8.01,topline results
0001740279,0001193125-24-273953,d888773dex991.htm,2024-12-10,"IN8BIO, INC.  (INAB)  (CIK 0001740279)",2836,8.01;9.01,clinical data
0001750284,0000950170-24-134759,olma-20241209.htm,2024-12-10,"Olema Pharmaceuticals, Inc.  (OLMA)  (CIK 0001750284)",2834,7.01;8.01;9.01,efficacy data;results from the Phase
0001806952,0001193125-24-273688,d873794d8k.htm,2024-12-10,"Lyell Immunopharma, Inc.  (LYEL)  (CIK 0001806952)",2834,8.01;9.01,clinical data;data from the Phase
0001936258,0001193125-24-273959,d910195d8k.htm,2024-12-10,"NewAmsterdam Pharma Co N.V.  (NAMS, NAMSW)  (CIK 0001936258)",2834,7.01;9.01,topline data;topline results
0001962918,0001962918-24-000137,slrn-20241209.htm,2024-12-10,"ACELYRIN, Inc.  (SLRN)  (CIK 0001962918)",2834,5.02;8.01;9.01,results from the Phase;top-line results;topline results
0001661998,0001193125-24-274856,d903481d8k.htm,2024-12-11,Q32 Bio Inc.  (QTTB)  (CIK 0001661998),2834,7.01;8.01;9.01,primary endpoint;statistically significant;topline data;topline results
0001678660,0000950170-24-135212,prld-20241211.htm,2024-12-11,Prelude Therapeutics Inc  (PRLD)  (CIK 0001678660),2834,8.01;9.01,clinical data
0001812364,0000950170-24-135207,rlay-20241211.htm,2024-12-11,"Relay Therapeutics, Inc.  (RLAY)  (CIK 0001812364)",2836,7.01;8.01;9.01,clinical data
0001841387,0001193125-24-274870,d901922d8k.htm,2024-12-11,"Candel Therapeutics, Inc.  (CADL)  (CIK 0001841387)",2836,7.01;8.01;9.01,primary endpoint;statistically significant;topline data;topline results
0001671584,0000950170-24-135609,apvo-ex99_1.htm,2024-12-12,Aptevo Therapeutics Inc.  (APVO)  (CIK 0001671584),2834,8.01;9.01,interim data
0001711279,0001711279-24-000062,krys-20241212.htm,2024-12-12,"Krystal Biotech, Inc.  (KRYS)  (CIK 0001711279)",2836,7.01;9.01,clinical data
0001808158,0001193125-24-277086,d191675d8k.htm,2024-12-12,Repare Therapeutics Inc.  (RPTX)  (CIK 0001808158),2834,7.01;8.01;9.01,efficacy data;initial data;positive data
0001761612,0001104659-24-128241,tm2430827d1_ex99-1.htm,2024-12-13,BICYCLE THERAPEUTICS PLC  (BCYC)  (CIK 0001761612),2834,8.01;9.01,topline data;topline results
0001374690,0000950170-24-136384,lrmr-20241216.htm,2024-12-16,"Larimar Therapeutics, Inc.  (LRMR)  (CIK 0001374690)",2834,8.01;9.01,initial data
0001528115,0001193125-24-279038,d909577d8k.htm,2024-12-16,"Annexon, Inc.  (ANNX)  (CIK 0001528115)",2834,8.01;9.01,topline results
0001710072,0001104659-24-129001,tm2431151d1_8k.htm,2024-12-16,"Edgewise Therapeutics, Inc.  (EWTX)  (CIK 0001710072)",2834,7.01;8.01;9.01,primary endpoint;results from the Phase;statistically significant;topline results
0001742927,0001437749-24-037520,ex_757662.htm,2024-12-16,"REVIVA PHARMACEUTICALS HOLDINGS, INC.  (RVPH, RVPHW)  (CIK 0001742927)",2834,7.01;8.01;9.01,efficacy data;positive data;statistically significant;topline data
0001652935,0001683168-24-008794,actuate_8k.htm,2024-12-17,"ACTUATE THERAPEUTICS, INC.  (ACTU)  (CIK 0001652935)",2834,7.01;9.01,interim data
0001710340,0001437749-24-037689,ex_758050.htm,2024-12-17,"Eton Pharmaceuticals, Inc.  (ETON)  (CIK 0001710340)",2834,8.01;9.01,statistically significant
0001858848,0001193125-24-280112,d883027d8k.htm,2024-12-17,"Tenaya Therapeutics, Inc.  (TNYA)  (CIK 0001858848)",2836,7.01;8.01;9.01,preliminary data
0001626971,0001558370-24-016343,crvs-20241218x8k.htm,2024-12-18,"Corvus Pharmaceuticals, Inc.  (CRVS)  (CIK 0001626971)",2834,7.01;8.01;9.01,efficacy data;interim data
0001638287,0001558370-24-016344,mtva-20241218xex99d1.htm,2024-12-18,MetaVia Inc.  (MTVA)  (CIK 0001638287),2834,7.01;9.01,positive results;primary endpoint;statistically significant;top-line results
0001711279,0001711279-24-000065,cancerdataannouncementfinal.htm,2024-12-18,"Krystal Biotech, Inc.  (KRYS)  (CIK 0001711279)",2836,7.01;9.01,clinical data
0000921114,0001104659-24-129981,tm2431487d1_ex99-1.htm,2024-12-19,"Armata Pharmaceuticals, Inc.  (ARMP)  (CIK 0000921114)",2836,7.01;9.01,positive results;results from the Phase;statistically significant;topline results
0001094038,0001104659-24-130002,tm2431560d1_ex99-1.htm,2024-12-19,"Marker Therapeutics, Inc.  (MRKR)  (CIK 0001094038)",2834,1.01;8.01;9.01,clinical data
0001285819,0001437749-24-037898,ex_755914.htm,2024-12-19,OMEROS CORP  (OMER)  (CIK 0001285819),2834,8.01;9.01,primary endpoint;statistically significant
0001133416,0001140361-24-050005,ef20040433_ex99-1.htm,2024-12-20,GALECTIN THERAPEUTICS INC  (GALT)  (CIK 0001133416),2834,8.01;9.01,positive results;preliminary data;primary endpoint;statistically significant;top-line results
0001829635,0001104659-24-130812,tm2431511d1_ex99-1.htm,2024-12-20,"Transcode Therapeutics, Inc.  (RNAZ)  (CIK 0001829635)",2834,8.01;9.01,preliminary data
0001840439,0001193125-24-283008,d827448d8k.htm,2024-12-20,"Biomea Fusion, Inc.  (BMEA)  (CIK 0001840439)",2834,7.01;8.01;9.01,clinical data;data from the Phase;interim data;primary endpoint;statistically significant;topline data;topline results
0001566044,0001104659-24-131064,tm2431817d1_ex99-1.htm,2024-12-23,VYNE Therapeutics Inc.  (VYNE)  (CIK 0001566044),2834,8.01;9.01,positive results
0001426800,0000950170-24-139962,asmb-ex99_1.htm,2024-12-26,"ASSEMBLY BIOSCIENCES, INC.  (ASMB)  (CIK 0001426800)",2834,8.01;9.01,efficacy data;interim data
0001356090,0000950103-24-018479,dp222802_ex9902.htm,2024-12-30,"PRECIGEN, INC.  (PGEN)  (CIK 0001356090)",2834,1.01;3.02;3.03;5.03;7.01;8.01;9.01,data from the Phase
0001579428,0000950170-24-140949,axsm-20241230.htm,2024-12-30,"Axsome Therapeutics, Inc.  (AXSM)  (CIK 0001579428)",2834,8.01;9.01,topline results
0001885522,0001193125-25-000084,d859264dex991.htm,2025-01-02,"Neumora Therapeutics, Inc.  (NMRA)  (CIK 0001885522)",2836,8.01;9.01,primary endpoint;results from the Phase;statistically significant
0001671502,0001104659-25-001350,tm252105d1_8k.htm,2025-01-06,"Quoin Pharmaceuticals, Ltd.  (QNRX)  (CIK 0001671502)",2834,8.01,clinical data;positive data
0001962918,0001962918-25-000003,slrn-20250106.htm,2025-01-06,"ACELYRIN, Inc.  (SLRN)  (CIK 0001962918)",2834,8.01,clinical data;primary endpoint;topline data
0001714899,0001714899-25-000007,dnli-20250106.htm,2025-01-07,Denali Therapeutics Inc.  (DNLI)  (CIK 0001714899),2836,7.01;9.01,topline results
0001776111,0000950170-25-002555,mbx-20250107.htm,2025-01-07,"MBX Biosciences, Inc.  (MBX)  (CIK 0001776111)",2834,2.02;7.01;8.01;9.01,topline data;topline results
0001790340,0001790340-25-000012,imrx-20250107.htm,2025-01-07,Immuneering Corp  (IMRX)  (CIK 0001790340),2834,8.01,data from the Phase;interim data
0001613780,0001193125-25-003574,d861550dex991.htm,2025-01-08,DBV Technologies S.A.  (DBVT)  (CIK 0001613780),2836,7.01;9.01,data from the Phase
0001659617,0001437749-25-000678,ex_763052.htm,2025-01-08,"Moleculin Biotech, Inc.  (MBRX)  (CIK 0001659617)",2834,7.01;9.01,efficacy data;positive results;primary endpoint
0001706431,0001193125-25-003214,d887412d8k.htm,2025-01-08,"Vir Biotechnology, Inc.  (VIR)  (CIK 0001706431)",2836,7.01;8.01;9.01,initial data
0001788028,0001213900-25-001810,ea0227148-8k_jasper.htm,2025-01-08,"Jasper Therapeutics, Inc.  (JSPR, JSPRW)  (CIK 0001788028)",2836,8.01;9.01,preliminary data
0001442836,0001104659-25-002312,tm252819d1_8k.htm,2025-01-10,"Mersana Therapeutics, Inc.  (MRSN)  (CIK 0001442836)",2834,7.01;8.01;9.01,clinical data
0001496323,0001193125-25-004455,d778635dex991.htm,2025-01-10,"IGM Biosciences, Inc.  (IGMS)  (CIK 0001496323)",2834,2.02;2.05;7.01;9.01,data from the Phase;interim data
0001609809,0001193125-25-004062,d925391d8k.htm,2025-01-10,"Seres Therapeutics, Inc.  (MCRB)  (CIK 0001609809)",2834,2.02;8.01;9.01,preliminary data;statistically significant
0001650648,0000950170-25-003832,fdmt-20250110.htm,2025-01-10,"4D Molecular Therapeutics, Inc.  (FDMT)  (CIK 0001650648)",2836,2.02;8.01;9.01,interim data;primary endpoint;topline data
0001658247,0000950170-25-003801,crnx-20250110.htm,2025-01-10,"Crinetics Pharmaceuticals, Inc.  (CRNX)  (CIK 0001658247)",2834,7.01;8.01;9.01,topline results
0001787297,0001104659-25-002278,tm252728d1_8k.htm,2025-01-10,"Passage BIO, Inc.  (PASG)  (CIK 0001787297)",2836,2.02;2.05;2.06;7.01;8.01;9.01,clinical data;interim data
0001832038,0000950170-25-003781,ivvd-ex99_1.htm,2025-01-10,"Invivyd, Inc.  (IVVD)  (CIK 0001832038)",2836,8.01;9.01,efficacy data;interim data
0002012593,0001193125-25-004045,d925938dex991.htm,2025-01-10,"Rapport Therapeutics, Inc.  (RAPP)  (CIK 0002012593)",2834,7.01;8.01;9.01,preliminary data;topline data;topline results
0001533040,0001683168-25-000274,phio_ex9901.htm,2025-01-13,Phio Pharmaceuticals Corp.  (PHIO)  (CIK 0001533040),2834,8.01;9.01,positive results
0001626971,0001558370-25-000150,crvs-20250113x8k.htm,2025-01-13,"Corvus Pharmaceuticals, Inc.  (CRVS)  (CIK 0001626971)",2834,7.01;8.01;9.01,interim data
0001761612,0001104659-25-003026,tm253122d1_8k.htm,2025-01-13,BICYCLE THERAPEUTICS PLC  (BCYC)  (CIK 0001761612),2834,7.01;8.01;9.01,topline results
0001411685,0001411685-25-000007,ex-991ph284phase2pr20250114.htm,2025-01-14,"Vistagen Therapeutics, Inc.  (VTGN)  (CIK 0001411685)",2834,8.01;9.01,clinical data;positive results
0001664710,0001664710-25-000005,exhibit99111525pr.htm,2025-01-15,"Keros Therapeutics, Inc.  (KROS)  (CIK 0001664710)",2834,8.01;9.01,clinical data;topline data
0001285819,0001437749-25-001245,ex_766537.htm,2025-01-16,OMEROS CORP  (OMER)  (CIK 0001285819),2834,8.01;9.01,primary endpoint;statistically significant
0001671502,0001104659-25-004132,tm253523d1_8k.htm,2025-01-16,"Quoin Pharmaceuticals, Ltd.  (QNRX)  (CIK 0001671502)",2834,8.01,clinical data;positive results
0000072444,0001437749-25-001459,ex_767659.htm,2025-01-21,"Vaxart, Inc.  (VXRT)  (CIK 0000072444)",2836,8.01;9.01,clinical data
0002007919,0002007919-25-000007,exhibit991-pressreleasecol.htm,2025-01-21,"Inhibrx Biosciences, Inc.  (INBX)  (CIK 0002007919)",2836,7.01;8.01;9.01,data from the Phase;preliminary data
0000320017,0000320017-25-000004,ex991ascendpressrelease.htm,2025-01-23,"LISATA THERAPEUTICS, INC.  (LSTA)  (CIK 0000320017)",2834,7.01;9.01,clinical data;preliminary data
0001130598,0001104659-25-005455,tm253126d1_ex99-1.htm,2025-01-23,"Traws Pharma, Inc.  (TRAW)  (CIK 0001130598)",2834,8.01;9.01,clinical data;data from the Phase;topline data
0001390478,0001104659-25-005648,tm254291d1_ex99-1.htm,2025-01-23,"SELLAS Life Sciences Group, Inc.  (SLS)  (CIK 0001390478)",2834,7.01;9.01,clinical data;efficacy data;interim data;primary endpoint
0001671502,0001104659-25-005619,tm254263d1_8k.htm,2025-01-23,"Quoin Pharmaceuticals, Ltd.  (QNRX)  (CIK 0001671502)",2834,8.01,positive data
0001827087,0001193125-25-010817,d810501d8k.htm,2025-01-23,"Vigil Neuroscience, Inc.  (VIGL)  (CIK 0001827087)",2836,7.01;8.01;9.01,positive data
0001873875,0001213900-25-005700,ea0228313-8k_incannex.htm,2025-01-23,Incannex Healthcare Inc.  (IXHL)  (CIK 0001873875),2834,8.01;9.01,topline results
0001564824,0000950170-25-008992,allk-ex99_1.htm,2025-01-27,Allakos Inc.  (ALLK)  (CIK 0001564824),2834,2.02;2.05;7.01;9.01,primary endpoint;topline results
0001744659,0001193125-25-012750,d907495d8k.htm,2025-01-27,"Akero Therapeutics, Inc.  (AKRO)  (CIK 0001744659)",2834,2.02;7.01;8.01;9.01,positive results;statistically significant;topline results
0001082038,0000950170-25-009670,drrx-ex99_1.htm,2025-01-28,DURECT CORP  (DRRX)  (CIK 0001082038),2834,8.01;9.01,primary endpoint;statistically significant;topline data;topline results
0001509745,0001104659-25-006544,tm254560d1_8k.htm,2025-01-28,"LEAP THERAPEUTICS, INC.  (LPTX)  (CIK 0001509745)",2834,8.01;9.01,clinical data
0001833214,0000950170-25-009474,sabs-ex99_1.htm,2025-01-28,"SAB Biotherapeutics, Inc.  (SABS, SABSW)  (CIK 0001833214)",2836,8.01;9.01,topline data;topline results
0001725160,0001725160-25-000013,corporateeventpr01222025-f.htm,2025-01-29,"Zentalis Pharmaceuticals, Inc.  (ZNTL)  (CIK 0001725160)",2834,7.01;8.01;9.01,clinical data;topline data;topline results
0001750149,0001193125-25-015648,d919757d8k.htm,2025-01-29,"Inhibikase Therapeutics, Inc.  (IKT)  (CIK 0001750149)",2836,8.01,primary endpoint;results from the Phase
0001789972,0000950170-25-010199,cgem-20250128.htm,2025-01-29,"Cullinan Therapeutics, Inc.  (CGEM)  (CIK 0001789972)",2836,7.01;8.01;9.01,primary endpoint
0001681087,0001193125-25-016224,d817477d8k.htm,2025-01-30,"Tectonic Therapeutic, Inc.  (TECX)  (CIK 0001681087)",2836,7.01;8.01;9.01,interim data
0001087294,0001628280-25-003753,cpix-20250204.htm,2025-02-04,CUMBERLAND PHARMACEUTICALS INC  (CPIX)  (CIK 0001087294),2834,8.01,top-line results
0001001233,0001628280-25-004197,sgmo-20250206.htm,2025-02-06,"SANGAMO THERAPEUTICS, INC  (SGMO)  (CIK 0001001233)",2836,8.01,clinical data;data from the Phase;primary endpoint;statistically significant
0001430306,0001999371-25-001243,ex99-01.htm,2025-02-06,Tonix Pharmaceuticals Holding Corp.  (TNXP)  (CIK 0001430306),2834,7.01;8.01;9.01,results from the Phase;statistically significant;topline results
0001746466,0001193125-25-021348,d898732d8k.htm,2025-02-06,"Equillium, Inc.  (EQ)  (CIK 0001746466)",2834,8.01,data from the Phase;primary endpoint;topline data
0001444192,0001140361-25-003645,ef20043150_8k.htm,2025-02-10,"Grace Therapeutics, Inc.  (GRCE)  (CIK 0001444192)",2834,1.01;3.02;8.01;9.01,primary endpoint;top-line results
0001650648,0000950170-25-016708,fdmt-20250208.htm,2025-02-10,"4D Molecular Therapeutics, Inc.  (FDMT)  (CIK 0001650648)",2836,8.01,data from the Phase;primary endpoint;topline data
0001711754,0001213900-25-011733,ea023027701ex99-1_inmune.htm,2025-02-10,"Inmune Bio, Inc.  (INMB)  (CIK 0001711754)",2836,1.01;1.02;8.01;9.01,clinical data;top-line data
0001347242,0001753926-25-000211,g084697_8-k.htm,2025-02-11,LIPELLA PHARMACEUTICALS INC.  (LIPO)  (CIK 0001347242),2834,7.01;8.01;9.01,topline results
0001740279,0001193125-25-024005,d905966dex991.htm,2025-02-11,"IN8BIO, INC.  (INAB)  (CIK 0001740279)",2836,8.01;9.01,clinical data;positive results
0001370053,0001370053-25-000010,anab-20250212.htm,2025-02-12,"ANAPTYSBIO, INC  (ANAB)  (CIK 0001370053)",2834,7.01;8.01,primary endpoint;top-line data
0001398733,0001628280-25-005018,a2025-2x10aaaaimeetingda.htm,2025-02-12,"Aquestive Therapeutics, Inc.  (AQST)  (CIK 0001398733)",2834,8.01;9.01,clinical data;top-line data
0001595097,0000950170-25-020424,crbp-20250214.htm,2025-02-14,"Corbus Pharmaceuticals Holdings, Inc.  (CRBP)  (CIK 0001595097)",2834,7.01;8.01;9.01,clinical data
0001133416,0001140361-25-004971,ny20043588x1_ex99-1.htm,2025-02-18,GALECTIN THERAPEUTICS INC  (GALT)  (CIK 0001133416),2834,8.01;9.01,positive results;statistically significant;top-line results
0001356576,0001356576-25-000008,ex-991xspnx820studyresults.htm,2025-02-18,"SUPERNUS PHARMACEUTICALS, INC.  (SUPN)  (CIK 0001356576)",2834,8.01;9.01,primary endpoint;statistically significant;topline results
0001759138,0001193125-25-028420,d925657dex991.htm,2025-02-18,"Cabaletta Bio, Inc.  (CABA)  (CIK 0001759138)",2836,7.01;8.01;9.01,clinical data;efficacy data
0001280776,0001193805-25-000212,e664213_ex99-1.htm,2025-02-20,"IMMUNIC, INC.  (IMUX)  (CIK 0001280776)",2834,8.01;9.01,clinical data;positive results;statistically significant
0001285819,0001437749-25-004505,ex_777670.htm,2025-02-20,OMEROS CORP  (OMER)  (CIK 0001285819),2834,8.01;9.01,positive results;primary endpoint;statistically significant
0001426800,0000950170-25-024134,asmb-20250220.htm,2025-02-20,"ASSEMBLY BIOSCIENCES, INC.  (ASMB)  (CIK 0001426800)",2834,8.01;9.01,results from the Phase
0001841387,0000950170-25-026100,cadl-ex99_1.htm,2025-02-25,"Candel Therapeutics, Inc.  (CADL)  (CIK 0001841387)",2836,7.01;8.01;9.01,interim data;primary endpoint;statistically significant;topline data
0001455365,0001104659-25-017178,tm257579d1_ex99-1.htm,2025-02-26,COGNITION THERAPEUTICS INC  (CGTX)  (CIK 0001455365),2836,8.01;9.01,preliminary data;primary endpoint
0001472091,0001140361-25-005994,ef20044390_ex99-1.htm,2025-02-26,"PDS Biotechnology Corp  (EDGE, PDSB)  (CIK 0001472091)",2834,8.01;9.01,clinical data
0001671502,0001104659-25-018234,tm257848d1_8k.htm,2025-02-27,"Quoin Pharmaceuticals, Ltd.  (QNRX)  (CIK 0001671502)",2834,8.01,clinical data
0001689548,0001689548-25-000037,praxisye2024pr.htm,2025-02-28,"Praxis Precision Medicines, Inc.  (PRAX)  (CIK 0001689548)",2834,2.02;9.01,topline results
0001377121,0001104659-25-019516,tm258056d1_8k.htm,2025-03-03,"Protagonist Therapeutics, Inc  (PTGX)  (CIK 0001377121)",2834,8.01;9.01,results from the Phase;topline results
0001430306,0001999371-25-002252,ex99-01.htm,2025-03-04,Tonix Pharmaceuticals Holding Corp.  (TNXP)  (CIK 0001430306),2834,7.01;8.01;9.01,primary endpoint;statistically significant
0001862150,0001493152-25-008988,ex99-1.htm,2025-03-04,"Cingulate Inc.  (CING, CINGW)  (CIK 0001862150)",2834,7.01;8.01;9.01,efficacy data;primary endpoint
0001714899,0001714899-25-000072,dnli-20250305.htm,2025-03-05,Denali Therapeutics Inc.  (DNLI)  (CIK 0001714899),2836,7.01,primary endpoint
0001053691,0001437749-25-006832,crvo20250310_8k.htm,2025-03-10,CervoMed Inc.  (CRVO)  (CIK 0001053691),2834,7.01;8.01;9.01,positive results
0001377121,0001104659-25-021986,tm258665d1_8k.htm,2025-03-10,"Protagonist Therapeutics, Inc  (PTGX)  (CIK 0001377121)",2834,8.01;9.01,results from the Phase;top-line results
0001563880,0000950170-25-036503,trvi-20250310.htm,2025-03-10,"Trevi Therapeutics, Inc.  (TRVI)  (CIK 0001563880)",2834,8.01,clinical data;positive data;primary endpoint;statistically significant;topline results
0001661998,0001193125-25-050372,d931400dex991.htm,2025-03-10,Q32 Bio Inc.  (QTTB)  (CIK 0001661998),2834,8.01;9.01,primary endpoint;topline data
0001671927,0001140361-25-007867,ef20045169_8k.htm,2025-03-10,Immunocore Holdings plc  (IMCR)  (CIK 0001671927),2836,7.01;9.01,initial data
0001745999,0001193125-25-050334,d922493d8k.htm,2025-03-10,Beam Therapeutics Inc.  (BEAM)  (CIK 0001745999),2836,7.01;8.01;9.01,efficacy data;initial data;interim data
0001847367,0001104659-25-021990,tm258686d1_ex99-1.htm,2025-03-10,ALUMIS INC.  (ALMS)  (CIK 0001847367),2834,8.01;9.01,data from the Phase;positive data;topline data
0001933414,0001628280-25-011459,exhibit991-8xk.htm,2025-03-10,"Mineralys Therapeutics, Inc.  (MLYS)  (CIK 0001933414)",2834,7.01;8.01;9.01,efficacy data;positive results;primary endpoint;statistically significant;topline data;topline results
0001377121,0001104659-25-022615,tm258886d1_ex99-1.htm,2025-03-11,"Protagonist Therapeutics, Inc  (PTGX)  (CIK 0001377121)",2834,8.01;9.01,data from the Phase;positive results;primary endpoint;results from the Phase;topline results
0001655759,0001655759-25-000057,arvn-20250311.htm,2025-03-11,"ARVINAS, INC.  (ARVN)  (CIK 0001655759)",2834,7.01;8.01;9.01,primary endpoint;results from the Phase;statistically significant;topline results
0001822791,0001437749-25-007120,ex_788726.htm,2025-03-12,"Clene Inc.  (CLNN, CLNNW)  (CIK 0001822791)",2834,8.01;9.01,primary endpoint
0001710340,0001437749-25-007615,eton20250312_8k.htm,2025-03-14,"Eton Pharmaceuticals, Inc.  (ETON)  (CIK 0001710340)",2834,8.01;9.01,positive results
0001599901,0001599901-25-000065,a03-17x25delxzotatopline.htm,2025-03-17,"Avidity Biosciences, Inc.  (RNA)  (CIK 0001599901)",2834,7.01;8.01;9.01,topline data
0001725160,0001628280-25-012899,final-xzntlupdatedclinical.htm,2025-03-17,"Zentalis Pharmaceuticals, Inc.  (ZNTL)  (CIK 0001725160)",2834,7.01;9.01,clinical data;topline data
0001860657,0001437749-25-008139,allr20250317_8k.htm,2025-03-18,"Allarity Therapeutics, Inc.  (ALLR)  (CIK 0001860657)",2834,8.01;9.01,clinical data
0001635088,0001140361-25-009362,ef20045740_ex99-1.htm,2025-03-19,Roivant Sciences Ltd.  (ROIV)  (CIK 0001635088),2834,7.01;8.01;9.01,positive results;primary endpoint;topline results
0001764013,0001764013-25-000037,exhibit9912025319.htm,2025-03-19,"Immunovant, Inc.  (IMVT)  (CIK 0001764013)",2836,7.01;8.01;9.01,positive results;primary endpoint;topline results
0001782107,0001213900-25-024826,ea023488301ex99-1_onconetix.htm,2025-03-19,"Onconetix, Inc.  (ONCO)  (CIK 0001782107)",2834,7.01;9.01,clinical data
0001783032,0001104659-25-025878,tm259617d1_ex99-1.htm,2025-03-20,"Elevation Oncology, Inc.  (ELEV)  (CIK 0001783032)",2836,2.05;5.02;9.01,clinical data;efficacy data
0001130598,0001104659-25-026392,tm259925d1_8k.htm,2025-03-21,"Traws Pharma, Inc.  (TRAW)  (CIK 0001130598)",2834,8.01;9.01,positive data
0001463361,0000950170-25-043483,ubx-20250324.htm,2025-03-24,"Unity Biotechnology, Inc.  (UBX)  (CIK 0001463361)",2834,8.01;9.01,topline results
0001782107,0001013762-25-001260,ea0235277-8k_oncon.htm,2025-03-24,"Onconetix, Inc.  (ONCO)  (CIK 0001782107)",2834,7.01;9.01,clinical data
0000908259,0001641172-25-000537,ex99-2.htm,2025-03-25,"Oncotelic Therapeutics, Inc.  (OTLC)  (CIK 0000908259)",2834,8.01;9.01,clinical data;efficacy data
0001069530,0001171843-25-001678,exh_991.htm,2025-03-25,CASSAVA SCIENCES INC  (SAVA)  (CIK 0001069530),2834,7.01;8.01;9.01,primary endpoint;results from the Phase;topline data;topline results
0001130598,0001104659-25-027545,tm2510212d1_8k.htm,2025-03-25,"Traws Pharma, Inc.  (TRAW)  (CIK 0001130598)",2834,8.01;9.01,positive data
0001579428,0000950170-25-044096,axsm-ex99_1.htm,2025-03-25,"Axsome Therapeutics, Inc.  (AXSM)  (CIK 0001579428)",2834,8.01;9.01,positive results;primary endpoint;statistically significant
0001971543,0001193125-25-061872,d936530d8k.htm,2025-03-25,Mural Oncology plc  (MURA)  (CIK 0001971543),2834,8.01,preliminary data;primary endpoint;statistically significant;topline data
0001631574,0001193125-25-063184,d918658d8k.htm,2025-03-26,Wave Life Sciences Ltd.  (WVE)  (CIK 0001631574),2834,7.01;8.01;9.01,data from the Phase;positive data
0001505512,0001193125-25-064685,d823727d8k.htm,2025-03-27,Regulus Therapeutics Inc.  (RGLS)  (CIK 0001505512),2834,7.01;8.01;9.01,efficacy data;topline results
0001841387,0001193125-25-064374,d917988dex991.htm,2025-03-27,"Candel Therapeutics, Inc.  (CADL)  (CIK 0001841387)",2836,7.01;8.01;9.01,interim data;primary endpoint;statistically significant
0001853816,0001654954-25-003372,drma_8k.htm,2025-03-27,"Dermata Therapeutics, Inc.  (DRMA, DRMAW)  (CIK 0001853816)",2834,7.01;8.01;9.01,positive results;statistically significant;topline results
0000875320,0000875320-25-000156,vrtx-20250328.htm,2025-03-28,VERTEX PHARMACEUTICALS INC / MA  (VRTX)  (CIK 0000875320),2834,8.01,results from the Phase
0001878313,0001641172-25-001045,form8-k.htm,2025-03-28,"MAIA Biotechnology, Inc.  (MAIA)  (CIK 0001878313)",2834,7.01;9.01,efficacy data
0000894158,0001104659-25-029654,tm2510883d1_ex99-1.htm,2025-03-31,"Theriva Biologics, Inc.  (TOVX)  (CIK 0000894158)",2834,7.01;8.01;9.01,clinical data;topline data
0000911216,0001654954-25-003600,ptn_8k.htm,2025-03-31,PALATIN TECHNOLOGIES INC  (PTN)  (CIK 0000911216),2834,8.01;9.01,primary endpoint;topline results
0000921299,0000950170-25-046978,fgen-ex99_1.htm,2025-03-31,FIBROGEN INC  (FGEN)  (CIK 0000921299),2834,7.01,data from the Phase;results from the Phase;topline data;topline results
0000925741,0001437749-25-009978,ex_796698.htm,2025-03-31,"BioCardia, Inc.  (BCDA)  (CIK 0000925741)",2836,7.01;8.01;9.01,statistically significant
0001088856,0001193125-25-067871,d924664d8k.htm,2025-03-31,CORCEPT THERAPEUTICS INC  (CORT)  (CIK 0001088856),2834,8.01;9.01,primary endpoint
0001649094,0001193125-25-067901,d848914d8k.htm,2025-03-31,"Vaxcyte, Inc.  (PCVX)  (CIK 0001649094)",2836,7.01;8.01;9.01,topline results
0001664710,0001664710-25-000029,exhibit99133125pr.htm,2025-03-31,"Keros Therapeutics, Inc.  (KROS)  (CIK 0001664710)",2834,8.01;9.01,clinical data;results from the Phase;topline results
0001739174,0001213900-25-025820,ea0236313-8k_biomx.htm,2025-03-31,BiomX Inc.  (PHGE)  (CIK 0001739174),2836,7.01;8.01;9.01,positive results;statistically significant
0001933414,0001933414-25-000026,mlys-20250329.htm,2025-03-31,"Mineralys Therapeutics, Inc.  (MLYS)  (CIK 0001933414)",2834,7.01;8.01;9.01,primary endpoint
0001398733,0001628280-25-015759,aqst-20250401.htm,2025-04-01,"Aquestive Therapeutics, Inc.  (AQST)  (CIK 0001398733)",2834,7.01;9.01,clinical data;topline results
0001579428,0000950170-25-048036,axsm-ex99_1.htm,2025-04-01,"Axsome Therapeutics, Inc.  (AXSM)  (CIK 0001579428)",2834,8.01;9.01,primary endpoint;statistically significant;topline results
0001738021,0001171843-25-001900,exh_991.htm,2025-04-01,"Compass Therapeutics, Inc.  (CMPX)  (CIK 0001738021)",2836,7.01;8.01;9.01,clinical data;primary endpoint;statistically significant;top-line data;top-line results
0001671502,0001104659-25-031240,tm2511344d1_8k.htm,2025-04-02,"Quoin Pharmaceuticals, Ltd.  (QNRX)  (CIK 0001671502)",2834,8.01,clinical data
0001710072,0001104659-25-030839,tm2510984d2_8k.htm,2025-04-02,"Edgewise Therapeutics, Inc.  (EWTX)  (CIK 0001710072)",2834,7.01;8.01;9.01,clinical data;data from the Phase;positive results;preliminary data;top-line data;top-line results
0001655759,0001655759-25-000066,a2025-04x04xarvx102datapre.htm,2025-04-04,"ARVINAS, INC.  (ARVN)  (CIK 0001655759)",2834,7.01;8.01;9.01,initial data
0001053691,0001437749-25-011178,ex_799129.htm,2025-04-07,CervoMed Inc.  (CRVO)  (CIK 0001053691),2834,7.01;8.01;9.01,positive data
0001649904,0001558370-25-004507,rytm-20250407x8k.htm,2025-04-07,"RHYTHM PHARMACEUTICALS, INC.  (RYTM)  (CIK 0001649904)",2834,7.01;8.01;9.01,primary endpoint;statistically significant;top-line data;topline results
0001453687,0001453687-25-000064,exhibit991pressreleasedate.htm,2025-04-08,"Cartesian Therapeutics, Inc.  (RNAC)  (CIK 0001453687)",2834,7.01;8.01;9.01,data from the Phase;primary endpoint
0001739410,0001739410-25-000052,rlyb-20250408xex991pressre.htm,2025-04-08,Rallybio Corp  (RLYB)  (CIK 0001739410),2834,8.01;9.01,data from the Phase
0001840574,0001193125-25-079607,d890262d8k.htm,2025-04-14,"Verve Therapeutics, Inc.  (VERV)  (CIK 0001840574)",2834,8.01,efficacy data;initial data;positive results
0001638287,0001558370-25-004796,mtva-20250415x8k.htm,2025-04-15,MetaVia Inc.  (MTVA)  (CIK 0001638287),2834,7.01;8.01;9.01,positive results
0001711786,0001213900-25-031763,ea0238201-8k_hoth.htm,2025-04-15,"Hoth Therapeutics, Inc.  (HOTH)  (CIK 0001711786)",2834,5.02;8.01;9.01,interim data
0001853816,0001654954-25-004265,drma_8k.htm,2025-04-15,"Dermata Therapeutics, Inc.  (DRMA, DRMAW)  (CIK 0001853816)",2834,7.01;8.01;9.01,statistically significant;topline data;topline results
0001638287,0001558370-25-005113,mtva-20250422x8k.htm,2025-04-22,MetaVia Inc.  (MTVA)  (CIK 0001638287),2834,7.01;8.01;9.01,top-line results
0001599298,0001599298-25-000064,a2025_prx0423xivonescima.htm,2025-04-23,Summit Therapeutics Inc.  (SMMT)  (CIK 0001599298),2834,8.01;9.01,primary endpoint;statistically significant;top-line results
0001599298,0001599298-25-000066,a2025_prx0425xivonescima.htm,2025-04-25,Summit Therapeutics Inc.  (SMMT)  (CIK 0001599298),2834,8.01;9.01,primary endpoint;statistically significant;top-line results
0001359931,0001213900-25-035785,ea0239689-8k_protara.htm,2025-04-28,"Protara Therapeutics, Inc.  (TARA)  (CIK 0001359931)",2836,7.01;8.01;9.01,clinical data
0001553643,0001213900-25-035941,ea0239764-8k_relmada.htm,2025-04-28,"RELMADA THERAPEUTICS, INC.  (RLMD)  (CIK 0001553643)",2834,7.01;8.01;9.01,efficacy data;initial data;positive results;top-line results
0001854270,0001854270-25-000046,ex991snti_conferencecall.htm,2025-04-28,"Senti Biosciences, Inc.  (SNTI)  (CIK 0001854270)",2836,2.02;7.01;8.01;9.01,clinical data;efficacy data
0001280776,0001193805-25-000582,e664445_ex99-1.htm,2025-04-30,"IMMUNIC, INC.  (IMUX)  (CIK 0001280776)",2834,8.01;9.01,clinical data;positive data
0001585608,0001193125-25-105825,d935544dex991.htm,2025-04-30,"Jaguar Health, Inc.  (JAGX)  (CIK 0001585608)",2834,7.01;8.01;9.01,preliminary data
0001880438,0001193125-25-110019,d116214d8k.htm,2025-05-01,"AN2 Therapeutics, Inc.  (ANTX)  (CIK 0001880438)",2834,7.01;9.01,data from the Phase
0001070081,0001070081-25-000014,tmb-20250505xex99d1.htm,2025-05-05,"PTC THERAPEUTICS, INC.  (PTCT)  (CIK 0001070081)",2834,7.01;9.01,primary endpoint;results from the Phase
0001463361,0000950170-25-063167,ubx-20250502.htm,2025-05-05,"Unity Biotechnology, Inc.  (UBX)  (CIK 0001463361)",2834,2.05;5.02;8.01;9.01,topline results
0001652935,0001683168-25-003163,actuate_8k.htm,2025-05-06,"ACTUATE THERAPEUTICS, INC.  (ACTU)  (CIK 0001652935)",2834,8.01;9.01,topline data
0000894158,0001104659-25-045309,tm2514050d1_8k.htm,2025-05-07,"Theriva Biologics, Inc.  (TOVX)  (CIK 0000894158)",2834,7.01;8.01;9.01,primary endpoint
0001447028,0001171843-25-002841,exh_991.htm,2025-05-07,Arbutus Biopharma Corp  (ABUS)  (CIK 0001447028),2834,8.01;9.01,clinical data
0001645469,0001437749-25-014880,ex_812050.htm,2025-05-07,Monopar Therapeutics  (MNPR)  (CIK 0001645469),2834,7.01;9.01,data from the Phase;efficacy data
0001936258,0001193125-25-114456,d905689d8k.htm,2025-05-07,"NewAmsterdam Pharma Co N.V.  (NAMS, NAMSW)  (CIK 0001936258)",2834,7.01;8.01;9.01,primary endpoint;statistically significant
0001455365,0001104659-25-045886,tm2514313d1_8k.htm,2025-05-08,COGNITION THERAPEUTICS INC  (CGTX)  (CIK 0001455365),2836,8.01;9.01,topline results
0001706431,0001628280-25-024067,ex991pressrelease_marchdata.htm,2025-05-09,"Vir Biotechnology, Inc.  (VIR)  (CIK 0001706431)",2836,8.01;9.01,data from the Phase;efficacy data;primary endpoint
0001735438,0001558370-25-007074,mgtx-20250509xex99d1.htm,2025-05-09,MeiraGTx Holdings plc  (MGTX)  (CIK 0001735438),2836,7.01;9.01,clinical data;positive data
0001808865,0000950170-25-069815,itos-ex99_1.htm,2025-05-13,"iTeos Therapeutics, Inc.  (ITOS)  (CIK 0001808865)",2836,1.02;7.01,primary endpoint;topline results
0001786205,0001193125-25-119506,d941498d8k.htm,2025-05-14,"Arcellx, Inc.  (ACLX)  (CIK 0001786205)",2836,8.01;9.01,clinical data;data from the Phase;positive data
0001347242,0001753926-25-000842,g084819_8k.htm,2025-05-15,LIPELLA PHARMACEUTICALS INC.  (LIPO)  (CIK 0001347242),2834,7.01;8.01;9.01,topline data
0001736730,0001736730-25-000041,exhibit991-pressreleasemay.htm,2025-05-16,Camp4 Therapeutics Corp  (CAMP)  (CIK 0001736730),2834,7.01;9.01,clinical data
0000874015,0001140361-25-019620,ef20049265_8k.htm,2025-05-19,IONIS PHARMACEUTICALS INC  (IONS)  (CIK 0000874015),2834,8.01;9.01,topline results
0000921114,0001104659-25-050219,tm2515395d1_8k.htm,2025-05-19,"Armata Pharmaceuticals, Inc.  (ARMP)  (CIK 0000921114)",2836,7.01;9.01,data from the Phase;topline data
0001681087,0001193125-25-122511,d939029dex991.htm,2025-05-19,"Tectonic Therapeutic, Inc.  (TECX)  (CIK 0001681087)",2836,8.01;9.01,efficacy data;interim data;results from the Phase;topline data;topline results
0001894562,0001193125-25-122156,d863812d8k.htm,2025-05-19,"Prime Medicine, Inc.  (PRME)  (CIK 0001894562)",2836,5.02;7.01;8.01;9.01,clinical data;efficacy data;initial data
0001094038,0001104659-25-050771,tm2515620d1_8k.htm,2025-05-20,"Marker Therapeutics, Inc.  (MRKR)  (CIK 0001094038)",2834,8.01;9.01,data from the Phase
0001590750,0001193125-25-122821,d938560dex991.htm,2025-05-20,"Viridian Therapeutics, Inc.\DE  (VRDN)  (CIK 0001590750)",2834,7.01;9.01,clinical data;preliminary data;statistically significant;topline data
0001827506,0001827506-25-000063,a20250520amexhibit991.htm,2025-05-20,"Tourmaline Bio, Inc.  (TRML)  (CIK 0001827506)",2836,7.01;8.01,primary endpoint;topline results
0001124105,0001140361-25-020157,ef20048898_8k.htm,2025-05-22,"GYRE THERAPEUTICS, INC.  (GYRE)  (CIK 0001124105)",2834,7.01;8.01;9.01,primary endpoint;statistically significant
0001472091,0001140361-25-020206,ef20049600_ex99-1.htm,2025-05-22,PDS Biotechnology Corp  (PDSB)  (CIK 0001472091),2834,8.01;9.01,primary endpoint
0001535955,0001641172-25-012000,ex99-1.htm,2025-05-22,Lipocine Inc.  (LPCN)  (CIK 0001535955),2834,8.01;9.01,results from the Phase
0001841387,0000950170-25-076458,cadl-20250522.htm,2025-05-22,"Candel Therapeutics, Inc.  (CADL)  (CIK 0001841387)",2836,7.01;9.01,primary endpoint;statistically significant
0001526119,0001104659-25-052220,tm2516049d1_8k.htm,2025-05-23,"Verastem, Inc.  (VSTM)  (CIK 0001526119)",2834,5.07;7.01;8.01;9.01,topline data
0001559053,0001193125-25-125881,d891971d8k.htm,2025-05-23,PROTHENA CORP PUBLIC LTD CO  (PRTA)  (CIK 0001559053),2834,8.01;9.01,results from the Phase
0001782303,0000950170-25-076911,bold-20250523.htm,2025-05-23,"Boundless Bio, Inc.  (BOLD)  (CIK 0001782303)",2834,2.05;8.01,clinical data
0001281895,0001140361-25-020409,ef20049685_ex99-1.htm,2025-05-27,"ROCKET PHARMACEUTICALS, INC.  (RCKT, RCKTW)  (CIK 0001281895)",2834,7.01;9.01,primary endpoint
0001701108,0001193125-25-128680,d903768d8k.htm,2025-05-28,"Spero Therapeutics, Inc.  (SPRO)  (CIK 0001701108)",2834,7.01;8.01;9.01,primary endpoint
0001806310,0001193125-25-129494,d904503d8k.htm,2025-05-28,"Taysha Gene Therapies, Inc.  (TSHA)  (CIK 0001806310)",2836,7.01;8.01;9.01,clinical data
0001835597,0000950170-25-078428,pepg-20250528.htm,2025-05-28,PepGen Inc.  (PEPG)  (CIK 0001835597),2834,7.01;8.01;9.01,initial data
0001651311,0001193125-25-130157,d75320d8k.htm,2025-05-29,Merus N.V.  (MRUS)  (CIK 0001651311),2834,8.01,clinical data
0001664710,0001664710-25-000052,exhibit99152925pr.htm,2025-05-29,"Keros Therapeutics, Inc.  (KROS)  (CIK 0001664710)",2834,2.05;8.01;9.01,efficacy data;top-line results;topline data
0001806310,0001193125-25-129849,d907074dex991.htm,2025-05-29,"Taysha Gene Therapies, Inc.  (TSHA)  (CIK 0001806310)",2836,7.01;8.01;9.01,clinical data;efficacy data;primary endpoint
0000728387,0000950170-25-079876,catx-ex99_1.htm,2025-05-30,"Perspective Therapeutics, Inc.  (CATX)  (CIK 0000728387)",2834,8.01;9.01,efficacy data;interim data
0001599298,0001599298-25-000099,a2025_prx0530-xxharmonix.htm,2025-05-30,Summit Therapeutics Inc.  (SMMT)  (CIK 0001599298),2834,8.01;9.01,primary endpoint;results from the Phase;statistically significant;top-line results;topline results
0001442836,0001104659-25-055240,tm2516680d1_8k.htm,2025-06-02,"Mersana Therapeutics, Inc.  (MRSN)  (CIK 0001442836)",2834,7.01;8.01;9.01,clinical data
0001472091,0001140361-25-021032,ef20050049_ex99-1.htm,2025-06-02,PDS Biotechnology Corp  (PDSB)  (CIK 0001472091),2834,8.01;9.01,positive data
0001526119,0001104659-25-055286,tm2516844d1_8k.htm,2025-06-02,"Verastem, Inc.  (VSTM)  (CIK 0001526119)",2834,7.01;8.01;9.01,efficacy data;initial data;topline data
0001563880,0001193125-25-132890,d949267d8k.htm,2025-06-02,"Trevi Therapeutics, Inc.  (TRVI)  (CIK 0001563880)",2834,8.01,clinical data;positive data;primary endpoint;statistically significant;topline data;topline results
0001655759,0001655759-25-000095,arvn-20250531.htm,2025-06-02,"ARVINAS, INC.  (ARVN)  (CIK 0001655759)",2834,7.01;8.01;9.01,primary endpoint;results from the Phase;statistically significant;topline results
0001711279,0001711279-25-000055,asco2025poster_02jun25fi.htm,2025-06-02,"Krystal Biotech, Inc.  (KRYS)  (CIK 0001711279)",2836,8.01,efficacy data
0001740279,0001193125-25-132783,d945167dex991.htm,2025-06-02,"IN8BIO, INC.  (INAB)  (CIK 0001740279)",2836,8.01;9.01,clinical data
0001742927,0001437749-25-019062,ex_825814.htm,2025-06-02,"REVIVA PHARMACEUTICALS HOLDINGS, INC.  (RVPH, RVPHW)  (CIK 0001742927)",2834,7.01;8.01;9.01,positive data;statistically significant;topline data
0001815442,0001193125-25-132760,d57872d8k.htm,2025-06-02,"Kymera Therapeutics, Inc.  (KYMR)  (CIK 0001815442)",2836,7.01;8.01;9.01,clinical data
0001831828,0001193125-25-132736,d916346d8k.htm,2025-06-02,"Vera Therapeutics, Inc.  (VERA)  (CIK 0001831828)",2834,7.01;8.01;9.01,statistically significant;topline results
0001878313,0001641172-25-013176,form8-k.htm,2025-06-02,"MAIA Biotechnology, Inc.  (MAIA)  (CIK 0001878313)",2834,7.01;8.01;9.01,efficacy data
0001370053,0001370053-25-000052,anaptysannouncespositive.htm,2025-06-03,"ANAPTYSBIO, INC  (ANAB)  (CIK 0001370053)",2834,7.01;8.01,data from the Phase;initial data;positive data;primary endpoint;statistically significant
0001400118,0001104659-25-056160,tm2517101d1_ex99-1.htm,2025-06-04,Sagimet Biosciences Inc.  (SGMT)  (CIK 0001400118),2834,7.01;9.01,efficacy data;positive data;positive results
0001626971,0001171843-25-003661,exh_991.htm,2025-06-04,"Corvus Pharmaceuticals, Inc.  (CRVS)  (CIK 0001626971)",2834,7.01;8.01;9.01,interim data;statistically significant
0001659617,0001437749-25-019375,ex_826738.htm,2025-06-04,"Moleculin Biotech, Inc.  (MBRX)  (CIK 0001659617)",2834,7.01;8.01;9.01,initial data;topline results
0002036042,0001193125-25-134462,d944102dex991.htm,2025-06-04,"Sionna Therapeutics, Inc.  (SION)  (CIK 0002036042)",2834,7.01;9.01,positive data;positive results;topline data
0001936258,0001193125-25-137432,d74901d8k.htm,2025-06-09,"NewAmsterdam Pharma Co N.V.  (NAMS, NAMSW)  (CIK 0001936258)",2834,7.01;8.01;9.01,statistically significant;topline data
0002040807,0001193125-25-137422,d50153d8k.htm,2025-06-09,"Metsera, Inc.  (MTSR)  (CIK 0002040807)",2834,8.01,clinical data;positive data;primary endpoint;topline data;topline results
0001104506,0001140361-25-022023,ef20050418_8k.htm,2025-06-10,INSMED Inc  (INSM)  (CIK 0001104506),2834,7.01;8.01;9.01,primary endpoint;results from the Phase;topline results
0000072444,0001437749-25-020040,ex_829639.htm,2025-06-11,"Vaxart, Inc.  (VXRT)  (CIK 0000072444)",2836,8.01;9.01,clinical data;results from the Phase;statistically significant;topline data;topline results
0001759138,0001193125-25-138737,d78097dex991.htm,2025-06-11,"Cabaletta Bio, Inc.  (CABA)  (CIK 0001759138)",2836,1.02;7.01;8.01;9.01,clinical data;efficacy data
0000882361,0001171843-25-003854,exh_991.htm,2025-06-12,Aptose Biosciences Inc.  (APTOF)  (CIK 0000882361),2836,7.01;9.01,clinical data;efficacy data
0001549595,0001549595-25-000086,a250612_ehaxdataprxvfinal-.htm,2025-06-12,"Nurix Therapeutics, Inc.  (NRIX)  (CIK 0001549595)",2834,7.01;8.01;9.01,clinical data;positive data
0001672619,0001193125-25-140285,d877944d8k.htm,2025-06-13,"Enliven Therapeutics, Inc.  (ELVN, IMRA)  (CIK 0001672619)",2834,7.01;8.01;9.01,data from the Phase;efficacy data;positive data;preliminary data
0001053369,0001641172-25-015172,ex99-1.htm,2025-06-16,ELITE PHARMACEUTICALS INC /NV/  (ELTP)  (CIK 0001053369),2834,7.01;9.01,positive results
0001788028,0001213900-25-054465,ea0245793-8k_jasper.htm,2025-06-16,"Jasper Therapeutics, Inc.  (JSPR, JSPRW)  (CIK 0001788028)",2836,8.01;9.01,positive data
0001636282,0001193125-25-141756,d18728dex991.htm,2025-06-17,"Spyre Therapeutics, Inc.  (SYRE)  (CIK 0001636282)",2834,7.01;8.01;9.01,clinical data;interim data;results from the Phase
0001701478,0001641172-25-015342,ex99-1.htm,2025-06-17,"Azitra, Inc.  (AZTR)  (CIK 0001701478)",2834,7.01;9.01,topline results
0001790340,0001790340-25-000077,imrx-20250617.htm,2025-06-17,Immuneering Corp  (IMRX)  (CIK 0001790340),2834,8.01,data from the Phase;interim data
0001806952,0001193125-25-141795,d15114d8k.htm,2025-06-17,"Lyell Immunopharma, Inc.  (LYEL)  (CIK 0001806952)",2834,8.01,clinical data;initial data;primary endpoint
0001818794,0001193125-25-141739,d47489d8k.htm,2025-06-17,"Dyne Therapeutics, Inc.  (DYN)  (CIK 0001818794)",2834,7.01;8.01;9.01,primary endpoint
0001851194,0000950170-25-087068,vtyx-20250617.htm,2025-06-17,"Ventyx Biosciences, Inc.  (VTYX)  (CIK 0001851194)",2834,7.01;8.01;9.01,data from the Phase;preliminary data;top-line data
0001933414,0001933414-25-000070,mlys-20250617.htm,2025-06-17,"Mineralys Therapeutics, Inc.  (MLYS)  (CIK 0001933414)",2834,7.01;8.01;9.01,primary endpoint;statistically significant;topline data
0001727196,0001558370-25-008711,srrk-20250618x8k.htm,2025-06-18,Scholar Rock Holding Corp  (SRRK)  (CIK 0001727196),2836,7.01;8.01;9.01,statistically significant;topline data
0000876343,0000950170-25-088738,lctx-20250623.htm,2025-06-23,"Lineage Cell Therapeutics, Inc.  (LCTX)  (CIK 0000876343)",2836,7.01;8.01;9.01,primary endpoint
0001419041,0001193125-25-144174,d874957d8k.htm,2025-06-23,"Forte Biosciences, Inc.  (FBRX)  (CIK 0001419041)",2834,7.01;8.01;9.01,positive data
0001509745,0001104659-25-061385,tm2518612d1_8k.htm,2025-06-23,"LEAP THERAPEUTICS, INC.  (LPTX)  (CIK 0001509745)",2834,2.05;5.02;5.07;8.01;9.01,clinical data
0001770121,0000950170-25-088752,sana-ex99_1.htm,2025-06-23,"Sana Biotechnology, Inc.  (SANA)  (CIK 0001770121)",2836,8.01;9.01,clinical data
0001787297,0001104659-25-061371,tm2518584d1_8k.htm,2025-06-23,"Passage BIO, Inc.  (PASG)  (CIK 0001787297)",2836,8.01;9.01,clinical data;interim data;positive results
0001816590,0001816590-25-000085,cmps-20250623.htm,2025-06-23,COMPASS Pathways plc  (CMPS)  (CIK 0001816590),2834,8.01,efficacy data;primary endpoint;statistically significant
0001868279,0001104659-25-061375,tm2518615d1_ex99-1.htm,2025-06-23,"ArriVent BioPharma, Inc.  (AVBP)  (CIK 0001868279)",2834,7.01;8.01;9.01,interim data
0000906709,0001213900-25-056909,ea0246672-8k_nektar.htm,2025-06-24,NEKTAR THERAPEUTICS  (NKTR)  (CIK 0000906709),2834,7.01;8.01;9.01,clinical data;primary endpoint;results from the Phase;topline results
0001001233,0001628280-25-032748,sgmo-20250624.htm,2025-06-24,"SANGAMO THERAPEUTICS, INC  (SGMO)  (CIK 0001001233)",2836,8.01,clinical data;data from the Phase;statistically significant;topline data;topline results
0001861560,0000950170-25-089213,nuvl-20250624.htm,2025-06-24,"Nuvalent, Inc.  (NUVL)  (CIK 0001861560)",2834,8.01,data from the Phase;preliminary data;topline data
0001426800,0000950170-25-089949,asmb-20250625.htm,2025-06-25,"ASSEMBLY BIOSCIENCES, INC.  (ASMB)  (CIK 0001426800)",2834,8.01;9.01,results from the Phase;topline results
0000320017,0000320017-25-000043,clbs-20250626.htm,2025-06-26,"LISATA THERAPEUTICS, INC.  (LSTA)  (CIK 0000320017)",2834,7.01;9.01,data from the Phase
0001228627,0001140361-25-023732,ef20051231_8k.htm,2025-06-26,"Opus Genetics, Inc.  (IRD)  (CIK 0001228627)",2834,8.01;9.01,topline results
0001326190,0001326190-25-000037,alt-20250626x8k.htm,2025-06-26,"Altimmune, Inc.  (ALT)  (CIK 0001326190)",2834,7.01;8.01;9.01,positive results;primary endpoint;statistically significant;topline results
0001674416,0000950170-25-090170,crsp-20250626.htm,2025-06-26,CRISPR Therapeutics AG  (CRSP)  (CIK 0001674416),2836,8.01,top-line data
0001710072,0001104659-25-063028,tm2519221d1_8k.htm,2025-06-26,"Edgewise Therapeutics, Inc.  (EWTX)  (CIK 0001710072)",2834,7.01;8.01;9.01,positive data;positive results;preliminary data;statistically significant;topline data
0001824293,0001824293-25-000082,ex991_pressrelease6weeksaf.htm,2025-06-26,"GRI Bio, Inc.  (GRI)  (CIK 0001824293)",2834,7.01;9.01,interim data;primary endpoint;results from the Phase;topline data;topline results
0001832038,0000950170-25-090172,ivvd-20250626.htm,2025-06-26,"Invivyd, Inc.  (IVVD)  (CIK 0001832038)",2836,8.01;9.01,clinical data
0001999480,0001999480-25-000053,exhibit991-pressrelease.htm,2025-06-26,"Alto Neuroscience, Inc.  (ANRO)  (CIK 0001999480)",2834,8.01;9.01,positive results;results from the Phase
0001600620,0001600620-25-000083,auph-20250630.htm,2025-06-30,Aurinia Pharmaceuticals Inc.  (AUPH)  (CIK 0001600620),2834,8.01,positive results
0001711754,0001213900-25-059252,ea0247460-8k_inmune.htm,2025-06-30,"Inmune Bio, Inc.  (INMB)  (CIK 0001711754)",2836,8.01;9.01,topline results
0001768224,0001193805-25-000946,e664658_ex99-1.htm,2025-06-30,Arcturus Therapeutics Holdings Inc.  (ARCT)  (CIK 0001768224),2834,7.01;9.01,interim data
0001840904,0001140361-25-024290,ef20051402_8k.htm,2025-07-01,ATAI Life Sciences N.V.  (ATAI)  (CIK 0001840904),2834,1.01;3.02;7.01;8.01;9.01,statistically significant;topline results
0001622229,0001193125-25-155811,d156610d8k.htm,2025-07-07,"Cogent Biosciences, Inc.  (COGT)  (CIK 0001622229)",2834,8.01,primary endpoint;statistically significant;top-line results
0001788028,0001213900-25-061632,ea024825201ex99-1_jasper.htm,2025-07-07,"Jasper Therapeutics, Inc.  (JSPR, JSPRW)  (CIK 0001788028)",2836,8.01;9.01,clinical data
0001974640,0001104659-25-065926,tm2519512d2_8k.htm,2025-07-07,"Apogee Therapeutics, Inc.  (APGE)  (CIK 0001974640)",2836,7.01;8.01;9.01,primary endpoint;statistically significant
0001739174,0001213900-25-061939,ea0248257-8k_biomx.htm,2025-07-08,BiomX Inc.  (PHGE)  (CIK 0001739174),2836,7.01;9.01,data from the Phase;efficacy data
0001850270,0000950170-25-094445,prok-20250708.htm,2025-07-08,PROKIDNEY CORP.  (PROK)  (CIK 0001850270),2836,7.01;9.01,topline results
0001430306,0001999371-25-008877,ex99-01.htm,2025-07-09,Tonix Pharmaceuticals Holding Corp.  (TNXP)  (CIK 0001430306),2834,7.01;8.01;9.01,primary endpoint;statistically significant
0001649904,0001104659-25-066724,tm2520203d1_8k.htm,2025-07-09,"RHYTHM PHARMACEUTICALS, INC.  (RYTM)  (CIK 0001649904)",2834,7.01;8.01;9.01,statistically significant;topline results
0001622229,0001193125-25-157390,d92808dex991.htm,2025-07-10,"Cogent Biosciences, Inc.  (COGT)  (CIK 0001622229)",2834,1.01;2.02;9.01,primary endpoint;statistically significant;top-line data;top-line results
0001623526,0001193125-25-157364,d873782dex991.htm,2025-07-10,"Stoke Therapeutics, Inc.  (STOK)  (CIK 0001623526)",2834,7.01;9.01,clinical data;positive results
0001401914,0001641172-25-018894,ex99-1.htm,2025-07-14,"Dare Bioscience, Inc.  (DARE)  (CIK 0001401914)",2834,7.01;8.01;9.01,primary endpoint
0001962011,0001641172-25-019645,ex99-1.htm,2025-07-15,"Kairos Pharma, LTD.  (KAPA)  (CIK 0001962011)",2834,8.01;9.01,efficacy data
0001429260,0001558370-25-009264,fbio-20250716x8k.htm,2025-07-16,"Fortress Biotech, Inc.  (FBIO, FBIOP)  (CIK 0001429260)",2834,8.01,primary endpoint
0001401040,0001437749-25-022877,ex_839667.htm,2025-07-17,DiaMedica Therapeutics Inc.  (DMAC)  (CIK 0001401040),2834,7.01;9.01,clinical data;statistically significant
0001520262,0000950170-25-097323,alks-20250721.htm,2025-07-21,Alkermes plc.  (ALKS)  (CIK 0001520262),2834,7.01;9.01,topline results
0001023024,0001023024-25-000072,anip-20250723xexx991.htm,2025-07-23,ANI PHARMACEUTICALS INC  (ANIP)  (CIK 0001023024),2834,2.02;7.01;8.01;9.01,primary endpoint;statistically significant
0001711279,0001711279-25-000069,a07242025-kb304xexhibit991.htm,2025-07-24,"Krystal Biotech, Inc.  (KRYS)  (CIK 0001711279)",2836,7.01,clinical data;positive results;statistically significant
0000946644,0001493152-25-011441,ex99-1.htm,2025-07-28,"AIM ImmunoTech Inc.  (AIM, AIMI)  (CIK 0000946644)",2836,8.01;9.01,efficacy data;positive data;preliminary data
0001053691,0001437749-25-023646,ex_844372.htm,2025-07-28,CervoMed Inc.  (CRVO)  (CIK 0001053691),2834,7.01;8.01;9.01,primary endpoint;statistically significant
0001557746,0001558370-25-009739,acrs-20250729x8k.htm,2025-07-29,"Aclaris Therapeutics, Inc.  (ACRS)  (CIK 0001557746)",2834,7.01;8.01;9.01,top-line results
0001566044,0001104659-25-071953,tm2522042d1_8k.htm,2025-07-30,VYNE Therapeutics Inc.  (VYNE)  (CIK 0001566044),2834,2.02;8.01;9.01,topline results
0001873875,0001213900-25-068954,ea0250564-8k_incannex.htm,2025-07-30,Incannex Healthcare Inc.  (IXHL)  (CIK 0001873875),2834,8.01;9.01,topline results
0001936258,0000950170-25-099891,nams-20250730.htm,2025-07-30,"NewAmsterdam Pharma Co N.V.  (NAMS, NAMSW)  (CIK 0001936258)",2834,7.01;8.01;9.01,statistically significant
0000812796,0001104659-25-072708,tm2522246d1_ex99-1.htm,2025-07-31,"SOLIGENIX, INC.  (SNGX)  (CIK 0000812796)",2834,8.01;9.01,positive results;primary endpoint;statistically significant
0001789769,0001789769-25-000074,til-20250731.htm,2025-07-31,"Instil Bio, Inc.  (TIL)  (CIK 0001789769)",2836,8.01,data from the Phase;efficacy data
0001824293,0001824293-25-000094,ex991_pressrelease6weekbio.htm,2025-07-31,"GRI Bio, Inc.  (GRI)  (CIK 0001824293)",2834,8.01;9.01,data from the Phase;interim data;primary endpoint;results from the Phase;topline data;topline results
0000946486,0001437749-25-024720,ex_848198.htm,2025-08-05,"WINDTREE THERAPEUTICS INC /DE/  (WINT, WINTW)  (CIK 0000946486)",2836,7.01;9.01,interim data
0001412486,0001641172-25-022153,ex99-1.htm,2025-08-05,"Cocrystal Pharma, Inc.  (COCP)  (CIK 0001412486)",2834,7.01;9.01,results from the Phase
0001357874,0001628280-25-038094,dtil-20250806xex991.htm,2025-08-06,PRECISION BIOSCIENCES INC  (DTIL)  (CIK 0001357874),2836,7.01;8.01;9.01,clinical data;initial data
0001404281,0000950170-25-103975,eldn-20250806.htm,2025-08-06,"Eledon Pharmaceuticals, Inc.  (ELDN)  (CIK 0001404281)",2834,7.01;9.01,clinical data
0001426800,0001193125-25-176138,d802767d8k.htm,2025-08-08,"ASSEMBLY BIOSCIENCES, INC.  (ASMB)  (CIK 0001426800)",2834,7.01;8.01;9.01,results from the Phase
0001873875,0001213900-25-073321,ea0252400-8k_incannex.htm,2025-08-08,Incannex Healthcare Inc.  (IXHL)  (CIK 0001873875),2834,8.01;9.01,efficacy data
0001865494,0001193125-25-177471,d454108d8k.htm,2025-08-11,"IO Biotech, Inc.  (IOBT)  (CIK 0001865494)",2834,2.02;7.01;8.01;9.01,primary endpoint;topline results
0001601485,0001601485-25-000114,a2025-08x12xeltxxupdated.htm,2025-08-12,"Elicio Therapeutics, Inc.  (ELTX)  (CIK 0001601485)",2834,8.01,clinical data;data from the Phase
0001526119,0001104659-25-077659,tm2523452d1_8k.htm,2025-08-13,"Verastem, Inc.  (VSTM)  (CIK 0001526119)",2834,7.01;8.01;9.01,efficacy data
0000882361,0001171843-25-005463,exh_991.htm,2025-08-18,Aptose Biosciences Inc.  (APTOF)  (CIK 0000882361),2836,7.01;9.01,positive data
0001607678,0001607678-25-000003,vktx-20250819.htm,2025-08-19,"Viking Therapeutics, Inc.  (VKTX)  (CIK 0001607678)",2834,7.01;9.01,top-line results
0001029142,0001193125-25-184680,d57006d8k.htm,2025-08-21,DYNAVAX TECHNOLOGIES CORP  (DVAX)  (CIK 0001029142),2834,7.01;9.01,topline results
0001094038,0001104659-25-082783,tm2524197d1_ex99-1.htm,2025-08-26,"Marker Therapeutics, Inc.  (MRKR)  (CIK 0001094038)",2834,7.01;9.01,efficacy data
0001873875,0001213900-25-080509,ea0254452-8k_incannex.htm,2025-08-26,Incannex Healthcare Inc.  (IXHL)  (CIK 0001873875),2834,8.01;9.01,positive results
0001559053,0001193125-25-189765,d38911d8k.htm,2025-08-27,PROTHENA CORP PUBLIC LTD CO  (PRTA)  (CIK 0001559053),2834,8.01;9.01,results from the Phase
0001659617,0001437749-25-027798,ex_857342.htm,2025-08-27,"Moleculin Biotech, Inc.  (MBRX)  (CIK 0001659617)",2834,5.03;7.01;9.01,initial data
0001720893,0001104659-25-083402,tm2524474d1_8k.htm,2025-08-27,"BioXcel Therapeutics, Inc.  (BTAI)  (CIK 0001720893)",2834,8.01,primary endpoint;topline data
0000874015,0001140361-25-033541,ef20054942_8k.htm,2025-09-02,IONIS PHARMACEUTICALS INC  (IONS)  (CIK 0000874015),2834,7.01;8.01;9.01,primary endpoint;statistically significant;topline results
0001061983,0000950170-25-112564,cytk-ex99_1.htm,2025-09-02,CYTOKINETICS INC  (CYTK)  (CIK 0001061983),2834,8.01;9.01,positive results;primary endpoint;statistically significant
0001082554,0001104659-25-085976,tm2524831d1_8k.htm,2025-09-02,UNITED THERAPEUTICS Corp  (UTHR)  (CIK 0001082554),2834,8.01;9.01,positive results
0002022626,0002022626-25-000005,upb-20250902.htm,2025-09-02,"Upstream Bio, Inc.  (UPB)  (CIK 0002022626)",2834,7.01;8.01;9.01,data from the Phase;primary endpoint;results from the Phase;statistically significant;top-line data;top-line results
0001061983,0000950170-25-112570,cytk-ex99_1.htm,2025-09-03,CYTOKINETICS INC  (CYTK)  (CIK 0001061983),2834,8.01;9.01,data from the Phase;positive results
0001621221,0001640334-25-001617,artl_8k.htm,2025-09-03,"ARTELO BIOSCIENCES, INC.  (ARTL, ATLEW)  (CIK 0001621221)",2834,8.01,interim data
0001631574,0001193125-25-194511,d67509d8k.htm,2025-09-03,Wave Life Sciences Ltd.  (WVE)  (CIK 0001631574),2834,7.01;8.01;9.01,positive data
0001635088,0001140361-25-033767,ef20055076_ex99-1.htm,2025-09-03,Roivant Sciences Ltd.  (ROIV)  (CIK 0001635088),2834,7.01;8.01;9.01,efficacy data;topline results
0001764013,0001764013-25-000136,exhibit991202593.htm,2025-09-03,"Immunovant, Inc.  (IMVT)  (CIK 0001764013)",2836,7.01;8.01;9.01,efficacy data
0001001233,0001001233-25-000006,sgmo-20250904.htm,2025-09-04,"SANGAMO THERAPEUTICS, INC  (SGMO)  (CIK 0001001233)",2836,8.01,clinical data;data from the Phase;primary endpoint;statistically significant
0001061983,0000950170-25-113599,cytk-ex99_1.htm,2025-09-08,CYTOKINETICS INC  (CYTK)  (CIK 0001061983),2834,8.01;9.01,data from the Phase;positive results
0001515673,0000950170-25-113553,rare-20250908.htm,2025-09-08,Ultragenyx Pharmaceutical Inc.  (RARE)  (CIK 0001515673),2834,8.01,clinical data;primary endpoint;statistically significant
0001520262,0000950170-25-113379,alks-ex99_1.htm,2025-09-08,Alkermes plc.  (ALKS)  (CIK 0001520262),2834,7.01;9.01,positive results;primary endpoint;statistically significant
0001664710,0001664710-25-000081,exhibit9919825pr.htm,2025-09-08,"Keros Therapeutics, Inc.  (KROS)  (CIK 0001664710)",2834,8.01;9.01,clinical data;topline data
0001676725,0001193125-25-197605,d38716d8k.htm,2025-09-08,"IDEAYA Biosciences, Inc.  (IDYA)  (CIK 0001676725)",2834,8.01,initial data;interim data;positive data
0001690585,0001193125-25-197751,d933929d8k.htm,2025-09-08,"Dianthus Therapeutics, Inc. /DE/  (DNTH)  (CIK 0001690585)",2834,7.01;8.01;9.01,data from the Phase;top-line data
0001878313,0001493152-25-012769,form8-k.htm,2025-09-08,"MAIA Biotechnology, Inc.  (MAIA)  (CIK 0001878313)",2834,7.01;8.01;9.01,efficacy data
0002012593,0001193125-25-197610,d919002d8k.htm,2025-09-08,"Rapport Therapeutics, Inc.  (RAPP)  (CIK 0002012593)",2834,7.01;8.01;9.01,efficacy data;statistically significant;topline data;topline results
0001810560,0001810560-25-000006,revb-20250909.htm,2025-09-09,"REVELATION BIOSCIENCES, INC.  (REVB, REVBW)  (CIK 0001810560)",2834,8.01;9.01,top-line data;top-line results
0001868279,0001558370-25-011954,avbp-20250909xex99d1.htm,2025-09-09,"ArriVent BioPharma, Inc.  (AVBP)  (CIK 0001868279)",2834,7.01;8.01;9.01,primary endpoint;topline data
0001628171,0001193125-25-200078,d947102d8k.htm,2025-09-10,"Revolution Medicines, Inc.  (RVMD, RVMDW)  (CIK 0001628171)",2836,8.01,preliminary data
0001720893,0001104659-25-088800,tm2525736d1_8k.htm,2025-09-10,"BioXcel Therapeutics, Inc.  (BTAI)  (CIK 0001720893)",2834,8.01,efficacy data;positive results;preliminary data;top-line data
0001842295,0001193125-25-200760,d90404dex992.htm,2025-09-11,"Maze Therapeutics, Inc.  (MAZE)  (CIK 0001842295)",2836,1.01;3.02;7.01;9.01,results from the Phase
0001878313,0001493152-25-013074,ex99-1.htm,2025-09-11,"MAIA Biotechnology, Inc.  (MAIA)  (CIK 0001878313)",2834,8.01;9.01,efficacy data
0001339970,0001193125-25-202865,atyr-20250915.htm,2025-09-15,aTYR PHARMA INC  (ATYR)  (CIK 0001339970),2836,8.01;9.01,primary endpoint;topline results
0001645469,0001437749-25-029005,ex_861328.htm,2025-09-15,Monopar Therapeutics  (MNPR)  (CIK 0001645469),2834,7.01;9.01,statistically significant
0001671584,0001193125-25-205107,apvo-ex99_1.htm,2025-09-16,Aptevo Therapeutics Inc.  (APVO)  (CIK 0001671584),2834,8.01;9.01,interim data
0001601485,0001193125-25-205522,d38971dex991.htm,2025-09-17,"Elicio Therapeutics, Inc.  (ELTX)  (CIK 0001601485)",2834,7.01;8.01;9.01,data from the Phase;efficacy data
0001635088,0001140361-25-035190,ef20055655_8k.htm,2025-09-17,Roivant Sciences Ltd.  (ROIV)  (CIK 0001635088),2834,7.01;8.01;9.01,positive results;results from the Phase
0000906709,0001213900-25-088792,ea025784201ex99-1_nektar.htm,2025-09-18,NEKTAR THERAPEUTICS  (NKTR)  (CIK 0000906709),2834,7.01;8.01;9.01,primary endpoint
0000925741,0001437749-25-029347,bcda20250917_8k.htm,2025-09-18,"BioCardia, Inc.  (BCDA)  (CIK 0000925741)",2836,7.01;9.01,primary endpoint
0001347242,0001753926-25-001525,g084955_8k.htm,2025-09-18,LIPELLA PHARMACEUTICALS INC.  (LIPO)  (CIK 0001347242),2834,7.01;8.01;9.01,statistically significant
0001855175,0001437749-25-029349,ctnm20250910_8k.htm,2025-09-18,"Contineum Therapeutics, Inc.  (CTNM)  (CIK 0001855175)",2834,7.01;8.01;9.01,positive results;topline data
0001962011,0001493152-25-013975,ex99-1.htm,2025-09-18,"Kairos Pharma, LTD.  (KAPA)  (CIK 0001962011)",2834,8.01;9.01,efficacy data;interim data
0000874015,0001140361-25-035634,ef20055880_8k.htm,2025-09-22,IONIS PHARMACEUTICALS INC  (IONS)  (CIK 0000874015),2834,7.01;8.01;9.01,primary endpoint;statistically significant;topline results
0000907654,0001213900-25-090129,ea0257865-8k_oruka.htm,2025-09-22,"Oruka Therapeutics, Inc.  (ORKA)  (CIK 0000907654)",2834,1.01;3.02;7.01;9.01,clinical data
0001662579,0001628280-25-042245,cccc-20250920xexx991.htm,2025-09-22,"C4 Therapeutics, Inc.  (CCCC)  (CIK 0001662579)",2836,7.01;8.01;9.01,clinical data;data from the Phase
0001776111,0001193125-25-210049,mbx-20250922.htm,2025-09-22,"MBX Biosciences, Inc.  (MBX)  (CIK 0001776111)",2834,7.01;8.01;9.01,primary endpoint;topline data;topline results
0001904286,0001493152-25-014393,form8-k.htm,2025-09-22,"MIRA PHARMACEUTICALS, INC.  (MIRA)  (CIK 0001904286)",2834,8.01,topline results
0001840904,0001140361-25-035777,ef20055927_8k.htm,2025-09-23,ATAI Life Sciences N.V.  (ATAI)  (CIK 0001840904),2834,7.01;8.01;9.01,positive data;statistically significant
0001590560,0001104659-25-092740,qure-20250924x8k.htm,2025-09-24,uniQure N.V.  (QURE)  (CIK 0001590560),2834,7.01;8.01;9.01,primary endpoint;statistically significant;topline data
0001802665,0001104659-25-092776,hrmy-20250924x8k.htm,2025-09-24,"Harmony Biosciences Holdings, Inc.  (HRMY)  (CIK 0001802665)",2834,7.01;9.01,primary endpoint;topline data
0001835597,0001193125-25-215435,d67598dex991.htm,2025-09-24,PepGen Inc.  (PEPG)  (CIK 0001835597),2834,7.01;8.01;9.01,clinical data;initial data
0001860657,0001213900-25-090872,ea0258492-8k_allarity.htm,2025-09-24,"Allarity Therapeutics, Inc.  (ALLR)  (CIK 0001860657)",2834,8.01;9.01,clinical data
0001280776,0001193805-25-001357,e664856_8k-immunic.htm,2025-09-25,"IMMUNIC, INC.  (IMUX)  (CIK 0001280776)",2834,8.01;9.01,clinical data;data from the Phase
0001661181,0001193125-25-217810,d870311d8k.htm,2025-09-25,Organogenesis Holdings Inc.  (ORGO)  (CIK 0001661181),2834,7.01;8.01;9.01,data from the Phase;primary endpoint;statistically significant
0001177648,0001193125-25-221527,d16388d8k.htm,2025-09-29,ENANTA PHARMACEUTICALS INC  (ENTA)  (CIK 0001177648),2834,7.01;8.01;9.01,primary endpoint;statistically significant;topline data
0001177648,0001193125-25-221791,d65423d8k.htm,2025-09-29,ENANTA PHARMACEUTICALS INC  (ENTA)  (CIK 0001177648),2834,7.01;9.01,topline data;topline results
0001374690,0001193125-25-221538,d24800dex991.htm,2025-09-29,"Larimar Therapeutics, Inc.  (LRMR)  (CIK 0001374690)",2834,8.01;9.01,clinical data;positive data
0001479419,0001104659-25-094125,tm2527340d1_8k.htm,2025-09-29,"KALA BIO, Inc.  (KALA)  (CIK 0001479419)",2834,2.05;8.01;9.01,primary endpoint
0001821586,0001213900-25-092614,ea025912901ex99-1_moonlake.htm,2025-09-29,MoonLake Immunotherapeutics  (MLTX)  (CIK 0001821586),2834,8.01;9.01,efficacy data;interim data;primary endpoint;statistically significant;top-line results;topline results
0002040807,0001193125-25-223440,d943312d8k.htm,2025-09-29,"Metsera, Inc.  (MTSR)  (CIK 0002040807)",2834,7.01;8.01;9.01,clinical data;interim data;positive data;primary endpoint;topline data
0001228627,0001140361-25-036637,ef20056246_8k.htm,2025-09-30,"Opus Genetics, Inc.  (IRD)  (CIK 0001228627)",2834,7.01;8.01;9.01,positive data
0001711754,0001213900-25-093930,ea0258531-8k_inmune.htm,2025-09-30,"Inmune Bio, Inc.  (INMB)  (CIK 0001711754)",2836,8.01;9.01,results from the Phase
0001636651,0001193125-25-230409,d45212d8k.htm,2025-10-03,Ovid Therapeutics Inc.  (OVID)  (CIK 0001636651),2834,1.01;3.02;5.03;8.01;9.01,topline results
0001516551,0001628280-25-044223,a251006_skyexnrxp2topline.htm,2025-10-06,"Skye Bioscience, Inc.  (SKYE)  (CIK 0001516551)",2834,7.01;9.01,data from the Phase;primary endpoint;topline data;topline results
0001655759,0001628280-25-044212,arvn-20251005.htm,2025-10-06,"ARVINAS, INC.  (ARVN)  (CIK 0001655759)",2834,7.01;8.01;9.01,initial data
0001724521,0001724521-25-000107,rcus-20251006.htm,2025-10-06,"Arcus Biosciences, Inc.  (RCUS)  (CIK 0001724521)",2834,8.01,efficacy data;interim data
0001819411,0001104659-25-097153,tm2528094d1_8k.htm,2025-10-06,"Gain Therapeutics, Inc.  (GANX)  (CIK 0001819411)",2834,8.01,preliminary data
0001840439,0001193125-25-231903,d79150d8k.htm,2025-10-06,"Biomea Fusion, Inc.  (BMEA)  (CIK 0001840439)",2834,8.01,positive results;statistically significant
0001720580,0001193125-25-232539,acet-20251007.htm,2025-10-07,"Adicet Bio, Inc.  (ACET)  (CIK 0001720580)",2834,8.01;9.01,clinical data;efficacy data;positive results;preliminary data
0001907108,0001193125-25-232514,lxeo-20251007.htm,2025-10-07,"Lexeo Therapeutics, Inc.  (LXEO)  (CIK 0001907108)",2836,7.01;8.01;9.01,clinical data
0001962011,0001493152-25-017208,ex99-1.htm,2025-10-07,"Kairos Pharma, LTD.  (KAPA)  (CIK 0001962011)",2834,1.01;8.01;9.01,efficacy data
0001053691,0001437749-25-030719,crvo20251008_8k.htm,2025-10-08,CervoMed Inc.  (CRVO)  (CIK 0001053691),2834,7.01;8.01;9.01,results from the Phase
0001759138,0001193125-25-235533,caba-ex99_1.htm,2025-10-09,"Cabaletta Bio, Inc.  (CABA)  (CIK 0001759138)",2836,7.01;8.01;9.01,clinical data;efficacy data
0001806310,0001193125-25-235212,d949053dex991.htm,2025-10-09,"Taysha Gene Therapies, Inc.  (TSHA)  (CIK 0001806310)",2836,8.01;9.01,primary endpoint
0001346830,0001104659-25-098908,tm2528638d1_8k.htm,2025-10-14,"Tvardi Therapeutics, Inc.  (TVRD)  (CIK 0001346830)",2834,8.01;9.01,preliminary data
0001829635,0001104659-25-099029,tm2528668d1_ex99-1.htm,2025-10-14,"Transcode Therapeutics, Inc.  (RNAZ)  (CIK 0001829635)",2834,8.01;9.01,clinical data;preliminary data;primary endpoint
0001768446,0001193125-25-241951,d34212d8k.htm,2025-10-17,"Climb Bio, Inc.  (CLYM)  (CIK 0001768446)",2834,8.01,clinical data;positive results
0000728387,0001193125-25-242912,catx-ex99_1.htm,2025-10-20,"Perspective Therapeutics, Inc.  (CATX)  (CIK 0000728387)",2834,2.02;8.01;9.01,efficacy data;interim data
0001191070,0001213900-25-100371,ea0261841-8k_neuphoria.htm,2025-10-20,Neuphoria Therapeutics Inc.  (NEUP)  (CIK 0001191070),2834,8.01;9.01,positive data;primary endpoint;statistically significant;topline results
0001509745,0001104659-25-100646,tm2529085d1_ex99-1.htm,2025-10-20,"LEAP THERAPEUTICS, INC.  (LPTX)  (CIK 0001509745)",2834,8.01;9.01,statistically significant
0001526119,0001104659-25-100537,tm2529024d1_8k.htm,2025-10-20,"Verastem, Inc.  (VSTM)  (CIK 0001526119)",2834,7.01;8.01;9.01,efficacy data
0001595097,0001193125-25-243046,crbp-ex99_1.htm,2025-10-20,"Corbus Pharmaceuticals Holdings, Inc.  (CRBP)  (CIK 0001595097)",2834,7.01;8.01;9.01,efficacy data
0001655759,0001628280-25-045445,arvn-20251020.htm,2025-10-20,"ARVINAS, INC.  (ARVN)  (CIK 0001655759)",2834,7.01;8.01;9.01,data from the Phase;statistically significant
0001673772,0001193125-25-243053,rapt-20251020.htm,2025-10-20,"RAPT Therapeutics, Inc.  (RAPT)  (CIK 0001673772)",2834,7.01;8.01;9.01,data from the Phase;efficacy data;preliminary data;primary endpoint;topline data
0001676725,0001193125-25-243558,d42028d8k.htm,2025-10-20,"IDEAYA Biosciences, Inc.  (IDYA)  (CIK 0001676725)",2834,8.01,clinical data
0001750284,0001193125-25-243765,olma-20251018.htm,2025-10-20,"Olema Pharmaceuticals, Inc.  (OLMA)  (CIK 0001750284)",2834,7.01;8.01;9.01,data from the Phase
0001653087,0001193125-25-245102,alec-ex99_1.htm,2025-10-21,"Alector, Inc.  (ALEC)  (CIK 0001653087)",2836,2.02;2.05;5.02;7.01;9.01,primary endpoint;results from the Phase;statistically significant;topline results
0000921114,0001104659-25-101447,tm2529060d1_8k.htm,2025-10-22,"Armata Pharmaceuticals, Inc.  (ARMP)  (CIK 0000921114)",2836,7.01;9.01,positive results
0001768224,0001193805-25-001499,e664913_8k-arct.htm,2025-10-22,Arcturus Therapeutics Holdings Inc.  (ARCT)  (CIK 0001768224),2834,7.01;8.01;9.01,clinical data
0001808158,0001193125-25-246226,rptx-20251022.htm,2025-10-22,Repare Therapeutics Inc.  (RPTX)  (CIK 0001808158),2834,7.01,preliminary data
0001831363,0001193125-25-245404,d14463dex991.htm,2025-10-22,"Terns Pharmaceuticals, Inc.  (TERN)  (CIK 0001831363)",2834,8.01;9.01,clinical data;primary endpoint;results from the Phase;statistically significant;topline results
0001851194,0001193125-25-246808,d98315d8k.htm,2025-10-22,"Ventyx Biosciences, Inc.  (VTYX)  (CIK 0001851194)",2834,7.01;8.01;9.01,top-line data;topline results
0001526119,0001104659-25-101817,tm2529362d1_8k.htm,2025-10-23,"Verastem, Inc.  (VSTM)  (CIK 0001526119)",2834,7.01;8.01;9.01,preliminary data
0002007919,0002007919-25-000089,exhibit991-pressreleaseoct.htm,2025-10-23,"Inhibrx Biosciences, Inc.  (INBX)  (CIK 0002007919)",2836,7.01;8.01;9.01,interim data;preliminary data;primary endpoint;results from the Phase;statistically significant;topline data;topline results
0001326732,0001326732-25-000082,xncr-20251024xexx992.htm,2025-10-24,Xencor Inc  (XNCR)  (CIK 0001326732),2834,7.01;9.01,clinical data;initial data
0001434316,0001193125-25-250674,d36426dex991.htm,2025-10-27,FATE THERAPEUTICS INC  (FATE)  (CIK 0001434316),2836,7.01;8.01;9.01,clinical data
0001743881,0001140361-25-039463,ef20057750_ex99-1.htm,2025-10-27,"BridgeBio Pharma, Inc.  (BBIO)  (CIK 0001743881)",2834,8.01;9.01,statistically significant;topline results
0001759138,0001193125-25-250676,caba-20251027.htm,2025-10-27,"Cabaletta Bio, Inc.  (CABA)  (CIK 0001759138)",2836,7.01;8.01;9.01,clinical data;efficacy data;initial data;primary endpoint
0001953926,0001104659-25-102317,tm2529508d1_8k.htm,2025-10-27,"Zenas BioPharma, Inc.  (ZBIO)  (CIK 0001953926)",2834,7.01;8.01;9.01,positive results;primary endpoint;results from the Phase;statistically significant;topline results
0001341235,0001193125-25-252200,aldx-20251028.htm,2025-10-28,"Aldeyra Therapeutics, Inc.  (ALDX)  (CIK 0001341235)",2834,8.01;9.01,positive results
0001540159,0001171843-25-006690,f8k_102825.htm,2025-10-28,"Edesa Biotech, Inc.  (EDSA)  (CIK 0001540159)",2834,8.01,data from the Phase;positive results;primary endpoint;statistically significant
0001817229,0001193125-25-253636,vor-ex99_1.htm,2025-10-28,Vor Biopharma Inc.  (VOR)  (CIK 0001817229),2836,7.01;9.01,clinical data;primary endpoint;statistically significant
0001472091,0001140361-25-039656,ef20057871_ex99-1.htm,2025-10-29,PDS Biotechnology Corp  (PDSB)  (CIK 0001472091),2834,8.01;9.01,primary endpoint
0001631574,0001193125-25-256682,d95356dex991.htm,2025-10-29,Wave Life Sciences Ltd.  (WVE)  (CIK 0001631574),2834,7.01;8.01;9.01,clinical data
0001743881,0001140361-25-039705,ef20057894_8k.htm,2025-10-29,"BridgeBio Pharma, Inc.  (BBIO)  (CIK 0001743881)",2834,8.01;9.01,topline results
0001994702,0001193125-25-254571,d80007d8k.htm,2025-10-29,"Kyverna Therapeutics, Inc.  (KYTX)  (CIK 0001994702)",2836,7.01;9.01,data from the Phase;interim data
0001994702,0001193125-25-254698,d59631d8k.htm,2025-10-29,"Kyverna Therapeutics, Inc.  (KYTX)  (CIK 0001994702)",2836,7.01;9.01,data from the Phase;interim data
0001631574,0001193125-25-257298,d59691dex991.htm,2025-10-30,Wave Life Sciences Ltd.  (WVE)  (CIK 0001631574),2834,7.01;8.01;9.01,clinical data
0001681087,0001193125-25-256958,d30823d8k.htm,2025-10-30,"Tectonic Therapeutic, Inc.  (TECX)  (CIK 0001681087)",2836,8.01;9.01,topline data
0001619856,0001619856-25-000065,crbu-20251103.htm,2025-11-03,"Caribou Biosciences, Inc.  (CRBU)  (CIK 0001619856)",2836,2.02;7.01;8.01;9.01,efficacy data;primary endpoint
0001789972,0001193125-25-261799,cgem-20251103.htm,2025-11-03,"Cullinan Therapeutics, Inc.  (CGEM)  (CIK 0001789972)",2836,7.01;8.01;9.01,clinical data
0001808898,0001193125-25-261665,bntc-20251102.htm,2025-11-03,Benitec Biopharma Inc.  (BNTC)  (CIK 0001808898),2834,5.02;7.01;8.01;9.01,clinical data
0001831363,0001193125-25-261798,d78407dex991.htm,2025-11-03,"Terns Pharmaceuticals, Inc.  (TERN)  (CIK 0001831363)",2834,7.01;8.01;9.01,clinical data;efficacy data
0001535955,0001493152-25-020677,ex99-1.htm,2025-11-04,Lipocine Inc.  (LPCN)  (CIK 0001535955),2834,8.01;9.01,clinical data
0001774857,0001193125-25-264748,ck0001774857-ex99_3.htm,2025-11-04,"Aardvark Therapeutics, Inc.  (AARD)  (CIK 0001774857)",2834,7.01;8.01;9.01,clinical data;topline results
0001650648,0001193125-25-267934,d280681d8k.htm,2025-11-06,"4D Molecular Therapeutics, Inc.  (FDMT)  (CIK 0001650648)",2836,2.02;8.01,data from the Phase;interim data
0001831828,0001193125-25-268331,d30094d8k.htm,2025-11-06,"Vera Therapeutics, Inc.  (VERA)  (CIK 0001831828)",2834,8.01;9.01,statistically significant
0001404281,0001193125-25-270286,eldn-20251106.htm,2025-11-07,"Eledon Pharmaceuticals, Inc.  (ELDN)  (CIK 0001404281)",2834,2.02;7.01;9.01,clinical data
0001599298,0001599298-25-000166,a2025_prx1107sitcharmoni.htm,2025-11-07,Summit Therapeutics Inc.  (SMMT)  (CIK 0001599298),2834,8.01;9.01,primary endpoint;results from the Phase;statistically significant;top-line results
0001840233,0001193125-25-271189,xlo-ex99_1.htm,2025-11-07,"Xilio Therapeutics, Inc.  (XLO)  (CIK 0001840233)",2834,7.01;9.01,clinical data;efficacy data;statistically significant
0000874015,0001140361-25-041225,ef20058520_8k.htm,2025-11-10,IONIS PHARMACEUTICALS INC  (IONS)  (CIK 0000874015),2834,7.01;8.01;9.01,positive results;primary endpoint;statistically significant
0000899460,0001193125-25-273321,d25083d8k.htm,2025-11-10,MANNKIND CORP  (MNKD)  (CIK 0000899460),2834,8.01,primary endpoint
0000906709,0001213900-25-107821,ea026473601ex99-1_nektar.htm,2025-11-10,NEKTAR THERAPEUTICS  (NKTR)  (CIK 0000906709),2834,7.01;8.01;9.01,clinical data;interim data;primary endpoint;statistically significant
0001133416,0001140361-25-041275,ny20058530x1_ex99-1.htm,2025-11-10,GALECTIN THERAPEUTICS INC  (GALT)  (CIK 0001133416),2834,7.01;9.01,positive data;positive results
0001357874,0001628280-25-051168,a20251108precision_aasldxd.htm,2025-11-10,PRECISION BIOSCIENCES INC  (DTIL)  (CIK 0001357874),2836,7.01;8.01;9.01,clinical data;initial data
0001370053,0001370053-25-000091,anaptysannouncesphase2tria.htm,2025-11-10,"ANAPTYSBIO, INC  (ANAB)  (CIK 0001370053)",2834,7.01;8.01;9.01,preliminary data;primary endpoint
0001622229,0001193125-25-273315,d54064d8k.htm,2025-11-10,"Cogent Biosciences, Inc.  (COGT)  (CIK 0001622229)",2834,7.01;8.01;9.01,initial data;positive results;primary endpoint;statistically significant;top-line results
0001645469,0001437749-25-033948,ex_885508.htm,2025-11-10,Monopar Therapeutics  (MNPR)  (CIK 0001645469),2834,7.01;9.01,clinical data
0001806952,0001193125-25-273269,d57756dex991.htm,2025-11-10,"Lyell Immunopharma, Inc.  (LYEL)  (CIK 0001806952)",2834,1.01;3.02;7.01;9.01,clinical data;data from the Phase
0001855485,0001493152-25-021418,ex99-3.htm,2025-11-10,"Calidi Biotherapeutics, Inc.  (CLDI, CLDWW)  (CIK 0001855485)",2836,7.01;8.01;9.01,clinical data
0001404644,0001404644-25-000098,ngn-4012h25update_final.htm,2025-11-12,Neurogene Inc.  (NGNE)  (CIK 0001404644),2834,7.01;9.01,clinical data;interim data;primary endpoint
0001520262,0001193125-25-276161,alks-20251112.htm,2025-11-12,Alkermes plc.  (ALKS)  (CIK 0001520262),2834,7.01;8.01;9.01,topline results
0001817241,0001193125-25-275902,artv-ex99_1.htm,2025-11-12,"Artiva Biotherapeutics, Inc.  (ARTV)  (CIK 0001817241)",2836,7.01;8.01;9.01,clinical data;initial data
0001979414,0001829126-25-009076,neonctechnologies_ex99-3.htm,2025-11-12,"NEONC TECHNOLOGIES HOLDINGS, INC.  (NTHI)  (CIK 0001979414)",2834,7.01;9.01,data from the Phase
0001453687,0001453687-25-000123,pressrelease11132025.htm,2025-11-13,"Cartesian Therapeutics, Inc.  (RNAC)  (CIK 0001453687)",2834,7.01;8.01;9.01,clinical data;efficacy data;initial data;positive data;primary endpoint;results from the Phase;statistically significant;topline data
0001232524,0001193125-25-283887,d827060d8k.htm,2025-11-17,Jazz Pharmaceuticals plc  (JAZZ)  (CIK 0001232524),2834,8.01;9.01,results from the Phase;top-line results
0001861560,0001193125-25-283893,d23395d8k.htm,2025-11-17,"Nuvalent, Inc.  (NUVL)  (CIK 0001861560)",2834,8.01,data from the Phase;preliminary data
0001937653,0001193125-25-283873,d17392d8k.htm,2025-11-17,Zymeworks Inc.  (ZYME)  (CIK 0001937653),2834,8.01;9.01,results from the Phase;topline results
0001855175,0001437749-25-035860,ctnm20251117_8k.htm,2025-11-20,"Contineum Therapeutics, Inc.  (CTNM)  (CIK 0001855175)",2834,8.01;9.01,topline data
0001841330,0001213900-25-114763,ea026660601ex99-1_pasithea.htm,2025-11-25,"Pasithea Therapeutics Corp.  (KTTA, KTTAW)  (CIK 0001841330)",2834,7.01;8.01;9.01,clinical data
0001211583,0001104659-25-117697,tm2532518d1_8k.htm,2025-12-02,FENNEC PHARMACEUTICALS INC.  (FENC)  (CIK 0001211583),2836,8.01;9.01,topline results
0001788028,0001213900-25-116943,ea0268071-8k_jasper.htm,2025-12-02,"Jasper Therapeutics, Inc.  (JSPR, JSPRW)  (CIK 0001788028)",2836,8.01;9.01,clinical data;preliminary data
0001133869,0001104659-25-117947,capr-20251203x8k.htm,2025-12-03,"CAPRICOR THERAPEUTICS, INC.  (CAPR)  (CIK 0001133869)",2834,7.01;8.01;9.01,topline results
0001359931,0001213900-25-117577,ea0268248-8k_protara.htm,2025-12-03,"Protara Therapeutics, Inc.  (TARA)  (CIK 0001359931)",2836,7.01;8.01;9.01,interim data;positive results;primary endpoint
0001701541,0001104659-25-117975,tm2532577d1_8k.htm,2025-12-03,"Black Diamond Therapeutics, Inc.  (BDTX)  (CIK 0001701541)",2836,2.02;7.01;8.01;9.01,efficacy data;preliminary data;primary endpoint;results from the Phase;topline data
0001501756,0001193125-25-308154,d66011dex991.htm,2025-12-04,"Adverum Biotechnologies, Inc.  (ADVM)  (CIK 0001501756)",2836,7.01;8.01;9.01,interim data;topline data
0001709941,0001193125-25-307541,bioa-20251204.htm,2025-12-04,"BioAge Labs, Inc.  (BIOA)  (CIK 0001709941)",2834,7.01;8.01;9.01,interim data;positive results;primary endpoint
0001844417,0001213900-25-118097,ea026849601ex99-1_estrella.htm,2025-12-04,"Estrella Immunopharma, Inc.  (ESLA, ESLAW)  (CIK 0001844417)",2836,8.01;9.01,data from the Phase
0001053691,0001437749-25-037025,crvo20251205_8k.htm,2025-12-05,CervoMed Inc.  (CRVO)  (CIK 0001053691),2834,7.01;8.01;9.01,results from the Phase
0001623526,0001193125-25-308781,d272524d8k.htm,2025-12-05,"Stoke Therapeutics, Inc.  (STOK)  (CIK 0001623526)",2834,7.01;8.01;9.01,primary endpoint;statistically significant
0001711754,0001213900-25-118699,ea026853401ex99-1_inmune.htm,2025-12-05,"Inmune Bio, Inc.  (INMB)  (CIK 0001711754)",2836,8.01;9.01,results from the Phase
0000882361,0001171843-25-007795,exh_991.htm,2025-12-08,Aptose Biosciences Inc.  (APTOF)  (CIK 0000882361),2836,7.01;9.01,clinical data
0001426800,0001193125-25-311251,asmb-20251208.htm,2025-12-08,"ASSEMBLY BIOSCIENCES, INC.  (ASMB)  (CIK 0001426800)",2834,7.01;8.01;9.01,results from the Phase
0001601830,0001601830-25-000174,exhibit991-fappr.htm,2025-12-08,"RECURSION PHARMACEUTICALS, INC.  (RXRX)  (CIK 0001601830)",2836,8.01;9.01,primary endpoint
0001622229,0001193125-25-311217,d81277d8k.htm,2025-12-08,"Cogent Biosciences, Inc.  (COGT)  (CIK 0001622229)",2834,8.01,primary endpoint;statistically significant;top-line data;top-line results
0001631574,0001193125-25-310595,d20484d8k.htm,2025-12-08,Wave Life Sciences Ltd.  (WVE)  (CIK 0001631574),2834,7.01;8.01;9.01,interim data
0001680581,0001193125-25-310509,fulc-20251208.htm,2025-12-08,"Fulcrum Therapeutics, Inc.  (FULC)  (CIK 0001680581)",2834,7.01;8.01;9.01,clinical data;positive results
0001689548,0001689548-25-000114,prax-20251204.htm,2025-12-08,"Praxis Precision Medicines, Inc.  (PRAX)  (CIK 0001689548)",2834,8.01,positive results;statistically significant;topline results
0001786205,0001193125-25-311276,d89813d8k.htm,2025-12-08,"Arcellx, Inc.  (ACLX)  (CIK 0001786205)",2836,8.01;9.01,clinical data;positive data
0001789972,0001193125-25-310764,cgem-20251208.htm,2025-12-08,"Cullinan Therapeutics, Inc.  (CGEM)  (CIK 0001789972)",2836,7.01;8.01;9.01,clinical data
0001815442,0001193125-25-310572,d69739d8k.htm,2025-12-08,"Kymera Therapeutics, Inc.  (KYMR)  (CIK 0001815442)",2836,7.01;8.01;9.01,clinical data;results from the Phase
0001818794,0001193125-25-310516,d16518d8k.htm,2025-12-08,"Dyne Therapeutics, Inc.  (DYN)  (CIK 0001818794)",2834,7.01;8.01;9.01,clinical data;efficacy data;initial data;primary endpoint;statistically significant;topline results
0001824293,0001824293-25-000160,val-20251208.htm,2025-12-08,"GRI Bio, Inc.  (GRI)  (CIK 0001824293)",2834,8.01,data from the Phase;interim data;primary endpoint;topline data
0001831363,0001193125-25-311202,d19462dex991.htm,2025-12-08,"Terns Pharmaceuticals, Inc.  (TERN)  (CIK 0001831363)",2834,7.01;8.01;9.01,clinical data
0001873835,0001493152-25-026500,ex99-1.htm,2025-12-08,"Immix Biopharma, Inc.  (IMMX)  (CIK 0001873835)",2834,7.01;8.01;9.01,clinical data
0001888886,0001104659-25-119095,tm2532078d2_8k.htm,2025-12-08,Structure Therapeutics Inc.  (GPCR)  (CIK 0001888886),2834,7.01;8.01;9.01,initial data;interim data;preliminary data;primary endpoint;results from the Phase;topline data;topline results
0001549595,0001549595-25-000121,ash2025investorpresentat.htm,2025-12-09,"Nurix Therapeutics, Inc.  (NRIX)  (CIK 0001549595)",2834,7.01;8.01;9.01,clinical data
0001671584,0001193125-25-312972,apvo-ex99_1.htm,2025-12-09,Aptevo Therapeutics Inc.  (APVO)  (CIK 0001671584),2834,9.01,interim data
0001854270,0001628280-25-055953,ex991snti2025ashdata202512.htm,2025-12-09,"Senti Biosciences, Inc.  (SNTI)  (CIK 0001854270)",2836,7.01;8.01;9.01,clinical data
0001824293,0001824293-25-000167,ex991_pressreleasetoplined.htm,2025-12-10,"GRI Bio, Inc.  (GRI)  (CIK 0001824293)",2834,8.01;9.01,data from the Phase;interim data;primary endpoint;topline data
0001828185,0001828185-25-000075,brns-20251210xexx991.htm,2025-12-10,Barinthus Biotherapeutics plc.  (BRNS)  (CIK 0001828185),2834,7.01,topline data
0001649904,0001104659-25-120141,rytm-20251211xex99d1.htm,2025-12-11,"RHYTHM PHARMACEUTICALS, INC.  (RYTM)  (CIK 0001649904)",2834,7.01;8.01;9.01,interim data;preliminary data
0001858848,0001193125-25-315951,d68368d8k.htm,2025-12-11,"Tenaya Therapeutics, Inc.  (TNYA)  (CIK 0001858848)",2836,7.01;8.01;9.01,interim data
0000715446,0001493152-25-027321,ex99-1.htm,2025-12-12,Anixa Biosciences Inc  (ANIX)  (CIK 0000715446),2834,7.01;9.01,data from the Phase
0001724521,0001724521-25-000120,rcus-20251212.htm,2025-12-12,"Arcus Biosciences, Inc.  (RCUS)  (CIK 0001724521)",2834,8.01,interim data
0001472012,0001193125-25-318429,d793961d8k.htm,2025-12-15,Immunome Inc.  (IMNM)  (CIK 0001472012),2834,7.01;8.01;9.01,clinical data;primary endpoint;statistically significant;topline data;topline results
0001994702,0001193125-25-318377,d285116d8k.htm,2025-12-15,"Kyverna Therapeutics, Inc.  (KYTX)  (CIK 0001994702)",2836,7.01;9.01,topline data
0000906709,0001193125-25-320009,d24251d8k.htm,2025-12-16,NEKTAR THERAPEUTICS  (NKTR)  (CIK 0000906709),2834,7.01;8.01;9.01,clinical data;data from the Phase;primary endpoint;topline results
0001613780,0001193125-25-320901,d28682d8k.htm,2025-12-16,"DBV Technologies S.A.  (DBVT, DBVTF)  (CIK 0001613780)",2836,8.01;9.01,topline results
0001826457,0001193125-25-319981,glue-20251216.htm,2025-12-16,"Monte Rosa Therapeutics, Inc.  (GLUE)  (CIK 0001826457)",2836,7.01;8.01;9.01,clinical data;data from the Phase;interim data
0001104506,0001140361-25-045836,ef20061465_8k.htm,2025-12-17,INSMED Inc  (INSM)  (CIK 0001104506),2834,7.01;8.01;9.01,primary endpoint;results from the Phase;topline results
0001130598,0001104659-25-121749,tm2533729d1_8k.htm,2025-12-17,"Traws Pharma, Inc.  (TRAW)  (CIK 0001130598)",2834,8.01;9.01,interim data
0001659617,0001437749-25-038079,ex_899730.htm,2025-12-17,"Moleculin Biotech, Inc.  (MBRX)  (CIK 0001659617)",2834,7.01;9.01,positive results
0001754068,0001193125-25-322950,d25416d8k.htm,2025-12-17,"Kalaris Therapeutics, Inc.  (KLRS)  (CIK 0001754068)",2836,7.01;8.01;9.01,clinical data;data from the Phase;initial data;preliminary data
0001782223,0001193125-25-323704,pyxs-20251218.htm,2025-12-18,"Pyxis Oncology, Inc.  (PYXS)  (CIK 0001782223)",2834,7.01;8.01,initial data;preliminary data
0001819411,0001104659-25-122353,tm2533810d1_8k.htm,2025-12-18,"Gain Therapeutics, Inc.  (GANX)  (CIK 0001819411)",2834,8.01,initial data;primary endpoint
0001326190,0001104659-25-122724,tm2533869d1_8k.htm,2025-12-19,"Altimmune, Inc.  (ALT)  (CIK 0001326190)",2834,7.01;8.01;9.01,positive results;statistically significant;topline results
0001411685,0001628280-25-058594,vtgn-20251217.htm,2025-12-22,"Vistagen Therapeutics, Inc.  (VTGN)  (CIK 0001411685)",2834,8.01,primary endpoint
0001515673,0001193125-25-332422,rare-20251229.htm,2025-12-29,Ultragenyx Pharmaceutical Inc.  (RARE)  (CIK 0001515673),2834,8.01,results from the Phase;statistically significant
0001719714,0001193125-25-332520,mreo-20251229.htm,2025-12-29,Mereo BioPharma Group plc  (MREO)  (CIK 0001719714),2834,7.01;8.01;9.01,results from the Phase;statistically significant
0001231457,0001493152-26-000270,ex99-1.htm,2026-01-05,GENELUX Corp  (GNLX)  (CIK 0001231457),2834,7.01;8.01;9.01,data from the Phase;interim data;positive data;topline data
0001638287,0001104659-26-000432,tm2528002d7_8k.htm,2026-01-05,MetaVia Inc.  (MTVA)  (CIK 0001638287),2834,7.01;9.01,statistically significant
0001658247,0001193125-26-002368,d86003d8k.htm,2026-01-05,"Crinetics Pharmaceuticals, Inc.  (CRNX)  (CIK 0001658247)",2834,2.02;7.01;8.01;9.01,data from the Phase;topline results
0001885522,0001193125-26-001472,d33765d8k.htm,2026-01-05,"Neumora Therapeutics, Inc.  (NMRA)  (CIK 0001885522)",2836,8.01;9.01,positive results
0001953926,0001104659-26-000402,tm261774d1_8k.htm,2026-01-05,"Zenas BioPharma, Inc.  (ZBIO)  (CIK 0001953926)",2834,2.02;7.01;8.01;9.01,positive results;primary endpoint;statistically significant;topline results
0000879407,0000879407-26-000004,aro-inhbeandaroxalk72025.htm,2026-01-06,"ARROWHEAD PHARMACEUTICALS, INC.  (ARWR)  (CIK 0000879407)",2834,7.01;8.01;9.01,clinical data
0001557746,0001104659-26-001076,acrs-20260106x8k.htm,2026-01-06,"Aclaris Therapeutics, Inc.  (ACRS)  (CIK 0001557746)",2834,7.01;8.01;9.01,preliminary data;top-line data
0001847367,0001104659-26-001073,tm262035d1_ex99-1.htm,2026-01-06,ALUMIS INC.  (ALMS)  (CIK 0001847367),2834,8.01;9.01,clinical data;top-line results;topline data;topline results
0001974640,0001104659-26-001063,tm261950d1_8k.htm,2026-01-06,"Apogee Therapeutics, Inc.  (APGE)  (CIK 0001974640)",2836,7.01;8.01;9.01,data from the Phase;interim data
0000874015,0001140361-26-000435,ef20062477_8k.htm,2026-01-07,IONIS PHARMACEUTICALS INC  (IONS)  (CIK 0000874015),2834,7.01;8.01;9.01,positive results;primary endpoint;statistically significant
0001509261,0001104659-26-001556,tm262357d1_ex99-1.htm,2026-01-07,"Rezolute, Inc.  (RZLT)  (CIK 0001509261)",2834,7.01;9.01,primary endpoint;statistically significant;topline results
0001790340,0001790340-26-000006,imrx-20260107.htm,2026-01-07,Immuneering Corp  (IMRX)  (CIK 0001790340),2834,8.01,interim data
0001826457,0001193125-26-005420,glue-20260107.htm,2026-01-07,"Monte Rosa Therapeutics, Inc.  (GLUE)  (CIK 0001826457)",2836,7.01;8.01;9.01,clinical data;interim data
0001869105,0001193125-26-005425,d941846d8k.htm,2026-01-07,"BridgeBio Oncology Therapeutics, Inc.  (BBOT)  (CIK 0001869105)",2834,8.01;9.01,clinical data
0001711279,0001711279-26-000005,a10806kb407dataannouncemen.htm,2026-01-08,"Krystal Biotech, Inc.  (KRYS)  (CIK 0001711279)",2836,7.01;9.01,clinical data
0001781174,0001193125-26-007007,acrv-20260108.htm,2026-01-08,"Acrivon Therapeutics, Inc.  (ACRV)  (CIK 0001781174)",2834,2.02;7.01;8.01;9.01,clinical data
0001788028,0001213900-26-002329,ea0272248-8k_jasper.htm,2026-01-08,"Jasper Therapeutics, Inc.  (JSPR, JSPRW)  (CIK 0001788028)",2836,8.01;9.01,clinical data
0001824293,0001824293-26-000002,ex991_pressreleaseaddition.htm,2026-01-08,"GRI Bio, Inc.  (GRI)  (CIK 0001824293)",2834,8.01;9.01,data from the Phase;interim data;positive data;primary endpoint
0001835022,0001193125-26-007042,d39008d8k.htm,2026-01-08,"Coya Therapeutics, Inc.  (COYA)  (CIK 0001835022)",2834,8.01,positive results
0000728387,0001193125-26-008277,catx-20260109.htm,2026-01-09,"Perspective Therapeutics, Inc.  (CATX)  (CIK 0000728387)",2834,2.02;8.01;9.01,interim data
0001129928,0001104659-26-002863,tm262940d1_8k.htm,2026-01-12,ONCOLYTICS BIOTECH INC  (ONCY)  (CIK 0001129928),2834,8.01;9.01,clinical data
0001652935,0001683168-26-000217,actuate_ex9901.htm,2026-01-12,"ACTUATE THERAPEUTICS, INC.  (ACTU)  (CIK 0001652935)",2834,7.01;9.01,primary endpoint;statistically significant
0001706431,0001628280-26-001768,a2026-01x12_8xkxjpmpressre.htm,2026-01-12,"Vir Biotechnology, Inc.  (VIR)  (CIK 0001706431)",2836,2.02;7.01;9.01,data from the Phase;efficacy data;positive data;preliminary data;topline data
0001709941,0001193125-26-009911,bioa-20260112.htm,2026-01-12,"BioAge Labs, Inc.  (BIOA)  (CIK 0001709941)",2834,7.01;8.01;9.01,positive results;primary endpoint
0001907108,0001193125-26-010091,lxeo-20260112.htm,2026-01-12,"Lexeo Therapeutics, Inc.  (LXEO)  (CIK 0001907108)",2836,7.01;8.01;9.01,clinical data
0001130598,0001104659-26-003071,tm263039d1_ex99-1.htm,2026-01-13,"Traws Pharma, Inc.  (TRAW)  (CIK 0001130598)",2834,8.01;9.01,interim data;results from the Phase
0001659617,0001437749-26-001140,ex_906272.htm,2026-01-13,"Moleculin Biotech, Inc.  (MBRX)  (CIK 0001659617)",2834,7.01;9.01,efficacy data;positive data
0001372299,0001104659-26-003900,tm263269d1_8k.htm,2026-01-15,"Ocugen, Inc.  (OCGN)  (CIK 0001372299)",2836,8.01;9.01,clinical data
0001626971,0001104659-26-004795,tm263501d4_8k.htm,2026-01-20,"Corvus Pharmaceuticals, Inc.  (CRVS)  (CIK 0001626971)",2834,7.01;8.01;9.01,positive results;statistically significant
0001088856,0001193125-26-018704,d96058d8k.htm,2026-01-22,CORCEPT THERAPEUTICS INC  (CORT)  (CIK 0001088856),2834,8.01;9.01,primary endpoint
0000885590,0000885590-26-000008,ex991red-cresultspressrele.htm,2026-01-23,Bausch Health Companies Inc.  (BHC)  (CIK 0000885590),2834,7.01,primary endpoint
0001213037,0001193125-26-024375,crdf-ex99_2.htm,2026-01-27,"Cardiff Oncology, Inc.  (CRDF)  (CIK 0001213037)",2836,5.02;8.01;9.01,clinical data;positive results;topline results
0001534133,0001193125-26-025649,d55769d8k.htm,2026-01-28,"CalciMedica, Inc.  (CALC)  (CIK 0001534133)",2834,7.01;8.01;9.01,clinical data;interim data
0001824293,0001824293-26-000017,ex991_pressreleaseaddition.htm,2026-01-28,"GRI Bio, Inc.  (GRI)  (CIK 0001824293)",2834,8.01;9.01,data from the Phase;interim data;positive data;primary endpoint;topline data
0001662774,0001193125-26-029524,d61547dex991.htm,2026-01-29,"Quince Therapeutics, Inc.  (QNCX)  (CIK 0001662774)",2836,8.01;9.01,primary endpoint;topline results
0001400118,0001104659-26-008925,tm264534d1_8k.htm,2026-02-02,Sagimet Biosciences Inc.  (SGMT)  (CIK 0001400118),2834,7.01;9.01,topline results
0001001233,0001001233-26-000005,sgmo-20260203.htm,2026-02-03,"SANGAMO THERAPEUTICS, INC  (SGMO)  (CIK 0001001233)",2836,8.01,clinical data;data from the Phase;primary endpoint;statistically significant
0001515673,0001193125-26-034474,rare-20260203.htm,2026-02-03,Ultragenyx Pharmaceutical Inc.  (RARE)  (CIK 0001515673),2834,8.01,statistically significant
0000946644,0001493152-26-005208,ex99-3.htm,2026-02-05,AIM ImmunoTech Inc.  (AIM)  (CIK 0000946644),2836,7.01;8.01;9.01,positive data
0001683553,0001193125-26-039399,sprb-20260205.htm,2026-02-05,"SPRUCE BIOSCIENCES, INC.  (SPRB)  (CIK 0001683553)",2834,7.01;8.01;9.01,clinical data
0001858685,0001493152-26-005717,ex99-1.htm,2026-02-09,"Biofrontera Inc.  (BFRI, BFRIW)  (CIK 0001858685)",2834,7.01;9.01,positive results;primary endpoint;statistically significant;top-line results
0000906709,0001193125-26-043755,d103279d8k.htm,2026-02-10,NEKTAR THERAPEUTICS  (NKTR)  (CIK 0000906709),2834,7.01;8.01;9.01,clinical data
0002044725,0001193125-26-043771,evmn-20260210.htm,2026-02-10,"Evommune, Inc.  (EVMN)  (CIK 0002044725)",2834,7.01;9.01,primary endpoint;statistically significant;top-line data;top-line results
0001445815,0001493152-26-006081,ex99-1.htm,2026-02-11,"BIOXYTRAN, INC  (BIXT)  (CIK 0001445815)",2834,8.01;9.01,statistically significant
0002022626,0001193125-26-045500,d44802d8k.htm,2026-02-11,"Upstream Bio, Inc.  (UPB)  (CIK 0002022626)",2834,7.01;8.01;9.01,data from the Phase;primary endpoint;results from the Phase;statistically significant;top-line data;top-line results
0001743881,0001140361-26-004995,ef20065539_8k.htm,2026-02-12,"BridgeBio Pharma, Inc.  (BBIO)  (CIK 0001743881)",2834,8.01;9.01,statistically significant;topline results
0001427570,0001213900-26-015795,ea027697501ex99-1_vyome.htm,2026-02-13,"Vyome Holdings, Inc  (HIND)  (CIK 0001427570)",2834,7.01;9.01,primary endpoint;statistically significant
0001659617,0001437749-26-004455,ex_921084.htm,2026-02-18,"Moleculin Biotech, Inc.  (MBRX)  (CIK 0001659617)",2834,7.01;9.01,efficacy data;preliminary data
0001781983,0001104659-26-016797,tm266669d1_ex99-1.htm,2026-02-18,"Aprea Therapeutics, Inc.  (APRE)  (CIK 0001781983)",2834,8.01;9.01,preliminary data
0001711754,0001213900-26-018396,ea027766302ex99-1_inmune.htm,2026-02-19,"Inmune Bio, Inc.  (INMB)  (CIK 0001711754)",2836,8.01;9.01,clinical data
0002023658,0001628280-26-009808,bicara2000mgmhncspressrele.htm,2026-02-19,Bicara Therapeutics Inc.  (BCAX)  (CIK 0002023658),2834,8.01;9.01,clinical data;data from the Phase;efficacy data;interim data
0001211583,0001104659-26-018128,fencf-20260220xex99d1.htm,2026-02-20,FENNEC PHARMACEUTICALS INC.  (FENC)  (CIK 0001211583),2836,8.01;9.01,primary endpoint;statistically significant
0001728117,0001728117-26-000004,goss-20260223.htm,2026-02-23,"Gossamer Bio, Inc.  (GOSS)  (CIK 0001728117)",2834,8.01,clinical data;primary endpoint;topline data;topline results
0001359931,0001213900-26-019617,ea0277972-8k_protara.htm,2026-02-24,"Protara Therapeutics, Inc.  (TARA)  (CIK 0001359931)",2836,7.01;8.01;9.01,interim data;positive results
0001540159,0001171843-26-001046,f8k_021926.htm,2026-02-24,"Edesa Biotech, Inc.  (EDSA)  (CIK 0001540159)",2834,8.01,positive results;primary endpoint;statistically significant
0001583648,0001193125-26-065159,pvla-20260224.htm,2026-02-24,"PALVELLA THERAPEUTICS, INC.  (PVLA)  (CIK 0001583648)",2834,8.01;9.01,topline results
0001937993,0001213900-26-019606,ea0278072-8k_cadrenal.htm,2026-02-24,"Cadrenal Therapeutics, Inc.  (CVKD)  (CIK 0001937993)",2834,8.01;9.01,primary endpoint
0001544227,0001193125-26-068614,d22967dex991.htm,2026-02-25,"Tempest Therapeutics, Inc.  (TPST)  (CIK 0001544227)",2834,7.01;8.01;9.01,clinical data;data from the Phase;efficacy data
0002081043,0001140361-26-006880,ef20066456_8k.htm,2026-02-26,AtaiBeckley Inc.  (CIK 0002081043),2834,7.01;9.01,topline results
0001082554,0001104659-26-021869,tm267696d1_8k.htm,2026-03-02,UNITED THERAPEUTICS Corp  (UTHR)  (CIK 0001082554),2834,7.01;9.01,positive results
0001445815,0001493152-26-008475,ex99-1.htm,2026-03-02,"BIOXYTRAN, INC  (BIXT)  (CIK 0001445815)",2834,8.01;9.01,clinical data;primary endpoint;statistically significant
0001613780,0001193125-26-084251,d110966dex991.htm,2026-03-02,"DBV Technologies S.A.  (DBVT, DBVTF)  (CIK 0001613780)",2836,8.01;9.01,positive data;primary endpoint;statistically significant;topline results
0001649904,0001104659-26-021801,tm267699d1_8k.htm,2026-03-02,"RHYTHM PHARMACEUTICALS, INC.  (RYTM)  (CIK 0001649904)",2834,7.01;8.01;9.01,primary endpoint
0001984086,0001193125-26-084142,d44190d8k.htm,2026-03-02,"Septerna, Inc.  (SEPN)  (CIK 0001984086)",2834,7.01;8.01;9.01,clinical data;positive results
0000925741,0001437749-26-006481,ex_927698.htm,2026-03-03,"BioCardia, Inc.  (BCDA)  (CIK 0000925741)",2836,7.01;9.01,statistically significant
0001583107,0001104659-26-022572,tm267846d1_ex99-1.htm,2026-03-03,"Theravance Biopharma, Inc.  (TBPH)  (CIK 0001583107)",2834,2.02;2.05;7.01;9.01,primary endpoint;results from the Phase;statistically significant;topline data;topline results
0001506251,0001213900-26-023439,ea027742201ex99-1_citius.htm,2026-03-04,"Citius Pharmaceuticals, Inc.  (CTXR)  (CIK 0001506251)",2834,8.01;9.01,clinical data;positive data;topline data;topline results
0001851484,0001213900-26-023440,ea027742301ex99-1_citius.htm,2026-03-04,"CITIUS ONCOLOGY, INC.  (CTOR)  (CIK 0001851484)",2834,8.01;9.01,clinical data;positive data;topline data;topline results
0001979414,0001829126-26-002020,neonctechnologies_ex99-1.htm,2026-03-06,"NEONC TECHNOLOGIES HOLDINGS, INC.  (NTHI)  (CIK 0001979414)",2834,7.01;9.01,clinical data
0001553643,0001213900-26-024918,ea0280436-8k_relmada.htm,2026-03-09,"RELMADA THERAPEUTICS, INC.  (RLMD)  (CIK 0001553643)",2834,1.01;3.02;7.01;8.01;9.01,interim data;primary endpoint
0001582313,0001193125-26-097577,d107087d8k.htm,2026-03-09,Xenon Pharmaceuticals Inc.  (XENE)  (CIK 0001582313),2834,7.01;9.01,topline data
0001664710,0001664710-26-000024,exhibit992mda3426pr.htm,2026-03-09,"Keros Therapeutics, Inc.  (KROS)  (CIK 0001664710)",2834,8.01;9.01,clinical data;topline data
0001858685,0001493152-26-009321,ex99-1.htm,2026-03-09,"Biofrontera Inc.  (BFRI, BFRIW)  (CIK 0001858685)",2834,7.01;9.01,primary endpoint
0001933414,0001933414-26-000048,mlys-20260306.htm,2026-03-09,"Mineralys Therapeutics, Inc.  (MLYS)  (CIK 0001933414)",2834,7.01;8.01;9.01,primary endpoint;results from the Phase;topline results
0001430306,0001999371-26-005466,ex99-01.htm,2026-03-10,Tonix Pharmaceuticals Holding Corp.  (TNXP)  (CIK 0001430306),2834,7.01;8.01;9.01,primary endpoint;statistically significant
0001506251,0001213900-26-025459,ea0280664-8k_citius.htm,2026-03-10,"Citius Pharmaceuticals, Inc.  (CTXR)  (CIK 0001506251)",2834,8.01;9.01,topline results
0001833214,0001193125-26-099376,sabs-ex99_1.htm,2026-03-10,"SAB Biotherapeutics, Inc.  (SABS, SABSW)  (CIK 0001833214)",2836,7.01;8.01;9.01,data from the Phase;topline data
0001851484,0001213900-26-025464,ea0280663-8k_citius.htm,2026-03-10,"CITIUS ONCOLOGY, INC.  (CTOR)  (CIK 0001851484)",2834,8.01;9.01,topline results
0001671584,0001193125-26-100539,apvo-20260310.htm,2026-03-11,Aptevo Therapeutics Inc.  (APVO)  (CIK 0001671584),2834,8.01;9.01,interim data
0001515673,0001193125-26-103167,rare-20260312.htm,2026-03-12,Ultragenyx Pharmaceutical Inc.  (RARE)  (CIK 0001515673),2834,8.01,positive results;primary endpoint;results from the Phase;statistically significant
0001707502,0001193125-26-102489,sldb-20260311.htm,2026-03-12,Solid Biosciences Inc.  (SLDB)  (CIK 0001707502),2836,7.01;8.01,clinical data;interim data;positive results;primary endpoint
0001649904,0001628280-26-018211,ex991rytm20260616emanatepr.htm,2026-03-16,"RHYTHM PHARMACEUTICALS, INC.  (RYTM)  (CIK 0001649904)",2834,7.01;8.01;9.01,primary endpoint;statistically significant;topline results
0001812364,0001193125-26-107312,rlay-20260316.htm,2026-03-16,"Relay Therapeutics, Inc.  (RLAY)  (CIK 0001812364)",2836,7.01;8.01;9.01,clinical data;data from the Phase
0001888886,0001104659-26-028023,tm268880d1_8k.htm,2026-03-16,Structure Therapeutics Inc.  (GPCR)  (CIK 0001888886),2834,7.01;8.01;9.01,initial data;preliminary data;topline data;topline results
0001819411,0001104659-26-029968,tm269191d1_8k.htm,2026-03-18,"Gain Therapeutics, Inc.  (GANX)  (CIK 0001819411)",2834,7.01;8.01;9.01,data from the Phase;initial data;preliminary data
0001104506,0001140361-26-010651,ef20068516_8k.htm,2026-03-23,INSMED Inc  (INSM)  (CIK 0001104506),2834,7.01;8.01;9.01,primary endpoint;statistically significant;topline data;topline results
0001974640,0001104659-26-032950,tm269553d1_ex99-1.htm,2026-03-23,"Apogee Therapeutics, Inc.  (APGE)  (CIK 0001974640)",2836,7.01;8.01;9.01,results from the Phase
0001372299,0001104659-26-033724,tm269664d1_ex99-1.htm,2026-03-24,"Ocugen, Inc.  (OCGN)  (CIK 0001372299)",2836,7.01;9.01,clinical data;data from the Phase;primary endpoint;statistically significant
0001503802,0001193125-26-120770,d125009d8k.htm,2026-03-24,Karyopharm Therapeutics Inc.  (KPTI)  (CIK 0001503802),2834,1.01;3.02;7.01;8.01;9.01,data from the Phase;primary endpoint;results from the Phase;statistically significant;topline data;topline results
0001631574,0001193125-26-125092,d17239d8k.htm,2026-03-26,Wave Life Sciences Ltd.  (WVE)  (CIK 0001631574),2834,7.01;8.01;9.01,data from the Phase;interim data
0001468748,0001193125-26-127041,d283186d8k.htm,2026-03-27,Kodiak Sciences Inc.  (KOD)  (CIK 0001468748),2836,8.01;9.01,topline results
0001082554,0001104659-26-036445,tm2610558d1_8k.htm,2026-03-30,UNITED THERAPEUTICS Corp  (UTHR)  (CIK 0001082554),2834,8.01;9.01,positive results
0001590750,0001193125-26-130433,d27955d8k.htm,2026-03-30,"Viridian Therapeutics, Inc.\DE  (VRDN)  (CIK 0001590750)",2834,7.01;9.01,topline data
0001781983,0001104659-26-036821,tm2610566d1_ex99-2.htm,2026-03-30,"Aprea Therapeutics, Inc.  (APRE)  (CIK 0001781983)",2834,1.01;3.02;7.01;8.01;9.01,clinical data
0001835268,0001835268-26-000006,cntb-20260329.htm,2026-03-30,Connect Biopharma Holdings Ltd  (CNTB)  (CIK 0001835268),2834,1.01;3.02;7.01;8.01;9.01,positive results
0001835597,0001193125-26-131786,pepg-20260330.htm,2026-03-30,PepGen Inc.  (PEPG)  (CIK 0001835597),2834,7.01;8.01;9.01,topline results
0001847367,0001104659-26-036386,tm269978d1_ex99-1.htm,2026-03-30,ALUMIS INC.  (ALMS)  (CIK 0001847367),2834,8.01;9.01,clinical data;topline data
0001430306,0001999371-26-007254,ex99-01.htm,2026-03-31,Tonix Pharmaceuticals Holding Corp.  (TNXP)  (CIK 0001430306),2834,7.01;8.01;9.01,primary endpoint
0001999480,0001104659-26-038593,tm2610746d1_8k.htm,2026-04-01,"Alto Neuroscience, Inc.  (ANRO)  (CIK 0001999480)",2834,8.01;9.01,topline data
0001535955,0001493152-26-014834,ex99-1.htm,2026-04-02,Lipocine Inc.  (LPCN)  (CIK 0001535955),2834,8.01;9.01,primary endpoint;statistically significant;topline results
0001635088,0001140361-26-012885,ef20069685_8k.htm,2026-04-02,Roivant Sciences Ltd.  (ROIV)  (CIK 0001635088),2834,2.02;7.01;9.01,topline results
0001689548,0001689548-26-000031,prax-20260406.htm,2026-04-06,"Praxis Precision Medicines, Inc.  (PRAX)  (CIK 0001689548)",2834,8.01,topline results
0001104506,0001140361-26-013659,ef20070042_8k.htm,2026-04-07,INSMED Inc  (INSM)  (CIK 0001104506),2834,7.01;8.01;9.01,primary endpoint;topline data
0001628171,0001193125-26-152039,d69348d8k.htm,2026-04-13,"Revolution Medicines, Inc.  (RVMD, RVMDW)  (CIK 0001628171)",2836,8.01,statistically significant;topline results
0001636282,0001628280-26-024831,exhibit991-8xkdatarelease.htm,2026-04-13,"Spyre Therapeutics, Inc.  (SYRE)  (CIK 0001636282)",2834,7.01;8.01;9.01,interim data;primary endpoint;statistically significant;topline results
0001676725,0001193125-26-151893,d114952d8k.htm,2026-04-13,"IDEAYA Biosciences, Inc.  (IDYA)  (CIK 0001676725)",2834,8.01,clinical data;primary endpoint;statistically significant;topline results
0001737287,0001193125-26-151999,d49895d8k.htm,2026-04-13,"Allogene Therapeutics, Inc.  (ALLO)  (CIK 0001737287)",2836,8.01,efficacy data;interim data;primary endpoint
0001799448,0001193125-26-154927,d107028dex991.htm,2026-04-14,"Aligos Therapeutics, Inc.  (ALGS)  (CIK 0001799448)",2836,8.01;9.01,clinical data;primary endpoint;results from the Phase;statistically significant;topline data
0001735438,0001104659-26-044025,mgtx-20260416xex99d1.htm,2026-04-16,MeiraGTx Holdings plc  (MGTX)  (CIK 0001735438),2836,7.01;8.01;9.01,clinical data;data from the Phase;primary endpoint
0000894158,0001104659-26-044906,tm2612012d1_ex99-1.htm,2026-04-17,"Theriva Biologics, Inc.  (TOVX)  (CIK 0000894158)",2834,7.01;8.01;9.01,clinical data
0000728387,0001193125-26-162578,catx-ex99_2.htm,2026-04-20,"Perspective Therapeutics, Inc.  (CATX)  (CIK 0000728387)",2834,8.01;9.01,efficacy data;interim data
0000906709,0001193125-26-162763,d25375d8k.htm,2026-04-20,NEKTAR THERAPEUTICS  (NKTR)  (CIK 0000906709),2834,7.01;8.01;9.01,clinical data;topline results
0001645469,0001437749-26-012751,ex_947617.htm,2026-04-20,Monopar Therapeutics  (MNPR)  (CIK 0001645469),2834,7.01;9.01,clinical data;primary endpoint
0001761612,0001104659-26-045198,tm2612166d1_ex99-1.htm,2026-04-20,BICYCLE THERAPEUTICS PLC  (BCYC)  (CIK 0001761612),2834,8.01;9.01,results from the Phase
0001787297,0001104659-26-045219,tm2612152d1_8k.htm,2026-04-20,"Passage BIO, Inc.  (PASG)  (CIK 0001787297)",2836,7.01;9.01,clinical data;interim data;positive results
0001994702,0001193125-26-162755,kytx-20260420.htm,2026-04-20,"Kyverna Therapeutics, Inc.  (KYTX)  (CIK 0001994702)",2836,7.01;9.01,data from the Phase
0000874015,0001140361-26-015801,ef20071051_8k.htm,2026-04-21,IONIS PHARMACEUTICALS INC  (IONS)  (CIK 0000874015),2834,7.01;8.01;9.01,positive results;primary endpoint;statistically significant;topline data
0002007919,0002007919-26-000010,exhibit991-pressreleaseapr.htm,2026-04-21,"Inhibrx Biosciences, Inc.  (INBX)  (CIK 0002007919)",2836,7.01;8.01;9.01,interim data;preliminary data;primary endpoint;statistically significant;topline data
0002012593,0001193125-26-167078,rapp-ex99_1.htm,2026-04-21,"Rapport Therapeutics, Inc.  (RAPP)  (CIK 0002012593)",2834,7.01;8.01,initial data;topline results
0001833214,0001193125-26-168569,sabs-ex99_1.htm,2026-04-22,"SAB Biotherapeutics, Inc.  (SABS, SABSW)  (CIK 0001833214)",2836,7.01;9.01,data from the Phase;topline data
0001994702,0001193125-26-167512,kytx-ex99_1.htm,2026-04-22,"Kyverna Therapeutics, Inc.  (KYTX)  (CIK 0001994702)",2836,7.01;9.01,primary endpoint;statistically significant
0000907654,0001213900-26-047743,ea0287782-8k_oruka.htm,2026-04-27,"Oruka Therapeutics, Inc.  (ORKA)  (CIK 0000907654)",2834,7.01;8.01;9.01,primary endpoint
0001410098,0001213900-26-047748,ea0287640-8k_cormedix.htm,2026-04-27,CorMedix Inc.  (CRMD)  (CIK 0001410098),2834,7.01;9.01,topline data
0001738021,0001171843-26-002720,exh_991.htm,2026-04-27,"Compass Therapeutics, Inc.  (CMPX)  (CIK 0001738021)",2836,7.01;8.01;9.01,clinical data;primary endpoint;statistically significant
0001759425,0001193125-26-179048,d116875d8k.htm,2026-04-27,"Mirum Pharmaceuticals, Inc.  (MIRM)  (CIK 0001759425)",2834,8.01,data from the Phase;primary endpoint;results from the Phase;topline data
0001761918,0001193125-26-182137,d126999d8k.htm,2026-04-27,"Erasca, Inc.  (ERAS)  (CIK 0001761918)",2834,8.01,clinical data;preliminary data
0001812364,0001193125-26-179404,rlay-20260427.htm,2026-04-27,"Relay Therapeutics, Inc.  (RLAY)  (CIK 0001812364)",2836,7.01;8.01;9.01,clinical data
0001827635,0001628280-26-027354,exhibit991-8xk.htm,2026-04-27,"Veradermics, Inc  (MANE)  (CIK 0001827635)",2834,7.01;8.01;9.01,statistically significant;topline results
0000812796,0001104659-26-049787,sngx-20260428x8k.htm,2026-04-28,"SOLIGENIX, INC.  (SNGX)  (CIK 0000812796)",2834,8.01;9.01,results from the Phase
0001070081,0001070081-26-000006,tmb-20260428x8k.htm,2026-04-28,"PTC THERAPEUTICS, INC.  (PTCT)  (CIK 0001070081)",2834,7.01;9.01,topline results
0001840439,0001193125-26-183710,d142809d8k.htm,2026-04-28,"Biomea Fusion, Inc.  (BMEA)  (CIK 0001840439)",2834,7.01;8.01;9.01,primary endpoint;topline data;topline results
0001430306,0001999371-26-009289,ex99-01.htm,2026-04-29,Tonix Pharmaceuticals Holding Corp.  (TNXP)  (CIK 0001430306),2834,7.01;8.01;9.01,primary endpoint
0001795091,0001213900-26-050211,ea028858801ex99-1.htm,2026-04-30,OS Therapies Inc  (OSTX)  (CIK 0001795091),2834,7.01;9.01,clinical data;efficacy data;positive data;primary endpoint
0001855175,0001628280-26-028876,a8-kpaindataex991.htm,2026-04-30,"Contineum Therapeutics, Inc.  (CTNM)  (CIK 0001855175)",2834,7.01;8.01;9.01,primary endpoint;topline data
0001509261,0001104659-26-054943,tm2613408d1_ex99-1.htm,2026-05-04,"Rezolute, Inc.  (RZLT)  (CIK 0001509261)",2834,7.01;9.01,primary endpoint;statistically significant;topline results
0001759138,0001193125-26-202389,d110169d8k.htm,2026-05-04,"Cabaletta Bio, Inc.  (CABA)  (CIK 0001759138)",2836,8.01;9.01,clinical data;efficacy data;initial data
0001759425,0001193125-26-202609,d150234d8k.htm,2026-05-04,"Mirum Pharmaceuticals, Inc.  (MIRM)  (CIK 0001759425)",2834,8.01,efficacy data;primary endpoint;statistically significant;topline data
0001326732,0001326732-26-000036,xncr-20260504.htm,2026-05-05,Xencor Inc  (XNCR)  (CIK 0001326732),2834,7.01;9.01,results from the Phase
0001534120,0001534120-26-000028,avtx-20260505.htm,2026-05-05,"Avalo Therapeutics, Inc.  (AVTX)  (CIK 0001534120)",2834,8.01;9.01,results from the Phase;topline results
0001590750,0001193125-26-205099,d20977d8k.htm,2026-05-05,"Viridian Therapeutics, Inc.\DE  (VRDN)  (CIK 0001590750)",2834,7.01;9.01,topline data
0001544227,0001193125-26-207601,d93617dex991.htm,2026-05-06,"Tempest Therapeutics, Inc.  (TPST)  (CIK 0001544227)",2834,7.01;8.01;9.01,clinical data;efficacy data;interim data
0001671584,0001193125-26-208958,apvo-ex99_1.htm,2026-05-06,Aptevo Therapeutics Inc.  (APVO)  (CIK 0001671584),2834,8.01;9.01,interim data
0001689375,0001689375-26-000027,entradatherapeuticscohort1.htm,2026-05-07,"Entrada Therapeutics, Inc.  (TRDA)  (CIK 0001689375)",2834,2.02;7.01;9.01,statistically significant;topline data;topline results
0001980845,0001193125-26-210316,d335486d8k.htm,2026-05-07,"enGene Therapeutics Inc.  (ENGN, ENGNW)  (CIK 0001980845)",2836,5.02;7.01;8.01;9.01,clinical data
0001776111,0001193125-26-215676,mbx-20260511.htm,2026-05-11,"MBX Biosciences, Inc.  (MBX)  (CIK 0001776111)",2834,7.01;8.01;9.01,initial data;interim data;results from the Phase
0002007919,0002007919-26-000020,exhibit991-pressreleasemay.htm,2026-05-11,"Inhibrx Biosciences, Inc.  (INBX)  (CIK 0002007919)",2836,7.01;8.01;9.01,data from the Phase;preliminary data;topline data
0001411685,0001628280-26-033883,vtgn-20260512.htm,2026-05-12,"Vistagen Therapeutics, Inc.  (VTGN)  (CIK 0001411685)",2834,8.01;9.01,positive data
0001520262,0001193125-26-218150,alks-20260512.htm,2026-05-12,Alkermes plc.  (ALKS)  (CIK 0001520262),2834,7.01;8.01;9.01,topline results
0001659617,0001437749-26-016535,ex_960684.htm,2026-05-13,"Moleculin Biotech, Inc.  (MBRX)  (CIK 0001659617)",2834,7.01;9.01,efficacy data;preliminary data
0001743881,0001140361-26-021036,ef20073370_ex99-1.htm,2026-05-13,"BridgeBio Pharma, Inc.  (BBIO)  (CIK 0001743881)",2834,8.01;9.01,positive results;topline results
0000946644,0001493152-26-022891,ex99-1.htm,2026-05-14,AIM ImmunoTech Inc.  (AIM)  (CIK 0000946644),2836,7.01;9.01,clinical data;interim data;positive data;positive results
0001626971,0001171843-26-003397,exh_991.htm,2026-05-14,"Corvus Pharmaceuticals, Inc.  (CRVS)  (CIK 0001626971)",2834,7.01;8.01;9.01,interim data;results from the Phase
0001759138,0001759138-26-000024,caba-20260514.htm,2026-05-14,"Cabaletta Bio, Inc.  (CABA)  (CIK 0001759138)",2836,7.01;8.01;9.01,clinical data;initial data
0001854270,0001628280-26-034834,ex992sntifdameeting20260514.htm,2026-05-14,"Senti Biosciences Holdings, Inc.  (SNTI)  (CIK 0001854270)",2836,2.02;8.01;9.01,clinical data;efficacy data
0001583648,0001193125-26-225317,pvla-ex99_1.htm,2026-05-15,"PALVELLA THERAPEUTICS, INC.  (PVLA)  (CIK 0001583648)",2834,8.01;9.01,data from the Phase;statistically significant
0001631574,0001193125-26-229076,d154261d8k.htm,2026-05-18,Wave Life Sciences Ltd.  (WVE)  (CIK 0001631574),2834,7.01;8.01;9.01,clinical data
0001662774,0001193125-26-228956,d135388dex992.htm,2026-05-18,"Quince Therapeutics, Inc.  (QNCX)  (CIK 0001662774)",2836,7.01;9.01,topline data
0001807120,0001193125-26-227875,d154773d8k.htm,2026-05-18,"Design Therapeutics, Inc.  (DSGN)  (CIK 0001807120)",2834,8.01,clinical data
0001645469,0001437749-26-017821,ex_962026.htm,2026-05-19,Monopar Therapeutics  (MNPR)  (CIK 0001645469),2834,7.01;9.01,primary endpoint;results from the Phase;statistically significant
0001812364,0001193125-26-229770,rlay-20260519.htm,2026-05-19,"Relay Therapeutics, Inc.  (RLAY)  (CIK 0001812364)",2836,7.01;8.01;9.01,clinical data;data from the Phase;efficacy data
0001583648,0001193125-26-232717,pvla-20260520.htm,2026-05-20,"PALVELLA THERAPEUTICS, INC.  (PVLA)  (CIK 0001583648)",2834,8.01;9.01,clinical data
0001701541,0001104659-26-065254,tm2615293d1_8k.htm,2026-05-21,"Black Diamond Therapeutics, Inc.  (BDTX)  (CIK 0001701541)",2836,7.01;8.01;9.01,efficacy data
0001725160,0001725160-26-000045,asco2026datapressreleasefi.htm,2026-05-21,"Zentalis Pharmaceuticals, Inc.  (ZNTL)  (CIK 0001725160)",2834,7.01;8.01,preliminary data
0001750284,0001193125-26-234848,olma-20260521.htm,2026-05-21,"Olema Pharmaceuticals, Inc.  (OLMA)  (CIK 0001750284)",2834,7.01;8.01;9.01,clinical data
0001761612,0001104659-26-065231,tm2615187d1_ex99-1.htm,2026-05-21,BICYCLE THERAPEUTICS PLC  (BCYC)  (CIK 0001761612),2834,8.01;9.01,clinical data;data from the Phase;initial data
0001873835,0001493152-26-024707,form8-k.htm,2026-05-21,"Immix Biopharma, Inc.  (IMMX)  (CIK 0001873835)",2834,7.01;8.01;9.01,interim data
0000728387,0001193125-26-234991,catx-ex99_1.htm,2026-05-22,"Perspective Therapeutics, Inc.  (CATX)  (CIK 0000728387)",2834,8.01;9.01,efficacy data
0001659617,0001437749-26-018242,ex_967284.htm,2026-05-22,"Moleculin Biotech, Inc.  (MBRX)  (CIK 0001659617)",2834,7.01;9.01,statistically significant
0001714899,0001714899-26-000070,dnli-20260521.htm,2026-05-22,Denali Therapeutics Inc.  (DNLI)  (CIK 0001714899),2836,7.01,results from the Phase;topline results
0001535955,0001493152-26-025270,form8-k.htm,2026-05-26,Lipocine Inc.  (LPCN)  (CIK 0001535955),2834,8.01;9.01,clinical data
0001595097,0001193125-26-238059,crbp-20260526.htm,2026-05-26,"Corbus Pharmaceuticals Holdings, Inc.  (CRBP)  (CIK 0001595097)",2834,7.01;8.01;9.01,clinical data;primary endpoint
0001595248,0001437749-26-018318,gnpx20260515_8k.htm,2026-05-26,"Genprex, Inc.  (GNPX)  (CIK 0001595248)",2834,8.01;9.01,clinical data;statistically significant
0001001316,0001437749-26-018586,ex_968837.htm,2026-05-27,"TG THERAPEUTICS, INC.  (TGTX)  (CIK 0001001316)",2834,8.01;9.01,positive results;primary endpoint;results from the Phase;topline results
0001357874,0001628280-26-038307,a05272026ex991.htm,2026-05-27,PRECISION BIOSCIENCES INC  (DTIL)  (CIK 0001357874),2836,7.01;8.01;9.01,clinical data;initial data
0001430306,0001493152-26-025324,ex99-01.htm,2026-05-27,Tonix Pharmaceuticals Holding Corp.  (TNXP)  (CIK 0001430306),2834,7.01;8.01;9.01,clinical data
0001935979,0001935979-26-000048,bhvn-20260526.htm,2026-05-27,Biohaven Ltd.  (BHVN)  (CIK 0001935979),2834,7.01;9.01,clinical data
0001974640,0001104659-26-066572,tm2615568d1_8k.htm,2026-05-27,"Apogee Therapeutics, Inc.  (APGE)  (CIK 0001974640)",2836,7.01;8.01;9.01,primary endpoint
0000874015,0001140361-26-023093,ef20075060_8k.htm,2026-05-28,IONIS PHARMACEUTICALS INC  (IONS)  (CIK 0000874015),2834,7.01;8.01;9.01,statistically significant
0001280776,0001193805-26-000703,e665514_8k-immunic.htm,2026-05-28,"IMMUNIC, INC.  (IMUX)  (CIK 0001280776)",2834,7.01;9.01,clinical data
0001659617,0001437749-26-018819,ex_969652.htm,2026-05-29,"Moleculin Biotech, Inc.  (MBRX)  (CIK 0001659617)",2834,7.01;9.01,statistically significant
0001506251,0001213900-26-063531,ea0292904-8k_citius.htm,2026-06-01,"Citius Pharmaceuticals, Inc.  (CTXR)  (CIK 0001506251)",2834,8.01;9.01,clinical data
0001661059,0001104659-26-068604,nxtc-20260601x8k.htm,2026-06-01,"NextCure, Inc.  (NXTC)  (CIK 0001661059)",2834,7.01;8.01;9.01,efficacy data
0001676725,0001193125-26-251399,d138848d8k.htm,2026-06-01,"IDEAYA Biosciences, Inc.  (IDYA)  (CIK 0001676725)",2834,7.01;8.01;9.01,data from the Phase;interim data;primary endpoint;statistically significant;topline results
0001689548,0001689548-26-000053,prax-20260601.htm,2026-06-01,"Praxis Precision Medicines, Inc.  (PRAX)  (CIK 0001689548)",2834,8.01,results from the Phase
0001790340,0001790340-26-000059,imrx-20260601.htm,2026-06-01,Immuneering Corp  (IMRX)  (CIK 0001790340),2834,8.01,clinical data;preliminary data;topline data
0001851484,0001213900-26-063530,ea0292903-8k_citius.htm,2026-06-01,"CITIUS ONCOLOGY, INC.  (CTOR)  (CIK 0001851484)",2834,8.01;9.01,clinical data
0001509261,0001104659-26-069206,tm2616579d1_ex99-1.htm,2026-06-02,"Rezolute, Inc.  (RZLT)  (CIK 0001509261)",2834,7.01;9.01,interim data;primary endpoint;topline results
0001711754,0001213900-26-064144,ea029332501ex99-1.htm,2026-06-02,"Inmune Bio, Inc.  (INMB)  (CIK 0001711754)",2836,8.01;9.01,statistically significant
0001001316,0001437749-26-019262,ex_970980.htm,2026-06-03,"TG THERAPEUTICS, INC.  (TGTX)  (CIK 0001001316)",2834,8.01;9.01,positive results;primary endpoint;topline results
0001213037,0001193125-26-254658,crdf-ex99_1.htm,2026-06-03,"Cardiff Oncology, Inc.  (CRDF)  (CIK 0001213037)",2836,7.01,efficacy data;primary endpoint
0001759138,0001759138-26-000030,caba-20260603.htm,2026-06-03,"Cabaletta Bio, Inc.  (CABA)  (CIK 0001759138)",2836,7.01;8.01;9.01,clinical data;primary endpoint;topline data
0001771910,0000950103-26-008465,dp247928_8k.htm,2026-06-03,ADC Therapeutics SA  (ADCT)  (CIK 0001771910),2834,7.01;8.01;9.01,primary endpoint;topline data;topline results
0001829635,0001104659-26-069810,tm2616719d1_ex99-1.htm,2026-06-03,"Transcode Therapeutics, Inc.  (RNAZ)  (CIK 0001829635)",2834,8.01;9.01,primary endpoint
0001880438,0001193125-26-257430,d247428d8k.htm,2026-06-04,"AN2 Therapeutics, Inc.  (ANTX)  (CIK 0001880438)",2834,7.01;8.01;9.01,positive results
0001768446,0001193125-26-258372,d132290d8k.htm,2026-06-05,"Climb Bio, Inc.  (CLYM)  (CIK 0001768446)",2834,8.01,clinical data;positive results
0001638287,0001104659-26-071211,mtva-20260608x8k.htm,2026-06-08,MetaVia Inc.  (MTVA)  (CIK 0001638287),2834,7.01;8.01;9.01,statistically significant
0001789972,0001193125-26-260640,cgem-20260606.htm,2026-06-08,"Cullinan Therapeutics, Inc.  (CGEM)  (CIK 0001789972)",2836,7.01;8.01;9.01,clinical data
0001819133,0001193125-26-260679,d158334d8k.htm,2026-06-08,"Tango Therapeutics, Inc.  (TNGX)  (CIK 0001819133)",2834,7.01;8.01;9.01,efficacy data;initial data;interim data
0001680367,0001193125-26-263831,d120796d8k.htm,2026-06-09,"Shattuck Labs, Inc.  (STTK)  (CIK 0001680367)",2834,7.01;8.01;9.01,clinical data;primary endpoint
0001789972,0001193125-26-264916,cgem-20260610.htm,2026-06-10,"Cullinan Therapeutics, Inc.  (CGEM)  (CIK 0001789972)",2836,7.01;8.01;9.01,clinical data;data from the Phase;initial data
0001818382,0001104659-26-072382,tm2617224d1_ex99-1.htm,2026-06-10,"Humacyte, Inc.  (HUMA, HUMAW)  (CIK 0001818382)",2836,8.01;9.01,primary endpoint;statistically significant
0000894158,0001104659-26-072633,tm2617564d1_ex99-1.htm,2026-06-11,"Theriva Biologics, Inc.  (TOVX)  (CIK 0000894158)",2834,7.01;8.01;9.01,clinical data
0001479615,0001193125-26-266705,sln-20260611.htm,2026-06-11,"Silence Therapeutics plc  (SLN, SLNCF)  (CIK 0001479615)",2834,8.01;9.01,data from the Phase
0001549595,0001549595-26-000034,ex991_nurixpressrelease202.htm,2026-06-11,"Nurix Therapeutics, Inc.  (NRIX)  (CIK 0001549595)",2834,7.01;8.01;9.01,clinical data
0001619856,0001619856-26-000043,crbu-20260611.htm,2026-06-11,"Caribou Biosciences, Inc.  (CRBU)  (CIK 0001619856)",2836,7.01;8.01;9.01,efficacy data;primary endpoint
0001662579,0001628280-26-042365,c4tpr_ehaposterupdatedda.htm,2026-06-11,"C4 Therapeutics, Inc.  (CCCC)  (CIK 0001662579)",2836,7.01;8.01;9.01,data from the Phase;primary endpoint
0001672619,0001193125-26-266731,d202685d8k.htm,2026-06-11,"Enliven Therapeutics, Inc.  (ELVN)  (CIK 0001672619)",2834,7.01;8.01;9.01,clinical data;data from the Phase;efficacy data;positive data
0001768446,0001193125-26-266688,d63753d8k.htm,2026-06-11,"Climb Bio, Inc.  (CLYM)  (CIK 0001768446)",2834,8.01,initial data;positive results
0001776111,0001193125-26-268477,mbx-20260612.htm,2026-06-12,"MBX Biosciences, Inc.  (MBX)  (CIK 0001776111)",2834,7.01;8.01;9.01,data from the Phase;interim data;primary endpoint
0000882361,0001171843-26-004119,exh_991.htm,2026-06-15,Aptose Biosciences Inc.  (APTOF)  (CIK 0000882361),2836,7.01;9.01,clinical data;efficacy data
0001053369,0001493152-26-028610,ex99-1.htm,2026-06-15,ELITE PHARMACEUTICALS INC /NV/  (ELTP)  (CIK 0001053369),2834,7.01;9.01,positive results
0001601485,0001601485-26-000046,a2026-06x15xxeltxxxph2re.htm,2026-06-15,"Elicio Therapeutics, Inc.  (ELTX)  (CIK 0001601485)",2834,8.01,primary endpoint;topline results
0001636282,0001636282-26-000083,exhibit99120260615skyline-.htm,2026-06-15,"Spyre Therapeutics, Inc.  (SYRE)  (CIK 0001636282)",2834,7.01;8.01;9.01,interim data;primary endpoint;statistically significant;topline results
0001649904,0001628280-26-043170,ex991rytmprpwsatendo2026.htm,2026-06-15,"RHYTHM PHARMACEUTICALS, INC.  (RYTM)  (CIK 0001649904)",2834,7.01;8.01;9.01,clinical data;positive results;preliminary data
0001842952,0001628280-26-043042,a20260615-ctim76ph1ainte.htm,2026-06-15,Context Therapeutics Inc.  (CNTX)  (CIK 0001842952),2834,7.01;8.01;9.01,clinical data;efficacy data;interim data
0001885522,0001193125-26-270328,d943192d8k.htm,2026-06-15,"Neumora Therapeutics, Inc.  (NMRA)  (CIK 0001885522)",2836,1.01;2.03;2.05;7.01;8.01;9.01,primary endpoint
0001828673,0001493152-26-028807,ex99-1.htm,2026-06-16,HCW Biologics Inc.  (HCWB)  (CIK 0001828673),2834,7.01;9.01,positive results
0001526119,0001104659-26-074915,tm2618108d1_ex99-1.htm,2026-06-17,"Verastem, Inc.  (VSTM)  (CIK 0001526119)",2834,7.01;8.01;9.01,interim data
0001601485,0001601485-26-000048,a2026-06x17xxeltxxxmulti.htm,2026-06-17,"Elicio Therapeutics, Inc.  (ELTX)  (CIK 0001601485)",2834,8.01,topline results
0001590560,0001104659-26-076044,qure-20260619x8k.htm,2026-06-22,uniQure N.V.  (QURE)  (CIK 0001590560),2834,7.01;8.01;9.01,preliminary data
0001783328,0001193125-26-276693,d103234d8k.htm,2026-06-22,"TScan Therapeutics, Inc.  (TCRX)  (CIK 0001783328)",2836,7.01;8.01;9.01,initial data
0001806310,0001193125-26-276738,d20817d8k.htm,2026-06-22,"Taysha Gene Therapies, Inc.  (TSHA)  (CIK 0001806310)",2836,7.01;8.01;9.01,clinical data
0001821586,0001213900-26-070362,ea0295399-8k_moonlake.htm,2026-06-22,MoonLake Immunotherapeutics  (MLTX)  (CIK 0001821586),2834,7.01;8.01;9.01,data from the Phase;results from the Phase
0001672688,0001672688-26-000118,exhibit991-26x06x23pr.htm,2026-06-24,Absci Corp  (ABSI)  (CIK 0001672688),8731,8.01,clinical data;interim data;statistically significant
0001645469,0001437749-26-021832,ex_981579.htm,2026-06-26,Monopar Therapeutics  (MNPR)  (CIK 0001645469),2834,7.01;9.01,clinical data;primary endpoint
0001374690,0001193125-26-286780,lrmr-20260629.htm,2026-06-29,"Larimar Therapeutics, Inc.  (LRMR)  (CIK 0001374690)",2834,8.01;9.01,positive data
0001404644,0001404644-26-000046,ngne-20260629.htm,2026-06-29,Neurogene Inc.  (NGNE)  (CIK 0001404644),2834,7.01;8.01;9.01,clinical data
0002044725,0001193125-26-286918,evmn-20260629.htm,2026-06-29,"Evommune, Inc.  (EVMN)  (CIK 0002044725)",2834,7.01;8.01;9.01,primary endpoint;top-line results
0001369568,0001193125-26-290768,d158010d8k.htm,2026-06-30,"CATALYST PHARMACEUTICALS, INC.  (CPRX)  (CIK 0001369568)",2834,8.01;9.01,topline results
0001411685,0001628280-26-046143,vtgn-20260630.htm,2026-06-30,"Vistagen Therapeutics, Inc.  (VTGN)  (CIK 0001411685)",2834,7.01;8.01;9.01,primary endpoint;statistically significant
0001517022,0001517022-26-000047,akba-20260630.htm,2026-06-30,"Akebia Therapeutics, Inc.  (AKBA)  (CIK 0001517022)",2834,7.01;8.01;9.01,primary endpoint;statistically significant
0001659617,0001437749-26-022088,ex_983000.htm,2026-06-30,"Moleculin Biotech, Inc.  (MBRX)  (CIK 0001659617)",2834,7.01;9.01,efficacy data;primary endpoint
0001840563,0001213900-26-073986,ea029652701ex99-1.htm,2026-07-01,PMGC Holdings Inc.  (ELAB)  (CIK 0001840563),2834,7.01;9.01,positive results;statistically significant
0000072444,0001437749-26-022876,ex_985231.htm,2026-07-07,"Vaxart, Inc.  (VXRT)  (CIK 0000072444)",2836,8.01;9.01,clinical data;data from the Phase;results from the Phase;topline data
0001346830,0001104659-26-080930,tm2619879d1_ex99-1.htm,2026-07-07,"Tvardi Therapeutics, Inc.  (TVRD)  (CIK 0001346830)",2834,7.01;9.01,results from the Phase
0001567892,0001104659-26-081562,tm2619951d1_8k.htm,2026-07-08,Keenova Therapeutics plc  (CIK 0001567892),2834,7.01;8.01;9.01,positive results;primary endpoint;statistically significant
0001609809,0001193125-26-298005,d130829d8k.htm,2026-07-08,"Seres Therapeutics, Inc.  (MCRB)  (CIK 0001609809)",2834,7.01;8.01;9.01,clinical data;primary endpoint;statistically significant;top-line results
0000874015,0001140361-26-028092,ef20077664_8k.htm,2026-07-09,IONIS PHARMACEUTICALS INC  (IONS)  (CIK 0000874015),2834,7.01;8.01;9.01,statistically significant
0001419041,0001193125-26-299177,d170175d8k.htm,2026-07-09,"Forte Biosciences, Inc.  (FBRX)  (CIK 0001419041)",2834,7.01;8.01;9.01,positive results
0001661998,0001193125-26-301464,d142528d8k.htm,2026-07-13,Q32 Bio Inc.  (QTTB)  (CIK 0001661998),2834,7.01;8.01;9.01,topline data;topline results
0001761918,0001193125-26-302045,d54726d8k.htm,2026-07-13,"Erasca, Inc.  (ERAS)  (CIK 0001761918)",2834,8.01,clinical data;preliminary data
0001053691,0001437749-26-023538,ex_987941.htm,2026-07-14,CervoMed Inc.  (CRVO)  (CIK 0001053691),2834,7.01;8.01;9.01,positive results
0001827635,0001827635-26-000023,a207_resultscallxfinal71.htm,2026-07-15,"Veradermics, Inc  (MANE)  (CIK 0001827635)",2834,7.01;8.01;9.01,statistically significant
0001962011,0001493152-26-033289,ex99-1.htm,2026-07-15,"Kairos Pharma, LTD.  (KAPA)  (CIK 0001962011)",2834,8.01;9.01,clinical data
0001104506,0001140361-26-028602,ef20078093_8k.htm,2026-07-16,INSMED Inc  (INSM)  (CIK 0001104506),2834,7.01;9.01,efficacy data
0001754068,0001193125-26-306737,d125006d8k.htm,2026-07-17,"Kalaris Therapeutics, Inc.  (KLRS)  (CIK 0001754068)",2836,7.01;8.01;9.01,data from the Phase;initial data
0001599298,0001599298-26-000058,a2026_prx0722xharmonidat.htm,2026-07-22,Summit Therapeutics Inc.  (SMMT)  (CIK 0001599298),2834,8.01;9.01,positive results;statistically significant
0001125345,0001125345-26-000050,exhibit991_clinicalupdatem.htm,2026-07-23,MACROGENICS INC  (MGNX)  (CIK 0001125345),2834,8.01,clinical data;efficacy data
0001770069,0001193125-26-316820,d139086d8k.htm,2026-07-27,"MapLight Therapeutics, Inc.  (MPLT)  (CIK 0001770069)",2834,7.01;8.01;9.01,topline results
0001326190,0001326190-26-000044,alt-20260728x8k.htm,2026-07-28,"Altimmune, Inc.  (ALT)  (CIK 0001326190)",2834,7.01;8.01;9.01,positive results;primary endpoint;statistically significant;topline results
0001374339,0001104659-26-087269,pmn-20260728x8k.htm,2026-07-28,ProMIS Neurosciences Inc.  (PMN)  (CIK 0001374339),2834,7.01;8.01;9.01,clinical data;efficacy data;interim data;topline data
0001133869,0001104659-26-087891,capr-20260729xex99d1.htm,2026-07-29,"CAPRICOR THERAPEUTICS, INC.  (CAPR)  (CIK 0001133869)",2834,8.01;9.01,primary endpoint
0001503802,0001193125-26-326995,d71318d8k.htm,2026-07-31,Karyopharm Therapeutics Inc.  (KPTI)  (CIK 0001503802),2834,8.01,primary endpoint;statistically significant;topline data;topline results
0001659617,0001437749-26-025167,ex_995334.htm,2026-07-31,"Moleculin Biotech, Inc.  (MBRX)  (CIK 0001659617)",2834,7.01;9.01,data from the Phase;efficacy data;interim data;preliminary data
0001281895,0001140361-26-030568,ef20079241_ex99-1.htm,2026-08-03,"ROCKET PHARMACEUTICALS, INC.  (RCKT, RCKTW)  (CIK 0001281895)",2834,7.01;9.01,efficacy data;results from the Phase
0001411685,0001628280-26-054341,vtgn-20260806.htm,2026-08-06,"Vistagen Therapeutics, Inc.  (VTGN)  (CIK 0001411685)",2834,7.01;8.01;9.01,primary endpoint;statistically significant;topline results
0001528115,0001193125-26-336867,d159969dex991.htm,2026-08-06,"Annexon, Inc.  (ANNX)  (CIK 0001528115)",2834,8.01;9.01,initial data
0001580149,0001520138-26-000312,bivi-20260806_8kex99z1.htm,2026-08-06,"BIOVIE INC.  (BIVI, BIVIW)  (CIK 0001580149)",2834,7.01;9.01,preliminary data;statistically significant;topline data;topline results
0000034956,0001193125-26-341236,d115761d8k.htm,2026-08-10,"TENAX THERAPEUTICS, INC.  (TENX)  (CIK 0000034956)",2834,8.01;9.01,topline results
0001479615,0001193125-26-341293,d12947d8k.htm,2026-08-10,"Silence Therapeutics plc  (SLN, SLNCF)  (CIK 0001479615)",2834,7.01;8.01;9.01,primary endpoint;results from the Phase;topline results
0001703057,0001703057-26-000053,a2026-08x10abcl635phase2.htm,2026-08-10,AbCellera Biologics Inc.  (ABCL)  (CIK 0001703057),2834,7.01;9.01,clinical data;interim data;positive results;results from the Phase;statistically significant;top-line results
0001822791,0001437749-26-026653,ex_1000745.htm,2026-08-10,Clene Inc.  (CLNN)  (CIK 0001822791),2834,7.01;8.01;9.01,positive results;primary endpoint;statistically significant
0001847367,0001104659-26-093353,tm2622655d1_ex99-1.htm,2026-08-10,ALUMIS INC.  (ALMS)  (CIK 0001847367),2834,8.01;9.01,clinical data;efficacy data;topline data;topline results
0002036042,0001193125-26-341230,d135438d8k.htm,2026-08-10,"Sionna Therapeutics, Inc.  (SION)  (CIK 0002036042)",2834,8.01;9.01,topline data
0001979414,0001829126-26-008654,neonctechnologies_8k.htm,2026-08-12,"NEONC TECHNOLOGIES HOLDINGS, INC.  (NTHI)  (CIK 0001979414)",2834,7.01;9.01,results from the Phase
0001789972,0001193125-26-347400,cgem-20260812.htm,2026-08-13,"Cullinan Therapeutics, Inc.  (CGEM)  (CIK 0001789972)",2836,7.01;8.01;9.01,primary endpoint;statistically significant
0001658551,0001193125-26-354716,d180533d8k.htm,2026-08-18,"Amylyx Pharmaceuticals, Inc.  (AMLX)  (CIK 0001658551)",2834,7.01;8.01;9.01,primary endpoint;statistically significant;topline results
0001515673,0001193125-26-357185,rare-20260819.htm,2026-08-19,Ultragenyx Pharmaceutical Inc.  (RARE)  (CIK 0001515673),2834,8.01,clinical data;efficacy data;positive data
0001098009,0001185185-26-003691,aaghex99-1.htm,2026-08-24,America Great Health  (AAGH)  (CIK 0001098009),2834,8.01;9.01,statistically significant
0001583107,0001104659-26-100860,tm2623927d1_ex99-1.htm,2026-08-25,"Theravance Biopharma, Inc.  (TBPH)  (CIK 0001583107)",2834,8.01;9.01,clinical data;primary endpoint;statistically significant
0001636282,0001636282-26-000105,spyre-20260825xexx991.htm,2026-08-25,"Spyre Therapeutics, Inc.  (SYRE)  (CIK 0001636282)",2834,7.01;8.01;9.01,interim data;primary endpoint;statistically significant;topline data;topline results
0001599298,0001599298-26-000074,a2026_prx0825xharmoni-gi.htm,2026-08-26,Summit Therapeutics Inc.  (SMMT)  (CIK 0001599298),2834,8.01;9.01,efficacy data;positive data;primary endpoint;statistically significant;topline results
0001061983,0001193125-26-372456,cytk-ex99_1.htm,2026-08-28,CYTOKINETICS INC  (CYTK)  (CIK 0001061983),2834,8.01;9.01,positive results;primary endpoint;statistically significant
0001699382,0001193125-26-376723,d441751d8k.htm,2026-08-31,"PMV Pharmaceuticals, Inc.  (PMVP)  (CIK 0001699382)",2834,8.01;9.01,data from the Phase
0001847367,0001104659-26-104145,tm2624540d1_8k.htm,2026-09-01,ALUMIS INC.  (ALMS)  (CIK 0001847367),2834,8.01;9.01,topline results
0001515673,0001193125-26-380165,rare-20260902.htm,2026-09-02,Ultragenyx Pharmaceutical Inc.  (RARE)  (CIK 0001515673),2834,8.01,primary endpoint;results from the Phase
0001783328,0001193125-26-379343,d309786d8k.htm,2026-09-02,"TScan Therapeutics, Inc.  (TCRX)  (CIK 0001783328)",2836,2.05;3.01;5.02;7.01;8.01;9.01,data from the Phase;efficacy data
