adsh,cik,ticker,reaction_day,timing_basis,registry_source,event_time,spin_used,met_used,spin_source,spin_text,met_text,spin_registry,met_registry,spin_keyword,excluded,jump_during_hold,split_during_hold,entry_idx,entry_date,mcap,dv20,sigma20,first_day,period,group,direction
0001104659-18-029542,0001434868,ESPR,2018-05-02,acceptance_time,,2018-05-02T07:55:44,0,yes,text,0,yes,,,0,reaction day outside price calendar,,,,,,,,,dev,no_trade,0
0001493152-18-006526,0000764195,VBIV,2018-05-10,acceptance_time,updated_after_release,2018-05-10T08:30:15,1,yes,aact,0,yes,1,yes,1,reaction day outside price calendar,,,,,,,,,dev,no_trade,0
0001437749-18-009447,0001434647,KMPH,2018-05-11,acceptance_time,,2018-05-10T16:33:17,0,yes,text,0,yes,,,0,reaction day outside price calendar,,,,,,,,,dev,no_trade,0
0001564590-18-013520,0001582313,XENE,2018-05-15,acceptance_time,updated_after_release,2018-05-15T07:23:16,0,yes,aact,1,unclear,1,yes,1,reaction day outside price calendar,,,,,,,,,dev,no_trade,0
0001564590-18-013716,0001628738,BOLD,2018-05-16,acceptance_time,updated_after_release,2018-05-16T11:31:38,2,unclear,aact,1,unclear,2,unclear,2,reaction day outside price calendar,,,,,,,,,dev,no_trade,0
0001171843-18-004015,0001183765,MTEM,2018-05-17,acceptance_time,updated_after_release,2018-05-16T17:00:15,1,unclear,aact,0,no,1,unclear,0,reaction day outside price calendar,,,,,,,,,dev,no_trade,0
0001104659-18-033970,0000855654,IMGN,2018-05-17,release_date_only,updated_after_release,2018-05-16T23:59,2,yes,aact,2,unclear,2,yes,2,reaction day outside price calendar,,,,,,,,,dev,no_trade,0
0001628280-18-007001,0000357097,FCSC,2018-05-21,acceptance_time,updated_after_release,2018-05-21T07:15:13,1,yes,aact,1,yes,1,yes,2,reaction day outside price calendar,,,,,,,,,dev,no_trade,0
0001485003-18-000075,0001485003,,2018-05-21,acceptance_time,updated_after_release,2018-05-21T14:21:33,1,unclear,aact,1,unclear,1,unclear,0,"no ticker printed in the release (missing, or today's SEC ticker)",,,,,,,,,dev,no_trade,0
0001104659-18-034636,0001641640,,2018-05-21,acceptance_time,updated_after_release,2018-05-21T08:00:47,4,unclear,aact,4,unclear,4,unclear,0,"no ticker printed in the release (missing, or today's SEC ticker)",,,,,,,,,dev,no_trade,0
0001615774-18-004308,0001430306,TNXP,2018-05-24,acceptance_time,updated_after_release,2018-05-24T07:06:06,0,yes,"text, match rejected",0,yes,0,unclear,0,reaction day outside price calendar,,,,,,,,,dev,no_trade,0
0001193125-18-172007,0001347178,VNDA,2018-05-24,acceptance_time,updated_after_release,2018-05-23T16:01:56,1,yes,aact,2,yes,1,yes,0,reaction day outside price calendar,,,,,,,,,dev,no_trade,0
0001564590-18-014356,0001358762,RETA,2018-05-25,acceptance_time,,2018-05-25T06:03:34,2,unclear,text,2,unclear,,,1,reaction day outside price calendar,,,,,,,,,dev,no_trade,0
0001104659-18-036423,0001347613,SGYP,2018-05-30,acceptance_time,,2018-05-29T16:31:24,0,unclear,text,0,unclear,,,0,reaction day outside price calendar,,,,,,,,,dev,no_trade,0
0001193125-18-177717,0001174940,OGEN,2018-05-30,acceptance_time,updated_after_release,2018-05-30T09:17:05,3,unclear,aact,3,unclear,3,unclear,1,reaction day outside price calendar,,,,,,,,,dev,no_trade,0
0001193125-18-179489,0000921299,FGEN,2018-05-31,acceptance_time,,2018-05-31T08:00:33,0,yes,text,0,yes,,,0,,False,False,22.0,2018-06-01,4397446567.8,4438078.022500001,0.02657784965388825,0.0082361678934888,dev,clean_long,1
0001104659-18-036933,0001157601,MDGL,2018-05-31,acceptance_time,updated_after_release,2018-05-31T07:00:36,1,yes,aact,1,yes,1,yes,0,,False,False,22.0,2018-06-01,1544921205.6599998,6838579.437999999,0.03684387175379062,1.4345452108123156,dev,clean_long,1
0001193125-18-182618,0001439222,AGIO,2018-06-04,release_date_only,,2018-06-01T23:59,2,unclear,text,2,unclear,,,2,,False,False,24.0,2018-06-05,5579104393.849999,8451481.8775,0.017181813861028503,-0.038096696407208364,dev,no_trade,0
0001193125-18-185821,0001403752,,2018-06-04,release_date_only,,2018-06-01T23:59,1,unclear,text,1,unclear,,,1,"no ticker printed in the release (missing, or today's SEC ticker)",,,,,,,,,dev,no_trade,0
0001193125-18-182449,0001654151,DCPH,2018-06-04,release_date_only,updated_after_release,2018-06-02T23:59,2,unclear,aact,3,unclear,2,unclear,1,illiquid (Nasdaq 20-day dollar volume < $1.2M),False,False,24.0,2018-06-05,843210091.36,770513.9924999999,0.03450601766452347,0.48752262373506194,dev,spun_short,-1
0001640455-18-000064,0001640455,JNCE,2018-06-04,release_date_only,updated_after_release,2018-06-02T23:59,2,unclear,aact,2,unclear,2,unclear,1,,False,False,24.0,2018-06-05,364789053.66,3096730.718,0.09813917124477875,-0.3320261785681178,dev,no_trade,0
0001104659-18-037792,0001581720,LOXO,2018-06-04,release_date_only,,2018-06-02T23:59,1,yes,text,1,yes,,,0,,False,False,24.0,2018-06-05,5614731993.78,21676151.9185,0.049457088447209446,-0.012581803683099468,dev,clean_long,1
0001193125-18-182602,0001501989,CYTK,2018-06-04,release_date_only,updated_after_release,2018-06-02T23:59,0,yes,aact,0,yes,1,yes,0,illiquid (Nasdaq 20-day dollar volume < $1.2M),False,False,24.0,2018-06-05,342826079.20000005,342043.3825,0.024827061365664593,-0.0653905434997134,dev,clean_long,1
0001193125-18-182600,0001401667,PUMA,2018-06-04,release_date_only,,2018-06-02T23:59,1,unclear,text,1,unclear,,,0,no prices for the release's ticker,,,,,,,,,dev,no_trade,0
0001193125-18-182405,0001175505,,2018-06-04,acceptance_time,updated_after_release,2018-06-04T06:07:37,0,unclear,aact,0,unclear,2,unclear,0,"no ticker printed in the release (missing, or today's SEC ticker)",,,,,,,,,dev,no_trade,0
0001193125-18-182512,0000921299,FGEN,2018-06-04,release_date_only,updated_after_release,2018-06-03T23:59,1,yes,aact,1,yes,2,unclear,1,,False,False,24.0,2018-06-05,4514377720.599999,4510005.6049999995,0.026177294464506676,0.03331856422882107,dev,clean_long,1
0001615774-18-004763,0000906709,NKTR,2018-06-04,release_date_only,,2018-06-02T23:59,0,yes,text,0,yes,,,1,market cap outside $300M-$10B,False,False,24.0,2018-06-05,15482785657.08,66879714.974,0.044922093534543135,-0.4152315305874622,dev,clean_long,1
0001193125-18-182566,0001262104,MEIP,2018-06-04,acceptance_time,updated_after_release,2018-06-04T08:31:03,2,unclear,"text, match rejected",2,unclear,1,yes,0,market cap outside $300M-$10B,False,False,24.0,2018-06-05,127646168.22,410104.84475,0.09190200950166472,0.043726947196724875,dev,spun_short,-1
0001171843-18-004400,0001183765,MTEM,2018-06-05,acceptance_time,,2018-06-04T16:30:16,2,no,text,2,no,,,0,market cap outside $300M-$10B,False,False,25.0,2018-06-06,180494222.01,113144.05050000001,0.04287323215730146,0.011611341333272795,dev,spun_short,-1
0001654954-18-006261,0001001316,TGTX,2018-06-05,acceptance_time,updated_after_release,2018-06-04T16:30:35,2,unclear,aact,2,unclear,2,unclear,1,,False,False,25.0,2018-06-06,1162350668.8,1952391.7125,0.036095445647366234,-0.007878913539290933,dev,no_trade,0
0001437749-18-011261,0000835887,PGNX,2018-06-05,release_date_only,,2018-06-04T23:59,0,yes,text,0,yes,,,1,,False,False,25.0,2018-06-06,616288198.24,1756957.145,0.023709772037536873,0.016044531436785858,dev,clean_long,1
0001193125-18-183849,0001029142,DVAX,2018-06-05,release_date_only,updated_after_release,2018-06-04T23:59,1,yes,aact,2,yes,1,yes,0,,False,False,25.0,2018-06-06,968362192.8000001,4660891.311249999,0.058364381006153314,0.014629125045918068,dev,clean_long,1
0001280600-18-000035,0001280600,XLRN,2018-06-05,release_date_only,updated_after_release,2018-06-04T23:59,2,unclear,aact,1,unclear,1,unclear,1,,False,False,25.0,2018-06-06,1650200466.2499998,2585155.4790000003,0.016532724895334708,-0.004272810904061952,dev,no_trade,0
0001104659-18-038489,0001347613,SGYP,2018-06-06,release_date_only,,2018-06-05T23:59,0,unclear,text,0,unclear,,,0,illiquid (Nasdaq 20-day dollar volume < $1.2M),False,False,26.0,2018-06-07,418224950.88,785535.8929999999,0.05013609614620018,0.026482526933106154,dev,no_trade,0
0001193125-18-185615,0001445283,PTI,2018-06-07,acceptance_time,updated_after_release,2018-06-06T16:11:14,3,yes,aact,3,yes,3,yes,4,market cap outside $300M-$10B,False,False,27.0,2018-06-08,176797056.8,351054.01775,0.03619460347663732,-0.3644547389507953,dev,no_trade,0
0001171843-18-004545,0000819050,VICL,2018-06-11,acceptance_time,,2018-06-11T06:05:16,0,no,text,0,no,,,0,market cap outside $300M-$10B,False,False,29.0,2018-06-12,35777039.519999996,29617.790499999992,0.022630951898743274,-0.2631038078749406,dev,clean_short,-1
0001178913-18-001893,0001158780,PLUR,2018-06-12,acceptance_time,updated_after_release,2018-06-12T15:56:10,4,unclear,aact,3,unclear,4,unclear,0,"no ticker printed in the release (missing, or today's SEC ticker)",,,,,,,,,dev,no_trade,0
0001564590-18-015482,0001641489,VTVT,2018-06-13,acceptance_time,updated_after_release,2018-06-12T16:51:38,3,no,aact,3,no,3,no,1,market cap outside $300M-$10B,False,False,31.0,2018-06-14,0.0,215953.337,0.05755159944615913,-0.13343461747151397,dev,no_trade,0
0001493152-18-008575,0001595097,CRBP,2018-06-13,acceptance_time,updated_after_release,2018-06-13T09:29:12,2,unclear,aact,2,unclear,2,unclear,1,illiquid (Nasdaq 20-day dollar volume < $1.2M),False,False,31.0,2018-06-14,348569225.59999996,430432.45375000004,0.030004138968872208,0.006341051208382575,dev,spun_short,-1
0001564590-18-015655,0001293971,BLUE,2018-06-15,acceptance_time,updated_after_release,2018-06-15T08:05:43,1,unclear,aact,1,unclear,2,unclear,0,,False,False,33.0,2018-06-18,9873496584.0,31927592.33125,0.026375807641111887,-0.06625377381018671,dev,no_trade,0
0001171843-18-004660,0001629137,GBT,2018-06-15,acceptance_time,,2018-06-15T06:01:03,1,unclear,text,1,unclear,,,3,,False,False,33.0,2018-06-18,2440997487.9,6634024.0025,0.022374711220286357,-0.14537692683808934,dev,no_trade,0
0001171843-18-004688,0001651308,BGNE,2018-06-18,acceptance_time,,2018-06-15T16:05:21,0,yes,text,0,yes,,,0,market cap outside $300M-$10B,False,False,34.0,2018-06-19,117754940391.97,19901550.412,0.036349166820617076,-0.010534661253646216,dev,clean_long,1
0001171843-18-004697,0001061983,CYTK,2018-06-18,release_date_only,updated_after_release,2018-06-16T23:59,3,no,aact,2,unclear,2,no,3,illiquid (Nasdaq 20-day dollar volume < $1.2M),False,False,34.0,2018-06-19,536555705.40000004,501784.07,0.03513888196300209,-0.16491003706649598,dev,no_trade,0
0001564590-18-015793,0000873303,SRPT,2018-06-19,acceptance_time,,2018-06-19T10:41:37,2,unclear,text,2,unclear,,,1,,False,False,35.0,2018-06-20,6901074454.26,28445572.163,0.017825721555317958,0.351447689598791,dev,spun_short,-1
0001193125-18-198673,0000818033,HRTX,2018-06-21,acceptance_time,,2018-06-21T08:11:04,0,yes,text,0,yes,,,1,,False,False,37.0,2018-06-22,2208895976.2999997,4508721.537500001,0.026452709512260916,0.3234971487904341,dev,clean_long,1
0001193125-18-201664,0001374690,ZFGN,2018-06-25,release_date_only,updated_after_release,2018-06-23T23:59,0,yes,aact,0,yes,0,yes,1,market cap outside $300M-$10B,False,False,39.0,2018-06-26,191840888.16,205093.419,0.04559944036090771,0.319522944422016,dev,clean_long,1
0001437749-18-012318,0001563855,SPHS,2018-06-25,acceptance_time,updated_after_release,2018-06-25T09:00:28,1,yes,aact,2,unclear,2,yes,2,market cap outside $300M-$10B,False,False,39.0,2018-06-26,113217935.27999999,225759.81575,0.027781837622851246,-0.379058615861672,dev,clean_long,1
0001193125-18-203109,0001339970,LIFE,2018-06-26,acceptance_time,,2018-06-26T08:05:58,0,yes,text,0,yes,,,0,market cap outside $300M-$10B,False,False,40.0,2018-06-27,32811595.300000004,176557.61390499998,0.06665200682081113,-0.08597100573844785,dev,clean_long,1
0001193125-18-205087,0001213037,TROV,2018-06-27,acceptance_time,updated_after_release,2018-06-27T11:32:34,1,unclear,aact,2,unclear,1,unclear,1,reverse split between shares filing and event,False,False,,,,,,,dev,no_trade,0
0001193125-18-204812,0001404644,AQXP,2018-06-27,acceptance_time,,2018-06-27T09:00:57,0,no,text,0,no,,,0,illiquid (Nasdaq 20-day dollar volume < $1.2M),False,False,41.0,2018-06-28,360615818.68,395528.78699999995,0.0331062602619272,-0.8157480618524906,dev,clean_short,-1
0001193125-18-206538,0001501697,ASNS,2018-06-28,acceptance_time,updated_after_release,2018-06-28T07:11:02,0,no,aact,0,no,0,no,0,market cap outside $300M-$10B,False,False,42.0,2018-06-29,259729629.57000002,151309.15199999997,0.041502748067237374,-0.7858404522401042,dev,clean_short,-1
0001104659-18-042589,0001720893,BTAI,2018-06-28,acceptance_time,,2018-06-27T16:17:12,0,yes,text,0,yes,,,1,market cap outside $300M-$10B,False,False,42.0,2018-06-29,140809905.0,78034.02700000002,0.04296873236778535,-0.0004279896950054596,dev,clean_long,1
0001193125-18-205700,0001346830,CARA,2018-06-28,acceptance_time,,2018-06-27T16:06:01,0,yes,text,0,yes,,,2,,False,False,42.0,2018-06-29,591214969.4399999,4743296.4845,0.02864498848292743,0.05983503882023555,dev,clean_long,1
0001144204-18-036399,0000816284,,2018-06-29,acceptance_time,,2018-06-28T17:13:55,0,yes,text,0,yes,,,0,"no ticker printed in the release (missing, or today's SEC ticker)",,,,,,,,,dev,no_trade,0
0001654954-18-007269,0001604191,AZRX,2018-07-02,release_date_only,updated_after_release,2018-06-29T23:59,2,yes,aact,1,yes,2,yes,3,market cap outside $300M-$10B,False,False,44.0,2018-07-03,51963424.5,52809.78500000001,0.05606505621681478,0.02673237126259953,dev,spun_short,-1
0001104659-18-043916,0001621443,ZYNE,2018-07-05,acceptance_time,,2018-07-05T07:30:29,0,no,text,0,no,,,0,market cap outside $300M-$10B,False,False,46.0,2018-07-06,130324794.52999999,796013.565,0.044043757902607034,-0.053224868265228986,dev,clean_short,-1
0001193125-18-214220,0001701108,SPRO,2018-07-09,acceptance_time,,2018-07-09T07:38:57,0,yes,text,0,yes,,,1,market cap outside $300M-$10B,False,False,48.0,2018-07-10,242840248.17000002,313025.967,0.06732735817127025,0.03928805649363332,dev,clean_long,1
0001437749-18-013068,0001434647,KMPH,2018-07-09,acceptance_time,updated_after_release,2018-07-09T07:05:25,1,yes,aact,1,yes,1,yes,1,market cap outside $300M-$10B,False,False,48.0,2018-07-10,102328940.25,86982.6575,0.034545825618801956,-0.08008566891916846,dev,clean_long,1
0001280600-18-000046,0001280600,CELG,2018-07-10,acceptance_time,updated_after_release,2018-07-09T17:01:38,0,yes,aact,0,yes,0,yes,0,,False,False,49.0,2018-07-11,3838261001.2499995,134234646.80650002,0.014348882538090961,0.014097396461427936,dev,clean_long,1
0001104659-18-044447,0000881524,VVUS,2018-07-10,acceptance_time,,2018-07-10T07:35:20,1,yes,text,1,yes,,,1,market cap outside $300M-$10B,False,True,49.0,2018-07-11,79869338.1914,72138.254145,0.030105102062090192,0.09727824141577956,dev,clean_long,1
0001104659-18-044790,0001621443,ZYNE,2018-07-12,acceptance_time,,2018-07-12T08:23:33,1,yes,text,1,yes,,,3,market cap outside $300M-$10B,False,False,51.0,2018-07-13,141851961.58,862947.6765000001,0.04930157474254056,-0.0444381936726852,dev,clean_long,1
0001193125-18-216483,0001375151,,2018-07-12,acceptance_time,,2018-07-12T08:27:04,0,yes,text,0,yes,,,2,"no ticker printed in the release (missing, or today's SEC ticker)",,,,,,,,,dev,no_trade,0
0001564590-18-016892,0001080709,,2018-07-17,acceptance_time,,2018-07-17T09:15:39,1,yes,text,1,yes,,,0,"no ticker printed in the release (missing, or today's SEC ticker)",,,,,,,,,dev,no_trade,0
0001144204-18-038672,0001279704,CLRB,2018-07-18,acceptance_time,updated_after_release,2018-07-17T16:05:34,3,unclear,aact,3,unclear,3,unclear,0,reverse split between shares filing and event,False,False,,,,,,,dev,no_trade,0
0001193125-18-220636,0001124105,CBIO,2018-07-19,acceptance_time,updated_after_release,2018-07-18T16:28:35,2,unclear,aact,2,unclear,2,unclear,0,market cap outside $300M-$10B,False,False,56.0,2018-07-20,138686663.78,2194077.5854999996,0.031327088485410354,-0.06323796685242467,dev,no_trade,0
0001564590-18-017084,0001358762,RETA,2018-07-23,acceptance_time,,2018-07-23T07:00:27,0,yes,text,0,yes,,,0,no shares outstanding,False,False,,,,,,,dev,no_trade,0
0001104659-18-046458,0001583771,CTRV,2018-07-23,acceptance_time,updated_after_release,2018-07-23T12:37:32,0,unclear,text,0,unclear,0,yes,2,market cap outside $300M-$10B,False,False,58.0,2018-07-24,76478954.67,45600.92294,0.05669471712814408,0.0647482295362396,dev,no_trade,0
0001104659-18-047412,0001651308,BGNE,2018-07-23,release_date_only,,2018-07-22T23:59,0,yes,text,0,yes,,,0,market cap outside $300M-$10B,False,False,58.0,2018-07-24,118265125604.66,12455763.691500003,0.026985121698358396,0.037570623973021355,dev,clean_long,1
0001193125-18-225295,0001720580,TORC,2018-07-25,acceptance_time,unchanged_since_release,2018-07-25T08:30:38,1,yes,aact,1,yes,1,yes,2,market cap outside $300M-$10B,False,False,60.0,2018-07-26,252697298.15,424267.68,0.037718165841065444,0.48931059554588063,dev,clean_long,1
0001654954-18-008007,0001410098,CRMD,2018-07-25,acceptance_time,updated_after_release,2018-07-25T08:52:45,0,yes,aact,0,yes,0,yes,0,market cap outside $300M-$10B,False,False,60.0,2018-07-26,23162176.0356,14955.118595000002,0.04860632656065076,0.14644897864057194,dev,clean_long,1
0001493152-18-010414,0001360214,HROW,2018-07-25,release_date_only,updated_after_release,2018-07-24T23:59,1,yes,aact,0,yes,0,yes,0,"no ticker printed in the release (missing, or today's SEC ticker)",,,,,,,,,dev,no_trade,0
0001193125-18-224701,0001656328,SNNA,2018-07-25,acceptance_time,,2018-07-24T16:13:06,1,unclear,text,1,unclear,,,2,illiquid (Nasdaq 20-day dollar volume < $1.2M),False,False,60.0,2018-07-26,328815848.14,242665.23950000005,0.03291905697247923,0.016802817303126827,dev,no_trade,0
0001564590-18-017423,0001539029,CLS,2018-07-26,acceptance_time,updated_after_release,2018-07-25T16:19:07,0,yes,aact,0,yes,0,yes,0,illiquid (Nasdaq 20-day dollar volume < $1.2M),False,False,61.0,2018-07-27,391031683.92,214735.457,0.007875419960138472,-0.019606797532842002,dev,clean_long,1
0001171843-18-005403,0000882796,BCRX,2018-07-26,acceptance_time,,2018-07-25T19:43:30,0,yes,text,0,yes,,,0,illiquid (Nasdaq 20-day dollar volume < $1.2M),False,False,61.0,2018-07-27,578480776.1600001,607616.43675,0.016410855928212016,-0.00044369998437998603,dev,clean_long,1
0001100412-18-000015,0001100412,ARRY,2018-07-26,acceptance_time,,2018-07-26T08:00:47,0,no,text,0,no,,,0,,False,False,61.0,2018-07-27,3418640035.62,9053305.677250002,0.02260984842301557,0.007803257678398512,dev,clean_short,-1
0001615774-18-006927,0001430306,TNXP,2018-07-27,acceptance_time,,2018-07-27T08:05:49,2,no,text,2,no,,,0,market cap outside $300M-$10B,False,False,62.0,2018-07-30,33250904.700000003,192202.04750000004,0.03326769662525873,-0.6308655074372032,dev,no_trade,0
0001714899-18-000003,0001714899,DNLI,2018-08-02,acceptance_time,updated_after_release,2018-08-01T16:38:00,0,yes,text,0,yes,0,yes,0,,False,False,66.0,2018-08-03,1202245285.16,1365632.7932499999,0.025789247470127615,0.09237155376211414,dev,clean_long,1
0001564590-18-019277,0001636651,OVID,2018-08-06,acceptance_time,,2018-08-06T07:16:11,1,yes,text,1,yes,,,3,market cap outside $300M-$10B,False,False,68.0,2018-08-07,234169171.17,69947.6395,0.03902230974576919,-0.36649616268629215,dev,clean_long,1
0001600132-18-000128,0001600132,BLPH,2018-08-07,acceptance_time,,2018-08-07T08:36:24,0,no,text,0,no,,,0,market cap outside $300M-$10B,False,False,69.0,2018-08-08,131202905.99,70822.90574999999,0.03483630397911983,-0.7021562717366103,dev,clean_short,-1
0001104659-18-050259,0001082554,UTHR,2018-08-08,acceptance_time,,2018-08-08T06:03:03,0,yes,text,0,yes,,,1,,False,False,70.0,2018-08-09,5441457577.66,11850373.318500001,0.022875384451159036,0.015920596162570355,dev,clean_long,1
0001144204-18-044482,0001053369,ELTP,2018-08-14,acceptance_time,,2018-08-14T13:20:09,0,yes,text,0,yes,,,0,"no ticker printed in the release (missing, or today's SEC ticker)",,,,,,,,,dev,no_trade,0
0001144204-18-044009,0001682639,EYEN,2018-08-14,acceptance_time,unchanged_since_release,2018-08-13T16:12:34,1,yes,"text, match rejected",1,yes,1,yes,0,market cap outside $300M-$10B,False,False,74.0,2018-08-15,56639594.7,34174.68,0.02303027149354961,-0.02363732911493477,dev,clean_long,1
0001193125-18-249109,0001337553,AERI,2018-08-15,acceptance_time,updated_after_release,2018-08-15T06:40:34,0,yes,aact,0,yes,0,yes,0,,False,False,75.0,2018-08-16,2977885360.0499997,5406339.2575,0.019648255197626047,-0.014674360494561833,dev,clean_long,1
0001144204-18-045577,0001279704,CLRB,2018-08-21,acceptance_time,updated_after_release,2018-08-20T16:00:02,1,yes,"text, match rejected",1,yes,2,unclear,0,market cap outside $300M-$10B,False,False,79.0,2018-08-22,9923097.0,197412.115,0.09271364608107514,-0.019443998071669633,dev,clean_long,1
0001104659-18-053610,0001434868,ESPR,2018-08-27,acceptance_time,updated_after_release,2018-08-27T07:15:23,1,yes,aact,1,yes,1,yes,1,,False,False,83.0,2018-08-28,1315524369.0,6814635.265499999,0.024939508342283256,0.028344705064082376,dev,clean_long,1
0001012477-18-000025,0001012477,AVDL,2018-08-29,acceptance_time,,2018-08-29T11:13:40,2,unclear,text,2,unclear,,,1,market cap outside $300M-$10B,False,False,85.0,2018-08-30,163234664.16000003,342190.365,0.03792877331398781,0.051074502494380614,dev,spun_short,-1
0001564590-18-022422,0001582313,XENE,2018-08-29,acceptance_time,updated_after_release,2018-08-29T08:34:44,1,yes,aact,1,yes,1,yes,0,market cap outside $300M-$10B,False,False,85.0,2018-08-30,233068856.9,263994.32,0.04083142573489741,0.0026603858984459716,dev,clean_long,1
0001193125-18-265020,0001326190,ALT,2018-09-04,acceptance_time,updated_after_release,2018-08-31T16:06:12,1,yes,aact,0,no,1,no,1,market cap outside $300M-$10B,False,True,88.0,2018-09-05,12319842.9882,28995.919929999996,0.04384850891097958,-0.0016396602953171469,dev,clean_long,1
0001171843-18-006354,0000882796,BCRX,2018-09-04,acceptance_time,,2018-09-04T07:28:41,1,unclear,text,1,unclear,,,2,illiquid (Nasdaq 20-day dollar volume < $1.2M),False,False,88.0,2018-09-05,708321315.28,1090895.6325000003,0.03392583434976506,0.061852631743308906,dev,no_trade,0
0001144204-18-047702,0001372514,EYEG,2018-09-04,acceptance_time,unchanged_since_release,2018-09-04T08:35:19,0,no,aact,0,no,0,no,0,market cap outside $300M-$10B,False,False,88.0,2018-09-05,24760304.099999998,15014.679145000002,0.018259173738538848,-0.1648699008451453,dev,clean_short,-1
0001564590-18-022572,0001636282,AGLE,2018-09-04,acceptance_time,,2018-09-04T07:00:38,2,unclear,text,2,unclear,,,1,market cap outside $300M-$10B,False,False,88.0,2018-09-05,240405699.76,343304.706,0.02301641323429956,-0.15373845833218402,dev,no_trade,0
0001193125-18-266656,0001399529,,2018-09-05,acceptance_time,updated_after_release,2018-09-05T06:22:04,2,yes,aact,1,unclear,2,unclear,0,"no ticker printed in the release (missing, or today's SEC ticker)",,,,,,,,,dev,no_trade,0
0001104659-18-055203,0001491576,TSRO,2018-09-05,release_date_only,,2018-09-04T23:59,1,yes,text,1,yes,,,0,,False,False,89.0,2018-09-06,1820269118.85,10087671.766,0.03129156282770898,0.06189698340874816,dev,clean_long,1
0001144204-18-048216,0001651407,CKPT,2018-09-06,acceptance_time,updated_after_release,2018-09-06T07:31:48,1,yes,aact,1,unclear,1,yes,1,market cap outside $300M-$10B,False,False,90.0,2018-09-07,112734309.36,160910.5265,0.08715640320799899,-0.08595790935472647,dev,clean_long,1
0001171843-18-006497,0001280776,VTL,2018-09-12,acceptance_time,updated_after_release,2018-09-12T06:10:18,0,no,aact,0,no,0,no,1,market cap outside $300M-$10B,False,False,94.0,2018-09-13,266927182.2,582407.0825,0.04349394380569961,-0.9231845022272869,dev,clean_short,-1
0001437749-18-016923,0000835887,PGNX,2018-09-13,acceptance_time,updated_after_release,2018-09-12T16:14:10,0,no,aact,0,no,0,no,1,,False,False,95.0,2018-09-14,549368648.19,1400107.6795,0.019973925021909745,-0.1768073570297104,dev,clean_short,-1
0001193125-18-271781,0001660334,VRCA,2018-09-13,acceptance_time,updated_after_release,2018-09-12T16:14:12,1,yes,"text, match rejected",1,yes,2,yes,2,illiquid (Nasdaq 20-day dollar volume < $1.2M),False,False,95.0,2018-09-14,420135665.85,222189.47400000002,0.02911994066070034,0.012454041643852554,dev,clean_long,1
0001615774-18-009490,0001488039,ATOS,2018-09-13,acceptance_time,,2018-09-13T08:23:42,0,yes,text,0,yes,,,0,market cap outside $300M-$10B,False,False,95.0,2018-09-14,9226670.18,87392.3155,0.030717012464259535,-0.010155764452191907,dev,clean_long,1
0001104659-18-057064,0001730430,KNSA,2018-09-17,release_date_only,,2018-09-15T23:59,1,unclear,text,1,unclear,,,2,no shares outstanding,False,False,,,,,,,dev,no_trade,0
0001104659-18-057358,0001583771,CTRV,2018-09-18,acceptance_time,,2018-09-18T09:21:35,0,yes,text,0,yes,,,1,market cap outside $300M-$10B,False,False,98.0,2018-09-19,10334566.5618,15401.88836,0.03313971413405479,-0.04783343253546646,dev,clean_long,1
0001564590-18-023246,0001607678,VKTX,2018-09-18,acceptance_time,updated_after_release,2018-09-18T07:10:28,1,yes,aact,1,yes,1,yes,1,,False,False,98.0,2018-09-19,630234479.6600001,5145180.698999999,0.03857408209123725,0.8611837815844212,dev,clean_long,1
0001193125-18-278131,0000921299,KYNB,2018-09-20,acceptance_time,updated_after_release,2018-09-20T08:30:35,0,yes,"text, match rejected",0,yes,0,yes,0,"no ticker printed in the release (missing, or today's SEC ticker)",,,,,,,,,dev,no_trade,0
0001104659-18-057922,0001260990,GTXI,2018-09-21,acceptance_time,updated_after_release,2018-09-21T08:30:27,0,no,aact,0,no,0,no,0,illiquid (Nasdaq 20-day dollar volume < $1.2M),False,False,101.0,2018-09-24,560027706.76,1120130.397,0.05424691028596825,-0.9074611648310611,dev,clean_short,-1
0001171843-18-006672,0001651308,BGNE,2018-09-21,release_date_only,,2018-09-20T23:59,1,unclear,text,1,unclear,,,0,market cap outside $300M-$10B,False,False,101.0,2018-09-24,124963211041.76,10567017.099499999,0.017761172043219094,0.024981278487126835,dev,no_trade,0
0001144204-18-050260,0001006281,PLX,2018-09-21,acceptance_time,updated_after_release,2018-09-21T11:08:04,2,unclear,aact,2,unclear,3,unclear,1,market cap outside $300M-$10B,False,False,101.0,2018-09-24,89384342.0912,18227.63491,0.03959811925313788,0.22374959262338545,dev,spun_short,-1
0001193125-18-280561,0000897448,AMRN,2018-09-24,acceptance_time,updated_after_release,2018-09-24T07:53:57,0,yes,aact,0,yes,0,yes,2,market cap outside $300M-$10B,False,False,102.0,2018-09-25,1140178.53,1779602.4287500002,0.030647094840758404,3.144887589671055,dev,clean_long,1
0001193125-18-280420,0001370053,ANAB,2018-09-24,acceptance_time,updated_after_release,2018-09-24T06:09:59,1,yes,aact,1,unclear,2,unclear,0,,False,False,102.0,2018-09-25,2230582652.7999997,7542068.858,0.016391224476350896,0.08483437598157284,dev,clean_long,1
0001564590-18-023519,0001080709,,2018-09-25,acceptance_time,updated_after_release,2018-09-24T16:11:31,2,yes,aact,3,yes,3,yes,0,"no ticker printed in the release (missing, or today's SEC ticker)",,,,,,,,,dev,no_trade,0
0001193125-18-281789,0001341235,ALDX,2018-09-25,acceptance_time,,2018-09-25T08:17:35,3,unclear,text,3,unclear,,,1,market cap outside $300M-$10B,False,False,103.0,2018-09-26,202407978.0,168089.58875,0.03092081389754255,0.023527261304781888,dev,spun_short,-1
0001564590-18-023539,0001358762,RETA,2018-09-25,acceptance_time,,2018-09-25T07:05:09,1,yes,text,1,yes,,,0,no shares outstanding,False,False,,,,,,,dev,no_trade,0
0001193125-18-288517,0001060736,SGEN,2018-10-01,acceptance_time,,2018-10-01T06:58:05,0,yes,text,0,yes,,,1,market cap outside $300M-$10B,False,False,107.0,2018-10-02,12245999091.84,12286279.484000001,0.013958104549723205,0.06626029228309249,dev,clean_long,1
0001104659-18-059771,0001347613,SGYP,2018-10-02,acceptance_time,,2018-10-01T16:59:59,1,unclear,text,1,unclear,,,1,illiquid (Nasdaq 20-day dollar volume < $1.2M),False,False,108.0,2018-10-03,416621513.28,566925.7375,0.023766463631154543,-0.04779567333121759,dev,no_trade,0
0001070081-18-000071,0001070081,PTCT,2018-10-04,release_date_only,,2018-10-03T23:59,2,unclear,text,2,unclear,,,1,,False,False,110.0,2018-10-05,2113336202.64,13042963.707,0.024975593687847044,-0.0760025677361531,dev,no_trade,0
0001437749-18-017999,0000835887,PGNX,2018-10-05,acceptance_time,,2018-10-05T07:41:09,1,no,text,1,no,,,1,,False,False,111.0,2018-10-08,461198371.32,2016246.3877500002,0.05023971700815733,-0.01535270965788682,dev,clean_short,-1
0001104659-18-060642,0001178879,FOLD,2018-10-05,acceptance_time,,2018-10-05T07:00:36,1,yes,text,1,yes,,,0,,False,False,111.0,2018-10-08,2494688842.97,7176340.114,0.03429982989363785,0.032136971076676346,dev,clean_long,1
0001144204-18-052845,0000921114,APHB,2018-10-08,release_date_only,updated_after_release,2018-10-05T23:59,2,unclear,text,2,unclear,2,unclear,0,market cap outside $300M-$10B,False,False,112.0,2018-10-09,16632991.08,9111.74451,0.06274657373733991,-0.05892329327845047,dev,no_trade,0
0001564590-18-024047,0001566044,MNLO,2018-10-09,release_date_only,updated_after_release,2018-10-08T23:59,0,no,aact,0,no,0,no,0,market cap outside $300M-$10B,False,False,113.0,2018-10-10,141084907.72,596703.2655,0.10219629632298766,0.02972294485859417,dev,clean_short,-1
0001144204-18-053318,0001535955,LPCN,2018-10-11,acceptance_time,,2018-10-11T08:00:44,3,unclear,text,3,unclear,,,0,"no ticker printed in the release (missing, or today's SEC ticker)",,,,,,,,,dev,no_trade,0
0001654954-18-011171,0001001316,TGTX,2018-10-12,release_date_only,updated_after_release,2018-10-11T23:59,1,yes,aact,2,unclear,1,yes,2,,False,False,116.0,2018-10-15,454674157.92,3409536.125,0.10710899387956846,-0.002780424106839652,dev,clean_long,1
0001213900-18-013884,0000812796,SNGX,2018-10-15,acceptance_time,updated_after_release,2018-10-15T07:00:39,2,unclear,aact,1,unclear,1,unclear,1,market cap outside $300M-$10B,False,False,117.0,2018-10-16,25640116.55,95982.376,0.06782122787989822,-0.24158514169926992,dev,no_trade,0
0001193125-18-298897,0001711279,KRYS,2018-10-15,acceptance_time,updated_after_release,2018-10-15T08:44:05,2,yes,aact,1,yes,1,yes,1,market cap outside $300M-$10B,False,False,117.0,2018-10-16,162245863.72,156145.603,0.02929198261172652,0.28672064797130625,dev,spun_short,-1
0001564590-18-024362,0001636282,AGLE,2018-10-17,acceptance_time,,2018-10-17T06:59:56,2,unclear,text,2,unclear,,,2,market cap outside $300M-$10B,False,False,119.0,2018-10-18,220390220.64,421112.77749999997,0.03929061479486668,-0.0410145180641065,dev,no_trade,0
0001193125-18-301087,0001445283,PTI,2018-10-18,acceptance_time,updated_after_release,2018-10-17T16:30:13,2,yes,aact,1,yes,1,yes,1,market cap outside $300M-$10B,False,False,120.0,2018-10-19,69724201.2,57503.96475000001,0.05554346400713217,4.451507294882975,dev,spun_short,-1
0001193125-18-303052,0001654151,,2018-10-22,acceptance_time,updated_after_release,2018-10-19T16:13:07,1,unclear,aact,1,unclear,1,unclear,0,"no ticker printed in the release (missing, or today's SEC ticker)",,,,,,,,,dev,no_trade,0
0001193125-18-303690,0001029142,DVAX,2018-10-22,release_date_only,updated_after_release,2018-10-20T23:59,1,yes,aact,1,yes,1,yes,1,,False,False,122.0,2018-10-23,682509887.4,2060029.2564999997,0.03298463310461847,0.13257154642098723,dev,clean_long,1
0001564590-18-024573,0001422143,KURA,2018-10-22,acceptance_time,updated_after_release,2018-10-22T08:50:16,2,unclear,aact,2,unclear,2,unclear,1,illiquid (Nasdaq 20-day dollar volume < $1.2M),False,False,122.0,2018-10-23,546464595.78,671456.6695000001,0.02713645272245215,-0.16584542254956447,dev,no_trade,0
0001453687-18-000069,0001453687,RNAC,2018-10-22,acceptance_time,updated_after_release,2018-10-22T08:01:05,1,yes,aact,2,unclear,2,unclear,0,"no ticker printed in the release (missing, or today's SEC ticker)",,,,,,,,,dev,no_trade,0
0001104659-18-063175,0001509745,LPTX,2018-10-22,release_date_only,updated_after_release,2018-10-21T23:59,1,unclear,aact,2,unclear,2,unclear,1,market cap outside $300M-$10B,False,False,122.0,2018-10-23,95995446.93,130003.31624999999,0.05068729038128335,-0.0977345917978194,dev,no_trade,0
0001104659-18-063179,0001621227,ADAP,2018-10-22,release_date_only,,2018-10-20T23:59,1,unclear,text,1,unclear,,,0,,False,False,122.0,2018-10-23,6095501264.0,1428637.8909999998,0.035625640263545894,-0.27631201825961715,dev,no_trade,0
0001171843-18-007233,0001651308,BGNE,2018-10-23,release_date_only,updated_after_release,2018-10-22T23:59,1,unclear,aact,1,unclear,1,unclear,0,market cap outside $300M-$10B,False,False,123.0,2018-10-24,90172360647.36,13952549.07025,0.02931359632967741,-0.00527146789456967,dev,no_trade,0
0001144204-18-054946,0001053369,ELTP,2018-10-24,acceptance_time,,2018-10-23T16:19:32,0,yes,text,0,yes,,,0,no prices for the release's ticker,,,,,,,,,dev,no_trade,0
0001140361-18-041664,0001398733,AQST,2018-10-25,release_date_only,updated_after_release,2018-10-24T23:59,0,yes,aact,0,yes,0,yes,0,illiquid (Nasdaq 20-day dollar volume < $1.2M),False,False,125.0,2018-10-26,371134742.88,349981.327,0.03767917437232007,-0.048139075717484436,dev,clean_long,1
0001193125-18-308090,0000921299,FGEN,2018-10-26,acceptance_time,,2018-10-25T20:19:34,0,yes,text,0,yes,,,2,,False,False,126.0,2018-10-29,3993186584.7000003,8082663.663,0.04186451925143158,-0.009727119277728069,dev,clean_long,1
0001104659-18-064280,0001434868,ESPR,2018-10-29,release_date_only,,2018-10-28T23:59,1,yes,text,1,yes,,,0,,False,False,127.0,2018-10-30,1123342019.25,8567405.650999999,0.05887164019340774,-0.010346747340717832,dev,clean_long,1
0001104659-18-064473,0000827871,EGRX,2018-10-30,acceptance_time,updated_after_release,2018-10-30T06:51:43,0,no,aact,0,no,0,no,0,,False,False,128.0,2018-10-31,857735990.28,3416329.278,0.02042840975512292,-0.17166045443640887,dev,clean_short,-1
0001561743-18-000086,0001561743,,2018-10-31,acceptance_time,,2018-10-30T16:44:33,1,yes,text,1,yes,,,0,"no ticker printed in the release (missing, or today's SEC ticker)",,,,,,,,,dev,no_trade,0
0001193125-18-312991,0001070494,ACAD,2018-10-31,acceptance_time,,2018-10-31T08:00:58,1,yes,text,1,yes,,,3,,False,False,129.0,2018-11-01,2637641855.3,12608481.235000001,0.04700576514222277,-0.08732771544636808,dev,clean_long,1
0001062993-18-004299,0000875622,BSTC,2018-11-01,release_date_only,,2018-10-31T23:59,1,yes,text,1,yes,,,1,illiquid (Nasdaq 20-day dollar volume < $1.2M),False,False,130.0,2018-11-02,446082401.2,597485.3699999999,0.023187088167470362,-0.053471984381519455,dev,clean_long,1
0001193125-18-317364,0001597553,SAGE,2018-11-05,acceptance_time,,2018-11-02T17:26:08,0,yes,text,0,yes,,,1,"no trade on previous day, reaction day or entry day",,,,,,,,,dev,no_trade,0
0001493152-18-015235,0001444307,ONCS,2018-11-06,acceptance_time,updated_after_release,2018-11-06T08:16:51,2,unclear,aact,2,unclear,2,unclear,0,market cap outside $300M-$10B,False,False,133.0,2018-11-07,103032267.78,375407.50049999997,0.051543254632226865,-0.49437161584497014,dev,no_trade,0
0001193125-18-318390,0001325879,,2018-11-06,acceptance_time,updated_after_release,2018-11-05T16:18:08,0,yes,aact,0,yes,0,yes,0,"no ticker printed in the release (missing, or today's SEC ticker)",,,,,,,,,dev,no_trade,0
0001104659-18-066525,0001614067,ARDS,2018-11-07,acceptance_time,updated_after_release,2018-11-07T09:25:41,1,yes,aact,1,yes,2,unclear,2,market cap outside $300M-$10B,False,False,134.0,2018-11-08,96840206.85,7768.3904999999995,0.023119000855307544,-0.0224715238950024,dev,clean_long,1
0001126234-18-000145,0001126234,NLNK,2018-11-09,acceptance_time,updated_after_release,2018-11-09T08:22:03,1,unclear,aact,1,unclear,1,unclear,1,market cap outside $300M-$10B,False,False,136.0,2018-11-12,80032902.89999999,181176.35,0.05450648320615616,0.01027587616790171,dev,no_trade,0
0001193125-18-323130,0001435049,ADRO,2018-11-09,acceptance_time,updated_after_release,2018-11-09T07:41:06,1,yes,aact,1,unclear,1,yes,0,illiquid (Nasdaq 20-day dollar volume < $1.2M),False,False,136.0,2018-11-12,334291193.64,550861.0190000001,0.0854543280264669,-0.09607113813911927,dev,clean_long,1
0001193125-18-324645,0000897448,AMRN,2018-11-12,release_date_only,updated_after_release,2018-11-10T23:59,0,yes,aact,0,yes,0,yes,3,market cap outside $300M-$10B,False,False,137.0,2018-11-13,8013608.7,43928143.7625,0.03568199216179923,-0.019576657804028286,dev,clean_long,1
0001564590-18-029055,0001731831,EIDX,2018-11-12,release_date_only,updated_after_release,2018-11-10T23:59,0,yes,aact,0,yes,2,yes,0,illiquid (Nasdaq 20-day dollar volume < $1.2M),False,False,137.0,2018-11-13,467056683.22,340372.1215,0.04930837289680185,0.18393526820481887,dev,clean_long,1
0001437749-18-020646,0000925741,BCDA,2018-11-13,release_date_only,updated_after_release,2018-11-12T23:59,3,no,aact,3,no,3,no,2,"no trade on previous day, reaction day or entry day",,,,,,,,,dev,no_trade,0
0001104659-18-068277,0001720893,BTAI,2018-11-14,acceptance_time,,2018-11-14T08:44:55,0,yes,text,0,yes,,,1,market cap outside $300M-$10B,False,False,139.0,2018-11-15,87458596.55,32732.1305,0.05997554111237222,-0.0010271589717674168,dev,clean_long,1
0001104659-18-068675,0001590560,QURE,2018-11-15,acceptance_time,updated_after_release,2018-11-15T08:53:29,0,yes,aact,0,yes,0,yes,1,no shares outstanding,False,False,,,,,,,dev,no_trade,0
0001193125-18-329424,0001631650,AIMT,2018-11-19,release_date_only,updated_after_release,2018-11-18T23:59,0,yes,aact,0,yes,0,yes,1,,False,False,142.0,2018-11-20,1738428956.8000002,4650289.4975000005,0.05925048547025295,-0.0782956391140952,dev,clean_long,1
0001213900-18-016269,0001218683,WIZP,2018-11-20,acceptance_time,,2018-11-20T09:50:58,3,no,text,3,no,,,1,no prices for the release's ticker,,,,,,,,,dev,no_trade,0
0001714899-18-000020,0001714899,DNLI,2018-11-20,acceptance_time,,2018-11-19T16:50:24,0,yes,text,0,yes,,,0,,False,False,143.0,2018-11-21,1727269503.48,1397181.4164999998,0.048168359551175904,0.02328420351284044,dev,clean_long,1
0001144204-18-061521,0001351288,GWPH,2018-11-27,acceptance_time,,2018-11-26T16:15:50,0,yes,text,0,yes,,,2,no shares outstanding,False,False,,,,,,,dev,no_trade,0
0001193125-18-334098,0001560241,GTHX,2018-11-27,acceptance_time,updated_after_release,2018-11-26T18:06:07,0,yes,aact,0,yes,0,yes,1,,False,False,147.0,2018-11-28,1484426477.44,2982023.19725,0.0379591178886392,-0.08525067117251484,dev,clean_long,1
0001193125-18-337148,0001520262,ALKS,2018-11-29,acceptance_time,updated_after_release,2018-11-29T07:17:35,0,yes,aact,0,yes,0,yes,2,,False,False,149.0,2018-11-30,5728963356.69,8927002.4615,0.03402451619314195,-0.02334343659896243,dev,clean_long,1
0001193125-18-338506,0001510487,PRNB,2018-11-30,acceptance_time,updated_after_release,2018-11-29T21:51:04,0,yes,aact,0,yes,0,yes,0,illiquid (Nasdaq 20-day dollar volume < $1.2M),False,False,150.0,2018-12-03,648060332.92,300466.54000000004,0.024942844398602303,0.014862608537141941,dev,clean_long,1
0001564590-18-030377,0001422143,KURA,2018-12-03,release_date_only,updated_after_release,2018-12-02T23:59,2,yes,aact,1,yes,2,yes,1,illiquid (Nasdaq 20-day dollar volume < $1.2M),False,False,151.0,2018-12-04,483069290.4,630543.713,0.029852410212894198,0.067750459763958,dev,spun_short,-1
0001104659-18-070939,0001689813,BHVN,2018-12-03,acceptance_time,updated_after_release,2018-12-03T09:08:01,0,yes,aact,0,yes,0,yes,1,illiquid (Nasdaq 20-day dollar volume < $1.2M),False,False,151.0,2018-12-04,1370735463.9,1097296.5929999999,0.04491620593834432,0.21637916714199634,dev,clean_long,1
0001193125-18-340357,0001656328,SNNA,2018-12-03,acceptance_time,updated_after_release,2018-12-03T07:11:10,2,no,aact,2,no,2,no,2,market cap outside $300M-$10B,False,False,151.0,2018-12-04,213726421.10999998,89993.82450000002,0.0394392170130795,-0.41441423255751375,dev,no_trade,0
0001558370-18-009542,0001597264,BPMC,2018-12-03,release_date_only,updated_after_release,2018-12-02T23:59,1,yes,aact,1,unclear,1,yes,2,,False,False,151.0,2018-12-04,2520993510.0,6088935.393499999,0.04789138046261422,0.012532139773621997,dev,clean_long,1
0001104659-18-070938,0001590560,QURE,2018-12-03,acceptance_time,updated_after_release,2018-12-03T09:05:41,1,yes,aact,1,yes,0,yes,0,no shares outstanding,False,False,,,,,,,dev,no_trade,0
0001410578-18-000568,0001556263,SYRS,2018-12-03,release_date_only,updated_after_release,2018-12-02T23:59,2,unclear,aact,2,unclear,2,unclear,1,market cap outside $300M-$10B,False,False,151.0,2018-12-04,229860945.32,165853.93450000003,0.04185381795164984,0.05954787966919306,dev,spun_short,-1
0001193125-18-341091,0001503802,KPTI,2018-12-03,release_date_only,,2018-12-01T23:59,0,yes,text,0,yes,,,0,,False,False,151.0,2018-12-04,631361910.4,1650743.3934999998,0.04742013801802162,0.01433586255014796,dev,clean_long,1
0001171843-18-008354,0001651308,BGNE,2018-12-03,release_date_only,,2018-12-01T23:59,0,yes,text,0,yes,,,1,market cap outside $300M-$10B,False,False,151.0,2018-12-04,118441894266.4,32331517.808999997,0.040600735282774754,-0.05517738015758422,dev,clean_long,1
0001280600-18-000065,0001280600,,2018-12-03,acceptance_time,updated_after_release,2018-12-03T08:34:54,0,yes,aact,0,yes,0,yes,1,"no ticker printed in the release (missing, or today's SEC ticker)",,,,,,,,,dev,no_trade,0
0001193125-18-341242,0001262104,MEIP,2018-12-03,release_date_only,updated_after_release,2018-12-02T23:59,1,yes,aact,1,unclear,1,unclear,0,market cap outside $300M-$10B,False,False,151.0,2018-12-04,204841278.72,115592.44600000003,0.04286874664179782,-0.10104875283446713,dev,clean_long,1
0001410578-18-000570,0001130598,ONTX,2018-12-03,acceptance_time,updated_after_release,2018-12-03T08:08:11,1,unclear,"text, match rejected",1,unclear,2,unclear,1,market cap outside $300M-$10B,False,False,151.0,2018-12-04,24626114.8,74631.9465,0.07154503654108874,-0.08693584960866074,dev,no_trade,0
0001126234-18-000149,0001126234,NLNK,2018-12-03,release_date_only,updated_after_release,2018-12-02T23:59,2,yes,aact,2,unclear,1,yes,1,market cap outside $300M-$10B,False,False,151.0,2018-12-04,70726751.39999999,199197.5465,0.04630617126804904,-0.03328559493973038,dev,no_trade,0
0001564590-18-030395,0001061027,SNSS,2018-12-03,release_date_only,updated_after_release,2018-12-02T23:59,1,unclear,aact,1,unclear,0,unclear,1,market cap outside $300M-$10B,False,False,151.0,2018-12-04,35176218.46,25629.7339,0.061972852410985525,-0.5172721570897864,dev,no_trade,0
0001193125-18-341161,0001347178,VNDA,2018-12-04,acceptance_time,,2018-12-03T16:32:05,0,yes,text,0,yes,,,2,,False,False,152.0,2018-12-06,1651122222.4,5532123.998000001,0.06798316372731272,-0.029110556876158378,dev,clean_long,1
0001654954-18-013524,0001001316,TGTX,2018-12-04,release_date_only,,2018-12-03T23:59,2,unclear,text,2,unclear,,,1,,False,False,152.0,2018-12-06,432723765.06,1383281.842,0.0359357327723661,0.011345708002837962,dev,spun_short,-1
0001193125-18-341083,0001439222,AGIO,2018-12-04,acceptance_time,updated_after_release,2018-12-03T16:03:06,1,yes,aact,1,unclear,1,yes,1,,False,False,152.0,2018-12-06,3305712370.32,9294910.324499998,0.05285708746081363,0.002649158706208521,dev,clean_long,1
0001193125-18-341645,0001479290,RVNC,2018-12-04,acceptance_time,,2018-12-04T08:14:11,1,yes,text,1,yes,,,0,,False,False,152.0,2018-12-06,771192856.95,1262299.587,0.025237638367259542,0.24629981368381038,dev,clean_long,1
0001193125-18-342992,0001631574,WVE,2018-12-06,acceptance_time,updated_after_release,2018-12-06T07:39:58,0,yes,aact,1,unclear,1,yes,0,,False,False,153.0,2018-12-07,1378902189.6,1239979.0555,0.038119522730712375,0.010263749026815372,dev,clean_long,1
0001171843-18-008331,0001383701,,2018-12-06,release_date_only,,2018-12-05T23:59,3,no,text,3,no,,,4,"no ticker printed in the release (missing, or today's SEC ticker)",,,,,,,,,dev,no_trade,0
0001104659-18-071355,0001267813,MRNS,2018-12-06,acceptance_time,,2018-12-04T16:05:13,2,yes,text,2,yes,,,2,market cap outside $300M-$10B,False,False,153.0,2018-12-07,183578308.89000002,646749.02425,0.04583515413418069,0.1677055897468014,dev,spun_short,-1
0001564590-18-030709,0001080709,,2018-12-10,acceptance_time,updated_after_release,2018-12-10T09:24:52,0,no,aact,0,no,0,no,1,"no ticker printed in the release (missing, or today's SEC ticker)",,,,,,,,,dev,no_trade,0
0001104659-18-071959,0001579428,AXSM,2018-12-10,acceptance_time,updated_after_release,2018-12-10T07:06:14,1,unclear,aact,1,unclear,1,unclear,0,market cap outside $300M-$10B,False,False,155.0,2018-12-11,88545108.96000001,83841.894,0.05503166795751347,0.1277225227321197,dev,no_trade,0
0001193125-18-346177,0001347178,VNDA,2018-12-11,acceptance_time,,2018-12-10T16:31:57,2,no,text,2,no,,,1,,False,False,156.0,2018-12-12,1503738059.6000001,5863416.242000001,0.067334756277874,-0.048628910390433044,dev,no_trade,0
0001104659-18-072101,0001481512,,2018-12-11,acceptance_time,updated_after_release,2018-12-10T16:15:31,1,yes,aact,1,yes,1,yes,2,"no ticker printed in the release (missing, or today's SEC ticker)",,,,,,,,,dev,no_trade,0
0001564590-18-030737,0001566044,MNLO,2018-12-11,acceptance_time,,2018-12-10T16:43:06,0,yes,text,0,yes,,,1,market cap outside $300M-$10B,False,False,156.0,2018-12-12,128938621.2,105123.28899999999,0.045500080099643715,0.031066411020968077,dev,clean_long,1
0001193125-18-347337,0000914475,NBIX,2018-12-12,acceptance_time,updated_after_release,2018-12-12T08:00:56,0,no,"text, match rejected",0,no,0,no,0,,False,False,157.0,2018-12-13,7775090284.679999,22501289.124,0.04284470600893499,-0.15399071026474054,dev,clean_short,-1
0001104659-18-072585,0001621443,ZYNE,2018-12-13,acceptance_time,,2018-12-12T17:16:17,2,yes,text,2,yes,,,2,market cap outside $300M-$10B,False,False,158.0,2018-12-14,83022571.83,218910.86399999997,0.030875314031306764,-0.041720580270762087,dev,no_trade,0
0001193125-18-348318,0001273636,AGTC,2018-12-13,release_date_only,updated_after_release,2018-12-12T23:59,0,yes,aact,0,no,0,no,0,market cap outside $300M-$10B,False,False,158.0,2018-12-14,118958994.08,114789.99075,0.031007595080659842,-0.44269347136909976,dev,clean_long,1
0001104659-18-072952,0001509745,LPTX,2018-12-14,acceptance_time,updated_after_release,2018-12-14T07:20:09,1,yes,aact,2,unclear,2,yes,1,market cap outside $300M-$10B,False,False,159.0,2018-12-17,41462908.379999995,23606.920000000002,0.043440457393724326,0.07364786167752091,dev,clean_long,1
0001477932-18-006009,0001355250,,2018-12-17,release_date_only,unchanged_since_release,2018-12-14T23:59,0,no,aact,0,no,0,no,0,"no ticker printed in the release (missing, or today's SEC ticker)",,,,,,,,,dev,no_trade,0
0001437749-18-022078,0001563855,SPHS,2018-12-17,acceptance_time,unchanged_since_release,2018-12-17T08:05:47,1,unclear,aact,1,unclear,1,yes,0,market cap outside $300M-$10B,False,False,160.0,2018-12-18,62330086.70999999,68711.74449999999,0.04154649133941576,-0.38692392971700296,dev,no_trade,0
0001618835-18-000135,0001618835,EVFM,2018-12-17,acceptance_time,,2018-12-17T06:05:35,1,yes,text,1,yes,,,1,market cap outside $300M-$10B,False,False,160.0,2018-12-18,90535368.0,18825.279000000002,0.038110931399934385,0.16941837532095416,dev,clean_long,1
0001564590-18-030969,0001636651,OVID,2018-12-17,acceptance_time,,2018-12-17T08:05:32,1,yes,text,1,yes,,,2,market cap outside $300M-$10B,False,False,160.0,2018-12-18,73962342.0,43414.619999999995,0.0442796205212785,0.030370756273335076,dev,clean_long,1
0001558370-18-009730,0001557746,ACRS,2018-12-18,acceptance_time,,2018-12-17T16:15:40,0,unclear,text,0,unclear,,,0,market cap outside $300M-$10B,False,False,161.0,2018-12-19,286143975.09000003,1262180.5565,0.03317489075199668,-0.08123645915876188,dev,no_trade,0
0001193125-18-351272,0001401667,PBYI,2018-12-18,acceptance_time,,2018-12-17T20:28:35,0,yes,text,0,yes,,,1,"no ticker printed in the release (missing, or today's SEC ticker)",,,,,,,,,dev,no_trade,0
0001193125-18-351544,0001567514,ITCI,2018-12-18,acceptance_time,updated_after_release,2018-12-18T08:39:56,0,no,"text, match rejected",0,no,0,no,0,,False,False,161.0,2018-12-19,704327879.9699999,1778068.8810000003,0.047001426621808784,-0.01982005010286758,dev,clean_short,-1
0001193125-18-352716,0001160308,SVRA,2018-12-19,acceptance_time,,2018-12-19T08:26:35,2,unclear,text,2,unclear,,,2,market cap outside $300M-$10B,False,False,162.0,2018-12-20,253629726.62,386200.20674999995,0.033063952474162196,-0.05760418841078463,dev,no_trade,0
0001193125-18-353929,0000921299,FGEN,2018-12-20,acceptance_time,,2018-12-20T08:30:56,0,yes,text,0,yes,,,0,,False,False,163.0,2018-12-21,3462006001.44,6118204.7345,0.03271550453314368,0.07647414070720315,dev,clean_long,1
0001144204-18-065510,0001535955,LPCN,2018-12-20,acceptance_time,,2018-12-20T08:00:36,1,unclear,text,1,unclear,,,0,"no ticker printed in the release (missing, or today's SEC ticker)",,,,,,,,,dev,no_trade,0
0001104659-18-074466,0001356576,SUPN,2018-12-21,release_date_only,updated_after_release,2018-12-20T23:59,0,yes,aact,0,yes,0,yes,2,,False,False,164.0,2018-12-24,1716120306.92,7372020.949000001,0.04474217474941362,-0.01174627829579844,dev,clean_long,1
0001564590-18-031301,0001394319,TCON,2018-12-24,acceptance_time,updated_after_release,2018-12-21T16:06:02,0,no,aact,0,no,0,no,1,market cap outside $300M-$10B,False,False,165.0,2018-12-26,20509653.1182,47611.48491,0.09527552624118243,-0.13795145854857505,dev,clean_short,-1
0001193125-18-362273,0001445283,,2019-01-02,acceptance_time,updated_after_release,2018-12-31T16:05:33,0,yes,aact,0,yes,0,yes,1,"no ticker printed in the release (missing, or today's SEC ticker)",,,,,,,,,dev,no_trade,0
0001144204-19-000147,0001138776,GNMX,2019-01-03,acceptance_time,,2019-01-02T16:31:43,0,no,text,0,no,,,0,market cap outside $300M-$10B,False,False,171.0,2019-01-04,50518167.96,40070.475685000005,0.06069796750747584,-0.7333555013670287,dev,clean_short,-1
0001193125-19-001151,0000818033,HRTX,2019-01-03,acceptance_time,updated_after_release,2019-01-03T08:35:35,3,yes,"text, match rejected",3,yes,3,unclear,0,,False,False,171.0,2019-01-04,2028494806.0,5338632.713500001,0.040129757772978336,0.026516293504766142,dev,spun_short,-1
0001193125-19-001094,0001660334,VRCA,2019-01-03,acceptance_time,,2019-01-03T07:45:38,0,yes,text,0,yes,,,0,market cap outside $300M-$10B,False,False,171.0,2019-01-04,200431693.79999998,77513.557,0.09708133170662521,0.1127983447868176,dev,clean_long,1
0001453687-19-000002,0001453687,SELB,2019-01-04,acceptance_time,updated_after_release,2019-01-03T16:14:18,2,yes,aact,2,unclear,2,yes,0,market cap outside $300M-$10B,False,False,172.0,2019-01-07,51150003.35999999,149219.82825,0.058545498927165596,0.006761002801990212,dev,spun_short,-1
0001564590-19-000243,0001515673,RARE,2019-01-07,release_date_only,updated_after_release,2019-01-04T23:59,1,yes,aact,1,unclear,1,yes,1,,False,False,173.0,2019-01-08,2174923617.0,7602252.1755,0.04133106743629754,-0.023358897795839217,dev,clean_long,1
0001600132-19-000020,0001600132,BLPH,2019-01-07,acceptance_time,,2019-01-07T08:37:37,3,unclear,text,3,unclear,,,1,market cap outside $300M-$10B,False,False,173.0,2019-01-08,50071210.5236,62151.94687,0.06815755802059448,0.2170580062074967,dev,spun_short,-1
0001561743-19-000003,0001561743,,2019-01-15,acceptance_time,,2019-01-14T16:06:21,1,unclear,text,1,unclear,,,0,"no ticker printed in the release (missing, or today's SEC ticker)",,,,,,,,,dev,no_trade,0
0001104659-19-002008,0001674365,APTX,2019-01-16,acceptance_time,updated_after_release,2019-01-16T08:00:25,2,no,aact,2,no,2,no,4,illiquid (Nasdaq 20-day dollar volume < $1.2M),False,False,180.0,2019-01-17,597257643.52,573071.3869999999,0.052962995139875055,-0.6629587781607206,dev,no_trade,0
0001193125-19-010961,0001374690,ZFGN,2019-01-17,acceptance_time,updated_after_release,2019-01-17T07:30:02,1,yes,aact,0,yes,0,yes,2,market cap outside $300M-$10B,False,False,181.0,2019-01-18,174398789.4,249507.88600000003,0.029057092061555496,-0.0031030484893952437,dev,clean_long,1
0001193125-19-012092,0001537917,TYME,2019-01-18,acceptance_time,updated_after_release,2019-01-18T08:01:08,4,no,aact,3,unclear,4,unclear,1,illiquid (Nasdaq 20-day dollar volume < $1.2M),False,False,182.0,2019-01-22,383183625.72,762579.248,0.12453598302562714,-0.3633101688813761,dev,no_trade,0
0001144204-19-002174,0000850261,SRNE,2019-01-22,acceptance_time,updated_after_release,2019-01-22T07:00:23,1,yes,aact,1,yes,1,yes,0,market cap outside $300M-$10B,False,False,183.0,2019-01-23,280006239.43,833537.5075000001,0.05077753032356884,-0.03491197227367593,dev,clean_long,1
0001140361-19-001362,0001228627,RNN,2019-01-23,acceptance_time,updated_after_release,2019-01-22T16:48:43,2,unclear,aact,2,unclear,1,unclear,0,market cap outside $300M-$10B,False,True,184.0,2019-01-24,38083987.55,27368.622989999996,0.07604460116138873,-0.3812189756059795,dev,no_trade,0
0001564590-19-001269,0001564824,ALLK,2019-01-29,acceptance_time,,2019-01-29T08:08:49,1,yes,text,1,yes,,,0,,False,False,188.0,2019-01-30,1804544578.15,3594956.746250001,0.03506895864117603,-0.07835447056865852,dev,clean_long,1
0001171843-19-000573,0001629137,GBT,2019-01-30,acceptance_time,unchanged_since_release,2019-01-29T17:17:54,2,yes,aact,1,unclear,1,yes,1,,False,False,189.0,2019-01-31,2345759239.68,7977362.877500002,0.02919875398650297,0.02947620182089139,dev,spun_short,-1
0001144204-19-003625,0001682639,EYEN,2019-01-30,acceptance_time,,2019-01-30T07:27:49,0,yes,text,0,yes,,,0,market cap outside $300M-$10B,False,False,189.0,2019-01-31,26634949.44,24225.286500000002,0.042034110061828,0.2144522144522143,dev,clean_long,1
0001104659-19-004865,0001082554,UTHR,2019-02-01,acceptance_time,,2019-01-31T20:00:29,2,yes,text,2,yes,,,1,,False,False,191.0,2019-02-04,5023422264.5,9988527.5835,0.01355181348500024,0.00060722998343965,dev,spun_short,-1
0001493152-19-001233,0001444307,ONCS,2019-02-01,acceptance_time,updated_after_release,2019-02-01T08:30:39,2,unclear,aact,2,unclear,1,unclear,1,market cap outside $300M-$10B,False,False,191.0,2019-02-04,56766161.76,72910.07718,0.05599072527199365,-0.24306167161387837,dev,no_trade,0
0001144204-19-004918,0001006281,PLX,2019-02-05,acceptance_time,,2019-02-05T07:08:29,2,unclear,text,2,unclear,,,1,market cap outside $300M-$10B,False,False,193.0,2019-02-06,79959244.9269,32657.162300000007,0.05542719692723541,-0.09992580772508253,dev,no_trade,0
0001104659-19-005571,0001720893,BTAI,2019-02-05,acceptance_time,updated_after_release,2019-02-04T17:03:29,2,yes,"text, match rejected",2,yes,2,yes,1,market cap outside $300M-$10B,False,False,193.0,2019-02-06,93403903.64999999,45443.19550000001,0.050694641460867225,0.13705516318998667,dev,spun_short,-1
0001125345-19-000012,0001125345,MGNX,2019-02-06,acceptance_time,updated_after_release,2019-02-06T08:09:00,0,unclear,aact,0,unclear,0,unclear,0,"no ticker printed in the release (missing, or today's SEC ticker)",,,,,,,,,dev,no_trade,0
0001193125-19-031637,0001656328,SNNA,2019-02-08,acceptance_time,,2019-02-08T09:12:30,0,yes,text,0,yes,,,0,market cap outside $300M-$10B,False,False,196.0,2019-02-11,57078272.7,106954.58300000001,0.04515412455744859,0.043190146349838754,dev,clean_long,1
0001104659-19-007141,0001261249,AGRX,2019-02-12,acceptance_time,,2019-02-11T17:00:48,0,yes,text,0,yes,,,0,market cap outside $300M-$10B,False,False,198.0,2019-02-13,31077105.416,43130.966865,0.03753337591653065,0.05688175845149246,dev,clean_long,1
0001193125-19-035877,0001682852,MRNA,2019-02-13,acceptance_time,updated_after_release,2019-02-12T16:01:34,0,yes,aact,0,yes,0,yes,0,no shares outstanding,False,False,,,,,,,dev,no_trade,0
0001615774-19-002632,0000906709,NKTR,2019-02-19,acceptance_time,updated_after_release,2019-02-15T16:08:01,1,unclear,"text, match rejected",1,unclear,2,unclear,0,,False,False,202.0,2019-02-20,7215923280.389999,19179369.6805,0.027421589651579308,0.03772071264067178,dev,no_trade,0
0001144204-19-009885,0001270073,ICPT,2019-02-20,release_date_only,,2019-02-19T23:59,0,yes,text,0,yes,,,2,,False,False,203.0,2019-02-21,3476096738.96,26273829.8765,0.03087326617569007,-0.1512086533193132,dev,clean_long,1
0001564590-19-003668,0001515673,RARE,2019-02-22,acceptance_time,updated_after_release,2019-02-21T16:04:56,0,yes,aact,1,yes,0,yes,0,,False,False,205.0,2019-02-25,2987512093.08,6880895.611,0.02671859643612577,0.006983040950068409,dev,clean_long,1
0001564590-19-004252,0001501989,CTMX,2019-02-26,acceptance_time,updated_after_release,2019-02-26T07:36:10,1,yes,aact,2,unclear,1,yes,3,,False,False,207.0,2019-02-27,862336112.64,1598563.6544999997,0.03684638902210307,-0.3066761657433029,dev,clean_long,1
0001144204-19-009850,0001279704,CLRB,2019-02-26,acceptance_time,updated_after_release,2019-02-25T16:03:15,2,unclear,aact,2,unclear,3,unclear,1,market cap outside $300M-$10B,False,False,207.0,2019-02-27,9658305.579999998,30204.1515,0.028126309694803384,-0.0313668698991284,dev,no_trade,0
0001144204-19-010780,0001000694,NVAX,2019-02-28,acceptance_time,,2019-02-28T08:55:34,3,no,text,3,no,,,2,"no ticker printed in the release (missing, or today's SEC ticker)",,,,,,,,,dev,no_trade,0
0001654954-19-002047,0001001316,TGTX,2019-02-28,acceptance_time,,2019-02-28T07:33:41,1,yes,text,1,yes,,,0,,False,False,209.0,2019-03-01,431065819.6,1589540.5724999998,0.028831417120797377,0.32246287603193124,dev,clean_long,1
0001193125-19-056253,0001213037,TROV,2019-02-28,acceptance_time,updated_after_release,2019-02-28T10:38:32,0,unclear,aact,1,unclear,1,unclear,0,reverse split between shares filing and event,False,False,,,,,,,dev,no_trade,0
0001553350-19-000179,0001476963,,2019-02-28,acceptance_time,updated_after_release,2019-02-28T14:37:26,2,unclear,aact,2,unclear,2,yes,3,"no ticker printed in the release (missing, or today's SEC ticker)",,,,,,,,,dev,no_trade,0
0001193125-19-055871,0001492426,,2019-02-28,acceptance_time,,2019-02-28T09:06:35,0,yes,text,0,yes,,,1,"no ticker printed in the release (missing, or today's SEC ticker)",,,,,,,,,dev,no_trade,0
0001615774-19-003462,0000906709,NKTR,2019-03-04,acceptance_time,updated_after_release,2019-03-01T16:45:17,1,unclear,aact,1,unclear,1,unclear,0,,False,False,211.0,2019-03-05,6642085110.849999,21556655.532999996,0.03243308301639993,0.013799340280935435,dev,no_trade,0
0001564590-19-005930,0001169245,PHAS,2019-03-04,acceptance_time,,2019-03-04T08:00:34,1,unclear,text,1,unclear,,,0,market cap outside $300M-$10B,False,False,211.0,2019-03-05,74719738.75,9695.334000000003,0.028712993874654293,0.03635912370701455,dev,no_trade,0
0001193125-19-062224,0001510487,PRNB,2019-03-04,release_date_only,,2019-03-01T23:59,0,yes,text,0,yes,,,0,illiquid (Nasdaq 20-day dollar volume < $1.2M),False,False,211.0,2019-03-05,905757372.52,277047.8625,0.034398879449244586,-0.06389567426842135,dev,clean_long,1
0000792977-19-000050,0000792977,AMAG,2019-03-08,acceptance_time,updated_after_release,2019-03-08T08:04:04,0,no,aact,0,no,0,no,1,,False,False,215.0,2019-03-11,476264143.6,2529977.7490000003,0.027301346643898775,-0.17354079207600648,dev,clean_short,-1
0001104659-19-013732,0001634432,SBBP,2019-03-11,acceptance_time,,2019-03-11T07:42:02,1,yes,text,1,yes,,,3,market cap outside $300M-$10B,False,False,216.0,2019-03-12,275127455.84000003,136567.43300000002,0.021634138944598095,0.052598498070665745,dev,clean_long,1
0001193125-19-077488,0001422142,ARPO,2019-03-18,acceptance_time,updated_after_release,2019-03-18T07:58:05,1,no,aact,1,no,2,no,2,market cap outside $300M-$10B,False,False,221.0,2019-03-19,168440216.60000002,256579.64650000003,0.05552456637014859,-0.7112824256376884,dev,clean_short,-1
0001104659-19-015410,0001509745,LPTX,2019-03-18,acceptance_time,updated_after_release,2019-03-18T08:31:12,2,unclear,aact,2,unclear,3,unclear,2,market cap outside $300M-$10B,False,False,221.0,2019-03-19,33082107.75,377807.22024999995,0.0779816246663125,0.028262420413181832,dev,spun_short,-1
0001193125-19-077442,0001557883,DERM,2019-03-18,acceptance_time,updated_after_release,2019-03-18T07:12:49,0,yes,aact,0,yes,0,yes,0,market cap outside $300M-$10B,False,False,221.0,2019-03-19,289101380.61,1612239.958,0.05037809629764682,0.8434177807515582,dev,clean_long,1
0001104659-19-015610,0001261249,,2019-03-19,acceptance_time,,2019-03-18T16:31:13,0,yes,text,0,yes,,,0,"no ticker printed in the release (missing, or today's SEC ticker)",,,,,,,,,dev,no_trade,0
0001564590-19-008654,0001740547,UROV,2019-03-20,release_date_only,updated_after_release,2019-03-19T23:59,0,yes,aact,0,yes,0,yes,2,illiquid (Nasdaq 20-day dollar volume < $1.2M),False,False,223.0,2019-03-21,335068166.55,247586.86000000002,0.054251854374004246,0.06257198458245472,dev,clean_long,1
0001171843-19-001889,0001383701,,2019-03-22,acceptance_time,updated_after_release,2019-03-21T16:05:12,0,no,aact,0,no,0,no,0,"no ticker printed in the release (missing, or today's SEC ticker)",,,,,,,,,dev,no_trade,0
0001193125-19-084285,0001445283,PTI,2019-03-25,acceptance_time,updated_after_release,2019-03-25T07:15:43,2,yes,aact,2,unclear,2,yes,0,market cap outside $300M-$10B,False,False,226.0,2019-03-26,207735303.05,693689.8550000001,0.03790893553323734,-0.6773829372281455,dev,no_trade,0
0001193125-19-084341,0001631650,AIMT,2019-03-25,acceptance_time,updated_after_release,2019-03-25T08:16:02,0,yes,aact,0,yes,0,yes,0,,False,False,226.0,2019-03-26,1335759447.1200001,4067401.0585000007,0.029045722235532187,0.030415643475463217,dev,clean_long,1
0001659617-19-000030,0001659617,MBRX,2019-03-26,acceptance_time,updated_after_release,2019-03-26T07:31:40,2,unclear,aact,1,unclear,1,yes,1,market cap outside $300M-$10B,False,False,227.0,2019-03-27,37087261.9,27896.185500000003,0.01953065683232285,-0.10438586524258608,dev,no_trade,0
0001144204-19-016088,0001535955,LPCN,2019-03-27,acceptance_time,updated_after_release,2019-03-27T08:00:19,2,unclear,text,2,unclear,2,no,0,market cap outside $300M-$10B,False,False,228.0,2019-03-28,52294896.12,163353.85500000007,0.030628721112210665,0.036205593925287105,dev,spun_short,-1
0001564590-19-009692,0000873303,SRPT,2019-03-28,acceptance_time,updated_after_release,2019-03-28T08:38:00,3,unclear,aact,1,yes,3,unclear,0,,False,False,229.0,2019-03-29,8316939769.139999,57876430.179,0.032569639436289065,0.0034928540021050836,dev,spun_short,-1
0001193125-19-089251,0001060736,SGEN,2019-03-28,acceptance_time,,2019-03-28T07:02:02,0,yes,text,0,yes,,,1,market cap outside $300M-$10B,False,False,229.0,2019-03-29,12072599184.46,11993198.841000002,0.01864204082962362,-0.05923914441634803,dev,clean_long,1
0001171843-19-002031,0001359931,PRTO,2019-03-28,acceptance_time,updated_after_release,2019-03-28T08:00:33,0,no,aact,0,no,0,no,0,market cap outside $300M-$10B,False,False,229.0,2019-03-29,66775468.970000006,252532.20599999995,0.07235544444864002,-0.8662483234682256,dev,clean_short,-1
0001595585-19-000060,0001595585,TCDA,2019-03-28,acceptance_time,updated_after_release,2019-03-28T07:29:25,3,yes,aact,1,yes,3,yes,0,illiquid (Nasdaq 20-day dollar volume < $1.2M),False,False,229.0,2019-03-29,1009716363.9200001,1112388.304,0.029467497543709382,0.5610061369010062,dev,spun_short,-1
0001654954-19-003766,0001001316,TGTX,2019-04-01,acceptance_time,,2019-04-01T08:33:25,0,yes,text,0,yes,,,2,,False,False,231.0,2019-04-02,674319189.8399999,4242487.338,0.042607057186968104,0.008567414804018014,dev,clean_long,1
0001193125-19-094145,0001213037,TROV,2019-04-01,acceptance_time,updated_after_release,2019-04-01T13:10:33,1,unclear,aact,2,unclear,2,unclear,1,market cap outside $300M-$10B,False,False,231.0,2019-04-02,15080651.25,1950034.5762499995,0.09028825640381788,0.2677713949035203,dev,no_trade,0
0001193125-19-094135,0001434418,CNST,2019-04-01,acceptance_time,updated_after_release,2019-04-01T13:00:48,2,yes,aact,1,yes,2,unclear,0,illiquid (Nasdaq 20-day dollar volume < $1.2M),False,False,231.0,2019-04-02,349151513.37,308067.16650000005,0.06819937420201336,0.006278416337371029,dev,spun_short,-1
0001651308-19-000031,0001651308,BGNE,2019-04-02,release_date_only,updated_after_release,2019-04-01T23:59,1,yes,aact,1,unclear,1,yes,0,market cap outside $300M-$10B,False,False,232.0,2019-04-03,107499437115.84,10059966.9515,0.036411676505635,0.009375447488166655,dev,clean_long,1
0001654954-19-004073,0001411685,VTGN,2019-04-02,release_date_only,,2019-04-01T23:59,2,yes,text,2,yes,,,0,market cap outside $300M-$10B,False,False,232.0,2019-04-03,41079013.800000004,74707.54449999999,0.0466673412446983,-0.0371046228710461,dev,no_trade,0
0001280600-19-000017,0001280600,XLRN,2019-04-05,release_date_only,updated_after_release,2019-04-04T23:59,0,no,aact,0,no,0,no,0,,False,False,235.0,2019-04-08,2391200772.12,3513440.8485,0.02656312753870349,-0.006518536585572221,dev,clean_short,-1
0001564590-19-010958,0001636282,AGLE,2019-04-08,release_date_only,updated_after_release,2019-04-07T23:59,1,yes,aact,1,yes,1,yes,2,market cap outside $300M-$10B,False,False,236.0,2019-04-09,252750523.0,472727.4625,0.022097804328694865,-0.0708206402423458,dev,clean_long,1
0001104659-19-020230,0001082554,UTHR,2019-04-08,acceptance_time,,2019-04-08T06:05:17,0,no,text,0,no,,,0,,False,False,236.0,2019-04-09,5284730839.320001,12854094.9205,0.013825717767928248,-0.05078337525576393,dev,clean_short,-1
0001564590-19-011445,0001394319,TCON,2019-04-12,acceptance_time,updated_after_release,2019-04-12T07:04:44,0,no,aact,0,no,0,no,1,market cap outside $300M-$10B,False,False,240.0,2019-04-15,38868307.4,117545.49049999999,0.06394048905274934,-0.4802686592438933,dev,clean_short,-1
0001193125-19-105182,0001466301,,2019-04-15,acceptance_time,,2019-04-12T16:15:55,0,no,text,0,no,,,0,"no ticker printed in the release (missing, or today's SEC ticker)",,,,,,,,,dev,no_trade,0
0001104659-19-021219,0001579428,AXSM,2019-04-15,acceptance_time,updated_after_release,2019-04-15T07:05:38,0,yes,aact,0,yes,1,yes,0,,False,False,241.0,2019-04-16,447953578.3,5002881.265,0.07942881995070307,0.07472157645510791,dev,clean_long,1
0001193125-19-107259,0001631574,WVE,2019-04-16,acceptance_time,updated_after_release,2019-04-16T08:28:08,0,unclear,"text, match rejected",0,unclear,0,unclear,2,,False,False,242.0,2019-04-17,1164925051.42,3443617.484,0.05048878900958642,-0.2810558927921959,dev,no_trade,0
0001193125-19-119188,0000908259,MATN,2019-04-25,acceptance_time,,2019-04-25T13:45:02,3,unclear,text,3,unclear,,,1,no prices for the release's ticker,,,,,,,,,dev,no_trade,0
0001104659-19-024280,0001264587,STML,2019-04-26,release_date_only,,2019-04-25T23:59,0,yes,text,0,yes,,,0,,False,False,249.0,2019-04-29,619988022.63,1979292.6334999998,0.0321839864307658,0.027172477008157836,dev,clean_long,1
0001493152-19-006051,0000876343,BTX,2019-04-29,release_date_only,updated_after_release,2019-04-26T23:59,1,yes,aact,1,yes,1,yes,1,market cap outside $300M-$10B,False,False,250.0,2019-04-30,182220329.72,65050.48575000001,0.03379691612069026,0.05548477536999874,dev,clean_long,1
0001213900-19-007374,0001506251,CTXR,2019-04-30,acceptance_time,updated_after_release,2019-04-30T09:35:01,3,unclear,"text, match rejected",3,unclear,3,unclear,1,market cap outside $300M-$10B,False,False,251.0,2019-05-01,20279794.2,38994.417499999996,0.028198713075378364,-0.023792856612366187,dev,no_trade,0
0001564590-19-014708,0001628738,BOLD,2019-05-01,acceptance_time,updated_after_release,2019-05-01T14:15:38,0,yes,aact,1,unclear,1,yes,3,,False,False,252.0,2019-05-02,1647406527.6399999,3406818.5589999994,0.026286739721640657,0.003638489883345697,dev,clean_long,1
0001144204-19-022661,0001651407,CKPT,2019-05-01,acceptance_time,updated_after_release,2019-05-01T07:45:33,1,yes,aact,1,unclear,1,yes,0,market cap outside $300M-$10B,False,False,252.0,2019-05-02,108304616.0,56513.778000000006,0.06114055388100501,0.0742510858081934,dev,clean_long,1
0001193125-19-134882,0001439222,AGIO,2019-05-02,acceptance_time,updated_after_release,2019-05-02T15:24:03,0,yes,aact,0,yes,0,yes,0,,False,False,253.0,2019-05-03,3113643741.08,6706773.3815,0.02252509592809923,-0.047367160461569746,dev,clean_long,1
0001564590-19-014883,0001293971,,2019-05-02,acceptance_time,updated_after_release,2019-05-01T17:11:50,0,yes,aact,0,yes,0,yes,0,"no ticker printed in the release (missing, or today's SEC ticker)",,,,,,,,,dev,no_trade,0
0001654954-19-005208,0001411685,VTGN,2019-05-03,acceptance_time,,2019-05-02T17:22:18,0,no,text,0,no,,,1,market cap outside $300M-$10B,False,False,254.0,2019-05-06,17430572.4465,53046.88384499999,0.10598702191400831,-0.023243659399195926,dev,clean_short,-1
0001171843-19-002975,0001061983,CYTK,2019-05-06,release_date_only,updated_after_release,2019-05-05T23:59,3,no,aact,2,no,3,no,3,illiquid (Nasdaq 20-day dollar volume < $1.2M),False,False,255.0,2019-05-07,485213181.96,928770.9207499999,0.03505194015897308,0.055246724058460206,dev,spun_short,-1
0001104659-19-026958,0001621227,ADAP,2019-05-06,acceptance_time,updated_after_release,2019-05-06T07:08:48,2,unclear,"text, match rejected",2,unclear,2,unclear,2,illiquid (Nasdaq 20-day dollar volume < $1.2M),False,False,255.0,2019-05-07,2914610738.24,272075.1135,0.04130122404170373,-0.08180663840058167,dev,no_trade,0
0001104659-19-027408,0001689813,,2019-05-06,release_date_only,updated_after_release,2019-05-04T23:59,0,yes,aact,0,yes,0,yes,2,"no ticker printed in the release (missing, or today's SEC ticker)",,,,,,,,,dev,no_trade,0
0001104659-19-027407,0001739426,OSMT,2019-05-07,release_date_only,updated_after_release,2019-05-06T23:59,0,yes,aact,0,yes,0,yes,0,market cap outside $300M-$10B,False,False,256.0,2019-05-08,203248235.88,25056.170000000002,0.018083223258451332,0.01666205925223274,dev,clean_long,1
0001104659-19-027293,0000827871,EGRX,2019-05-07,acceptance_time,,2019-05-07T07:01:42,1,yes,text,1,yes,,,0,,False,False,256.0,2019-05-08,741886490.88,2425456.242,0.03391862186748879,0.10100366830314422,dev,clean_long,1
0001564590-19-016491,0001564824,ALLK,2019-05-08,acceptance_time,updated_after_release,2019-05-07T16:05:24,2,yes,aact,3,unclear,2,yes,0,,False,False,257.0,2019-05-09,1684857140.91,1779374.6814999997,0.03583049794932217,0.038509863560302726,dev,spun_short,-1
0001659617-19-000062,0001659617,MBRX,2019-05-08,acceptance_time,updated_after_release,2019-05-07T16:34:06,2,yes,aact,2,unclear,1,yes,1,market cap outside $300M-$10B,False,False,257.0,2019-05-09,39654841.57,3224481.9959400003,0.39823058113657395,-0.03661744825103086,dev,no_trade,0
0001564590-19-016785,0001082038,DRRX,2019-05-08,acceptance_time,updated_after_release,2019-05-07T21:45:30,3,unclear,aact,3,unclear,3,unclear,0,market cap outside $300M-$10B,False,False,257.0,2019-05-09,130537384.524,108662.59307500001,0.11286385073872635,0.08106034980902854,dev,spun_short,-1
0001104659-19-028486,0001590560,QURE,2019-05-10,acceptance_time,updated_after_release,2019-05-10T11:06:28,0,yes,aact,1,yes,0,yes,0,no shares outstanding,False,False,,,,,,,dev,no_trade,0
0001493152-19-006739,0001076682,PTE,2019-05-10,acceptance_time,,2019-05-10T07:43:21,3,unclear,text,3,unclear,,,0,market cap outside $300M-$10B,False,False,259.0,2019-05-13,178065524.18,724658.04075,0.03975608664193049,-0.035450488604854447,dev,no_trade,0
0001193125-19-146046,0000818033,HRTX,2019-05-14,acceptance_time,updated_after_release,2019-05-14T08:35:32,2,unclear,"text, match rejected",2,unclear,3,unclear,0,,False,False,261.0,2019-05-15,1384507417.7700002,8831605.929249998,0.05285002216301971,0.01579554327032251,dev,spun_short,-1
0001193125-19-148632,0001598646,NERV,2019-05-14,release_date_only,updated_after_release,2019-05-13T23:59,2,yes,"text, match rejected",2,yes,1,yes,0,market cap outside $300M-$10B,False,False,261.0,2019-05-15,266153712.22,263720.6515,0.026172449861256178,-0.020507968254721454,dev,no_trade,0
0001193125-19-148650,0001434418,CNST,2019-05-16,acceptance_time,updated_after_release,2019-05-16T09:01:15,2,unclear,aact,2,unclear,2,unclear,0,market cap outside $300M-$10B,False,False,263.0,2019-05-17,288782892.51,121135.47100000002,0.03723541617926874,-0.03722753411361501,dev,no_trade,0
0001193125-19-149994,0001070336,,2019-05-17,acceptance_time,updated_after_release,2019-05-17T09:00:44,4,unclear,"text, match rejected",4,unclear,2,unclear,0,"no ticker printed in the release (missing, or today's SEC ticker)",,,,,,,,,dev,no_trade,0
0001104659-19-030423,0001720893,BTAI,2019-05-20,acceptance_time,,2019-05-20T09:04:30,0,yes,text,0,yes,,,2,market cap outside $300M-$10B,False,False,265.0,2019-05-21,170130609.72,93626.75125,0.049657221457499436,0.03434068999624185,dev,clean_long,1
0001100412-19-000023,0001100412,ARRY,2019-05-21,acceptance_time,,2019-05-21T08:02:51,0,yes,text,0,yes,,,0,,False,False,266.0,2019-05-22,4647895992.4800005,12518901.1845,0.024056728583786626,0.19693333018221337,dev,clean_long,1
0001104659-19-030555,0001393434,OCUL,2019-05-21,acceptance_time,updated_after_release,2019-05-20T16:14:40,1,no,aact,1,no,1,no,0,market cap outside $300M-$10B,False,False,266.0,2019-05-22,144360615.86,323317.04825,0.032362392242679616,-0.2605609502898458,dev,clean_short,-1
0001171843-19-003529,0000882796,BCRX,2019-05-21,acceptance_time,updated_after_release,2019-05-21T08:00:45,0,yes,aact,0,yes,0,yes,0,,False,False,266.0,2019-05-22,815212486.1899999,1714953.0482500002,0.031534477317499206,-0.5611676728237054,dev,clean_long,1
0001583648-19-000028,0001583648,PVLA,2019-05-22,acceptance_time,updated_after_release,2019-05-22T14:34:28,0,unclear,aact,0,unclear,0,unclear,0,"no ticker printed in the release (missing, or today's SEC ticker)",,,,,,,,,dev,no_trade,0
0001213900-19-009469,0001173313,ABVC,2019-05-23,acceptance_time,,2019-05-23T12:34:38,0,yes,text,0,yes,,,0,"no ticker printed in the release (missing, or today's SEC ticker)",,,,,,,,,dev,no_trade,0
0001193125-19-158835,0001346830,CARA,2019-05-29,acceptance_time,,2019-05-29T07:17:36,0,yes,text,0,yes,,,2,,False,False,271.0,2019-05-30,714733875.88,3215874.404,0.02937347615721959,0.20771213277325884,dev,clean_long,1
0001437749-19-011160,0000946486,WINT,2019-05-31,release_date_only,updated_after_release,2019-05-30T23:59,0,yes,aact,0,yes,0,yes,1,"no trade on previous day, reaction day or entry day",,,,,,,,,dev,no_trade,0
0001193125-19-164088,0001262104,MEIP,2019-06-03,release_date_only,,2019-06-01T23:59,0,yes,text,0,yes,,,0,market cap outside $300M-$10B,False,False,274.0,2019-06-04,203890715.6,117515.07849999999,0.030969535235115312,-0.018220315839363344,dev,clean_long,1
0001193125-19-163365,0001290149,SRRA,2019-06-03,release_date_only,updated_after_release,2019-06-01T23:59,2,unclear,"text, match rejected",2,unclear,2,unclear,1,market cap outside $300M-$10B,False,False,274.0,2019-06-04,84024318.375,124159.89749999999,0.0401102586357879,-0.24853111615016377,dev,no_trade,0
0001558370-19-005447,0001597264,BPMC,2019-06-03,release_date_only,updated_after_release,2019-06-01T23:59,0,yes,"text, match rejected",0,yes,2,unclear,1,,False,False,274.0,2019-06-04,3708502054.0299997,9046100.705500001,0.04480953730454965,-0.04353806882804245,dev,clean_long,1
0001171843-19-003763,0001626971,CRVS,2019-06-03,acceptance_time,updated_after_release,2019-06-03T08:30:43,0,yes,aact,0,yes,0,yes,0,"no ticker printed in the release (missing, or today's SEC ticker)",,,,,,,,,dev,no_trade,0
0001144204-19-029339,0001644963,ATXI,2019-06-03,acceptance_time,unchanged_since_release,2019-06-03T08:45:19,0,yes,aact,0,yes,0,yes,0,market cap outside $300M-$10B,False,False,274.0,2019-06-04,82465050.06,22047.38475,0.026611872296306065,0.18782765225679743,dev,clean_long,1
0001193125-19-163337,0001682852,MRNA,2019-06-03,release_date_only,updated_after_release,2019-06-01T23:59,1,yes,aact,1,unclear,0,yes,1,,False,False,274.0,2019-06-04,6823527819.799999,3329614.2517500003,0.03296562242005446,-0.05154836676625707,dev,clean_long,1
0001564590-19-021520,0001624658,ALNA,2019-06-04,acceptance_time,updated_after_release,2019-06-04T08:01:36,2,unclear,aact,2,unclear,2,unclear,1,market cap outside $300M-$10B,False,False,275.0,2019-06-05,83680577.27999999,102880.53300000001,0.03796396422159468,0.22102334985933392,dev,spun_short,-1
0001493152-19-008650,0000764195,VBIV,2019-06-04,acceptance_time,updated_after_release,2019-06-04T14:25:11,2,yes,aact,1,yes,2,yes,0,market cap outside $300M-$10B,False,False,275.0,2019-06-05,171884921.12,93457.41274999999,0.023898357265664142,-0.027732869046138697,dev,no_trade,0
0001493152-19-008907,0001695357,PRVB,2019-06-10,release_date_only,,2019-06-09T23:59,0,yes,text,0,yes,,,0,market cap outside $300M-$10B,False,False,279.0,2019-06-11,162522794.7,175273.704,0.05118693604613042,2.181317062499827,dev,clean_long,1
0001410578-19-000294,0001674365,APTX,2019-06-10,acceptance_time,updated_after_release,2019-06-10T07:38:54,1,yes,aact,1,yes,0,yes,4,market cap outside $300M-$10B,False,False,279.0,2019-06-11,102029121.44,106923.63050000001,0.036212725294605196,0.14278106733951224,dev,clean_long,1
0001193125-19-171254,0001160308,SVRA,2019-06-13,acceptance_time,,2019-06-12T16:13:00,2,no,text,2,no,,,4,illiquid (Nasdaq 20-day dollar volume < $1.2M),False,False,282.0,2019-06-14,399089640.04,700390.033,0.03183794012793727,-0.7697789805001826,dev,no_trade,0
0001104659-19-035218,0001724344,ETTX,2019-06-13,acceptance_time,updated_after_release,2019-06-13T08:30:20,0,yes,aact,0,yes,0,yes,0,market cap outside $300M-$10B,False,False,282.0,2019-06-14,84701425.8,8449.379,0.01699606033455822,-0.046533424309622706,dev,clean_long,1
0001564590-19-022455,0001645666,KZR,2019-06-14,acceptance_time,updated_after_release,2019-06-13T16:02:48,1,yes,aact,1,yes,2,yes,3,market cap outside $300M-$10B,False,False,283.0,2019-06-17,186987937.38,528060.28575,0.09490216193769424,-0.06867369599591144,dev,clean_long,1
0001193125-19-173019,0001422143,KURA,2019-06-14,acceptance_time,updated_after_release,2019-06-14T07:12:58,2,yes,aact,2,yes,2,yes,1,illiquid (Nasdaq 20-day dollar volume < $1.2M),False,False,283.0,2019-06-17,707559655.9100001,865986.82,0.03459873121449473,0.021959191368523534,dev,spun_short,-1
0001193125-19-173040,0001503802,KPTI,2019-06-14,acceptance_time,,2019-06-14T07:33:00,1,unclear,text,1,unclear,,,1,,False,False,283.0,2019-06-17,349361914.3,1788853.2432499998,0.049551671174645734,0.014034383495049818,dev,no_trade,0
0001171843-19-003994,0001629137,GBT,2019-06-14,acceptance_time,,2019-06-14T06:13:20,0,yes,text,0,yes,,,3,,False,False,283.0,2019-06-17,3244504238.32,11144962.4215,0.028196769177064127,-0.04245679909013189,dev,clean_long,1
0001564590-19-022611,0001382101,STRO,2019-06-17,release_date_only,updated_after_release,2019-06-15T23:59,1,unclear,aact,1,unclear,1,unclear,0,"no ticker printed in the release (missing, or today's SEC ticker)",,,,,,,,,dev,no_trade,0
0001558370-19-005736,0001557746,ACRS,2019-06-17,acceptance_time,,2019-06-17T06:15:18,2,unclear,text,2,unclear,,,1,market cap outside $300M-$10B,False,False,284.0,2019-06-18,192741678.35999998,485179.9875000001,0.03658518114596178,-0.003025246218508082,dev,no_trade,0
0001651308-19-000063,0001651308,BGNE,2019-06-17,release_date_only,updated_after_release,2019-06-14T23:59,2,unclear,aact,1,unclear,2,unclear,1,market cap outside $300M-$10B,False,False,284.0,2019-06-18,91407655622.70001,9891379.07575,0.028897179580628672,-0.07887622992845933,dev,no_trade,0
0001144204-19-031390,0000850261,SRNE,2019-06-19,acceptance_time,updated_after_release,2019-06-19T07:00:34,2,yes,aact,2,yes,2,yes,1,illiquid (Nasdaq 20-day dollar volume < $1.2M),False,False,286.0,2019-06-20,452212119.9,590147.4265000001,0.05133791931331351,-0.006801269670155374,dev,no_trade,0
0000939767-19-000144,0000939767,EXEL,2019-06-20,release_date_only,updated_after_release,2019-06-19T23:59,0,no,aact,0,no,0,no,0,,False,False,287.0,2019-06-21,6331079128.88,10604827.362999998,0.022541798586460077,0.009367323011516104,dev,clean_short,-1
0001437749-19-012278,0001401040,DMAC,2019-06-20,acceptance_time,updated_after_release,2019-06-19T16:05:27,1,yes,aact,1,yes,1,yes,3,market cap outside $300M-$10B,False,False,287.0,2019-06-21,45675258.68,31686.71,0.07004970973406184,0.2604266714810133,dev,clean_long,1
0001193125-19-179370,0001711279,KRYS,2019-06-24,acceptance_time,updated_after_release,2019-06-24T08:08:32,2,yes,aact,3,unclear,2,yes,0,illiquid (Nasdaq 20-day dollar volume < $1.2M),False,False,289.0,2019-06-25,423196571.7,897574.2795,0.03223832972501421,0.43482293631251323,dev,spun_short,-1
0001171843-19-004145,0001383701,,2019-06-25,acceptance_time,,2019-06-24T16:06:50,0,no,text,0,no,,,1,"no ticker printed in the release (missing, or today's SEC ticker)",,,,,,,,,dev,no_trade,0
0001558370-19-005869,0001504167,BPMX,2019-06-25,acceptance_time,updated_after_release,2019-06-25T08:00:36,0,yes,aact,0,yes,0,yes,0,market cap outside $300M-$10B,False,False,290.0,2019-06-26,8973860.28,25846.524274999996,0.02865718516641215,-0.05633024852789825,dev,clean_long,1
0001193125-19-181947,0001598646,NERV,2019-06-25,release_date_only,updated_after_release,2019-06-24T23:59,0,yes,"text, match rejected",0,yes,0,yes,2,market cap outside $300M-$10B,False,False,290.0,2019-06-26,232201552.45000002,2093170.7045000002,0.0984751059643879,-0.0612672233178142,dev,clean_long,1
0001558370-19-005901,0001638287,GEMP,2019-06-26,acceptance_time,,2019-06-26T08:09:02,2,unclear,text,2,unclear,,,0,market cap outside $300M-$10B,False,False,291.0,2019-06-27,18117071.97,15318.459000000003,0.10762120484374518,-0.24777466981813767,dev,no_trade,0
0001437749-19-012879,0001488039,ATOS,2019-06-27,acceptance_time,updated_after_release,2019-06-27T12:48:54,2,yes,"text, match rejected",2,yes,2,yes,1,market cap outside $300M-$10B,False,False,292.0,2019-06-28,20348152.36,61689.405000000006,0.04270015383898863,0.14294745756451444,dev,spun_short,-1
0001193125-19-183398,0001660334,VRCA,2019-06-27,release_date_only,updated_after_release,2019-06-26T23:59,0,yes,aact,0,yes,0,yes,0,market cap outside $300M-$10B,False,False,292.0,2019-06-28,242945183.24999997,90090.6545,0.05413126867282352,-0.0031175055408074748,dev,clean_long,1
0001564590-19-023957,0000921299,KYNB,2019-06-28,acceptance_time,updated_after_release,2019-06-28T09:01:26,3,unclear,aact,3,unclear,3,unclear,0,"no ticker printed in the release (missing, or today's SEC ticker)",,,,,,,,,dev,no_trade,0
0001104659-19-038107,0001261249,,2019-06-28,acceptance_time,,2019-06-28T08:00:39,0,yes,text,0,yes,,,0,"no ticker printed in the release (missing, or today's SEC ticker)",,,,,,,,,dev,no_trade,0
0001104659-19-039704,0001590560,QURE,2019-07-08,release_date_only,updated_after_release,2019-07-06T23:59,0,yes,aact,1,unclear,0,yes,1,no shares outstanding,False,False,,,,,,,dev,no_trade,0
0001193125-19-189981,0001567514,ITCI,2019-07-08,acceptance_time,updated_after_release,2019-07-08T07:10:32,0,yes,aact,0,yes,0,yes,2,,False,False,298.0,2019-07-09,741560706.25,2080473.1449999996,0.056058863571534584,-0.11324598951464726,dev,clean_long,1
0001193125-19-190905,0001537917,TYME,2019-07-09,acceptance_time,updated_after_release,2019-07-09T07:30:38,3,no,aact,3,unclear,3,unclear,3,market cap outside $300M-$10B,False,False,299.0,2019-07-10,167926405.5,329090.59858,0.06952826975391657,-0.01575446376473355,dev,no_trade,0
0001144204-19-034627,0001133869,CAPR,2019-07-15,acceptance_time,updated_after_release,2019-07-15T06:05:56,3,no,aact,2,yes,3,unclear,1,market cap outside $300M-$10B,False,False,303.0,2019-07-16,112347758.16000001,24995.08075,0.04327671654044736,0.9178278511611846,dev,spun_short,-1
0001193125-19-193574,0001681087,AVRO,2019-07-15,acceptance_time,updated_after_release,2019-07-15T07:07:53,0,yes,aact,0,yes,0,yes,1,illiquid (Nasdaq 20-day dollar volume < $1.2M),False,False,303.0,2019-07-16,346509808.75,523431.74499999994,0.04383063112977781,0.14202667251447743,dev,clean_long,1
0001694187-19-000056,0001694187,NTGN,2019-07-15,acceptance_time,,2019-07-15T07:47:10,3,unclear,text,3,unclear,,,1,market cap outside $300M-$10B,False,False,303.0,2019-07-16,123241346.39999999,110599.74399999999,0.029849088118858527,0.05705731050558649,dev,spun_short,-1
0001104659-19-040934,0001447028,ABUS,2019-07-16,release_date_only,,2019-07-15T23:59,2,unclear,text,2,unclear,,,0,market cap outside $300M-$10B,False,False,304.0,2019-07-17,134734907.64000002,357087.2835,0.11046755474720538,-0.10886594628926383,dev,no_trade,0
0001659617-19-000114,0001659617,MBRX,2019-07-19,acceptance_time,updated_after_release,2019-07-18T16:02:04,1,unclear,aact,1,unclear,1,yes,0,market cap outside $300M-$10B,False,False,307.0,2019-07-22,54230457.6,59271.95850000001,0.03139294147118926,0.006983953318745462,dev,no_trade,0
0001144204-19-035266,0001094038,MRKR,2019-07-22,release_date_only,,2019-07-20T23:59,2,unclear,text,2,unclear,,,1,market cap outside $300M-$10B,False,False,308.0,2019-07-23,287461932.56,1445725.2715,0.07343503677155949,-0.05147253682730024,dev,no_trade,0
0001213900-19-013239,0001638381,,2019-07-22,acceptance_time,updated_after_release,2019-07-22T08:00:16,3,unclear,aact,3,unclear,3,unclear,2,"no ticker printed in the release (missing, or today's SEC ticker)",,,,,,,,,dev,no_trade,0
0001104659-19-041197,0001720893,BTAI,2019-07-22,acceptance_time,,2019-07-22T09:29:19,0,yes,text,0,yes,,,2,market cap outside $300M-$10B,False,False,308.0,2019-07-23,165274211.10000002,91481.23749999999,0.025564105128118537,-0.0038474543388486993,dev,clean_long,1
0001193125-19-199353,0001339469,CHMA,2019-07-23,acceptance_time,updated_after_release,2019-07-23T06:10:06,0,yes,aact,0,yes,0,yes,1,market cap outside $300M-$10B,False,False,309.0,2019-07-24,196961073.0,467316.61399999994,0.04074952459780327,0.27322948622151466,dev,clean_long,1
0001193125-19-200528,0001597553,SAGE,2019-07-24,acceptance_time,updated_after_release,2019-07-24T07:18:55,2,yes,aact,2,unclear,2,yes,3,,False,False,310.0,2019-07-25,9205051209.06,15633306.6595,0.023660613632857208,-0.03880360156417906,dev,no_trade,0
0001144204-19-035881,0000318306,ABEO,2019-07-25,acceptance_time,updated_after_release,2019-07-25T09:20:14,2,unclear,aact,2,unclear,2,yes,1,market cap outside $300M-$10B,False,False,311.0,2019-07-26,182391194.37,605377.1285,0.027801980292286827,-0.10133060805693761,dev,no_trade,0
0001564590-19-025941,0000921299,FGEN,2019-07-25,acceptance_time,updated_after_release,2019-07-24T21:46:41,0,yes,"text, match rejected",0,yes,1,yes,2,,False,False,311.0,2019-07-26,4061055163.8,5988184.575,0.025279920807236032,0.01437835549483324,dev,clean_long,1
0001193125-19-204244,0001062822,LXRX,2019-07-29,acceptance_time,,2019-07-26T18:49:02,1,unclear,text,1,unclear,,,2,illiquid (Nasdaq 20-day dollar volume < $1.2M),False,False,313.0,2019-07-30,604687264.63,675888.49575,0.03201304352143931,-0.7006531582032087,dev,no_trade,0
0001564590-19-026439,0001468748,KOD,2019-07-29,release_date_only,updated_after_release,2019-07-27T23:59,1,yes,aact,1,unclear,1,yes,1,illiquid (Nasdaq 20-day dollar volume < $1.2M),False,False,313.0,2019-07-30,468780583.9,705367.8885,0.05299891632380495,0.014145563134128514,dev,clean_long,1
0001193125-19-204788,0001610618,CDTX,2019-07-29,acceptance_time,,2019-07-29T07:57:59,1,yes,text,1,yes,,,3,market cap outside $300M-$10B,False,False,313.0,2019-07-30,43959054.15,19150.5485,0.029169010768037275,-0.009786672609130798,dev,clean_long,1
0001564590-19-026738,0001520262,ALKS,2019-07-30,acceptance_time,,2019-07-30T07:46:42,0,yes,text,0,yes,,,0,,False,False,314.0,2019-07-31,3434875178.3199997,8959817.116500001,0.03281748151125338,0.04574870494358163,dev,clean_long,1
0001558370-19-006557,0001557746,ACRS,2019-07-31,acceptance_time,updated_after_release,2019-07-30T16:15:33,0,yes,aact,0,yes,0,yes,1,market cap outside $300M-$10B,False,False,315.0,2019-08-01,72020177.46000001,216562.40925000003,0.04331138773294391,-0.2479510714271561,dev,clean_long,1
0001193125-19-207763,0001513818,ARAV,2019-07-31,acceptance_time,unchanged_since_release,2019-07-31T07:15:56,3,unclear,"text, match rejected",3,unclear,3,unclear,1,market cap outside $300M-$10B,False,False,315.0,2019-08-01,64501580.0,22140.320750000003,0.035048584054021906,0.1587729352252174,dev,spun_short,-1
0001178879-19-000060,0001178879,FOLD,2019-08-01,acceptance_time,,2019-08-01T06:10:16,2,unclear,text,2,unclear,,,0,,False,False,316.0,2019-08-02,2855278238.19,6640790.141999999,0.02581993511439223,0.0015734965065605788,dev,spun_short,-1
0001564590-19-028511,0001564824,ALLK,2019-08-05,acceptance_time,,2019-08-05T07:06:32,0,yes,text,0,yes,,,3,,False,False,318.0,2019-08-06,1334680774.35,3152122.2385,0.03288559408223312,1.1337800196491725,dev,clean_long,1
0001558370-19-007085,0001253689,GLYC,2019-08-05,release_date_only,updated_after_release,2019-08-02T23:59,0,no,aact,0,no,0,no,0,,False,False,318.0,2019-08-06,394353824.70000005,1562880.946,0.0381032276925333,-0.6592511740048679,dev,clean_short,-1
0001640334-19-001540,0001711754,INMB,2019-08-06,release_date_only,,2019-08-05T23:59,1,yes,text,1,yes,,,0,market cap outside $300M-$10B,False,False,319.0,2019-08-07,90515011.86,47230.3245,0.018098791340344558,-0.04857698864873394,dev,clean_long,1
0001104659-19-044424,0001649904,RYTM,2019-08-07,acceptance_time,,2019-08-07T09:07:00,0,yes,text,0,yes,,,2,illiquid (Nasdaq 20-day dollar volume < $1.2M),False,False,320.0,2019-08-08,655095497.16,1065302.0780000002,0.025555148370218807,0.14969442024236534,dev,clean_long,1
0001104659-19-045001,0001661059,NXTC,2019-08-09,acceptance_time,updated_after_release,2019-08-08T21:26:43,2,unclear,aact,2,unclear,1,yes,0,illiquid (Nasdaq 20-day dollar volume < $1.2M),False,False,322.0,2019-08-12,520622413.8,390060.6925,0.03600922519309248,0.04913616578110214,dev,spun_short,-1
0001193125-19-219468,0001654151,DCPH,2019-08-13,acceptance_time,updated_after_release,2019-08-13T07:12:55,1,yes,aact,1,yes,1,yes,2,,False,False,324.0,2019-08-14,760862800.28,1683979.814,0.041660941746640014,0.7877977886541592,dev,clean_long,1
0001104659-19-046145,0001213037,TROV,2019-08-16,acceptance_time,updated_after_release,2019-08-15T16:10:56,0,unclear,aact,1,unclear,0,unclear,0,market cap outside $300M-$10B,False,False,327.0,2019-08-19,8658764.76,35756.3855,0.04044180592460971,0.274361571379222,dev,no_trade,0
0001564590-19-032608,0000818033,HRTX,2019-08-20,acceptance_time,updated_after_release,2019-08-20T08:35:56,0,yes,aact,0,yes,0,yes,0,"journal publication of results announced earlier (blind audit AU28, Heron EPOCH 2)",,,,,,,,,dev,no_trade,0
0001104659-19-046600,0000881524,VVUS,2019-08-20,acceptance_time,updated_after_release,2019-08-20T07:35:33,2,yes,"text, match rejected",2,yes,3,no,0,market cap outside $300M-$10B,False,False,329.0,2019-08-21,36398078.46,12969.2515,0.03273192079211394,0.16659727347855469,dev,spun_short,-1
0001410578-19-000970,0001434868,ESPR,2019-08-30,acceptance_time,updated_after_release,2019-08-29T16:30:53,0,yes,aact,0,yes,0,yes,0,,False,False,337.0,2019-09-03,992816647.1999999,4830643.937499999,0.02399801971138722,0.012593799324140287,dev,clean_long,1
0001213900-19-016975,0001697805,XYNO,2019-08-30,acceptance_time,updated_after_release,2019-08-30T08:42:05,2,unclear,aact,2,unclear,2,unclear,1,no prices for the release's ticker,,,,,,,,,dev,no_trade,0
0001564590-19-033820,0001636282,AGLE,2019-09-03,acceptance_time,updated_after_release,2019-09-03T06:03:42,1,yes,aact,2,unclear,2,yes,0,market cap outside $300M-$10B,False,False,338.0,2019-09-04,225306658.2,111777.24200000001,0.03184296197215111,0.00957869076335971,dev,clean_long,1
0001104659-19-048359,0001614067,ARDS,2019-09-03,acceptance_time,updated_after_release,2019-09-03T09:53:43,0,no,aact,0,no,0,no,0,market cap outside $300M-$10B,False,False,338.0,2019-09-04,105164278.60000001,22681.48,0.08341237979366793,-0.06234655912799192,dev,clean_short,-1
0001193125-19-235868,0001437402,ARDX,2019-09-03,acceptance_time,updated_after_release,2019-09-03T08:06:06,0,yes,aact,0,yes,0,yes,0,market cap outside $300M-$10B,False,False,338.0,2019-09-04,214150963.29000002,258235.03024999998,0.0677613585297307,0.7291440716190631,dev,clean_long,1
0001193125-19-235863,0001422143,KURA,2019-09-03,acceptance_time,,2019-09-03T08:02:32,0,yes,text,0,yes,,,0,illiquid (Nasdaq 20-day dollar volume < $1.2M),False,False,338.0,2019-09-04,685006038.0,941727.1314999999,0.025410003180254694,0.014478411504664446,dev,clean_long,1
0001564590-19-033927,0001515673,RARE,2019-09-04,acceptance_time,updated_after_release,2019-09-04T06:04:08,1,yes,aact,1,unclear,1,yes,0,,False,False,339.0,2019-09-05,2961905072.38,6141594.214999999,0.03642599502217751,-0.12762189214985442,dev,clean_long,1
0001193125-19-237824,0001439222,AGIO,2019-09-05,acceptance_time,,2019-09-04T17:05:09,2,unclear,text,2,unclear,,,0,,False,False,340.0,2019-09-06,2103353318.7999997,5514184.91,0.023131107967588792,-0.029710987717401438,dev,no_trade,0
0001558370-19-008490,0001579428,AXSM,2019-09-05,acceptance_time,,2019-09-05T07:07:21,0,yes,text,0,yes,,,1,,False,False,340.0,2019-09-06,857021994.5999999,3817707.7020000005,0.05076853279253263,-0.034986839728799124,dev,clean_long,1
0001193805-19-000797,0001280776,IMUX,2019-09-06,acceptance_time,updated_after_release,2019-09-05T16:07:51,1,unclear,aact,1,unclear,2,unclear,0,market cap outside $300M-$10B,False,False,341.0,2019-09-09,132325181.94,107314.5,0.052092600304654374,0.06307119228405145,dev,no_trade,0
0001171843-19-005858,0001069530,SAVA,2019-09-09,acceptance_time,updated_after_release,2019-09-09T07:45:12,3,unclear,aact,2,yes,2,unclear,1,no shares outstanding,False,False,,,,,,,dev,no_trade,0
0001193125-19-240440,0001070494,ACAD,2019-09-09,acceptance_time,updated_after_release,2019-09-09T06:46:10,0,yes,aact,0,yes,0,yes,0,,False,False,342.0,2019-09-10,3437355912.12,7849955.093499999,0.02449939124561157,0.6365255083186341,dev,clean_long,1
0001144204-19-043868,0001513856,NTRP,2019-09-09,acceptance_time,updated_after_release,2019-09-09T08:30:53,0,no,aact,0,no,0,no,0,market cap outside $300M-$10B,False,False,342.0,2019-09-10,57294784.800000004,243529.43899999995,0.04671627782465749,-0.771342579877323,dev,clean_short,-1
0001628280-19-011560,0001587221,ZSAN,2019-09-10,acceptance_time,,2019-09-09T19:37:01,1,yes,text,1,yes,,,0,market cap outside $300M-$10B,False,False,343.0,2019-09-11,35800538.78,170645.47025,0.04311617874328871,-0.005500896742895112,dev,clean_long,1
0001193125-19-243385,0001682852,MRNA,2019-09-12,acceptance_time,,2019-09-12T07:00:55,0,yes,text,0,yes,,,0,,False,False,345.0,2019-09-13,5253198833.82,8282616.767500001,0.039147778618707246,0.03865606473448391,dev,clean_long,1
0001193125-19-243345,0001501756,ADVM,2019-09-12,release_date_only,updated_after_release,2019-09-11T23:59,1,yes,aact,2,unclear,2,yes,0,,False,False,345.0,2019-09-13,772866191.6800001,3214548.93375,0.052715832922949825,-0.49380420359094335,dev,clean_long,1
0001654954-19-010620,0001001316,TGTX,2019-09-12,acceptance_time,,2019-09-12T09:25:21,0,unclear,text,0,unclear,,,0,,False,False,345.0,2019-09-13,664233608.51,1566780.74075,0.04167588679547295,-0.025121908906476142,dev,no_trade,0
0001493152-19-014284,0001460702,RTTR,2019-09-13,release_date_only,unchanged_since_release,2019-09-12T23:59,0,no,aact,0,no,0,no,0,market cap outside $300M-$10B,False,False,346.0,2019-09-16,10181106.0,45670.2624,0.0361968670917302,-0.705791575889615,dev,clean_short,-1
0001144204-19-044706,0001279704,CLRB,2019-09-17,acceptance_time,updated_after_release,2019-09-16T16:02:41,2,yes,aact,2,unclear,2,yes,2,market cap outside $300M-$10B,False,False,348.0,2019-09-18,23020288.200000003,58257.67100000001,0.02264955271669031,-0.012630774770566289,dev,no_trade,0
0001280600-19-000048,0001280600,XLRN,2019-09-17,acceptance_time,updated_after_release,2019-09-16T17:12:10,0,yes,aact,0,yes,0,yes,0,,False,False,348.0,2019-09-18,2359020418.6,3100522.1314999997,0.026260389715095478,0.006159361664746843,dev,clean_long,1
0001564590-19-034836,0001082038,DRRX,2019-09-17,acceptance_time,updated_after_release,2019-09-17T10:47:33,3,yes,aact,3,unclear,3,yes,0,illiquid (Nasdaq 20-day dollar volume < $1.2M),False,False,348.0,2019-09-18,335898909.5,211330.61950000003,0.035532110628999206,0.08941004155596421,dev,spun_short,-1
0001104659-19-050481,0001621443,ZYNE,2019-09-18,acceptance_time,,2019-09-18T07:14:10,2,unclear,text,2,unclear,,,2,market cap outside $300M-$10B,False,False,349.0,2019-09-19,261905532.89999998,1605791.2945000003,0.037575071720746304,-0.2075530471317968,dev,no_trade,0
0001104659-19-050671,0001213037,TROV,2019-09-19,acceptance_time,,2019-09-19T10:06:31,1,yes,text,1,yes,,,1,market cap outside $300M-$10B,False,False,350.0,2019-09-20,9475629.36,108909.9135,0.048110164511323585,-0.04392337535025681,dev,clean_long,1
0000944809-19-000060,0000944809,OPK,2019-09-23,acceptance_time,updated_after_release,2019-09-23T07:39:20,0,yes,aact,0,unclear,0,yes,1,"no ticker printed in the release (missing, or today's SEC ticker)",,,,,,,,,dev,no_trade,0
0001493152-19-014410,0001544238,CDXI,2019-09-23,acceptance_time,,2019-09-23T08:00:36,3,unclear,text,3,unclear,,,2,no prices for the release's ticker,,,,,,,,,dev,no_trade,0
0001144204-19-045690,0001012477,AVDL,2019-09-24,acceptance_time,,2019-09-24T08:00:30,0,unclear,text,0,unclear,,,0,market cap outside $300M-$10B,False,False,353.0,2019-09-25,168151847.0,803635.59975,0.0982439860265279,-0.0010011505190149483,dev,no_trade,0
0001104659-19-051291,0000072444,VXRT,2019-09-25,acceptance_time,updated_after_release,2019-09-25T08:05:42,0,yes,aact,0,yes,1,yes,2,market cap outside $300M-$10B,False,False,354.0,2019-09-26,7741324.444,50380.58265500001,0.05320964414180719,-0.36689831402864825,dev,clean_long,1
0001564590-19-035318,0001169245,PHAS,2019-09-25,acceptance_time,updated_after_release,2019-09-24T16:05:34,0,yes,aact,0,yes,2,unclear,0,market cap outside $300M-$10B,False,False,354.0,2019-09-26,112499437.12,309802.88099999994,0.08245761968020067,0.23840930657261028,dev,clean_long,1
0001654954-19-011103,0001604191,AZRX,2019-09-26,acceptance_time,updated_after_release,2019-09-25T17:25:31,3,no,aact,3,no,3,no,1,market cap outside $300M-$10B,False,False,355.0,2019-09-27,18569982.9476,67169.836905,0.06878004131625615,-0.05499436540625002,dev,no_trade,0
0001558370-19-008729,0000855654,IMGN,2019-09-30,release_date_only,updated_after_release,2019-09-29T23:59,2,no,aact,2,no,2,no,4,,False,False,357.0,2019-10-01,407686699.52000004,1260945.33925,0.04526507114977147,-0.10623220674797074,dev,no_trade,0
0001193125-19-258123,0001174940,OGEN,2019-09-30,acceptance_time,updated_after_release,2019-09-30T08:07:06,2,unclear,aact,2,unclear,2,unclear,0,market cap outside $300M-$10B,False,False,357.0,2019-10-01,26106638.497999996,87620.084595,0.07415204834200632,-0.057846995773121135,dev,no_trade,0
0001193125-19-258364,0001439222,AGIO,2019-09-30,acceptance_time,,2019-09-30T11:13:27,0,yes,text,0,yes,,,3,,False,False,357.0,2019-10-01,2024036922.7000003,5980641.896500001,0.02887050210779166,-0.05728285559967394,dev,clean_long,1
0001193125-19-258069,0001501697,XFOR,2019-09-30,acceptance_time,updated_after_release,2019-09-30T07:21:10,2,yes,aact,3,unclear,2,yes,3,market cap outside $300M-$10B,False,False,357.0,2019-10-01,164578946.16,154183.646,0.04587638793054099,-0.031008952793820876,dev,no_trade,0
0001104659-19-051888,0001761612,BCYC,2019-09-30,release_date_only,updated_after_release,2019-09-28T23:59,1,unclear,aact,1,unclear,1,unclear,1,market cap outside $300M-$10B,False,False,357.0,2019-10-01,205947910.155,70523.1465,0.08457707491331008,-0.0077719784584801,dev,no_trade,0
0001193125-19-259970,0001560241,GTHX,2019-09-30,release_date_only,updated_after_release,2019-09-28T23:59,2,no,aact,2,no,2,no,1,,False,False,357.0,2019-10-01,1274267258.28,3590866.6705,0.04046489690443626,-0.3272816247483863,dev,no_trade,0
0001370053-19-000035,0001370053,ANAB,2019-10-01,acceptance_time,updated_after_release,2019-09-30T16:18:56,0,unclear,aact,0,unclear,0,unclear,0,,False,False,358.0,2019-10-02,947206811.9200001,3908221.0034999996,0.03139810089649398,-0.08290423301450034,dev,no_trade,0
0001651308-19-000092,0001651308,BGNE,2019-10-01,release_date_only,updated_after_release,2019-09-30T23:59,0,unclear,aact,0,unclear,0,unclear,0,market cap outside $300M-$10B,False,False,358.0,2019-10-02,96062477334.72,15112717.7185,0.03202346080139583,-0.0024414508689671877,dev,no_trade,0
0001410578-19-001500,0001178879,FOLD,2019-10-02,acceptance_time,updated_after_release,2019-10-02T07:56:49,1,unclear,"text, match rejected",1,unclear,1,yes,0,,False,False,359.0,2019-10-03,2047193546.5199997,6592208.562500001,0.023309861160375856,0.009553409070450103,dev,no_trade,0
0001193125-19-260354,0001160308,SVRA,2019-10-02,acceptance_time,updated_after_release,2019-10-02T08:11:06,3,no,aact,3,no,3,no,1,"no ticker printed in the release (missing, or today's SEC ticker)",,,,,,,,,dev,no_trade,0
0001564590-19-036139,0000818033,HRTX,2019-10-02,acceptance_time,,2019-10-02T07:57:49,3,unclear,text,3,unclear,,,0,,False,False,359.0,2019-10-03,1396787297.5,4596829.6885,0.034865082200982986,0.058476650008616016,dev,spun_short,-1
0001493152-19-014865,0000764195,VBIV,2019-10-02,acceptance_time,,2019-10-02T09:00:17,0,yes,text,0,yes,,,1,market cap outside $300M-$10B,False,False,359.0,2019-10-03,46649735.3628,365134.29955500003,0.09159488237896768,0.10864668952484169,dev,clean_long,1
0001140361-19-017653,0001472091,PDSB,2019-10-02,acceptance_time,unchanged_since_release,2019-10-01T16:05:29,3,yes,aact,2,unclear,3,yes,0,market cap outside $300M-$10B,False,False,359.0,2019-10-03,16412633.79,15821.083499999999,0.06794361660969224,-0.06086539595803553,dev,no_trade,0
0001193125-19-262065,0001680581,FULC,2019-10-04,acceptance_time,,2019-10-04T06:08:11,0,yes,text,0,yes,,,0,market cap outside $300M-$10B,False,False,361.0,2019-10-07,150779106.74,91505.095,0.049327809537358214,0.033386420270056894,dev,clean_long,1
0001193125-19-263227,0001375151,ZGNX,2019-10-07,acceptance_time,,2019-10-07T08:06:13,1,yes,text,1,yes,,,0,,False,False,362.0,2019-10-08,1715273400.96,5199031.732,0.021187219657330798,0.01787418507225902,dev,clean_long,1
0001564590-19-036522,0001426332,NGM,2019-10-07,acceptance_time,,2019-10-07T08:07:03,1,yes,text,1,yes,,,3,illiquid (Nasdaq 20-day dollar volume < $1.2M),False,False,362.0,2019-10-08,894882189.3000001,267661.38725,0.030730635693994948,-0.20733887062972667,dev,clean_long,1
0001628280-19-012219,0001628738,BOLD,2019-10-07,release_date_only,updated_after_release,2019-10-05T23:59,1,yes,aact,1,unclear,1,yes,2,,False,False,362.0,2019-10-08,1263289907.4,3470350.235499999,0.03178160399665269,-0.012834105438189747,dev,clean_long,1
0001193125-19-265503,0001510487,PRNB,2019-10-10,acceptance_time,updated_after_release,2019-10-10T07:00:36,1,yes,aact,2,unclear,2,unclear,0,illiquid (Nasdaq 20-day dollar volume < $1.2M),False,False,365.0,2019-10-11,643376862.48,1010837.1190000002,0.023957752792999738,0.0169838235622628,dev,clean_long,1
0001193125-19-266891,0001590877,RGNX,2019-10-14,acceptance_time,updated_after_release,2019-10-11T19:16:49,1,yes,aact,2,unclear,1,yes,1,,False,False,367.0,2019-10-15,1454598096.64,5117196.091999999,0.03557015073306,-0.11761154602113322,dev,clean_long,1
0001564590-19-036888,0001468748,KOD,2019-10-14,release_date_only,updated_after_release,2019-10-11T23:59,2,unclear,"text, match rejected",2,unclear,2,unclear,1,illiquid (Nasdaq 20-day dollar volume < $1.2M),False,False,367.0,2019-10-15,673254700.4300001,1026883.81675,0.05667011164972793,-0.02864390692465779,dev,no_trade,0
0001493152-19-015458,0000876343,LCTX,2019-10-15,release_date_only,updated_after_release,2019-10-14T23:59,2,yes,aact,2,unclear,2,unclear,1,market cap outside $300M-$10B,False,False,368.0,2019-10-16,139167860.73000002,24316.118485,0.02969276550127115,0.00759232557619649,dev,spun_short,-1
0001564590-19-036894,0001358762,RETA,2019-10-15,release_date_only,,2019-10-14T23:59,0,yes,text,0,yes,,,0,no shares outstanding,False,False,,,,,,,dev,no_trade,0
0001213900-19-020388,0001173313,ABVC,2019-10-16,acceptance_time,updated_after_release,2019-10-15T17:23:26,1,yes,"text, match rejected",1,yes,1,yes,2,no prices for the release's ticker,,,,,,,,,dev,no_trade,0
0001213900-19-020718,0001553643,RLMD,2019-10-16,release_date_only,updated_after_release,2019-10-15T23:59,0,yes,aact,0,yes,0,yes,2,,False,False,369.0,2019-10-17,1112565296.46,3856498.8775,0.8664690992077836,-0.1661996635646671,dev,clean_long,1
0001193125-19-269686,0001660334,VRCA,2019-10-18,acceptance_time,updated_after_release,2019-10-18T07:08:24,0,yes,aact,0,yes,0,yes,2,illiquid (Nasdaq 20-day dollar volume < $1.2M),False,False,371.0,2019-10-21,385862042.03000003,300260.12275,0.05749130065859472,-0.010250848632053056,dev,clean_long,1
0001564590-19-037206,0001082038,DRRX,2019-10-21,acceptance_time,updated_after_release,2019-10-21T12:59:23,2,yes,aact,3,unclear,3,unclear,0,illiquid (Nasdaq 20-day dollar volume < $1.2M),False,False,372.0,2019-10-22,382924756.83000004,350009.85425,0.04375861848403265,-0.02119666617274285,dev,no_trade,0
0001600132-19-000141,0001600132,BLPH,2019-10-23,acceptance_time,,2019-10-23T08:31:40,2,unclear,text,2,unclear,,,0,market cap outside $300M-$10B,False,False,374.0,2019-10-24,39545592.4335,20405.880015,0.052565695965167906,-0.007835022988048834,dev,no_trade,0
0001636050-19-000089,0001636050,AXGT,2019-10-23,acceptance_time,,2019-10-23T07:03:12,3,unclear,text,3,unclear,,,1,market cap outside $300M-$10B,False,False,374.0,2019-10-24,126204922.88,155899.71450000003,0.03517942422420968,0.1789297374734964,dev,spun_short,-1
0001193125-19-272040,0001655759,ARVN,2019-10-23,acceptance_time,,2019-10-23T06:39:09,0,unclear,text,0,unclear,,,2,illiquid (Nasdaq 20-day dollar volume < $1.2M),False,False,374.0,2019-10-24,553301598.63,1024757.2670000002,0.03092069932699206,0.15374807708767024,dev,no_trade,0
0001193125-19-273138,0001556263,SYRS,2019-10-24,acceptance_time,updated_after_release,2019-10-24T08:36:03,2,yes,aact,2,unclear,1,yes,1,market cap outside $300M-$10B,False,False,375.0,2019-10-25,239988269.82000002,562234.2007500001,0.08175369627475151,-0.03618217861487871,dev,no_trade,0
0001493152-19-015917,0000764195,VBIV,2019-10-25,acceptance_time,updated_after_release,2019-10-24T19:01:14,2,yes,aact,2,unclear,2,unclear,0,market cap outside $300M-$10B,False,False,376.0,2019-10-28,56660072.5404,295711.993505,0.0443201342140542,0.09730112572149885,dev,spun_short,-1
0001104659-19-056422,0001722964,YMAB,2019-10-25,acceptance_time,updated_after_release,2019-10-25T11:21:51,2,yes,aact,2,unclear,3,unclear,1,illiquid (Nasdaq 20-day dollar volume < $1.2M),False,False,376.0,2019-10-28,1020338993.4399999,992490.9672500001,0.036721519583455056,0.010268976342339142,dev,spun_short,-1
0001564590-19-038263,0001564824,,2019-10-28,release_date_only,updated_after_release,2019-10-25T23:59,0,yes,aact,0,yes,0,yes,1,"no ticker printed in the release (missing, or today's SEC ticker)",,,,,,,,,dev,no_trade,0
0001410939-19-000053,0001410939,,2019-10-28,acceptance_time,updated_after_release,2019-10-28T06:38:00,0,unclear,aact,0,unclear,0,unclear,0,"no ticker printed in the release (missing, or today's SEC ticker)",,,,,,,,,dev,no_trade,0
0001654954-19-012023,0001001316,TGTX,2019-10-28,acceptance_time,,2019-10-28T07:59:29,0,yes,text,0,yes,,,0,,False,False,377.0,2019-10-29,547210997.025,1406297.00575,0.024184912243158517,0.16391173692887762,dev,clean_long,1
0001171843-19-006859,0000882796,BCRX,2019-10-28,acceptance_time,updated_after_release,2019-10-28T07:37:34,0,yes,text,0,yes,1,yes,0,market cap outside $300M-$10B,False,False,377.0,2019-10-29,258978106.62500003,574907.2582500001,0.03237296539688072,0.02266989419449761,dev,clean_long,1
0001193125-19-276327,0001576263,MRTX,2019-10-29,acceptance_time,updated_after_release,2019-10-28T17:09:46,1,unclear,aact,1,unclear,1,unclear,1,,False,False,378.0,2019-10-30,3201061690.8199997,14742827.364000002,0.04456596293321402,0.17095972201110787,dev,no_trade,0
0001193125-19-277684,0001654151,DCPH,2019-10-29,release_date_only,updated_after_release,2019-10-28T23:59,1,unclear,aact,1,unclear,1,unclear,2,,False,False,378.0,2019-10-30,1491153514.16,2967105.333,0.03130240473900758,0.04144484468831733,dev,no_trade,0
0001193125-19-276931,0001711279,KRYS,2019-10-29,acceptance_time,,2019-10-29T08:06:10,2,unclear,text,2,unclear,,,0,,False,False,378.0,2019-10-30,713468083.6,1425386.4525,0.042409518767211225,-0.005456294323187172,dev,no_trade,0
0001193125-19-276192,0001403752,ZYME,2019-10-29,acceptance_time,updated_after_release,2019-10-28T16:08:10,1,unclear,"text, match rejected",1,unclear,1,yes,2,illiquid (Nasdaq 20-day dollar volume < $1.2M),False,False,378.0,2019-10-30,1240614040.8,692207.3192500002,0.018366008097205726,0.03421178017742066,dev,no_trade,0
0001193125-19-278423,0001369568,CPRX,2019-10-30,acceptance_time,updated_after_release,2019-10-30T08:09:33,0,no,aact,0,no,0,no,1,,False,False,379.0,2019-10-31,585667472.33,1867339.8740000003,0.029175704401601384,-0.12367238378681167,dev,clean_short,-1
0001564590-19-038415,0001382101,STRO,2019-10-30,acceptance_time,updated_after_release,2019-10-29T19:30:50,1,unclear,aact,1,unclear,1,unclear,1,market cap outside $300M-$10B,False,False,379.0,2019-10-31,231342137.67,141033.50499999998,0.04072078292691719,-0.017180895058825696,dev,no_trade,0
0001104659-19-057505,0001755237,CYCN,2019-10-30,acceptance_time,updated_after_release,2019-10-30T07:52:44,3,no,aact,2,no,2,no,3,illiquid (Nasdaq 20-day dollar volume < $1.2M),False,False,379.0,2019-10-31,366342662.88,198739.5,0.071691435958558,-0.7902873085944897,dev,no_trade,0
0001553350-19-001123,0001476963,,2019-11-05,acceptance_time,updated_after_release,2019-11-05T08:05:34,2,no,aact,2,no,2,no,0,"no ticker printed in the release (missing, or today's SEC ticker)",,,,,,,,,dev,no_trade,0
0001583648-19-000070,0001583648,PVLA,2019-11-05,acceptance_time,updated_after_release,2019-11-05T08:58:15,1,yes,aact,1,yes,1,yes,1,"no ticker printed in the release (missing, or today's SEC ticker)",,,,,,,,,dev,no_trade,0
0001193125-19-283989,0001337553,AERI,2019-11-05,acceptance_time,updated_after_release,2019-11-05T06:40:39,0,yes,aact,0,yes,0,yes,0,,False,False,383.0,2019-11-06,1095650945.55,6881433.392999999,0.04861663045529334,-0.0016187856005713819,dev,clean_long,1
0001457612-19-000137,0001457612,,2019-11-05,acceptance_time,,2019-11-05T08:06:46,0,unclear,text,0,unclear,,,0,"no ticker printed in the release (missing, or today's SEC ticker)",,,,,,,,,dev,no_trade,0
0001171843-19-007216,0001629137,GBT,2019-11-06,acceptance_time,,2019-11-06T09:00:45,2,unclear,text,2,unclear,,,2,,False,False,384.0,2019-11-07,2988321115.0,7353650.298,0.02092475490945728,-0.03229025527178053,dev,no_trade,0
0001193125-19-286673,0001624658,ALNA,2019-11-07,acceptance_time,updated_after_release,2019-11-07T08:19:00,0,yes,aact,0,yes,0,yes,2,market cap outside $300M-$10B,False,False,385.0,2019-11-08,136100857.0,222358.125,0.04323546869050463,-0.609711384669922,dev,clean_long,1
0001193125-19-285878,0001337553,,2019-11-07,acceptance_time,updated_after_release,2019-11-06T16:04:12,4,unclear,aact,4,unclear,4,unclear,0,repeat: same company and same trial within 30 days,,,,,,,,,dev,no_trade,0
0001193125-19-285901,0001337553,,2019-11-07,acceptance_time,updated_after_release,2019-11-06T16:10:12,0,unclear,aact,4,unclear,4,unclear,0,"no ticker printed in the release (missing, or today's SEC ticker)",,,,,,,,,dev,no_trade,0
0001564590-19-042158,0000921299,FGEN,2019-11-08,release_date_only,updated_after_release,2019-11-07T23:59,0,yes,aact,0,yes,0,yes,1,,False,False,386.0,2019-11-11,3300200368.12,5703992.770000001,0.03411338385928582,0.07060276959013856,dev,clean_long,1
0001193125-19-289086,0001576263,MRTX,2019-11-11,release_date_only,,2019-11-09T23:59,1,unclear,text,1,unclear,,,0,,False,False,387.0,2019-11-12,4132540565.5800004,20162141.957999997,0.055968331263790576,-0.008698188345901747,dev,no_trade,0
0001213900-19-022717,0001176309,ORMP,2019-11-12,acceptance_time,updated_after_release,2019-11-12T07:04:12,2,yes,aact,2,yes,2,yes,1,"no ticker printed in the release (missing, or today's SEC ticker)",,,,,,,,,dev,no_trade,0
0001193125-19-289408,0001552451,MYOK,2019-11-12,release_date_only,updated_after_release,2019-11-11T23:59,2,yes,aact,2,yes,2,yes,4,,False,False,388.0,2019-11-13,2564151615.99,5788832.385500001,0.02540571216201291,-0.02329826398801549,dev,no_trade,0
0001557142-19-000082,0001557142,KDMN,2019-11-12,release_date_only,updated_after_release,2019-11-11T23:59,0,yes,aact,0,yes,0,yes,1,illiquid (Nasdaq 20-day dollar volume < $1.2M),False,False,388.0,2019-11-13,387775749.14000005,147678.23425,0.04338898417548456,0.2381555454470765,dev,clean_long,1
0001193125-19-291076,0001654151,DCPH,2019-11-14,acceptance_time,updated_after_release,2019-11-13T16:41:33,1,unclear,aact,1,unclear,1,unclear,0,,False,False,390.0,2019-11-15,2486859392.64,4337510.9885,0.024608518115239453,-0.008154591874318218,dev,no_trade,0
0001628280-19-014171,0001213037,TROV,2019-11-14,acceptance_time,,2019-11-14T09:07:54,2,unclear,text,2,unclear,,,0,market cap outside $300M-$10B,False,False,390.0,2019-11-15,12387768.0,1365472.2849499998,0.20480787316754126,-0.04276050320436753,dev,no_trade,0
0001654954-19-012881,0001411685,VTGN,2019-11-14,acceptance_time,unchanged_since_release,2019-11-14T07:46:13,0,no,aact,0,no,0,no,0,market cap outside $300M-$10B,False,False,390.0,2019-11-15,46896917.025,67959.96475000001,0.05659740070902391,-0.7162628073518329,dev,clean_short,-1
0001193125-19-292868,0001720580,TORC,2019-11-15,acceptance_time,updated_after_release,2019-11-15T07:31:02,0,no,text,0,no,0,no,1,market cap outside $300M-$10B,False,False,391.0,2019-11-18,291184611.69,523175.7045,0.04576894902824716,-0.8744654667707019,dev,clean_short,-1
0001193125-19-293984,0001731831,,2019-11-18,release_date_only,updated_after_release,2019-11-16T23:59,2,yes,aact,3,unclear,2,yes,2,"no ticker printed in the release (missing, or today's SEC ticker)",,,,,,,,,dev,no_trade,0
0001193125-19-293845,0001771917,KRTX,2019-11-18,acceptance_time,updated_after_release,2019-11-18T06:04:12,0,yes,aact,0,yes,0,yes,2,illiquid (Nasdaq 20-day dollar volume < $1.2M),False,False,392.0,2019-11-19,417449403.81999993,386533.397,0.05052791807777244,4.4373200526567524,dev,clean_long,1
0001193125-19-295582,0001743881,BBIO,2019-11-18,release_date_only,updated_after_release,2019-11-16T23:59,2,yes,aact,2,unclear,2,yes,2,,False,False,392.0,2019-11-19,3492228567.42,1300808.5835000002,0.04992916812270938,0.025713263840936307,dev,spun_short,-1
0001659617-19-000177,0001659617,MBRX,2019-11-19,acceptance_time,updated_after_release,2019-11-19T07:33:46,3,unclear,text,3,unclear,2,yes,1,market cap outside $300M-$10B,False,False,393.0,2019-11-20,48014085.0,26622.170249999996,0.022926133181375555,0.012336593070538138,dev,spun_short,-1
0001193125-19-295192,0001674416,CRSP,2019-11-19,acceptance_time,,2019-11-19T08:21:05,1,unclear,text,1,unclear,,,0,,False,False,393.0,2019-11-20,3230552241.84,10008051.7455,0.041763579385592796,0.14392693255561428,dev,no_trade,0
0001564590-19-043921,0001676725,IDYA,2019-11-20,acceptance_time,updated_after_release,2019-11-20T06:05:31,0,yes,aact,1,unclear,0,yes,0,market cap outside $300M-$10B,False,False,394.0,2019-11-21,166714979.0,75123.671,0.11054920496120868,-0.17371301679993056,dev,clean_long,1
0001104659-19-065650,0000881524,VVUS,2019-11-20,acceptance_time,unchanged_since_release,2019-11-20T07:35:46,0,yes,aact,0,yes,0,yes,0,market cap outside $300M-$10B,False,False,394.0,2019-11-21,30438159.18,36111.926,0.03460090119399136,0.0040116975101496255,dev,clean_long,1
0001564590-19-043923,0001513818,ARAV,2019-11-20,acceptance_time,updated_after_release,2019-11-20T07:05:47,3,unclear,aact,3,unclear,3,unclear,0,market cap outside $300M-$10B,False,False,394.0,2019-11-21,75685782.99000001,17024.08825,0.02940783776526691,0.4379753422361261,dev,spun_short,-1
0001193125-19-298670,0001439222,AGIO,2019-11-25,acceptance_time,,2019-11-22T17:01:10,1,yes,text,1,yes,,,3,,False,False,397.0,2019-11-26,2198692862.96,10690048.7615,0.03580341881524762,-0.029124293915805177,dev,clean_long,1
0001651308-19-000123,0001651308,BGNE,2019-11-25,release_date_only,,2019-11-23T23:59,0,unclear,text,0,unclear,,,0,market cap outside $300M-$10B,False,False,397.0,2019-11-26,163296892183.72,27878000.673999995,0.08413171491022545,-0.05079647286383593,dev,no_trade,0
0001193125-19-299865,0001340652,CCXI,2019-11-26,acceptance_time,,2019-11-25T16:15:32,0,yes,text,0,yes,,,0,illiquid (Nasdaq 20-day dollar volume < $1.2M),False,False,398.0,2019-11-27,469644650.02000004,1127594.18675,0.04355282256996215,2.808693747810995,dev,clean_long,1
0000920465-19-000166,0000920465,LJPC,2019-11-26,release_date_only,,2019-11-25T23:59,0,unclear,text,0,unclear,,,0,market cap outside $300M-$10B,False,False,398.0,2019-11-27,70337160.95,603863.6645,0.12015082022863205,-0.06835770988562373,dev,no_trade,0
0001140361-19-021505,0001398733,AQST,2019-11-27,acceptance_time,updated_after_release,2019-11-26T16:08:34,0,yes,aact,0,yes,0,yes,0,"no ticker printed in the release (missing, or today's SEC ticker)",,,,,,,,,dev,no_trade,0
0001618835-19-000208,0001618835,EVFM,2019-12-02,acceptance_time,,2019-12-02T06:50:35,0,yes,text,0,yes,,,0,market cap outside $300M-$10B,False,False,401.0,2019-12-03,285077790.27,63483.496999999996,0.029834135465979184,0.14112136637628236,dev,clean_long,1
0001104659-19-069244,0001579428,AXSM,2019-12-03,acceptance_time,updated_after_release,2019-12-03T09:15:41,0,yes,aact,0,yes,0,yes,0,,False,False,402.0,2019-12-04,1367231762.12,7030957.631,0.04807279941432568,0.13612994373760445,dev,clean_long,1
0001193125-19-304803,0001437402,ARDX,2019-12-03,acceptance_time,,2019-12-03T07:33:05,0,yes,text,0,yes,,,0,illiquid (Nasdaq 20-day dollar volume < $1.2M),False,False,402.0,2019-12-04,455454499.2,976036.2750000001,0.058149468831463984,0.09751273495025714,dev,clean_long,1
0001193125-19-304808,0001341235,ALDX,2019-12-03,acceptance_time,,2019-12-03T07:43:38,2,no,text,2,no,,,0,market cap outside $300M-$10B,False,False,402.0,2019-12-04,209647027.5,348476.62775,0.03976295566555039,-0.34172299248989013,dev,no_trade,0
0001104659-19-069243,0001346830,CARA,2019-12-03,acceptance_time,,2019-12-03T09:15:38,0,yes,text,0,yes,,,0,,False,False,402.0,2019-12-04,1209452294.07,3451634.4155,0.03119437542399884,-0.3612547048274689,dev,clean_long,1
0001193125-19-306717,0001597553,SAGE,2019-12-05,acceptance_time,,2019-12-05T07:01:03,3,no,text,3,no,,,1,,False,False,404.0,2019-12-06,7726511749.190001,13017544.222,0.02342922196488781,-0.5799041990876658,dev,no_trade,0
0001654954-19-013694,0001378624,CBMG,2019-12-09,release_date_only,unchanged_since_release,2019-12-07T23:59,1,unclear,"text, match rejected",1,unclear,1,unclear,1,illiquid (Nasdaq 20-day dollar volume < $1.2M),False,False,406.0,2019-12-10,337796322.24,344042.4689999999,0.018322042935741956,-0.02310764183617664,dev,no_trade,0
0001193125-19-308661,0001622229,UMRX,2019-12-09,release_date_only,,2019-12-07T23:59,1,unclear,text,1,unclear,,,1,market cap outside $300M-$10B,False,False,406.0,2019-12-10,21433474.746,62607.71495000001,0.07435113383212091,-0.1393309157891819,dev,no_trade,0
0001558370-19-011419,0001597264,,2019-12-09,release_date_only,updated_after_release,2019-12-08T23:59,0,unclear,aact,0,unclear,0,unclear,0,"no ticker printed in the release (missing, or today's SEC ticker)",,,,,,,,,dev,no_trade,0
0001193125-19-308602,0001510487,PRNB,2019-12-09,release_date_only,updated_after_release,2019-12-07T23:59,1,yes,aact,1,yes,0,yes,1,,False,False,406.0,2019-12-10,1224907749.6,1874917.207,0.025994863583349428,0.1252232959479893,dev,clean_long,1
0001193125-19-308678,0001503802,KPTI,2019-12-09,release_date_only,,2019-12-07T23:59,2,unclear,text,2,unclear,,,1,,False,False,406.0,2019-12-10,1022849800.4699999,4890752.0455,0.0337183033395758,-0.024788436003536973,dev,no_trade,0
0001193125-19-309199,0001439222,AGIO,2019-12-09,release_date_only,,2019-12-08T23:59,0,yes,text,0,yes,,,0,,False,False,406.0,2019-12-10,2408316499.6,9729737.8115,0.02249835356989402,0.025069502552074185,dev,clean_long,1
0000950123-19-011815,0001422143,KURA,2019-12-09,release_date_only,updated_after_release,2019-12-08T23:59,2,yes,aact,2,yes,2,yes,1,illiquid (Nasdaq 20-day dollar volume < $1.2M),False,False,406.0,2019-12-10,706909070.4,816557.343,0.021449319629237153,0.006203914187708159,dev,spun_short,-1
0001651308-19-000131,0001651308,BGNE,2019-12-09,release_date_only,updated_after_release,2019-12-08T23:59,0,yes,aact,1,unclear,1,unclear,0,market cap outside $300M-$10B,False,False,406.0,2019-12-10,147356643270.16,20374996.255000003,0.020423598789570462,-0.025242831163381108,dev,clean_long,1
0001564590-19-045493,0001260990,ONCT,2019-12-09,acceptance_time,updated_after_release,2019-12-09T06:03:06,2,unclear,aact,2,unclear,1,yes,0,market cap outside $300M-$10B,False,False,406.0,2019-12-10,83552724.06,21550.5065,0.035840390027358726,-0.05057112476965109,dev,no_trade,0
0001104659-19-070818,0001130598,ONTX,2019-12-09,acceptance_time,updated_after_release,2019-12-09T09:07:49,2,unclear,aact,2,unclear,2,unclear,0,market cap outside $300M-$10B,False,False,406.0,2019-12-10,2881407.8929999997,967090.47248,0.2147365134113581,-0.04039217582943433,dev,no_trade,0
0001654954-19-013703,0001001316,TGTX,2019-12-09,release_date_only,updated_after_release,2019-12-08T23:59,1,yes,aact,2,unclear,1,yes,0,,False,False,406.0,2019-12-10,708877410.08,3335422.797,0.036473503635582716,0.3011189242712575,dev,clean_long,1
0001171843-19-008008,0000882361,APTO,2019-12-09,release_date_only,,2019-12-07T23:59,2,unclear,text,2,unclear,,,1,market cap outside $300M-$10B,False,False,406.0,2019-12-10,141213305.38,116006.16274999999,0.03215553805035794,0.38618603095764414,dev,spun_short,-1
0001564590-19-045479,0001293971,BLUE,2019-12-09,acceptance_time,updated_after_release,2019-12-06T16:32:11,0,yes,aact,0,yes,0,yes,0,,False,False,406.0,2019-12-10,4399367810.0,23024524.599499997,0.032989250822293786,-0.03744653777930784,dev,clean_long,1
0001193125-19-308386,0001108205,CRIS,2019-12-09,acceptance_time,,2019-12-06T17:18:06,2,unclear,text,2,unclear,,,1,market cap outside $300M-$10B,False,False,406.0,2019-12-10,52958579.245,96634.59324999999,0.069872305179201,-0.05413890391373055,dev,no_trade,0
0001171843-19-008006,0001626971,CRVS,2019-12-09,release_date_only,updated_after_release,2019-12-07T23:59,0,yes,aact,0,unclear,0,yes,0,market cap outside $300M-$10B,False,False,406.0,2019-12-10,125267004.0,143301.2205,0.11205268418638571,-0.047795724671085615,dev,clean_long,1
0001564590-19-045581,0001395937,SNDX,2019-12-10,acceptance_time,updated_after_release,2019-12-10T07:00:32,2,unclear,aact,2,unclear,1,unclear,1,market cap outside $300M-$10B,False,False,407.0,2019-12-11,236393615.64000002,220849.85975000006,0.05124839046082077,-0.010070012693681463,dev,no_trade,0
0001280600-19-000061,0001280600,BMY,2019-12-10,release_date_only,,2019-12-09T23:59,2,no,text,2,no,,,0,,False,False,407.0,2019-12-11,3254446997.3,154535943.62399998,0.011244117705240088,0.0010147963764093326,dev,spun_short,-1
0001104659-19-070959,0001279704,CLRB,2019-12-10,acceptance_time,updated_after_release,2019-12-09T16:01:20,2,unclear,aact,2,unclear,2,unclear,1,market cap outside $300M-$10B,False,False,407.0,2019-12-11,18040389.12,37902.751,0.09970559508577469,0.0981568816806011,dev,spun_short,-1
0001104659-19-071679,0001722964,YMAB,2019-12-11,acceptance_time,,2019-12-11T09:20:21,3,unclear,text,3,unclear,,,2,,False,False,408.0,2019-12-12,1337258482.56,2111867.464,0.030306594140684498,-0.006822775730338515,dev,no_trade,0
0001193125-19-312200,0001751299,KLDO,2019-12-12,acceptance_time,updated_after_release,2019-12-12T09:30:02,0,yes,aact,1,yes,1,yes,2,market cap outside $300M-$10B,False,False,409.0,2019-12-13,153920230.4,246225.13799999998,0.0678729054883533,0.152476719909862,dev,clean_long,1
0001564590-19-045783,0001339970,LIFE,2019-12-12,acceptance_time,updated_after_release,2019-12-12T08:10:16,0,yes,aact,0,yes,0,yes,2,market cap outside $300M-$10B,False,False,409.0,2019-12-13,17039010.3,25966.419500000004,0.04568582212055651,-0.10389992107187307,dev,clean_long,1
0001193125-19-313488,0001300699,ATNX,2019-12-13,acceptance_time,,2019-12-13T08:30:33,1,yes,text,1,yes,,,0,,False,False,410.0,2019-12-16,1312949691.9,4847481.039249999,0.08686116645360567,-0.14667454588278184,dev,clean_long,1
0001193125-19-314015,0001656634,GRTS,2019-12-13,release_date_only,,2019-12-12T23:59,2,unclear,text,2,unclear,,,0,illiquid (Nasdaq 20-day dollar volume < $1.2M),False,False,410.0,2019-12-16,368087304.23999995,392608.071,0.06414540872207866,-0.10870119980897575,dev,no_trade,0
0001558370-19-011521,0001579428,AXSM,2019-12-16,acceptance_time,,2019-12-16T08:25:19,0,yes,text,0,yes,,,2,,False,False,411.0,2019-12-17,1613968438.0200002,12005810.941000002,0.05528905554744583,0.6907467442390236,dev,clean_long,1
0001193125-19-314469,0001631574,WVE,2019-12-16,acceptance_time,updated_after_release,2019-12-16T07:10:11,0,no,aact,0,no,0,no,0,,False,False,411.0,2019-12-17,1289637497.5,2593995.0457500005,0.04510942016938805,-0.5661100720888436,dev,clean_short,-1
0001193125-19-315680,0001445283,PTI,2019-12-17,acceptance_time,,2019-12-17T08:30:39,1,yes,text,1,yes,,,1,market cap outside $300M-$10B,False,False,412.0,2019-12-18,222411045.6,3730280.6980000003,0.10896262656204796,-0.6384589557303387,dev,clean_long,1
0001213900-19-026351,0001711754,INMB,2019-12-18,acceptance_time,,2019-12-17T16:53:01,2,unclear,text,2,unclear,,,0,market cap outside $300M-$10B,False,False,413.0,2019-12-19,61932951.0,19332.454999999998,0.05142684859500462,0.0006905688946572397,dev,spun_short,-1
0001193125-19-318478,0001661998,FIXX,2019-12-18,release_date_only,updated_after_release,2019-12-17T23:59,2,unclear,aact,2,unclear,2,unclear,0,,False,False,413.0,2019-12-19,956872879.3100001,1580922.6545,0.030832433073538355,-0.038960884715859234,dev,no_trade,0
0001193125-19-317563,0001598646,NERV,2019-12-19,acceptance_time,updated_after_release,2019-12-18T16:31:06,0,no,aact,0,no,0,no,0,market cap outside $300M-$10B,False,False,414.0,2019-12-20,268885495.19,606723.39,0.03357845802363338,-0.18487972290180732,dev,clean_short,-1
0001559053-19-000040,0001559053,PRTA,2019-12-20,acceptance_time,updated_after_release,2019-12-19T16:07:52,0,yes,aact,0,unclear,1,yes,1,illiquid (Nasdaq 20-day dollar volume < $1.2M),False,False,415.0,2019-12-23,511074946.41,662805.4404999999,0.029289537060664363,0.23357040464851297,dev,clean_long,1
0001437749-19-024760,0000835887,PGNX,2019-12-23,acceptance_time,updated_after_release,2019-12-23T07:32:45,0,yes,aact,0,yes,0,yes,0,illiquid (Nasdaq 20-day dollar volume < $1.2M),False,False,416.0,2019-12-24,447664064.12,550307.11475,0.020113102111014056,0.08075686549490646,dev,clean_long,1
0001493152-19-019764,0000908259,MATN,2019-12-24,release_date_only,unchanged_since_release,2019-12-23T23:59,1,yes,aact,0,yes,1,yes,0,no prices for the release's ticker,,,,,,,,,dev,no_trade,0
0001558370-19-011695,0001579428,AXSM,2019-12-30,acceptance_time,updated_after_release,2019-12-30T08:15:19,0,yes,aact,0,yes,0,yes,1,,False,False,420.0,2019-12-31,3519534765.74,33316409.218000002,0.16097631436724824,0.03352311242353634,dev,clean_long,1
0001193125-19-325442,0001631574,WVE,2019-12-30,acceptance_time,updated_after_release,2019-12-30T08:45:43,1,yes,aact,1,yes,1,yes,0,,False,False,420.0,2019-12-31,541778050.0,4605759.37425,0.13222164871903588,-0.4781887580626494,dev,clean_long,1
0001564590-20-000064,0001082038,DRRX,2020-01-02,acceptance_time,updated_after_release,2020-01-02T13:30:30,0,no,aact,0,no,0,no,0,illiquid (Nasdaq 20-day dollar volume < $1.2M),False,False,422.0,2020-01-03,728090847.515,723884.65825,0.06669374918343414,-0.30312564500791106,dev,clean_short,-1
0001467154-20-000002,0001467154,NOVN,2020-01-03,release_date_only,,2020-01-02T23:59,2,no,text,2,no,,,1,market cap outside $300M-$10B,False,False,423.0,2020-01-06,83084757.16,41155.81850000001,0.06678804551574635,-0.7153443505570927,dev,no_trade,0
0001193125-20-002622,0001492422,APLS,2020-01-07,acceptance_time,,2020-01-07T08:30:43,0,yes,text,0,yes,,,1,,False,False,425.0,2020-01-08,1929424787.6,5983042.75825,0.03789326475333514,0.28138842181288304,dev,clean_long,1
0001193125-20-003545,0001422142,ARPO,2020-01-08,acceptance_time,updated_after_release,2020-01-08T09:30:05,1,yes,text,1,yes,1,yes,2,market cap outside $300M-$10B,False,False,426.0,2020-01-09,26503966.612,22801.8001,0.023711378502030808,-0.07127645317098552,dev,clean_long,1
0001558370-20-000074,0001597264,BPMC,2020-01-08,acceptance_time,,2020-01-08T08:13:23,0,yes,text,0,yes,,,0,,False,False,426.0,2020-01-09,3956834651.2400002,8341320.731999999,0.029731080979846468,-0.015494499850116195,dev,clean_long,1
0001654954-20-000304,0001604191,AZRX,2020-01-10,release_date_only,updated_after_release,2020-01-09T23:59,2,unclear,aact,2,unclear,2,unclear,1,market cap outside $300M-$10B,False,False,428.0,2020-01-13,37140257.62,92518.236835,0.07808459529332672,0.2216016348613601,dev,spun_short,-1
0001564590-20-000633,0001515673,RARE,2020-01-10,acceptance_time,updated_after_release,2020-01-09T16:25:42,1,yes,aact,2,unclear,1,yes,1,,False,False,428.0,2020-01-13,2526322462.79,5326978.7495,0.026063853615938336,0.24358351470663364,dev,clean_long,1
0001493152-20-000447,0000764195,VBIV,2020-01-10,release_date_only,updated_after_release,2020-01-09T23:59,0,yes,aact,0,yes,0,yes,1,market cap outside $300M-$10B,False,False,428.0,2020-01-13,254907794.57,1254594.119905,0.06553647905527112,0.15019416908769712,dev,clean_long,1
0001193125-20-005950,0001492426,HZNP,2020-01-13,acceptance_time,updated_after_release,2020-01-13T08:11:56,1,yes,aact,2,unclear,1,yes,1,,False,False,429.0,2020-01-14,6857134603.69,12518802.114750002,0.012133190501603315,0.0654261555788872,dev,clean_long,1
0001104659-20-003255,0001579428,AXSM,2020-01-13,acceptance_time,,2020-01-13T08:39:50,0,yes,text,0,yes,,,0,,False,False,429.0,2020-01-14,3063675816.28,40563757.248500004,0.1613840016827915,0.014837241383800381,dev,clean_long,1
0001193125-20-005937,0001720725,OYST,2020-01-13,release_date_only,updated_after_release,2020-01-12T23:59,0,yes,aact,0,yes,0,yes,1,illiquid (Nasdaq 20-day dollar volume < $1.2M),False,False,429.0,2020-01-14,571875142.26,737829.3115000001,0.0582637774843317,0.06779766796239206,dev,clean_long,1
0001104659-20-003162,0001755237,CYCN,2020-01-13,acceptance_time,,2020-01-13T06:04:06,0,yes,text,0,yes,,,1,market cap outside $300M-$10B,False,False,429.0,2020-01-14,93943651.67999999,449915.0445,0.058186550523012144,0.11684773054881703,dev,clean_long,1
0001714899-20-000005,0001714899,DNLI,2020-01-14,acceptance_time,updated_after_release,2020-01-14T09:04:07,1,yes,aact,1,yes,1,yes,2,,False,False,430.0,2020-01-15,1688228900.34,1510808.2940000002,0.04197630160353078,0.26426075849641206,dev,clean_long,1
0001651308-20-000008,0001651308,BGNE,2020-01-22,acceptance_time,,2020-01-21T16:51:18,0,yes,text,0,yes,,,0,market cap outside $300M-$10B,False,False,435.0,2020-01-23,133765649636.64,13963167.4175,0.017189349302564043,0.0012033708273527788,dev,clean_long,1
0001193125-20-011478,0001662524,AKCA,2020-01-22,acceptance_time,,2020-01-22T07:30:32,0,yes,text,0,yes,,,1,,False,False,435.0,2020-01-23,1631066241.0600002,1244923.4744999998,0.03220597207650826,0.10998000533758379,dev,clean_long,1
0001437749-20-001132,0001029125,SNBP,2020-01-24,acceptance_time,updated_after_release,2020-01-24T15:00:21,1,yes,aact,1,unclear,1,yes,0,"no trade on previous day, reaction day or entry day",,,,,,,,,dev,no_trade,0
0001628280-20-000533,0001213037,TROV,2020-01-27,acceptance_time,updated_after_release,2020-01-27T10:59:12,2,unclear,"text, match rejected",2,unclear,1,unclear,0,market cap outside $300M-$10B,False,False,438.0,2020-01-28,13007156.4,182905.632,0.052481334738145716,0.1852954144620812,dev,spun_short,-1
0001104659-20-006911,0000850261,SRNE,2020-01-27,acceptance_time,updated_after_release,2020-01-27T07:00:41,3,unclear,aact,3,unclear,2,unclear,0,,False,False,438.0,2020-01-28,607918880.44,4375281.678499999,0.09689352458654446,-0.08779176673478506,dev,no_trade,0
0001280600-20-000005,0001280600,,2020-01-28,acceptance_time,updated_after_release,2020-01-27T16:14:50,0,yes,aact,0,yes,0,yes,0,"no ticker printed in the release (missing, or today's SEC ticker)",,,,,,,,,dev,no_trade,0
0001193125-20-016998,0001662524,AKCA,2020-01-29,acceptance_time,,2020-01-28T16:31:02,0,yes,text,0,yes,,,1,,False,False,440.0,2020-01-30,1770040221.3000002,1283419.0255,0.037147801806826884,-0.003439029605358357,dev,clean_long,1
0001104659-20-009450,0001082554,UTHR,2020-02-03,acceptance_time,updated_after_release,2020-02-03T06:02:46,0,no,aact,0,no,0,no,1,,False,False,443.0,2020-02-04,4286330268.0000005,10741737.485,0.020823800777472607,-0.044703633899191075,dev,clean_short,-1
0001104659-20-009488,0001104506,INSM,2020-02-03,acceptance_time,updated_after_release,2020-02-03T07:49:46,1,yes,aact,1,yes,1,yes,1,,False,False,443.0,2020-02-04,1836013404.9,5365954.378500001,0.029627218749276082,0.3818660678529924,dev,clean_long,1
0001659617-20-000023,0001659617,MBRX,2020-02-03,acceptance_time,updated_after_release,2020-02-03T07:32:35,1,yes,aact,1,yes,1,yes,1,market cap outside $300M-$10B,False,False,443.0,2020-02-04,39549887.73,30754.4217,0.01943883353426395,-0.027278063403901487,dev,clean_long,1
0001178879-20-000006,0001178879,FOLD,2020-02-07,acceptance_time,,2020-02-07T07:01:01,0,unclear,text,0,unclear,,,0,,False,False,447.0,2020-02-10,2729014789.4100003,5718823.34725,0.04649126116813876,-0.03328045726871098,dev,no_trade,0
0001193125-20-027291,0001375151,ZGNX,2020-02-07,release_date_only,,2020-02-06T23:59,0,yes,text,0,yes,,,1,,False,False,447.0,2020-02-10,2328685523.8199997,6808468.4735,0.023615762631220002,-0.3814194848295641,dev,clean_long,1
0001104659-20-012235,0001393434,OCUL,2020-02-07,acceptance_time,updated_after_release,2020-02-07T08:18:16,1,unclear,text,1,unclear,2,unclear,1,market cap outside $300M-$10B,False,False,447.0,2020-02-10,232705336.6,495798.5840000001,0.034031986189013264,0.08518263044571384,dev,no_trade,0
0001564590-20-003759,0001510487,PRNB,2020-02-07,acceptance_time,,2020-02-06T18:03:27,0,yes,text,0,yes,,,0,,False,False,447.0,2020-02-10,2262931822.2,4477390.454499999,0.059647982475958955,0.027136813087707767,dev,clean_long,1
0001193125-20-029771,0001681087,AVRO,2020-02-11,acceptance_time,,2020-02-10T16:09:04,1,yes,text,1,yes,,,1,illiquid (Nasdaq 20-day dollar volume < $1.2M),False,False,449.0,2020-02-12,829699006.1999999,945818.1050000001,0.07059057960885681,0.03958192966571239,dev,clean_long,1
0001628280-20-001467,0001213037,TROV,2020-02-13,acceptance_time,updated_after_release,2020-02-13T10:00:15,3,unclear,aact,2,unclear,3,unclear,0,market cap outside $300M-$10B,False,False,451.0,2020-02-14,16800910.349999998,357192.517,0.07717532463284169,-0.10449308755760378,dev,no_trade,0
0001171843-20-000943,0001626971,CRVS,2020-02-13,acceptance_time,updated_after_release,2020-02-13T08:00:17,2,unclear,aact,2,unclear,2,unclear,0,market cap outside $300M-$10B,False,False,451.0,2020-02-14,136147002.0,279818.6285,0.06234225328724548,-0.03896174020364074,dev,no_trade,0
0001477932-20-000606,0001355250,IPIX,2020-02-14,acceptance_time,updated_after_release,2020-02-13T16:05:13,0,yes,"text, match rejected",0,yes,1,yes,0,no prices for the release's ticker,,,,,,,,,dev,no_trade,0
0001193125-20-039763,0001175505,FPRX,2020-02-18,acceptance_time,updated_after_release,2020-02-18T09:28:10,0,no,aact,0,no,0,no,0,market cap outside $300M-$10B,False,False,453.0,2020-02-19,164491166.51999998,524718.4685000001,0.05962878572655008,-0.027479749197214076,dev,clean_short,-1
0001600132-20-000012,0001600132,BLPH,2020-02-18,acceptance_time,,2020-02-18T08:32:39,2,unclear,text,2,unclear,,,0,reverse split between shares filing and event,False,True,,,,,,,dev,no_trade,0
0001104659-20-022587,0001279704,CLRB,2020-02-19,acceptance_time,updated_after_release,2020-02-19T08:15:56,2,yes,aact,2,yes,2,yes,0,market cap outside $300M-$10B,False,False,454.0,2020-02-20,29597513.4,103572.27425,0.030810627984823147,-0.14132431786360677,dev,no_trade,0
0001493152-20-002783,0001100397,ADXS,2020-02-21,acceptance_time,updated_after_release,2020-02-20T16:00:10,1,yes,aact,2,unclear,2,unclear,0,market cap outside $300M-$10B,False,False,456.0,2020-02-24,50713538.24,1084789.9893200002,0.11232657341604114,-0.03367530865322044,dev,clean_long,1
0001654954-20-001787,0001411685,VTGN,2020-02-21,acceptance_time,,2020-02-20T19:23:20,1,yes,text,1,yes,,,2,market cap outside $300M-$10B,False,False,456.0,2020-02-24,32610072.255799998,61200.48771,0.03835076593786574,0.030785248301136603,dev,clean_long,1
0001564590-20-005893,0001426332,NGM,2020-02-24,acceptance_time,,2020-02-24T08:09:35,1,yes,text,1,yes,,,3,illiquid (Nasdaq 20-day dollar volume < $1.2M),False,False,457.0,2020-02-25,1075138520.57,576259.607,0.030000214790632453,0.20421428081924364,dev,clean_long,1
0001193125-20-045535,0001341235,ALDX,2020-02-24,acceptance_time,updated_after_release,2020-02-24T08:14:32,1,yes,"text, match rejected",1,yes,1,yes,0,market cap outside $300M-$10B,False,False,457.0,2020-02-25,141162331.85,131144.10725,0.01750950298649105,-0.00723968540812947,dev,clean_long,1
0001104659-20-024053,0001082554,UTHR,2020-02-24,acceptance_time,,2020-02-24T06:06:42,0,yes,text,0,yes,,,2,,False,False,457.0,2020-02-25,4695304450.0,11872281.183,0.018097369870543778,0.11238185618528218,dev,clean_long,1
0001213900-20-004778,0001176309,ORMP,2020-02-26,acceptance_time,updated_after_release,2020-02-26T08:03:28,1,yes,aact,3,no,3,no,0,"no ticker printed in the release (missing, or today's SEC ticker)",,,,,,,,,dev,no_trade,0
0001193125-20-049300,0001347178,VNDA,2020-02-26,release_date_only,,2020-02-25T23:59,3,no,text,3,no,,,2,,False,False,459.0,2020-02-27,614443219.1999999,1739163.2255,0.029971488017861647,-0.02414551019412725,dev,no_trade,0
0001104659-20-025079,0001513856,,2020-02-26,acceptance_time,unchanged_since_release,2020-02-26T09:00:43,3,no,aact,3,no,3,no,3,"no ticker printed in the release (missing, or today's SEC ticker)",,,,,,,,,dev,no_trade,0
0001193125-20-057801,0001503802,KPTI,2020-03-02,acceptance_time,,2020-03-02T07:05:43,0,yes,text,0,yes,,,0,,False,False,462.0,2020-03-03,1073677796.0999999,4667941.032,0.04112184120757097,0.6554335783943037,dev,clean_long,1
0001493152-20-003250,0000764195,VBIV,2020-03-03,acceptance_time,updated_after_release,2020-03-03T10:00:41,3,yes,aact,3,unclear,3,unclear,0,market cap outside $300M-$10B,False,False,463.0,2020-03-04,232625644.695,673628.92925,0.05100255322722253,0.047845612712769436,dev,spun_short,-1
0001104659-20-030426,0001479419,KALA,2020-03-09,acceptance_time,,2020-03-09T06:05:54,0,yes,text,0,yes,,,1,market cap outside $300M-$10B,False,False,467.0,2020-03-10,231864406.2,889541.8055,0.04035359198913731,0.33970861011145104,dev,clean_long,1
0001280600-20-000017,0001280600,XLRN,2020-03-10,acceptance_time,updated_after_release,2020-03-09T16:09:31,0,yes,aact,0,yes,0,yes,1,,False,False,468.0,2020-03-11,4549671348.8,12475081.742999999,0.02440996172077762,0.045594307002615464,dev,clean_long,1
0001564590-20-009472,0001394319,,2020-03-10,acceptance_time,updated_after_release,2020-03-09T19:57:36,0,no,aact,0,no,0,no,0,"no ticker printed in the release (missing, or today's SEC ticker)",,,,,,,,,dev,no_trade,0
0001654954-20-002581,0000034956,TENX,2020-03-13,release_date_only,updated_after_release,2020-03-12T23:59,2,unclear,aact,2,unclear,1,unclear,0,market cap outside $300M-$10B,False,False,471.0,2020-03-16,4448953.414,8797.492330000001,0.08830445436053902,-0.11896792637744114,dev,no_trade,0
0001493152-20-004113,0001710340,ETON,2020-03-17,acceptance_time,,2020-03-17T08:23:21,0,yes,text,0,yes,,,0,market cap outside $300M-$10B,False,False,473.0,2020-03-18,55435706.6,143852.174,0.07754000457625691,-0.005801071192741203,dev,clean_long,1
0001493152-20-004116,0001533743,PCSA,2020-03-17,acceptance_time,updated_after_release,2020-03-17T09:30:11,2,yes,aact,2,yes,3,yes,0,"no trade on previous day, reaction day or entry day",,,,,,,,,dev,no_trade,0
0001213900-20-006814,0000812796,SNGX,2020-03-19,acceptance_time,updated_after_release,2020-03-19T06:04:16,1,yes,aact,1,yes,1,yes,0,market cap outside $300M-$10B,False,False,475.0,2020-03-20,32425216.28,249435.87625000003,0.07044002262738946,0.14240635773972987,dev,clean_long,1
0001104659-20-037367,0001408443,MIST,2020-03-24,acceptance_time,updated_after_release,2020-03-23T17:19:06,2,no,aact,2,no,2,no,1,illiquid (Nasdaq 20-day dollar volume < $1.2M),False,False,478.0,2020-03-25,343832580.0,416097.7975,0.06685464887881612,-0.9585363716038562,dev,no_trade,0
0001104659-20-037764,0001000694,NVAX,2020-03-25,acceptance_time,updated_after_release,2020-03-24T16:15:47,1,yes,aact,1,yes,1,yes,0,,False,False,479.0,2020-03-26,658023299.5699999,31431796.8235,0.17694821325406787,-0.09816824789061873,dev,clean_long,1
0001171843-20-002125,0001061983,CYTK,2020-03-30,acceptance_time,updated_after_release,2020-03-30T07:30:12,0,unclear,aact,0,unclear,0,unclear,0,,False,False,482.0,2020-03-31,699731643.49,2911898.8109999998,0.07228179987316782,0.05766785547452513,dev,no_trade,0
0001104659-20-040002,0001579428,AXSM,2020-03-30,acceptance_time,,2020-03-30T09:47:40,2,no,text,2,no,,,2,,False,False,482.0,2020-03-31,2346503458.38,18051655.4795,0.11237507363619546,-0.11889676533945659,dev,no_trade,0
0001564590-20-013857,0001636651,OVID,2020-03-30,acceptance_time,updated_after_release,2020-03-30T08:05:29,1,unclear,aact,1,unclear,1,unclear,2,market cap outside $300M-$10B,False,False,482.0,2020-03-31,158659933.79999998,348032.6925,0.0872144378918219,-0.03933797466053468,dev,no_trade,0
0001213900-20-008122,0001739174,PHGE,2020-03-31,acceptance_time,,2020-03-31T06:41:35,0,yes,text,0,yes,,,1,market cap outside $300M-$10B,False,False,483.0,2020-04-01,180539798.96,9730.534000000001,0.06676790743566469,-0.1280906736290255,dev,clean_long,1
0001104659-20-040850,0001744659,AKRO,2020-03-31,acceptance_time,,2020-03-31T08:25:42,0,yes,text,0,yes,,,0,illiquid (Nasdaq 20-day dollar volume < $1.2M),False,False,483.0,2020-04-01,491197866.21000004,965246.9217500001,0.13989998542142953,0.24134722567001143,dev,clean_long,1
0001104659-20-041258,0001689813,BHVN,2020-03-31,release_date_only,updated_after_release,2020-03-30T23:59,0,yes,aact,0,yes,1,yes,2,,False,False,483.0,2020-04-01,1943724643.3000002,4360726.71175,0.0915283084200582,0.02725601850713988,dev,clean_long,1
0001193125-20-091094,0001552451,MYOK,2020-03-31,acceptance_time,updated_after_release,2020-03-30T17:13:10,2,yes,aact,2,yes,2,yes,3,,False,False,483.0,2020-04-01,2392999762.44,7305737.707,0.07697772797954142,-0.07920143785615374,dev,no_trade,0
0001104659-20-040376,0001442836,MRSN,2020-03-31,acceptance_time,updated_after_release,2020-03-30T16:15:29,2,yes,aact,2,unclear,1,unclear,3,market cap outside $300M-$10B,False,False,483.0,2020-04-01,297566401.75,805221.881,0.08849364279010968,-0.10401193530221498,dev,no_trade,0
0001399529-20-000018,0001399529,DRNA,2020-03-31,acceptance_time,updated_after_release,2020-03-31T08:10:26,2,unclear,aact,2,unclear,2,unclear,1,,False,False,483.0,2020-04-01,1321611056.64,4122006.7839999995,0.07593336862456292,0.032960699648711844,dev,spun_short,-1
0001564590-20-014775,0001080709,ARNA,2020-04-02,acceptance_time,,2020-04-01T16:06:58,1,yes,text,1,yes,,,0,,False,False,485.0,2020-04-03,2047652821.75,9199050.7905,0.06151228091335452,0.04460473746677596,dev,clean_long,1
0001104659-20-043387,0001544227,MLND,2020-04-06,acceptance_time,updated_after_release,2020-04-06T07:16:43,0,no,aact,0,no,0,no,1,market cap outside $300M-$10B,False,False,487.0,2020-04-07,88227412.35,211718.5125,0.08538655219347493,-0.777088199421086,dev,clean_short,-1
0001104659-20-043432,0001566044,MNLO,2020-04-06,acceptance_time,updated_after_release,2020-04-06T09:00:19,0,no,aact,0,no,0,no,1,market cap outside $300M-$10B,False,False,487.0,2020-04-07,63296054.29,538723.8524999999,0.12724975856186635,-0.5441969230515487,dev,clean_short,-1
0001558370-20-003618,0001579428,AXSM,2020-04-06,acceptance_time,updated_after_release,2020-04-06T08:18:35,0,yes,aact,0,yes,0,yes,1,,False,False,487.0,2020-04-07,2037665193.1200001,16774609.638500001,0.1075475787792284,-0.09899142435260022,dev,clean_long,1
0001213900-20-008735,0001158780,PSTI,2020-04-07,acceptance_time,,2020-04-07T09:17:25,4,unclear,text,4,unclear,,,0,market cap outside $300M-$10B,False,False,488.0,2020-04-08,60014777.76,454343.97799999994,0.1121816208112133,0.2426196843957139,dev,spun_short,-1
0001104659-20-043974,0001761612,BCYC,2020-04-07,acceptance_time,updated_after_release,2020-04-07T07:45:17,1,yes,aact,1,yes,1,yes,1,market cap outside $300M-$10B,False,False,488.0,2020-04-08,254626023.8,130234.89750000004,0.10512099259888207,0.03071281917612778,dev,clean_long,1
0001193125-20-105860,0001341235,ALDX,2020-04-14,acceptance_time,,2020-04-14T08:24:05,1,yes,text,1,yes,,,1,market cap outside $300M-$10B,False,False,492.0,2020-04-15,73265448.75,129594.46699999999,0.15107193515969825,0.2469834945377185,dev,clean_long,1
0001493152-20-006424,0001174940,OGEN,2020-04-15,acceptance_time,updated_after_release,2020-04-15T06:31:06,0,no,aact,0,no,0,no,0,market cap outside $300M-$10B,False,False,493.0,2020-04-16,36932129.762099996,30903.730874999997,0.06641563325781397,-0.40837654242382104,dev,clean_short,-1
0001654954-20-004130,0001385818,AYTU,2020-04-16,acceptance_time,,2020-04-16T08:07:35,0,yes,text,0,yes,,,0,market cap outside $300M-$10B,False,False,494.0,2020-04-17,35677980.6,4933155.801499999,0.11424672359752666,-0.06472670674764236,dev,clean_long,1
0000939767-20-000051,0000939767,EXEL,2020-04-20,acceptance_time,,2020-04-20T07:02:56,0,yes,text,0,yes,,,1,,False,False,496.0,2020-04-21,5936844585.6,11890175.6225,0.03787203665540727,0.1758992956113241,dev,clean_long,1
0001104659-20-049009,0001346830,CARA,2020-04-21,acceptance_time,,2020-04-21T07:41:52,0,yes,text,0,yes,,,1,,False,False,497.0,2020-04-22,693869591.25,1759121.202,0.04183556581139075,0.06737518093253902,dev,clean_long,1
0001193125-20-113337,0001178253,SCYX,2020-04-21,acceptance_time,updated_after_release,2020-04-21T14:36:02,0,yes,aact,0,yes,0,yes,1,market cap outside $300M-$10B,False,True,497.0,2020-04-22,98391396.24,96292.424745,0.04207319443700695,-0.09936482640152766,dev,clean_long,1
0001104659-20-049013,0000861838,IDRA,2020-04-21,acceptance_time,updated_after_release,2020-04-21T08:00:35,1,unclear,aact,1,unclear,1,unclear,0,market cap outside $300M-$10B,False,False,497.0,2020-04-22,64741573.36000001,72461.54000000001,0.07267113937554139,-0.06400147874600748,dev,no_trade,0
0001104659-20-049520,0001730430,KNSA,2020-04-22,acceptance_time,updated_after_release,2020-04-22T08:07:21,0,yes,aact,0,yes,0,yes,2,no shares outstanding,False,False,,,,,,,dev,no_trade,0
0001104659-20-050023,0001509745,LPTX,2020-04-23,acceptance_time,updated_after_release,2020-04-23T08:42:08,2,unclear,aact,2,unclear,2,unclear,1,market cap outside $300M-$10B,False,False,499.0,2020-04-24,70524991.36,50207.966,0.04663755323389725,0.07752628870882672,dev,spun_short,-1
0001564590-20-018489,0001510487,PRNB,2020-04-27,acceptance_time,,2020-04-24T16:05:51,1,yes,text,1,yes,,,0,,False,False,501.0,2020-04-28,1966339934.72,4760457.0505,0.08066992310840562,-0.018885059567809503,dev,clean_long,1
0001171843-20-002890,0000882361,APTO,2020-04-27,acceptance_time,updated_after_release,2020-04-27T09:15:12,0,yes,aact,0,unclear,0,yes,1,illiquid (Nasdaq 20-day dollar volume < $1.2M),False,False,501.0,2020-04-28,626937805.32,1123238.8880000003,0.037123568273848356,-0.11972984051414559,dev,clean_long,1
0001104659-20-051350,0001012477,AVDL,2020-04-27,acceptance_time,updated_after_release,2020-04-27T09:21:56,0,yes,"text, match rejected",0,yes,0,yes,1,illiquid (Nasdaq 20-day dollar volume < $1.2M),False,False,501.0,2020-04-28,457547699.52,1067723.30125,0.06145729220314331,0.12829975138805727,dev,clean_long,1
0001564590-20-018684,0001382101,STRO,2020-04-27,acceptance_time,updated_after_release,2020-04-27T08:00:29,2,unclear,aact,2,unclear,2,unclear,1,market cap outside $300M-$10B,False,False,501.0,2020-04-28,255243607.45000002,73553.0755,0.03976352473912749,-0.18099967129878958,dev,no_trade,0
0001104659-20-051935,0001393434,OCUL,2020-04-28,acceptance_time,,2020-04-28T07:07:34,0,yes,text,0,yes,,,1,market cap outside $300M-$10B,False,False,502.0,2020-04-29,297059711.0,758372.3715000001,0.04444817432676898,0.059047114799326894,dev,clean_long,1
0001558370-20-004422,0001597264,BPMC,2020-04-28,acceptance_time,updated_after_release,2020-04-28T07:11:24,0,no,aact,0,no,0,no,0,,False,False,502.0,2020-04-29,3827813587.6499996,8706789.0065,0.03339547944588233,-0.14174853349165273,dev,clean_short,-1
0001628280-20-005682,0001213037,TROV,2020-04-28,acceptance_time,updated_after_release,2020-04-28T12:22:34,1,unclear,aact,2,unclear,1,unclear,0,market cap outside $300M-$10B,False,False,502.0,2020-04-29,10822162.22,38242.250929999995,0.06177010336640961,0.0873323043134363,dev,no_trade,0
0001104659-20-056292,0001133869,CAPR,2020-04-30,release_date_only,updated_after_release,2020-04-29T23:59,4,unclear,"text, match rejected",4,unclear,4,unclear,1,market cap outside $300M-$10B,False,False,504.0,2020-05-01,74386025.1,17132126.993,0.5588212018634313,-0.13710482009377178,dev,no_trade,0
0001564590-20-020629,0001564824,ALLK,2020-05-04,acceptance_time,,2020-05-04T08:06:13,0,yes,text,0,yes,,,0,,False,False,506.0,2020-05-05,2925907881.35,4135819.491499999,0.06496463869022792,-0.08984998754436901,dev,clean_long,1
0001558370-20-005097,0001001316,TGTX,2020-05-05,acceptance_time,,2020-05-05T07:30:48,0,yes,text,0,yes,,,0,,False,False,507.0,2020-05-06,1363138752.64,4686221.4325,0.058423824666306017,0.3188049589329325,dev,clean_long,1
0001104659-20-057195,0001633070,AXLA,2020-05-06,acceptance_time,updated_after_release,2020-05-06T08:09:00,2,yes,aact,2,unclear,2,yes,2,market cap outside $300M-$10B,False,False,508.0,2020-05-07,113161422.08,33095.586,0.0403550691228051,0.15860081790614022,dev,spun_short,-1
0001104659-20-058140,0001377121,PTGX,2020-05-08,acceptance_time,updated_after_release,2020-05-07T16:34:08,2,unclear,aact,2,unclear,2,unclear,2,market cap outside $300M-$10B,False,False,510.0,2020-05-11,210149840.3,235970.733,0.0530436961249342,0.8624242814521355,dev,spun_short,-1
0001564590-20-023891,0001552451,MYOK,2020-05-11,acceptance_time,updated_after_release,2020-05-11T09:26:57,0,yes,aact,0,yes,0,yes,1,,False,False,511.0,2020-05-12,2857799065.7599998,7202172.3515,0.04333573836366413,0.5304665533022281,dev,clean_long,1
0001628280-20-007282,0001720725,OYST,2020-05-11,acceptance_time,updated_after_release,2020-05-11T06:10:51,0,yes,aact,0,yes,0,yes,1,illiquid (Nasdaq 20-day dollar volume < $1.2M),False,False,511.0,2020-05-12,718570528.5,650349.8219999999,0.0583031779154626,-0.014782283827778908,dev,clean_long,1
0001193125-20-142266,0001711279,KRYS,2020-05-14,acceptance_time,updated_after_release,2020-05-14T08:05:56,1,unclear,aact,2,unclear,1,unclear,0,,False,False,514.0,2020-05-15,985601512.2099999,1955312.6545000002,0.0371024451525381,0.05522339608825766,dev,no_trade,0
0001193125-20-141786,0001655759,ARVN,2020-05-14,acceptance_time,updated_after_release,2020-05-13T17:55:55,1,yes,aact,1,unclear,1,unclear,0,,False,False,514.0,2020-05-15,1996627917.0,5705226.864000001,0.043278764884641586,-0.12364028979886832,dev,clean_long,1
0001564590-20-025288,0001674416,CRSP,2020-05-14,acceptance_time,,2020-05-14T09:11:38,0,unclear,text,0,unclear,,,0,,False,False,514.0,2020-05-15,3500585850.5899997,12649795.6295,0.04366948328846411,-0.016082640279238114,dev,no_trade,0
0001193125-20-141629,0001734517,VIE,2020-05-14,acceptance_time,,2020-05-13T16:25:32,2,unclear,text,2,unclear,,,2,illiquid (Nasdaq 20-day dollar volume < $1.2M),False,False,514.0,2020-05-15,2432571210.0,1177837.0255,0.06176414249328733,0.07383042175619392,dev,spun_short,-1
0001564590-20-025280,0001394319,TCON,2020-05-14,acceptance_time,,2020-05-14T08:40:07,1,yes,text,1,yes,,,0,market cap outside $300M-$10B,False,False,514.0,2020-05-15,12320869.120000001,57563.329000000005,0.056143171886443806,-0.07939659231987672,dev,clean_long,1
0001171843-20-003755,0001069530,SAVA,2020-05-15,acceptance_time,updated_after_release,2020-05-15T08:20:23,2,no,aact,1,no,1,no,1,no shares outstanding,False,False,,,,,,,dev,no_trade,0
0001564590-20-025642,0001515673,RARE,2020-05-15,acceptance_time,updated_after_release,2020-05-15T08:25:40,1,yes,aact,1,yes,1,yes,0,,False,False,515.0,2020-05-18,3859200117.51,8978759.004999999,0.044960833907192285,0.06786910131966684,dev,clean_long,1
0001193125-20-143480,0001668243,URGN,2020-05-15,acceptance_time,updated_after_release,2020-05-15T09:17:40,0,yes,aact,0,yes,0,yes,0,,False,False,515.0,2020-05-18,545965410.59,1739543.727,0.03588018698568955,-0.045659375829922966,dev,clean_long,1
0001564590-20-025616,0001748907,ORTX,2020-05-15,acceptance_time,,2020-05-15T06:03:43,0,yes,text,0,yes,,,1,illiquid (Nasdaq 20-day dollar volume < $1.2M),False,False,515.0,2020-05-18,924978899.67,797656.3749999999,0.05296447154749592,-0.037068473863373086,dev,clean_long,1
0001193125-20-144575,0001340652,CCXI,2020-05-18,acceptance_time,updated_after_release,2020-05-18T08:31:02,0,no,aact,0,no,0,no,1,,False,False,516.0,2020-05-19,3327746007.0,7051744.461,0.03567159859141447,0.058456371198405854,dev,clean_short,-1
0001193125-20-144533,0001682852,MRNA,2020-05-18,acceptance_time,,2020-05-18T07:37:13,1,unclear,text,1,unclear,,,0,market cap outside $300M-$10B,False,False,516.0,2020-05-19,24745782840.899998,213658745.0005,0.06113378427175503,0.17158753561596285,dev,no_trade,0
0001437749-20-011152,0000835887,PGNX,2020-05-19,acceptance_time,updated_after_release,2020-05-18T16:01:47,0,yes,aact,0,yes,0,yes,0,illiquid (Nasdaq 20-day dollar volume < $1.2M),False,False,517.0,2020-05-20,340324767.69,610947.4065,0.04079487589196487,-0.047174734139815655,dev,clean_long,1
0001564590-20-026822,0001082038,DRRX,2020-05-26,acceptance_time,,2020-05-26T09:00:38,2,unclear,text,2,unclear,,,2,illiquid (Nasdaq 20-day dollar volume < $1.2M),False,False,521.0,2020-05-27,484180754.59000003,456588.944,0.06363961830680413,0.10520322695655426,dev,spun_short,-1
0001104659-20-066085,0001621443,ZYNE,2020-05-27,acceptance_time,,2020-05-27T07:10:33,2,yes,text,2,yes,,,2,market cap outside $300M-$10B,False,False,522.0,2020-05-28,154444263.52,1337632.44275,0.07296380174726551,-0.09996829550153596,dev,no_trade,0
0001104659-20-066071,0001442836,MRSN,2020-05-27,acceptance_time,updated_after_release,2020-05-27T06:30:16,1,yes,aact,1,unclear,1,unclear,1,,False,False,522.0,2020-05-28,634885791.9,2093979.4220000003,0.053870266663198586,0.6835730139756662,dev,clean_long,1
0001628280-20-008589,0001213037,CRDF,2020-05-29,acceptance_time,updated_after_release,2020-05-29T12:00:24,2,unclear,aact,3,yes,2,yes,1,market cap outside $300M-$10B,False,False,524.0,2020-06-01,30758185.0,223125.92428571428,0.10196936187406308,-0.02165571052374904,dev,no_trade,0
0001553350-20-000496,0001476963,,2020-05-29,acceptance_time,updated_after_release,2020-05-29T08:05:33,3,unclear,aact,3,unclear,3,yes,3,"no ticker printed in the release (missing, or today's SEC ticker)",,,,,,,,,dev,no_trade,0
0001193125-20-155943,0001501989,CTMX,2020-06-01,acceptance_time,updated_after_release,2020-05-29T17:10:46,1,yes,aact,1,unclear,1,unclear,1,,False,False,525.0,2020-06-02,406879596.29999995,2098121.2835,0.09489889527366956,-0.09628263455922614,dev,clean_long,1
0001193125-20-155824,0001598646,NERV,2020-06-01,acceptance_time,updated_after_release,2020-05-29T16:24:02,1,no,aact,2,no,2,no,3,market cap outside $300M-$10B,False,False,525.0,2020-06-02,145502987.14,5292242.325,0.17361673339572267,0.12608629086349188,dev,clean_short,-1
0001193125-20-155683,0001708493,HARP,2020-06-01,acceptance_time,updated_after_release,2020-05-29T16:03:21,1,yes,aact,1,unclear,1,unclear,0,illiquid (Nasdaq 20-day dollar volume < $1.2M),False,False,525.0,2020-06-02,549704172.8399999,1112091.3845,0.07045299453027697,-0.17288322358132424,dev,clean_long,1
0001193125-20-156631,0001420565,RNTX,2020-06-01,acceptance_time,updated_after_release,2020-06-01T08:40:03,0,unclear,aact,0,unclear,0,unclear,0,"no ticker printed in the release (missing, or today's SEC ticker)",,,,,,,,,dev,no_trade,0
0001654954-20-006219,0000034956,TENX,2020-06-02,acceptance_time,updated_after_release,2020-06-02T08:33:23,3,no,aact,3,no,3,no,1,market cap outside $300M-$10B,False,False,526.0,2020-06-03,13274720.639999999,85505.808745,0.08812252423988183,0.11830895375882888,dev,spun_short,-1
0001104659-20-068688,0000861838,IDRA,2020-06-02,acceptance_time,updated_after_release,2020-06-02T08:33:33,2,no,aact,3,no,3,no,0,market cap outside $300M-$10B,False,False,526.0,2020-06-03,61002165.74,45472.0465,0.026972199738921013,0.15763522754642878,dev,spun_short,-1
0001104659-20-068678,0001566044,MNLO,2020-06-02,acceptance_time,updated_after_release,2020-06-02T08:16:27,1,no,aact,0,yes,2,no,1,,False,False,526.0,2020-06-03,322248112.45000005,2239816.7125,0.0496349108172439,-0.07071794311690527,dev,clean_short,-1
0001193125-20-158937,0001659323,ITRM,2020-06-02,release_date_only,updated_after_release,2020-06-01T23:59,0,no,aact,0,no,0,no,0,market cap outside $300M-$10B,False,False,526.0,2020-06-03,25277254.099999998,278458.8135,0.14932114340630634,-0.07245902009738014,dev,clean_short,-1
0001564590-20-028307,0000818033,HRTX,2020-06-04,acceptance_time,updated_after_release,2020-06-04T09:14:21,0,yes,"text, match rejected",0,yes,0,yes,0,,False,False,528.0,2020-06-05,1698633965.9599998,4179044.3235,0.03430583993777159,0.0010552225249400582,dev,clean_long,1
0001193125-20-167090,0001510487,PRNB,2020-06-12,acceptance_time,updated_after_release,2020-06-12T06:10:24,0,yes,aact,1,yes,0,yes,1,,False,False,534.0,2020-06-15,1983767110.32,4985263.720499999,0.029918988067828764,-8.882966910706003e-06,dev,clean_long,1
0001171843-20-004335,0000882361,APTO,2020-06-12,acceptance_time,updated_after_release,2020-06-12T07:02:12,1,yes,aact,1,unclear,1,yes,0,illiquid (Nasdaq 20-day dollar volume < $1.2M),False,False,534.0,2020-06-15,509508442.91999996,888993.0959999999,0.02917970991354177,-0.005848303393213294,dev,clean_long,1
0001293971-20-000039,0001293971,BLUE,2020-06-12,acceptance_time,updated_after_release,2020-06-12T06:23:18,1,unclear,"text, match rejected",1,unclear,2,unclear,0,,False,False,534.0,2020-06-15,3523891605.2,27941320.8365,0.04423864160607099,-0.001646662455253578,dev,no_trade,0
0001104659-20-073142,0001235010,MNTA,2020-06-15,acceptance_time,updated_after_release,2020-06-15T07:07:38,1,yes,aact,1,yes,1,yes,1,,False,False,535.0,2020-06-16,3654842808.15,8000003.452500001,0.0335356069988549,0.1210349105085946,dev,clean_long,1
0001410939-20-000028,0001410939,ISEE,2020-06-15,acceptance_time,updated_after_release,2020-06-15T06:19:44,1,yes,aact,2,unclear,1,yes,0,market cap outside $300M-$10B,False,False,535.0,2020-06-16,192480089.34,384113.6835,0.03556028490251478,0.09299120100274405,dev,clean_long,1
0001193125-20-171977,0001001233,SGMO,2020-06-18,acceptance_time,updated_after_release,2020-06-18T09:26:43,1,unclear,"text, match rejected",1,unclear,1,unclear,0,,False,False,538.0,2020-06-19,1528581179.3,6503578.5365,0.029878686601852198,-0.14191173883983543,dev,no_trade,0
0001104659-20-075441,0001760542,HOOK,2020-06-22,acceptance_time,updated_after_release,2020-06-22T07:24:27,1,yes,aact,1,unclear,1,yes,0,market cap outside $300M-$10B,False,False,540.0,2020-06-23,258633296.88,161043.91,0.046587431503844194,-0.044326042930311615,dev,clean_long,1
0001104659-20-075618,0001614067,ARDS,2020-06-23,acceptance_time,updated_after_release,2020-06-22T16:00:51,0,yes,aact,0,yes,0,yes,0,market cap outside $300M-$10B,False,False,541.0,2020-06-24,62017449.300000004,17134.126,0.08001285097903944,-0.11697176615302429,dev,clean_long,1
0001104659-20-077701,0001730430,KNSA,2020-06-29,acceptance_time,updated_after_release,2020-06-29T07:18:55,0,yes,aact,0,yes,0,yes,2,no shares outstanding,False,False,,,,,,,dev,no_trade,0
0001564590-20-030909,0001659323,ITRM,2020-06-29,acceptance_time,updated_after_release,2020-06-29T07:45:03,1,unclear,aact,0,yes,1,unclear,1,market cap outside $300M-$10B,False,False,545.0,2020-06-30,22452149.23,640486.91125,0.14183542245415245,-0.05806376967286686,dev,no_trade,0
0000950123-20-006465,0001567514,ITCI,2020-06-29,acceptance_time,updated_after_release,2020-06-29T09:14:49,1,yes,aact,1,yes,1,yes,1,,False,False,545.0,2020-06-30,1721068597.5,7058045.963500001,0.03544868235723793,-0.026260348465471983,dev,clean_long,1
0001193125-20-182690,0001060736,SGEN,2020-06-30,acceptance_time,updated_after_release,2020-06-29T19:02:31,0,yes,aact,0,yes,0,yes,1,market cap outside $300M-$10B,False,False,546.0,2020-07-01,28492553481.8,55084361.51350001,0.028729632073316767,0.016755914775675507,dev,clean_long,1
0001104659-20-078403,0001621443,ZYNE,2020-06-30,acceptance_time,,2020-06-30T06:50:34,2,no,text,2,no,,,0,market cap outside $300M-$10B,False,False,546.0,2020-07-01,163176976.32,2230059.16475,0.055343542719859196,-0.4893279657093109,dev,no_trade,0
0001104659-20-078983,0001744659,AKRO,2020-07-01,acceptance_time,updated_after_release,2020-06-30T16:16:09,2,yes,aact,2,yes,2,yes,3,,False,False,547.0,2020-07-02,711106371.2,1695229.4415,0.05216928635678259,0.3427559776362519,dev,spun_short,-1
0001193125-20-185881,0001262104,MEIP,2020-07-02,acceptance_time,updated_after_release,2020-07-02T07:31:59,0,no,aact,0,no,0,no,0,,False,False,548.0,2020-07-06,452614350.78999996,1621203.5127500002,0.04055966161365699,-0.18809490484438418,dev,clean_short,-1
0001193125-20-187842,0001493566,OTIC,2020-07-07,acceptance_time,updated_after_release,2020-07-06T16:14:00,3,no,aact,2,unclear,3,no,4,market cap outside $300M-$10B,False,False,550.0,2020-07-08,98468795.59,147851.784,0.049747010616514535,0.09632578337283637,dev,spun_short,-1
0001493152-20-013133,0000749647,CLSN,2020-07-13,acceptance_time,updated_after_release,2020-07-13T09:01:45,0,no,aact,0,no,0,no,1,market cap outside $300M-$10B,False,False,554.0,2020-07-14,104301565.065,4072414.198,0.12354450034887292,-0.6102652486073676,dev,clean_short,-1
0001193125-20-191424,0001746466,EQ,2020-07-13,acceptance_time,,2020-07-13T06:05:12,2,yes,text,2,yes,,,2,reverse split between shares filing and event,False,False,,,,,,,dev,no_trade,0
0001104659-20-083106,0001661059,NXTC,2020-07-14,acceptance_time,updated_after_release,2020-07-13T16:28:06,0,unclear,aact,0,no,0,unclear,0,market cap outside $300M-$10B,False,False,555.0,2020-07-15,222065183.97,2697086.0119999996,0.12542285003906967,0.0995207396162463,dev,no_trade,0
0001213900-20-017343,0001711754,INMB,2020-07-14,acceptance_time,updated_after_release,2020-07-13T16:18:59,3,unclear,aact,3,unclear,3,unclear,0,market cap outside $300M-$10B,False,False,555.0,2020-07-15,95438159.46000001,154375.43450000003,0.08911305795375499,0.7600801306589087,dev,spun_short,-1
0001104659-20-084302,0001735438,MGTX,2020-07-17,acceptance_time,updated_after_release,2020-07-17T08:30:19,1,yes,aact,1,yes,2,yes,1,illiquid (Nasdaq 20-day dollar volume < $1.2M),False,False,558.0,2020-07-20,457689596.0,420628.2025,0.039908848479293796,0.1337076235452861,dev,clean_long,1
0001104659-20-086817,0001720893,BTAI,2020-07-21,release_date_only,updated_after_release,2020-07-20T23:59,0,yes,aact,0,yes,0,yes,2,,False,False,560.0,2020-07-22,1221166504.32,7913471.261,0.05675878637068529,0.0686814258499614,dev,clean_long,1
0001104659-20-085264,0001279704,CLRB,2020-07-22,acceptance_time,updated_after_release,2020-07-21T16:02:45,2,unclear,aact,2,unclear,2,yes,0,market cap outside $300M-$10B,False,False,561.0,2020-07-23,13060460.85,192570.307,0.0344032274905967,0.03234355450422277,dev,spun_short,-1
0001564590-20-033133,0001513818,ARAV,2020-07-23,acceptance_time,updated_after_release,2020-07-23T07:05:27,2,yes,"text, match rejected",2,yes,2,unclear,2,market cap outside $300M-$10B,False,False,562.0,2020-07-24,165068900.1,601387.7415,0.04522250816520373,-0.1114589174363445,dev,no_trade,0
0001493152-20-013922,0001076682,PTE,2020-07-24,acceptance_time,updated_after_release,2020-07-24T08:00:07,0,yes,aact,0,yes,0,yes,0,market cap outside $300M-$10B,False,False,563.0,2020-07-27,61541758.400000006,401764.316,0.10639576077988379,0.1311195652173912,dev,clean_long,1
0001193125-20-199067,0001337553,AERI,2020-07-27,acceptance_time,updated_after_release,2020-07-27T06:42:01,1,yes,aact,2,unclear,2,yes,1,,False,False,564.0,2020-07-28,565983345.9,3026244.1095000003,0.026743185552182417,-0.011687976236600894,dev,clean_long,1
0001193125-20-199118,0001750019,TCRR,2020-07-27,release_date_only,updated_after_release,2020-07-26T23:59,2,unclear,aact,1,unclear,2,unclear,1,illiquid (Nasdaq 20-day dollar volume < $1.2M),False,False,564.0,2020-07-28,313949957.68,606238.702,0.04184473276038882,0.22961452106864666,dev,spun_short,-1
0001193125-20-199685,0000831547,SPPI,2020-07-28,acceptance_time,updated_after_release,2020-07-27T16:20:02,0,yes,aact,0,yes,0,yes,1,illiquid (Nasdaq 20-day dollar volume < $1.2M),False,False,565.0,2020-07-29,377357849.28000003,697058.02675,0.04242662369482693,0.15258487654320974,dev,clean_long,1
0001457612-20-000127,0001457612,,2020-07-30,acceptance_time,updated_after_release,2020-07-30T08:50:30,0,unclear,"text, match rejected",0,unclear,0,unclear,0,"no ticker printed in the release (missing, or today's SEC ticker)",,,,,,,,,dev,no_trade,0
0001628280-20-011353,0001787306,ARQT,2020-08-03,acceptance_time,updated_after_release,2020-07-31T16:05:20,1,yes,aact,1,yes,1,yes,1,illiquid (Nasdaq 20-day dollar volume < $1.2M),False,False,569.0,2020-08-04,1018726485.0,526777.9125000001,0.028915167431077665,-0.07307525015346983,dev,clean_long,1
0001193805-20-000918,0001280776,IMUX,2020-08-03,release_date_only,updated_after_release,2020-08-02T23:59,0,yes,aact,0,yes,0,yes,2,market cap outside $300M-$10B,False,False,569.0,2020-08-04,220940981.79999998,1526072.6285,0.055370700430709664,0.2317262176122863,dev,clean_long,1
0001664710-20-000019,0001664710,KROS,2020-08-04,acceptance_time,,2020-08-04T08:32:19,0,unclear,text,0,unclear,,,0,illiquid (Nasdaq 20-day dollar volume < $1.2M),False,False,570.0,2020-08-05,646973568.93,766430.92675,0.04172363454546772,0.015919665084045187,dev,no_trade,0
0001193125-20-208124,0001771917,KRTX,2020-08-04,acceptance_time,,2020-08-03T16:36:59,0,no,text,0,no,,,2,,False,False,570.0,2020-08-05,2290043716.8,4170800.0439999998,0.031039636584924108,-0.009462049216451662,dev,clean_short,-1
0001070081-20-000130,0001070081,PTCT,2020-08-07,acceptance_time,updated_after_release,2020-08-07T15:02:25,0,yes,aact,0,yes,0,yes,2,,False,False,573.0,2020-08-10,3188144347.26,10551013.530499998,0.03157234945930316,0.013443716614665924,dev,clean_long,1
0001193125-20-214096,0001609809,MCRB,2020-08-10,acceptance_time,updated_after_release,2020-08-10T07:31:01,0,yes,aact,0,yes,0,yes,2,"no ticker printed in the release (missing, or today's SEC ticker)",,,,,,,,,dev,no_trade,0
0001654954-20-008881,0001604191,AZRX,2020-08-12,acceptance_time,updated_after_release,2020-08-11T17:22:48,0,yes,aact,0,yes,0,yes,1,market cap outside $300M-$10B,False,False,576.0,2020-08-13,28484878.5,70706.88051,0.07049564454794777,0.1255118469593437,dev,clean_long,1
0001193125-20-222493,0001463361,UBX,2020-08-18,acceptance_time,updated_after_release,2020-08-17T16:45:55,0,no,aact,0,no,0,no,0,market cap outside $300M-$10B,False,False,580.0,2020-08-19,215445674.51999998,2572508.5535,0.15907635402538067,-0.205248389447084,dev,clean_short,-1
0001104659-20-096568,0001322505,ALBO,2020-08-19,acceptance_time,updated_after_release,2020-08-18T16:56:40,0,yes,aact,0,yes,0,yes,2,,False,False,581.0,2020-08-20,405198918.33000004,1330705.8310000002,0.046547473422062016,0.023701983047351383,dev,clean_long,1
0001193125-20-223727,0001347178,VNDA,2020-08-19,acceptance_time,unchanged_since_release,2020-08-18T17:18:32,3,no,aact,3,unclear,3,no,2,,False,False,581.0,2020-08-20,584769969.3,1821523.015,0.03151798717115869,0.04823339674137783,dev,spun_short,-1
0001104659-20-097780,0001130598,ONTX,2020-08-24,acceptance_time,updated_after_release,2020-08-24T07:55:52,0,no,aact,0,no,0,no,1,market cap outside $300M-$10B,False,False,584.0,2020-08-25,181450184.48,1308159.8577500002,0.06176966843237837,-0.6397400278820984,dev,clean_short,-1
0001193125-20-229289,0001764013,IMVT,2020-08-25,acceptance_time,updated_after_release,2020-08-25T09:07:32,2,yes,aact,2,yes,2,yes,1,,False,False,585.0,2020-08-26,2743147206.31,2292186.5220000003,0.04127594184156732,0.021308581374671398,dev,spun_short,-1
0001564590-20-041044,0001717452,ODT,2020-08-25,acceptance_time,updated_after_release,2020-08-24T16:01:19,0,yes,aact,0,yes,0,yes,1,,False,False,585.0,2020-08-26,588888276.5999999,1738865.898,0.10587854650430742,-0.058517336056185476,dev,clean_long,1
0001564590-20-041092,0001636651,OVID,2020-08-25,acceptance_time,,2020-08-25T07:00:25,0,yes,text,0,yes,,,1,illiquid (Nasdaq 20-day dollar volume < $1.2M),False,False,585.0,2020-08-26,364189776.06,1185929.4825,0.053930651727267215,-0.018960414621054245,dev,clean_long,1
0001104659-20-098520,0001649989,OTLK,2020-08-26,acceptance_time,,2020-08-26T08:10:41,3,no,text,3,no,,,2,market cap outside $300M-$10B,False,False,586.0,2020-08-27,162794379.52,364739.79375,0.03926016266965518,-0.350645971440247,dev,no_trade,0
0001193125-20-232097,0001668243,URGN,2020-08-27,acceptance_time,,2020-08-27T08:01:32,0,no,text,0,no,,,0,illiquid (Nasdaq 20-day dollar volume < $1.2M),False,False,587.0,2020-08-28,490029527.75,922289.121,0.04358262432882091,-0.0999089507321147,dev,clean_short,-1
0001171843-20-006188,0001444192,ACST,2020-09-01,acceptance_time,unchanged_since_release,2020-08-31T16:05:13,0,no,aact,0,no,0,no,2,market cap outside $300M-$10B,False,False,590.0,2020-09-02,23738671.565,362879.47685000004,0.15007893222810673,-0.09134241174108282,dev,clean_short,-1
0001564590-20-042073,0001748907,ORTX,2020-09-01,acceptance_time,,2020-09-01T07:03:23,1,unclear,text,1,unclear,,,3,,False,False,590.0,2020-09-02,578632203.0,1675679.1605,0.07927643795251625,-0.037657585365338586,dev,no_trade,0
0001193125-20-239118,0001517022,AKBA,2020-09-04,acceptance_time,,2020-09-03T16:55:06,1,no,text,1,no,,,0,,False,False,593.0,2020-09-08,379791128.55,4180133.6340000005,0.16655556728475604,0.04155231560891948,dev,clean_short,-1
0001104659-20-102795,0001322505,ALBO,2020-09-08,acceptance_time,updated_after_release,2020-09-08T06:40:55,0,yes,aact,0,yes,0,yes,1,,False,False,594.0,2020-09-09,411644924.06,1399126.1135,0.04336173634601421,0.4587374635652324,dev,clean_long,1
0001493152-20-017365,0001595097,CRBP,2020-09-08,acceptance_time,updated_after_release,2020-09-08T08:15:54,0,no,aact,0,no,0,no,1,,False,False,594.0,2020-09-09,757471482.18,3931073.7335,0.03320407373084084,-0.7419231423096657,dev,clean_short,-1
0001558370-20-011032,0001634432,SBBP,2020-09-08,acceptance_time,,2020-09-08T09:15:53,0,yes,text,0,yes,,,0,market cap outside $300M-$10B,False,False,594.0,2020-09-09,191876528.20999998,368333.1209999999,0.035669454602074345,-0.1891469689031119,dev,clean_long,1
0001193125-20-241518,0001567514,ITCI,2020-09-09,acceptance_time,updated_after_release,2020-09-09T07:13:58,0,yes,aact,0,yes,0,yes,2,,False,False,595.0,2020-09-10,1241124465.5600002,2740111.8145000003,0.02384925079134751,0.7046844603182869,dev,clean_long,1
0001193125-20-242667,0001375151,ZGNX,2020-09-10,acceptance_time,,2020-09-10T08:06:03,0,yes,text,0,yes,,,0,,False,False,596.0,2020-09-11,1358472080.0,4668100.4985,0.021175711466048346,0.02860387862756253,dev,clean_long,1
0001193125-20-243159,0001692830,STSA,2020-09-11,acceptance_time,updated_after_release,2020-09-10T16:40:29,0,no,aact,0,no,0,no,0,market cap outside $300M-$10B,False,False,597.0,2020-09-14,97839490.44,5648831.6515,0.1729404522070333,-0.14301938100521028,dev,clean_short,-1
0001104659-20-104587,0001579428,AXSM,2020-09-14,acceptance_time,,2020-09-14T07:05:13,0,yes,text,0,yes,,,0,,False,False,598.0,2020-09-15,2726598372.58,8630990.643500002,0.02379271821960486,0.06671634093321677,dev,clean_long,1
0001104659-20-104915,0001267813,MRNS,2020-09-15,acceptance_time,updated_after_release,2020-09-14T17:17:51,0,yes,aact,0,yes,0,yes,3,market cap outside $300M-$10B,False,True,599.0,2020-09-16,256608834.3,755322.47575,0.05100084352849329,0.5144051350947902,dev,clean_long,1
0001193125-20-245262,0001785173,ETNB,2020-09-15,acceptance_time,updated_after_release,2020-09-14T16:56:02,1,yes,aact,0,yes,1,unclear,2,illiquid (Nasdaq 20-day dollar volume < $1.2M),False,False,599.0,2020-09-16,619884676.5600001,930507.4559999999,0.03659654660646282,-0.18314011465274327,dev,clean_long,1
0001447028-20-000140,0001447028,ABUS,2020-09-15,release_date_only,,2020-09-14T23:59,0,unclear,text,0,unclear,,,1,market cap outside $300M-$10B,False,False,599.0,2020-09-16,212791351.17,1265761.2724999997,0.039535302914380024,0.10466405234990539,dev,no_trade,0
0001561743-20-000070,0001561743,KIN,2020-09-16,acceptance_time,,2020-09-16T08:12:48,1,yes,text,1,yes,,,0,market cap outside $300M-$10B,False,False,600.0,2020-09-17,180701061.57,337657.88200000004,0.056551509336572665,0.08781444945127803,dev,clean_long,1
0001193125-20-246844,0001661460,PSTX,2020-09-16,acceptance_time,updated_after_release,2020-09-16T09:46:52,2,unclear,aact,3,unclear,2,unclear,0,illiquid (Nasdaq 20-day dollar volume < $1.2M),False,False,600.0,2020-09-17,613867724.37,944413.0189999997,0.07635833381641731,-0.03924490063988284,dev,no_trade,0
0001628280-20-013690,0001213037,CRDF,2020-09-17,acceptance_time,updated_after_release,2020-09-17T11:18:17,1,yes,aact,1,yes,1,yes,0,market cap outside $300M-$10B,False,False,601.0,2020-09-18,134489500.47,1193547.4355000001,0.06495874416196,0.4003432619975109,dev,clean_long,1
0001104659-20-105877,0001651407,CKPT,2020-09-17,acceptance_time,updated_after_release,2020-09-17T06:39:18,2,unclear,aact,1,unclear,2,unclear,3,market cap outside $300M-$10B,False,False,601.0,2020-09-18,216665017.0,624523.0545,0.07356224993060408,-0.17917111370095484,dev,no_trade,0
0001651308-20-000160,0001651308,BGNE,2020-09-18,release_date_only,updated_after_release,2020-09-17T23:59,0,yes,aact,0,yes,0,yes,2,market cap outside $300M-$10B,False,False,602.0,2020-09-21,309585547980.36005,19164935.649499997,0.02279734884461217,0.0305398328182378,dev,clean_long,1
0001193125-20-248571,0001060736,SGEN,2020-09-18,acceptance_time,updated_after_release,2020-09-18T06:59:01,0,yes,aact,0,yes,0,yes,0,market cap outside $300M-$10B,False,False,602.0,2020-09-21,30590345762.2,45565155.1395,0.03725303874811546,0.01942026282479503,dev,clean_long,1
0001583648-20-000053,0001583648,PVLA,2020-09-21,acceptance_time,updated_after_release,2020-09-21T07:56:27,0,yes,aact,0,unclear,0,yes,0,"no ticker printed in the release (missing, or today's SEC ticker)",,,,,,,,,dev,no_trade,0
0001493152-20-018097,0000908259,MATN,2020-09-22,acceptance_time,,2020-09-21T19:50:11,3,unclear,text,3,unclear,,,0,no prices for the release's ticker,,,,,,,,,dev,no_trade,0
0001193125-20-250645,0001205922,VCNX,2020-09-22,acceptance_time,updated_after_release,2020-09-22T07:40:59,3,no,aact,2,no,3,no,2,market cap outside $300M-$10B,False,False,604.0,2020-09-23,110094864.0,502290.85,0.05772600556753443,-0.5877094609398457,dev,no_trade,0
0001193125-20-252788,0001337553,AERI,2020-09-24,acceptance_time,,2020-09-24T06:41:01,0,yes,text,0,yes,,,0,,False,False,606.0,2020-09-25,540497676.5999999,2822868.305,0.036824544973779745,0.013301931514639542,dev,clean_long,1
0001171843-20-006729,0000882796,BCRX,2020-09-30,acceptance_time,updated_after_release,2020-09-30T07:10:46,2,unclear,aact,2,unclear,2,unclear,0,,False,False,610.0,2020-10-01,676246332.26,3174366.3690000004,0.03837905634497291,-0.09972997101888481,dev,no_trade,0
0001437749-20-020551,0001659617,MBRX,2020-10-01,acceptance_time,updated_after_release,2020-10-01T07:30:53,2,yes,aact,2,unclear,2,yes,1,market cap outside $300M-$10B,False,False,611.0,2020-10-02,50424745.788,55612.89052,0.043283152172518054,0.0009829992332357484,dev,spun_short,-1
0001213900-20-030205,0001711754,INMB,2020-10-06,release_date_only,updated_after_release,2020-10-05T23:59,2,unclear,aact,2,unclear,2,unclear,0,market cap outside $300M-$10B,False,False,614.0,2020-10-07,142817207.76,324967.86549999996,0.045597547997255135,0.011197032069680923,dev,spun_short,-1
0001171843-20-006968,0001061983,CYTK,2020-10-08,acceptance_time,updated_after_release,2020-10-08T13:21:07,0,yes,aact,0,yes,0,yes,0,,False,False,616.0,2020-10-09,1949454982.6499999,7396224.451,0.05381765366412094,-0.42600035041026807,dev,clean_long,1
0001078782-20-000751,0001413754,MRZM,2020-10-12,release_date_only,updated_after_release,2020-10-09T23:59,2,unclear,aact,2,unclear,2,unclear,0,no prices for the release's ticker,,,,,,,,,dev,no_trade,0
0001370053-20-000053,0001370053,ANAB,2020-10-13,acceptance_time,updated_after_release,2020-10-13T09:05:48,0,unclear,aact,0,unclear,0,unclear,0,illiquid (Nasdaq 20-day dollar volume < $1.2M),False,False,619.0,2020-10-14,457334981.75,964443.8579999998,0.03047499088777818,0.04619413510725656,dev,no_trade,0
0001564590-20-046250,0001728117,GOSS,2020-10-13,acceptance_time,updated_after_release,2020-10-13T07:40:25,2,no,aact,2,no,2,no,2,,False,False,619.0,2020-10-14,1030504422.6,1418099.0495,0.043818225093241056,-0.2694391773591094,dev,no_trade,0
0001193125-20-269018,0001479290,RVNC,2020-10-14,acceptance_time,,2020-10-14T08:13:44,0,yes,text,0,yes,,,2,,False,False,620.0,2020-10-15,1821598818.48,5418268.643,0.03579689338747403,-0.05862259461190944,dev,clean_long,1
0001104659-20-114699,0001755237,CYCN,2020-10-14,acceptance_time,,2020-10-14T07:22:54,2,unclear,text,2,unclear,,,3,market cap outside $300M-$10B,False,False,620.0,2020-10-15,240833491.0,381775.64600000007,0.055440363374236294,-0.5114326143393948,dev,no_trade,0
0001193125-20-269865,0001305253,EIGR,2020-10-15,acceptance_time,,2020-10-15T08:32:55,2,no,text,2,no,,,0,market cap outside $300M-$10B,False,False,621.0,2020-10-16,252366805.21,1057222.51625,0.0536772025426272,0.17180013676017625,dev,spun_short,-1
0001731122-20-001047,0001314052,AVXL,2020-10-15,acceptance_time,updated_after_release,2020-10-15T07:02:24,2,unclear,"text, match rejected",2,unclear,3,yes,4,market cap outside $300M-$10B,False,False,621.0,2020-10-16,261227286.45999998,664970.2675,0.05842941013657062,0.09129915155691459,dev,spun_short,-1
0001558370-20-011478,0001326732,XNCR,2020-10-15,acceptance_time,updated_after_release,2020-10-14T17:19:15,0,yes,aact,1,unclear,1,yes,0,"no ticker printed in the release (missing, or today's SEC ticker)",,,,,,,,,dev,no_trade,0
0001104659-20-114973,0001737953,REPL,2020-10-15,acceptance_time,updated_after_release,2020-10-14T17:14:02,0,yes,aact,1,unclear,1,yes,0,,False,False,621.0,2020-10-16,1460854809.54,4981937.9095,0.11212351444622969,0.13389474253960243,dev,clean_long,1
0001193125-20-269896,0001597553,SAGE,2020-10-15,acceptance_time,,2020-10-15T09:14:01,1,yes,text,1,yes,,,0,,False,False,621.0,2020-10-16,3332070385.59,9669087.785,0.032878099529127854,0.031145124815721736,dev,clean_long,1
0001193125-20-272854,0001651431,CMPI,2020-10-16,release_date_only,updated_after_release,2020-10-15T23:59,1,yes,aact,1,unclear,1,yes,2,market cap outside $300M-$10B,False,False,622.0,2020-10-19,252095114.7,95358.35,0.06954569426604368,0.02198106889506013,dev,clean_long,1
0001104659-20-115521,0001722964,YMAB,2020-10-16,acceptance_time,,2020-10-16T09:53:15,2,unclear,text,2,unclear,,,1,,False,False,622.0,2020-10-19,1596179162.91,2008252.6704999998,0.04454444278847711,0.008874513045962207,dev,spun_short,-1
0001104659-20-116255,0001674365,,2020-10-20,acceptance_time,updated_after_release,2020-10-20T08:00:28,4,unclear,"text, match rejected",4,unclear,4,unclear,0,"no ticker printed in the release (missing, or today's SEC ticker)",,,,,,,,,dev,no_trade,0
0001628280-20-014591,0001213037,CRDF,2020-10-20,acceptance_time,updated_after_release,2020-10-20T11:59:37,2,unclear,aact,2,unclear,2,unclear,1,,False,False,624.0,2020-10-21,314505671.21999997,5071533.8895,0.08491944242629529,-0.0010949011778618178,dev,no_trade,0
0001564590-20-047025,0001674416,CRSP,2020-10-21,acceptance_time,updated_after_release,2020-10-21T08:58:30,1,yes,aact,1,unclear,2,unclear,0,,False,False,625.0,2020-10-22,7488753492.16,24659865.606000002,0.04425334203216806,-0.11241266413824702,dev,clean_long,1
0001399529-20-000078,0001399529,DRNA,2020-10-23,acceptance_time,updated_after_release,2020-10-22T16:18:54,2,unclear,aact,1,unclear,2,unclear,0,,False,False,627.0,2020-10-26,1464609415.15,2255118.8145,0.03490428644448547,-0.017482676211441395,dev,no_trade,0
0001169245-20-000086,0001169245,PHAS,2020-10-23,acceptance_time,updated_after_release,2020-10-23T08:20:07,0,no,aact,0,no,0,no,1,market cap outside $300M-$10B,False,False,627.0,2020-10-26,100646119.56,87819.8675,0.038275912331197655,-0.10288155360683271,dev,clean_short,-1
0001193125-20-275988,0001556263,SYRS,2020-10-26,release_date_only,updated_after_release,2020-10-24T23:59,0,yes,aact,1,unclear,1,unclear,0,illiquid (Nasdaq 20-day dollar volume < $1.2M),False,False,628.0,2020-10-27,345504375.95,972367.7327499999,0.056250421268783074,-0.08243686981049403,dev,clean_long,1
0001104659-20-117985,0001730430,KNSA,2020-10-26,acceptance_time,updated_after_release,2020-10-26T08:04:55,0,yes,"text, match rejected",0,yes,0,yes,1,no shares outstanding,False,False,,,,,,,dev,no_trade,0
0001493152-20-019917,0000764195,VBIV,2020-10-26,acceptance_time,,2020-10-26T09:34:20,0,yes,text,0,yes,,,1,,False,False,628.0,2020-10-27,591867893.76,2003764.6379999998,0.04549580558367559,-0.02613513139989798,dev,clean_long,1
0001193125-20-276090,0001420565,ALRN,2020-10-26,release_date_only,updated_after_release,2020-10-24T23:59,2,yes,aact,2,unclear,2,unclear,0,market cap outside $300M-$10B,False,False,628.0,2020-10-27,75774841.67999999,353020.16199999995,0.10860722136621315,-0.26168403036362853,dev,no_trade,0
0001104659-20-118204,0001454789,CATB,2020-10-27,acceptance_time,updated_after_release,2020-10-26T17:05:23,0,no,aact,0,no,0,no,0,market cap outside $300M-$10B,False,False,629.0,2020-10-28,102272921.84,391857.00049999997,0.04031450132232767,-0.7231421086879919,dev,clean_short,-1
0000950170-20-000088,0001515673,RARE,2020-10-27,acceptance_time,updated_after_release,2020-10-26T16:11:03,2,no,aact,2,unclear,2,yes,3,,False,False,629.0,2020-10-28,5526978386.12,7540661.318000001,0.028756411398571893,0.05827733978331073,dev,spun_short,-1
0001157523-20-001347,0001727196,SRRK,2020-10-27,acceptance_time,updated_after_release,2020-10-27T07:00:39,1,yes,aact,1,yes,2,unclear,2,illiquid (Nasdaq 20-day dollar volume < $1.2M),False,False,629.0,2020-10-28,409880705.64000005,325679.49749999994,0.043781436281061556,1.192489282461218,dev,clean_long,1
0001193125-20-279883,0001340652,CCXI,2020-10-29,acceptance_time,updated_after_release,2020-10-28T16:33:02,2,no,aact,2,no,2,no,2,,False,False,631.0,2020-10-30,3598254909.39,7528762.2305000005,0.04181017996669875,-0.061205987931675865,dev,no_trade,0
0001193125-20-281180,0001358403,BLCM,2020-10-30,acceptance_time,,2020-10-29T17:15:11,0,no,text,0,no,,,2,market cap outside $300M-$10B,False,False,632.0,2020-11-02,29625006.045,62862.17550000001,0.037800419613779036,-0.34378876103014944,dev,clean_short,-1
0001640455-20-000120,0001640455,JNCE,2020-11-02,acceptance_time,updated_after_release,2020-11-02T07:04:54,0,no,aact,0,no,0,no,0,market cap outside $300M-$10B,False,False,633.0,2020-11-03,284126436.12,654434.0515000001,0.033717850929157106,-0.18673902422669042,dev,clean_short,-1
0001171843-20-007544,0000882361,APTO,2020-11-04,acceptance_time,,2020-11-04T10:31:18,0,unclear,text,0,unclear,,,0,illiquid (Nasdaq 20-day dollar volume < $1.2M),False,False,635.0,2020-11-05,404174781.78000003,947094.3977499999,0.04010273210845776,-0.0415677492354809,dev,no_trade,0
0001564590-20-050279,0001422143,KURA,2020-11-04,acceptance_time,updated_after_release,2020-11-04T11:23:46,1,unclear,aact,1,unclear,1,unclear,1,"no ticker printed in the release (missing, or today's SEC ticker)",,,,,,,,,dev,no_trade,0
0001564590-20-050215,0001674416,CRSP,2020-11-04,acceptance_time,,2020-11-04T09:14:17,0,unclear,text,0,unclear,,,0,,False,False,635.0,2020-11-05,6119913399.9800005,33232921.136249997,0.05422102177094114,0.0401985564975762,dev,no_trade,0
0001558370-20-012661,0001001316,TGTX,2020-11-05,acceptance_time,,2020-11-04T20:50:06,0,yes,"text, match rejected",0,yes,,,1,,False,False,636.0,2020-11-06,3606969358.4,9878494.016499998,0.030629905299060806,0.020283788330992314,dev,clean_long,1
0001564590-20-050847,0001748907,ORTX,2020-11-05,acceptance_time,updated_after_release,2020-11-05T07:03:15,1,unclear,aact,0,unclear,1,unclear,1,illiquid (Nasdaq 20-day dollar volume < $1.2M),False,False,636.0,2020-11-06,453557420.15999997,563907.3505,0.051475172458859644,-0.010857242277299006,dev,no_trade,0
0001731122-20-001114,0001314052,AVXL,2020-11-06,acceptance_time,,2020-11-06T11:15:14,3,unclear,text,3,unclear,,,3,,False,False,637.0,2020-11-09,456846798.21,1620387.469,0.056628245818789405,-0.3287654769290873,dev,no_trade,0
0001214659-20-009193,0001293310,HGEN,2020-11-06,acceptance_time,updated_after_release,2020-11-06T09:05:45,3,unclear,aact,3,no,3,unclear,1,,False,False,637.0,2020-11-09,2353435659.12,1403386.31625,0.0685565913348165,0.07173678454385157,dev,spun_short,-1
0001104659-20-122849,0001509745,LPTX,2020-11-09,acceptance_time,updated_after_release,2020-11-09T10:57:59,3,unclear,aact,2,unclear,2,unclear,1,market cap outside $300M-$10B,False,False,638.0,2020-11-10,130650454.98,175053.3305,0.04414332787642134,-0.27357653447888464,dev,no_trade,0
0001171843-20-007780,0001626971,CRVS,2020-11-09,acceptance_time,updated_after_release,2020-11-09T08:15:12,1,yes,aact,1,unclear,2,unclear,1,"no ticker printed in the release (missing, or today's SEC ticker)",,,,,,,,,dev,no_trade,0
0001113148-20-000040,0001113148,INFI,2020-11-10,acceptance_time,updated_after_release,2020-11-09T16:16:32,2,yes,aact,2,unclear,2,unclear,1,market cap outside $300M-$10B,False,False,639.0,2020-11-11,74479839.28,53348.51825,0.0402024520513464,0.06346660556764827,dev,spun_short,-1
0001193125-20-289663,0001660334,VRCA,2020-11-10,acceptance_time,updated_after_release,2020-11-10T07:52:16,0,yes,aact,0,yes,0,yes,0,market cap outside $300M-$10B,False,False,639.0,2020-11-11,202527193.86,118446.8375,0.027726418691237358,0.10337720582307597,dev,clean_long,1
0001493152-20-021349,0001444307,ONCS,2020-11-10,release_date_only,updated_after_release,2020-11-09T23:59,2,unclear,aact,2,unclear,2,unclear,1,market cap outside $300M-$10B,False,False,639.0,2020-11-11,134288516.89999998,293380.0525,0.06699380010348327,0.0559834914546018,dev,spun_short,-1
0001193125-20-290319,0001175505,FPRX,2020-11-11,acceptance_time,updated_after_release,2020-11-10T17:19:36,4,no,aact,4,no,4,no,0,market cap outside $300M-$10B,False,False,640.0,2020-11-12,203501513.1,424924.0625,0.04705026649698532,2.3523647691871994,dev,spun_short,-1
0001558370-20-013740,0001437402,ARDX,2020-11-13,acceptance_time,,2020-11-12T17:16:04,0,yes,text,0,yes,,,0,illiquid (Nasdaq 20-day dollar volume < $1.2M),False,False,642.0,2020-11-16,515318735.15,559795.782,0.037204603940378556,0.003582051939116093,dev,clean_long,1
0001193125-20-293735,0001682852,MRNA,2020-11-16,acceptance_time,updated_after_release,2020-11-16T07:01:02,0,yes,aact,0,yes,0,yes,1,market cap outside $300M-$10B,False,False,643.0,2020-11-17,35348783679.65,136474305.3335,0.04359020533411692,0.0918235061849837,dev,clean_long,1
0001558370-20-013854,0001735438,MGTX,2020-11-16,release_date_only,updated_after_release,2020-11-13T23:59,1,yes,aact,1,yes,1,yes,0,illiquid (Nasdaq 20-day dollar volume < $1.2M),False,False,643.0,2020-11-17,575798323.37,263514.7255,0.03241452373161046,0.028902272155088005,dev,clean_long,1
0001171843-20-008007,0001447028,ABUS,2020-11-16,release_date_only,,2020-11-15T23:59,1,unclear,text,1,unclear,,,1,illiquid (Nasdaq 20-day dollar volume < $1.2M),False,False,643.0,2020-11-17,308220606.53999996,949514.9315,0.05052471163492366,-0.007875230569409641,dev,no_trade,0
0001493152-20-021436,0000876343,LCTX,2020-11-16,acceptance_time,updated_after_release,2020-11-16T08:30:21,2,yes,aact,3,unclear,3,unclear,2,market cap outside $300M-$10B,False,False,643.0,2020-11-17,218987522.84,61597.056,0.05282307113972312,-0.09416150552318148,dev,no_trade,0
0001062822-20-000073,0001062822,LXRX,2020-11-17,release_date_only,,2020-11-16T23:59,0,yes,text,0,yes,,,1,market cap outside $300M-$10B,False,False,644.0,2020-11-18,151542502.32,139936.28600000002,0.04463917457723674,0.3955786865207107,dev,clean_long,1
0001104659-20-126123,0001137883,BCLI,2020-11-17,acceptance_time,updated_after_release,2020-11-17T08:00:24,3,no,aact,3,no,3,no,4,,False,False,644.0,2020-11-18,375654344.8,2054528.4235,0.0617576279624303,-0.6713876348915753,dev,no_trade,0
0001193125-20-295466,0001681087,AVRO,2020-11-17,acceptance_time,updated_after_release,2020-11-17T07:39:02,2,unclear,aact,2,unclear,2,unclear,2,illiquid (Nasdaq 20-day dollar volume < $1.2M),False,False,644.0,2020-11-18,589411861.5000001,643538.0584999999,0.0569773932320785,0.006701782693640634,dev,spun_short,-1
0001651308-20-000219,0001651308,BGNE,2020-11-18,acceptance_time,updated_after_release,2020-11-17T16:05:47,0,yes,aact,0,yes,0,yes,0,market cap outside $300M-$10B,False,False,645.0,2020-11-19,336279547820.51996,14838976.544999998,0.015718561685992994,0.015693993406450057,dev,clean_long,1
0001493152-20-021904,0000764195,VBIV,2020-11-18,acceptance_time,,2020-11-18T08:55:33,1,yes,text,1,yes,,,1,,False,False,645.0,2020-11-19,695901587.25,2107002.1605,0.055291596862769465,-0.017521146596364057,dev,clean_long,1
0001213900-20-037860,0001158780,PSTI,2020-11-18,acceptance_time,updated_after_release,2020-11-18T07:53:08,2,yes,aact,2,unclear,2,yes,1,market cap outside $300M-$10B,False,False,645.0,2020-11-19,240697466.37,467920.93549999985,0.04244484078522021,0.03816992160755317,dev,spun_short,-1
0001493152-20-021995,0000764195,VBIV,2020-11-19,acceptance_time,updated_after_release,2020-11-19T08:00:31,2,unclear,aact,2,unclear,2,unclear,1,,False,False,646.0,2020-11-20,670486051.02,2189591.161,0.05551290862976232,-0.05173020335169931,dev,no_trade,0
0001104659-20-127156,0001590560,QURE,2020-11-19,acceptance_time,updated_after_release,2020-11-19T09:15:18,0,yes,aact,0,yes,0,yes,0,no shares outstanding,False,False,,,,,,,dev,no_trade,0
0001600132-20-000123,0001600132,BLPH,2020-11-23,acceptance_time,,2020-11-23T08:33:37,0,unclear,text,0,unclear,,,0,market cap outside $300M-$10B,False,False,648.0,2020-11-24,83485459.83,94390.95300000001,0.05019386944958518,-0.18316078967759541,dev,no_trade,0
0001193125-20-301492,0001787306,ARQT,2020-11-24,acceptance_time,,2020-11-23T17:08:02,0,yes,text,0,yes,,,2,illiquid (Nasdaq 20-day dollar volume < $1.2M),False,False,649.0,2020-11-25,1094352758.3999999,933511.3754999998,0.05460725644379419,0.02126644023652735,dev,clean_long,1
0001193125-20-303257,0001728328,INM,2020-11-25,acceptance_time,,2020-11-25T10:47:59,0,yes,text,0,yes,,,0,no shares outstanding,False,False,,,,,,,dev,no_trade,0
0001193125-20-302694,0001740547,UROV,2020-11-25,acceptance_time,updated_after_release,2020-11-24T17:08:04,0,no,aact,0,no,0,no,1,,False,False,650.0,2020-11-27,511623499.2,1432536.5280000002,0.2097761550197066,-0.014165355641177824,dev,clean_short,-1
0001193125-20-305010,0001624658,ALNA,2020-11-30,acceptance_time,updated_after_release,2020-11-30T08:15:28,0,yes,aact,0,unclear,0,yes,0,market cap outside $300M-$10B,False,False,652.0,2020-12-01,55904787.0,104871.465,0.05156141932069005,-0.08889198238583684,dev,clean_long,1
0001193125-20-306331,0001383701,HSTO,2020-12-01,acceptance_time,updated_after_release,2020-12-01T08:05:51,2,no,aact,2,no,2,no,0,market cap outside $300M-$10B,False,False,653.0,2020-12-02,20012756.8,24037.2735,0.051439566716931104,-0.19744648892226813,dev,no_trade,0
0001193125-20-306299,0001439222,AGIO,2020-12-01,acceptance_time,,2020-12-01T07:46:01,0,yes,text,0,yes,,,1,,False,False,653.0,2020-12-02,3208114723.44,6339485.5424999995,0.02873414700596268,0.008382526621773412,dev,clean_long,1
0001558370-20-014109,0001579428,AXSM,2020-12-01,acceptance_time,updated_after_release,2020-12-01T07:01:55,2,yes,aact,2,yes,1,yes,1,,False,False,653.0,2020-12-02,2713803086.67,4760373.080999999,0.03243911090114003,-0.013684276179733446,dev,no_trade,0
0001564590-20-055762,0001636651,OVID,2020-12-02,acceptance_time,updated_after_release,2020-12-01T17:19:31,0,no,aact,0,no,0,no,0,illiquid (Nasdaq 20-day dollar volume < $1.2M),False,False,654.0,2020-12-03,420575521.86,846133.6259999999,0.041207781420980756,-0.5574658248557716,dev,clean_short,-1
0001193125-20-309507,0001668243,URGN,2020-12-04,acceptance_time,,2020-12-03T16:05:55,0,yes,text,0,yes,,,1,illiquid (Nasdaq 20-day dollar volume < $1.2M),False,False,656.0,2020-12-07,438547121.90000004,634193.0025000001,0.02580033089387481,-0.029164414519536108,dev,clean_long,1
0001564590-20-056121,0001357874,DTIL,2020-12-04,acceptance_time,,2020-12-04T06:02:11,2,unclear,text,2,unclear,,,0,,False,False,656.0,2020-12-07,536875197.87,1566840.889,0.06576977885179139,-0.206253334104596,dev,no_trade,0
0001564590-20-056109,0001382101,STRO,2020-12-04,acceptance_time,updated_after_release,2020-12-03T19:38:43,1,yes,aact,1,unclear,1,yes,1,,False,False,656.0,2020-12-07,658201200.8000001,1494638.0515000003,0.05367343941940982,0.3103644567067432,dev,clean_long,1
0001104659-20-132306,0001621443,ZYNE,2020-12-04,acceptance_time,,2020-12-04T12:30:16,2,unclear,text,2,unclear,,,2,market cap outside $300M-$10B,False,False,656.0,2020-12-07,132329091.625,663025.7122500001,0.03056689278925371,-0.00362077941419936,dev,no_trade,0
0001193125-20-311281,0001746466,EQ,2020-12-07,acceptance_time,,2020-12-07T09:24:28,0,unclear,text,0,unclear,,,1,market cap outside $300M-$10B,False,False,657.0,2020-12-08,121164965.60000001,2275018.449,0.12214364225026986,-0.04539460874618462,dev,no_trade,0
0001564590-20-056242,0001674416,CRSP,2020-12-07,release_date_only,,2020-12-05T23:59,0,yes,text,0,yes,,,0,market cap outside $300M-$10B,False,False,657.0,2020-12-08,10405689743.12,26127362.133999996,0.031155387282653456,0.007907168238373563,dev,clean_long,1
0001193125-20-311217,0001661460,PSTX,2020-12-07,release_date_only,updated_after_release,2020-12-05T23:59,2,unclear,aact,2,unclear,2,unclear,2,illiquid (Nasdaq 20-day dollar volume < $1.2M),False,False,657.0,2020-12-08,658383106.5,190992.175,0.03538699421583017,0.019509099215873515,dev,spun_short,-1
0001171843-20-008399,0001626971,CRVS,2020-12-07,release_date_only,updated_after_release,2020-12-06T23:59,0,yes,aact,1,unclear,1,yes,0,"no ticker printed in the release (missing, or today's SEC ticker)",,,,,,,,,dev,no_trade,0
0001651308-20-000229,0001651308,BGNE,2020-12-07,release_date_only,updated_after_release,2020-12-06T23:59,0,yes,aact,1,unclear,0,yes,2,market cap outside $300M-$10B,False,False,657.0,2020-12-08,262962373295.7,27276089.913,0.041266889487174656,-0.0027669773967486933,dev,clean_long,1
0001564590-20-056289,0001382101,STRO,2020-12-07,acceptance_time,updated_after_release,2020-12-07T15:45:21,0,yes,aact,1,unclear,0,yes,1,,False,False,657.0,2020-12-08,874384586.4,2465245.6665,0.0889473380349376,-0.04353850206510146,dev,clean_long,1
0001551986-20-000312,0001551986,NMTR,2020-12-07,acceptance_time,unchanged_since_release,2020-12-07T07:37:59,4,no,aact,2,unclear,2,yes,1,market cap outside $300M-$10B,False,False,657.0,2020-12-08,139832088.9614,555685.481705,0.06313884769450408,-0.10390824856031267,dev,no_trade,0
0001387131-20-010478,0001430306,TNXP,2020-12-07,acceptance_time,updated_after_release,2020-12-07T09:28:47,0,yes,aact,0,yes,0,yes,2,market cap outside $300M-$10B,False,False,657.0,2020-12-08,98648581.5,545582.0769300001,0.030869749971623586,0.10070516449644584,dev,clean_long,1
0001401914-20-000124,0001401914,DARE,2020-12-07,acceptance_time,updated_after_release,2020-12-07T08:09:06,0,yes,aact,0,yes,0,yes,0,market cap outside $300M-$10B,False,False,657.0,2020-12-08,56985001.5,147946.52275,0.04062590554107655,-0.12532658153530019,dev,clean_long,1
0001557142-20-000090,0001557142,KDMN,2020-12-07,release_date_only,updated_after_release,2020-12-06T23:59,0,yes,aact,0,yes,0,yes,2,,False,False,657.0,2020-12-08,713493851.2,1532662.347,0.05022828063586357,-0.0014483764070949423,dev,clean_long,1
0001104659-20-132595,0001760542,HOOK,2020-12-07,acceptance_time,updated_after_release,2020-12-07T06:09:46,2,unclear,aact,2,unclear,2,unclear,2,market cap outside $300M-$10B,False,False,657.0,2020-12-08,243089392.56,177875.7435,0.027975436166115492,0.07837383291111788,dev,spun_short,-1
0001564590-20-056372,0001748907,ORTX,2020-12-08,acceptance_time,,2020-12-08T07:03:19,1,unclear,text,1,unclear,,,1,illiquid (Nasdaq 20-day dollar volume < $1.2M),False,False,658.0,2020-12-09,452579925.71999997,620557.0249999999,0.044315207129815674,-0.04570838058217286,dev,no_trade,0
0001193125-20-311893,0001754068,ALVR,2020-12-08,acceptance_time,,2020-12-07T17:19:52,1,yes,text,1,yes,,,0,,False,False,658.0,2020-12-09,2849727831.21,1349247.183,0.06348789388637574,-0.026872930598431988,dev,clean_long,1
0001558370-20-014242,0001001316,TGTX,2020-12-08,release_date_only,,2020-12-07T23:59,0,yes,text,0,yes,,,1,,False,False,658.0,2020-12-09,3672521146.35,8386847.687500002,0.028142563647332895,0.06721276832527012,dev,clean_long,1
0001171843-20-008462,0001061983,CYTK,2020-12-09,acceptance_time,updated_after_release,2020-12-09T07:30:12,0,yes,aact,0,yes,1,yes,0,,False,False,659.0,2020-12-10,1177762942.72,3616045.508,0.0293663555574261,0.25099062609764644,dev,clean_long,1
0001559053-20-000045,0001559053,PRTA,2020-12-09,acceptance_time,unchanged_since_release,2020-12-09T08:03:01,0,unclear,aact,0,unclear,0,unclear,0,illiquid (Nasdaq 20-day dollar volume < $1.2M),False,False,659.0,2020-12-10,461491534.28000003,534294.568,0.01895603151498668,0.011834966661926738,dev,no_trade,0
0001193125-20-313892,0001708493,HARP,2020-12-09,release_date_only,updated_after_release,2020-12-08T23:59,1,unclear,aact,2,unclear,1,unclear,0,illiquid (Nasdaq 20-day dollar volume < $1.2M),False,False,659.0,2020-12-10,344918847.78,504122.0312500001,0.029783526482908676,-0.019378830374872646,dev,no_trade,0
0001558370-20-014296,0001001316,TGTX,2020-12-10,acceptance_time,,2020-12-10T07:50:06,0,yes,text,0,yes,,,0,,False,False,660.0,2020-12-11,3893424673.95,8535174.257500002,0.03382307415212113,0.37342267270405927,dev,clean_long,1
0001213900-20-041974,0001731176,,2020-12-10,acceptance_time,updated_after_release,2020-12-10T12:02:29,3,unclear,aact,3,unclear,3,unclear,1,"no ticker printed in the release (missing, or today's SEC ticker)",,,,,,,,,dev,no_trade,0
0001193125-20-314855,0001403752,ZYME,2020-12-11,acceptance_time,,2020-12-10T16:05:53,1,unclear,text,1,unclear,,,1,,False,False,661.0,2020-12-14,2404667673.54,3370413.5815,0.03762087608735313,-0.017554140067652657,dev,no_trade,0
0001193125-20-315989,0001422142,ARPO,2020-12-14,acceptance_time,updated_after_release,2020-12-11T17:08:28,0,yes,aact,0,yes,0,yes,0,market cap outside $300M-$10B,False,False,662.0,2020-12-15,106001232.75,493679.4057499999,0.07071720402944397,-0.48900040608502804,dev,clean_long,1
0001564590-20-056927,0001527599,SYBX,2020-12-14,acceptance_time,updated_after_release,2020-12-14T06:03:37,0,unclear,aact,0,unclear,0,unclear,0,market cap outside $300M-$10B,False,False,662.0,2020-12-15,78027228.16000001,747112.066,0.045084389104389576,0.10715038756576556,dev,no_trade,0
0001193125-20-316409,0001655759,ARVN,2020-12-14,acceptance_time,,2020-12-14T07:30:36,2,unclear,text,2,unclear,,,1,,False,False,662.0,2020-12-15,1213631121.05,2957732.8000000003,0.038357155683785296,0.9204319731702715,dev,spun_short,-1
0001564590-20-057002,0001717452,ODT,2020-12-14,release_date_only,updated_after_release,2020-12-11T23:59,0,yes,aact,0,yes,0,yes,0,,False,False,662.0,2020-12-15,599457729.16,1320428.4637499999,0.02975544246511108,-0.03288358232038946,dev,clean_long,1
0001193125-20-316413,0001750019,TCRR,2020-12-14,release_date_only,updated_after_release,2020-12-13T23:59,2,unclear,aact,1,unclear,2,yes,1,,False,False,662.0,2020-12-15,1093906282.1699998,2072069.946,0.036596862001849646,-0.1670164973366829,dev,no_trade,0
0001731122-20-001291,0001314052,AVXL,2020-12-15,acceptance_time,updated_after_release,2020-12-15T07:06:12,1,yes,aact,1,yes,1,yes,1,illiquid (Nasdaq 20-day dollar volume < $1.2M),False,False,663.0,2020-12-16,312991218.8,745575.458,0.03599561041583258,0.14863098090218374,dev,clean_long,1
0001636050-20-000111,0001636050,SIOX,2020-12-16,acceptance_time,updated_after_release,2020-12-15T16:04:47,1,yes,aact,2,unclear,2,yes,2,market cap outside $300M-$10B,False,False,664.0,2020-12-17,138133577.70000002,503470.62625000003,0.06030922088858672,0.08990745371186515,dev,clean_long,1
0001558370-20-014430,0001735438,MGTX,2020-12-17,release_date_only,,2020-12-16T23:59,2,unclear,text,2,unclear,,,1,,False,False,665.0,2020-12-18,532008457.55,1278041.747,0.03791733900721927,0.20205663443322974,dev,spun_short,-1
0001193125-20-322298,0001326110,NK,2020-12-21,acceptance_time,,2020-12-21T07:23:00,0,yes,text,0,yes,,,0,,False,False,667.0,2020-12-22,1114159901.58,2325369.7545000007,0.08551588932630462,0.5440320750532899,dev,clean_long,1
0001193125-20-322377,0001466301,,2020-12-21,acceptance_time,updated_after_release,2020-12-21T08:05:30,0,yes,aact,0,yes,0,yes,1,"no ticker printed in the release (missing, or today's SEC ticker)",,,,,,,,,dev,no_trade,0
0001679082-20-000057,0001679082,MYOV,2020-12-21,acceptance_time,,2020-12-18T16:52:26,0,yes,text,0,yes,,,0,,False,False,667.0,2020-12-22,2138009219.6000001,1876473.5427500003,0.03493349448454548,-0.0002950799339902499,dev,clean_long,1
0001171843-20-008658,0000882796,BCRX,2020-12-21,acceptance_time,,2020-12-21T07:05:06,0,yes,text,0,yes,,,1,,False,False,667.0,2020-12-22,1518464349.2,10049687.358250001,0.06187318982475209,-0.0512804957794768,dev,clean_long,1
0001193125-20-323107,0001340652,,2020-12-22,acceptance_time,updated_after_release,2020-12-21T16:15:53,3,no,aact,3,no,2,no,1,"no ticker printed in the release (missing, or today's SEC ticker)",,,,,,,,,dev,no_trade,0
0001213900-20-043965,0000812796,SNGX,2020-12-22,acceptance_time,updated_after_release,2020-12-22T09:15:44,2,no,aact,2,no,2,no,2,market cap outside $300M-$10B,False,False,668.0,2020-12-23,81483096.24,300795.78500000003,0.04319201735273594,-0.49817533531952596,dev,no_trade,0
0001171843-20-008722,0000882796,BCRX,2020-12-22,acceptance_time,updated_after_release,2020-12-22T07:03:54,1,yes,aact,1,yes,2,yes,0,,False,False,668.0,2020-12-23,1465494662.6000001,10376342.64725,0.06401513483237828,-0.09407983242884244,dev,clean_long,1
0001104659-20-139077,0001390478,SLS,2020-12-22,release_date_only,updated_after_release,2020-12-21T23:59,2,unclear,aact,3,unclear,2,unclear,1,market cap outside $300M-$10B,False,False,668.0,2020-12-23,66517705.34,25311877.181,0.4617192548839889,-0.003065419156978333,dev,no_trade,0
0001193125-20-324544,0000831547,SPPI,2020-12-23,acceptance_time,updated_after_release,2020-12-22T16:16:54,2,no,aact,1,no,2,no,0,,False,False,669.0,2020-12-24,619439764.47,1851240.8634999997,0.034474224203735915,-0.08906716914385937,dev,no_trade,0
0001356576-20-000090,0001356576,SUPN,2020-12-23,acceptance_time,updated_after_release,2020-12-22T20:38:54,0,yes,aact,0,yes,0,yes,0,,False,False,669.0,2020-12-24,1186468924.92,2457384.4740000004,0.016461177030909678,0.144920366081994,dev,clean_long,1
0001104659-20-139797,0001781983,APRE,2020-12-29,acceptance_time,updated_after_release,2020-12-28T16:36:19,0,no,aact,0,no,0,no,1,market cap outside $300M-$10B,False,False,672.0,2020-12-30,117375021.58,2056512.5475,0.1824333908453374,-0.058655082521512636,dev,clean_short,-1
0001193125-20-329197,0001659352,CDAK,2020-12-30,acceptance_time,,2020-12-30T08:00:29,0,yes,text,0,yes,,,1,illiquid (Nasdaq 20-day dollar volume < $1.2M),False,False,673.0,2020-12-31,406695495.58000004,1185317.9870000002,0.10991908161169049,0.2701444858215014,dev,clean_long,1
0001558370-20-014582,0001579428,AXSM,2020-12-31,acceptance_time,updated_after_release,2020-12-31T07:06:35,1,yes,aact,1,yes,2,yes,1,,False,False,674.0,2021-01-04,3108531291.24,6900705.456,0.030342293276905474,0.0026726561090546497,dev,clean_long,1
0001193125-21-000349,0001807901,PAND,2021-01-04,acceptance_time,,2021-01-04T08:30:01,1,yes,text,1,yes,,,0,illiquid (Nasdaq 20-day dollar volume < $1.2M),False,False,675.0,2021-01-05,436008952.53999996,198945.91975000003,0.037055619291332866,0.483232715932723,dev,clean_long,1
0001193125-21-000213,0001496671,CALA,2021-01-04,acceptance_time,updated_after_release,2021-01-04T07:06:00,0,no,aact,0,no,0,no,0,illiquid (Nasdaq 20-day dollar volume < $1.2M),False,False,675.0,2021-01-05,346443271.01,869650.7877500001,0.04867043864268113,-0.44553107151003457,dev,clean_short,-1
0001564590-21-000167,0001339970,LIFE,2021-01-05,acceptance_time,updated_after_release,2021-01-04T16:20:55,2,yes,aact,2,yes,2,yes,2,market cap outside $300M-$10B,False,False,676.0,2021-01-06,40496108.0,840243.7080000002,0.03613373078492068,-0.03799768929967995,dev,no_trade,0
0001628280-21-000035,0001534120,CERC,2021-01-05,acceptance_time,updated_after_release,2021-01-05T07:06:25,3,no,aact,3,no,3,no,4,market cap outside $300M-$10B,False,False,676.0,2021-01-06,197762524.08,160433.80975000001,0.01989474836196377,0.10935079554880489,dev,spun_short,-1
0001193125-21-003740,0001341235,ALDX,2021-01-07,acceptance_time,updated_after_release,2021-01-07T07:51:00,4,unclear,"text, match rejected",4,unclear,4,unclear,0,market cap outside $300M-$10B,False,False,678.0,2021-01-08,260096324.9,850051.7955,0.03923615194471889,0.2260673328862246,dev,spun_short,-1
0001564590-21-000577,0000873303,SRPT,2021-01-08,acceptance_time,,2021-01-07T17:03:42,2,no,text,2,no,,,3,market cap outside $300M-$10B,False,False,679.0,2021-01-11,13327624170.05,37221354.753000006,0.016622853069308996,-0.5133037510691089,dev,no_trade,0
0000950170-21-000003,0001515673,RARE,2021-01-08,acceptance_time,,2021-01-08T09:16:42,1,yes,text,1,yes,,,2,,False,False,679.0,2021-01-11,8876508082.08,23105369.069500003,0.04868208219966554,0.0349514618772917,dev,clean_long,1
0001213900-21-001061,0001728328,INM,2021-01-08,acceptance_time,,2021-01-08T10:53:10,0,yes,text,0,yes,,,0,market cap outside $300M-$10B,False,False,679.0,2021-01-11,31993230.990000002,82823.666,0.06875241661672626,0.025655028958495807,dev,clean_long,1
0001104659-21-003258,0001535955,LPCN,2021-01-12,acceptance_time,updated_after_release,2021-01-12T08:00:19,0,yes,aact,0,yes,0,yes,1,market cap outside $300M-$10B,False,False,681.0,2021-01-13,110352732.0,459412.27700000006,0.03797903951174616,-0.04152009888600461,dev,clean_long,1
0001104659-21-003903,0001082554,UTHR,2021-01-14,acceptance_time,,2021-01-13T17:01:47,0,yes,text,0,yes,,,3,,False,False,683.0,2021-01-15,7204254966.740001,14378312.352000002,0.017814581830092796,0.0018784579833923676,dev,clean_long,1
0001493152-21-001128,0000764195,VBIV,2021-01-15,acceptance_time,,2021-01-15T08:24:35,0,yes,text,0,yes,,,0,,False,False,684.0,2021-01-19,776989250.46,2649323.269,0.05037884916648487,0.014915590306908921,dev,clean_long,1
0001193125-21-009703,0001175505,FPRX,2021-01-15,acceptance_time,updated_after_release,2021-01-15T10:06:39,3,no,aact,3,no,3,no,1,,False,False,684.0,2021-01-19,607081149.36,3197182.6875,0.042434700183844494,-0.09940642969637037,dev,no_trade,0
0001558370-21-000248,0001557746,ACRS,2021-01-19,acceptance_time,updated_after_release,2021-01-19T07:15:44,4,unclear,aact,4,unclear,0,unclear,0,"no ticker printed in the release (missing, or today's SEC ticker)",,,,,,,,,dev,no_trade,0
0001694665-21-000006,0001694665,,2021-01-20,acceptance_time,updated_after_release,2021-01-20T08:32:41,1,yes,aact,4,unclear,1,yes,0,"no ticker printed in the release (missing, or today's SEC ticker)",,,,,,,,,dev,no_trade,0
0001493152-21-001497,0001360214,HROW,2021-01-21,acceptance_time,updated_after_release,2021-01-21T09:30:25,1,yes,aact,1,yes,1,yes,0,"no ticker printed in the release (missing, or today's SEC ticker)",,,,,,,,,dev,no_trade,0
0001213900-21-003480,0001711754,INMB,2021-01-22,acceptance_time,updated_after_release,2021-01-21T16:33:11,2,yes,aact,2,yes,2,yes,0,market cap outside $300M-$10B,False,False,688.0,2021-01-25,275145016.08,1731638.8390000002,0.08687512559046527,0.0007958116404214177,dev,spun_short,-1
0001193125-21-017705,0001439222,AGIO,2021-01-27,acceptance_time,updated_after_release,2021-01-26T16:14:01,0,yes,aact,0,yes,0,yes,1,,False,False,691.0,2021-01-28,3326549010.51,6986544.3815,0.02309728927433308,-0.0323777957305752,dev,clean_long,1
0001104659-21-007791,0000850261,SRNE,2021-01-27,acceptance_time,updated_after_release,2021-01-26T19:26:29,2,yes,aact,3,yes,2,yes,0,,False,False,691.0,2021-01-28,2739815502.16,21161145.20075,0.06601748184021027,0.4655463663514249,dev,spun_short,-1
0001193125-21-020756,0001706431,VIR,2021-01-27,release_date_only,updated_after_release,2021-01-26T23:59,2,unclear,aact,1,unclear,2,unclear,0,,False,False,691.0,2021-01-28,9858605301.8,18448067.739,0.1725469842666341,0.08679629101695852,dev,spun_short,-1
0001169245-21-000002,0001169245,PHAS,2021-01-28,acceptance_time,updated_after_release,2021-01-27T16:11:16,2,unclear,"text, match rejected",2,unclear,2,unclear,1,market cap outside $300M-$10B,False,False,692.0,2021-01-29,112467275.92,354572.71349999995,0.05134917024039835,-0.01851083601464154,dev,no_trade,0
0001387131-21-001313,0000887247,ADMP,2021-01-28,acceptance_time,updated_after_release,2021-01-28T09:25:58,2,unclear,"text, match rejected",2,unclear,3,unclear,0,market cap outside $300M-$10B,False,False,692.0,2021-01-29,128310950.36000001,4237347.059245,0.20048661580801075,0.02323603368481142,dev,spun_short,-1
0001193125-21-019488,0001403752,ZYME,2021-01-28,acceptance_time,updated_after_release,2021-01-27T19:01:00,0,yes,aact,1,unclear,1,yes,0,,False,False,692.0,2021-01-29,2021534040.02,3705247.3512500003,0.038069889733161374,-0.21423680710637583,dev,clean_long,1
0001651308-21-000017,0001651308,BGNE,2021-01-28,release_date_only,updated_after_release,2021-01-27T23:59,0,yes,aact,0,yes,0,yes,1,market cap outside $300M-$10B,False,False,692.0,2021-01-29,379361372541.3,30779724.054500002,0.04440975830739011,-0.0011549540951132364,dev,clean_long,1
0001104659-21-008759,0000895051,CASI,2021-01-29,acceptance_time,updated_after_release,2021-01-28T16:02:19,2,unclear,aact,2,unclear,2,unclear,1,illiquid (Nasdaq 20-day dollar volume < $1.2M),False,False,693.0,2021-02-01,425127333.47,328136.72150000004,0.034565909290553275,-0.030974825502675496,dev,no_trade,0
0001493152-21-002160,0001582554,MTNB,2021-02-01,acceptance_time,,2021-02-01T06:03:16,3,no,text,3,no,,,2,market cap outside $300M-$10B,False,False,694.0,2021-02-02,289908397.89,579646.43175,0.07981585566977968,-0.3784370818203229,dev,no_trade,0
0001213900-21-005970,0001739174,PHGE,2021-02-02,acceptance_time,updated_after_release,2021-02-02T07:39:55,0,yes,text,0,yes,0,yes,0,market cap outside $300M-$10B,False,False,695.0,2021-02-03,153669622.85999998,9507.69975,0.022360708451227795,-0.042537999082646216,dev,clean_long,1
0001493152-21-002340,0000908259,MATN,2021-02-02,acceptance_time,,2021-02-02T07:00:27,3,unclear,text,3,unclear,,,0,no prices for the release's ticker,,,,,,,,,dev,no_trade,0
0001564590-21-003678,0001082038,DRRX,2021-02-02,acceptance_time,,2021-02-02T09:00:21,0,yes,text,0,yes,,,0,illiquid (Nasdaq 20-day dollar volume < $1.2M),False,False,695.0,2021-02-03,426676443.90000004,323097.6895,0.03320102003421956,0.15953052063293227,dev,clean_long,1
0001437749-21-001804,0000072444,VXRT,2021-02-03,acceptance_time,updated_after_release,2021-02-03T08:36:08,2,yes,aact,2,yes,2,yes,0,,False,False,696.0,2021-02-04,2552815797.4,38026421.4895,0.16703078374770938,-0.5660865420894393,dev,no_trade,0
0001140361-21-003255,0001472091,PDSB,2021-02-04,acceptance_time,,2021-02-03T16:05:36,0,yes,text,0,yes,,,0,market cap outside $300M-$10B,False,False,697.0,2021-02-05,78806131.26,361431.95499999996,0.07349673390661372,0.14838573488406004,dev,clean_long,1
0001104659-21-013630,0001178879,FOLD,2021-02-08,acceptance_time,,2021-02-08T14:30:20,2,unclear,text,2,unclear,,,0,,False,False,699.0,2021-02-09,5237810961.0,10773723.356999999,0.0290672758179784,-0.055590343159837685,dev,no_trade,0
0001193125-21-031585,0001681087,AVRO,2021-02-08,acceptance_time,updated_after_release,2021-02-08T07:57:20,0,yes,aact,1,yes,0,yes,0,illiquid (Nasdaq 20-day dollar volume < $1.2M),False,False,699.0,2021-02-09,624040264.0,1102798.5949999997,0.03812509325091475,0.0841839163835667,dev,clean_long,1
0001193125-21-033294,0001748907,ORTX,2021-02-09,acceptance_time,,2021-02-09T07:10:01,0,yes,text,0,yes,,,2,,False,False,700.0,2021-02-10,709660963.4399999,2995615.722,0.06382049590934323,0.15761287366364296,dev,clean_long,1
0001493152-21-003017,0001360214,HROW,2021-02-09,acceptance_time,,2021-02-09T08:00:11,0,yes,text,0,yes,,,0,market cap outside $300M-$10B,False,False,700.0,2021-02-10,283463096.67,549404.2044999999,0.039548318809253885,-0.03333675139546943,dev,clean_long,1
0001553350-21-000101,0001476963,HTBX,2021-02-09,acceptance_time,updated_after_release,2021-02-09T08:12:01,3,unclear,aact,3,unclear,2,yes,1,,False,False,700.0,2021-02-10,1337909764.4999998,2286645.4340000004,0.06604302148484896,0.5088031735342947,dev,spun_short,-1
0001654954-21-001339,0001719406,RLF,2021-02-09,acceptance_time,updated_after_release,2021-02-09T09:39:43,3,no,aact,3,no,3,no,0,no prices for the release's ticker,,,,,,,,,dev,no_trade,0
0001193125-21-037721,0001633932,EPIX,2021-02-11,acceptance_time,updated_after_release,2021-02-11T10:28:00,2,unclear,aact,1,unclear,1,unclear,2,illiquid (Nasdaq 20-day dollar volume < $1.2M),False,False,702.0,2021-02-12,655202379.0,1023089.9530000001,0.0457417007868707,0.4839786284125007,dev,spun_short,-1
0001564590-21-005408,0001069308,ACER,2021-02-11,acceptance_time,,2021-02-11T09:03:23,0,yes,text,0,yes,,,1,market cap outside $300M-$10B,False,False,702.0,2021-02-12,50245670.449999996,1273242.8335,0.10581165568777008,-0.007257030793818453,dev,clean_long,1
0001564590-21-005752,0001746466,EQ,2021-02-12,acceptance_time,,2021-02-12T15:05:28,2,unclear,text,2,unclear,,,1,market cap outside $300M-$10B,False,False,703.0,2021-02-16,257413733.04,1123592.6232499997,0.06972900847319546,0.01679377070760335,dev,spun_short,-1
0001104659-21-020661,0001178879,FOLD,2021-02-12,acceptance_time,updated_after_release,2021-02-11T16:01:46,3,no,"text, match rejected",3,no,3,no,4,,False,False,703.0,2021-02-16,4872988307.0,11106533.876999998,0.030620093444944742,-0.3201940084229117,dev,no_trade,0
0001437749-21-002896,0001053691,DFFN,2021-02-16,acceptance_time,updated_after_release,2021-02-16T08:10:09,0,yes,aact,0,yes,0,yes,0,market cap outside $300M-$10B,False,False,704.0,2021-02-17,79059069.635,1056667.77075,0.06431142586480233,0.3949530309678534,dev,clean_long,1
0001615219-21-000017,0001615219,SLRX,2021-02-18,acceptance_time,updated_after_release,2021-02-17T16:00:33,1,yes,aact,1,yes,1,yes,1,market cap outside $300M-$10B,False,False,706.0,2021-02-19,53578438.2,1840236.11525,0.12452197771013127,-0.11034797395379692,dev,clean_long,1
0001193805-21-000241,0001280776,IMUX,2021-02-18,release_date_only,updated_after_release,2021-02-17T23:59,3,no,aact,3,no,3,no,4,,False,False,706.0,2021-02-19,419753568.40000004,1393948.3560000001,0.08115764315710979,-0.15396246702534822,dev,no_trade,0
0001140361-21-005422,0001104506,INSM,2021-02-19,acceptance_time,,2021-02-19T09:09:31,0,yes,text,0,yes,,,1,,False,False,707.0,2021-02-22,4115455362.7999997,7520047.022,0.046205502320097104,-0.002262292384559883,dev,clean_long,1
0001193125-21-049866,0001493566,OTIC,2021-02-22,acceptance_time,,2021-02-22T07:16:53,1,no,text,1,no,,,0,market cap outside $300M-$10B,False,False,708.0,2021-02-23,260922438.00000003,1002516.1120000001,0.06877549244560167,-0.4147053686821055,dev,clean_short,-1
0001193125-21-050730,0001703647,FREQ,2021-02-23,acceptance_time,updated_after_release,2021-02-22T16:01:15,2,yes,aact,1,yes,2,yes,3,,False,False,709.0,2021-02-24,1757240106.2800002,4188702.4530000007,0.05190187016370781,-0.04579028192322954,dev,no_trade,0
0001654954-21-002007,0001719406,BRPA,2021-02-24,acceptance_time,updated_after_release,2021-02-23T20:00:25,3,no,aact,3,no,3,no,2,repeat: same company and same trial within 30 days,,,,,,,,,dev,no_trade,0
0001171843-21-001346,0000882796,BCRX,2021-02-26,acceptance_time,,2021-02-25T16:40:17,0,yes,text,0,yes,,,0,,False,False,712.0,2021-03-01,1848642062.3400002,17168110.956750005,0.10362233055821699,0.024646006242269314,dev,clean_long,1
0001493152-21-005160,0000908259,MATN,2021-03-02,release_date_only,,2021-03-01T23:59,2,yes,text,2,yes,,,0,no prices for the release's ticker,,,,,,,,,dev,no_trade,0
0001564590-21-010309,0001080709,ARNA,2021-03-03,acceptance_time,updated_after_release,2021-03-02T16:50:48,2,no,aact,2,no,2,no,2,,False,False,715.0,2021-03-04,4621030690.320001,9019460.878,0.020395245632503892,0.003722392992306589,dev,spun_short,-1
0001104659-21-031198,0001372299,OCGN,2021-03-03,acceptance_time,,2021-03-03T09:55:17,0,yes,text,0,yes,,,0,reverse split between shares filing and event,False,False,,,,,,,dev,no_trade,0
0001193125-21-068593,0001175505,AMGN,2021-03-04,acceptance_time,updated_after_release,2021-03-04T08:58:02,1,yes,aact,1,unclear,1,yes,1,,False,False,716.0,2021-03-05,8512829650.8,138139425.98250002,0.009333735428872445,0.021453384380718754,dev,clean_long,1
0001193125-21-073448,0001175680,CYDY,2021-03-05,release_date_only,,2021-03-04T23:59,2,unclear,text,2,unclear,,,1,"no ticker printed in the release (missing, or today's SEC ticker)",,,,,,,,,dev,no_trade,0
0001370053-21-000022,0001370053,ANAB,2021-03-08,acceptance_time,updated_after_release,2021-03-08T08:05:17,0,no,aact,0,no,0,no,0,,False,False,718.0,2021-03-09,808403603.6999999,3133358.9445,0.051524779050925784,-0.31079113840225536,dev,clean_short,-1
0001564590-21-013008,0001800315,GLTO,2021-03-15,acceptance_time,updated_after_release,2021-03-15T07:52:39,1,unclear,aact,2,unclear,1,unclear,0,market cap outside $300M-$10B,False,False,723.0,2021-03-16,241240792.8,50769.771,0.042408261320703834,-0.07869124961660623,dev,no_trade,0
0001104659-21-035910,0001709401,RUBY,2021-03-15,acceptance_time,updated_after_release,2021-03-15T07:36:19,1,yes,aact,1,unclear,1,yes,2,,False,False,723.0,2021-03-16,1329760701.36,2941303.9975,0.12426498652275418,0.8350888039540234,dev,clean_long,1
0001564590-21-013009,0001746466,EQ,2021-03-15,acceptance_time,,2021-03-15T08:02:22,2,unclear,text,2,unclear,,,1,market cap outside $300M-$10B,False,False,723.0,2021-03-16,194605771.28,938302.3215,0.052857519081172456,0.03787973037900305,dev,spun_short,-1
0001564590-21-013011,0001339970,LIFE,2021-03-15,acceptance_time,updated_after_release,2021-03-15T08:09:17,2,yes,aact,2,yes,2,yes,1,market cap outside $300M-$10B,False,False,723.0,2021-03-16,49810212.839999996,536469.7274999999,0.06097193213718431,-0.036065786712762504,dev,no_trade,0
0001140361-21-008429,0001228627,OCUP,2021-03-15,acceptance_time,updated_after_release,2021-03-15T09:00:45,0,yes,aact,0,yes,0,yes,2,market cap outside $300M-$10B,False,False,723.0,2021-03-16,86127462.28,209853.229,0.03352734514211109,0.05939044703739227,dev,clean_long,1
0001193125-21-081556,0001707502,SLDB,2021-03-16,acceptance_time,updated_after_release,2021-03-15T17:22:00,2,unclear,aact,2,unclear,2,yes,2,,False,False,724.0,2021-03-17,810441569.8399999,3332398.122,0.12713601321148923,-0.30621389069902105,dev,no_trade,0
0001213900-21-015425,0001553643,RLMD,2021-03-16,acceptance_time,,2021-03-15T17:14:01,0,no,text,0,no,,,0,"no ticker printed in the release (missing, or today's SEC ticker)",,,,,,,,,dev,no_trade,0
0001104659-21-038365,0000861838,IDRA,2021-03-19,acceptance_time,updated_after_release,2021-03-18T16:15:40,0,no,aact,0,no,0,no,0,market cap outside $300M-$10B,False,False,727.0,2021-03-22,220161345.76,907189.2789999999,0.0766401652058612,-0.650674517250565,dev,clean_short,-1
0001104659-21-038870,0000707511,RGRX,2021-03-19,release_date_only,updated_after_release,2021-03-18T23:59,2,no,aact,2,no,2,no,1,no prices for the release's ticker,,,,,,,,,dev,no_trade,0
0001171843-21-001951,0000882796,BCRX,2021-03-22,acceptance_time,updated_after_release,2021-03-22T08:07:43,1,yes,aact,1,yes,1,yes,0,,False,False,728.0,2021-03-23,2349443278.2599998,14080704.207749998,0.06265424954937358,-0.12473131370519919,dev,clean_long,1
0001104659-21-039392,0001509745,LPTX,2021-03-22,acceptance_time,updated_after_release,2021-03-22T07:15:36,2,unclear,aact,2,unclear,2,unclear,1,market cap outside $300M-$10B,False,False,728.0,2021-03-23,147951200.16,264897.6995,0.049936435806781886,0.009567815375713495,dev,spun_short,-1
0001126234-21-000036,0001126234,LUMO,2021-03-22,release_date_only,,2021-03-20T23:59,2,unclear,text,2,unclear,,,0,market cap outside $300M-$10B,False,False,728.0,2021-03-23,108316459.31,231393.457,0.043078105677551985,0.05532046222305187,dev,spun_short,-1
0001104659-21-039696,0001744659,AKRO,2021-03-23,acceptance_time,updated_after_release,2021-03-22T16:05:59,2,yes,aact,2,yes,2,yes,1,,False,False,729.0,2021-03-24,1190188019.37,2123080.119,0.03327811345282518,0.01709979652998328,dev,spun_short,-1
0001564590-21-014963,0001751299,KLDO,2021-03-24,acceptance_time,updated_after_release,2021-03-24T07:02:28,3,no,"text, match rejected",3,no,3,yes,2,illiquid (Nasdaq 20-day dollar volume < $1.2M),False,False,730.0,2021-03-25,421270566.71999997,653250.903,0.053456183385765944,-0.0625181908567225,dev,no_trade,0
0001193125-21-091865,0001711279,KRYS,2021-03-24,acceptance_time,updated_after_release,2021-03-24T07:00:31,0,yes,aact,0,yes,0,yes,1,,False,False,730.0,2021-03-25,1627097269.1200001,3342624.0234999997,0.051734248767589266,-0.0007143892805612229,dev,clean_long,1
0001193125-21-098947,0001706431,VIR,2021-03-29,release_date_only,updated_after_release,2021-03-26T23:59,0,yes,aact,0,yes,0,yes,0,,False,False,733.0,2021-03-30,6587431128.4800005,24353771.290500004,0.12190823706002595,-0.03423843462912424,dev,clean_long,1
0001193125-21-098276,0001631574,WVE,2021-03-30,acceptance_time,,2021-03-29T16:09:45,0,no,text,0,no,,,1,,False,False,734.0,2021-03-31,346411391.76,2415823.4555,0.06483612864523246,-0.1644464585626647,dev,clean_short,-1
0001193125-21-103232,0001326190,ALT,2021-04-01,acceptance_time,updated_after_release,2021-04-01T07:30:59,1,yes,aact,1,yes,1,yes,0,,False,False,736.0,2021-04-05,524934812.88000005,5374189.123499999,0.06642043403579656,-0.019298315075019445,dev,clean_long,1
0001654954-21-003700,0001604191,AZRX,2021-04-01,release_date_only,updated_after_release,2021-03-31T23:59,0,no,aact,0,no,0,no,0,market cap outside $300M-$10B,False,False,736.0,2021-04-05,98632174.52499999,789587.0250000001,0.06556789058742438,-0.24028671123466894,dev,clean_short,-1
0001104659-21-046642,0001133818,BPTH,2021-04-06,acceptance_time,updated_after_release,2021-04-05T16:54:39,2,unclear,aact,2,unclear,2,unclear,0,market cap outside $300M-$10B,False,False,738.0,2021-04-07,52804131.199999996,1903114.8849999998,0.04810139593329527,0.01929799252892761,dev,spun_short,-1
0001564590-21-017609,0001595893,TPTX,2021-04-06,acceptance_time,updated_after_release,2021-04-05T16:05:37,1,unclear,aact,1,unclear,0,yes,0,,False,False,738.0,2021-04-07,4414068858.360001,10816106.87,0.044239623492634585,-0.0576940882055319,dev,no_trade,0
0001193125-21-112437,0001597553,,2021-04-12,acceptance_time,updated_after_release,2021-04-12T07:17:54,1,yes,aact,1,yes,1,yes,1,"no ticker printed in the release (missing, or today's SEC ticker)",,,,,,,,,dev,no_trade,0
0001651308-21-000068,0001651308,BGNE,2021-04-12,release_date_only,updated_after_release,2021-04-11T23:59,1,yes,aact,1,yes,1,yes,1,market cap outside $300M-$10B,False,False,742.0,2021-04-13,367832989355.49,21423197.6975,0.0306537063977416,-0.02544933082829981,dev,clean_long,1
0001193125-21-112486,0001808865,ITOS,2021-04-12,release_date_only,updated_after_release,2021-04-10T23:59,1,yes,aact,1,unclear,1,yes,3,,False,False,742.0,2021-04-13,947848467.995,2066217.6375,0.06725826753552835,-0.07949322897992517,dev,clean_long,1
0001193125-21-113977,0001704292,ZLAB,2021-04-13,acceptance_time,,2021-04-13T07:45:02,1,unclear,text,1,unclear,,,4,market cap outside $300M-$10B,False,False,743.0,2021-04-14,11696847046.29,16359530.1085,0.0305956502595345,0.2066591870377128,dev,no_trade,0
0001789769-21-000009,0001789769,TIL,2021-04-14,acceptance_time,,2021-04-13T16:48:10,0,unclear,text,0,unclear,,,0,no shares outstanding,False,False,,,,,,,dev,no_trade,0
0001564590-21-018749,0001527599,SYBX,2021-04-14,acceptance_time,updated_after_release,2021-04-13T18:49:42,0,unclear,"text, match rejected",0,unclear,0,yes,0,market cap outside $300M-$10B,False,False,744.0,2021-04-15,131664032.11999999,365272.71400000004,0.049148713749854606,-0.04295601008685912,dev,no_trade,0
0001104659-21-049830,0001034842,RIGL,2021-04-14,acceptance_time,,2021-04-13T17:26:37,3,yes,text,3,yes,,,0,,False,False,744.0,2021-04-15,612150652.8000001,2280526.2012500004,0.05253157964311983,0.014005167958656362,dev,spun_short,-1
0001558370-21-004378,0001001316,TGTX,2021-04-16,acceptance_time,,2021-04-16T07:53:43,0,yes,text,0,yes,,,0,,False,False,746.0,2021-04-19,6443064950.21,14987848.203000003,0.03909941886309884,-0.007182934718590217,dev,clean_long,1
0001214659-21-004353,0001293310,HGEN,2021-04-20,release_date_only,updated_after_release,2021-04-19T23:59,2,yes,aact,2,yes,2,yes,1,,False,False,748.0,2021-04-21,743404859.6,19430583.220749997,0.13637031502972088,-0.023567553543051067,dev,no_trade,0
0001561743-21-000026,0001561743,KIN,2021-04-21,acceptance_time,,2021-04-20T16:06:49,2,unclear,text,2,unclear,,,0,market cap outside $300M-$10B,False,False,749.0,2021-04-22,195225816.78,332740.8949999999,0.043240001946260063,0.024624050325550595,dev,spun_short,-1
0001493152-21-009378,0000908259,OTLC,2021-04-21,release_date_only,,2021-04-20T23:59,3,unclear,text,3,unclear,,,0,no prices for the release's ticker,,,,,,,,,dev,no_trade,0
0001104659-21-053355,0001372299,OCGN,2021-04-22,release_date_only,,2021-04-21T23:59,0,yes,text,0,yes,,,1,,False,False,750.0,2021-04-23,1228220255.8,22522116.63925,0.06537037972488376,0.4095394647720103,dev,clean_long,1
0001193125-21-125592,0001445283,YMTX,2021-04-22,acceptance_time,,2021-04-22T07:11:51,0,yes,text,0,yes,,,0,market cap outside $300M-$10B,False,False,750.0,2021-04-23,174926139.96,169359.80699999997,0.043087216445854115,0.00821975334510161,dev,clean_long,1
0000819050-21-000055,0000819050,BBI,2021-04-23,acceptance_time,,2021-04-23T10:02:52,1,unclear,text,1,unclear,,,2,market cap outside $300M-$10B,False,False,751.0,2021-04-26,59366817.752000004,180235.90828000003,0.03507375705945053,0.050530141117859584,dev,no_trade,0
0001193125-21-132903,0001341235,ALDX,2021-04-27,acceptance_time,,2021-04-27T08:00:01,0,unclear,text,0,unclear,,,0,,False,False,753.0,2021-04-28,524912470.16999996,2009058.5269999995,0.04733347272680927,0.3319908075417948,dev,no_trade,0
0001651308-21-000077,0001651308,BGNE,2021-04-29,acceptance_time,updated_after_release,2021-04-28T16:15:33,1,yes,aact,1,yes,1,yes,2,market cap outside $300M-$10B,False,False,755.0,2021-04-30,417454539636.96,16036153.470500002,0.03162752011623989,0.02628179135741293,dev,clean_long,1
0001213900-21-023409,0001158780,PSTI,2021-04-29,acceptance_time,updated_after_release,2021-04-29T09:40:42,2,yes,aact,3,unclear,2,yes,1,market cap outside $300M-$10B,False,False,755.0,2021-04-30,142827579.51000002,232516.52049999996,0.029312167067505498,-0.03376820244625711,dev,no_trade,0
0001104659-21-056913,0001346830,CARA,2021-04-29,acceptance_time,,2021-04-29T07:21:15,3,no,text,3,no,,,0,,False,False,755.0,2021-04-30,1287818020.66,10289994.366500001,0.04612894345881184,-0.4428714695886232,dev,no_trade,0
0001193125-21-140479,0001783183,PHAT,2021-04-30,acceptance_time,,2021-04-29T16:18:51,0,yes,text,0,yes,,,0,illiquid (Nasdaq 20-day dollar volume < $1.2M),False,False,756.0,2021-05-03,1244094468.36,685228.2255,0.02870882721882525,-0.021190568111815966,dev,clean_long,1
0001193125-21-146721,0001505512,RGLS,2021-05-03,acceptance_time,updated_after_release,2021-05-03T08:16:28,1,yes,aact,1,unclear,1,yes,1,market cap outside $300M-$10B,False,False,757.0,2021-05-04,101506680.8,239428.87799999997,0.06377780102125798,-0.19441983871641677,dev,clean_long,1
0001564590-21-022707,0000873303,SRPT,2021-05-03,acceptance_time,updated_after_release,2021-05-03T08:52:30,2,yes,aact,2,unclear,2,yes,1,,False,False,757.0,2021-05-04,5629335175.839999,13703055.167000001,0.02109200892397585,0.1011823863722644,dev,spun_short,-1
0001104659-21-060677,0001509261,RZLT,2021-05-04,acceptance_time,,2021-05-04T10:42:18,0,yes,text,0,yes,,,1,market cap outside $300M-$10B,False,False,758.0,2021-05-05,63059691.35,41788.811,0.0655409035392267,-0.03999456543597646,dev,clean_long,1
0001193125-21-152744,0001273636,AGTC,2021-05-06,acceptance_time,,2021-05-06T09:20:58,2,unclear,text,2,unclear,,,2,market cap outside $300M-$10B,False,False,760.0,2021-05-07,164232830.3,1045876.8770000001,0.049776656009479656,-0.0207486678942137,dev,no_trade,0
0001493152-21-010840,0001076682,PTE,2021-05-10,acceptance_time,updated_after_release,2021-05-10T08:00:23,0,yes,aact,0,yes,0,yes,0,market cap outside $300M-$10B,False,False,762.0,2021-05-11,78247138.0476,145306.76293499998,0.03984976859912191,0.25721539463560306,dev,clean_long,1
0001564590-21-026328,0001419600,,2021-05-11,acceptance_time,updated_after_release,2021-05-11T09:29:20,2,yes,aact,2,unclear,2,yes,1,"no ticker printed in the release (missing, or today's SEC ticker)",,,,,,,,,dev,no_trade,0
0001213900-21-025557,0001721484,LGVN,2021-05-11,acceptance_time,updated_after_release,2021-05-11T11:42:07,2,yes,aact,2,yes,2,yes,0,"no ticker printed in the release (missing, or today's SEC ticker)",,,,,,,,,dev,no_trade,0
0001564590-21-026261,0001748907,ORTX,2021-05-11,acceptance_time,,2021-05-11T06:05:37,0,yes,text,0,yes,,,0,illiquid (Nasdaq 20-day dollar volume < $1.2M),False,False,763.0,2021-05-12,637030980.4000001,772198.0255000001,0.032298183271500476,0.005202691678010574,dev,clean_long,1
0001493152-21-011082,0000764195,VBIV,2021-05-12,acceptance_time,,2021-05-12T08:00:39,0,yes,text,0,yes,,,0,,False,False,764.0,2021-05-13,696495491.9000001,1595954.8070000003,0.04192759502912756,0.04956108735562992,dev,clean_long,1
0001171843-21-003417,0001629137,GBT,2021-05-12,acceptance_time,,2021-05-12T10:01:12,1,unclear,text,1,unclear,,,0,,False,False,764.0,2021-05-13,2352437928.34,7389712.3615,0.0232584528031573,-0.023643172419557046,dev,no_trade,0
0001193125-21-159128,0001690585,MGTA,2021-05-13,acceptance_time,updated_after_release,2021-05-12T16:31:35,0,yes,aact,0,yes,0,yes,1,illiquid (Nasdaq 20-day dollar volume < $1.2M),False,False,765.0,2021-05-14,621244222.02,416612.23275,0.04121982652612989,-0.1252715912611524,dev,clean_long,1
0001104659-21-066769,0000707511,RGRX,2021-05-14,acceptance_time,updated_after_release,2021-05-14T15:07:24,3,no,aact,3,unclear,3,unclear,2,no prices for the release's ticker,,,,,,,,,dev,no_trade,0
0001136261-21-000066,0001017491,SEEL,2021-05-17,acceptance_time,updated_after_release,2021-05-17T06:12:33,2,yes,aact,3,yes,2,yes,1,,False,False,767.0,2021-05-18,407845878.99,3741275.118,0.05675715978007313,-0.24009655765231241,dev,no_trade,0
0001564590-21-028550,0000873303,SRPT,2021-05-18,acceptance_time,updated_after_release,2021-05-18T08:57:32,0,yes,aact,0,yes,0,yes,1,,False,False,768.0,2021-05-19,5994261565.5,17991092.1315,0.03420738934220176,0.0791838807121985,dev,clean_long,1
0001280600-21-000042,0001280600,XLRN,2021-05-19,acceptance_time,updated_after_release,2021-05-19T08:12:49,2,unclear,aact,2,unclear,2,unclear,1,,False,False,769.0,2021-05-20,7540687207.38,9808586.524,0.019844043371512386,0.01294557605104496,dev,spun_short,-1
0001293971-21-000043,0001293971,BMY,2021-05-20,acceptance_time,,2021-05-19T17:06:16,0,yes,text,0,yes,,,1,,False,False,770.0,2021-05-21,4421861246.88,96069534.186,0.01278784446973353,0.0021246125686393835,dev,clean_long,1
0001564590-21-028892,0001382101,STRO,2021-05-20,acceptance_time,updated_after_release,2021-05-19T17:00:55,1,unclear,aact,1,unclear,1,unclear,1,,False,False,770.0,2021-05-21,932865018.96,1575616.088,0.030232011573673213,-0.11227697478991605,dev,no_trade,0
0001558370-21-007554,0001621227,ADAP,2021-05-20,acceptance_time,,2021-05-19T17:08:20,1,unclear,text,1,unclear,,,3,illiquid (Nasdaq 20-day dollar volume < $1.2M),False,False,770.0,2021-05-21,4580953993.2,983935.0859999999,0.037260106506619164,0.022929857433808376,dev,no_trade,0
0001104659-21-069398,0001701541,BDTX,2021-05-20,acceptance_time,updated_after_release,2021-05-19T17:06:32,0,yes,aact,1,unclear,0,yes,2,,False,False,770.0,2021-05-21,803889551.79,2164824.4310000003,0.042724903693515275,-0.39320932073774184,dev,clean_long,1
0001737287-21-000025,0001737287,ALLO,2021-05-20,acceptance_time,,2021-05-19T17:04:13,0,unclear,text,0,unclear,,,0,,False,False,770.0,2021-05-21,4025352693.2400002,6682546.453500001,0.033906790963542086,-0.07574717299578071,dev,no_trade,0
0001493152-21-012317,0000764195,VBIV,2021-05-20,acceptance_time,updated_after_release,2021-05-20T08:00:18,2,unclear,aact,3,unclear,2,unclear,0,,False,False,770.0,2021-05-21,782921939.8000001,1620746.4579999999,0.04131943876321342,0.017497662337662145,dev,spun_short,-1
0001615219-21-000054,0001615219,SLRX,2021-05-20,release_date_only,updated_after_release,2021-05-19T23:59,1,yes,aact,1,unclear,1,yes,0,market cap outside $300M-$10B,False,False,770.0,2021-05-21,60443018.1,138141.82350000003,0.043540102933011006,-0.10132148148148168,dev,clean_long,1
0001140361-21-018115,0001472091,PDSB,2021-05-20,acceptance_time,updated_after_release,2021-05-20T08:30:53,1,unclear,aact,2,unclear,2,unclear,0,market cap outside $300M-$10B,False,False,770.0,2021-05-21,126986087.7,460065.05649999995,0.06837281193929169,0.2503354385964911,dev,no_trade,0
0001553350-21-000437,0001476963,HTBX,2021-05-20,acceptance_time,updated_after_release,2021-05-20T07:35:14,0,unclear,aact,0,unclear,0,unclear,0,market cap outside $300M-$10B,False,False,770.0,2021-05-21,157327647.82000002,472378.93499999994,0.03211115857343813,0.017078138041733304,dev,no_trade,0
0001293971-21-000045,0001293971,BLUE,2021-05-21,acceptance_time,,2021-05-21T08:33:04,0,yes,text,0,yes,,,0,,False,False,771.0,2021-05-24,2071314199.0800002,8522272.998999998,0.02778725542637051,0.036974712169687396,dev,clean_long,1
0001104659-21-069870,0001279704,CLRB,2021-05-21,acceptance_time,updated_after_release,2021-05-20T16:03:31,1,unclear,aact,0,unclear,1,unclear,0,market cap outside $300M-$10B,False,False,771.0,2021-05-24,76453103.1,110704.1365,0.04999895720769738,0.04052292178353889,dev,no_trade,0
0001193125-21-169953,0001426332,NGM,2021-05-24,acceptance_time,updated_after_release,2021-05-24T07:09:32,0,no,aact,0,no,0,no,0,illiquid (Nasdaq 20-day dollar volume < $1.2M),False,False,772.0,2021-05-25,2184236322.16,863365.9445,0.017492208916499666,-0.4011028982476005,dev,clean_short,-1
0001104659-21-071574,0001682639,EYEN,2021-05-25,acceptance_time,updated_after_release,2021-05-25T08:06:45,0,yes,"text, match rejected",0,yes,0,yes,0,market cap outside $300M-$10B,False,False,773.0,2021-05-26,121262759.31000002,52368.0985,0.02817706143277904,0.04003577833292882,dev,clean_long,1
0001564590-21-029886,0001671584,APVO,2021-05-26,acceptance_time,updated_after_release,2021-05-26T09:00:10,1,yes,aact,1,yes,1,yes,2,market cap outside $300M-$10B,False,False,774.0,2021-05-27,115153965.8,134412.52,0.036186826326337365,-0.046582051275355196,dev,clean_long,1
0001193125-21-175479,0001706431,VIR,2021-05-27,release_date_only,updated_after_release,2021-05-26T23:59,0,yes,aact,0,yes,0,yes,1,,False,False,775.0,2021-05-28,5949322588.5,6224510.3355,0.03864979491873128,-0.06984974938136546,dev,clean_long,1
0001493152-21-013131,0001695357,PRVB,2021-05-28,acceptance_time,,2021-05-27T21:55:54,0,yes,text,0,yes,,,1,"no trade on previous day, reaction day or entry day",,,,,,,,,dev,no_trade,0
0001558370-21-007920,0001006281,PLX,2021-06-02,acceptance_time,updated_after_release,2021-06-02T07:02:20,2,no,aact,2,no,1,no,1,market cap outside $300M-$10B,False,False,778.0,2021-06-03,135694664.69,226124.1435,0.038607161286285906,-0.1829465263478347,dev,no_trade,0
0001561743-21-000038,0001561743,KIN,2021-06-02,acceptance_time,,2021-06-02T08:39:40,0,yes,text,0,yes,,,0,market cap outside $300M-$10B,False,False,778.0,2021-06-03,212332733.76000002,207996.1675,0.03470012152458589,0.14996131856520156,dev,clean_long,1
0001387131-21-006295,0001430306,TNXP,2021-06-03,release_date_only,updated_after_release,2021-06-02T23:59,0,yes,aact,0,yes,0,yes,1,"no ticker printed in the release (missing, or today's SEC ticker)",,,,,,,,,dev,no_trade,0
0001193125-21-182269,0001789972,CGEM,2021-06-04,acceptance_time,updated_after_release,2021-06-04T09:07:10,1,unclear,aact,1,unclear,1,yes,1,,False,False,780.0,2021-06-07,1295039880.0,1239723.73675,0.052997349462052264,0.11656116599197142,dev,no_trade,0
0001437749-21-014140,0001029125,PBLA,2021-06-04,acceptance_time,updated_after_release,2021-06-04T09:16:21,2,yes,aact,3,unclear,2,yes,0,market cap outside $300M-$10B,False,False,780.0,2021-06-07,45299035.28,29165.333499999997,0.028070601950896612,-0.09870588504138822,dev,no_trade,0
0001193125-21-182012,0001718108,SURF,2021-06-04,acceptance_time,updated_after_release,2021-06-04T07:15:37,1,unclear,aact,2,unclear,1,unclear,0,,False,False,780.0,2021-06-07,394333685.6,2647537.6314999997,0.03750892996937054,-0.1020319252874563,dev,no_trade,0
0001564590-21-031856,0001348911,KALV,2021-06-07,release_date_only,updated_after_release,2021-06-05T23:59,3,unclear,aact,3,unclear,3,unclear,0,,False,False,781.0,2021-06-08,645382471.0500001,1247012.2725,0.028264903374900032,0.01185643060303021,dev,spun_short,-1
0001651308-21-000102,0001651308,BGNE,2021-06-07,acceptance_time,updated_after_release,2021-06-04T16:12:50,0,yes,aact,0,yes,0,yes,3,market cap outside $300M-$10B,False,False,781.0,2021-06-08,424396708417.4,12208257.685500002,0.025450832759833935,-0.07314202850694596,dev,clean_long,1
0001193125-21-183002,0001708493,HARP,2021-06-07,acceptance_time,updated_after_release,2021-06-04T16:40:28,1,unclear,aact,0,unclear,1,unclear,1,illiquid (Nasdaq 20-day dollar volume < $1.2M),False,False,781.0,2021-06-08,515502245.84999996,1106683.1385,0.06252395009975402,-0.082495634128118,dev,no_trade,0
0001558370-21-008085,0001557746,ACRS,2021-06-08,acceptance_time,updated_after_release,2021-06-08T07:16:19,4,unclear,aact,4,unclear,4,unclear,0,"no ticker printed in the release (missing, or today's SEC ticker)",,,,,,,,,dev,no_trade,0
0001104659-21-078524,0001535955,LPCN,2021-06-09,acceptance_time,updated_after_release,2021-06-09T08:01:33,0,yes,aact,0,yes,0,yes,0,"no ticker printed in the release (missing, or today's SEC ticker)",,,,,,,,,dev,no_trade,0
0000950170-21-000344,0001746466,EQ,2021-06-11,acceptance_time,,2021-06-11T07:00:33,1,yes,text,1,yes,,,2,market cap outside $300M-$10B,False,False,785.0,2021-06-14,201539473.8,172966.78199999998,0.04243356584127263,-0.11575881505339891,dev,clean_long,1
0001564590-21-032552,0001674416,VRTX,2021-06-11,acceptance_time,,2021-06-11T07:10:31,1,unclear,text,1,unclear,,,1,market cap outside $300M-$10B,False,False,785.0,2021-06-14,16432009150.32,87637768.37200001,0.009090222621567452,-0.10904088990693805,dev,no_trade,0
0001171843-21-004277,0001629137,GBT,2021-06-11,acceptance_time,,2021-06-11T06:05:16,1,unclear,text,1,unclear,,,2,,False,False,785.0,2021-06-14,2594655597.51,6181069.23,0.021693002619981756,-0.024962044212933465,dev,no_trade,0
0001564590-21-032551,0001672619,IMRA,2021-06-11,acceptance_time,updated_after_release,2021-06-11T07:00:29,2,yes,aact,2,unclear,2,yes,2,market cap outside $300M-$10B,False,False,785.0,2021-06-14,155941949.28,119764.13350000003,0.03792005103396598,-0.03411199095022632,dev,no_trade,0
0001628280-21-012055,0001501697,XFOR,2021-06-11,acceptance_time,updated_after_release,2021-06-11T06:21:21,1,unclear,aact,2,unclear,1,unclear,1,market cap outside $300M-$10B,False,False,785.0,2021-06-14,222599760.6,240605.21875,0.04112603877419234,-0.07130766706257419,dev,no_trade,0
0001467154-21-000109,0001467154,NOVN,2021-06-11,acceptance_time,updated_after_release,2021-06-11T06:41:26,0,yes,aact,0,yes,0,yes,0,reverse split between shares filing and event,False,False,,,,,,,dev,no_trade,0
0001293971-21-000049,0001293971,BLUE,2021-06-11,acceptance_time,,2021-06-11T06:15:26,0,yes,text,0,yes,,,2,,False,False,785.0,2021-06-14,2285797401.7200003,8728964.0165,0.023720055011765898,0.006267183621752048,dev,clean_long,1
0001193125-21-188257,0001538927,FMTX,2021-06-11,acceptance_time,updated_after_release,2021-06-11T07:12:12,2,unclear,"text, match rejected",2,unclear,2,unclear,1,,False,False,785.0,2021-06-14,1326434424.0,1682761.54475,0.03672728924845759,-0.1826155462184874,dev,no_trade,0
0001651308-21-000113,0001651308,BGNE,2021-06-14,acceptance_time,updated_after_release,2021-06-11T16:23:16,1,yes,aact,1,yes,1,yes,1,market cap outside $300M-$10B,False,False,786.0,2021-06-15,414863740618.2,11830220.0235,0.02128776962978684,-0.009451689785769712,dev,clean_long,1
0001280600-21-000045,0001280600,BMY,2021-06-14,release_date_only,updated_after_release,2021-06-11T23:59,0,yes,aact,0,yes,0,yes,0,,False,False,786.0,2021-06-15,4087498000.0400004,92010491.6625,0.012017440223622226,-0.006556882136480202,dev,clean_long,1
0001193125-21-189542,0001673772,RAPT,2021-06-14,acceptance_time,updated_after_release,2021-06-14T08:06:02,2,yes,aact,1,yes,2,yes,3,illiquid (Nasdaq 20-day dollar volume < $1.2M),False,False,786.0,2021-06-15,465167530.20000005,773415.4415,0.054712704586367865,1.1457985218318272,dev,spun_short,-1
0001104659-21-080835,0001000694,NVAX,2021-06-15,acceptance_time,updated_after_release,2021-06-14T17:04:49,0,yes,"text, match rejected",0,yes,0,yes,2,market cap outside $300M-$10B,False,False,787.0,2021-06-16,15389414149.5,133656775.84099999,0.046206101557040045,-0.07617402476483282,dev,clean_long,1
0001193125-21-190105,0001831363,TERN,2021-06-15,acceptance_time,updated_after_release,2021-06-14T16:40:02,2,yes,aact,1,yes,2,yes,2,illiquid (Nasdaq 20-day dollar volume < $1.2M),False,False,787.0,2021-06-16,382975796.75,209947.01325000002,0.06017753725710004,0.037259442483799865,dev,spun_short,-1
0001193125-21-190532,0001597553,,2021-06-15,acceptance_time,updated_after_release,2021-06-15T06:50:00,0,yes,aact,0,yes,0,yes,2,"no ticker printed in the release (missing, or today's SEC ticker)",,,,,,,,,dev,no_trade,0
0001104659-21-081758,0001326190,ALT,2021-06-16,acceptance_time,updated_after_release,2021-06-16T07:15:29,1,yes,aact,0,yes,0,yes,2,,False,False,788.0,2021-06-17,543699296.88,3260400.688,0.04894254342971421,0.15863037215317943,dev,clean_long,1
0001193125-21-192152,0001692830,STSA,2021-06-17,acceptance_time,updated_after_release,2021-06-16T16:29:28,0,unclear,"text, match rejected",0,unclear,0,yes,0,market cap outside $300M-$10B,False,False,789.0,2021-06-18,155124731.64,92601.58350000001,0.021734478173544985,0.1306391103288187,dev,no_trade,0
0001193125-21-194371,0001819790,TARS,2021-06-21,acceptance_time,updated_after_release,2021-06-21T09:56:44,0,yes,aact,0,yes,0,yes,2,illiquid (Nasdaq 20-day dollar volume < $1.2M),False,False,791.0,2021-06-22,712199247.8000001,438342.5834999999,0.040539170029311705,-0.17475595021503165,dev,clean_long,1
0001104659-21-082951,0001583107,TBPH,2021-06-21,acceptance_time,updated_after_release,2021-06-21T06:14:37,2,no,aact,2,no,2,no,3,illiquid (Nasdaq 20-day dollar volume < $1.2M),False,False,791.0,2021-06-22,1143689604.24,1082763.8265,0.02494828135744272,-0.008207715509203517,dev,no_trade,0
0001193125-21-195277,0001175680,CYDY,2021-06-22,acceptance_time,updated_after_release,2021-06-21T17:23:42,3,unclear,aact,3,no,3,no,2,no prices for the release's ticker,,,,,,,,,dev,no_trade,0
0001493152-21-015053,0000764195,VBIV,2021-06-23,acceptance_time,,2021-06-23T07:00:23,1,unclear,text,1,unclear,,,0,,False,False,793.0,2021-06-24,991362196.5,2194607.503,0.048911059409080464,-0.007506812067584967,dev,no_trade,0
0001193125-21-196853,0001816736,GMTX,2021-06-23,release_date_only,updated_after_release,2021-06-22T23:59,2,yes,aact,2,unclear,2,yes,0,illiquid (Nasdaq 20-day dollar volume < $1.2M),False,False,793.0,2021-06-24,422779134.3,474326.54699999996,0.05381739354903761,-0.322661650440346,dev,no_trade,0
0001437749-21-015511,0001513818,ARAV,2021-06-24,acceptance_time,updated_after_release,2021-06-24T07:07:25,2,unclear,aact,2,unclear,2,unclear,0,market cap outside $300M-$10B,False,False,794.0,2021-06-25,107648793.12,123273.34449999998,0.03287107287761903,0.03286596684484011,dev,spun_short,-1
0001493152-21-015154,0001595097,CRBP,2021-06-24,acceptance_time,updated_after_release,2021-06-24T08:18:18,2,no,"text, match rejected",2,no,2,no,2,market cap outside $300M-$10B,False,False,794.0,2021-06-25,247565351.88,962744.5464999999,0.04037639138075101,0.020871017349890497,dev,spun_short,-1
0001193125-21-198675,0001680581,FULC,2021-06-25,acceptance_time,updated_after_release,2021-06-24T16:16:16,3,no,aact,3,no,3,no,4,market cap outside $300M-$10B,False,False,795.0,2021-06-28,286926852.88,321730.4,0.032343264050976026,0.014849145931204566,dev,spun_short,-1
0001564590-21-034575,0001650648,FDMT,2021-06-25,release_date_only,,2021-06-24T23:59,2,unclear,text,2,unclear,,,0,illiquid (Nasdaq 20-day dollar volume < $1.2M),False,False,795.0,2021-06-28,593488725.0600001,1035571.2715,0.0439873513938368,0.006917029327961233,dev,spun_short,-1
0001193125-21-201090,0001815442,KYMR,2021-06-28,acceptance_time,updated_after_release,2021-06-28T07:46:02,0,yes,aact,0,yes,0,yes,0,,False,False,796.0,2021-06-29,1998435571.72,4660141.955,0.02845242195798652,0.06631301240280918,dev,clean_long,1
0001193125-21-202603,0001805387,CERE,2021-06-29,acceptance_time,updated_after_release,2021-06-29T06:52:01,4,no,aact,0,yes,2,unclear,1,illiquid (Nasdaq 20-day dollar volume < $1.2M),False,False,797.0,2021-06-30,1602160723.5900002,996389.879,0.0271377252784343,1.3688020370469967,dev,spun_short,-1
0001437749-21-015877,0001401040,DMAC,2021-06-29,acceptance_time,updated_after_release,2021-06-29T07:01:14,2,unclear,aact,2,unclear,2,unclear,2,market cap outside $300M-$10B,False,False,797.0,2021-06-30,134884607.26,173976.80125000002,0.04777010481481714,-0.32206448646589947,dev,no_trade,0
0001104659-21-086498,0000894158,SYN,2021-06-29,acceptance_time,,2021-06-29T07:06:35,0,yes,text,0,yes,,,1,market cap outside $300M-$10B,False,False,797.0,2021-06-30,83820603.1224,62552.03153,0.04825414312125251,-0.03293124335026454,dev,clean_long,1
0001104659-21-086825,0001425205,IOVA,2021-06-30,acceptance_time,updated_after_release,2021-06-29T16:05:46,2,unclear,"text, match rejected",2,unclear,1,unclear,0,,False,False,798.0,2021-07-01,4024521595.06,16286244.196,0.042713739350652695,-0.01000568643208899,dev,no_trade,0
0001104659-21-086854,0001326190,ALT,2021-06-30,acceptance_time,updated_after_release,2021-06-29T16:30:29,0,no,aact,0,no,0,no,1,,False,False,798.0,2021-07-01,610509803.7,5547176.714,0.04881193948908351,-0.3762194655825428,dev,clean_short,-1
0001437749-21-016076,0001053691,DFFN,2021-07-01,acceptance_time,updated_after_release,2021-06-30T16:33:39,0,unclear,aact,0,unclear,0,unclear,0,market cap outside $300M-$10B,False,False,799.0,2021-07-02,73391245.6758,139573.805565,0.0498958221883777,-0.02990546517767001,dev,no_trade,0
0001213900-21-035203,0001506251,CTXR,2021-07-01,acceptance_time,updated_after_release,2021-07-01T09:25:22,1,unclear,aact,1,unclear,1,unclear,2,,False,False,799.0,2021-07-02,471449335.56,6389394.45825,0.0646748037412975,-0.2763013418019794,dev,no_trade,0
0001104659-21-089167,0001094038,MRKR,2021-07-06,acceptance_time,updated_after_release,2021-07-06T07:23:39,0,yes,aact,0,unclear,0,yes,0,market cap outside $300M-$10B,False,False,801.0,2021-07-07,232439001.2,688713.1987500001,0.04348673813842193,-0.00032812450938302096,dev,clean_long,1
0001104659-21-089093,0001372299,OCGN,2021-07-06,release_date_only,,2021-07-02T23:59,0,yes,text,0,yes,,,1,,False,False,801.0,2021-07-07,1447068290.8999999,35496564.88075,0.08993300837188138,0.05260729623425675,dev,clean_long,1
0001564590-21-035796,0001463361,UBX,2021-07-06,acceptance_time,updated_after_release,2021-07-06T07:11:07,3,yes,aact,2,unclear,2,yes,1,market cap outside $300M-$10B,False,False,801.0,2021-07-07,244654192.0,559669.0569999999,0.030982752182947097,0.007647532120982015,dev,spun_short,-1
0001385508-21-000090,0001385508,,2021-07-07,acceptance_time,,2021-07-06T16:03:58,0,yes,text,0,yes,,,0,"no ticker printed in the release (missing, or today's SEC ticker)",,,,,,,,,dev,no_trade,0
0001679363-21-000024,0001679363,MORF,2021-07-09,acceptance_time,,2021-07-09T08:08:55,0,yes,text,0,yes,,,1,,False,False,804.0,2021-07-12,2089931119.57,2895778.308,0.02396132599444537,0.04838967636745006,dev,clean_long,1
0001104659-21-091511,0001583771,HEPA,2021-07-13,acceptance_time,updated_after_release,2021-07-13T10:38:14,1,yes,aact,1,yes,1,yes,3,market cap outside $300M-$10B,False,False,806.0,2021-07-14,155118373.57500002,473435.817,0.03526725108042544,-0.13705313174688583,dev,clean_long,1
0001193125-21-214307,0001604950,SCPH,2021-07-14,acceptance_time,updated_after_release,2021-07-13T19:19:30,2,yes,aact,3,yes,2,yes,0,market cap outside $300M-$10B,False,False,807.0,2021-07-15,180819550.94,138951.57924999998,0.05376086244615394,-0.028502418730220747,dev,no_trade,0
0001171843-21-004940,0001061983,CYTK,2021-07-19,acceptance_time,updated_after_release,2021-07-19T07:30:27,1,yes,aact,2,no,1,yes,0,,False,False,810.0,2021-07-20,1378807108.4599998,3654906.8024999998,0.030849882462934998,0.40504114438149363,dev,clean_long,1
0001193125-21-221362,0001609809,MCRB,2021-07-22,acceptance_time,updated_after_release,2021-07-22T07:06:55,0,no,aact,0,no,0,no,0,,False,False,813.0,2021-07-23,1906667741.8899999,4346792.160499999,0.030976143350421877,-0.6004004976936933,dev,clean_short,-1
0001387131-21-007569,0001430306,TNXP,2021-07-26,acceptance_time,updated_after_release,2021-07-23T17:00:19,0,no,aact,0,no,0,no,1,,False,False,815.0,2021-07-27,320338116.2729,1322743.769035,0.03399415302985803,-0.26776966674414193,dev,clean_short,-1
0001714899-21-000066,0001714899,DNLI,2021-07-26,release_date_only,,2021-07-25T23:59,2,unclear,text,2,unclear,,,1,,False,False,815.0,2021-07-27,7744182219.0,9288550.205999998,0.020492675596516213,-0.1352708698426408,dev,no_trade,0
0001628280-21-014453,0001534120,CERC,2021-07-27,acceptance_time,updated_after_release,2021-07-26T16:36:33,3,unclear,"text, match rejected",3,unclear,2,yes,2,market cap outside $300M-$10B,False,False,816.0,2021-07-28,264457005.11,216937.68899999995,0.03138530271808063,0.0029969998054084623,dev,spun_short,-1
0000078003-21-000090,0000078003,PFE,2021-07-28,acceptance_time,updated_after_release,2021-07-28T12:04:28,2,unclear,"text, match rejected",2,unclear,0,unclear,0,market cap outside $300M-$10B,False,False,817.0,2021-07-29,235439004046.02002,77331804.0495,0.00687391915891006,-0.0008461455245076799,dev,no_trade,0
0001493152-21-017931,0001076682,PTE,2021-07-28,acceptance_time,updated_after_release,2021-07-28T08:00:43,0,yes,aact,0,yes,0,yes,0,market cap outside $300M-$10B,False,False,817.0,2021-07-29,65264427.9024,165236.88103000002,0.035208070499984014,0.028621271385290026,dev,clean_long,1
0001171843-21-005234,0001532346,BCEL,2021-07-29,acceptance_time,updated_after_release,2021-07-29T07:00:30,1,yes,aact,1,unclear,1,yes,0,no shares outstanding,False,False,,,,,,,dev,no_trade,0
0000950170-21-000607,0001653087,ALEC,2021-07-30,acceptance_time,updated_after_release,2021-07-29T16:01:13,3,yes,aact,3,unclear,3,yes,4,,False,False,819.0,2021-08-02,1919996792.84,20430698.941999994,0.14795102285912048,0.012896663596538405,dev,spun_short,-1
0001651308-21-000163,0001651308,BGNE,2021-07-30,release_date_only,updated_after_release,2021-07-29T23:59,0,yes,aact,0,yes,0,yes,0,market cap outside $300M-$10B,False,False,819.0,2021-08-02,373881559953.8,25262525.020499997,0.05251824926064668,0.028237009595340368,dev,clean_long,1
0001104659-21-099269,0001649989,OTLK,2021-08-03,acceptance_time,,2021-08-03T11:13:41,0,yes,text,0,yes,,,0,illiquid (Nasdaq 20-day dollar volume < $1.2M),False,False,821.0,2021-08-04,390613065.75,302902.22,0.04378801252076903,0.06465949820788541,dev,clean_long,1
0001214659-21-008132,0001293310,HGEN,2021-08-04,acceptance_time,unchanged_since_release,2021-08-04T06:04:14,3,yes,aact,3,yes,3,yes,1,,False,False,822.0,2021-08-05,937067577.16,3101427.716,0.02417111653491941,0.00945775535939486,dev,spun_short,-1
0001069530-21-000043,0001069530,FLNA,2021-08-04,acceptance_time,updated_after_release,2021-08-03T16:36:03,3,unclear,aact,3,unclear,3,unclear,1,"no ticker printed in the release (missing, or today's SEC ticker)",,,,,,,,,dev,no_trade,0
0001213900-21-040396,0001822791,CLNN,2021-08-05,acceptance_time,updated_after_release,2021-08-05T07:05:07,1,yes,aact,1,yes,1,yes,3,,False,False,823.0,2021-08-06,524254561.6,2309055.214,0.08852522659953983,0.024184149184149017,dev,clean_long,1
0001399529-21-000137,0001399529,DRNA,2021-08-06,release_date_only,updated_after_release,2021-08-05T23:59,0,yes,aact,0,yes,0,yes,0,,False,False,824.0,2021-08-09,2915283094.2799997,4571636.188750001,0.024829218350389606,-0.26465954105732814,dev,clean_long,1
0001213900-21-042410,0001721484,LGVN,2021-08-13,acceptance_time,,2021-08-13T13:46:54,2,no,text,2,no,,,1,no shares outstanding,False,False,,,,,,,dev,no_trade,0
0001104659-21-105111,0001034842,RIGL,2021-08-16,acceptance_time,updated_after_release,2021-08-13T16:16:09,2,yes,aact,1,yes,2,yes,0,,False,False,830.0,2021-08-17,635563138.32,1568748.2670000002,0.034287844310101546,0.002617079177632209,dev,spun_short,-1
0000886163-21-000123,0000886163,LGND,2021-08-17,acceptance_time,updated_after_release,2021-08-16T16:15:57,1,yes,aact,0,yes,1,yes,1,,False,False,831.0,2021-08-18,1788891587.6399999,3302376.1285000006,0.0166074738609462,-0.0163644859863884,dev,clean_long,1
0001438533-21-000036,0001438533,TVTX,2021-08-17,acceptance_time,updated_after_release,2021-08-16T16:18:21,1,yes,aact,0,yes,1,yes,1,,False,False,831.0,2021-08-18,1084408763.36,5667561.944999999,0.04254043481117009,0.08796529649778484,dev,clean_long,1
0001104659-21-107015,0001267813,MRNS,2021-08-18,acceptance_time,updated_after_release,2021-08-17T16:09:49,2,unclear,aact,2,unclear,2,unclear,2,illiquid (Nasdaq 20-day dollar volume < $1.2M),False,False,832.0,2021-08-19,442253701.4,559785.7115,0.033444203261713726,-0.029540559537815536,dev,no_trade,0
0001654954-21-009178,0001604191,AZRX,2021-08-18,acceptance_time,updated_after_release,2021-08-18T08:53:25,0,yes,aact,0,yes,1,yes,1,market cap outside $300M-$10B,False,True,832.0,2021-08-19,49167672.0984,176004.248435,0.05414780252631235,0.3142017208729546,dev,clean_long,1
0001104659-21-108565,0001583107,TBPH,2021-08-24,acceptance_time,updated_after_release,2021-08-23T16:10:40,0,no,aact,0,no,0,no,0,,False,False,836.0,2021-08-25,1041072039.67,1528507.6360000002,0.032108731148443974,-0.34870213109750636,dev,clean_short,-1
0001493152-21-021171,0001535955,LPCN,2021-08-25,acceptance_time,updated_after_release,2021-08-25T06:35:17,1,yes,aact,1,yes,1,yes,0,market cap outside $300M-$10B,False,False,837.0,2021-08-26,124931269.75,137315.7355,0.027952264465174164,-0.023996517321568045,dev,clean_long,1
0001493152-21-021295,0000908259,OTLC,2021-08-25,release_date_only,updated_after_release,2021-08-24T23:59,3,unclear,text,3,unclear,3,yes,0,no prices for the release's ticker,,,,,,,,,dev,no_trade,0
0001213900-21-045061,0001711754,INMB,2021-08-26,release_date_only,,2021-08-25T23:59,2,unclear,text,2,unclear,,,1,,False,False,838.0,2021-08-27,333714594.20000005,1276410.9324999999,0.059656364519118675,0.02403451935360912,dev,spun_short,-1
0001193125-21-261453,0001661460,PSTX,2021-08-31,acceptance_time,updated_after_release,2021-08-31T10:08:08,2,unclear,aact,2,unclear,2,unclear,2,illiquid (Nasdaq 20-day dollar volume < $1.2M),False,False,841.0,2021-09-01,667646373.87,320531.84775,0.04061840911315727,-0.20216518694989394,dev,no_trade,0
0001564590-21-046744,0001426800,ASMB,2021-09-02,acceptance_time,updated_after_release,2021-09-01T16:05:39,0,no,aact,0,unclear,0,no,1,market cap outside $300M-$10B,False,False,843.0,2021-09-03,175164417.055,596485.37275,0.02380978378314741,-0.1737631100494882,dev,clean_short,-1
0001213900-21-046524,0001711754,INMB,2021-09-02,release_date_only,,2021-09-01T23:59,2,unclear,text,2,unclear,,,0,,False,False,843.0,2021-09-03,422587128.04,1358558.7974999999,0.0469936225072271,-0.005287418280906397,dev,no_trade,0
0001193125-21-264493,0001419041,FBRX,2021-09-03,acceptance_time,updated_after_release,2021-09-02T16:05:50,0,no,aact,0,no,0,no,1,,False,False,844.0,2021-09-07,402097867.91999996,2030413.9284999997,0.043581294778026074,-0.8044783461941976,dev,clean_short,-1
0001104659-21-113182,0001621443,ZYNE,2021-09-07,acceptance_time,,2021-09-07T07:10:44,1,yes,text,1,yes,,,0,market cap outside $300M-$10B,False,False,845.0,2021-09-08,183156824.28000003,716853.961,0.04021171393172866,0.008298977796852847,dev,clean_long,1
0001193125-21-266016,0001746473,PLRX,2021-09-07,acceptance_time,updated_after_release,2021-09-07T07:31:56,1,yes,aact,0,yes,0,yes,0,illiquid (Nasdaq 20-day dollar volume < $1.2M),False,False,845.0,2021-09-08,692883425.36,408893.8947499999,0.03424548394719071,0.0012898940242836998,dev,clean_long,1
0001125345-21-000103,0001125345,MGNX,2021-09-08,release_date_only,updated_after_release,2021-09-07T23:59,2,no,aact,1,no,1,no,4,,False,False,846.0,2021-09-09,1330305659.76,2739230.3585000006,0.032573071693257155,-0.02049220174034516,dev,no_trade,0
0001640334-21-002131,0001348362,LEXX,2021-09-08,release_date_only,,2021-09-07T23:59,3,unclear,text,3,unclear,,,1,market cap outside $300M-$10B,False,False,846.0,2021-09-09,35730324.0,220665.8555,0.03622887203466107,-0.04777745667833333,dev,no_trade,0
0000950170-21-001704,0001832168,LBPH,2021-09-08,acceptance_time,,2021-09-08T07:25:55,0,yes,text,0,yes,,,1,market cap outside $300M-$10B,False,False,846.0,2021-09-09,177145951.5,86329.4705,0.030337509342987904,-0.009099128204086426,dev,clean_long,1
0001847903-21-000013,0001847903,CNTA,2021-09-09,acceptance_time,updated_after_release,2021-09-09T07:34:09,1,yes,aact,1,yes,1,yes,2,illiquid (Nasdaq 20-day dollar volume < $1.2M),False,False,847.0,2021-09-10,1886089810.6200001,145782.7665,0.027286072848759106,0.055466529698386724,dev,clean_long,1
0001628280-21-018216,0001213037,CRDF,2021-09-09,acceptance_time,updated_after_release,2021-09-08T16:00:55,1,yes,aact,2,unclear,2,unclear,2,market cap outside $300M-$10B,False,False,847.0,2021-09-10,278842509.45,958661.3389999999,0.04108229452867733,-0.013577950353537038,dev,clean_long,1
0001193125-21-268814,0001492422,APLS,2021-09-10,acceptance_time,,2021-09-09T16:10:03,2,no,text,2,no,,,0,,False,False,848.0,2021-09-13,4839992744.55,15538422.7885,0.03731534656910113,-0.36347686905626686,dev,no_trade,0
0001485003-21-000188,0001485003,,2021-09-10,acceptance_time,updated_after_release,2021-09-10T12:30:52,0,yes,aact,0,yes,0,yes,0,"no ticker printed in the release (missing, or today's SEC ticker)",,,,,,,,,dev,no_trade,0
0001193125-21-269499,0001604950,SCPH,2021-09-10,acceptance_time,updated_after_release,2021-09-10T08:12:01,2,yes,aact,3,unclear,2,yes,0,market cap outside $300M-$10B,False,False,848.0,2021-09-13,168236042.10000002,55426.698999999986,0.03414724127993917,-0.013959953430522476,dev,no_trade,0
0001558370-21-012408,0001621227,ADAP,2021-09-13,acceptance_time,,2021-09-13T07:08:04,2,unclear,text,2,unclear,,,1,,False,False,849.0,2021-09-14,5853316837.5,2684905.0835,0.07518584713277522,-0.060893045854843564,dev,no_trade,0
0001193125-21-270939,0001668243,URGN,2021-09-13,acceptance_time,updated_after_release,2021-09-13T08:15:40,0,yes,aact,0,yes,0,yes,2,illiquid (Nasdaq 20-day dollar volume < $1.2M),False,False,849.0,2021-09-14,357584737.77,417463.38399999996,0.03569154829200285,-0.009051644979296447,dev,clean_long,1
0001104659-21-114863,0001509745,LPTX,2021-09-13,acceptance_time,updated_after_release,2021-09-13T07:00:53,1,yes,aact,2,unclear,2,unclear,0,market cap outside $300M-$10B,False,False,849.0,2021-09-14,87121140.44,241504.39800000004,0.03085243391809198,0.21703572126844406,dev,clean_long,1
0001493152-21-022490,0001582554,MTNB,2021-09-13,acceptance_time,updated_after_release,2021-09-13T06:05:42,0,yes,aact,0,yes,0,yes,1,market cap outside $300M-$10B,False,False,849.0,2021-09-14,176238285.0354,38667.45995499999,0.036123873529943736,0.2962873123759352,dev,clean_long,1
0001564590-21-047679,0001339970,LIFE,2021-09-13,acceptance_time,updated_after_release,2021-09-13T08:30:49,2,yes,aact,1,yes,1,yes,4,market cap outside $300M-$10B,False,False,849.0,2021-09-14,92382501.12,117867.46799999996,0.027130193823029555,0.6805311299693323,dev,spun_short,-1
0001171843-21-006439,0001061983,CYTK,2021-09-13,release_date_only,updated_after_release,2021-09-12T23:59,1,yes,aact,0,yes,1,yes,2,,False,False,849.0,2021-09-14,2466964271.7999997,6234594.676,0.0258760058408611,0.06953430688720108,dev,clean_long,1
0001493152-21-022435,0001535955,LPCN,2021-09-13,acceptance_time,,2021-09-10T17:01:04,0,unclear,text,0,unclear,,,0,market cap outside $300M-$10B,False,False,849.0,2021-09-14,106831686.5,160213.02675000002,0.023735384100665488,-0.028350897094512995,dev,no_trade,0
0001558370-21-012513,0001411906,AMPE,2021-09-15,acceptance_time,updated_after_release,2021-09-15T09:25:31,3,no,aact,3,no,3,no,0,market cap outside $300M-$10B,False,False,851.0,2021-09-16,292668617.21999997,86794.69475,0.04478419587829887,0.1606168364178695,dev,spun_short,-1
0001104659-21-115681,0001583107,TBPH,2021-09-15,acceptance_time,updated_after_release,2021-09-15T07:19:21,0,no,aact,0,no,0,no,0,,False,False,851.0,2021-09-16,590700014.04,2940155.5719999997,0.08451461799623726,-0.1710638014884891,dev,clean_short,-1
0001193125-21-273957,0001337553,AERI,2021-09-16,acceptance_time,updated_after_release,2021-09-15T16:06:25,3,no,aact,3,no,3,no,0,,False,False,852.0,2021-09-17,741568242.1999999,1808146.1005000002,0.03373436658564799,-0.21807653275014482,dev,no_trade,0
0001564590-21-048031,0001658247,,2021-09-16,acceptance_time,,2021-09-15T16:05:54,0,unclear,text,0,unclear,,,0,"no ticker printed in the release (missing, or today's SEC ticker)",,,,,,,,,dev,no_trade,0
0001789769-21-000061,0001789769,TIL,2021-09-16,acceptance_time,,2021-09-16T07:11:08,2,unclear,text,2,unclear,,,1,illiquid (Nasdaq 20-day dollar volume < $1.2M),False,False,852.0,2021-09-17,2479953673.98,683351.0645,0.057503213362756496,-0.03937012826839681,dev,no_trade,0
0001193125-21-274730,0001797336,AYLA,2021-09-16,acceptance_time,updated_after_release,2021-09-16T09:01:02,2,no,aact,2,unclear,2,no,0,market cap outside $300M-$10B,False,False,852.0,2021-09-17,186525316.89000002,111544.41425,0.03801976422691443,-0.14073401043906275,dev,no_trade,0
0001213900-21-048457,0001822791,CLNN,2021-09-17,acceptance_time,updated_after_release,2021-09-17T07:06:03,1,yes,aact,2,yes,2,yes,2,illiquid (Nasdaq 20-day dollar volume < $1.2M),False,False,853.0,2021-09-20,472258936.32,226834.93049999996,0.0327665367936804,0.038116289614356536,dev,clean_long,1
0001193125-21-275702,0001750019,TCRR,2021-09-17,acceptance_time,updated_after_release,2021-09-17T09:08:41,2,unclear,aact,1,yes,1,yes,1,,False,False,853.0,2021-09-20,599088147.6899999,1805845.898,0.04199285149950922,-0.3792225806851973,dev,no_trade,0
0001193125-21-275594,0001654151,DCPH,2021-09-17,acceptance_time,updated_after_release,2021-09-17T07:07:59,2,unclear,aact,2,unclear,2,unclear,2,,False,False,853.0,2021-09-20,1844556009.8,2461313.5345,0.02777117195462993,0.02087372353506134,dev,spun_short,-1
0001193125-21-275108,0001403752,ZYME,2021-09-17,acceptance_time,,2021-09-16T16:05:57,2,unclear,text,2,unclear,,,1,,False,False,853.0,2021-09-20,1672669387.74,1622739.2162499998,0.02973426372813461,-0.027802491583646782,dev,no_trade,0
0001125345-21-000105,0001125345,MGNX,2021-09-17,acceptance_time,updated_after_release,2021-09-16T16:05:50,1,unclear,aact,1,yes,1,yes,1,,False,False,853.0,2021-09-20,1282641975.12,5411112.296499999,0.06958364432555728,-0.039915660123613805,dev,no_trade,0
0001193125-21-276775,0001576263,MRTX,2021-09-20,release_date_only,updated_after_release,2021-09-19T23:59,1,yes,aact,1,unclear,1,yes,0,,False,False,854.0,2021-09-21,8985532973.58,19099731.938,0.029496832699925365,0.052816184626874985,dev,clean_long,1
0001193125-21-277767,0001623526,STOK,2021-09-21,acceptance_time,updated_after_release,2021-09-21T07:06:02,0,unclear,aact,0,unclear,2,unclear,0,"no ticker printed in the release (missing, or today's SEC ticker)",,,,,,,,,dev,no_trade,0
0001104659-21-118122,0001130598,ONTX,2021-09-22,acceptance_time,updated_after_release,2021-09-22T08:05:39,2,unclear,aact,2,unclear,2,unclear,2,market cap outside $300M-$10B,False,False,856.0,2021-09-23,77484906.4,284280.608,0.02903064233789249,0.2807160500273831,dev,spun_short,-1
0001104659-21-118297,0001279704,CLRB,2021-09-23,acceptance_time,,2021-09-22T16:01:36,1,unclear,text,1,unclear,,,1,market cap outside $300M-$10B,False,False,857.0,2021-09-24,59274336.2064,55706.82561,0.03140750935253164,-0.014144406496787054,dev,no_trade,0
0001104659-21-118726,0001509261,RZLT,2021-09-23,release_date_only,,2021-09-22T23:59,0,unclear,text,0,unclear,,,1,market cap outside $300M-$10B,False,False,857.0,2021-09-24,69564788.04,44455.994999999995,0.042260753781348505,0.02035452161484108,dev,no_trade,0
0001104659-21-119139,0001133869,CAPR,2021-09-24,acceptance_time,updated_after_release,2021-09-24T11:31:00,1,yes,aact,0,yes,0,yes,0,market cap outside $300M-$10B,False,False,858.0,2021-09-27,115110775.0,188807.166,0.05445753999100819,0.05858602554470316,dev,clean_long,1
0001193125-21-283009,0001783183,PHAT,2021-09-27,acceptance_time,updated_after_release,2021-09-27T08:08:04,0,yes,aact,0,yes,0,yes,0,illiquid (Nasdaq 20-day dollar volume < $1.2M),False,False,859.0,2021-09-28,998703410.25,644318.5464999999,0.02321671467753084,0.023037423716860905,dev,clean_long,1
0001193125-21-284839,0001326190,ALT,2021-09-28,acceptance_time,updated_after_release,2021-09-28T07:10:57,0,yes,"text, match rejected",0,yes,1,yes,2,,False,False,860.0,2021-09-29,603132377.96,4389226.159,0.03194509140121137,0.004954478550940222,dev,clean_long,1
0001193125-21-284427,0001694665,,2021-09-28,acceptance_time,updated_after_release,2021-09-27T18:55:42,4,unclear,aact,4,unclear,4,unclear,0,"no ticker printed in the release (missing, or today's SEC ticker)",,,,,,,,,dev,no_trade,0
0001213900-21-050445,0001721484,LGVN,2021-09-29,acceptance_time,,2021-09-29T09:31:35,1,yes,text,1,yes,,,1,"no ticker printed in the release (missing, or today's SEC ticker)",,,,,,,,,dev,no_trade,0
0001558370-21-012862,0001650664,EDIT,2021-09-29,acceptance_time,updated_after_release,2021-09-29T09:05:48,1,yes,aact,2,unclear,1,yes,2,,False,False,861.0,2021-09-30,3580302824.75,21449107.024,0.047253763931411924,-0.1727670293578072,dev,clean_long,1
0001193125-21-289652,0001590877,RGNX,2021-10-01,acceptance_time,updated_after_release,2021-10-01T15:51:56,2,no,aact,2,unclear,2,unclear,1,,False,False,863.0,2021-10-04,1785814133.76,5907425.242500002,0.07356928070387483,-0.04317588843665854,dev,no_trade,0
0001370053-21-000060,0001370053,ANAB,2021-10-04,release_date_only,updated_after_release,2021-10-02T23:59,0,yes,aact,0,yes,0,yes,0,illiquid (Nasdaq 20-day dollar volume < $1.2M),False,False,864.0,2021-10-05,760727045.07,1020825.4815,0.023977460529296973,0.01030784122317463,dev,clean_long,1
0001564590-21-049880,0001582313,XENE,2021-10-04,acceptance_time,updated_after_release,2021-10-04T07:03:30,0,yes,aact,0,yes,0,yes,2,illiquid (Nasdaq 20-day dollar volume < $1.2M),False,False,864.0,2021-10-05,641126028.56,915650.7787499999,0.038552717178501984,1.0445373895549648,dev,clean_long,1
0001104659-21-122817,0001477845,ANVS,2021-10-05,acceptance_time,,2021-10-05T08:16:43,3,unclear,text,3,unclear,,,0,market cap outside $300M-$10B,False,False,865.0,2021-10-06,248849510.39999998,563699.7905000001,0.05100924295558132,-0.14371041734329326,dev,no_trade,0
0000819050-21-000145,0000819050,BBI,2021-10-07,acceptance_time,,2021-10-07T06:56:39,0,yes,text,0,yes,,,1,market cap outside $300M-$10B,False,False,867.0,2021-10-08,56781517.6005,62051.986164999995,0.02693988301753493,-0.06444688001866228,dev,clean_long,1
0001558370-21-013053,0001504167,TMBR,2021-10-07,acceptance_time,updated_after_release,2021-10-07T08:59:41,2,unclear,aact,2,unclear,2,unclear,4,market cap outside $300M-$10B,False,False,867.0,2021-10-08,30291897.7155,16842.461665,0.022902086364323573,-0.0629837275620877,dev,no_trade,0
0001193125-21-293715,0001538927,FMTX,2021-10-07,acceptance_time,updated_after_release,2021-10-07T07:32:03,1,yes,aact,1,unclear,1,unclear,1,,False,False,867.0,2021-10-08,1114590526.56,2356572.3625,0.036911895311265645,-0.14352909165956007,dev,clean_long,1
0001193125-21-294713,0001812364,RLAY,2021-10-08,acceptance_time,updated_after_release,2021-10-08T06:07:39,1,unclear,aact,2,unclear,1,unclear,0,,False,False,868.0,2021-10-11,2409145571.0299997,5247309.266999999,0.04836075793435677,0.08625709597703013,dev,no_trade,0
0001193125-21-295398,0001808158,RPTX,2021-10-08,acceptance_time,updated_after_release,2021-10-08T15:26:01,1,yes,aact,1,unclear,1,yes,1,illiquid (Nasdaq 20-day dollar volume < $1.2M),False,False,868.0,2021-10-11,810635629.4399999,1175274.009,0.0397896012353071,-0.06049648070151781,dev,clean_long,1
0000950170-21-002075,0001738021,CMPX,2021-10-08,acceptance_time,,2021-10-08T12:01:22,2,unclear,text,2,unclear,,,0,"no trade on previous day, reaction day or entry day",,,,,,,,,dev,no_trade,0
0000950170-21-002070,0001595893,TPTX,2021-10-08,acceptance_time,updated_after_release,2021-10-08T08:35:57,1,unclear,aact,1,unclear,2,unclear,0,,False,False,868.0,2021-10-11,2296976339.34,7271974.3445,0.05538343086588871,0.030465910674940977,dev,no_trade,0
0001193125-21-294159,0001796280,ORIC,2021-10-08,acceptance_time,updated_after_release,2021-10-07T16:06:03,2,unclear,aact,2,unclear,2,yes,0,,False,False,868.0,2021-10-11,482821184.08,1458066.673,0.08237826232861331,0.262105862666298,dev,spun_short,-1
0001104659-21-124173,0001761612,BCYC,2021-10-08,acceptance_time,,2021-10-07T16:14:57,2,unclear,text,2,unclear,,,0,,False,False,868.0,2021-10-11,1255058150.4,3803846.1004999997,0.05509989313580484,0.06900186647975604,dev,spun_short,-1
0001193125-21-297865,0001650648,FDMT,2021-10-11,release_date_only,updated_after_release,2021-10-10T23:59,2,unclear,aact,2,unclear,2,yes,0,illiquid (Nasdaq 20-day dollar volume < $1.2M),False,False,869.0,2021-10-12,616141861.65,1187482.256,0.03975299136444901,0.13631262231195684,dev,spun_short,-1
0001193125-21-296282,0001337553,AERI,2021-10-12,acceptance_time,updated_after_release,2021-10-12T06:36:03,0,yes,aact,0,yes,0,yes,0,,False,False,870.0,2021-10-13,615926743.8399999,3027048.892,0.06048661398443479,0.011630075497421233,dev,clean_long,1
0001739614-21-000096,0001739614,INBX,2021-10-12,acceptance_time,updated_after_release,2021-10-12T07:50:43,1,yes,aact,1,unclear,1,yes,1,illiquid (Nasdaq 20-day dollar volume < $1.2M),False,False,870.0,2021-10-13,1048477284.6800001,1015759.2835000001,0.031093484733838505,0.20581781841848246,dev,clean_long,1
0001193125-21-296954,0001674416,CRSP,2021-10-13,acceptance_time,updated_after_release,2021-10-12T16:46:22,1,yes,aact,1,yes,1,yes,1,,False,False,871.0,2021-10-14,7817479569.150001,29871345.540999997,0.03343469000320421,-0.059343136296041266,dev,clean_long,1
0001493152-21-025269,0000764195,VBIV,2021-10-13,acceptance_time,,2021-10-13T08:00:47,0,yes,text,0,yes,,,0,illiquid (Nasdaq 20-day dollar volume < $1.2M),False,False,871.0,2021-10-14,778265356.64,1160962.3180000002,0.029383113895696363,0.003771535801885495,dev,clean_long,1
0001193125-21-300580,0001664106,LOGC,2021-10-18,acceptance_time,,2021-10-18T08:02:05,1,unclear,text,1,unclear,,,0,market cap outside $300M-$10B,False,False,874.0,2021-10-19,128960940.0,60666.25049999999,0.049582631680575986,0.018046850015989713,dev,no_trade,0
0001437749-21-023789,0001659617,MBRX,2021-10-18,acceptance_time,updated_after_release,2021-10-18T08:25:27,2,yes,aact,2,unclear,2,unclear,1,market cap outside $300M-$10B,False,False,874.0,2021-10-19,77376497.23,56712.2505,0.027367863673354663,0.009476739314882687,dev,spun_short,-1
0001140361-21-034722,0000874015,IONS,2021-10-18,release_date_only,updated_after_release,2021-10-17T23:59,3,no,aact,3,no,3,no,2,,False,False,874.0,2021-10-19,4954284199.8,7057841.7245000005,0.019896755639055873,-0.11762978816064851,dev,no_trade,0
0001193125-21-301523,0001563577,GRTX,2021-10-19,acceptance_time,updated_after_release,2021-10-19T07:05:34,2,no,aact,2,no,2,no,0,market cap outside $300M-$10B,False,False,875.0,2021-10-20,193787395.2,96139.8115,0.04150425607653596,-0.7038359217656535,dev,no_trade,0
0001193125-21-301641,0001704292,ZLAB,2021-10-19,acceptance_time,,2021-10-19T09:21:03,0,yes,text,0,yes,,,2,,False,False,875.0,2021-10-20,8786588578.74,17461359.210499994,0.02535222812516296,0.010408638732471998,dev,clean_long,1
0001104659-21-127378,0001724344,ETTX,2021-10-19,release_date_only,,2021-10-18T23:59,0,yes,text,0,yes,,,2,market cap outside $300M-$10B,False,False,875.0,2021-10-20,146661787.4,116781.76574999999,0.0358625998355848,0.033590016351528806,dev,clean_long,1
0001193125-21-303048,0001704292,ZLAB,2021-10-21,acceptance_time,,2021-10-20T16:06:58,1,yes,text,1,yes,,,2,,False,False,877.0,2021-10-22,8834428443.96,15884981.3155,0.025418036196699054,-0.0059753713122687735,dev,clean_long,1
0001636050-21-000082,0001636050,SIOX,2021-10-21,acceptance_time,updated_after_release,2021-10-21T06:02:36,1,yes,aact,2,unclear,1,yes,2,market cap outside $300M-$10B,False,False,877.0,2021-10-22,156459532.51500002,283375.001,0.037993499460072744,0.09495969442424079,dev,clean_long,1
0001564590-21-051434,0001634379,MTCR,2021-10-22,acceptance_time,updated_after_release,2021-10-21T16:06:59,2,unclear,aact,2,unclear,2,yes,1,market cap outside $300M-$10B,False,False,878.0,2021-10-25,100532126.33,156823.35700000002,0.05914306309188615,-0.5749804788521076,dev,no_trade,0
0001628280-21-020411,0001398733,AQST,2021-10-25,acceptance_time,,2021-10-25T08:31:07,1,yes,text,1,yes,,,1,market cap outside $300M-$10B,False,False,879.0,2021-10-26,168378393.45,292850.09050000005,0.03236870526043688,0.07747532534951129,dev,clean_long,1
0001193125-21-307156,0001650648,FDMT,2021-10-26,release_date_only,updated_after_release,2021-10-25T23:59,1,yes,aact,1,yes,1,yes,0,illiquid (Nasdaq 20-day dollar volume < $1.2M),False,False,880.0,2021-10-27,886294294.2,1165475.8854999999,0.05622283380649609,-0.002459367923048017,dev,clean_long,1
0001193125-21-308787,0001815442,KYMR,2021-10-27,acceptance_time,updated_after_release,2021-10-27T09:02:06,1,yes,aact,0,unclear,0,yes,0,,False,False,881.0,2021-10-28,2876093687.9500003,4411251.641000001,0.038308134154997946,0.017915178634021145,dev,clean_long,1
0001193125-21-308663,0001549595,NRIX,2021-10-27,acceptance_time,updated_after_release,2021-10-27T07:01:03,2,unclear,aact,2,unclear,1,unclear,0,"no ticker printed in the release (missing, or today's SEC ticker)",,,,,,,,,dev,no_trade,0
0001157523-21-001266,0001710072,EWTX,2021-10-28,acceptance_time,updated_after_release,2021-10-28T06:02:32,1,yes,aact,0,yes,1,yes,1,illiquid (Nasdaq 20-day dollar volume < $1.2M),False,False,882.0,2021-10-29,790655019.75,318370.05449999997,0.04037710086328884,-0.03403744896608751,dev,clean_long,1
0001493152-21-026815,0001535955,LPCN,2021-11-01,acceptance_time,updated_after_release,2021-11-01T08:00:31,1,yes,aact,1,yes,1,yes,1,"no ticker printed in the release (missing, or today's SEC ticker)",,,,,,,,,dev,no_trade,0
0001193125-21-316254,0001341235,ALDX,2021-11-02,acceptance_time,updated_after_release,2021-11-02T08:14:57,1,yes,"text, match rejected",1,yes,1,yes,0,illiquid (Nasdaq 20-day dollar volume < $1.2M),False,False,885.0,2021-11-03,536771050.2,1017616.2280000001,0.03322161941830287,-0.06058701365532693,dev,clean_long,1
0001564590-21-053313,0001634379,MTCR,2021-11-02,acceptance_time,unchanged_since_release,2021-11-02T08:06:16,2,yes,aact,1,yes,2,yes,1,market cap outside $300M-$10B,False,False,885.0,2021-11-03,37666390.339999996,428498.2905,0.1333389927894255,-0.05522148716303976,dev,no_trade,0
0001213900-21-055968,0001822791,CLNN,2021-11-02,acceptance_time,updated_after_release,2021-11-02T07:04:45,3,no,aact,3,no,3,no,3,illiquid (Nasdaq 20-day dollar volume < $1.2M),False,False,885.0,2021-11-03,337591349.01,208852.239,0.03335754481305893,-0.14047251977034136,dev,no_trade,0
0001169245-21-000100,0001169245,PHAS,2021-11-03,acceptance_time,updated_after_release,2021-11-03T08:04:44,0,yes,aact,0,yes,0,yes,2,market cap outside $300M-$10B,False,False,886.0,2021-11-04,193611206.49,438285.41500000004,0.03269061116812888,-0.07195500332887783,dev,clean_long,1
0000950103-21-017355,0001356090,PGEN,2021-11-04,acceptance_time,,2021-11-04T09:29:20,2,unclear,text,2,unclear,,,2,illiquid (Nasdaq 20-day dollar volume < $1.2M),False,False,887.0,2021-11-05,1136538854.0,1101594.2765,0.03302857814101131,-0.036018864856074195,dev,no_trade,0
0001193125-21-320821,0001496671,CALA,2021-11-05,acceptance_time,updated_after_release,2021-11-05T06:10:05,0,no,aact,0,no,0,no,0,market cap outside $300M-$10B,False,False,888.0,2021-11-08,140817358.1,154386.78975,0.020978955811662054,-0.5318328238425872,dev,clean_short,-1
0001193125-21-320116,0001827506,,2021-11-05,acceptance_time,updated_after_release,2021-11-04T16:02:06,1,unclear,aact,2,unclear,1,unclear,0,"no ticker printed in the release (missing, or today's SEC ticker)",,,,,,,,,dev,no_trade,0
0001193125-21-320901,0001654151,DCPH,2021-11-05,acceptance_time,,2021-11-05T07:10:10,0,no,text,0,no,,,2,,False,False,888.0,2021-11-08,2105310132.0,3746136.9410000006,0.025884473723683916,-0.7402392565911252,dev,clean_short,-1
0001193125-21-322360,0001453687,SELB,2021-11-08,acceptance_time,,2021-11-08T08:06:03,1,unclear,text,1,unclear,,,0,illiquid (Nasdaq 20-day dollar volume < $1.2M),False,False,889.0,2021-11-09,454563203.40000004,725906.60475,0.040881826787577714,0.0038644558542737517,dev,no_trade,0
0001437749-21-025788,0001513818,ARAV,2021-11-09,acceptance_time,updated_after_release,2021-11-09T08:29:00,2,unclear,aact,1,unclear,1,unclear,0,market cap outside $300M-$10B,False,False,890.0,2021-11-10,87669225.82,42698.9135,0.024695904123278472,-0.021937738542358143,dev,no_trade,0
0000950170-21-003784,0001831363,TERN,2021-11-10,acceptance_time,,2021-11-09T16:49:29,1,yes,text,1,yes,,,2,market cap outside $300M-$10B,False,False,891.0,2021-11-11,233463394.76999998,166855.952,0.039820829155018514,-0.00371943046032841,dev,clean_long,1
0001171843-21-007826,0001447028,ABUS,2021-11-11,release_date_only,,2021-11-10T23:59,1,unclear,text,1,unclear,,,2,,False,False,892.0,2021-11-12,472089672.03000003,1586892.9632500003,0.026695863847212148,-0.003261400488813071,dev,no_trade,0
0001104659-21-137731,0001477845,ANVS,2021-11-12,acceptance_time,,2021-11-12T10:32:29,2,yes,text,2,yes,,,1,market cap outside $300M-$10B,False,False,893.0,2021-11-15,265374673.2,706058.083,0.07348871909853323,-0.08935460045009491,dev,no_trade,0
0001558370-21-015611,0001621227,ADAP,2021-11-12,release_date_only,updated_after_release,2021-11-11T23:59,1,yes,aact,0,yes,1,yes,3,illiquid (Nasdaq 20-day dollar volume < $1.2M),False,False,893.0,2021-11-15,4395582248.400001,720276.5135,0.037059302321851284,-0.029618938102492498,dev,clean_long,1
0001193125-21-328180,0001590877,RGNX,2021-11-15,acceptance_time,,2021-11-12T16:38:37,2,unclear,text,2,unclear,,,1,,False,False,894.0,2021-11-16,1614109909.92,2832395.5015000002,0.01992660221850238,-0.13883377475596947,dev,no_trade,0
0001370053-21-000072,0001370053,ANAB,2021-11-15,acceptance_time,,2021-11-15T09:05:10,0,unclear,text,0,unclear,,,0,,False,False,894.0,2021-11-16,899509049.4000001,1629495.5360000003,0.042850491284577186,0.004429888259447345,dev,no_trade,0
0001104659-21-139169,0001661059,NXTC,2021-11-15,release_date_only,unchanged_since_release,2021-11-13T23:59,2,unclear,aact,2,unclear,2,unclear,0,market cap outside $300M-$10B,False,False,894.0,2021-11-16,177360377.34,619872.612,0.04827883146933891,-0.01799716024150988,dev,no_trade,0
0001493152-21-028861,0000908259,OTLC,2021-11-16,acceptance_time,updated_after_release,2021-11-16T08:20:12,2,yes,aact,2,unclear,2,yes,0,no prices for the release's ticker,,,,,,,,,dev,no_trade,0
0001193125-21-331873,0001659352,CDAK,2021-11-17,release_date_only,updated_after_release,2021-11-16T23:59,1,yes,aact,1,unclear,1,yes,0,illiquid (Nasdaq 20-day dollar volume < $1.2M),False,False,896.0,2021-11-18,319159281.03999996,213196.304,0.047359484145518944,0.019073920126978172,dev,clean_long,1
0001104659-21-139939,0001279704,CLRB,2021-11-17,acceptance_time,,2021-11-16T16:07:12,3,unclear,text,3,unclear,,,1,market cap outside $300M-$10B,False,False,896.0,2021-11-18,48942112.464,38981.351345,0.033280018555998714,0.061456121072362646,dev,spun_short,-1
0001104659-21-140321,0001035354,ELOX,2021-11-17,acceptance_time,updated_after_release,2021-11-17T07:41:59,2,unclear,aact,2,unclear,1,yes,2,market cap outside $300M-$10B,False,False,896.0,2021-11-18,101777790.69999999,68353.683,0.0326083744100237,-0.25163979716543317,dev,no_trade,0
0001564590-21-057537,0001748907,ORTX,2021-11-18,acceptance_time,,2021-11-18T07:05:24,0,yes,text,0,yes,,,1,market cap outside $300M-$10B,False,False,897.0,2021-11-19,185738417.88,241578.4535,0.04668486166597646,-0.021740325115680914,dev,clean_long,1
0001654954-21-012446,0001853816,DRMA,2021-11-19,acceptance_time,,2021-11-19T09:06:21,2,unclear,text,2,unclear,,,1,market cap outside $300M-$10B,False,False,898.0,2021-11-22,39144556.300000004,429985.342,0.05553420113957886,-0.2935369948330754,dev,no_trade,0
0001564590-21-057958,0001671584,APVO,2021-11-23,acceptance_time,updated_after_release,2021-11-23T08:18:37,2,unclear,aact,2,unclear,2,unclear,2,market cap outside $300M-$10B,False,False,900.0,2021-11-24,31788240.66,434397.3839999999,0.08227354528126188,1.6187733756221645,dev,spun_short,-1
0001140361-21-039298,0000874015,IONS,2021-11-24,acceptance_time,,2021-11-24T09:29:14,0,yes,text,0,yes,,,1,,False,False,901.0,2021-11-26,4282899754.95,8040066.858500001,0.02416467164271289,-0.02481192341729943,dev,clean_long,1
0001493152-21-029741,0000908259,OTLC,2021-11-24,release_date_only,,2021-11-23T23:59,2,yes,text,2,yes,,,1,no prices for the release's ticker,,,,,,,,,dev,no_trade,0
0001628280-21-024142,0001741830,KRON,2021-11-29,acceptance_time,updated_after_release,2021-11-29T08:02:08,1,unclear,aact,1,unclear,1,unclear,0,illiquid (Nasdaq 20-day dollar volume < $1.2M),False,False,903.0,2021-11-30,692508144.9399999,966633.6295,0.03773345452967319,-0.04570250504660456,dev,no_trade,0
0001104659-21-144687,0000855654,IMGN,2021-11-30,acceptance_time,updated_after_release,2021-11-30T06:37:44,0,yes,aact,0,yes,0,yes,3,,False,False,904.0,2021-12-01,962442568.0,1983045.4017500002,0.0344520250590787,0.2898816327090872,dev,clean_long,1
0001193125-21-342256,0001711279,KRYS,2021-11-30,acceptance_time,updated_after_release,2021-11-29T16:06:07,0,yes,aact,0,yes,0,yes,0,,False,False,904.0,2021-12-01,1962279708.1599998,8049732.219999999,0.27945812211231214,-0.0995662844546289,dev,clean_long,1
0001193125-21-342891,0001262104,MEIP,2021-11-30,acceptance_time,updated_after_release,2021-11-30T07:13:55,0,yes,aact,0,yes,0,yes,0,market cap outside $300M-$10B,False,False,904.0,2021-12-01,276166969.40000004,396781.57425,0.03790479352164455,0.3929106337832011,dev,clean_long,1
0001171843-21-008240,0001447028,ABUS,2021-12-01,acceptance_time,updated_after_release,2021-12-01T12:50:43,1,yes,aact,1,unclear,1,yes,0,illiquid (Nasdaq 20-day dollar volume < $1.2M),False,False,905.0,2021-12-02,432861590.40000004,1192485.486,0.029498905340270262,0.4775505899926923,dev,clean_long,1
0001171843-21-008273,0001444192,ACST,2021-12-02,acceptance_time,updated_after_release,2021-12-02T07:17:04,0,yes,text,0,yes,0,yes,2,market cap outside $300M-$10B,False,False,906.0,2021-12-03,55803110.58,83008.613,0.031293875288755976,0.0005993827632819748,dev,clean_long,1
0001193125-21-347835,0001623526,STOK,2021-12-06,acceptance_time,updated_after_release,2021-12-03T16:05:48,2,yes,aact,2,unclear,2,yes,2,,False,False,908.0,2021-12-07,748328797.62,1398123.4425000001,0.05682664479744324,-0.014004796473105485,dev,no_trade,0
0001564590-21-059372,0001636282,AGLE,2021-12-06,acceptance_time,updated_after_release,2021-12-06T06:30:40,1,yes,aact,1,yes,1,yes,2,market cap outside $300M-$10B,False,False,908.0,2021-12-07,296412947.58,246125.41399999993,0.03320833597477044,-0.36678703256928735,dev,clean_long,1
0001564590-21-059379,0001641281,BOLT,2021-12-06,acceptance_time,updated_after_release,2021-12-06T08:56:19,1,unclear,aact,1,unclear,1,unclear,2,illiquid (Nasdaq 20-day dollar volume < $1.2M),False,False,908.0,2021-12-07,391488825.0,657404.546,0.04744887296990744,-0.5578733173327768,dev,no_trade,0
0001193125-21-348354,0001680581,FULC,2021-12-06,acceptance_time,updated_after_release,2021-12-06T07:17:59,2,yes,aact,2,unclear,2,yes,1,,False,False,908.0,2021-12-07,568493937.66,2185122.39275,0.034430921702801494,0.026373676757298625,dev,spun_short,-1
0001718108-21-000036,0001718108,SURF,2021-12-06,acceptance_time,updated_after_release,2021-12-06T09:27:48,1,yes,aact,1,unclear,1,yes,1,market cap outside $300M-$10B,False,False,908.0,2021-12-07,241287331.35000002,878147.4959999999,0.02530189603767719,-0.021762964970034382,dev,clean_long,1
0000950170-21-005044,0001720580,ACET,2021-12-06,acceptance_time,,2021-12-06T07:55:54,2,unclear,text,2,unclear,,,0,illiquid (Nasdaq 20-day dollar volume < $1.2M),False,False,908.0,2021-12-07,313163410.0,196607.50050000002,0.036298243025446444,0.39212668266722317,dev,spun_short,-1
0001193125-21-349137,0001070494,ACAD,2021-12-07,acceptance_time,updated_after_release,2021-12-06T17:16:05,0,yes,aact,0,yes,0,yes,1,,False,False,909.0,2021-12-08,3115450717.98,5225380.637999999,0.03960218730237893,0.04995216680602299,dev,clean_long,1
0001558370-21-016575,0001735438,MGTX,2021-12-07,acceptance_time,,2021-12-07T08:36:46,2,yes,text,2,yes,,,3,illiquid (Nasdaq 20-day dollar volume < $1.2M),False,False,909.0,2021-12-08,756515580.48,1034971.1915000001,0.030837640374686653,0.1289783595083498,dev,spun_short,-1
0001689813-21-000152,0001689813,BHVN,2021-12-07,release_date_only,updated_after_release,2021-12-06T23:59,1,yes,aact,0,yes,1,yes,1,,False,False,909.0,2021-12-08,6556676226.099999,10110308.4,0.03597972011959942,0.0007146138532998503,dev,clean_long,1
0001104659-21-147914,0000850261,SRNE,2021-12-09,acceptance_time,updated_after_release,2021-12-09T09:00:23,0,yes,aact,0,yes,0,yes,0,,False,False,911.0,2021-12-10,1929915470.7,6019839.70125,0.04965107801588067,0.021031746031745957,dev,clean_long,1
0001193125-21-351679,0001403752,ZYME,2021-12-09,acceptance_time,updated_after_release,2021-12-08T18:46:30,1,unclear,"text, match rejected",1,unclear,1,yes,1,,False,False,911.0,2021-12-10,881732078.1600001,1209319.6204999997,0.03739462788372788,-0.10775255191833877,dev,no_trade,0
0001628280-21-024728,0001600620,AUPH,2021-12-09,acceptance_time,updated_after_release,2021-12-09T06:31:52,1,yes,aact,1,yes,1,yes,0,,False,False,911.0,2021-12-10,2699736582.9,27929187.815000005,0.08643490777231784,0.04983189241114305,dev,clean_long,1
0001171843-21-008447,0001061983,CYTK,2021-12-10,acceptance_time,updated_after_release,2021-12-10T07:30:12,1,unclear,aact,1,unclear,1,unclear,2,,False,False,912.0,2021-12-13,2938419843.59,7865194.068499999,0.030777660144769254,0.047649467646957655,dev,no_trade,0
0001104659-21-149107,0001590560,QURE,2021-12-10,release_date_only,updated_after_release,2021-12-09T23:59,1,yes,aact,0,yes,0,yes,1,no shares outstanding,False,False,,,,,,,dev,no_trade,0
0001493152-21-031170,0001799788,GLSI,2021-12-10,release_date_only,unchanged_since_release,2021-12-09T23:59,2,yes,"text, match rejected",2,yes,2,yes,0,illiquid (Nasdaq 20-day dollar volume < $1.2M),False,False,912.0,2021-12-13,407218388.31,235974.88799999998,0.06956667362553955,0.012306988308084299,dev,spun_short,-1
0001193125-21-354690,0001754068,ALVR,2021-12-13,release_date_only,updated_after_release,2021-12-11T23:59,2,unclear,aact,2,unclear,2,unclear,0,illiquid (Nasdaq 20-day dollar volume < $1.2M),False,False,913.0,2021-12-14,1152341300.39,865949.2679999999,0.0422013908404823,-0.11774540913138043,dev,no_trade,0
0001193125-21-355598,0001708493,HARP,2021-12-13,release_date_only,updated_after_release,2021-12-11T23:59,1,unclear,aact,1,unclear,1,yes,1,market cap outside $300M-$10B,False,False,913.0,2021-12-14,190924081.48,424375.5065,0.05154760584093642,0.05139008329730621,dev,no_trade,0
0001193125-21-354602,0001538927,FMTX,2021-12-13,release_date_only,updated_after_release,2021-12-11T23:59,2,yes,aact,1,yes,2,yes,3,,False,False,913.0,2021-12-14,694477404.65,1348047.161,0.04062338377216546,-0.05164763498930136,dev,no_trade,0
0001171843-21-008476,0001629137,GBT,2021-12-13,acceptance_time,updated_after_release,2021-12-13T09:01:41,2,yes,aact,1,yes,1,yes,2,,False,False,913.0,2021-12-14,1779978274.54,6016721.7535,0.035255270974516126,0.043129854735955986,dev,spun_short,-1
0001564590-21-060153,0001395937,SNDX,2021-12-13,release_date_only,updated_after_release,2021-12-11T23:59,1,unclear,aact,1,unclear,1,yes,2,,False,False,913.0,2021-12-14,817933556.88,1914759.668,0.03113027467743883,0.08435094706210777,dev,no_trade,0
0001564590-21-060064,0001357874,DTIL,2021-12-13,release_date_only,,2021-12-11T23:59,2,unclear,text,2,unclear,,,0,illiquid (Nasdaq 20-day dollar volume < $1.2M),False,False,913.0,2021-12-14,522295003.665,1122165.7522500001,0.03846047232308386,-0.05227423947202503,dev,no_trade,0
0001293971-21-000093,0001293971,BLUE,2021-12-13,release_date_only,,2021-12-11T23:59,1,yes,text,1,yes,,,1,,False,False,913.0,2021-12-14,628161076.48,3603351.5125000007,0.027589757396586048,0.05273970655141036,dev,clean_long,1
0001558370-21-016703,0001133818,BPTH,2021-12-13,acceptance_time,updated_after_release,2021-12-13T07:40:56,2,unclear,aact,2,unclear,2,unclear,1,market cap outside $300M-$10B,False,False,913.0,2021-12-14,33223160.959999997,104242.7065,0.04540643194310254,-0.07329939443381106,dev,no_trade,0
0001193125-21-354523,0001538210,NEXI,2021-12-13,release_date_only,updated_after_release,2021-12-12T23:59,1,unclear,aact,1,unclear,1,unclear,0,market cap outside $300M-$10B,False,False,913.0,2021-12-14,135359032.12,101830.24250000001,0.0511640277955169,-0.09757039651666233,dev,no_trade,0
0001628280-21-024992,0001860782,TSVT,2021-12-14,release_date_only,updated_after_release,2021-12-13T23:59,1,yes,aact,1,unclear,1,yes,2,,False,False,914.0,2021-12-15,737762108.16,2853338.256,0.06678235186777957,-0.07952060481186873,dev,clean_long,1
0001847903-21-000028,0001847903,CNTA,2021-12-14,acceptance_time,updated_after_release,2021-12-14T07:58:10,1,unclear,aact,1,unclear,1,yes,0,illiquid (Nasdaq 20-day dollar volume < $1.2M),False,False,914.0,2021-12-15,1094094147.72,655170.4735000001,0.05823231620425383,-0.069247233875532,dev,no_trade,0
0001437749-21-028468,0001434647,KMPH,2021-12-14,acceptance_time,,2021-12-14T08:47:31,1,yes,text,1,yes,,,0,market cap outside $300M-$10B,False,False,914.0,2021-12-15,274431940.02,794343.28,0.036652195581491125,0.0045168694695081335,dev,clean_long,1
0001193125-21-356947,0001434316,FATE,2021-12-14,release_date_only,updated_after_release,2021-12-13T23:59,1,yes,aact,1,unclear,1,yes,0,,False,False,914.0,2021-12-15,4679145534.0,14623980.081999999,0.053964094259674286,0.04418408770815485,dev,clean_long,1
0001610618-21-000111,0001610618,CDTX,2021-12-14,acceptance_time,updated_after_release,2021-12-14T07:05:18,0,yes,aact,0,yes,0,yes,1,market cap outside $300M-$10B,False,False,914.0,2021-12-15,109365128.55999999,185915.631,0.04560025163473285,-0.2618139212515266,dev,clean_long,1
0001193805-21-001749,0001280776,IMUX,2021-12-14,acceptance_time,,2021-12-14T08:20:03,0,yes,text,0,yes,,,1,market cap outside $300M-$10B,False,False,914.0,2021-12-15,241232344.41,352524.64099999995,0.04097248168013604,-0.0477026125649902,dev,clean_long,1
0001171843-21-008490,0000882361,APTO,2021-12-14,acceptance_time,updated_after_release,2021-12-13T16:35:22,1,unclear,aact,2,unclear,1,yes,3,market cap outside $300M-$10B,False,False,914.0,2021-12-15,172560563.35999998,402723.69975,0.03341098420481083,-0.41431580709512716,dev,no_trade,0
0001104659-21-149386,0001372514,KPRX,2021-12-14,acceptance_time,,2021-12-14T07:02:29,2,yes,text,2,yes,,,4,market cap outside $300M-$10B,False,False,914.0,2021-12-15,17208153.44,100433.55299999999,0.05234626688403874,-0.07691435166759553,dev,no_trade,0
0001104659-21-149581,0000861838,IDRA,2021-12-15,acceptance_time,updated_after_release,2021-12-14T16:45:19,3,no,aact,2,no,3,no,1,market cap outside $300M-$10B,False,False,915.0,2021-12-16,45918677.1615,191001.00529499998,0.09142589021277518,-0.2963738883021395,dev,no_trade,0
0001438533-21-000056,0001438533,TVTX,2021-12-16,acceptance_time,updated_after_release,2021-12-15T17:27:25,1,yes,aact,1,yes,1,yes,1,,False,False,916.0,2021-12-17,1784749326.8,4563363.4845,0.034711420068879145,0.005630465200527901,dev,clean_long,1
0001193125-21-358543,0001538927,FMTX,2021-12-16,acceptance_time,updated_after_release,2021-12-16T07:13:55,0,yes,aact,0,yes,0,yes,1,,False,False,916.0,2021-12-17,674093426.22,1355932.2822500002,0.0401767580508845,0.0029555189382874936,dev,clean_long,1
0001493152-21-031659,0001582554,MTNB,2021-12-16,acceptance_time,updated_after_release,2021-12-16T06:30:26,0,yes,aact,1,yes,1,yes,0,market cap outside $300M-$10B,False,False,916.0,2021-12-17,218410003.28,73903.92183,0.0485125199728065,0.033222469683995115,dev,clean_long,1
0001193125-21-358680,0001740279,INAB,2021-12-16,acceptance_time,updated_after_release,2021-12-16T08:56:31,1,yes,aact,2,unclear,1,yes,1,market cap outside $300M-$10B,False,False,916.0,2021-12-17,104087769.14999999,46840.69775,0.07841954415925186,0.021064767427282916,dev,clean_long,1
0001193125-21-358542,0001815442,KYMR,2021-12-16,acceptance_time,updated_after_release,2021-12-16T07:12:01,1,yes,aact,0,unclear,0,yes,1,,False,False,916.0,2021-12-17,2849416691.2000003,3936750.035,0.03471423979254562,-0.0718181966910284,dev,clean_long,1
0001558370-21-016900,0001787297,PASG,2021-12-17,acceptance_time,updated_after_release,2021-12-17T07:01:05,1,yes,aact,0,yes,1,unclear,1,illiquid (Nasdaq 20-day dollar volume < $1.2M),False,False,917.0,2021-12-20,346284230.40000004,645299.5554999999,0.045147107445939624,-0.013662705066618264,dev,clean_long,1
0001104659-21-151146,0001590560,QURE,2021-12-17,release_date_only,updated_after_release,2021-12-16T23:59,0,yes,aact,1,unclear,0,yes,2,no shares outstanding,False,False,,,,,,,dev,no_trade,0
0001600132-21-000055,0001600132,BLPH,2021-12-17,acceptance_time,,2021-12-17T08:29:26,1,yes,text,1,yes,,,1,market cap outside $300M-$10B,False,False,917.0,2021-12-20,22625277.22,20165.54425,0.04634494439855752,0.28809674871489444,dev,clean_long,1
0001214659-21-013348,0001677077,ALZN,2021-12-20,acceptance_time,,2021-12-17T16:30:36,2,yes,text,2,yes,,,0,market cap outside $300M-$10B,False,False,918.0,2021-12-21,218571880.68,1482845.0212499998,0.09585848231365655,-0.1477251873617067,dev,no_trade,0
0000950170-21-005294,0001539029,CLS,2021-12-21,acceptance_time,updated_after_release,2021-12-21T07:16:31,0,unclear,aact,4,unclear,0,unclear,0,illiquid (Nasdaq 20-day dollar volume < $1.2M),False,False,919.0,2021-12-22,603825172.28,437178.13725,0.02458111731938436,0.03549469582899678,dev,no_trade,0
0001599298-21-000045,0001599298,SMMT,2021-12-21,acceptance_time,updated_after_release,2021-12-20T16:23:39,3,no,aact,2,no,3,no,2,market cap outside $300M-$10B,False,False,919.0,2021-12-22,252103273.26000002,179609.57050000003,0.11160793852492555,-0.06125898863955137,dev,no_trade,0
0000950170-21-005310,0001564824,ALLK,2021-12-22,acceptance_time,,2021-12-21T20:00:41,0,no,text,0,no,,,0,,False,False,920.0,2021-12-23,4582419786.2300005,7821546.053,0.03646160296439954,-0.897202685386248,dev,clean_short,-1
0001213900-21-067091,0001553643,RLMD,2021-12-23,acceptance_time,updated_after_release,2021-12-22T17:21:54,1,yes,aact,0,yes,1,yes,1,illiquid (Nasdaq 20-day dollar volume < $1.2M),False,False,921.0,2021-12-27,370075821.3,881301.9480000001,0.050004297485148154,0.03746798048837485,dev,clean_long,1
0001213900-21-067469,0001158780,PSTI,2021-12-27,acceptance_time,,2021-12-27T09:38:02,2,no,text,2,no,,,1,market cap outside $300M-$10B,False,False,922.0,2021-12-28,62273253.1,107293.3445,0.03754519999265037,-0.14356040470235543,dev,no_trade,0
0001564590-21-061221,0001394319,TCON,2021-12-27,acceptance_time,updated_after_release,2021-12-27T09:36:38,2,unclear,aact,2,unclear,2,unclear,0,market cap outside $300M-$10B,False,False,922.0,2021-12-28,70880316.435,213098.96249999997,0.06475871572539076,-0.17510340245382972,dev,no_trade,0
0001437749-21-029235,0001659617,MBRX,2021-12-27,acceptance_time,updated_after_release,2021-12-27T08:06:34,1,yes,aact,2,unclear,1,yes,1,market cap outside $300M-$10B,False,False,922.0,2021-12-28,58011488.63999999,84841.479,0.036976898931979627,-0.06212726265776647,dev,clean_long,1
0001193125-21-366669,0001743881,BBIO,2021-12-27,acceptance_time,updated_after_release,2021-12-27T07:06:03,2,no,aact,2,no,2,no,2,,False,False,922.0,2021-12-28,5977906195.259999,10197794.3925,0.05504201921042672,-0.6932997540655761,dev,no_trade,0
0001104659-21-154719,0001372299,OCGN,2021-12-31,acceptance_time,,2021-12-30T16:27:27,0,yes,text,0,yes,,,1,,False,False,926.0,2022-01-03,962067785.91,13063026.05675,0.07009390623496746,-0.046752924218043,dev,clean_long,1
0001193125-22-000971,0001624658,ALNA,2022-01-04,acceptance_time,updated_after_release,2022-01-04T06:04:02,1,yes,aact,1,yes,2,unclear,1,market cap outside $300M-$10B,False,False,928.0,2022-01-05,53662943.5922,65988.50029,0.05653955703264073,-0.0732336356079264,dev,clean_long,1
0001157523-22-000027,0001710072,EWTX,2022-01-05,acceptance_time,updated_after_release,2022-01-05T08:00:38,2,yes,aact,2,yes,2,yes,0,,False,False,929.0,2022-01-06,763592561.6,1250757.7754999998,0.059700371422107386,0.28267453921609864,dev,spun_short,-1
0001739614-22-000002,0001739614,INBX,2022-01-05,acceptance_time,updated_after_release,2022-01-04T16:41:47,1,yes,aact,1,unclear,1,yes,1,,False,False,929.0,2022-01-06,1499222065.5,2401327.4105,0.04427425140070384,-0.002518194356398107,dev,clean_long,1
0001193125-22-001705,0001528115,ANNX,2022-01-05,acceptance_time,updated_after_release,2022-01-04T16:16:01,2,yes,aact,2,unclear,2,unclear,1,illiquid (Nasdaq 20-day dollar volume < $1.2M),False,False,929.0,2022-01-06,422507054.46,1025321.1030000001,0.040431851802306774,-0.28387714306815603,dev,no_trade,0
0001193125-22-001861,0001656634,GRTS,2022-01-05,acceptance_time,,2022-01-04T17:21:13,1,unclear,text,1,unclear,,,1,,False,False,929.0,2022-01-06,477954409.75,4969580.396,0.10964946236791463,-0.02862619442842207,dev,no_trade,0
0000950170-22-000081,0001382101,STRO,2022-01-06,acceptance_time,updated_after_release,2022-01-05T17:27:49,1,yes,aact,2,unclear,1,yes,1,,False,False,930.0,2022-01-07,674158955.79,1204972.6870000002,0.03412245777858778,-0.28046257216874226,dev,clean_long,1
0001628280-22-000405,0001534120,AVTX,2022-01-06,acceptance_time,,2022-01-06T07:55:50,2,unclear,text,2,unclear,,,1,market cap outside $300M-$10B,False,False,930.0,2022-01-07,198802557.33,149837.74949999998,0.03854992373936261,-0.3238417003983294,dev,no_trade,0
0001193125-22-003165,0001799448,ALGS,2022-01-06,acceptance_time,updated_after_release,2022-01-06T08:11:02,0,no,aact,0,no,0,no,0,illiquid (Nasdaq 20-day dollar volume < $1.2M),False,False,930.0,2022-01-07,451227107.28,427725.4055,0.0433712268999158,-0.570268614180119,dev,clean_short,-1
0000950170-22-000205,0000873303,SRPT,2022-01-10,acceptance_time,,2022-01-10T10:53:47,3,no,text,3,no,,,0,,False,False,932.0,2022-01-11,7441593412.28,14287374.729500001,0.01923902730547604,-0.10826754291700291,dev,no_trade,0
0001104659-22-002720,0001372299,OCGN,2022-01-10,release_date_only,,2022-01-08T23:59,1,yes,text,1,yes,,,0,,False,False,932.0,2022-01-11,808694660.6199999,10677510.944999998,0.062438217484365996,0.06624442880600534,dev,clean_long,1
0001193125-22-008197,0001832038,ADGI,2022-01-13,release_date_only,,2022-01-12T23:59,1,unclear,text,1,unclear,,,0,,False,False,935.0,2022-01-14,650822211.0,29316673.42199999,0.293979428558736,-0.07601121481674,dev,no_trade,0
0001104659-22-005168,0001566044,VYNE,2022-01-19,acceptance_time,updated_after_release,2022-01-19T08:00:33,0,unclear,aact,0,unclear,0,unclear,0,market cap outside $300M-$10B,False,False,938.0,2022-01-20,36563437.4784,220347.03144500003,0.07281134087166277,-0.05909235967060478,dev,no_trade,0
0001104659-22-004962,0001509745,LPTX,2022-01-19,acceptance_time,updated_after_release,2022-01-18T17:05:21,1,yes,aact,2,unclear,2,unclear,1,market cap outside $300M-$10B,False,False,938.0,2022-01-20,242875748.5,1115645.1445,0.04650307651136947,0.04694340784057249,dev,clean_long,1
0001564590-22-001836,0001748907,ORTX,2022-01-21,acceptance_time,,2022-01-21T07:05:23,0,yes,text,0,yes,,,1,market cap outside $300M-$10B,False,False,940.0,2022-01-24,131773877.55000001,227851.94624999998,0.06044112000639535,-0.01711013425703012,dev,clean_long,1
0001493152-22-002053,0000946644,AIM,2022-01-24,acceptance_time,updated_after_release,2022-01-24T08:00:30,1,yes,"text, match rejected",1,yes,2,yes,1,market cap outside $300M-$10B,False,False,941.0,2022-01-25,40034942.0274,17121.68726,0.05431621418283634,-0.07879583630068776,dev,clean_long,1
0001193125-22-016089,0001785173,ETNB,2022-01-25,acceptance_time,updated_after_release,2022-01-24T16:36:11,0,yes,aact,1,yes,1,yes,3,market cap outside $300M-$10B,False,False,942.0,2022-01-26,194100768.84,181937.74700000003,0.05430378587540876,-0.1282423861294002,dev,clean_long,1
0001104659-22-007179,0001651407,CKPT,2022-01-25,acceptance_time,updated_after_release,2022-01-25T07:45:48,0,yes,aact,0,yes,0,yes,1,market cap outside $300M-$10B,False,False,942.0,2022-01-26,166147387.64000002,438385.464,0.03895565343197441,0.13603915116700582,dev,clean_long,1
0001193125-22-017722,0001205922,VCNX,2022-01-26,acceptance_time,updated_after_release,2022-01-26T08:00:55,2,unclear,aact,2,unclear,2,unclear,0,market cap outside $300M-$10B,False,False,943.0,2022-01-27,31725143.3,33693.7755,0.03532133740844433,0.0864472731211754,dev,spun_short,-1
0001193125-22-017624,0001537917,TYME,2022-01-26,acceptance_time,updated_after_release,2022-01-26T06:50:55,0,no,"text, match rejected",0,no,0,no,1,market cap outside $300M-$10B,False,False,943.0,2022-01-27,91682950.36559999,92364.70843000001,0.04470395281452038,-0.35904957938041115,dev,clean_short,-1
0001564590-22-002577,0001800315,GLTO,2022-01-27,acceptance_time,updated_after_release,2022-01-27T08:31:22,2,yes,"text, match rejected",2,yes,3,yes,3,market cap outside $300M-$10B,False,False,944.0,2022-01-28,56586503.68000001,64631.060249999995,0.045147686989716426,0.06555579436722836,dev,spun_short,-1
0001193125-22-019000,0001806310,TSHA,2022-01-27,acceptance_time,updated_after_release,2022-01-27T07:15:34,2,unclear,aact,2,unclear,2,unclear,0,market cap outside $300M-$10B,False,False,944.0,2022-01-28,293940939.8,339955.1065,0.03671998044226515,-0.06224899246897175,dev,no_trade,0
0001140361-22-003143,0001228627,OCUP,2022-01-31,acceptance_time,updated_after_release,2022-01-31T06:16:15,0,unclear,aact,0,yes,0,unclear,1,market cap outside $300M-$10B,False,False,946.0,2022-02-01,50171394.9,187906.426,0.04830018207667949,0.031710676310271024,dev,no_trade,0
0001193125-22-022338,0001806310,TSHA,2022-01-31,acceptance_time,,2022-01-31T07:16:04,2,yes,text,2,yes,,,2,market cap outside $300M-$10B,False,False,946.0,2022-02-01,276242925.09999996,352283.3565,0.04371618979733181,0.04856784661091451,dev,spun_short,-1
0001171843-22-000668,0001061983,CYTK,2022-02-01,acceptance_time,updated_after_release,2022-02-01T07:30:11,1,yes,aact,1,yes,1,yes,0,,False,False,947.0,2022-02-02,2784075210.0699997,10030698.1045,0.03990100998971352,-0.004192121994467168,dev,clean_long,1
0001140361-22-003577,0001472091,PDSB,2022-02-02,acceptance_time,updated_after_release,2022-02-02T08:15:18,1,yes,aact,1,yes,1,yes,0,market cap outside $300M-$10B,False,False,948.0,2022-02-03,173738259.37,644609.8935,0.05677340083761087,0.023566025360923004,dev,clean_long,1
0001193125-22-027687,0001347178,VNDA,2022-02-04,acceptance_time,updated_after_release,2022-02-04T07:07:55,3,no,aact,3,no,3,no,1,,False,False,950.0,2022-02-07,816184169.5,1697859.3755000003,0.02631637972702917,-0.1937148840350068,dev,no_trade,0
0001193125-22-030404,0001273636,,2022-02-08,acceptance_time,updated_after_release,2022-02-08T07:14:02,4,unclear,"text, match rejected",4,unclear,2,unclear,1,"no ticker printed in the release (missing, or today's SEC ticker)",,,,,,,,,dev,no_trade,0
0001193125-22-031820,0001681087,AVRO,2022-02-09,acceptance_time,updated_after_release,2022-02-09T07:11:03,1,yes,aact,1,unclear,1,yes,1,market cap outside $300M-$10B,False,False,953.0,2022-02-10,76391822.5,249651.09850000002,0.03512795221168185,-0.10308153385076468,dev,clean_long,1
0001193125-22-032678,0001783183,PHAT,2022-02-10,acceptance_time,,2022-02-09T16:10:05,0,yes,text,0,yes,,,0,illiquid (Nasdaq 20-day dollar volume < $1.2M),False,False,954.0,2022-02-11,543476507.1,418735.14900000003,0.03064499838413375,0.12132532971521592,dev,clean_long,1
0001437749-22-003189,0001659617,MBRX,2022-02-14,acceptance_time,updated_after_release,2022-02-14T09:00:20,3,unclear,"text, match rejected",3,unclear,2,yes,1,market cap outside $300M-$10B,False,False,956.0,2022-02-15,42151204.800000004,26632.941749999998,0.03625791388293112,-0.0032101959830818094,dev,no_trade,0
0000950170-22-001153,0001822711,PRDS,2022-02-14,acceptance_time,updated_after_release,2022-02-14T07:26:28,0,yes,aact,1,unclear,0,yes,0,no shares outstanding,False,False,,,,,,,dev,no_trade,0
0001171843-22-001030,0001061983,CYTK,2022-02-15,acceptance_time,,2022-02-15T07:30:14,0,no,text,0,no,,,0,,False,False,957.0,2022-02-16,3388871301.2,8619860.555,0.03395947302730554,-0.11105320285868026,dev,clean_short,-1
0001193125-22-042361,0001655759,ARVN,2022-02-15,acceptance_time,updated_after_release,2022-02-14T18:19:36,2,unclear,aact,2,unclear,2,unclear,2,,False,False,957.0,2022-02-16,3998153794.9,8394885.9245,0.03508049614770339,-0.07812926843931955,dev,no_trade,0
0001193125-22-043937,0001597553,SAGE,2022-02-16,acceptance_time,updated_after_release,2022-02-16T07:00:34,0,yes,aact,0,yes,0,yes,4,,False,False,958.0,2022-02-17,2557217333.85,5163285.514999999,0.029358455104708685,-0.16202064620663792,dev,clean_long,1
0001193125-22-044007,0001701108,SPRO,2022-02-16,acceptance_time,unchanged_since_release,2022-02-16T08:15:59,0,yes,aact,0,yes,0,yes,0,illiquid (Nasdaq 20-day dollar volume < $1.2M),False,False,958.0,2022-02-17,321619989.15,540279.32,0.031912468748519794,-0.016154712066922983,dev,clean_long,1
0001493152-22-005063,0001076682,PTE,2022-02-22,acceptance_time,updated_after_release,2022-02-22T08:00:16,1,yes,aact,1,yes,1,yes,0,market cap outside $300M-$10B,False,True,961.0,2022-02-23,35230984.89,24171.549655000003,0.0381932775138438,-0.0057782073329050165,dev,clean_long,1
0000950170-22-001684,0001468748,KOD,2022-02-23,acceptance_time,updated_after_release,2022-02-23T06:30:29,2,no,aact,2,no,2,no,0,,False,False,962.0,2022-02-24,2598793621.5,8756812.8565,0.048234492200634485,-0.7634974653121402,dev,no_trade,0
0001104659-22-025623,0001509261,RZLT,2022-02-23,acceptance_time,,2022-02-22T16:10:51,1,yes,text,1,yes,,,0,market cap outside $300M-$10B,False,False,962.0,2022-02-24,63159454.95999999,14183.029999999999,0.07799965906102178,-0.13439421310029298,dev,clean_long,1
0001564590-22-006498,0001563880,TRVI,2022-02-24,acceptance_time,,2022-02-24T07:31:50,0,yes,text,0,yes,,,0,"no ticker printed in the release (missing, or today's SEC ticker)",,,,,,,,,dev,no_trade,0
0001213900-22-009272,0001788028,JSPR,2022-02-25,acceptance_time,updated_after_release,2022-02-24T19:13:40,1,yes,aact,1,unclear,1,yes,0,no shares outstanding,False,False,,,,,,,dev,no_trade,0
0001171843-22-001397,0001398733,AQST,2022-02-28,acceptance_time,,2022-02-25T17:10:06,1,yes,text,1,yes,,,2,market cap outside $300M-$10B,False,False,965.0,2022-03-01,111254357.56,110416.88150000002,0.05304462291566337,0.006217431091178005,dev,clean_long,1
0001193125-22-063051,0001411906,AMPE,2022-03-03,acceptance_time,updated_after_release,2022-03-02T16:38:21,3,no,aact,3,no,3,no,2,market cap outside $300M-$10B,False,False,968.0,2022-03-04,100640370.6594,22990.96835,0.045885970657372877,0.06470082337759486,dev,spun_short,-1
0001437749-22-005086,0001513818,ARAV,2022-03-03,acceptance_time,updated_after_release,2022-03-03T07:06:31,2,yes,aact,2,yes,2,yes,2,market cap outside $300M-$10B,False,False,968.0,2022-03-04,44254082.89,15886.4575,0.05304764403303631,0.06373277653821574,dev,spun_short,-1
0001104659-22-030888,0000882095,GILD,2022-03-07,acceptance_time,updated_after_release,2022-03-07T08:30:37,0,yes,aact,0,yes,0,yes,1,market cap outside $300M-$10B,False,False,970.0,2022-03-08,77552893879.40001,172296456.07500002,0.010806824841996755,-0.023410111978152348,dev,clean_long,1
0001494650-22-000013,0001494650,,2022-03-07,acceptance_time,,2022-03-07T06:57:39,4,unclear,text,4,unclear,,,0,"no ticker printed in the release (missing, or today's SEC ticker)",,,,,,,,,dev,no_trade,0
0001213900-22-011983,0000906709,BMY,2022-03-14,acceptance_time,updated_after_release,2022-03-14T07:13:59,0,no,aact,0,no,0,no,0,market cap outside $300M-$10B,False,False,975.0,2022-03-15,12832426606.84,152065860.1395,0.008755824186076297,0.047978223344351645,dev,clean_short,-1
0001104659-22-033722,0001455365,CGTX,2022-03-15,acceptance_time,updated_after_release,2022-03-15T09:32:20,3,no,aact,2,no,3,no,1,"no ticker printed in the release (missing, or today's SEC ticker)",,,,,,,,,dev,no_trade,0
0001370053-22-000014,0001370053,ANAB,2022-03-15,acceptance_time,updated_after_release,2022-03-14T16:26:20,0,no,aact,0,no,0,no,0,,False,False,976.0,2022-03-16,789494370.84,1386847.4259999997,0.028502762669934605,-0.08578259565393165,dev,clean_short,-1
0001193125-22-077217,0001492422,APLS,2022-03-17,acceptance_time,updated_after_release,2022-03-16T16:01:33,1,yes,"text, match rejected",1,yes,1,yes,3,,False,False,978.0,2022-03-18,4422343723.25,10728672.629999999,0.051737324637287516,-0.004726903168176699,dev,clean_long,1
0001193125-22-077862,0001305253,EIGR,2022-03-17,acceptance_time,updated_after_release,2022-03-17T08:04:32,0,yes,"text, match rejected",0,yes,0,yes,0,market cap outside $300M-$10B,False,False,978.0,2022-03-18,197100939.96,260762.59300000002,0.048602381401199844,0.3623796810301354,dev,clean_long,1
0001493152-22-007328,0001574235,PULM,2022-03-21,acceptance_time,updated_after_release,2022-03-21T08:15:13,0,yes,aact,0,yes,0,yes,0,reverse split between shares filing and event,False,False,,,,,,,dev,no_trade,0
0001824293-22-000019,0001824293,VLON,2022-03-21,acceptance_time,unchanged_since_release,2022-03-21T07:01:45,0,unclear,aact,0,unclear,0,unclear,0,market cap outside $300M-$10B,False,False,980.0,2022-03-22,50414986.400000006,309067.65750000003,0.09212546936578984,-0.6556387005898409,dev,no_trade,0
0000950170-22-004229,0001831363,TERN,2022-03-22,acceptance_time,updated_after_release,2022-03-21T16:11:45,0,yes,aact,0,yes,0,yes,1,market cap outside $300M-$10B,False,False,981.0,2022-03-23,77071276.55,31896.589499999995,0.038163036239544014,-0.04906577083805286,dev,clean_long,1
0001711279-22-000010,0001711279,KRYS,2022-03-23,acceptance_time,updated_after_release,2022-03-22T16:40:12,2,yes,aact,2,unclear,2,yes,1,,False,False,982.0,2022-03-24,1704066545.9999998,4044575.530250001,0.051623325243469215,-0.036555915908438874,dev,no_trade,0
0001104659-22-037014,0001509261,RZLT,2022-03-24,acceptance_time,updated_after_release,2022-03-23T16:03:54,1,yes,aact,1,yes,3,unclear,0,market cap outside $300M-$10B,False,False,983.0,2022-03-25,60670412.4,119084.699,0.12039353243417904,0.004288712473766054,dev,clean_long,1
0001193125-22-085974,0001740279,INAB,2022-03-28,acceptance_time,updated_after_release,2022-03-28T08:10:02,1,yes,aact,1,yes,1,yes,2,market cap outside $300M-$10B,False,False,985.0,2022-03-29,62832971.779999994,34896.418,0.05796417450152366,-0.03060938914140454,dev,clean_long,1
0001193125-22-088649,0001832038,ADGI,2022-03-30,acceptance_time,updated_after_release,2022-03-30T07:40:59,0,yes,aact,0,yes,0,yes,4,,False,False,987.0,2022-03-31,428318891.0,1513464.1779999998,0.0441760780836598,0.339870004954968,dev,clean_long,1
0000950170-22-005303,0001693011,INZY,2022-04-04,acceptance_time,updated_after_release,2022-04-04T07:39:44,0,yes,aact,0,yes,0,yes,2,market cap outside $300M-$10B,False,False,990.0,2022-04-05,89955750.8,75052.647,0.04532978385960542,0.11012492671266871,dev,clean_long,1
0001193125-22-094408,0001631574,WVE,2022-04-04,acceptance_time,updated_after_release,2022-04-04T07:35:55,1,yes,aact,2,unclear,1,yes,2,market cap outside $300M-$10B,False,False,990.0,2022-04-05,123514324.85,115249.98325,0.06053122018932698,0.10858227698490097,dev,clean_long,1
0001558370-22-005043,0001006281,PLX,2022-04-04,acceptance_time,updated_after_release,2022-04-04T06:59:08,0,yes,aact,0,yes,0,yes,1,market cap outside $300M-$10B,False,False,990.0,2022-04-05,48168774.160000004,11675.655145,0.03780507204516952,0.3937281655790652,dev,clean_long,1
0001171843-22-002319,0001061983,CYTK,2022-04-04,release_date_only,,2022-04-03T23:59,0,no,text,0,no,,,2,,False,False,990.0,2022-04-05,3258471820.7999997,7399453.894999999,0.03856785098005994,0.013359575835475646,dev,clean_short,-1
0001171843-22-002320,0001061983,CYTK,2022-04-04,release_date_only,updated_after_release,2022-04-02T23:59,0,yes,aact,0,yes,1,yes,1,,False,False,990.0,2022-04-05,3258471820.7999997,7399453.894999999,0.03856785098005994,0.013359575835475646,dev,clean_long,1
0001104659-22-042207,0001583107,TBPH,2022-04-05,acceptance_time,updated_after_release,2022-04-04T16:12:17,2,no,aact,2,no,3,no,1,,False,False,991.0,2022-04-06,709618526.5,1492392.529,0.034914936004574036,-0.0023506216112603173,dev,no_trade,0
0001493152-22-009114,0000764195,VBIV,2022-04-05,acceptance_time,,2022-04-05T08:00:39,1,unclear,text,1,unclear,,,1,illiquid (Nasdaq 20-day dollar volume < $1.2M),False,False,991.0,2022-04-06,467446064.14,508243.68224999995,0.060086119784901415,-0.013917937691516169,dev,no_trade,0
0001213900-22-018307,0001506251,CTXR,2022-04-06,acceptance_time,updated_after_release,2022-04-06T08:11:08,0,yes,aact,0,yes,2,no,2,market cap outside $300M-$10B,False,False,992.0,2022-04-07,268694519.2,323733.593,0.03703775856755725,-0.07193986572546984,dev,clean_long,1
0001104659-22-043425,0001674365,APTX,2022-04-07,acceptance_time,updated_after_release,2022-04-07T07:15:33,0,no,aact,0,no,0,no,1,market cap outside $300M-$10B,False,False,993.0,2022-04-08,158454780.12,76455.03275000001,0.05510148627723391,-0.48949737434358587,dev,clean_short,-1
0001104659-22-043670,0001566044,VYNE,2022-04-08,acceptance_time,updated_after_release,2022-04-07T17:00:51,3,no,aact,1,yes,2,no,1,market cap outside $300M-$10B,False,False,994.0,2022-04-11,37518620.132,81071.34212,0.06010453009875808,-0.09221933042828045,dev,no_trade,0
0001104659-22-044050,0001597264,,2022-04-08,acceptance_time,updated_after_release,2022-04-08T13:20:15,0,unclear,aact,0,unclear,0,unclear,0,"no ticker printed in the release (missing, or today's SEC ticker)",,,,,,,,,dev,no_trade,0
0001564590-22-013950,0001662579,CCCC,2022-04-08,acceptance_time,updated_after_release,2022-04-08T13:21:38,1,unclear,aact,2,unclear,1,unclear,1,,False,False,994.0,2022-04-11,1117094717.0400002,3162175.3725,0.058378289559567705,-0.48324617725818075,dev,no_trade,0
0001104659-22-045069,0001761612,BCYC,2022-04-12,release_date_only,updated_after_release,2022-04-11T23:59,0,unclear,aact,0,unclear,0,unclear,0,,False,False,996.0,2022-04-13,853032113.12,4763676.689499999,0.10899691120397384,-0.1333838712178408,dev,no_trade,0
0001725160-22-000076,0001725160,ZNTL,2022-04-12,acceptance_time,updated_after_release,2022-04-11T16:43:35,2,unclear,aact,1,unclear,2,unclear,0,,False,False,996.0,2022-04-13,1427481991.3899999,6575503.2655,0.08573814594190772,-0.13142403067195596,dev,no_trade,0
0000950170-22-005632,0001595893,,2022-04-13,acceptance_time,updated_after_release,2022-04-13T08:00:41,0,unclear,aact,2,unclear,0,unclear,0,"no ticker printed in the release (missing, or today's SEC ticker)",,,,,,,,,dev,no_trade,0
0001193125-22-105004,0001690585,MGTA,2022-04-14,acceptance_time,updated_after_release,2022-04-14T08:34:31,1,unclear,aact,1,unclear,1,unclear,1,market cap outside $300M-$10B,False,False,998.0,2022-04-18,141117976.79999998,121370.406,0.043088637236269246,-0.033504869411243865,dev,no_trade,0
0001558370-22-005537,0001001316,TGTX,2022-04-18,release_date_only,,2022-04-15T23:59,0,yes,text,0,yes,,,0,,False,False,999.0,2022-04-19,1263933361.6499999,4243368.349,0.04776948167644876,-0.171350124082581,dev,clean_long,1
0001437749-22-009283,0000946486,WINT,2022-04-20,acceptance_time,updated_after_release,2022-04-20T07:07:39,0,yes,aact,1,yes,0,yes,0,market cap outside $300M-$10B,False,False,1001.0,2022-04-21,28753966.740000002,17882.668500000003,0.03822383949272952,-0.0021276595744681437,dev,clean_long,1
0001387131-22-004960,0001430306,TNXP,2022-04-20,acceptance_time,updated_after_release,2022-04-20T07:05:51,0,unclear,"text, match rejected",0,unclear,0,unclear,0,market cap outside $300M-$10B,False,True,1001.0,2022-04-21,95946973.73279999,421327.48496499995,0.04265473031322448,-0.03551664121052822,dev,no_trade,0
0001193125-22-110276,0001493566,OTIC,2022-04-20,acceptance_time,updated_after_release,2022-04-20T07:35:57,2,yes,aact,2,yes,2,yes,3,market cap outside $300M-$10B,False,False,1001.0,2022-04-21,121974819.1,33045.5735,0.03505043767539763,0.06763978228599687,dev,spun_short,-1
0001193805-22-000672,0001768224,ARCT,2022-04-21,acceptance_time,updated_after_release,2022-04-20T17:24:50,1,yes,aact,0,yes,0,yes,0,,False,False,1002.0,2022-04-22,645396298.9399999,4190230.8779999996,0.0561435567627478,-0.031905603801777205,dev,clean_long,1
0001193125-22-116374,0001801777,AMTI,2022-04-25,acceptance_time,updated_after_release,2022-04-25T08:01:54,4,unclear,aact,2,unclear,0,unclear,0,market cap outside $300M-$10B,False,False,1004.0,2022-04-26,180900369.0,327127.3595,0.0482011301981535,-0.0440606006052342,dev,no_trade,0
0001193125-22-116353,0001787400,NKTX,2022-04-25,acceptance_time,,2022-04-25T07:52:04,2,unclear,text,2,unclear,,,1,market cap outside $300M-$10B,False,False,1004.0,2022-04-26,256416705.51,417894.356,0.04770644144149683,1.3904343338897005,dev,spun_short,-1
0001193125-22-116380,0001746466,EQ,2022-04-25,acceptance_time,,2022-04-25T08:05:57,2,unclear,text,2,unclear,,,1,market cap outside $300M-$10B,False,False,1004.0,2022-04-26,101113899.10000001,23182.6365,0.028819068294544857,-0.02269307923771291,dev,no_trade,0
0001728117-22-000035,0001728117,GOSS,2022-04-25,acceptance_time,updated_after_release,2022-04-25T08:14:06,0,no,aact,0,no,0,no,1,illiquid (Nasdaq 20-day dollar volume < $1.2M),False,False,1004.0,2022-04-26,673763365.5300001,1170497.44,0.03777767056044326,0.007953912816770492,dev,clean_short,-1
0001193125-22-117771,0001768446,ELYM,2022-04-26,acceptance_time,,2022-04-25T16:58:03,0,no,text,0,no,,,2,market cap outside $300M-$10B,False,False,1005.0,2022-04-27,75983567.66,94578.689,0.1273544606713289,0.023970788314296887,dev,clean_short,-1
0001104659-22-049856,0001377121,PTGX,2022-04-26,release_date_only,updated_after_release,2022-04-25T23:59,0,unclear,aact,0,unclear,0,unclear,0,,False,False,1005.0,2022-04-27,909690698.4499999,4592868.550499999,0.057608534261940327,-0.43904982598359255,dev,no_trade,0
0001104659-22-050395,0001279704,CLRB,2022-04-27,acceptance_time,updated_after_release,2022-04-26T16:47:30,1,unclear,aact,1,unclear,1,unclear,0,market cap outside $300M-$10B,False,True,1006.0,2022-04-28,32401999.7689,14606.05449,0.05193498907231633,-0.009938622627233995,dev,no_trade,0
0001140361-22-016342,0001228627,OCUP,2022-04-28,acceptance_time,updated_after_release,2022-04-28T07:16:02,0,yes,aact,0,yes,0,yes,1,market cap outside $300M-$10B,False,False,1007.0,2022-04-29,44246273.61,92597.72274999999,0.03165868504957196,-0.0159684556699472,dev,clean_long,1
0001213900-22-021894,0001788028,JSPR,2022-04-28,acceptance_time,updated_after_release,2022-04-27T16:01:40,0,yes,aact,0,unclear,1,unclear,0,"no ticker printed in the release (missing, or today's SEC ticker)",,,,,,,,,dev,no_trade,0
0001651308-22-000058,0001651308,BGNE,2022-04-28,release_date_only,updated_after_release,2022-04-27T23:59,0,yes,aact,0,yes,0,yes,1,market cap outside $300M-$10B,False,False,1007.0,2022-04-29,210792292055.52,10973957.401000002,0.04548996080680146,-0.0020164247617020514,dev,clean_long,1
0001370053-22-000019,0001370053,ANAB,2022-04-28,acceptance_time,,2022-04-27T16:18:20,0,unclear,text,0,unclear,,,1,,False,False,1007.0,2022-04-29,623459802.84,1318756.1229999997,0.028106846861089944,0.048393987157832496,dev,no_trade,0
0001385508-22-000047,0001385508,,2022-04-28,acceptance_time,updated_after_release,2022-04-27T16:06:32,0,unclear,"text, match rejected",0,unclear,1,unclear,0,"no ticker printed in the release (missing, or today's SEC ticker)",,,,,,,,,dev,no_trade,0
0001140361-22-017051,0001604191,FWBI,2022-05-02,acceptance_time,,2022-04-29T17:27:49,0,no,text,0,no,,,0,market cap outside $300M-$10B,False,False,1009.0,2022-05-03,10354396.8,55270.639370000004,0.04338616807065172,-0.3970425589590676,dev,clean_short,-1
0001213900-22-022828,0001690080,ATNF,2022-05-02,acceptance_time,,2022-04-29T18:44:15,0,yes,text,0,yes,,,0,market cap outside $300M-$10B,False,False,1009.0,2022-05-03,71583212.4,123135.3695,0.0713049657409389,-0.2466431733983917,dev,clean_long,1
0000950170-22-007058,0001645666,KZR,2022-05-04,acceptance_time,updated_after_release,2022-05-03T16:08:19,0,no,aact,0,no,0,no,2,,False,False,1011.0,2022-05-05,697282843.22,2492173.005,0.034245029478063044,-0.45791872588513105,dev,clean_short,-1
0001689548-22-000037,0001689548,PRAX,2022-05-10,acceptance_time,updated_after_release,2022-05-09T16:04:47,0,unclear,aact,0,unclear,0,unclear,0,"no ticker printed in the release (missing, or today's SEC ticker)",,,,,,,,,dev,no_trade,0
0001104659-22-058009,0000894158,SYN,2022-05-10,acceptance_time,,2022-05-10T09:18:51,0,yes,text,0,yes,,,1,market cap outside $300M-$10B,False,True,1015.0,2022-05-11,35173200.480000004,5842.40278,0.03840957692802214,0.008791134933503697,dev,clean_long,1
0001493152-22-012932,0001535955,LPCN,2022-05-12,acceptance_time,updated_after_release,2022-05-12T09:00:17,2,yes,aact,2,yes,2,yes,2,market cap outside $300M-$10B,False,False,1017.0,2022-05-13,63781318.6668,87490.15245499999,0.030519013216959375,-0.030927085983417646,dev,no_trade,0
0000950170-22-009499,0001619856,CRBU,2022-05-12,acceptance_time,updated_after_release,2022-05-12T10:03:28,1,yes,aact,1,unclear,1,yes,0,illiquid (Nasdaq 20-day dollar volume < $1.2M),False,False,1017.0,2022-05-13,402476742.33,704465.64475,0.05437116977561705,0.18484394775054436,dev,clean_long,1
0000950170-22-009648,0001674416,CRSP,2022-05-13,acceptance_time,updated_after_release,2022-05-12T16:05:10,0,unclear,aact,0,unclear,0,unclear,0,,False,False,1018.0,2022-05-16,3597881412.4500003,22094765.767249994,0.054690574478808145,0.06814955882092288,dev,no_trade,0
0001739614-22-000057,0001739614,INBX,2022-05-16,acceptance_time,updated_after_release,2022-05-16T09:03:07,1,yes,aact,1,unclear,1,yes,1,,False,False,1019.0,2022-05-17,661292590.4200001,1586491.5410000002,0.07347237958827949,-0.18671605546622105,dev,clean_long,1
0001213900-22-027639,0001825413,BLDE,2022-05-17,release_date_only,updated_after_release,2022-05-16T23:59,0,yes,aact,0,unclear,0,yes,1,no shares outstanding,False,False,,,,,,,dev,no_trade,0
0001193125-22-152426,0001681087,AVRO,2022-05-17,acceptance_time,updated_after_release,2022-05-17T07:12:07,1,yes,aact,2,unclear,2,yes,2,market cap outside $300M-$10B,False,False,1020.0,2022-05-18,34043919.777,68603.881875,0.035734449613988015,0.012514561586557615,dev,clean_long,1
0000950170-22-010232,0001444192,ACST,2022-05-18,acceptance_time,updated_after_release,2022-05-18T07:37:55,0,yes,text,0,yes,0,yes,1,market cap outside $300M-$10B,False,False,1021.0,2022-05-19,41630892.019999996,10802.57602,0.03228683866663205,0.0818589339080118,dev,clean_long,1
0000950170-22-010230,0001579428,AXSM,2022-05-18,acceptance_time,unchanged_since_release,2022-05-18T07:05:55,0,yes,aact,0,yes,0,yes,0,,False,False,1021.0,2022-05-19,1307300712.25,9852258.45825,0.09528452996704755,-0.023429973699186535,dev,clean_long,1
0001664710-22-000025,0001664710,KROS,2022-05-18,acceptance_time,,2022-05-18T06:12:09,0,yes,text,0,yes,,,1,,False,False,1021.0,2022-05-19,1107529297.92,1710119.1354999996,0.04761941150957777,-0.11455248748678726,dev,clean_long,1
0001558370-22-009142,0001787297,PASG,2022-05-18,acceptance_time,updated_after_release,2022-05-18T07:16:42,1,unclear,aact,1,unclear,2,unclear,1,market cap outside $300M-$10B,False,False,1021.0,2022-05-19,101555382.17,230912.62675,0.07918693830253551,0.0018156980450011462,dev,no_trade,0
0001789769-22-000039,0001789769,TIL,2022-05-19,acceptance_time,updated_after_release,2022-05-18T17:03:02,1,yes,aact,2,unclear,1,yes,0,illiquid (Nasdaq 20-day dollar volume < $1.2M),False,False,1022.0,2022-05-20,916690943.36,697300.8944999999,0.05483103129289034,-0.014741364109429833,dev,clean_long,1
0001193125-22-156144,0001435049,KDNY,2022-05-19,release_date_only,updated_after_release,2022-05-18T23:59,1,yes,aact,2,unclear,1,yes,0,,False,False,1022.0,2022-05-20,695233375.1999999,1215180.5712500003,0.049901990364007,0.07820644971285517,dev,clean_long,1
0001213900-22-028761,0000906709,NKTR,2022-05-19,release_date_only,updated_after_release,2022-05-18T23:59,0,unclear,"text, match rejected",0,unclear,0,unclear,0,"no ticker printed in the release (missing, or today's SEC ticker)",,,,,,,,,dev,no_trade,0
0001711279-22-000020,0001711279,KRYS,2022-05-20,acceptance_time,updated_after_release,2022-05-20T08:26:23,0,yes,aact,0,yes,0,yes,1,"no ticker printed in the release (missing, or today's SEC ticker)",,,,,,,,,dev,no_trade,0
0001193125-22-156858,0001060736,SGEN,2022-05-23,acceptance_time,,2022-05-23T08:11:02,0,yes,text,0,yes,,,0,market cap outside $300M-$10B,False,False,1024.0,2022-05-24,25713526570.67,50951093.2505,0.04773279029513135,0.0024006430779439647,dev,clean_long,1
0001171843-22-003880,0001061983,CYTK,2022-05-23,acceptance_time,,2022-05-23T11:30:17,1,yes,text,1,yes,,,0,,False,False,1024.0,2022-05-24,3402962422.49,11583511.1895,0.054748503247152115,0.007139120750908834,dev,clean_long,1
0001437749-22-013307,0000946486,WINT,2022-05-24,acceptance_time,,2022-05-23T16:01:31,0,yes,text,0,yes,,,1,market cap outside $300M-$10B,False,False,1025.0,2022-05-25,14794245.1332,16061.482395000003,0.05862273580188676,-0.008122969023882987,dev,clean_long,1
0001654954-22-007369,0000034956,TENX,2022-05-24,acceptance_time,,2022-05-23T16:32:14,0,yes,text,0,yes,,,0,market cap outside $300M-$10B,False,False,1025.0,2022-05-25,16888632.380000003,1544.615575,0.06913458105120493,-0.08802853956117862,dev,clean_long,1
0001193125-22-158029,0001635088,ROIV,2022-05-24,acceptance_time,,2022-05-24T08:00:58,0,yes,text,0,yes,,,1,"no ticker printed in the release (missing, or today's SEC ticker)",,,,,,,,,dev,no_trade,0
0000950170-22-010602,0001658247,,2022-05-25,acceptance_time,updated_after_release,2022-05-25T07:02:50,0,unclear,text,0,unclear,0,unclear,0,"no ticker printed in the release (missing, or today's SEC ticker)",,,,,,,,,dev,no_trade,0
0000950142-22-001784,0001719406,NRXP,2022-05-26,release_date_only,,2022-05-25T23:59,0,no,text,0,no,,,0,market cap outside $300M-$10B,False,False,1027.0,2022-05-27,92631426.46,161071.1935,0.060083037505174706,-0.5965646631630865,dev,clean_short,-1
0001193125-22-160275,0001549595,NRIX,2022-05-26,acceptance_time,updated_after_release,2022-05-26T07:02:40,1,yes,aact,1,unclear,1,yes,1,illiquid (Nasdaq 20-day dollar volume < $1.2M),False,False,1027.0,2022-05-27,458491978.79999995,1079241.1769999997,0.05521390902415431,-0.24010394938117086,dev,clean_long,1
0001193125-22-161179,0001828522,EFTR,2022-05-27,acceptance_time,updated_after_release,2022-05-26T17:21:11,1,yes,aact,2,unclear,2,unclear,0,market cap outside $300M-$10B,False,False,1028.0,2022-05-31,78237234.17999999,8640.90275,0.05422080013465027,-0.0010818471458167167,dev,clean_long,1
0001104659-22-065261,0001722964,YMAB,2022-05-27,acceptance_time,updated_after_release,2022-05-26T16:08:43,1,yes,"text, match rejected",1,yes,2,yes,0,,False,False,1028.0,2022-05-31,480462633.35,1841528.9940000002,0.08813030790718672,0.02193571090358848,dev,clean_long,1
0000950170-22-010798,0001841387,CADL,2022-05-27,acceptance_time,updated_after_release,2022-05-26T17:36:10,2,unclear,aact,2,unclear,2,unclear,1,market cap outside $300M-$10B,False,False,1028.0,2022-05-31,108173179.27,13593.299000000003,0.060607581651105955,0.08920207072430819,dev,spun_short,-1
0001558370-22-009428,0001783032,ELEV,2022-05-27,release_date_only,updated_after_release,2022-05-26T23:59,1,unclear,aact,1,unclear,1,unclear,1,market cap outside $300M-$10B,False,False,1028.0,2022-05-31,77784516.27000001,490536.8585000001,0.09653639434289744,-0.1322892877702978,dev,no_trade,0
0001564590-22-021434,0001699382,PMVP,2022-05-27,acceptance_time,updated_after_release,2022-05-26T17:00:34,1,unclear,aact,1,unclear,1,unclear,1,,False,False,1028.0,2022-05-31,601577790.0,3155225.0084999995,0.06701763307815202,0.12324475218078268,dev,no_trade,0
0000950170-22-010791,0001720580,ACET,2022-05-27,acceptance_time,updated_after_release,2022-05-26T17:10:08,1,yes,aact,1,yes,1,yes,1,,False,False,1028.0,2022-05-31,410044659.25,1282849.51425,0.06419858035649043,0.10773477435373158,dev,clean_long,1
0001193125-22-161149,0001544227,TPST,2022-05-27,acceptance_time,updated_after_release,2022-05-26T17:06:15,1,yes,aact,2,unclear,1,yes,1,market cap outside $300M-$10B,False,False,1028.0,2022-05-31,39330652.86,127517.96700000002,0.06503430759492629,-0.2743393566237986,dev,clean_long,1
0001437749-22-013688,0001513818,ARAV,2022-05-27,acceptance_time,updated_after_release,2022-05-26T17:26:11,2,unclear,aact,2,unclear,2,unclear,0,market cap outside $300M-$10B,False,False,1028.0,2022-05-31,32284031.360000003,11910.1555,0.036607398725589095,0.0422382586742891,dev,spun_short,-1
0001140361-22-020836,0001472091,PDSB,2022-05-27,acceptance_time,updated_after_release,2022-05-26T17:20:29,2,unclear,aact,2,unclear,2,unclear,1,market cap outside $300M-$10B,False,False,1028.0,2022-05-31,142538978.94,343662.52475000004,0.08025859092971091,0.035733411226327894,dev,spun_short,-1
0001104659-22-065357,0001425205,IOVA,2022-05-27,acceptance_time,updated_after_release,2022-05-26T17:16:55,1,yes,aact,1,yes,1,yes,0,,False,False,1028.0,2022-05-31,2374813330.31,6661475.1635,0.05848297303488578,-0.5741877127731911,dev,clean_long,1
0001193125-22-161173,0001403752,ZYME,2022-05-27,acceptance_time,updated_after_release,2022-05-26T17:17:06,2,unclear,"text, match rejected",2,unclear,2,unclear,2,,False,False,1028.0,2022-05-31,366269433.36,1541308.324,0.08898360498106411,0.04547733032818746,dev,spun_short,-1
0001558370-22-009406,0001006281,PLX,2022-05-27,acceptance_time,updated_after_release,2022-05-26T16:39:13,0,unclear,aact,0,unclear,0,unclear,0,market cap outside $300M-$10B,False,False,1028.0,2022-05-31,51769630.00000001,23281.2195,0.028514163869620208,0.0027902067262370878,dev,no_trade,0
0001628280-22-015490,0001576263,MRTX,2022-05-27,acceptance_time,updated_after_release,2022-05-26T17:06:50,1,yes,aact,1,yes,1,yes,3,,False,False,1028.0,2022-05-31,3243324885.5699997,15889153.047,0.046692158601350814,-0.35655750770622285,dev,clean_long,1
0000950170-22-010890,0001404281,ELDN,2022-05-31,acceptance_time,,2022-05-31T06:38:22,2,yes,text,2,yes,,,2,market cap outside $300M-$10B,False,False,1029.0,2022-06-01,48423893.76,10043.060500000001,0.06657015080099254,-0.061673466516600994,dev,no_trade,0
0000950170-22-010981,0001822791,CLNN,2022-06-01,acceptance_time,updated_after_release,2022-06-01T07:08:01,4,unclear,aact,4,unclear,4,no,1,"no ticker printed in the release (missing, or today's SEC ticker)",,,,,,,,,dev,no_trade,0
0001626199-22-000048,0001626199,ALPN,2022-06-01,acceptance_time,updated_after_release,2022-06-01T09:00:17,1,yes,aact,1,unclear,1,unclear,0,market cap outside $300M-$10B,False,False,1030.0,2022-06-02,282661265.84000003,182823.88499999998,0.0543488499413045,-0.033188192434374875,dev,clean_long,1
0001193125-22-164576,0001597553,SAGE,2022-06-01,acceptance_time,updated_after_release,2022-06-01T07:16:01,0,yes,"text, match rejected",0,yes,0,yes,2,,False,False,1030.0,2022-06-02,1847589140.72,5732092.6635,0.04713126293249554,0.11422188187711868,dev,clean_long,1
0001104659-22-066868,0001621443,ZYNE,2022-06-01,acceptance_time,,2022-06-01T07:06:53,2,unclear,text,2,unclear,,,1,market cap outside $300M-$10B,False,False,1030.0,2022-06-02,40984561.0559,58093.98537000001,0.05830798370205136,-0.005726042256761654,dev,no_trade,0
0001193805-22-000895,0001280776,IMUX,2022-06-02,acceptance_time,updated_after_release,2022-06-02T06:45:49,2,no,aact,1,no,2,no,1,market cap outside $300M-$10B,False,False,1031.0,2022-06-03,179882855.87,432742.34249999997,0.06526377529086944,-0.4897536666946529,dev,no_trade,0
0001171843-22-004103,0000882361,APTO,2022-06-03,acceptance_time,updated_after_release,2022-06-02T17:30:13,2,unclear,aact,2,unclear,1,yes,2,market cap outside $300M-$10B,False,False,1032.0,2022-06-06,93151480.89,69715.97378,0.047573480672991254,-0.07607797497817881,dev,no_trade,0
0001104659-22-068301,0001760542,HOOK,2022-06-06,release_date_only,updated_after_release,2022-06-05T23:59,1,yes,aact,1,yes,2,yes,2,market cap outside $300M-$10B,False,False,1033.0,2022-06-07,36700885.199999996,124754.44825000002,0.053238499169829145,0.03718634884450822,dev,clean_long,1
0001689548-22-000072,0001689548,PRAX,2022-06-06,acceptance_time,updated_after_release,2022-06-06T07:45:41,0,no,aact,0,no,0,no,0,"no ticker printed in the release (missing, or today's SEC ticker)",,,,,,,,,dev,no_trade,0
0001628280-22-016698,0001787306,ARQT,2022-06-07,release_date_only,updated_after_release,2022-06-06T23:59,0,yes,aact,0,yes,0,yes,1,,False,False,1034.0,2022-06-08,1055610780.3900001,1945048.212,0.05379917696143755,-0.00776749941577104,dev,clean_long,1
0001193125-22-169265,0001528115,ANNX,2022-06-08,acceptance_time,updated_after_release,2022-06-07T16:06:03,2,yes,aact,2,yes,2,yes,1,market cap outside $300M-$10B,False,False,1035.0,2022-06-09,156568073.89999998,363820.87925000006,0.09145010822544894,-0.03958816459587522,dev,no_trade,0
0001193125-22-169395,0001613780,DBVT,2022-06-08,acceptance_time,updated_after_release,2022-06-07T17:30:36,0,yes,aact,0,yes,0,yes,0,market cap outside $300M-$10B,False,False,1035.0,2022-06-09,84297701.61,8610.33825,0.04198200380203842,0.17543807578533466,dev,clean_long,1
0001104659-22-069317,0001034842,RIGL,2022-06-09,acceptance_time,updated_after_release,2022-06-08T16:15:36,2,no,aact,2,no,2,no,2,market cap outside $300M-$10B,False,False,1036.0,2022-06-10,118595598.00320001,748923.7750549999,0.14352413961623733,0.07373322254132131,dev,spun_short,-1
0001193125-22-171489,0001622229,COGT,2022-06-10,acceptance_time,updated_after_release,2022-06-10T07:12:08,1,unclear,aact,2,unclear,2,unclear,2,market cap outside $300M-$10B,False,False,1037.0,2022-06-13,227721752.01999998,299040.1915000001,0.05286209890260857,0.6289590870979146,dev,no_trade,0
0001171843-22-004285,0001629137,GBT,2022-06-10,acceptance_time,,2022-06-10T06:10:13,1,unclear,text,1,unclear,,,2,,False,False,1037.0,2022-06-13,1499210716.92,8289918.261999999,0.04366124726588315,0.030101503908810168,dev,no_trade,0
0000950170-22-011430,0001755237,CYCN,2022-06-10,acceptance_time,updated_after_release,2022-06-10T07:01:01,2,yes,aact,2,yes,2,yes,1,market cap outside $300M-$10B,False,False,1037.0,2022-06-13,35245309.632,18609.031635,0.06738093065378124,-0.1416324106062593,dev,no_trade,0
0001193125-22-172383,0001845337,DAWN,2022-06-13,release_date_only,updated_after_release,2022-06-12T23:59,1,unclear,aact,1,unclear,1,unclear,0,illiquid (Nasdaq 20-day dollar volume < $1.2M),False,False,1038.0,2022-06-14,409237850.69,565264.9800000001,0.07056969721632274,1.3216198474860845,dev,no_trade,0
0001494650-22-000075,0001494650,,2022-06-13,acceptance_time,,2022-06-13T07:01:34,4,unclear,text,4,unclear,,,0,"no ticker printed in the release (missing, or today's SEC ticker)",,,,,,,,,dev,no_trade,0
0001193125-22-171957,0001680581,FULC,2022-06-13,acceptance_time,updated_after_release,2022-06-10T16:15:59,2,yes,aact,2,unclear,2,yes,0,market cap outside $300M-$10B,False,False,1038.0,2022-06-14,200768961.98,1700780.7607500001,0.10197785832029903,-0.09418560773374174,dev,no_trade,0
0001193125-22-175557,0001466301,CLVS,2022-06-15,release_date_only,updated_after_release,2022-06-14T23:59,1,unclear,aact,1,unclear,0,yes,4,market cap outside $300M-$10B,False,False,1040.0,2022-06-16,117980894.8,589204.2410599999,0.0793070337947276,0.14464596667243268,dev,no_trade,0
0001104659-22-071651,0001651407,CKPT,2022-06-16,acceptance_time,,2022-06-16T07:45:55,1,yes,text,1,yes,,,2,market cap outside $300M-$10B,False,False,1041.0,2022-06-17,91343353.78,98786.52874999998,0.05002825868147356,-0.010962513428974141,dev,clean_long,1
0001140361-22-023541,0000874015,IONS,2022-06-21,acceptance_time,updated_after_release,2022-06-21T06:03:49,0,yes,aact,0,yes,1,yes,3,,False,False,1043.0,2022-06-22,5004046267.66,9299772.6385,0.028084324568068537,0.024438602069743354,dev,clean_long,1
0001558370-22-010112,0001070081,PTCT,2022-06-21,acceptance_time,updated_after_release,2022-06-21T08:15:19,4,unclear,"text, match rejected",4,unclear,4,unclear,0,"no ticker printed in the release (missing, or today's SEC ticker)",,,,,,,,,dev,no_trade,0
0001551986-22-000046,0001551986,NMTR,2022-06-21,acceptance_time,updated_after_release,2022-06-21T08:02:16,1,no,aact,1,no,1,no,1,market cap outside $300M-$10B,False,False,1043.0,2022-06-22,129579600.73799999,140610.14160499998,0.07438177455646079,-0.4613499302209647,dev,clean_short,-1
0000950170-22-011935,0001620463,ATHA,2022-06-22,acceptance_time,updated_after_release,2022-06-22T07:05:42,3,no,aact,3,no,3,no,4,illiquid (Nasdaq 20-day dollar volume < $1.2M),False,False,1044.0,2022-06-23,317647696.52,546303.29875,0.029975987728716718,-0.6870224462121846,dev,no_trade,0
0001193125-22-178857,0001501796,AURA,2022-06-23,acceptance_time,updated_after_release,2022-06-22T17:02:16,3,unclear,aact,3,unclear,3,unclear,0,illiquid (Nasdaq 20-day dollar volume < $1.2M),False,False,1045.0,2022-06-24,383890885.12,450726.70149999997,0.05124893812115874,-0.12235637130127752,dev,no_trade,0
0001171843-22-004546,0001447028,ABUS,2022-06-27,release_date_only,,2022-06-25T23:59,2,unclear,text,2,unclear,,,1,illiquid (Nasdaq 20-day dollar volume < $1.2M),False,False,1047.0,2022-06-28,420900910.71000004,548643.00425,0.039915190349860664,-0.053292877194494936,dev,no_trade,0
0000950170-22-012133,0001812364,RLAY,2022-06-27,acceptance_time,updated_after_release,2022-06-27T06:11:29,1,yes,aact,1,unclear,1,unclear,0,,False,False,1047.0,2022-06-28,2266621149.52,4480414.1049999995,0.06237862890805022,-0.10270016590028719,dev,clean_long,1
0001193125-22-183295,0001656536,DBTX,2022-06-28,acceptance_time,updated_after_release,2022-06-28T07:08:04,1,yes,aact,1,yes,2,yes,0,market cap outside $300M-$10B,False,False,1048.0,2022-06-29,55670839.46,26448.584249999996,0.052548326295677995,0.21913836658273333,dev,clean_long,1
0001493152-22-017916,0000764195,VBIV,2022-06-28,acceptance_time,,2022-06-28T08:00:26,1,unclear,text,1,unclear,,,1,market cap outside $300M-$10B,False,False,1048.0,2022-06-29,219415566.90240002,313178.65287,0.084042777418157,-0.03628122417166035,dev,no_trade,0
0001279569-22-001053,0001633932,EPIX,2022-06-28,acceptance_time,updated_after_release,2022-06-27T16:12:59,2,unclear,aact,2,unclear,2,unclear,1,market cap outside $300M-$10B,False,False,1048.0,2022-06-29,174476412.0,206030.54150000002,0.04390293219506071,-0.055627226568510046,dev,no_trade,0
0001193125-22-183909,0001785173,ETNB,2022-06-29,acceptance_time,updated_after_release,2022-06-28T16:03:09,1,yes,aact,0,yes,0,yes,3,market cap outside $300M-$10B,False,False,1049.0,2022-06-30,72247413.2,220836.53400000004,0.06688078779298431,-0.04861340784246648,dev,clean_long,1
0001193125-22-183927,0001786255,ICVX,2022-06-29,acceptance_time,,2022-06-28T16:10:11,0,yes,text,0,yes,,,2,illiquid (Nasdaq 20-day dollar volume < $1.2M),False,False,1049.0,2022-06-30,334499900.18,367554.48925000004,0.11125766114302489,-0.17663522042819468,dev,clean_long,1
0001193125-22-184488,0001420565,ALRN,2022-06-29,acceptance_time,updated_after_release,2022-06-29T09:02:33,3,no,aact,3,no,3,no,0,market cap outside $300M-$10B,False,False,1049.0,2022-06-30,37237674.769999996,11161.076615,0.04982687186409862,-0.2767377637339127,dev,no_trade,0
0001564590-22-024605,0001563880,TRVI,2022-06-29,acceptance_time,,2022-06-29T08:00:47,0,yes,text,0,yes,,,0,"no ticker printed in the release (missing, or today's SEC ticker)",,,,,,,,,dev,no_trade,0
0001193125-22-184463,0001851194,VTYX,2022-06-29,acceptance_time,,2022-06-29T08:30:43,0,yes,text,0,yes,,,1,illiquid (Nasdaq 20-day dollar volume < $1.2M),False,False,1049.0,2022-06-30,619865120.43,731161.0314999998,0.05871179058377612,-0.02558367901833214,dev,clean_long,1
0001062822-22-000030,0001062822,LXRX,2022-06-30,release_date_only,updated_after_release,2022-06-29T23:59,3,no,aact,3,no,0,yes,1,illiquid (Nasdaq 20-day dollar volume < $1.2M),False,False,1050.0,2022-07-01,335089554.24,263761.4865,0.07027241710585137,-0.16268912619875453,dev,no_trade,0
0001104659-22-076024,0001346830,CARA,2022-06-30,acceptance_time,updated_after_release,2022-06-30T07:01:23,0,yes,aact,0,yes,0,yes,1,illiquid (Nasdaq 20-day dollar volume < $1.2M),False,False,1050.0,2022-07-01,513939847.75,896281.2605000001,0.035739049312376314,-0.04101290096413501,dev,clean_long,1
0001193125-22-185512,0001659352,CDAK,2022-06-30,acceptance_time,,2022-06-30T06:36:09,2,unclear,text,2,unclear,,,1,market cap outside $300M-$10B,False,False,1050.0,2022-07-01,82327553.22,98271.0425,0.10944342149132129,-0.21162550402857494,dev,no_trade,0
0001651308-22-000118,0001651308,BGNE,2022-07-01,acceptance_time,updated_after_release,2022-06-30T16:17:08,0,yes,"text, match rejected",0,yes,0,yes,3,market cap outside $300M-$10B,False,False,1051.0,2022-07-05,217398757999.52002,12407751.844499998,0.06678453139423614,-0.0007177431340326113,dev,clean_long,1
0001493152-22-018455,0001815974,ANEB,2022-07-05,acceptance_time,updated_after_release,2022-07-05T08:17:04,0,yes,aact,0,yes,0,yes,2,market cap outside $300M-$10B,False,False,1052.0,2022-07-06,127928227.16000001,12302.694000000001,0.11364002217313943,-0.08029864638307516,dev,clean_long,1
0001193125-22-188270,0001801777,AMTI,2022-07-06,acceptance_time,updated_after_release,2022-07-06T08:01:04,2,no,aact,2,no,2,no,2,market cap outside $300M-$10B,False,False,1053.0,2022-07-07,121374071.82000001,224673.462,0.08206707438219309,-0.25943069857696255,dev,no_trade,0
0001193125-22-187999,0001797336,AYLA,2022-07-06,acceptance_time,updated_after_release,2022-07-05T17:04:06,3,unclear,aact,2,unclear,2,unclear,0,market cap outside $300M-$10B,False,False,1053.0,2022-07-07,15493811.3,6813.811500000001,0.06641469084606082,0.013759805186789431,dev,spun_short,-1
0001140361-22-025669,0000874015,IONS,2022-07-11,acceptance_time,updated_after_release,2022-07-11T10:14:22,0,yes,aact,0,yes,0,yes,1,,False,False,1056.0,2022-07-12,5263536340.48,9042254.683499997,0.027446419389151714,0.028596534923954753,dev,clean_long,1
0001628280-22-018777,0001398733,AQST,2022-07-11,acceptance_time,,2022-07-11T10:14:07,1,unclear,text,1,unclear,,,0,market cap outside $300M-$10B,False,False,1056.0,2022-07-12,31443096.5904,97823.24989499999,0.06688812504930422,0.1264634686841476,dev,no_trade,0
0001193125-22-190873,0001746473,PLRX,2022-07-11,release_date_only,updated_after_release,2022-07-10T23:59,2,yes,aact,2,yes,2,yes,2,illiquid (Nasdaq 20-day dollar volume < $1.2M),False,False,1056.0,2022-07-12,320326931.27,536330.8377500001,0.04834513856226516,1.6358348892177772,dev,spun_short,-1
0001193125-22-191747,0001604950,SCPH,2022-07-12,acceptance_time,updated_after_release,2022-07-12T08:08:32,3,no,aact,2,unclear,3,no,1,market cap outside $300M-$10B,False,False,1057.0,2022-07-13,143974026.88,52737.87275,0.04133929783543064,-0.04123802658298792,dev,no_trade,0
0001213900-22-039009,0001158780,PSTI,2022-07-13,acceptance_time,updated_after_release,2022-07-13T09:28:41,3,no,aact,3,no,3,no,1,market cap outside $300M-$10B,False,False,1058.0,2022-07-14,39464052.48,15679.922,0.03703245860764928,-0.147390823836562,dev,no_trade,0
0001214659-22-008799,0001293310,HGEN,2022-07-13,release_date_only,,2022-07-12T23:59,0,no,text,0,no,,,1,market cap outside $300M-$10B,False,False,1058.0,2022-07-14,211194777.95000002,837875.9377499999,0.09516482491174977,-0.8118954567659991,dev,clean_short,-1
0001493152-22-019381,0000908259,OTLC,2022-07-13,release_date_only,,2022-07-12T23:59,3,unclear,text,3,unclear,,,0,no prices for the release's ticker,,,,,,,,,dev,no_trade,0
0000950170-22-012761,0001515673,RARE,2022-07-19,acceptance_time,updated_after_release,2022-07-18T16:12:15,1,yes,aact,2,unclear,2,yes,1,,False,False,1062.0,2022-07-20,4261545839.54,8278775.04875,0.031555334360364055,-0.17744665568414042,dev,clean_long,1
0001213900-22-040399,0001513525,ADIL,2022-07-20,acceptance_time,updated_after_release,2022-07-20T07:14:03,3,no,aact,3,no,3,no,2,market cap outside $300M-$10B,False,False,1063.0,2022-07-21,43533800.46,172915.00900000002,0.07563172145695303,-0.4842259264141058,dev,no_trade,0
0000950170-22-012804,0001693011,INZY,2022-07-20,acceptance_time,updated_after_release,2022-07-19T16:36:11,0,yes,aact,1,unclear,0,yes,2,market cap outside $300M-$10B,False,False,1063.0,2022-07-21,218930034.96,201379.84,0.034465648883501565,-0.17911573605801379,dev,clean_long,1
0001564590-22-026043,0001426800,ASMB,2022-07-21,acceptance_time,updated_after_release,2022-07-20T16:11:40,0,no,aact,0,no,0,no,1,market cap outside $300M-$10B,False,False,1064.0,2022-07-22,104147581.68,199585.85350000003,0.030550236413117195,0.07786016020753339,dev,clean_short,-1
0001851734-22-000390,0001411685,VTGN,2022-07-22,acceptance_time,updated_after_release,2022-07-22T08:31:48,0,no,aact,0,no,0,no,1,market cap outside $300M-$10B,False,False,1065.0,2022-07-25,221105821.85000002,230580.45332500004,0.06250051091850277,-0.8161133926787577,dev,clean_short,-1
0001193125-22-201401,0001060736,SGEN,2022-07-26,acceptance_time,updated_after_release,2022-07-26T06:10:04,0,yes,aact,0,yes,0,yes,0,market cap outside $300M-$10B,False,False,1067.0,2022-07-27,31811952623.26,57884681.753499985,0.0172343432564753,0.021583657611746743,dev,clean_long,1
0001104659-22-083430,0001429560,TRVN,2022-07-28,acceptance_time,,2022-07-28T07:06:10,1,yes,text,1,yes,,,1,market cap outside $300M-$10B,False,False,1069.0,2022-07-29,43449001.8375,41608.32520000001,0.03088161963466286,0.012700011994722371,dev,clean_long,1
0001437749-22-017952,0001659617,MBRX,2022-07-28,acceptance_time,updated_after_release,2022-07-28T08:35:23,1,yes,aact,1,unclear,1,yes,1,market cap outside $300M-$10B,False,False,1069.0,2022-07-29,48297391.22,11486.0165,0.04327418647264505,0.016712409853274157,dev,clean_long,1
0000950170-22-013289,0001755237,CYCN,2022-07-28,acceptance_time,updated_after_release,2022-07-28T09:00:39,2,yes,aact,2,yes,2,yes,2,market cap outside $300M-$10B,False,False,1069.0,2022-07-29,33020753.6,10763.886844999999,0.07102819191625206,0.2279005132478552,dev,spun_short,-1
0000950170-22-013671,0001493566,OTIC,2022-08-02,acceptance_time,updated_after_release,2022-08-01T16:11:01,0,no,aact,0,no,0,no,2,market cap outside $300M-$10B,False,False,1072.0,2022-08-03,16584195.633,100459.79039999998,0.18247749014003264,-0.1670237176118461,dev,clean_short,-1
0001193125-22-210650,0001785345,LABP,2022-08-03,acceptance_time,updated_after_release,2022-08-03T08:30:57,2,yes,aact,2,unclear,2,yes,2,market cap outside $300M-$10B,False,False,1073.0,2022-08-04,32739302.037,4599.592860000001,0.040052731247314705,0.1057023793461851,dev,spun_short,-1
0001104659-22-085175,0001633070,AXLA,2022-08-03,acceptance_time,updated_after_release,2022-08-02T16:06:41,3,no,aact,3,no,3,no,4,market cap outside $300M-$10B,False,False,1073.0,2022-08-04,105677438.39999999,12232.041000000001,0.02532913510815111,0.14629249406216638,dev,spun_short,-1
0001193125-22-211339,0001274792,MACK,2022-08-04,acceptance_time,,2022-08-03T16:45:25,1,no,text,1,no,,,0,market cap outside $300M-$10B,False,False,1074.0,2022-08-05,57664044.9,45527.3855,0.04868273336945501,-0.050798623025580136,dev,clean_short,-1
0001193125-22-212531,0001517022,AKBA,2022-08-05,acceptance_time,,2022-08-04T16:14:44,2,no,text,2,no,,,0,market cap outside $300M-$10B,False,False,1075.0,2022-08-08,76223651.9484,206984.82948000001,0.04500540117162842,-0.06374109381857584,dev,no_trade,0
0001193125-22-214504,0001205922,VCNX,2022-08-08,acceptance_time,updated_after_release,2022-08-08T11:06:34,3,no,"text, match rejected",3,no,3,no,4,market cap outside $300M-$10B,False,False,1076.0,2022-08-09,43943972.53,14145.648000000001,0.022319147245380904,0.016645804626113536,dev,spun_short,-1
0000950170-22-015232,0001468748,KOD,2022-08-08,acceptance_time,,2022-08-08T07:00:41,0,yes,text,0,yes,,,1,,False,False,1076.0,2022-08-09,504989293.32000005,1527234.344,0.04948142962402309,0.12464053074381698,dev,clean_long,1
0001193125-22-214126,0001771917,KRTX,2022-08-08,acceptance_time,updated_after_release,2022-08-08T06:43:14,0,yes,aact,0,yes,0,yes,1,,False,False,1076.0,2022-08-09,4194339561.7200003,8800873.711,0.03300463439510856,0.6998211069693252,dev,clean_long,1
0000950170-22-015240,0001868734,,2022-08-08,acceptance_time,updated_after_release,2022-08-08T07:12:17,0,yes,aact,0,yes,1,yes,1,"no ticker printed in the release (missing, or today's SEC ticker)",,,,,,,,,dev,no_trade,0
0001651308-22-000150,0001651308,BGNE,2022-08-10,release_date_only,updated_after_release,2022-08-09T23:59,0,yes,aact,0,yes,0,yes,0,market cap outside $300M-$10B,False,False,1078.0,2022-08-11,266715745935.18,10923410.2945,0.04135261519409431,-0.06580299277642532,dev,clean_long,1
0001860782-22-000040,0001860782,BMY,2022-08-10,acceptance_time,updated_after_release,2022-08-10T06:48:11,0,yes,aact,0,yes,0,yes,0,,False,False,1078.0,2022-08-11,2820737040.7999997,91051533.80250002,0.012180346428058266,-0.03462940959741534,dev,clean_long,1
0001104659-22-088684,0001566044,VYNE,2022-08-11,acceptance_time,updated_after_release,2022-08-10T17:01:18,0,no,aact,0,no,0,no,0,market cap outside $300M-$10B,False,False,1079.0,2022-08-12,17951631.59,27846.598689999995,0.06375091816313391,-1.54921334388769e-05,dev,clean_short,-1
0001193125-22-219278,0001463361,UBX,2022-08-12,acceptance_time,updated_after_release,2022-08-12T07:18:11,2,yes,aact,2,yes,3,no,2,market cap outside $300M-$10B,False,True,1080.0,2022-08-15,58793598.15,53592.241895,0.08900168327788117,0.46218986989268895,dev,spun_short,-1
0001104659-22-089678,0001674365,APTX,2022-08-12,acceptance_time,updated_after_release,2022-08-12T07:15:42,0,no,aact,0,no,0,no,3,market cap outside $300M-$10B,False,False,1080.0,2022-08-15,40629430.8,17906.54237,0.08120243842127062,-0.39509444383280123,dev,clean_short,-1
0001104659-22-092002,0001597264,BPMC,2022-08-17,acceptance_time,updated_after_release,2022-08-17T07:28:54,0,yes,aact,0,yes,0,yes,2,,False,False,1083.0,2022-08-18,4091387740.7000003,10324601.371499997,0.04404875725988841,-0.07748895633146113,dev,clean_long,1
0001193125-22-232575,0001759138,CABA,2022-08-29,acceptance_time,updated_after_release,2022-08-29T14:15:01,1,unclear,"text, match rejected",1,unclear,0,unclear,0,market cap outside $300M-$10B,False,False,1091.0,2022-08-30,55126590.5,423321.31425,0.0898825802059163,-0.3270118925340627,dev,no_trade,0
0001628280-22-023857,0001001233,SGMO,2022-08-30,acceptance_time,,2022-08-30T06:06:57,1,yes,text,1,yes,,,1,,False,False,1092.0,2022-08-31,820338280.6800001,1763444.2814999998,0.051770239834964246,0.02872500908760456,dev,clean_long,1
0001104659-22-096250,0000855654,IMGN,2022-08-31,acceptance_time,,2022-08-31T06:40:28,2,unclear,text,2,unclear,,,1,,False,False,1093.0,2022-09-01,1270203832.95,3054358.6884999997,0.04123822408643944,0.0003592947953685588,dev,spun_short,-1
0001370053-22-000049,0001370053,ANAB,2022-09-01,acceptance_time,updated_after_release,2022-08-31T16:19:39,0,unclear,aact,0,unclear,0,unclear,0,,False,False,1094.0,2022-09-02,655714502.64,1600715.5524999998,0.05039341139915099,0.04532749692857352,dev,no_trade,0
0001437749-22-021620,0000072444,VXRT,2022-09-01,acceptance_time,updated_after_release,2022-09-01T07:05:18,1,yes,aact,1,yes,1,yes,1,,False,False,1094.0,2022-09-02,390904494.81,1699292.7810000002,0.047269991992132304,-0.005674735830263344,dev,clean_long,1
0001104659-22-097701,0000894158,SYN,2022-09-06,release_date_only,unchanged_since_release,2022-09-05T23:59,1,yes,aact,1,unclear,1,yes,1,market cap outside $300M-$10B,False,False,1096.0,2022-09-07,22340126.009999998,6264.3805,0.02448401138766494,0.028769249134535047,dev,clean_long,1
0001193125-22-238444,0001107421,TCRT,2022-09-06,acceptance_time,updated_after_release,2022-09-06T08:21:02,2,unclear,aact,2,unclear,1,unclear,0,illiquid (Nasdaq 20-day dollar volume < $1.2M),False,False,1096.0,2022-09-07,624744426.38,1121724.2320000003,0.09737048629106877,0.032229456746991625,dev,spun_short,-1
0001193125-22-238271,0001403752,ZYME,2022-09-06,release_date_only,,2022-09-04T23:59,1,unclear,text,1,unclear,,,1,illiquid (Nasdaq 20-day dollar volume < $1.2M),False,False,1096.0,2022-09-07,387013267.72499996,419520.8455,0.040344744812263224,-0.25918886604871105,dev,no_trade,0
0001410939-22-000094,0001410939,ISEE,2022-09-06,acceptance_time,updated_after_release,2022-09-06T06:11:20,0,unclear,aact,0,unclear,0,unclear,1,,False,False,1096.0,2022-09-07,1114654564.1599998,5722748.540500001,0.03976976738821956,0.6919048423548741,dev,no_trade,0
0001520138-22-000390,0001580149,BIVI,2022-09-07,acceptance_time,updated_after_release,2022-09-07T06:05:47,3,unclear,aact,3,unclear,3,unclear,2,market cap outside $300M-$10B,False,False,1097.0,2022-09-08,85945245.52,38725.536,0.10282893159321056,-0.15008517984953473,dev,no_trade,0
0001104659-22-098037,0001761612,BCYC,2022-09-07,acceptance_time,updated_after_release,2022-09-07T07:03:01,2,unclear,aact,2,unclear,2,unclear,0,illiquid (Nasdaq 20-day dollar volume < $1.2M),False,False,1097.0,2022-09-08,751102774.37,1170134.9455,0.03362694190276756,-0.0456878463201823,dev,no_trade,0
0000950170-22-018205,0001812364,RLAY,2022-09-08,release_date_only,updated_after_release,2022-09-07T23:59,0,unclear,aact,0,unclear,0,unclear,0,,False,False,1098.0,2022-09-09,2760566404.05,5676471.106500002,0.06297464957565153,0.20658640388022054,dev,no_trade,0
0001193125-22-240127,0001761918,ERAS,2022-09-08,acceptance_time,,2022-09-07T17:16:41,3,unclear,text,3,unclear,,,1,illiquid (Nasdaq 20-day dollar volume < $1.2M),False,False,1098.0,2022-09-09,1148181828.2,986355.3740000001,0.06727533486403231,-0.14471872852147483,dev,no_trade,0
0000950170-22-018265,0001564824,ALLK,2022-09-09,acceptance_time,updated_after_release,2022-09-09T07:05:26,0,no,aact,0,no,0,no,3,market cap outside $300M-$10B,False,False,1099.0,2022-09-12,254476531.2,1742864.2412499997,0.06933390921989785,0.05155653531880011,dev,clean_short,-1
0001558370-22-014297,0001621227,ADAP,2022-09-09,acceptance_time,,2022-09-09T07:14:38,2,unclear,text,2,unclear,,,0,illiquid (Nasdaq 20-day dollar volume < $1.2M),False,False,1099.0,2022-09-12,1980050181.24,89121.01150000001,0.04599894910314654,-0.051187575299158405,dev,no_trade,0
0001628280-22-024744,0001213037,CRDF,2022-09-12,release_date_only,updated_after_release,2022-09-10T23:59,2,unclear,aact,2,unclear,2,unclear,1,market cap outside $300M-$10B,False,False,1100.0,2022-09-13,125454590.505,188931.57575,0.060976938356368235,0.10465061520403407,dev,spun_short,-1
0001651308-22-000162,0001651308,BGNE,2022-09-12,release_date_only,updated_after_release,2022-09-10T23:59,0,yes,aact,0,yes,1,yes,2,market cap outside $300M-$10B,False,False,1100.0,2022-09-13,230639883730.71,8312751.923000002,0.02799053505893351,0.009065488430465951,dev,clean_long,1
0001193125-22-244793,0001676725,IDYA,2022-09-12,release_date_only,updated_after_release,2022-09-11T23:59,2,unclear,aact,2,unclear,1,yes,1,illiquid (Nasdaq 20-day dollar volume < $1.2M),False,False,1100.0,2022-09-13,362792552.46000004,1119882.2605,0.08551995344867615,0.3000804013073952,dev,spun_short,-1
0001193125-22-242423,0001654151,DCPH,2022-09-12,release_date_only,updated_after_release,2022-09-11T23:59,0,unclear,aact,0,unclear,0,unclear,0,,False,False,1100.0,2022-09-13,1209479756.6000001,3067039.142,0.03670708517575191,0.10896267925044656,dev,no_trade,0
0001664710-22-000049,0001664710,KROS,2022-09-12,acceptance_time,,2022-09-12T06:03:18,1,unclear,text,1,unclear,,,1,,False,False,1100.0,2022-09-13,1005293914.62,1616504.2030000002,0.033840565220573895,0.013141360332996843,dev,no_trade,0
0001104659-22-099487,0001710072,EWTX,2022-09-12,release_date_only,updated_after_release,2022-09-11T23:59,2,yes,aact,2,unclear,2,yes,1,illiquid (Nasdaq 20-day dollar volume < $1.2M),False,False,1100.0,2022-09-13,617515002.8000001,353908.053,0.03720171354814426,0.08432357748605512,dev,spun_short,-1
0001193125-22-243332,0001744659,AKRO,2022-09-13,acceptance_time,updated_after_release,2022-09-13T09:07:10,0,yes,aact,0,yes,0,yes,0,illiquid (Nasdaq 20-day dollar volume < $1.2M),False,False,1101.0,2022-09-14,461377111.28,872817.5525,0.06109726577185934,1.4130913113531265,dev,clean_long,1
0001104659-22-099483,0001279704,CLRB,2022-09-13,acceptance_time,updated_after_release,2022-09-13T08:45:32,2,unclear,aact,2,unclear,2,unclear,0,market cap outside $300M-$10B,False,False,1101.0,2022-09-14,29695197.78,18732.862,0.03946279453409921,0.008317916894607147,dev,spun_short,-1
0001213900-22-055429,0001176309,ORMP,2022-09-13,acceptance_time,updated_after_release,2022-09-13T08:52:28,2,yes,aact,4,yes,2,yes,2,"no ticker printed in the release (missing, or today's SEC ticker)",,,,,,,,,dev,no_trade,0
0001626199-22-000061,0001626199,ALPN,2022-09-13,acceptance_time,updated_after_release,2022-09-12T16:19:59,1,yes,aact,2,unclear,1,yes,1,market cap outside $300M-$10B,False,False,1101.0,2022-09-14,245637486.32,57182.78850000001,0.029046030359860062,0.011923833041777354,dev,clean_long,1
0001558370-22-014392,0001326190,ALT,2022-09-14,acceptance_time,updated_after_release,2022-09-14T07:13:02,0,yes,"text, match rejected",0,yes,0,yes,1,,False,False,1102.0,2022-09-15,987691930.5000001,7147862.83025,0.05118398385884535,-0.2802083369843712,dev,clean_long,1
0001104659-22-100245,0001035354,ELOX,2022-09-15,release_date_only,updated_after_release,2022-09-14T23:59,2,no,aact,2,no,2,no,0,market cap outside $300M-$10B,False,True,1103.0,2022-09-16,32929363.98,8454.37577,0.07010965344012565,-0.42883601811298333,dev,no_trade,0
0001558370-22-014456,0001818844,VIRI,2022-09-19,acceptance_time,updated_after_release,2022-09-19T07:30:22,3,no,aact,3,no,3,no,1,market cap outside $300M-$10B,False,False,1105.0,2022-09-20,72474393.0,30927.410749999992,0.041483656572515855,-0.7590964565707549,dev,no_trade,0
0001193805-22-001285,0001280776,IMUX,2022-09-20,acceptance_time,,2022-09-20T08:04:49,0,yes,text,0,yes,,,1,market cap outside $300M-$10B,True,False,1106.0,2022-09-21,117369580.8,72105.90525,0.03726222470621863,-0.11984233138780809,dev,clean_long,1
0001193125-22-247417,0001631574,WVE,2022-09-20,acceptance_time,updated_after_release,2022-09-20T07:34:54,1,yes,aact,1,unclear,1,yes,2,market cap outside $300M-$10B,False,False,1106.0,2022-09-21,293451975.18,145200.54750000002,0.04548757298954075,0.09131089839522932,dev,clean_long,1
0001193125-22-247767,0001692830,STSA,2022-09-21,acceptance_time,updated_after_release,2022-09-20T17:03:54,0,yes,aact,2,unclear,1,unclear,0,market cap outside $300M-$10B,False,False,1107.0,2022-09-22,236590322.57,124104.39499999999,0.03774014952442534,0.08633104531915203,dev,clean_long,1
0001387131-22-009920,0000887247,ADMP,2022-09-22,acceptance_time,updated_after_release,2022-09-21T16:10:41,0,no,aact,0,no,0,no,0,market cap outside $300M-$10B,False,False,1108.0,2022-09-23,40495481.550000004,20828.53749,0.0664707212239613,-0.06130704082922522,dev,clean_short,-1
0001387131-22-009927,0001430306,TNXP,2022-09-22,acceptance_time,,2022-09-22T07:05:26,0,unclear,text,0,unclear,,,0,market cap outside $300M-$10B,False,False,1108.0,2022-09-23,27563388.3466,287748.44659999997,0.056733126370502686,-0.10502706142785845,dev,no_trade,0
0001193125-22-250701,0001593034,ENDP,2022-09-23,release_date_only,updated_after_release,2022-09-22T23:59,0,no,aact,0,no,0,no,0,"no trade on previous day, reaction day or entry day",,,,,,,,,dev,no_trade,0
0001493152-22-026752,0001815974,ANEB,2022-09-26,acceptance_time,updated_after_release,2022-09-26T08:00:43,1,yes,aact,1,yes,1,yes,1,market cap outside $300M-$10B,False,False,1110.0,2022-09-27,66366730.279999994,3998.7460000000005,0.06864598234306248,0.10198774173871827,dev,clean_long,1
0001551986-22-000094,0001551986,NMTR,2022-09-27,acceptance_time,updated_after_release,2022-09-26T16:08:32,1,yes,aact,1,yes,1,yes,1,market cap outside $300M-$10B,False,True,1111.0,2022-09-28,53583406.184,31433.814525000005,0.042086546540756914,-0.013440169480823272,dev,clean_long,1
0001628280-22-025530,0001398733,AQST,2022-09-27,acceptance_time,,2022-09-27T09:59:35,1,yes,text,1,yes,,,1,market cap outside $300M-$10B,False,False,1111.0,2022-09-28,58685719.400000006,106594.42199999999,0.06340301880482176,-0.01073223911331822,dev,clean_long,1
0001628280-22-025519,0001501697,XFOR,2022-09-27,acceptance_time,updated_after_release,2022-09-27T07:53:07,2,yes,aact,1,yes,1,yes,1,market cap outside $300M-$10B,False,False,1111.0,2022-09-28,60401675.2332,96308.21602500002,0.06151466714042748,0.3689720661279796,dev,spun_short,-1
0001193125-22-251807,0001746466,EQ,2022-09-27,acceptance_time,updated_after_release,2022-09-27T09:28:12,0,yes,aact,4,unclear,0,unclear,0,"no ticker printed in the release (missing, or today's SEC ticker)",,,,,,,,,dev,no_trade,0
0000950170-22-018944,0001833214,SABS,2022-09-28,acceptance_time,updated_after_release,2022-09-28T09:01:09,4,unclear,aact,4,unclear,4,unclear,0,"no ticker printed in the release (missing, or today's SEC ticker)",,,,,,,,,dev,no_trade,0
0001193125-22-252642,0001750019,TCRR,2022-09-28,acceptance_time,updated_after_release,2022-09-28T07:01:08,1,yes,aact,1,yes,1,yes,2,market cap outside $300M-$10B,False,False,1112.0,2022-09-29,65244856.559999995,123199.43025,0.03485253145812015,0.004930966469427922,dev,clean_long,1
0000950170-22-018928,0001835597,PEPG,2022-09-28,acceptance_time,,2022-09-28T06:06:14,1,yes,text,1,yes,,,2,market cap outside $300M-$10B,False,False,1112.0,2022-09-29,124540239.47999999,52420.246,0.06301261368853928,1.0227217437843625,dev,clean_long,1
0001104659-22-103927,0001633070,AXLA,2022-09-29,acceptance_time,unchanged_since_release,2022-09-29T09:15:46,2,unclear,aact,2,unclear,2,unclear,4,market cap outside $300M-$10B,False,False,1113.0,2022-09-30,91599357.66,25121.523,0.10424388836147085,0.137527503801684,dev,spun_short,-1
0000950170-22-018988,0001800315,GLTO,2022-09-29,acceptance_time,updated_after_release,2022-09-29T07:00:35,2,yes,aact,2,unclear,2,yes,1,market cap outside $300M-$10B,False,False,1113.0,2022-09-30,61203629.77,30324.36499999999,0.07149034940069407,-0.19573428853866037,dev,no_trade,0
0001193125-22-254857,0001107421,TCRT,2022-09-30,acceptance_time,updated_after_release,2022-09-30T08:00:13,4,unclear,"text, match rejected",4,unclear,2,unclear,0,"no ticker printed in the release (missing, or today's SEC ticker)",,,,,,,,,dev,no_trade,0
0001104659-22-104337,0001270073,ICPT,2022-09-30,acceptance_time,updated_after_release,2022-09-30T07:58:29,1,no,aact,1,no,1,no,1,,False,False,1114.0,2022-10-03,489581797.2,3662477.4855000013,0.05435260257573381,-0.15603962165385388,dev,clean_short,-1
0000950170-22-019168,0001822791,CLNN,2022-10-03,acceptance_time,updated_after_release,2022-10-03T08:33:15,3,no,aact,3,no,3,no,2,market cap outside $300M-$10B,False,False,1115.0,2022-10-04,178440575.04,147499.64375000002,0.041692649741244425,-0.29276507476090907,dev,no_trade,0
0000950170-22-019151,0001579428,AXSM,2022-10-03,acceptance_time,,2022-10-03T07:09:06,0,yes,text,0,yes,,,0,,False,False,1115.0,2022-10-04,1798370012.8799999,14818772.448999997,0.034995200981153274,0.00829281064866283,dev,clean_long,1
0001193125-22-256110,0001501796,AURA,2022-10-03,acceptance_time,updated_after_release,2022-10-03T07:05:24,1,yes,aact,1,yes,1,yes,2,illiquid (Nasdaq 20-day dollar volume < $1.2M),False,False,1115.0,2022-10-04,530731220.10999995,413544.89424999995,0.06951851721820233,-0.1928441792121538,dev,clean_long,1
0000950170-22-019116,0001061983,CYTK,2022-10-03,acceptance_time,,2022-09-30T16:30:45,2,unclear,text,2,unclear,,,0,,False,False,1115.0,2022-10-04,4560340058.679999,13973667.007999998,0.03248116274502055,0.04622640605991801,dev,spun_short,-1
0001104659-22-105234,0001722964,YMAB,2022-10-04,acceptance_time,,2022-10-03T16:05:56,2,unclear,text,2,unclear,,,0,illiquid (Nasdaq 20-day dollar volume < $1.2M),False,False,1116.0,2022-10-05,580158415.23,997906.7839999998,0.04849284958204898,0.0004182992887591386,dev,spun_short,-1
0001157523-22-001289,0001341235,ALDX,2022-10-06,acceptance_time,updated_after_release,2022-10-06T07:05:25,4,unclear,aact,4,unclear,4,unclear,0,illiquid (Nasdaq 20-day dollar volume < $1.2M),False,False,1118.0,2022-10-07,325442987.28000003,609385.1049999999,0.0283198934946163,-0.0198342098829013,dev,no_trade,0
0001654954-22-013566,0000034956,TENX,2022-10-11,release_date_only,updated_after_release,2022-10-10T23:59,2,yes,aact,2,unclear,2,yes,1,market cap outside $300M-$10B,False,True,1121.0,2022-10-12,4272571.923,32474.732279999997,0.08391367376731045,-0.029685683412892794,dev,no_trade,0
0001104659-22-107454,0001322505,ALBO,2022-10-11,acceptance_time,,2022-10-11T08:25:43,0,yes,text,0,yes,,,0,,False,False,1121.0,2022-10-12,401664184.32,1970203.8065000002,0.04099408656188766,0.13765103764167952,dev,clean_long,1
0001193125-22-260253,0001645569,DICE,2022-10-11,acceptance_time,updated_after_release,2022-10-11T08:02:19,1,unclear,text,1,unclear,2,yes,3,,False,False,1121.0,2022-10-12,943425293.94,2668577.3705,0.043753382297311044,0.6106122409375483,dev,no_trade,0
0001618835-22-000196,0001618835,EVFM,2022-10-12,acceptance_time,updated_after_release,2022-10-11T21:23:56,1,no,aact,2,no,1,no,0,"no trade on previous day, reaction day or entry day",,,,,,,,,dev,no_trade,0
0001213900-22-063664,0001553643,RLMD,2022-10-13,acceptance_time,updated_after_release,2022-10-13T09:21:09,3,no,aact,2,no,3,no,3,,False,False,1123.0,2022-10-14,952617815.4200001,4354281.6104999995,0.041237200085776374,-0.8129598789518857,dev,no_trade,0
0000950170-22-019592,0001620463,ATHA,2022-10-17,acceptance_time,updated_after_release,2022-10-17T08:30:55,2,unclear,aact,2,unclear,2,unclear,3,market cap outside $300M-$10B,False,False,1125.0,2022-10-18,121016716.80000001,171198.48650000003,0.041233705582847245,0.05700796505652628,dev,spun_short,-1
0001193125-22-263369,0001426332,NGM,2022-10-17,acceptance_time,updated_after_release,2022-10-17T07:40:32,1,no,aact,1,no,1,no,4,,False,False,1125.0,2022-10-18,927422359.06,1483887.4485,0.03238296955666553,-0.7412481008013593,dev,clean_short,-1
0001493152-22-028519,0001401914,DARE,2022-10-17,acceptance_time,updated_after_release,2022-10-17T08:05:49,3,unclear,aact,1,yes,2,yes,0,market cap outside $300M-$10B,False,False,1125.0,2022-10-18,75516009.8774,56377.891890000006,0.02932713086169531,0.018407914511766155,dev,spun_short,-1
0001104659-22-108996,0001408443,MIST,2022-10-17,acceptance_time,,2022-10-17T06:07:05,0,yes,text,0,yes,,,1,market cap outside $300M-$10B,False,False,1125.0,2022-10-18,255392529.23,590557.1410000001,0.04911838746871839,-0.2553084274229096,dev,clean_long,1
0001193125-22-264177,0001527599,SYBX,2022-10-18,acceptance_time,unchanged_since_release,2022-10-18T08:30:44,2,yes,aact,2,unclear,2,yes,2,market cap outside $300M-$10B,False,False,1126.0,2022-10-19,75847959.36,14430.186814999997,0.04533073889506691,-0.005328376703841231,dev,no_trade,0
0001213900-22-064818,0001711754,INMB,2022-10-19,acceptance_time,,2022-10-19T08:07:55,2,unclear,text,2,unclear,,,0,market cap outside $300M-$10B,False,False,1127.0,2022-10-20,123647905.55,60486.34774999999,0.05494987001021607,0.061270529818562514,dev,spun_short,-1
0001104659-22-110120,0001682639,EYEN,2022-10-20,acceptance_time,updated_after_release,2022-10-20T08:34:04,3,no,aact,2,yes,3,no,0,market cap outside $300M-$10B,False,False,1128.0,2022-10-21,82110868.8,104825.706,0.06625475237418486,-0.03987169517884914,dev,no_trade,0
0001867096-22-000117,0001867096,XERS,2022-10-20,acceptance_time,,2022-10-20T08:20:08,0,yes,text,0,yes,,,0,market cap outside $300M-$10B,False,False,1128.0,2022-10-21,165867881.6,306257.04225,0.040825773995831344,0.014158359465959447,dev,clean_long,1
0001493152-22-029275,0001582554,MTNB,2022-10-21,acceptance_time,updated_after_release,2022-10-21T07:00:27,0,yes,aact,0,yes,0,yes,2,market cap outside $300M-$10B,False,False,1129.0,2022-10-24,153952127.0074,7282.246685,0.03803750326834595,0.14453871149562358,dev,clean_long,1
0001193805-22-001439,0001280776,IMUX,2022-10-21,acceptance_time,,2022-10-20T16:32:42,0,no,text,0,no,,,1,unverified price jump before the signal,,,,,,,,,dev,no_trade,0
0001599298-22-000114,0001599298,SMMT,2022-10-21,acceptance_time,updated_after_release,2022-10-20T17:23:11,2,no,aact,2,no,2,no,2,market cap outside $300M-$10B,False,False,1129.0,2022-10-24,117746827.2,60161.88325,0.0439484164609585,-0.10316166883963473,dev,no_trade,0
0001193125-22-267201,0001759425,MIRM,2022-10-24,acceptance_time,,2022-10-24T08:46:05,0,yes,text,0,yes,,,1,,False,False,1130.0,2022-10-25,638986603.48,1803710.4512500004,0.03681119080813944,0.02954824080148777,dev,clean_long,1
0001193125-22-267147,0001649094,PCVX,2022-10-24,acceptance_time,updated_after_release,2022-10-24T08:00:52,0,yes,aact,0,yes,0,yes,0,,False,False,1130.0,2022-10-25,1218332852.36,3679102.749000001,0.03624783778713794,0.6110798449472661,dev,clean_long,1
0001595585-22-000077,0001595585,TCDA,2022-10-24,acceptance_time,unchanged_since_release,2022-10-24T07:05:05,0,unclear,aact,0,unclear,0,unclear,0,,False,False,1130.0,2022-10-25,605120725.5999999,3898774.0175000005,0.06402650779330085,-0.9398475352895598,dev,no_trade,0
0001193125-22-268408,0001656634,GRTS,2022-10-26,acceptance_time,,2022-10-25T16:35:06,1,unclear,text,1,unclear,,,2,market cap outside $300M-$10B,False,False,1132.0,2022-10-27,179231993.51,240379.35050000003,0.050873409990397724,-0.042979866660567745,dev,no_trade,0
0001193125-22-269333,0001563577,GRTX,2022-10-26,acceptance_time,updated_after_release,2022-10-26T13:41:20,2,unclear,aact,2,unclear,2,unclear,3,market cap outside $300M-$10B,False,False,1132.0,2022-10-27,47742428.42,16375.759,0.03743894824169094,-0.06706508600197147,dev,no_trade,0
0001279569-22-001739,0001633932,EPIX,2022-10-26,acceptance_time,updated_after_release,2022-10-26T07:33:00,1,yes,aact,1,unclear,1,unclear,1,market cap outside $300M-$10B,False,False,1132.0,2022-10-27,77127883.0,47522.974,0.06924396989833329,1.8063538546079805,dev,clean_long,1
0001140361-22-038679,0001472091,PDSB,2022-10-28,acceptance_time,updated_after_release,2022-10-27T16:49:43,2,unclear,aact,2,unclear,2,unclear,0,market cap outside $300M-$10B,False,False,1134.0,2022-10-31,145423895.68,226130.01775000003,0.0708456888053372,0.021518435197082075,dev,spun_short,-1
0001640334-22-002286,0001348362,LEXX,2022-10-28,release_date_only,,2022-10-27T23:59,1,yes,text,1,yes,,,1,market cap outside $300M-$10B,False,False,1134.0,2022-10-31,12913665.66,7908.405499999999,0.04372622411763793,-0.0075832629280361274,dev,clean_long,1
0001193125-22-271664,0001861560,NUVL,2022-10-28,acceptance_time,updated_after_release,2022-10-28T06:05:57,2,unclear,aact,2,unclear,1,unclear,3,market cap outside $300M-$10B,False,False,1134.0,2022-10-31,68846448.0,608605.6410000001,0.055020629802552026,0.5820396947594375,dev,spun_short,-1
0001213900-22-067378,0001388320,ATNM,2022-10-31,acceptance_time,updated_after_release,2022-10-31T07:00:13,0,yes,aact,0,yes,0,yes,1,market cap outside $300M-$10B,False,False,1135.0,2022-11-01,246809609.20000002,103979.875,0.04067707056367351,0.40524436667430275,dev,clean_long,1
0000950170-22-020535,0001800315,GLTO,2022-10-31,acceptance_time,updated_after_release,2022-10-31T09:00:31,2,unclear,aact,2,unclear,2,unclear,3,market cap outside $300M-$10B,False,False,1135.0,2022-11-01,47997867.33,13045.063999999998,0.06023596102245494,0.10316575745283652,dev,spun_short,-1
0001171843-22-006904,0001447028,ABUS,2022-11-01,acceptance_time,,2022-10-31T16:19:14,0,no,text,0,no,,,0,illiquid (Nasdaq 20-day dollar volume < $1.2M),False,False,1136.0,2022-11-02,350884418.03999996,342244.86725,0.03460173509055408,0.02652286810943605,dev,clean_short,-1
0000950170-22-020696,0001463361,UBX,2022-11-01,acceptance_time,updated_after_release,2022-11-01T07:00:38,1,yes,aact,1,yes,1,yes,3,reverse split between shares filing and event,False,False,,,,,,,dev,no_trade,0
0001193125-22-275463,0001827087,VIGL,2022-11-02,acceptance_time,,2022-11-02T08:20:43,0,yes,text,0,yes,,,1,illiquid (Nasdaq 20-day dollar volume < $1.2M),False,False,1137.0,2022-11-03,427134481.40999997,62209.61750000001,0.10161319568139314,-0.05799241527678134,dev,clean_long,1
0001193125-22-275350,0001718108,SURF,2022-11-02,acceptance_time,updated_after_release,2022-11-02T06:15:42,2,unclear,aact,2,unclear,2,unclear,1,market cap outside $300M-$10B,False,False,1137.0,2022-11-03,78345944.55000001,52998.01763,0.06049946994528611,-0.025004695591510417,dev,no_trade,0
0001493152-22-030153,0001106838,SONN,2022-11-02,acceptance_time,,2022-11-02T08:05:36,1,unclear,text,1,unclear,,,1,market cap outside $300M-$10B,False,False,1137.0,2022-11-03,169646134.0,1507371.6874999998,0.1847260566537795,-0.2484173940042088,dev,no_trade,0
0001104659-22-113463,0001034842,RIGL,2022-11-02,acceptance_time,updated_after_release,2022-11-01T16:05:37,2,no,"text, match rejected",2,no,2,no,1,market cap outside $300M-$10B,False,False,1137.0,2022-11-03,131286480.82560001,317762.299445,0.058041463896545575,-0.05520480091009916,dev,no_trade,0
0001493152-22-030288,0000318306,ABEO,2022-11-03,acceptance_time,updated_after_release,2022-11-03T07:32:23,0,yes,aact,0,yes,0,yes,3,market cap outside $300M-$10B,False,False,1138.0,2022-11-04,26419696.080000002,495650.4737499999,0.10734460609513798,-0.12273193954944983,dev,clean_long,1
0000950170-22-021739,0001645666,KZR,2022-11-03,acceptance_time,updated_after_release,2022-11-03T13:56:47,1,yes,aact,1,yes,2,yes,3,,False,False,1138.0,2022-11-04,503541588.45,1210692.3847499997,0.035557538694032824,-0.023777333211951412,dev,clean_long,1
0001493152-22-030215,0001053369,ELTP,2022-11-03,acceptance_time,,2022-11-02T16:30:52,0,yes,text,0,yes,,,0,no prices for the release's ticker,,,,,,,,,dev,no_trade,0
0001140361-22-039934,0000874015,IONS,2022-11-04,acceptance_time,updated_after_release,2022-11-04T07:05:23,1,yes,aact,0,yes,1,yes,2,,False,False,1139.0,2022-11-07,6307873060.719999,9234033.6385,0.014040116903302233,-0.0567250315410911,dev,clean_long,1
0001104659-22-115157,0001509745,LPTX,2022-11-07,acceptance_time,updated_after_release,2022-11-07T08:15:20,2,yes,aact,2,unclear,2,unclear,0,market cap outside $300M-$10B,False,False,1140.0,2022-11-08,78216984.9024,39406.84935999999,0.017297256549178557,-0.030899497960729216,dev,no_trade,0
0000950170-22-022838,0001868734,,2022-11-08,release_date_only,updated_after_release,2022-11-07T23:59,0,yes,aact,0,yes,0,yes,1,"no ticker printed in the release (missing, or today's SEC ticker)",,,,,,,,,dev,no_trade,0
0001193125-22-280787,0001274792,MACK,2022-11-09,acceptance_time,,2022-11-09T09:00:36,0,yes,text,0,yes,,,1,market cap outside $300M-$10B,False,False,1142.0,2022-11-10,53238664.71,34710.054500000006,0.09103967787499333,2.17173042558669,dev,clean_long,1
0001104659-22-116178,0001429560,TRVN,2022-11-09,acceptance_time,,2022-11-09T07:06:45,1,yes,text,1,yes,,,1,market cap outside $300M-$10B,False,True,1142.0,2022-11-10,30828392.5875,6568.1324349999995,0.023918016906022823,-0.27948467357249707,dev,clean_long,1
0001193125-22-282054,0001205922,VCNX,2022-11-10,acceptance_time,updated_after_release,2022-11-10T09:05:56,2,unclear,aact,2,unclear,2,unclear,1,market cap outside $300M-$10B,False,False,1143.0,2022-11-11,24109455.2201,3899.986925,0.0786488084708796,0.028657313678251972,dev,spun_short,-1
0001493152-22-031250,0001610820,BCTX,2022-11-10,acceptance_time,,2022-11-10T09:00:35,3,unclear,text,3,unclear,,,1,market cap outside $300M-$10B,False,False,1143.0,2022-11-11,86900900.8,268640.54675000004,0.048460373462350353,-0.030913053134195678,dev,no_trade,0
0001193125-22-282059,0001835579,IKNA,2022-11-10,acceptance_time,updated_after_release,2022-11-10T09:11:32,0,yes,aact,1,unclear,1,yes,1,market cap outside $300M-$10B,False,False,1143.0,2022-11-11,79947772.065,33202.796,0.06470013435987128,-0.11589037739723429,dev,clean_long,1
0001493152-22-032529,0001444307,ONCS,2022-11-11,release_date_only,updated_after_release,2022-11-10T23:59,2,unclear,aact,2,unclear,2,unclear,1,reverse split between shares filing and event,False,False,,,,,,,dev,no_trade,0
0001493152-22-031629,0001401914,DARE,2022-11-14,acceptance_time,updated_after_release,2022-11-14T08:05:35,2,yes,aact,1,yes,2,yes,0,market cap outside $300M-$10B,False,False,1145.0,2022-11-15,79786847.4286,23614.096025,0.026009253646255222,0.05096620412612962,dev,spun_short,-1
0000950170-22-024772,0001841387,CADL,2022-11-14,release_date_only,updated_after_release,2022-11-11T23:59,1,yes,aact,2,unclear,2,yes,1,market cap outside $300M-$10B,False,False,1145.0,2022-11-15,47097291.72,30775.762999999995,0.08216771007519377,0.0704277408818097,dev,clean_long,1
0001126234-22-000109,0001126234,LUMO,2022-11-14,acceptance_time,updated_after_release,2022-11-14T06:55:58,2,no,aact,2,unclear,3,no,2,market cap outside $300M-$10B,False,False,1145.0,2022-11-15,75770405.27999999,15489.0725,0.006358285314954185,-0.3393732798033524,dev,no_trade,0
0001193125-22-284529,0001692830,STSA,2022-11-15,acceptance_time,updated_after_release,2022-11-14T16:04:36,1,no,aact,1,no,2,no,2,market cap outside $300M-$10B,False,False,1146.0,2022-11-16,22194389.18,298903.95300000004,0.18522721164456768,-0.06203752208617841,dev,clean_short,-1
0000950170-22-024985,0001814140,APGN,2022-11-15,acceptance_time,updated_after_release,2022-11-14T16:07:21,3,unclear,aact,3,unclear,3,unclear,3,market cap outside $300M-$10B,False,False,1146.0,2022-11-16,53028565.45,8201.271749999998,0.05039973348011741,-0.06594352399154524,dev,no_trade,0
0001493152-22-032573,0001445815,BIXT,2022-11-16,acceptance_time,unchanged_since_release,2022-11-16T07:00:15,1,yes,"text, match rejected",1,yes,2,yes,0,no prices for the release's ticker,,,,,,,,,dev,no_trade,0
0001654954-22-015397,0001645469,MNPR,2022-11-16,acceptance_time,updated_after_release,2022-11-16T07:20:38,1,unclear,aact,2,unclear,1,unclear,2,market cap outside $300M-$10B,False,False,1147.0,2022-11-17,36381730.050000004,61508.48150000001,0.1140888626762756,0.028258018361750348,dev,no_trade,0
0001558370-22-018016,0001650664,EDIT,2022-11-17,acceptance_time,updated_after_release,2022-11-17T07:30:21,2,yes,aact,2,no,2,yes,2,,False,False,1148.0,2022-11-18,840971000.8000001,3894158.2635,0.05309595528262346,-0.08846635799527469,dev,no_trade,0
0000950170-22-025413,0001841387,CADL,2022-11-18,acceptance_time,updated_after_release,2022-11-18T08:30:41,2,yes,aact,2,unclear,2,yes,0,market cap outside $300M-$10B,False,False,1149.0,2022-11-21,50853517.44,19630.472,0.06024432170926733,0.005779124077709419,dev,spun_short,-1
0001655759-22-000059,0001655759,ARVN,2022-11-22,acceptance_time,updated_after_release,2022-11-21T18:16:14,0,unclear,aact,0,unclear,0,unclear,0,,False,False,1151.0,2022-11-23,2293573879.8900003,6356283.823999999,0.07447199532395307,-0.0700556267885285,dev,no_trade,0
0000950170-22-025706,0001579428,AXSM,2022-11-28,acceptance_time,updated_after_release,2022-11-28T07:07:09,0,yes,aact,0,yes,0,yes,2,,False,False,1154.0,2022-11-29,2467908786.46,17681874.905249998,0.06489666171037378,0.3337378740860777,dev,clean_long,1
0001104659-22-122226,0001641640,NBRV,2022-11-28,acceptance_time,updated_after_release,2022-11-28T08:01:35,0,yes,aact,0,yes,0,yes,0,market cap outside $300M-$10B,False,False,1154.0,2022-11-29,6648764.99,6020.661999999999,0.039108387897385695,-0.01898278766604755,dev,clean_long,1
0001737287-22-000089,0001737287,ALLO,2022-11-29,acceptance_time,,2022-11-29T15:33:12,1,unclear,text,1,unclear,,,0,,False,False,1155.0,2022-11-30,1481038281.58,3983727.0744999996,0.03851378637520819,-0.09994447298306774,dev,no_trade,0
0001628280-22-030943,0001501697,XFOR,2022-11-30,acceptance_time,updated_after_release,2022-11-29T16:05:31,0,yes,aact,0,yes,0,yes,2,market cap outside $300M-$10B,False,False,1156.0,2022-12-01,126700185.42,136203.08800000002,0.04123066112054022,-0.20658285837642287,dev,clean_long,1
0001387131-22-011980,0001430306,TNXP,2022-11-30,acceptance_time,,2022-11-30T07:05:29,0,unclear,text,0,unclear,,,0,market cap outside $300M-$10B,False,False,1156.0,2022-12-01,21869544.969299998,61119.988505,0.034498238645222425,-0.03248932820101591,dev,no_trade,0
0001193125-22-295406,0001527599,SYBX,2022-12-01,acceptance_time,updated_after_release,2022-11-30T16:20:32,0,yes,aact,0,yes,0,yes,1,market cap outside $300M-$10B,False,False,1157.0,2022-12-02,42311964.0,13986.665565000003,0.04213491649710503,0.15626568604002244,dev,clean_long,1
0001104659-22-123853,0001034842,RIGL,2022-12-02,release_date_only,,2022-12-01T23:59,0,yes,text,0,yes,,,1,market cap outside $300M-$10B,False,False,1158.0,2022-12-05,118237337.45760001,165398.266015,0.037416009960048895,0.17922860337770707,dev,clean_long,1
0001731122-22-002078,0001314052,AVXL,2022-12-02,release_date_only,,2022-12-01T23:59,1,yes,text,1,yes,,,1,,False,False,1158.0,2022-12-05,689962062.75,3587363.97125,0.0727021574162359,0.32976974902909295,dev,clean_long,1
0001193125-22-297163,0001623526,STOK,2022-12-02,acceptance_time,updated_after_release,2022-12-02T09:05:58,2,yes,aact,2,unclear,2,yes,1,market cap outside $300M-$10B,False,False,1158.0,2022-12-05,288238760.57,969632.0705,0.07792040589582142,-0.025210272147686785,dev,no_trade,0
0000950170-22-025995,0001787400,NKTX,2022-12-05,acceptance_time,updated_after_release,2022-12-02T16:08:14,0,unclear,aact,0,unclear,0,unclear,0,,False,False,1159.0,2022-12-06,419797992.0,1486040.4325,0.03720773664979057,-0.017896334345085196,dev,no_trade,0
0001654954-22-016099,0001853816,DRMA,2022-12-05,acceptance_time,updated_after_release,2022-12-05T09:01:47,1,no,aact,2,no,2,no,1,market cap outside $300M-$10B,False,False,1159.0,2022-12-06,7804717.8086,8506.82918,0.0491796164410712,-0.5678343092249116,dev,clean_short,-1
0001728117-22-000102,0001728117,GOSS,2022-12-06,acceptance_time,updated_after_release,2022-12-06T07:36:04,4,unclear,aact,4,unclear,4,unclear,0,"no ticker printed in the release (missing, or today's SEC ticker)",,,,,,,,,dev,no_trade,0
0001193125-22-298815,0001661460,PSTX,2022-12-06,acceptance_time,,2022-12-06T06:06:11,1,unclear,text,1,unclear,,,2,illiquid (Nasdaq 20-day dollar volume < $1.2M),False,False,1160.0,2022-12-07,436622875.8,525398.4935,0.044920345590198606,-0.025288069693254478,dev,no_trade,0
0001558370-22-018383,0001650664,EDIT,2022-12-06,acceptance_time,updated_after_release,2022-12-06T06:41:38,1,unclear,aact,1,unclear,1,unclear,0,,False,False,1160.0,2022-12-07,675939896.8,4374246.81675,0.0559498213308971,0.007515656646650104,dev,no_trade,0
0001520138-22-000548,0001580149,BIVI,2022-12-06,release_date_only,updated_after_release,2022-12-05T23:59,2,yes,aact,2,yes,2,yes,2,market cap outside $300M-$10B,False,False,1160.0,2022-12-07,158465387.70000002,383841.05325,0.10187702909199418,-0.08389183526302058,dev,no_trade,0
0000950170-22-026089,0001856725,RANI,2022-12-07,acceptance_time,unchanged_since_release,2022-12-06T16:05:58,0,yes,aact,0,yes,0,yes,1,no shares outstanding,False,False,,,,,,,dev,no_trade,0
0001193125-22-299797,0001817229,VOR,2022-12-07,acceptance_time,updated_after_release,2022-12-07T07:36:15,0,yes,aact,0,yes,0,yes,1,market cap outside $300M-$10B,False,False,1161.0,2022-12-08,166264479.4,73710.08800000002,0.045696383296670355,0.41240117721738145,dev,clean_long,1
0000950170-22-026095,0001604477,SQZ,2022-12-07,acceptance_time,updated_after_release,2022-12-06T16:23:57,1,yes,aact,2,unclear,1,yes,1,market cap outside $300M-$10B,False,False,1161.0,2022-12-08,38285800.800000004,7565.912249999999,0.08196256565405854,-0.0600496277915632,dev,clean_long,1
0001193125-22-300541,0001305253,EIGR,2022-12-08,acceptance_time,updated_after_release,2022-12-08T08:16:12,0,yes,aact,0,yes,0,yes,0,market cap outside $300M-$10B,False,False,1162.0,2022-12-09,169245250.56,280630.96675,0.042687368650726705,-0.7012311189889027,dev,clean_long,1
0001842952-22-000108,0001842952,CNTX,2022-12-08,acceptance_time,,2022-12-08T07:32:09,2,unclear,text,2,unclear,,,2,market cap outside $300M-$10B,False,False,1162.0,2022-12-09,22033153.139999997,11029.961500000001,0.032358599244498944,-0.2885273146410765,dev,no_trade,0
0001193125-22-302732,0001673772,RAPT,2022-12-09,release_date_only,updated_after_release,2022-12-08T23:59,1,unclear,aact,2,unclear,1,unclear,2,,False,False,1163.0,2022-12-12,493529058.0,2113405.4825,0.07892455700844837,0.0590681019560646,dev,no_trade,0
0000950170-22-026329,0001720580,ACET,2022-12-12,release_date_only,updated_after_release,2022-12-10T23:59,1,yes,aact,2,unclear,1,yes,3,,False,False,1164.0,2022-12-13,739614162.9200001,2838119.1345,0.05203668644407843,-0.4208603733492787,dev,clean_long,1
0001193125-22-303934,0001503802,KPTI,2022-12-12,release_date_only,updated_after_release,2022-12-10T23:59,1,yes,aact,1,unclear,1,unclear,1,,False,False,1164.0,2022-12-13,381428622.2,2076200.1972500004,0.03642956313758716,-0.20599880681985383,dev,clean_long,1
0001564590-22-039215,0001671584,APVO,2022-12-12,acceptance_time,unchanged_since_release,2022-12-12T08:17:01,2,yes,aact,3,unclear,3,yes,2,market cap outside $300M-$10B,False,False,1164.0,2022-12-13,17592023.89,14124.087250000002,0.03833712682248402,0.09207367524437626,dev,spun_short,-1
0001664710-22-000067,0001664710,KROS,2022-12-12,acceptance_time,,2022-12-12T10:01:45,1,unclear,text,1,unclear,,,1,,False,False,1164.0,2022-12-13,1369175007.21,1930515.9727500002,0.025460642225277132,-0.07322660036282869,dev,no_trade,0
0001654954-22-016326,0001645469,MNPR,2022-12-12,acceptance_time,,2022-12-12T07:26:40,0,unclear,text,0,unclear,,,2,market cap outside $300M-$10B,False,False,1164.0,2022-12-13,32846402.925,14732.338999999998,0.04895984861222026,-0.22279940639515483,dev,no_trade,0
0001193125-22-301834,0001937653,ZYME,2022-12-12,acceptance_time,,2022-12-09T16:31:00,1,unclear,text,1,unclear,,,1,illiquid (Nasdaq 20-day dollar volume < $1.2M),False,False,1164.0,2022-12-13,421445340.66,650334.87025,0.04045327271776876,-0.1282867564429815,dev,no_trade,0
0001104659-22-126475,0001390478,SLS,2022-12-13,acceptance_time,updated_after_release,2022-12-13T08:38:35,1,yes,aact,2,unclear,2,unclear,2,market cap outside $300M-$10B,False,False,1165.0,2022-12-14,51058852.56,174993.7145,0.11169036054256687,-0.04844842389304549,dev,clean_long,1
0001171843-22-008011,0001447028,ABUS,2022-12-13,acceptance_time,updated_after_release,2022-12-13T07:31:32,1,unclear,aact,1,unclear,1,unclear,0,illiquid (Nasdaq 20-day dollar volume < $1.2M),False,False,1165.0,2022-12-14,424808135.775,659389.9457500002,0.04066646414455311,-0.034606565638426456,dev,no_trade,0
0001193125-22-302915,0001549595,NRIX,2022-12-13,acceptance_time,updated_after_release,2022-12-12T17:36:21,0,yes,aact,1,unclear,1,yes,1,illiquid (Nasdaq 20-day dollar volume < $1.2M),False,False,1165.0,2022-12-14,582275095.35,980184.6709999999,0.03207384327286781,-0.03400412455910251,dev,clean_long,1
0001682852-22-000055,0001682852,MRNA,2022-12-13,acceptance_time,updated_after_release,2022-12-13T07:06:27,0,yes,aact,0,yes,0,yes,2,market cap outside $300M-$10B,False,False,1165.0,2022-12-14,63439720845.97,147862799.047,0.02904838194037985,0.17995812969230185,dev,clean_long,1
0001193125-22-303275,0001690585,MGTA,2022-12-13,release_date_only,updated_after_release,2022-12-12T23:59,1,yes,aact,2,unclear,1,yes,1,market cap outside $300M-$10B,False,False,1165.0,2022-12-14,73877734.39999999,59096.347499999996,0.08165181023384613,-0.15553462167199827,dev,clean_long,1
0001193125-22-303296,0001816736,IRON,2022-12-13,acceptance_time,updated_after_release,2022-12-13T09:06:07,0,unclear,"text, match rejected",0,unclear,0,unclear,1,"no ticker printed in the release (missing, or today's SEC ticker)",,,,,,,,,dev,no_trade,0
0001651308-22-000235,0001651308,BGNE,2022-12-14,release_date_only,updated_after_release,2022-12-13T23:59,0,yes,aact,0,yes,0,yes,2,market cap outside $300M-$10B,False,False,1166.0,2022-12-15,281440466735.4,12984987.165000001,0.03892565337164882,0.0005079844337265715,dev,clean_long,1
0001193125-22-304330,0001815442,KYMR,2022-12-14,acceptance_time,unchanged_since_release,2022-12-14T07:16:10,2,yes,aact,2,unclear,2,yes,2,,False,False,1166.0,2022-12-15,1416607251.14,4129003.0375,0.0434799883603726,0.1435013395275868,dev,spun_short,-1
0001558370-22-018617,0001787297,PASG,2022-12-14,acceptance_time,updated_after_release,2022-12-14T07:00:55,1,yes,aact,2,unclear,2,unclear,2,market cap outside $300M-$10B,False,False,1166.0,2022-12-15,62190719.81999999,39438.168000000005,0.035472111022721575,0.08482249679721332,dev,clean_long,1
0001564590-22-039316,0001394319,,2022-12-14,acceptance_time,updated_after_release,2022-12-14T08:08:52,2,unclear,aact,2,unclear,2,unclear,0,"no ticker printed in the release (missing, or today's SEC ticker)",,,,,,,,,dev,no_trade,0
0001104659-22-127101,0001454789,ATXS,2022-12-15,acceptance_time,updated_after_release,2022-12-15T06:00:35,1,yes,aact,1,yes,1,yes,0,market cap outside $300M-$10B,False,False,1167.0,2022-12-16,185419853.16,111083.7095,0.050682731493494455,0.054172339310642026,dev,clean_long,1
0001193125-22-305412,0001527599,SYBX,2022-12-15,acceptance_time,updated_after_release,2022-12-15T08:31:11,1,yes,"text, match rejected",1,yes,1,yes,1,market cap outside $300M-$10B,False,False,1167.0,2022-12-16,48665810.594000004,13998.135395,0.06305665778171422,0.13758879885213238,dev,clean_long,1
0001437749-22-029111,0001659617,MBRX,2022-12-15,acceptance_time,updated_after_release,2022-12-15T08:37:38,2,yes,aact,2,unclear,2,unclear,1,market cap outside $300M-$10B,False,False,1167.0,2022-12-16,38647566.45,16105.906500000001,0.06913858326903043,0.03617139826069893,dev,spun_short,-1
0001104659-22-127597,0001571934,SNPX,2022-12-16,acceptance_time,,2022-12-16T09:06:10,0,no,text,0,no,,,0,market cap outside $300M-$10B,False,False,1168.0,2022-12-19,32802145.13,75635.17850000001,0.0587731130239287,-0.7524520570271087,dev,clean_short,-1
0001193125-22-307935,0001157601,MDGL,2022-12-19,acceptance_time,,2022-12-19T08:42:55,0,yes,text,0,yes,,,1,,False,False,1169.0,2022-12-20,1087604888.05,8075687.5254999995,0.05412839290385615,2.7147107351180635,dev,clean_long,1
0000950170-22-026702,0001805387,CERE,2022-12-19,acceptance_time,,2022-12-19T08:00:16,0,yes,text,0,yes,,,0,,False,False,1169.0,2022-12-20,3962776693.2000003,3029712.69125,0.034633976044787754,0.2439305614649172,dev,clean_long,1
0001493152-22-035944,0000908259,OTLC,2022-12-20,release_date_only,,2022-12-19T23:59,3,unclear,text,3,unclear,,,0,no prices for the release's ticker,,,,,,,,,dev,no_trade,0
0001326190-22-000016,0001326190,ALT,2022-12-20,acceptance_time,updated_after_release,2022-12-20T07:05:10,4,no,aact,0,yes,4,no,1,,False,False,1170.0,2022-12-21,504371914.56,2975279.5592500004,0.050134873707832955,0.13533279745531668,dev,spun_short,-1
0000950170-22-026736,0001426800,ASMB,2022-12-20,acceptance_time,,2022-12-19T16:05:36,1,unclear,text,1,unclear,,,1,market cap outside $300M-$10B,False,False,1170.0,2022-12-21,66340779.6,136657.93425000002,0.05612222199564884,-0.07013389214449983,dev,no_trade,0
0000950170-22-026760,0001724521,RCUS,2022-12-20,acceptance_time,updated_after_release,2022-12-19T17:05:03,0,yes,aact,1,unclear,1,yes,1,,False,False,1170.0,2022-12-21,2209521148.59,4689295.37575,0.053592452186625714,-0.34424088870356917,dev,clean_long,1
0000950170-22-026910,0001444192,ACST,2022-12-22,acceptance_time,updated_after_release,2022-12-22T08:17:15,0,yes,aact,0,yes,0,yes,0,market cap outside $300M-$10B,False,False,1172.0,2022-12-23,22301954.216900002,6459.3989,0.06396766053956997,0.056819747763461326,dev,clean_long,1
0001193125-22-311191,0001801777,AMTI,2022-12-23,acceptance_time,unchanged_since_release,2022-12-22T17:20:33,0,no,aact,0,no,0,no,1,market cap outside $300M-$10B,False,False,1173.0,2022-12-27,40890251.85,24548.391915,0.07535494435308947,-0.5671726406090087,dev,clean_short,-1
0000950170-22-027060,0001444192,ACST,2022-12-28,acceptance_time,updated_after_release,2022-12-28T08:10:55,0,yes,aact,0,yes,0,yes,0,market cap outside $300M-$10B,False,False,1175.0,2022-12-29,21284781.6701,14743.29731,0.06812002323557775,0.10744092151273077,dev,clean_long,1
0001213900-22-083051,0001766140,UNCY,2022-12-28,acceptance_time,,2022-12-28T09:29:44,0,yes,text,0,yes,,,0,market cap outside $300M-$10B,False,False,1175.0,2022-12-29,10109408.9,2342.411615,0.040911878089731936,-0.24940745033584455,dev,clean_long,1
0001178913-23-000010,0001534248,CMMB,2023-01-03,acceptance_time,updated_after_release,2023-01-03T07:05:27,2,yes,text,2,yes,2,yes,2,market cap outside $300M-$10B,False,False,1178.0,2023-01-04,35959887.6,29849.959500000004,0.08112725260393161,-0.007341001562046645,dev,no_trade,0
0001493152-23-000232,0001574235,PULM,2023-01-04,acceptance_time,unchanged_since_release,2023-01-04T09:05:14,0,yes,aact,0,yes,0,yes,1,market cap outside $300M-$10B,False,False,1179.0,2023-01-05,15612103.65,13514.638500000001,0.05489289906915708,-0.15150743296438662,dev,clean_long,1
0001140361-23-000296,0001635088,ROIV,2023-01-04,acceptance_time,,2023-01-04T06:11:28,1,yes,text,1,yes,,,2,,False,False,1179.0,2023-01-05,5175863045.245,4307603.015250001,0.04741625434269319,0.03859421964602561,dev,clean_long,1
0001193125-23-001952,0001740279,INAB,2023-01-05,acceptance_time,,2023-01-05T07:08:58,3,unclear,text,3,unclear,,,1,market cap outside $300M-$10B,False,False,1180.0,2023-01-06,66890888.61,28872.101999999995,0.0879818717955528,0.004385044385044501,dev,spun_short,-1
0001140361-23-000743,0001104506,INSM,2023-01-06,acceptance_time,updated_after_release,2023-01-06T08:00:24,1,yes,aact,2,unclear,1,yes,0,,False,False,1181.0,2023-01-09,2672957441.57,5267994.248,0.030555030746266375,-0.06936510412977726,dev,clean_long,1
0001860782-23-000002,0001860782,TSVT,2023-01-06,acceptance_time,,2023-01-05T16:11:46,0,yes,text,0,yes,,,0,,False,False,1181.0,2023-01-09,365137753.59000003,1592612.93025,0.042819211941569936,0.03139810679822852,dev,clean_long,1
0001628280-23-000450,0001704292,ZLAB,2023-01-06,acceptance_time,,2023-01-05T16:05:14,0,yes,text,0,yes,,,2,,False,False,1181.0,2023-01-09,4266607238.8799996,6345009.4425,0.10260644325330065,-0.04502183124146608,dev,clean_long,1
0001171843-23-000154,0000882796,BCRX,2023-01-09,acceptance_time,,2023-01-09T07:10:38,1,unclear,text,1,unclear,,,0,,False,False,1182.0,2023-01-10,2203529729.7000003,6500168.166750001,0.025186138027786215,-0.07867531979207121,dev,no_trade,0
0001628280-23-000714,0001372299,OCGN,2023-01-09,acceptance_time,updated_after_release,2023-01-09T06:55:37,0,yes,aact,0,yes,0,yes,0,market cap outside $300M-$10B,False,False,1182.0,2023-01-10,284552960.90000004,785027.4615000002,0.06407007276724218,-0.015614015614015764,dev,clean_long,1
0001493152-23-000904,0001401914,DARE,2023-01-09,acceptance_time,updated_after_release,2023-01-09T08:05:44,1,yes,aact,1,yes,1,yes,0,market cap outside $300M-$10B,False,False,1182.0,2023-01-10,81865071.7131,24668.282439999995,0.028700229886153186,0.15226416361013817,dev,clean_long,1
0001682852-23-000004,0001682852,MRNA,2023-01-09,acceptance_time,updated_after_release,2023-01-09T07:03:40,0,unclear,aact,0,yes,0,unclear,2,market cap outside $300M-$10B,False,False,1182.0,2023-01-10,69271580365.39,287244412.117,0.06215177439982909,0.04320135790936075,dev,no_trade,0
0001193125-23-004049,0001783183,PHAT,2023-01-09,acceptance_time,updated_after_release,2023-01-09T06:07:07,0,yes,aact,0,yes,0,yes,0,illiquid (Nasdaq 20-day dollar volume < $1.2M),False,False,1182.0,2023-01-10,312572621.05,628465.6394999999,0.09013150965367592,0.05480491299399415,dev,clean_long,1
0001493152-23-000900,0001815974,ANEB,2023-01-09,acceptance_time,updated_after_release,2023-01-09T08:00:43,2,unclear,aact,2,unclear,2,unclear,0,market cap outside $300M-$10B,False,False,1182.0,2023-01-10,58187402.59,3810.46,0.07644662378202854,0.16381668584311748,dev,spun_short,-1
0001193125-23-004059,0001845337,DAWN,2023-01-09,release_date_only,updated_after_release,2023-01-08T23:59,0,yes,aact,0,yes,0,yes,1,,False,False,1182.0,2023-01-10,1569546884.84,2668825.6930000004,0.04103562229897498,0.04862071872381157,dev,clean_long,1
0001213900-23-002343,0001176309,ORMP,2023-01-12,acceptance_time,,2023-01-11T20:00:50,0,no,text,0,no,,,0,"no ticker printed in the release (missing, or today's SEC ticker)",,,,,,,,,dev,no_trade,0
0001753926-23-000046,0001347242,LIPO,2023-01-12,acceptance_time,unchanged_since_release,2023-01-11T21:52:44,3,unclear,"text, match rejected",3,unclear,1,yes,0,no shares outstanding,False,False,,,,,,,dev,no_trade,0
0001213900-23-002591,0001788028,JSPR,2023-01-13,acceptance_time,,2023-01-13T08:00:12,2,unclear,text,2,unclear,,,0,no shares outstanding,False,False,,,,,,,dev,no_trade,0
0001493152-23-001820,0001106838,SONN,2023-01-19,acceptance_time,updated_after_release,2023-01-19T08:15:34,1,yes,aact,1,yes,1,yes,0,market cap outside $300M-$10B,False,False,1189.0,2023-01-20,10076378.120000001,113253.6753,0.07300310816303282,-0.03622882464321864,dev,clean_long,1
0001493152-23-001787,0001574094,RNXT,2023-01-19,acceptance_time,updated_after_release,2023-01-18T16:20:22,2,unclear,aact,1,unclear,2,unclear,1,market cap outside $300M-$10B,False,False,1189.0,2023-01-20,33206608.65,33708.572499999995,0.10455607877477949,0.05759061231072371,dev,spun_short,-1
0000950170-23-000928,0001662244,CYT,2023-01-20,acceptance_time,updated_after_release,2023-01-19T16:31:30,1,unclear,aact,2,unclear,2,unclear,1,market cap outside $300M-$10B,False,False,1190.0,2023-01-23,54221535.36,15140.817500000001,0.06057966595019456,0.0390173237857423,dev,no_trade,0
0001171843-23-000338,0001738021,CMPX,2023-01-20,acceptance_time,updated_after_release,2023-01-19T17:00:18,2,unclear,aact,2,unclear,2,unclear,1,illiquid (Nasdaq 20-day dollar volume < $1.2M),False,False,1190.0,2023-01-23,471956109.02000004,301619.2425,0.05836301992166303,-0.03703734050421614,dev,no_trade,0
0001193125-23-012607,0001746473,PLRX,2023-01-23,release_date_only,updated_after_release,2023-01-22T23:59,2,yes,aact,1,yes,2,yes,2,,False,False,1191.0,2023-01-24,1097574521.69,2131135.4850000003,0.04038076114449263,0.3439167137884105,dev,spun_short,-1
0001171843-23-000444,0001069530,SAVA,2023-01-25,acceptance_time,,2023-01-24T16:30:54,3,no,text,3,no,,,2,no shares outstanding,False,False,,,,,,,dev,no_trade,0
0001104659-23-006194,0001356090,PGEN,2023-01-25,acceptance_time,updated_after_release,2023-01-24T16:10:18,1,yes,aact,2,unclear,1,yes,0,illiquid (Nasdaq 20-day dollar volume < $1.2M),False,False,1193.0,2023-01-26,453767045.78000003,277817.05974999996,0.05879351724971597,-0.2509009009009009,dev,clean_long,1
0001193125-23-018203,0001831828,VERA,2023-01-30,acceptance_time,,2023-01-30T06:06:10,4,unclear,text,4,unclear,,,0,"no ticker printed in the release (missing, or today's SEC ticker)",,,,,,,,,dev,no_trade,0
0001387131-23-001054,0001430306,TNXP,2023-01-31,acceptance_time,,2023-01-31T07:05:24,0,unclear,text,0,unclear,,,0,market cap outside $300M-$10B,False,False,1197.0,2023-02-01,63289922.300000004,1014216.9642199998,0.12243204000393038,-0.01168741716325239,dev,no_trade,0
0001193125-23-022182,0001539029,,2023-02-02,acceptance_time,updated_after_release,2023-02-02T08:30:11,0,yes,aact,4,unclear,3,unclear,0,"no ticker printed in the release (missing, or today's SEC ticker)",,,,,,,,,dev,no_trade,0
0001193125-23-022876,0001694665,EVLO,2023-02-02,release_date_only,updated_after_release,2023-02-01T23:59,0,no,aact,0,no,0,no,0,market cap outside $300M-$10B,False,False,1199.0,2023-02-03,81114802.52,35580.956,0.0780172480239433,0.13086643697408107,dev,clean_short,-1
0001437749-23-003069,0001659617,MBRX,2023-02-13,acceptance_time,unchanged_since_release,2023-02-13T08:11:14,2,yes,"text, match rejected",2,yes,2,yes,1,market cap outside $300M-$10B,False,False,1206.0,2023-02-14,33494557.589999996,5884.239500000001,0.017311170105121444,0.008955863169986311,dev,spun_short,-1
0001628280-23-003209,0001560241,GTHX,2023-02-13,acceptance_time,updated_after_release,2023-02-13T06:30:38,0,unclear,aact,0,unclear,0,unclear,0,,False,False,1206.0,2023-02-14,305963137.53,1460064.9692499998,0.04505879227816995,-0.532550472165241,dev,no_trade,0
0001860782-23-000016,0001860782,,2023-02-13,acceptance_time,updated_after_release,2023-02-10T16:21:58,0,yes,aact,0,yes,0,yes,2,"no ticker printed in the release (missing, or today's SEC ticker)",,,,,,,,,dev,no_trade,0
0001104659-23-019876,0001720893,BTAI,2023-02-14,acceptance_time,updated_after_release,2023-02-13T17:16:15,0,yes,aact,0,yes,1,unclear,0,,False,False,1207.0,2023-02-15,914397831.7500001,3043381.1345,0.036692018884206166,-0.006380962965050974,dev,clean_long,1
0001437749-23-003180,0001513818,ARAV,2023-02-14,acceptance_time,updated_after_release,2023-02-13T17:06:30,1,yes,aact,2,unclear,2,unclear,1,market cap outside $300M-$10B,False,False,1207.0,2023-02-15,112474536.27999999,28619.65499999999,0.046202872549386126,0.07616446905482377,dev,clean_long,1
0001493152-23-005139,0000764195,VBIV,2023-02-15,acceptance_time,updated_after_release,2023-02-15T08:00:42,2,unclear,aact,2,unclear,2,unclear,0,market cap outside $300M-$10B,False,True,1208.0,2023-02-16,147439203.32459998,74663.585595,0.039023058966530716,-0.04734647072995246,dev,no_trade,0
0001628280-23-003635,0000879407,ARWR,2023-02-15,acceptance_time,updated_after_release,2023-02-15T08:34:46,1,yes,aact,1,unclear,1,yes,4,,False,False,1208.0,2023-02-16,3650052493.1000004,7779860.829000001,0.035196879021896395,0.00840625038871412,dev,clean_long,1
0001193125-23-040742,0001501796,AURA,2023-02-16,acceptance_time,updated_after_release,2023-02-16T08:13:48,1,yes,aact,1,yes,1,yes,2,illiquid (Nasdaq 20-day dollar volume < $1.2M),False,False,1209.0,2023-02-17,326495533.77000004,266694.7105,0.040826863964135554,-0.055089578396563366,dev,clean_long,1
0000950170-23-002963,0001693011,INZY,2023-02-16,acceptance_time,,2023-02-16T07:30:36,1,unclear,"text, match rejected",1,unclear,,,3,market cap outside $300M-$10B,False,False,1209.0,2023-02-17,89271542.23,109188.3925,0.0749331592948544,0.23671074115070423,dev,no_trade,0
0001193125-23-040919,0001817229,VOR,2023-02-16,acceptance_time,updated_after_release,2023-02-16T12:13:06,1,yes,aact,1,yes,1,yes,0,market cap outside $300M-$10B,False,False,1209.0,2023-02-17,221170423.76,103284.51725,0.03812455320240679,-0.04969403054818522,dev,clean_long,1
0001193125-23-041459,0001836056,AMAM,2023-02-17,release_date_only,updated_after_release,2023-02-16T23:59,1,yes,aact,1,yes,1,yes,1,illiquid (Nasdaq 20-day dollar volume < $1.2M),False,False,1210.0,2023-02-21,819041561.52,282772.848,0.1261804916291684,0.13320524056720395,dev,clean_long,1
0001193125-23-043018,0001828522,EFTR,2023-02-21,acceptance_time,updated_after_release,2023-02-21T08:40:35,2,yes,aact,2,yes,2,yes,3,market cap outside $300M-$10B,False,False,1211.0,2023-02-22,26392678.2,15747.841284999999,0.06305025394341636,-0.12903511369993736,dev,no_trade,0
0001213900-23-013059,0001388320,ATNM,2023-02-21,release_date_only,updated_after_release,2023-02-18T23:59,0,yes,aact,0,yes,0,yes,1,illiquid (Nasdaq 20-day dollar volume < $1.2M),False,False,1211.0,2023-02-22,347847126.90000004,363054.35025,0.03445577181550826,-0.1213061759709998,dev,clean_long,1
0001193125-23-046516,0001420565,ALRN,2023-02-22,release_date_only,updated_after_release,2023-02-21T23:59,0,no,aact,0,no,0,no,0,market cap outside $300M-$10B,False,False,1212.0,2023-02-23,134418923.56,16164.426499999998,0.08343364460326455,-0.016774861765809446,dev,clean_short,-1
0001104659-23-024366,0001178879,FOLD,2023-02-23,acceptance_time,,2023-02-22T17:27:35,1,unclear,text,1,unclear,,,0,,False,False,1213.0,2023-02-24,3669144925.82,5589158.78125,0.02178712568396272,0.0013366752655049607,dev,no_trade,0
0000950170-23-004239,0001748907,ORTX,2023-02-24,acceptance_time,updated_after_release,2023-02-24T07:06:13,2,yes,aact,0,yes,2,yes,2,market cap outside $300M-$10B,False,True,1214.0,2023-02-27,68893868.1046,34606.17131,0.048661656373615005,-0.09033455933301293,dev,no_trade,0
0001213900-23-014008,0000906709,NKTR,2023-02-24,acceptance_time,updated_after_release,2023-02-23T16:52:38,4,unclear,aact,4,unclear,4,unclear,0,"no ticker printed in the release (missing, or today's SEC ticker)",,,,,,,,,dev,no_trade,0
0001104659-23-025682,0001597264,,2023-02-27,acceptance_time,,2023-02-27T08:55:59,0,yes,text,0,yes,,,2,"no ticker printed in the release (missing, or today's SEC ticker)",,,,,,,,,dev,no_trade,0
0001193125-23-055140,0001610618,CDTX,2023-03-01,acceptance_time,updated_after_release,2023-03-01T07:22:03,1,unclear,aact,1,unclear,1,unclear,0,market cap outside $300M-$10B,False,False,1217.0,2023-03-02,106710955.59,410983.4965,0.04953192586504588,0.32596260855619663,dev,no_trade,0
0001193125-23-055216,0001836056,AMAM,2023-03-01,acceptance_time,,2023-03-01T08:11:05,0,yes,text,0,yes,,,0,,False,False,1217.0,2023-03-02,1936598270.92,1820843.54075,0.19285042051961046,-0.09197468577367629,dev,clean_long,1
0001437749-23-005470,0001822791,CLNN,2023-03-06,acceptance_time,updated_after_release,2023-03-06T07:05:59,3,no,aact,3,no,3,no,3,market cap outside $300M-$10B,False,False,1220.0,2023-03-07,88584012.0,230481.00149999995,0.04173234905941267,0.07579953742473189,dev,spun_short,-1
0001104659-23-028700,0000921114,ARMP,2023-03-06,acceptance_time,updated_after_release,2023-03-06T06:10:51,3,unclear,aact,2,unclear,3,unclear,1,market cap outside $300M-$10B,False,False,1220.0,2023-03-07,99759388.55999999,613.9350000000001,0.06254797537837849,0.1225386678595145,dev,spun_short,-1
0000950170-23-006114,0001061983,CYTK,2023-03-06,release_date_only,updated_after_release,2023-03-04T23:59,1,yes,aact,1,unclear,1,yes,0,,False,False,1220.0,2023-03-07,3993923580.27,8076658.7805,0.033902402596022986,-0.05067770822692408,dev,clean_long,1
0001558370-23-002835,0001557746,ACRS,2023-03-06,acceptance_time,updated_after_release,2023-03-06T07:15:40,0,no,aact,0,no,0,no,1,,False,False,1220.0,2023-03-07,852336079.92,3074253.506,0.024834232610644658,-0.43010813080688004,dev,clean_short,-1
0001193125-23-060828,0001743881,BBIO,2023-03-06,acceptance_time,updated_after_release,2023-03-06T09:09:36,1,yes,aact,1,yes,1,yes,0,,False,False,1220.0,2023-03-07,1645424988.28,5119515.47125,0.0350345670779864,0.5372454129230454,dev,clean_long,1
0001126234-23-000031,0001126234,LUMO,2023-03-06,release_date_only,updated_after_release,2023-03-05T23:59,2,unclear,aact,2,unclear,2,unclear,0,market cap outside $300M-$10B,False,False,1220.0,2023-03-07,28897910.700000003,20637.855,0.03320341762458588,0.06964011713487672,dev,spun_short,-1
0000819050-23-000025,0000819050,FRTX,2023-03-08,acceptance_time,updated_after_release,2023-03-07T17:04:59,0,yes,aact,0,yes,1,yes,2,market cap outside $300M-$10B,False,False,1222.0,2023-03-09,5514126.720000001,6511.9397500000005,0.040352295358961315,-0.14908771067747717,dev,clean_long,1
0001437749-23-005818,0001411685,VTGN,2023-03-09,acceptance_time,,2023-03-08T17:25:46,0,unclear,text,0,unclear,,,1,market cap outside $300M-$10B,False,False,1223.0,2023-03-10,32942844.2052,145827.52598999997,0.13033284906332201,-0.009963754764045762,dev,no_trade,0
0001140361-23-011727,0001635088,ROIV,2023-03-15,acceptance_time,updated_after_release,2023-03-15T07:51:35,0,yes,aact,0,yes,0,yes,2,,False,False,1227.0,2023-03-16,6052250253.0,3386922.8447499997,0.035070068179783906,0.08883675163116489,dev,clean_long,1
0001564590-23-003860,0001069308,ACER,2023-03-17,acceptance_time,updated_after_release,2023-03-17T09:00:37,0,no,aact,0,no,0,no,0,market cap outside $300M-$10B,False,False,1229.0,2023-03-20,25379097.05,33099.385749999994,0.03529652379026137,-0.5463252368519825,dev,clean_short,-1
0000950170-23-008684,0001771917,KRTX,2023-03-20,acceptance_time,,2023-03-20T06:59:35,0,yes,text,0,yes,,,1,,False,False,1230.0,2023-03-21,6614460924.12,16384617.078499999,0.02144182098286251,-0.050685604774647786,dev,clean_long,1
0001193125-23-075297,0001453687,SELB,2023-03-21,acceptance_time,updated_after_release,2023-03-21T08:30:58,0,yes,aact,0,yes,0,yes,2,market cap outside $300M-$10B,False,False,1231.0,2023-03-22,197781400.35,253492.856,0.03452709136493608,-0.005472609684468943,dev,clean_long,1
0001193125-23-076241,0001785173,ETNB,2023-03-22,acceptance_time,updated_after_release,2023-03-22T07:05:59,0,yes,aact,0,yes,0,yes,1,,False,False,1232.0,2023-03-23,568269156.48,3833636.538,0.052430136103712034,0.2890820338202392,dev,clean_long,1
0001437749-23-007585,0001411685,VTGN,2023-03-23,release_date_only,,2023-03-22T23:59,2,yes,text,2,yes,,,3,market cap outside $300M-$10B,False,True,1233.0,2023-03-24,33973678.8774,77673.80155,0.057645178308346125,-0.10844894304633046,dev,no_trade,0
0001558370-23-004634,0001479419,KALA,2023-03-27,acceptance_time,updated_after_release,2023-03-27T08:06:11,0,unclear,text,0,unclear,0,unclear,0,"no ticker printed in the release (missing, or today's SEC ticker)",,,,,,,,,dev,no_trade,0
0000950170-23-009847,0001463361,UBX,2023-03-27,acceptance_time,updated_after_release,2023-03-27T07:00:48,2,no,aact,1,no,2,no,2,market cap outside $300M-$10B,False,False,1235.0,2023-03-28,59363952.66,187779.34150000004,0.07179750412129404,-0.5402996913706826,dev,no_trade,0
0001654954-23-003607,0001645469,MNPR,2023-03-28,acceptance_time,updated_after_release,2023-03-27T17:01:44,0,no,aact,0,no,0,no,0,market cap outside $300M-$10B,False,False,1236.0,2023-03-29,39183720.84,4460.111,0.04212756297645426,-0.5117148899165977,dev,clean_short,-1
0001104659-23-037397,0001455365,CGTX,2023-03-28,acceptance_time,,2023-03-28T07:36:37,2,unclear,text,2,unclear,,,1,market cap outside $300M-$10B,False,False,1236.0,2023-03-29,61158806.83,18720.860999999997,0.05539078904188781,-0.03625857235501684,dev,no_trade,0
0000950170-23-010108,0001607678,VKTX,2023-03-28,acceptance_time,updated_after_release,2023-03-28T06:42:19,1,yes,aact,0,yes,1,yes,1,,False,False,1236.0,2023-03-29,715176984.4799999,5646649.0254999995,0.055594922009310106,0.6954001198299913,dev,clean_long,1
0001193125-23-082314,0001840439,BMEA,2023-03-29,acceptance_time,updated_after_release,2023-03-28T17:06:57,3,unclear,text,3,unclear,3,unclear,1,,False,False,1237.0,2023-03-30,917867282.0,4617783.914,0.2309121655181178,0.012758725275677563,dev,spun_short,-1
0001104659-23-038719,0001429560,TRVN,2023-03-30,acceptance_time,,2023-03-30T07:08:39,2,unclear,text,2,unclear,,,1,reverse split between shares filing and event,False,True,,,,,,,dev,no_trade,0
0001387131-23-004129,0001430306,TNXP,2023-03-30,acceptance_time,unchanged_since_release,2023-03-30T07:12:25,0,yes,aact,0,yes,0,yes,2,market cap outside $300M-$10B,False,True,1238.0,2023-03-31,36848271.6324,89382.671065,0.06739053215779532,0.0569631117508238,dev,clean_long,1
0000950170-23-011143,0001061983,CYTK,2023-03-31,acceptance_time,updated_after_release,2023-03-31T07:33:03,0,no,aact,0,no,0,no,0,,False,False,1239.0,2023-04-03,3251664730.4700003,10120171.5375,0.03558710422972751,0.00922666698648178,dev,clean_short,-1
0000950170-23-011474,0001822711,PRDS,2023-04-03,acceptance_time,updated_after_release,2023-04-03T08:00:23,0,no,aact,0,no,0,no,0,market cap outside $300M-$10B,False,False,1240.0,2023-04-04,83317605.75,54020.766,0.0642062967298084,0.07019687316236323,dev,clean_short,-1
0001104659-23-041221,0000057725,LCI,2023-04-04,acceptance_time,,2023-04-04T04:05:10,0,yes,text,0,yes,,,0,market cap outside $300M-$10B,False,False,1241.0,2023-04-05,78595933.625,2531.84175,0.040760622305546626,-0.454166541358061,dev,clean_long,1
0001193805-23-000500,0001280776,IMUX,2023-04-05,acceptance_time,updated_after_release,2023-04-05T06:45:38,2,no,aact,1,yes,2,unclear,3,market cap outside $300M-$10B,False,False,1242.0,2023-04-06,64829603.48,232710.70099999997,0.06328740940076576,0.06468656613634849,dev,spun_short,-1
0001600620-23-000004,0001600620,AUPH,2023-04-05,acceptance_time,,2023-04-05T08:16:07,2,unclear,text,2,unclear,,,0,,False,False,1242.0,2023-04-06,1446440509.905,8572066.546,0.04986322513967541,-0.01174287815431363,dev,no_trade,0
0001193125-23-095854,0001492426,HZNP,2023-04-10,acceptance_time,updated_after_release,2023-04-10T08:10:31,0,yes,aact,0,yes,0,yes,0,market cap outside $300M-$10B,False,False,1244.0,2023-04-11,24839153649.52,32561295.038999997,0.005802383154820052,0.014654966923682955,dev,clean_long,1
0001213900-23-028716,0001860657,ALLR,2023-04-11,acceptance_time,unchanged_since_release,2023-04-11T09:19:08,1,unclear,aact,0,unclear,1,unclear,0,reverse split between shares filing and event,False,True,,,,,,,dev,no_trade,0
0001564590-23-005579,0001878313,MAIA,2023-04-11,acceptance_time,updated_after_release,2023-04-11T08:15:37,0,yes,aact,0,unclear,0,unclear,0,"no trade on previous day, reaction day or entry day",,,,,,,,,dev,no_trade,0
0001193125-23-098539,0001636282,AGLE,2023-04-12,acceptance_time,updated_after_release,2023-04-12T08:59:01,0,yes,aact,0,no,0,yes,0,market cap outside $300M-$10B,False,True,1246.0,2023-04-13,16839253.4425,13219.348845000004,0.04227382971458679,-0.2512112247101205,dev,clean_long,1
0001104659-23-045447,0001372299,OCGN,2023-04-14,acceptance_time,updated_after_release,2023-04-14T12:38:55,2,yes,aact,2,unclear,2,yes,3,market cap outside $300M-$10B,False,False,1248.0,2023-04-17,192704089.15019998,672807.119065,0.05602791553190657,-0.04399848552131391,dev,no_trade,0
0000950170-23-012883,0001804591,ME,2023-04-17,acceptance_time,updated_after_release,2023-04-14T16:08:13,0,yes,aact,0,unclear,0,yes,1,no shares outstanding,False,False,,,,,,,dev,no_trade,0
0001493152-23-012483,0000715446,ANIX,2023-04-17,acceptance_time,updated_after_release,2023-04-17T13:45:15,1,unclear,aact,0,unclear,1,unclear,0,market cap outside $300M-$10B,False,False,1249.0,2023-04-18,185239959.32,72534.24100000001,0.06002698670597573,-0.2956299087115132,dev,no_trade,0
0001140361-23-018635,0001797768,KNTE,2023-04-17,acceptance_time,updated_after_release,2023-04-17T15:15:54,1,unclear,aact,2,unclear,1,unclear,1,market cap outside $300M-$10B,False,False,1249.0,2023-04-18,252407492.16,206196.9555,0.06693316562460752,-0.07824730917600198,dev,no_trade,0
0001493152-23-012566,0001610820,BCTX,2023-04-18,acceptance_time,,2023-04-17T16:50:42,4,unclear,text,4,unclear,,,0,market cap outside $300M-$10B,False,False,1250.0,2023-04-19,117161035.89999999,172171.42849999998,0.026718222184358747,-0.03627462404433135,dev,no_trade,0
0001193125-23-103837,0001651311,MRUS,2023-04-18,acceptance_time,updated_after_release,2023-04-17T17:14:52,1,unclear,aact,1,unclear,1,unclear,1,,False,False,1250.0,2023-04-19,1108835707.14,2479835.5949999997,0.04601539419914165,-0.14008934849342325,dev,no_trade,0
0001193125-23-104425,0001808158,RPTX,2023-04-18,acceptance_time,,2023-04-18T10:24:01,2,unclear,text,2,unclear,,,1,illiquid (Nasdaq 20-day dollar volume < $1.2M),False,False,1250.0,2023-04-19,397215338.23999995,314097.129,0.03917145300405402,-0.028848145202710507,dev,no_trade,0
0001493152-23-012718,0001582554,MTNB,2023-04-18,acceptance_time,,2023-04-18T08:00:17,1,unclear,text,1,unclear,,,1,market cap outside $300M-$10B,False,False,1250.0,2023-04-19,96704440.5226,5534.06338,0.049270721822503714,0.1296772195029925,dev,no_trade,0
0000950170-23-013272,0001426800,ASMB,2023-04-19,acceptance_time,updated_after_release,2023-04-18T16:06:20,1,yes,aact,2,unclear,1,yes,1,market cap outside $300M-$10B,False,False,1251.0,2023-04-20,56622140.620000005,103074.414645,0.06442051508951899,0.015597683751294333,dev,clean_long,1
0001493152-23-012803,0001106838,SONN,2023-04-19,acceptance_time,updated_after_release,2023-04-18T17:00:26,1,yes,aact,2,unclear,1,yes,1,market cap outside $300M-$10B,False,False,1251.0,2023-04-20,6676858.32,25600.843790000003,0.10710748671096867,-0.09950100960427988,dev,clean_long,1
0001193125-23-107202,0001845337,,2023-04-20,acceptance_time,updated_after_release,2023-04-20T06:08:33,1,unclear,aact,1,unclear,1,unclear,0,"no ticker printed in the release (missing, or today's SEC ticker)",,,,,,,,,dev,no_trade,0
0001140361-23-019757,0000874015,IONS,2023-04-24,acceptance_time,updated_after_release,2023-04-24T07:00:28,0,yes,aact,0,yes,0,yes,1,,False,False,1254.0,2023-04-25,5279290961.49,8656617.331,0.02045416003295191,-0.0202418936013834,dev,clean_long,1
0001104659-23-048686,0001697532,APLT,2023-04-24,acceptance_time,,2023-04-24T08:08:43,3,no,text,3,no,,,4,market cap outside $300M-$10B,False,False,1254.0,2023-04-25,45515428.706,15942.370499999999,0.03796549364018214,0.18588431855131526,dev,spun_short,-1
0001711279-23-000025,0001711279,KRYS,2023-04-24,acceptance_time,,2023-04-24T07:04:16,0,unclear,text,0,unclear,,,0,,False,False,1254.0,2023-04-25,2237581079.5499997,3974140.7854999998,0.027944967975021832,-0.010505413204123348,dev,no_trade,0
0001193125-23-111832,0001740279,INAB,2023-04-24,acceptance_time,updated_after_release,2023-04-24T08:19:30,1,yes,aact,1,yes,1,yes,2,market cap outside $300M-$10B,False,False,1254.0,2023-04-25,26184960.900000002,4811.73575,0.05409527841332574,1.8125227963525834,dev,clean_long,1
0001831283-23-000071,0001831283,LIAN,2023-04-26,acceptance_time,updated_after_release,2023-04-26T08:07:09,0,yes,aact,0,yes,0,yes,2,market cap outside $300M-$10B,False,False,1256.0,2023-04-27,206822411.03,55436.12424999999,0.05147951229500151,0.03921308290155456,dev,clean_long,1
0001437749-23-011514,0001833214,SABS,2023-04-27,release_date_only,updated_after_release,2023-04-26T23:59,3,no,aact,3,no,3,no,0,market cap outside $300M-$10B,False,False,1257.0,2023-04-28,37430417.837400004,282939.55879000004,0.24091639288573377,0.20240835202609309,dev,spun_short,-1
0001372514-23-000057,0001372514,KPRX,2023-04-27,acceptance_time,updated_after_release,2023-04-27T14:55:53,3,yes,aact,3,unclear,3,yes,1,market cap outside $300M-$10B,False,False,1257.0,2023-04-28,8406402.6,35657.948,0.0520991579787852,0.09635048467427976,dev,spun_short,-1
0001725160-23-000073,0001725160,ZNTL,2023-04-27,acceptance_time,updated_after_release,2023-04-26T17:00:46,2,unclear,aact,2,unclear,2,unclear,1,,False,False,1257.0,2023-04-28,1273337597.8,2856206.156,0.03306773838263819,0.024108268858530568,dev,spun_short,-1
0001654954-23-005253,0000911216,PTN,2023-04-27,acceptance_time,unchanged_since_release,2023-04-27T08:30:46,2,unclear,"text, match rejected",2,unclear,3,unclear,0,market cap outside $300M-$10B,False,False,1257.0,2023-04-28,26208798.0,6600.1945,0.028537537465554527,0.005181729209400854,dev,spun_short,-1
0000950170-23-015343,0001636651,OVID,2023-04-28,acceptance_time,updated_after_release,2023-04-27T16:43:18,1,yes,aact,0,yes,1,yes,3,market cap outside $300M-$10B,False,False,1258.0,2023-05-01,253769436.0,83040.29474999999,0.044221414590512556,-0.02358272325899602,dev,clean_long,1
0000950170-23-015374,0001752828,CELU,2023-04-28,acceptance_time,updated_after_release,2023-04-27T17:01:43,1,yes,aact,2,unclear,1,yes,1,market cap outside $300M-$10B,False,False,1258.0,2023-05-01,99842471.795,47716.015595,0.07784854841241774,-0.03455609332327525,dev,clean_long,1
0001213900-23-033507,0001359931,TARA,2023-04-28,acceptance_time,updated_after_release,2023-04-28T08:10:36,1,yes,aact,1,yes,1,yes,2,market cap outside $300M-$10B,False,False,1258.0,2023-05-01,36181609.6,20493.960499999997,0.054543969464431796,0.0007228322965593392,dev,clean_long,1
0001193125-23-128616,0001746473,PLRX,2023-05-01,release_date_only,updated_after_release,2023-04-30T23:59,2,yes,aact,2,yes,2,yes,3,,False,False,1259.0,2023-05-02,1665045592.75,4284204.249500001,0.031791936127802324,-0.23422875096424756,dev,no_trade,0
0001437749-23-011996,0001659617,MBRX,2023-05-02,acceptance_time,updated_after_release,2023-05-02T08:35:11,2,yes,aact,2,unclear,2,unclear,0,market cap outside $300M-$10B,False,False,1260.0,2023-05-03,21900287.655,52599.790714999996,0.037430533366786,0.08846608134366496,dev,spun_short,-1
0001438533-23-000018,0001438533,TVTX,2023-05-02,acceptance_time,updated_after_release,2023-05-01T16:07:06,2,no,aact,2,no,2,no,3,,False,False,1260.0,2023-05-03,1463236774.0,6508682.201000001,0.029852550683847276,-0.27784949503437895,dev,no_trade,0
0001601485-23-000032,0001601485,ELTX,2023-05-02,acceptance_time,updated_after_release,2023-05-01T16:14:27,0,unclear,aact,0,unclear,1,unclear,0,"no ticker printed in the release (missing, or today's SEC ticker)",,,,,,,,,dev,no_trade,0
0001558370-23-007741,0000855654,IMGN,2023-05-03,acceptance_time,updated_after_release,2023-05-03T06:35:46,0,yes,aact,0,yes,0,yes,1,,False,False,1261.0,2023-05-04,1168784066.23,3843322.976,0.06763131968103013,1.32322533302598,dev,clean_long,1
0001193805-23-000659,0001280776,IMUX,2023-05-04,acceptance_time,,2023-05-04T06:49:21,1,yes,text,1,yes,,,0,market cap outside $300M-$10B,False,False,1262.0,2023-05-05,77262678.12,343459.28525,0.05572172177834839,-0.07222091151039534,dev,clean_long,1
0001126234-23-000062,0001126234,LUMO,2023-05-09,acceptance_time,updated_after_release,2023-05-08T16:01:11,2,unclear,aact,2,unclear,2,unclear,1,market cap outside $300M-$10B,False,False,1265.0,2023-05-10,28678546.259999998,11804.669,0.038587002619508134,-0.013791466668275798,dev,no_trade,0
0001193125-23-141488,0001613780,DBV,2023-05-11,acceptance_time,updated_after_release,2023-05-11T08:27:34,0,yes,aact,0,yes,0,yes,0,"no trade on previous day, reaction day or entry day",,,,,,,,,dev,no_trade,0
0001493152-23-017637,0001535955,LPCN,2023-05-16,acceptance_time,,2023-05-16T07:00:45,0,yes,text,0,yes,,,2,reverse split between shares filing and event,False,False,,,,,,,dev,no_trade,0
0001140361-23-024924,0001635088,ROIV,2023-05-16,acceptance_time,updated_after_release,2023-05-16T08:30:19,0,yes,aact,0,yes,0,yes,2,,False,False,1270.0,2023-05-17,6939610252.5,5267492.7275,0.024175649861548257,-0.014800150511909083,dev,clean_long,1
0001193125-23-145650,0001835022,COYA,2023-05-16,acceptance_time,,2023-05-16T07:47:53,3,unclear,text,3,unclear,,,2,market cap outside $300M-$10B,False,False,1270.0,2023-05-17,52723949.5,44089.66675,0.042671904091779664,0.1313489370228884,dev,spun_short,-1
0001070081-23-000030,0001070081,PTCT,2023-05-17,acceptance_time,,2023-05-17T07:04:30,0,yes,text,0,yes,,,1,,False,False,1271.0,2023-05-18,4024103568.0,9721072.3435,0.02080643232245909,0.06666720030570983,dev,clean_long,1
0001193125-23-146584,0001783328,TCRX,2023-05-17,acceptance_time,updated_after_release,2023-05-17T08:15:31,2,unclear,aact,1,unclear,2,unclear,1,market cap outside $300M-$10B,False,False,1271.0,2023-05-18,94708920.9,1411470.11425,0.19059447842375407,-0.10926676407202063,dev,no_trade,0
0000950170-23-022879,0000921299,FGEN,2023-05-18,acceptance_time,updated_after_release,2023-05-18T07:35:54,0,yes,aact,0,yes,0,yes,0,,False,False,1272.0,2023-05-19,1739894477.2799997,3866189.5825000005,0.045193105608705667,0.0006663192135155649,dev,clean_long,1
0001140361-23-025377,0001681087,AVRO,2023-05-18,acceptance_time,updated_after_release,2023-05-18T07:11:36,1,yes,aact,1,yes,1,yes,1,market cap outside $300M-$10B,False,False,1272.0,2023-05-19,25580945.24,51262.38497499999,0.07834408405436068,0.4595983787025595,dev,clean_long,1
0001860782-23-000081,0001860782,,2023-05-19,acceptance_time,updated_after_release,2023-05-19T06:07:44,0,unclear,aact,0,unclear,0,unclear,0,"no ticker printed in the release (missing, or today's SEC ticker)",,,,,,,,,dev,no_trade,0
0001104659-23-062936,0001724979,RAIN,2023-05-22,acceptance_time,updated_after_release,2023-05-22T08:05:48,0,no,aact,0,no,0,no,0,illiquid (Nasdaq 20-day dollar volume < $1.2M),False,False,1274.0,2023-05-23,360359093.98,350811.6560000001,0.041503340577805845,-0.9016493551934657,dev,clean_short,-1
0001711279-23-000037,0001711279,KRYS,2023-05-22,acceptance_time,,2023-05-19T17:05:17,0,yes,text,0,yes,,,0,,False,False,1274.0,2023-05-23,2478580829.66,5025632.3895,0.03293919594981272,0.19963054109809875,dev,clean_long,1
0001193125-23-150624,0001786255,,2023-05-23,acceptance_time,updated_after_release,2023-05-22T17:12:00,0,unclear,aact,4,unclear,0,unclear,0,"no ticker printed in the release (missing, or today's SEC ticker)",,,,,,,,,dev,no_trade,0
0001104659-23-063202,0001597264,BPMC,2023-05-23,acceptance_time,,2023-05-22T16:53:13,0,yes,text,0,yes,,,1,,False,False,1275.0,2023-05-24,3401288156.25,7321743.937000001,0.036044245565534164,0.039860252161657894,dev,clean_long,1
0001104659-23-063688,0001070081,PTCT,2023-05-24,acceptance_time,updated_after_release,2023-05-23T17:17:08,3,no,aact,3,no,3,no,1,,False,False,1276.0,2023-05-25,4333478787.0,10229005.190499999,0.0227373302519031,-0.17699049978794323,dev,no_trade,0
0001628280-23-019591,0001576263,MRTX,2023-05-25,acceptance_time,updated_after_release,2023-05-24T16:09:39,0,no,aact,0,no,0,no,0,,False,False,1277.0,2023-05-26,2553240338.28,9882295.4055,0.02423541872859493,-0.0965998538161158,dev,clean_short,-1
0001193125-23-153420,0001528115,ANNX,2023-05-25,release_date_only,updated_after_release,2023-05-24T23:59,3,no,aact,3,no,3,no,0,market cap outside $300M-$10B,False,False,1277.0,2023-05-26,199759266.7,466785.63500000007,0.05193096640794861,-0.5719925534567641,dev,no_trade,0
0001437749-23-015996,0001595248,GNPX,2023-05-26,release_date_only,updated_after_release,2023-05-25T23:59,2,unclear,aact,2,unclear,2,unclear,0,market cap outside $300M-$10B,False,False,1278.0,2023-05-30,44702007.08,18334.473045,0.03564531636605063,0.009503944660575359,dev,spun_short,-1
0001193125-23-154347,0001789972,CGEM,2023-05-26,acceptance_time,updated_after_release,2023-05-25T17:05:30,1,unclear,aact,1,unclear,1,unclear,1,illiquid (Nasdaq 20-day dollar volume < $1.2M),False,False,1278.0,2023-05-30,375109529.47999996,511405.6655,0.030993680302214215,0.0454638265513001,dev,no_trade,0
0001745020-23-000018,0001745020,THRX,2023-05-26,acceptance_time,updated_after_release,2023-05-25T17:04:08,2,unclear,aact,1,unclear,2,unclear,1,illiquid (Nasdaq 20-day dollar volume < $1.2M),False,False,1278.0,2023-05-30,378680080.46,291061.98250000004,0.04773646297817906,-0.11727101720417155,dev,no_trade,0
0000950170-23-024292,0001761918,ERAS,2023-05-26,acceptance_time,updated_after_release,2023-05-25T17:10:38,2,yes,aact,2,unclear,2,yes,0,illiquid (Nasdaq 20-day dollar volume < $1.2M),False,False,1278.0,2023-05-30,446993250.805,417762.22725,0.033271305308147696,-0.05631824444487965,dev,no_trade,0
0001104659-23-065549,0001722964,YMAB,2023-05-30,acceptance_time,updated_after_release,2023-05-26T17:05:46,1,unclear,aact,1,unclear,1,unclear,2,,False,False,1279.0,2023-05-31,379559795.22999996,1251409.6830000002,0.10173069828640569,-0.03489871656163546,dev,no_trade,0
0000950170-23-025091,0001357874,DTIL,2023-05-31,acceptance_time,,2023-05-31T07:31:21,2,unclear,text,2,unclear,,,0,market cap outside $300M-$10B,False,False,1280.0,2023-06-01,94471229.20760001,47812.949755,0.05267690114793553,-0.11868035599762483,dev,no_trade,0
0001628280-23-020227,0001398733,AQST,2023-05-31,acceptance_time,,2023-05-31T09:06:57,1,unclear,text,1,unclear,,,0,market cap outside $300M-$10B,False,False,1280.0,2023-06-01,115759287.27,370981.17600000004,0.09416269492916969,0.11074110929157288,dev,no_trade,0
0001438533-23-000030,0001438533,TVTX,2023-06-01,acceptance_time,updated_after_release,2023-05-31T16:57:16,1,yes,aact,1,yes,1,yes,1,,False,False,1281.0,2023-06-02,1332497111.86,5093414.9115,0.02924709342429302,0.007702014971526339,dev,clean_long,1
0001104659-23-066700,0001760542,HOOK,2023-06-01,acceptance_time,,2023-05-31T17:24:19,2,unclear,text,2,unclear,,,2,market cap outside $300M-$10B,False,False,1281.0,2023-06-02,28497157.92,440590.36049999995,0.10978816430161457,-0.15962212225742622,dev,no_trade,0
0001193125-23-161596,0001622229,COGT,2023-06-05,release_date_only,updated_after_release,2023-06-03T23:59,2,unclear,aact,2,unclear,2,unclear,1,,False,False,1283.0,2023-06-06,920179866.3000001,1806920.4785,0.0350404305606443,0.01622637404044336,dev,spun_short,-1
0001193125-23-160031,0001937653,ZYME,2023-06-05,acceptance_time,updated_after_release,2023-06-02T19:48:33,0,yes,aact,0,yes,0,yes,0,,False,False,1283.0,2023-06-06,557006727.76,1295559.1107500002,0.04354160219786124,0.02728610422246569,dev,clean_long,1
0001104659-23-067866,0001845459,NKGEN,2023-06-05,acceptance_time,unchanged_since_release,2023-06-05T08:30:53,1,yes,aact,1,yes,1,yes,0,no prices for the release's ticker,,,,,,,,,dev,no_trade,0
0001558370-23-010788,0001783032,ELEV,2023-06-05,release_date_only,unchanged_since_release,2023-06-03T23:59,1,unclear,aact,1,unclear,1,yes,0,market cap outside $300M-$10B,False,False,1283.0,2023-06-06,86399353.3,1595207.9120000002,0.1901903507699276,-0.2348058020539021,dev,no_trade,0
0001193125-23-160325,0001744659,AKRO,2023-06-05,acceptance_time,updated_after_release,2023-06-05T08:05:09,1,yes,aact,0,yes,1,yes,1,,False,False,1283.0,2023-06-06,2340564481.94,6482599.68575,0.027802553838060146,0.10895563237763906,dev,clean_long,1
0001725160-23-000129,0001725160,ZNTL,2023-06-05,acceptance_time,updated_after_release,2023-06-05T14:24:49,0,unclear,aact,0,unclear,0,unclear,1,"no ticker printed in the release (missing, or today's SEC ticker)",,,,,,,,,dev,no_trade,0
0000950170-23-026236,0001662244,CYT,2023-06-05,release_date_only,updated_after_release,2023-06-03T23:59,1,unclear,aact,1,unclear,1,unclear,0,market cap outside $300M-$10B,False,False,1283.0,2023-06-06,79193626.51,9272.679500000002,0.034051824629950385,-0.01278849642641533,dev,no_trade,0
0001104659-23-067854,0001600132,BLPH,2023-06-05,acceptance_time,updated_after_release,2023-06-05T08:08:34,0,no,aact,0,no,0,no,1,market cap outside $300M-$10B,False,False,1283.0,2023-06-06,73566831.36,188713.06450000004,0.07265222084730566,-0.8717176138336717,dev,clean_short,-1
0001193125-23-160358,0001538210,NEXI,2023-06-05,acceptance_time,updated_after_release,2023-06-05T08:37:00,2,unclear,"text, match rejected",2,unclear,2,unclear,2,market cap outside $300M-$10B,False,False,1283.0,2023-06-06,8866673.34,23081.448859999997,0.13763973919281455,0.06970952520376139,dev,spun_short,-1
0001493152-23-020081,0001401914,DARE,2023-06-05,acceptance_time,unchanged_since_release,2023-06-05T08:05:32,2,unclear,aact,2,unclear,2,unclear,2,market cap outside $300M-$10B,False,False,1283.0,2023-06-06,87147675.27,24601.687224999994,0.017353266945935707,-0.014314936065894956,dev,no_trade,0
0001140361-23-028235,0001601485,ELTX,2023-06-05,release_date_only,updated_after_release,2023-06-03T23:59,1,yes,aact,1,unclear,1,yes,0,,False,False,1283.0,2023-06-06,543251202.12,2265048.28,,-0.16762254731482462,dev,clean_long,1
0000950170-23-026375,0001515673,RARE,2023-06-06,acceptance_time,updated_after_release,2023-06-05T16:17:54,1,unclear,aact,2,unclear,1,unclear,0,,False,False,1284.0,2023-06-07,3629241177.5,7022950.533500001,0.02659671883658256,-0.011443074430744327,dev,no_trade,0
0001628280-23-021025,0001704292,ZLAB,2023-06-06,acceptance_time,,2023-06-06T08:08:39,1,yes,text,1,yes,,,4,,False,False,1284.0,2023-06-07,3144142253.07,5446068.078000001,0.04654263113797537,-0.06942343303399234,dev,clean_long,1
0001725160-23-000131,0001725160,ZNTL,2023-06-06,acceptance_time,updated_after_release,2023-06-06T09:10:13,2,unclear,aact,2,unclear,2,unclear,3,,False,False,1284.0,2023-06-07,1467912696.32,8148766.389,0.050170211599148855,0.003473239756708768,dev,spun_short,-1
0000950170-23-026748,0000921299,FGEN,2023-06-07,acceptance_time,updated_after_release,2023-06-07T09:00:45,0,no,aact,0,no,0,no,0,,False,False,1285.0,2023-06-08,1825767003.3600001,3538091.3870000006,0.023337522228770367,-0.08615136533696133,dev,clean_short,-1
0001171843-23-003807,0001447028,ABUS,2023-06-07,acceptance_time,,2023-06-07T06:00:17,1,unclear,text,1,unclear,,,0,illiquid (Nasdaq 20-day dollar volume < $1.2M),False,False,1285.0,2023-06-08,431947263.8,279946.46875,0.016444670479773424,0.005987762237762206,dev,no_trade,0
0001193125-23-162576,0001808158,RPTX,2023-06-08,acceptance_time,updated_after_release,2023-06-07T16:31:05,1,yes,aact,1,unclear,1,yes,2,illiquid (Nasdaq 20-day dollar volume < $1.2M),False,False,1286.0,2023-06-09,495381009.41999996,272010.67600000004,0.0389225231990925,0.015066232107066257,dev,clean_long,1
0001655759-23-000043,0001655759,ARVN,2023-06-08,acceptance_time,updated_after_release,2023-06-08T07:14:58,2,unclear,aact,2,unclear,2,unclear,0,,False,False,1286.0,2023-06-09,1282094455.53,2252482.83,0.03480909011929366,0.010185442206794626,dev,spun_short,-1
0001193125-23-164010,0001816736,IRON,2023-06-09,acceptance_time,updated_after_release,2023-06-09T08:00:43,1,yes,aact,2,unclear,2,unclear,0,illiquid (Nasdaq 20-day dollar volume < $1.2M),False,False,1287.0,2023-06-12,775144826.55,665831.468,0.04036929079362527,0.1808657691493748,dev,clean_long,1
0001558370-23-010931,0001650664,EDIT,2023-06-09,acceptance_time,updated_after_release,2023-06-09T06:01:06,1,yes,aact,1,unclear,1,unclear,0,,False,False,1287.0,2023-06-12,660977905.48,3442649.4077500002,0.038551827141957026,0.015292269654631263,dev,clean_long,1
0001171843-23-003856,0000882361,APTO,2023-06-12,release_date_only,updated_after_release,2023-06-10T23:59,1,yes,aact,2,unclear,1,yes,1,reverse split between shares filing and event,False,False,,,,,,,dev,no_trade,0
0001193125-23-165337,0001435049,KDNY,2023-06-13,acceptance_time,updated_after_release,2023-06-12T16:28:00,1,yes,aact,2,unclear,1,unclear,1,,False,False,1289.0,2023-06-14,2539789340.93,12104007.054499999,0.13305976092941496,-0.021252480087529446,dev,clean_long,1
0001157523-23-000973,0001341235,ALDX,2023-06-15,acceptance_time,updated_after_release,2023-06-15T07:01:17,4,unclear,aact,4,unclear,4,unclear,0,,False,False,1291.0,2023-06-16,612122857.5,1982526.2795000002,0.0373802178077128,0.03506872132122485,dev,spun_short,-1
0000950170-23-028784,0001394319,TCON,2023-06-20,acceptance_time,updated_after_release,2023-06-20T08:08:29,2,unclear,aact,2,unclear,2,unclear,0,market cap outside $300M-$10B,False,False,1293.0,2023-06-21,12029730.0,7944.628725,0.04559464838178366,-0.0810567119844624,dev,no_trade,0
0001193125-23-169726,0001435049,KDNY,2023-06-20,release_date_only,updated_after_release,2023-06-17T23:59,0,yes,aact,0,unclear,0,yes,1,,False,False,1293.0,2023-06-21,2543133809.38,16129823.558499997,0.1312252394474947,-0.003886906618865371,dev,clean_long,1
0001437749-23-017768,0001504167,TMBR,2023-06-20,acceptance_time,updated_after_release,2023-06-20T08:26:31,1,unclear,aact,1,unclear,1,unclear,1,market cap outside $300M-$10B,False,False,1293.0,2023-06-21,6088968.0,96715.24325,0.0895181871232017,0.018743288015537596,dev,no_trade,0
0001714899-23-000103,0001714899,DNLI,2023-06-20,acceptance_time,updated_after_release,2023-06-20T07:03:14,2,unclear,"text, match rejected",2,unclear,2,unclear,1,,False,False,1293.0,2023-06-21,4243556272.0,6718299.408,0.029275336111599246,0.018420707370376377,dev,spun_short,-1
0001213900-23-050034,0001506251,CTXR,2023-06-21,acceptance_time,updated_after_release,2023-06-20T16:05:34,3,no,aact,2,unclear,3,no,1,market cap outside $300M-$10B,False,False,1294.0,2023-06-22,200160825.48,225393.038,0.034520736822046184,0.03291241949388912,dev,spun_short,-1
0001070081-23-000036,0001070081,PTCT,2023-06-21,acceptance_time,,2023-06-21T07:30:40,1,unclear,text,1,unclear,,,3,,False,False,1294.0,2023-06-22,3108590330.0,11867867.621,0.05192574014825127,0.033774259854536415,dev,no_trade,0
0001171843-23-004026,0001447028,ABUS,2023-06-21,acceptance_time,updated_after_release,2023-06-21T06:10:14,1,yes,aact,1,unclear,1,unclear,0,illiquid (Nasdaq 20-day dollar volume < $1.2M),False,False,1294.0,2023-06-22,406196561.53499997,268631.46675,0.0174946273465747,-0.023495215134604286,dev,clean_long,1
0001104659-23-073817,0001590560,QURE,2023-06-22,release_date_only,updated_after_release,2023-06-21T23:59,2,yes,aact,2,unclear,2,yes,4,no shares outstanding,False,False,,,,,,,dev,no_trade,0
0001126234-23-000079,0001126234,LUMO,2023-06-22,acceptance_time,,2023-06-21T17:10:09,2,unclear,text,2,unclear,,,2,market cap outside $300M-$10B,False,False,1295.0,2023-06-23,33172335.56,51991.2585,0.054093410019853794,-0.033215496195670324,dev,no_trade,0
0001104659-23-073326,0001828185,VACC,2023-06-22,acceptance_time,updated_after_release,2023-06-21T16:05:27,1,yes,aact,2,unclear,2,yes,0,market cap outside $300M-$10B,False,False,1295.0,2023-06-23,88634325.78,9522.447000000002,0.027874777913744847,0.0018643664703991147,dev,clean_long,1
0001214659-23-008740,0001677077,ALZN,2023-06-23,acceptance_time,updated_after_release,2023-06-22T16:30:19,1,yes,aact,2,unclear,1,yes,0,market cap outside $300M-$10B,False,False,1296.0,2023-06-26,64778831.2908,11996.072510000002,0.05825549420816119,-0.14092915281316742,dev,clean_long,1
0001213900-23-050991,0001728328,INM,2023-06-23,acceptance_time,updated_after_release,2023-06-22T16:28:52,2,no,aact,2,no,2,no,3,market cap outside $300M-$10B,False,False,1296.0,2023-06-26,3394754.82,21595.564,0.046059492175950754,-0.06791362592353722,dev,no_trade,0
0001104659-23-074439,0001434868,ESPR,2023-06-26,release_date_only,,2023-06-24T23:59,1,yes,text,1,yes,,,1,market cap outside $300M-$10B,False,False,1297.0,2023-06-27,126441397.095,645654.47125,0.04656436281458676,0.042813068085055805,dev,clean_long,1
0001628280-23-023374,0001534120,AVTX,2023-06-26,acceptance_time,updated_after_release,2023-06-26T07:03:51,2,no,aact,2,no,2,no,3,market cap outside $300M-$10B,False,False,1297.0,2023-06-27,58478370.05,42452.47749999999,0.10051086688815895,-0.8608119435398036,dev,no_trade,0
0001628280-23-023381,0001821586,MLTX,2023-06-26,release_date_only,updated_after_release,2023-06-25T23:59,1,yes,aact,1,yes,1,yes,3,no shares outstanding,False,False,,,,,,,dev,no_trade,0
0001104659-23-074995,0001701541,BDTX,2023-06-27,acceptance_time,updated_after_release,2023-06-27T07:11:04,2,unclear,aact,2,unclear,1,unclear,2,market cap outside $300M-$10B,False,False,1298.0,2023-06-28,67183132.48,32703.682499999995,0.06323584311872685,2.3603811807075026,dev,spun_short,-1
0001193125-23-176131,0001805890,FUSN,2023-06-27,release_date_only,updated_after_release,2023-06-26T23:59,1,unclear,aact,2,unclear,1,unclear,2,market cap outside $300M-$10B,False,False,1298.0,2023-06-28,286030120.32000005,59550.98550000001,0.04982838987062134,-0.04742161432355285,dev,no_trade,0
0001157523-23-001035,0001341235,ALDX,2023-06-27,acceptance_time,updated_after_release,2023-06-27T07:01:18,4,unclear,"text, match rejected",4,unclear,4,unclear,0,,False,False,1298.0,2023-06-28,441079915.5,3502667.60625,0.07641307234447518,-0.010266662701469587,dev,no_trade,0
0000950170-23-029860,0001787400,NKTX,2023-06-27,acceptance_time,updated_after_release,2023-06-26T16:07:53,0,unclear,aact,0,unclear,0,unclear,0,market cap outside $300M-$10B,False,False,1298.0,2023-06-28,222653922.4,263816.92075000005,0.03722770750537664,-0.3829298560817944,dev,no_trade,0
0000950170-23-029851,0001720580,ACET,2023-06-27,acceptance_time,updated_after_release,2023-06-26T16:02:58,1,yes,aact,2,unclear,1,yes,1,market cap outside $300M-$10B,False,False,1298.0,2023-06-28,199752774.9,612697.85875,0.04516017443222629,-0.5402499553373776,dev,clean_long,1
0001104659-23-075552,0001455365,CGTX,2023-06-28,acceptance_time,updated_after_release,2023-06-28T07:27:35,3,no,aact,3,no,3,no,4,market cap outside $300M-$10B,False,False,1299.0,2023-06-29,73193067.5,63787.257999999994,0.07305397502721157,-0.14078340569223347,dev,no_trade,0
0001193125-23-176864,0001806310,TSHA,2023-06-28,acceptance_time,,2023-06-28T08:31:01,4,no,text,4,no,,,2,market cap outside $300M-$10B,False,True,1299.0,2023-06-29,38378783.066,31091.874784999993,0.04914350648682873,-0.026161332113638247,dev,no_trade,0
0001157523-23-001047,0001341235,ALDX,2023-06-29,acceptance_time,updated_after_release,2023-06-29T07:01:25,4,unclear,aact,0,unclear,4,unclear,0,,False,False,1300.0,2023-06-30,453088067.25,3645724.0730000003,0.0769249608419372,0.036998605110060145,dev,spun_short,-1
0001104659-23-075977,0001720893,BTAI,2023-06-29,acceptance_time,,2023-06-29T06:00:34,0,yes,text,0,yes,,,1,,False,False,1300.0,2023-06-30,515542399.84,2891231.5595000004,0.04016956093189841,-0.6222612526792093,dev,clean_long,1
0001628280-23-024065,0001087294,CPIX,2023-07-03,acceptance_time,updated_after_release,2023-06-30T17:20:45,2,unclear,aact,1,unclear,1,unclear,1,market cap outside $300M-$10B,False,False,1302.0,2023-07-05,20662223.009999998,6183.559500000001,0.025533745912435964,0.03857037086216275,dev,spun_short,-1
0001628280-23-024042,0001704292,ZLAB,2023-07-03,acceptance_time,,2023-06-30T16:18:57,0,yes,text,0,yes,,,0,,False,False,1302.0,2023-07-05,2458437518.25,4406344.07,0.04790949549970485,0.038199930491722434,dev,clean_long,1
0001171843-23-004330,0001069530,SAVA,2023-07-05,acceptance_time,,2023-07-05T09:25:10,3,no,text,3,no,,,2,no shares outstanding,False,False,,,,,,,dev,no_trade,0
0001213900-23-054782,0001860657,ALLR,2023-07-06,acceptance_time,updated_after_release,2023-07-05T16:31:04,3,unclear,aact,3,unclear,3,unclear,0,reverse split between shares filing and event,False,False,,,,,,,dev,no_trade,0
0001437749-23-019649,0000072444,VXRT,2023-07-07,release_date_only,updated_after_release,2023-07-06T23:59,0,yes,aact,0,yes,0,yes,1,market cap outside $300M-$10B,False,False,1305.0,2023-07-10,96708005.77119999,348165.86195,0.07888886689267405,0.007749799521487466,dev,clean_long,1
0001140361-23-033840,0000874015,IONS,2023-07-10,acceptance_time,updated_after_release,2023-07-10T07:00:20,1,yes,aact,1,yes,1,yes,2,,False,False,1306.0,2023-07-11,5982681411.77,13028590.314000001,0.019610303694898794,-0.029458501405696058,dev,clean_long,1
0001104659-23-079364,0001425205,IOVA,2023-07-10,acceptance_time,updated_after_release,2023-07-10T08:53:46,2,unclear,"text, match rejected",2,unclear,1,unclear,0,,False,False,1306.0,2023-07-11,1625007530.96,6903432.304499999,0.03681253378739368,0.18601111185397246,dev,spun_short,-1
0001493152-23-024164,0001862150,CING,2023-07-11,acceptance_time,updated_after_release,2023-07-11T08:22:59,3,no,aact,3,no,3,no,2,market cap outside $300M-$10B,False,False,1307.0,2023-07-12,11001893.479999999,7447.0822,0.04560869697056231,-0.10163351303829371,dev,no_trade,0
0001193125-23-185120,0001878313,MAIA,2023-07-11,acceptance_time,updated_after_release,2023-07-11T10:26:28,2,yes,aact,4,no,3,no,1,market cap outside $300M-$10B,False,False,1307.0,2023-07-12,30385812.75,1661.87225,0.04073054003006188,-0.031124973776772924,dev,no_trade,0
0001104659-23-080554,0001604191,FWBI,2023-07-13,acceptance_time,updated_after_release,2023-07-13T07:14:29,0,no,aact,0,no,0,no,0,market cap outside $300M-$10B,False,False,1309.0,2023-07-14,2394035.16,512812.02825,0.09528138762822394,-0.3084750983945864,dev,clean_short,-1
0001193125-23-187579,0001576885,ABOS,2023-07-17,release_date_only,updated_after_release,2023-07-16T23:59,1,yes,aact,1,yes,1,yes,0,market cap outside $300M-$10B,False,False,1311.0,2023-07-18,257227138.73999998,384500.0395,0.05957808669462951,0.5353226960337554,dev,clean_long,1
0001140361-23-034684,0001743881,BBIO,2023-07-17,acceptance_time,updated_after_release,2023-07-17T07:23:27,1,yes,aact,1,yes,0,yes,3,,False,False,1311.0,2023-07-18,2924328201.7799997,9000763.8795,0.048808832908635406,0.7430417491800427,dev,clean_long,1
0001193125-23-187702,0001817713,JANX,2023-07-17,acceptance_time,,2023-07-17T08:06:01,1,unclear,text,1,unclear,,,1,illiquid (Nasdaq 20-day dollar volume < $1.2M),False,False,1311.0,2023-07-18,520824771.75,384453.29549999995,0.02497486938444968,-0.04142256251239129,dev,no_trade,0
0001558370-23-011904,0001818844,VIRI,2023-07-17,acceptance_time,,2023-07-17T07:15:10,3,yes,text,3,yes,,,2,market cap outside $300M-$10B,False,False,1311.0,2023-07-18,44176239.900000006,149849.23875000002,0.09490424595916551,-0.2099372853039726,dev,no_trade,0
0001104659-23-081432,0001845459,,2023-07-17,acceptance_time,,2023-07-17T08:00:25,2,yes,text,2,yes,,,0,"no ticker printed in the release (missing, or today's SEC ticker)",,,,,,,,,dev,no_trade,0
0001728117-23-000091,0001728117,GOSS,2023-07-20,acceptance_time,updated_after_release,2023-07-20T07:50:19,0,unclear,"text, match rejected",0,unclear,0,unclear,0,market cap outside $300M-$10B,False,False,1314.0,2023-07-21,174662693.85,388418.99525000004,0.06182667842800703,-0.308691545541802,dev,no_trade,0
0001193125-23-190147,0001706431,VIR,2023-07-20,acceptance_time,updated_after_release,2023-07-20T08:04:51,1,no,aact,0,no,1,no,0,,False,False,1314.0,2023-07-21,3088159200.9,4738723.701,0.022419535006424855,-0.43301263417070335,dev,clean_short,-1
0000950170-23-033937,0001395937,SNDX,2023-07-24,acceptance_time,updated_after_release,2023-07-24T07:07:13,0,yes,aact,0,yes,0,yes,2,,False,False,1316.0,2023-07-25,1463140349.0200002,3373006.2222500006,0.01565933139121813,0.04188158935835751,dev,clean_long,1
0000950170-23-033933,0001468748,KOD,2023-07-24,acceptance_time,,2023-07-24T06:45:38,0,no,text,0,no,,,0,illiquid (Nasdaq 20-day dollar volume < $1.2M),False,False,1316.0,2023-07-25,381676996.89,1039292.0479999998,0.04788091377545405,-0.44164072951813027,dev,clean_short,-1
0001104659-23-083227,0001811623,PXMD,2023-07-24,acceptance_time,,2023-07-24T08:15:13,2,yes,text,2,yes,,,1,market cap outside $300M-$10B,False,False,1316.0,2023-07-25,11755521.4557,9589.210720000001,0.041066178606540216,0.08741159474116555,dev,spun_short,-1
0001193125-23-192735,0001623526,STOK,2023-07-25,acceptance_time,updated_after_release,2023-07-25T07:05:31,2,yes,aact,3,unclear,2,yes,0,illiquid (Nasdaq 20-day dollar volume < $1.2M),False,False,1317.0,2023-07-26,420674843.68,664914.6810000001,0.05859274249494796,-0.316662461460672,dev,no_trade,0
0001193125-23-193428,0001840439,BMEA,2023-07-25,release_date_only,updated_after_release,2023-07-24T23:59,2,unclear,aact,1,unclear,1,unclear,0,,False,False,1317.0,2023-07-26,652088888.2800001,5928338.475,0.06412900467614696,0.07591981574988627,dev,spun_short,-1
0001829126-23-004890,0001557376,OCEL,2023-07-26,acceptance_time,,2023-07-26T09:00:17,1,unclear,text,1,unclear,,,1,no prices for the release's ticker,,,,,,,,,dev,no_trade,0
0001628280-23-025841,0001398733,AQST,2023-07-27,acceptance_time,,2023-07-27T09:23:28,0,yes,text,0,yes,,,0,market cap outside $300M-$10B,False,False,1319.0,2023-07-28,93949566.47999999,101474.11825,0.02870731811210935,0.03303055326176718,dev,clean_long,1
0001104659-23-084538,0001442836,MRSN,2023-07-27,acceptance_time,,2023-07-27T07:32:25,0,no,text,0,no,,,0,,False,False,1319.0,2023-07-28,448392375.2,1497013.24,0.03485855418298388,-0.7118674059219062,dev,clean_short,-1
0001493152-23-025631,0001535955,LPCN,2023-07-27,acceptance_time,updated_after_release,2023-07-27T06:45:33,1,yes,aact,1,yes,1,yes,1,reverse split between shares filing and event,False,False,,,,,,,dev,no_trade,0
0001935979-23-000046,0001935979,BHVN,2023-07-28,release_date_only,,2023-07-27T23:59,2,no,text,2,no,,,1,,False,False,1320.0,2023-07-31,1257045238.075,2684727.2262500003,0.06080221667571001,0.009343166114335943,dev,spun_short,-1
0001193125-23-198580,0001806310,TSHA,2023-07-31,acceptance_time,,2023-07-31T08:05:29,1,unclear,text,1,unclear,,,1,market cap outside $300M-$10B,False,True,1321.0,2023-08-01,42935461.323,16300.461555000002,0.041290667001677564,0.005812417013064453,dev,no_trade,0
0001558370-23-012756,0001133818,BPTH,2023-08-02,acceptance_time,updated_after_release,2023-08-01T17:02:24,2,yes,aact,2,unclear,2,yes,2,market cap outside $300M-$10B,False,False,1323.0,2023-08-03,7722155.0964,29315.955934999998,0.07591634283366193,-0.20228382223488905,dev,no_trade,0
0001437749-23-022216,0001411685,VTGN,2023-08-07,acceptance_time,,2023-08-07T08:35:08,0,yes,text,0,yes,,,3,reverse split between shares filing and event,False,False,,,,,,,dev,no_trade,0
0001372514-23-000118,0001372514,KPRX,2023-08-08,acceptance_time,updated_after_release,2023-08-08T07:14:26,2,unclear,aact,2,unclear,2,unclear,0,market cap outside $300M-$10B,False,False,1327.0,2023-08-09,1153833.9,6824.683435000001,0.01642908063517707,-0.02475253971226976,dev,no_trade,0
0001437749-23-022388,0001645469,MNPR,2023-08-08,acceptance_time,updated_after_release,2023-08-08T07:00:11,2,unclear,aact,2,unclear,2,unclear,2,market cap outside $300M-$10B,False,False,1327.0,2023-08-09,9983974.4856,28890.811160000005,0.06224148964646918,0.09318220577281755,dev,spun_short,-1
0001437749-23-023025,0001659617,MBRX,2023-08-11,acceptance_time,updated_after_release,2023-08-10T16:05:20,1,yes,aact,2,unclear,1,yes,1,market cap outside $300M-$10B,False,False,1330.0,2023-08-14,18482474.66,15610.125544999999,0.043763659367230964,-0.03213297069576393,dev,clean_long,1
0000950170-23-042631,0001800315,GLTO,2023-08-15,acceptance_time,updated_after_release,2023-08-15T08:00:58,0,no,aact,0,no,0,no,1,market cap outside $300M-$10B,False,False,1332.0,2023-08-16,63443710.98,193663.74975000002,0.08582542317858666,-0.7082371888319656,dev,clean_short,-1
0001193125-23-213897,0001060736,SGEN,2023-08-16,acceptance_time,,2023-08-16T08:15:51,0,yes,text,0,yes,,,0,market cap outside $300M-$10B,False,False,1333.0,2023-08-17,36450938977.0,28236786.614499997,0.004523708411879017,0.017051640429601278,dev,clean_long,1
0001558370-23-015014,0001680048,MBIO,2023-08-16,acceptance_time,updated_after_release,2023-08-16T08:56:15,2,unclear,aact,2,unclear,2,unclear,1,market cap outside $300M-$10B,False,False,1333.0,2023-08-17,94909898.2,21362.7235,0.04584083731961223,-0.0390977443609023,dev,no_trade,0
0001104659-23-092665,0000882095,GILD,2023-08-17,acceptance_time,updated_after_release,2023-08-16T17:19:22,1,unclear,aact,0,unclear,1,unclear,0,"no ticker printed in the release (missing, or today's SEC ticker)",,,,,,,,,dev,no_trade,0
0001140361-23-040255,0001472091,PDSB,2023-08-17,release_date_only,,2023-08-16T23:59,2,unclear,text,2,unclear,,,0,market cap outside $300M-$10B,False,False,1334.0,2023-08-18,192308811.24,580406.623,0.05876405181914128,-0.07849937317664701,dev,no_trade,0
0000950170-23-045111,0000921299,FGEN,2023-08-30,acceptance_time,updated_after_release,2023-08-29T17:14:23,0,no,aact,0,no,0,no,0,market cap outside $300M-$10B,False,False,1343.0,2023-08-31,126200065.88,566088.7690000001,0.05795118905660152,-0.2521843212886241,dev,clean_short,-1
0001104659-23-096868,0000786947,ACUR,2023-08-31,acceptance_time,,2023-08-30T16:10:17,0,yes,text,0,yes,,,1,no prices for the release's ticker,,,,,,,,,dev,no_trade,0
0001437749-23-025103,0000925741,BCDA,2023-09-05,acceptance_time,updated_after_release,2023-09-05T07:15:58,0,unclear,aact,0,unclear,0,unclear,0,market cap outside $300M-$10B,False,False,1346.0,2023-09-06,16860995.0168,3536.233985,0.02448391961504193,-0.2714828826973842,dev,no_trade,0
0001193125-23-228019,0001060736,,2023-09-05,release_date_only,updated_after_release,2023-09-04T23:59,0,yes,aact,0,yes,0,yes,0,"no ticker printed in the release (missing, or today's SEC ticker)",,,,,,,,,dev,no_trade,0
0001140361-23-042505,0001104506,INSM,2023-09-05,acceptance_time,,2023-09-05T07:00:31,3,yes,text,3,yes,,,3,,False,False,1346.0,2023-09-06,3255632000.0,5629496.55275,0.01997416734992552,0.1831787301668184,dev,spun_short,-1
0001387131-23-010769,0001430306,TNXP,2023-09-05,acceptance_time,updated_after_release,2023-09-05T07:07:58,3,no,aact,3,no,3,no,4,market cap outside $300M-$10B,False,False,1346.0,2023-09-06,17851152.705,91190.54237999998,0.029046899216596825,-0.06784257672627791,dev,no_trade,0
0001437749-23-025509,0001411685,VTGN,2023-09-06,release_date_only,,2023-09-05T23:59,1,yes,text,1,yes,,,1,market cap outside $300M-$10B,False,False,1347.0,2023-09-07,58234401.68,1625818.3735,0.11231588410260043,0.04077149423208315,dev,clean_long,1
0001437749-23-025314,0000072444,VXRT,2023-09-07,acceptance_time,updated_after_release,2023-09-06T16:43:07,2,no,aact,2,no,2,no,1,market cap outside $300M-$10B,False,False,1348.0,2023-09-08,121574648.80000001,67051.05046,0.03939012359850284,-0.065848465873513,dev,no_trade,0
0001104659-23-098843,0001035354,ELOX,2023-09-07,acceptance_time,updated_after_release,2023-09-07T10:14:41,3,yes,aact,3,no,3,unclear,0,market cap outside $300M-$10B,False,False,1348.0,2023-09-08,14686049.29,75768.0145,0.07921114927234565,0.050702611914678286,dev,spun_short,-1
0001493152-23-032041,0001610820,BCTX,2023-09-08,acceptance_time,,2023-09-08T08:49:26,4,unclear,text,4,unclear,,,1,market cap outside $300M-$10B,False,False,1349.0,2023-09-11,106598112.42,138550.6485,0.022635121546562727,-0.018728059750612425,dev,no_trade,0
0001193125-23-231906,0001042074,,2023-09-08,release_date_only,updated_after_release,2023-09-07T23:59,0,yes,aact,0,yes,0,yes,2,"no ticker printed in the release (missing, or today's SEC ticker)",,,,,,,,,dev,no_trade,0
0001493152-23-032175,0001862150,CING,2023-09-11,acceptance_time,updated_after_release,2023-09-11T06:10:11,3,no,aact,3,no,3,no,3,market cap outside $300M-$10B,False,True,1350.0,2023-09-12,8790849.1972,8338.220045,0.0434574659224571,0.007940991660183139,dev,spun_short,-1
0001193125-23-231899,0001658247,CRNX,2023-09-11,release_date_only,updated_after_release,2023-09-10T23:59,0,yes,aact,0,yes,0,yes,0,,False,False,1350.0,2023-09-12,872797338.0,2528964.39,0.03026681664823131,0.6326777087646651,dev,clean_long,1
0000914475-23-000062,0000914475,NBIX,2023-09-12,acceptance_time,updated_after_release,2023-09-12T07:31:30,0,yes,aact,0,yes,0,yes,1,market cap outside $300M-$10B,False,False,1351.0,2023-09-13,10706614618.0,18787975.652,0.010529900241744225,0.0639809777212792,dev,clean_long,1
0001818382-23-000125,0001818382,HUMA,2023-09-12,acceptance_time,updated_after_release,2023-09-12T07:09:12,2,yes,aact,1,yes,1,yes,0,illiquid (Nasdaq 20-day dollar volume < $1.2M),False,False,1351.0,2023-09-13,382707675.90000004,962172.7359999999,0.08477732775499756,0.041886062667590096,dev,spun_short,-1
0000950170-23-048470,0001394319,TCON,2023-09-18,acceptance_time,updated_after_release,2023-09-18T08:10:44,1,unclear,aact,1,unclear,1,unclear,0,market cap outside $300M-$10B,False,False,1355.0,2023-09-19,7674986.25,9355.862205000001,0.08296159990330454,0.039700829875518706,dev,no_trade,0
0001558370-23-015840,0001557746,ACRS,2023-09-18,acceptance_time,,2023-09-18T08:00:25,0,yes,text,0,yes,,,1,,False,False,1355.0,2023-09-19,534499547.09999996,1439987.6255,0.046483697919763714,-0.0019177131708388861,dev,clean_long,1
0001104659-23-102121,0001017491,SEEL,2023-09-20,acceptance_time,updated_after_release,2023-09-20T07:00:47,3,no,aact,3,no,3,no,2,market cap outside $300M-$10B,False,True,1357.0,2023-09-21,127365359.0,96927.70212999999,0.0644911125467363,-0.6728976450467044,dev,no_trade,0
0001213900-23-078049,0001553643,RLMD,2023-09-21,acceptance_time,updated_after_release,2023-09-20T16:47:21,1,yes,aact,2,unclear,2,yes,1,market cap outside $300M-$10B,False,False,1358.0,2023-09-22,88792648.85000001,148921.10925,0.05225304911799807,-0.014984026797584038,dev,clean_long,1
0001213900-23-078145,0001788028,JSPR,2023-09-21,acceptance_time,updated_after_release,2023-09-21T08:05:09,0,yes,aact,0,yes,0,yes,1,market cap outside $300M-$10B,False,False,1358.0,2023-09-22,85859240.0337,46650.098099999996,0.052092486459475555,-0.026614614451321628,dev,clean_long,1
0001193125-23-239983,0001060736,SGEN,2023-09-22,acceptance_time,updated_after_release,2023-09-22T06:05:01,0,yes,aact,0,yes,0,yes,1,market cap outside $300M-$10B,False,False,1359.0,2023-09-25,38742730763.35,55448906.42075,0.009959004143810611,0.0463407493945015,dev,clean_long,1
0001437749-23-026647,0001822791,CLNN,2023-09-25,acceptance_time,unchanged_since_release,2023-09-25T07:01:51,3,no,aact,3,unclear,3,no,1,market cap outside $300M-$10B,False,False,1360.0,2023-09-26,60363065.9235,31406.577320000004,0.051002469346346224,0.012965041828013835,dev,spun_short,-1
0001193125-23-241849,0001746473,PLRX,2023-09-26,acceptance_time,updated_after_release,2023-09-26T07:34:28,2,yes,aact,1,yes,2,yes,3,,False,False,1361.0,2023-09-27,872979489.8199999,2224306.0685,0.019405253340807636,0.12392381132891805,dev,spun_short,-1
0001764013-23-000114,0001764013,IMVT,2023-09-26,acceptance_time,,2023-09-26T07:45:51,1,unclear,text,1,unclear,,,1,,False,False,1361.0,2023-09-27,2650021406.76,6380046.552,0.031112189874208093,0.9512815162766477,dev,no_trade,0
0001140361-23-045178,0001635088,ROIV,2023-09-26,acceptance_time,,2023-09-26T08:00:43,0,unclear,text,0,unclear,,,0,"no ticker printed in the release (missing, or today's SEC ticker)",,,,,,,,,dev,no_trade,0
0001140361-23-045170,0000874015,IONS,2023-09-26,acceptance_time,updated_after_release,2023-09-26T07:05:21,1,yes,aact,1,yes,0,yes,2,,False,False,1361.0,2023-09-27,6115729295.360001,8648473.825000001,0.016539227683629153,0.0654944637673438,dev,clean_long,1
0001126234-23-000093,0001126234,LUMO,2023-09-27,acceptance_time,updated_after_release,2023-09-26T16:34:15,2,unclear,aact,2,unclear,2,unclear,0,market cap outside $300M-$10B,False,False,1362.0,2023-09-28,21822451.75,10584.7225,0.044045870150973436,0.06221245639516848,dev,spun_short,-1
0000950170-23-049928,0001693011,INZY,2023-09-27,acceptance_time,,2023-09-26T16:12:51,2,yes,text,2,yes,,,4,market cap outside $300M-$10B,False,False,1362.0,2023-09-28,277783497.0,736472.7535,0.047345325915144044,-0.007181482998771083,dev,no_trade,0
0001493152-23-033833,0000764195,VBIV,2023-09-27,acceptance_time,,2023-09-27T07:30:36,2,unclear,text,2,unclear,,,1,market cap outside $300M-$10B,False,False,1362.0,2023-09-28,14317981.55,27937.658520000005,0.05378884321251198,0.057536301878758245,dev,spun_short,-1
0000950170-23-050039,0001463361,UBX,2023-09-27,acceptance_time,updated_after_release,2023-09-27T07:05:08,2,yes,aact,2,unclear,2,yes,3,market cap outside $300M-$10B,False,False,1362.0,2023-09-28,34897006.620000005,16996.0785,0.031095231039130256,0.00622158534153594,dev,spun_short,-1
0001104659-23-105027,0001888886,GPCR,2023-09-29,acceptance_time,updated_after_release,2023-09-29T07:38:34,0,yes,aact,0,yes,1,yes,3,,False,False,1364.0,2023-10-02,4301761448.01,3223599.1655,0.036642217012394125,0.3556423591512402,dev,clean_long,1
0000950170-23-050922,0001395937,SNDX,2023-10-02,acceptance_time,updated_after_release,2023-10-02T07:04:22,0,yes,aact,0,yes,0,yes,1,,False,False,1365.0,2023-10-03,1008908449.56,4959585.5055,0.028011432578216006,-0.03833886787498497,dev,clean_long,1
0001140361-23-046297,0001472091,PDSB,2023-10-03,acceptance_time,,2023-10-02T16:05:34,2,unclear,text,2,unclear,,,1,market cap outside $300M-$10B,False,False,1366.0,2023-10-04,145389165.48,407007.81549999997,0.025387255781046825,-0.14529498281873654,dev,no_trade,0
0001104659-23-105928,0001736243,ACXP,2023-10-03,acceptance_time,updated_after_release,2023-10-02T16:41:12,4,unclear,aact,4,unclear,4,unclear,1,market cap outside $300M-$10B,False,False,1366.0,2023-10-04,18207179.2,53092.06499999999,0.041855795785087184,-0.0834508821211325,dev,no_trade,0
0000950170-23-051278,0001445283,KA,2023-10-03,acceptance_time,updated_after_release,2023-10-03T08:30:08,1,yes,aact,0,yes,0,yes,0,market cap outside $300M-$10B,False,False,1366.0,2023-10-04,43863245.53,16866.874499999998,0.08880930622559366,-0.12913971444693606,dev,clean_long,1
0001193125-23-250342,0001061027,VIRX,2023-10-04,acceptance_time,updated_after_release,2023-10-04T07:01:09,1,yes,aact,1,yes,1,yes,3,market cap outside $300M-$10B,False,False,1367.0,2023-10-05,39737764.62,13303.6005,0.03729290997388938,-0.0964459109185789,dev,clean_long,1
0001193125-23-250357,0001810182,ALXO,2023-10-04,release_date_only,updated_after_release,2023-10-03T23:59,1,unclear,aact,1,yes,1,unclear,1,60-day window crosses the period end,False,False,1367.0,2023-10-05,310696233.45,1589059.389,0.13052905617135513,-0.1432921785196849,dev,no_trade,0
0001193125-23-251960,0001808158,RPTX,2023-10-05,release_date_only,,2023-10-04T23:59,1,unclear,"text, match rejected",1,unclear,,,0,illiquid (Nasdaq 20-day dollar volume < $1.2M),False,False,1368.0,2023-10-06,372956791.56,417750.0829999999,0.07187116714424224,-0.08558635766815215,dev,no_trade,0
0001013762-23-002000,0001721484,LGVN,2023-10-05,acceptance_time,updated_after_release,2023-10-05T07:36:14,3,yes,aact,2,yes,2,yes,2,no shares outstanding,False,False,,,,,,,dev,no_trade,0
0001193125-23-250724,0001861560,NUVL,2023-10-05,acceptance_time,updated_after_release,2023-10-04T16:05:52,1,unclear,aact,1,unclear,1,unclear,0,market cap outside $300M-$10B,False,False,1368.0,2023-10-06,179970873.84,7559245.9905,0.0872573396158512,0.05118718608299844,dev,no_trade,0
0001193805-23-001384,0001280776,IMUX,2023-10-10,release_date_only,updated_after_release,2023-10-09T23:59,2,unclear,aact,0,unclear,2,unclear,0,market cap outside $300M-$10B,False,False,1371.0,2023-10-11,70906658.97,39791.36899999999,0.0437927386241821,-0.14932535626477428,dev,no_trade,0
0001370053-23-000054,0001370053,ANAB,2023-10-10,release_date_only,updated_after_release,2023-10-09T23:59,0,yes,aact,0,yes,0,yes,1,illiquid (Nasdaq 20-day dollar volume < $1.2M),False,False,1371.0,2023-10-11,528787913.76000005,1085675.0835,0.030412635579610523,-0.021237533274700904,dev,clean_long,1
0001104659-23-107819,0001720893,BTAI,2023-10-10,acceptance_time,updated_after_release,2023-10-10T07:06:00,2,unclear,aact,3,unclear,3,unclear,1,market cap outside $300M-$10B,False,False,1371.0,2023-10-11,80484791.75,564887.066,0.04710570411587102,0.2062378226946311,dev,spun_short,-1
0001193125-23-253123,0001744659,AKRO,2023-10-10,acceptance_time,updated_after_release,2023-10-10T08:04:32,2,no,aact,2,no,2,no,2,60-day window crosses the period end,False,False,1371.0,2023-10-11,2698929574.5,10927970.482499998,0.038495882766360456,-0.630958866071897,dev,no_trade,0
0001193125-23-253008,0001851194,VTYX,2023-10-10,release_date_only,updated_after_release,2023-10-09T23:59,0,yes,aact,1,yes,0,yes,0,60-day window crosses the period end,False,False,1371.0,2023-10-11,1767536406.54,4966498.7305,0.03839304471058033,-0.26437474980699693,dev,clean_long,1
0001437749-23-028018,0001368148,ATHX,2023-10-11,release_date_only,updated_after_release,2023-10-10T23:59,0,no,aact,0,no,0,no,1,market cap outside $300M-$10B,False,False,1372.0,2023-10-12,2700169.1999999997,35703.56999,0.16556994254695767,0.1940215128383067,dev,clean_short,-1
0001140361-23-047809,0001472091,PDSB,2023-10-12,acceptance_time,updated_after_release,2023-10-11T16:02:24,2,unclear,"text, match rejected",2,unclear,2,unclear,0,market cap outside $300M-$10B,False,False,1373.0,2023-10-13,143228392.32,461417.38525,0.048119018755505824,-0.003930623973727343,dev,no_trade,0
0001558370-23-016428,0001802665,HRMY,2023-10-13,acceptance_time,,2023-10-13T08:15:25,2,no,text,2,no,,,3,60-day window crosses the period end,False,False,1374.0,2023-10-16,1815604387.7,5948403.03825,0.029858872274234987,-0.3162787197424305,dev,no_trade,0
0001193125-23-255083,0001699382,PMVP,2023-10-13,acceptance_time,updated_after_release,2023-10-12T17:02:32,0,yes,aact,1,yes,1,yes,1,market cap outside $300M-$10B,False,False,1374.0,2023-10-16,120167363.36,764646.92275,0.12700410878645182,-0.20810866665414174,dev,clean_long,1
0000950170-23-053109,0001812364,RLAY,2023-10-13,acceptance_time,,2023-10-12T16:13:45,2,unclear,text,2,unclear,,,2,60-day window crosses the period end,False,False,1374.0,2023-10-16,964245687.8199999,2040271.1824999999,0.042187425109352035,-0.03482627069099642,dev,no_trade,0
0001104659-23-108892,0001477845,ANVS,2023-10-13,acceptance_time,updated_after_release,2023-10-12T19:39:37,2,unclear,aact,2,unclear,2,unclear,1,market cap outside $300M-$10B,False,False,1374.0,2023-10-16,74531497.71,22201.42225,0.03287546034350987,-0.06776463264080168,dev,no_trade,0
0001193125-23-256537,0001515673,RARE,2023-10-16,release_date_only,updated_after_release,2023-10-14T23:59,2,unclear,aact,1,yes,2,unclear,1,60-day window crosses the period end,False,False,1375.0,2023-10-17,2401302006.82,6453239.353499999,0.031022677088993332,0.09493806416198036,dev,spun_short,-1
0001437749-23-028296,0001285819,OMER,2023-10-17,acceptance_time,updated_after_release,2023-10-16T16:36:07,0,no,aact,0,no,0,no,1,market cap outside $300M-$10B,False,False,1376.0,2023-10-18,96483689.83999999,387753.03674999997,0.07754514702882088,0.017976575822245877,dev,clean_short,-1
0001558370-23-016468,0001781983,APRE,2023-10-17,acceptance_time,updated_after_release,2023-10-16T17:29:22,0,unclear,aact,0,unclear,0,yes,1,market cap outside $300M-$10B,False,False,1376.0,2023-10-18,19580166.52,14494.211000000005,0.05242042036486644,0.01560817439996165,dev,no_trade,0
0001694665-23-000163,0001694665,EVLO,2023-10-17,acceptance_time,,2023-10-17T07:05:54,1,no,text,1,no,,,0,market cap outside $300M-$10B,False,False,1376.0,2023-10-18,55186743.38,33614.592,0.04604691048392628,-0.598837022692501,dev,clean_short,-1
0000950170-23-053653,0001826457,GLUE,2023-10-17,acceptance_time,updated_after_release,2023-10-17T07:55:51,1,unclear,aact,2,unclear,1,unclear,1,"no ticker printed in the release (missing, or today's SEC ticker)",,,,,,,,,dev,no_trade,0
0000950170-23-053894,0001841387,CADL,2023-10-18,acceptance_time,updated_after_release,2023-10-18T11:31:17,3,unclear,"text, match rejected",3,unclear,2,yes,0,market cap outside $300M-$10B,False,False,1377.0,2023-10-19,26027829.0,4425.448875,0.05526359725888041,0.04513259354104415,dev,spun_short,-1
0001104659-23-110119,0001837607,AEON,2023-10-20,acceptance_time,updated_after_release,2023-10-19T16:23:37,2,no,aact,2,no,2,no,4,no shares outstanding,False,False,,,,,,,dev,no_trade,0
0000950170-23-054504,0001520262,ALKS,2023-10-23,acceptance_time,,2023-10-23T08:27:29,0,yes,text,0,yes,,,1,60-day window crosses the period end,False,False,1380.0,2023-10-24,4500417019.7,8703132.598749999,0.012931046862563321,-0.07501569199134794,dev,clean_long,1
0001279569-23-001328,0001633932,EPIX,2023-10-23,release_date_only,updated_after_release,2023-10-21T23:59,1,unclear,aact,1,unclear,1,unclear,0,market cap outside $300M-$10B,False,False,1380.0,2023-10-24,201761333.85,90409.35874999998,0.08395408521016516,-0.12614660898058483,dev,no_trade,0
0001655759-23-000084,0001655759,ARVN,2023-10-23,release_date_only,updated_after_release,2023-10-22T23:59,2,unclear,aact,2,unclear,2,unclear,2,60-day window crosses the period end,False,False,1380.0,2023-10-24,793182891.09,1842106.609,0.035811521357373026,0.001502264039323964,dev,spun_short,-1
0001193125-23-260370,0001676725,IDYA,2023-10-23,acceptance_time,updated_after_release,2023-10-23T08:09:52,2,unclear,aact,3,unclear,2,unclear,1,60-day window crosses the period end,False,False,1380.0,2023-10-24,1456824212.54,4058894.774,0.03246214515348585,0.07473297596931516,dev,spun_short,-1
0001558370-23-016589,0001750284,OLMA,2023-10-23,release_date_only,,2023-10-22T23:59,2,unclear,text,2,unclear,,,1,illiquid (Nasdaq 20-day dollar volume < $1.2M),False,False,1380.0,2023-10-24,438335238.59999996,924357.8927499999,0.0557029360863256,0.04592267651276494,dev,spun_short,-1
0001193125-23-260795,0001796280,ORIC,2023-10-23,release_date_only,updated_after_release,2023-10-21T23:59,1,unclear,aact,2,unclear,1,unclear,2,illiquid (Nasdaq 20-day dollar volume < $1.2M),False,False,1380.0,2023-10-24,308109269.1,701383.5055000001,0.044172980851854504,-0.012233943958098292,dev,no_trade,0
0000950170-23-054508,0001800315,GLTO,2023-10-23,acceptance_time,updated_after_release,2023-10-23T09:00:08,3,no,aact,3,unclear,3,unclear,2,market cap outside $300M-$10B,False,False,1380.0,2023-10-24,15378321.738400001,64862.390779999994,0.06804170742145495,0.03338309112808813,dev,spun_short,-1
0001654954-23-013323,0000725363,CVM,2023-10-24,release_date_only,unchanged_since_release,2023-10-23T23:59,4,no,aact,4,unclear,4,no,0,market cap outside $300M-$10B,False,False,1381.0,2023-10-25,70890145.5,177646.519,0.09768245290554803,-0.012350812821688928,dev,no_trade,0
0001104659-23-110959,0001829635,RNAZ,2023-10-24,acceptance_time,updated_after_release,2023-10-24T08:05:13,0,yes,aact,0,yes,1,yes,0,unverified price jump before the signal,,,,,,,,,dev,no_trade,0
0001193125-23-266305,0001878313,MAIA,2023-10-25,release_date_only,updated_after_release,2023-10-24T23:59,3,unclear,aact,4,unclear,4,unclear,0,market cap outside $300M-$10B,False,False,1382.0,2023-10-26,26570553.75,45553.652,0.08771859229125052,-0.14040305597914782,dev,no_trade,0
0001520138-23-000457,0001580149,BIVI,2023-10-25,acceptance_time,updated_after_release,2023-10-25T13:04:10,4,unclear,aact,4,unclear,4,unclear,1,market cap outside $300M-$10B,False,False,1382.0,2023-10-26,123292622.8,120265.76775000003,0.05117648314945454,-0.03898705904076272,dev,no_trade,0
0001437749-23-029310,0001742927,RVPH,2023-10-30,acceptance_time,updated_after_release,2023-10-30T08:20:19,0,yes,aact,0,yes,0,yes,3,market cap outside $300M-$10B,False,False,1385.0,2023-10-31,85165000.16,218705.80225,0.07182798744515971,0.419799773102721,dev,clean_long,1
0001171843-23-006522,0000882361,APTO,2023-10-30,acceptance_time,updated_after_release,2023-10-30T09:20:21,2,unclear,"text, match rejected",2,unclear,2,yes,2,market cap outside $300M-$10B,False,False,1385.0,2023-10-31,20731059.18,38652.933,0.09144133366930292,-0.1515905654494003,dev,no_trade,0
0001831283-23-000117,0001831283,LIAN,2023-10-31,acceptance_time,updated_after_release,2023-10-30T16:16:40,2,no,aact,2,no,2,no,2,60-day window crosses the period end,False,False,1386.0,2023-11-01,421168703.37,2077019.2837500002,0.23811366663885558,0.014887779584982885,dev,spun_short,-1
0000950170-23-056547,0001498382,KTRA,2023-10-31,acceptance_time,updated_after_release,2023-10-31T08:10:08,0,no,aact,0,no,0,no,0,market cap outside $300M-$10B,False,False,1386.0,2023-11-01,6776063.04,20431.88125,0.07637242368662478,-0.8187393550652098,dev,clean_short,-1
0001558370-23-017061,0001621227,ADAP,2023-10-31,acceptance_time,updated_after_release,2023-10-31T08:07:38,1,unclear,aact,1,unclear,1,unclear,1,illiquid (Nasdaq 20-day dollar volume < $1.2M),False,False,1386.0,2023-11-01,732932954.0346,62127.57051499999,0.03703822910040632,-0.013980213478218317,dev,no_trade,0
0001493152-23-038800,0001857044,INDP,2023-10-31,acceptance_time,updated_after_release,2023-10-31T09:12:31,0,unclear,"text, match rejected",0,unclear,0,unclear,0,market cap outside $300M-$10B,False,False,1386.0,2023-11-01,18818345.28,3575.5399999999995,0.060238339701859905,0.015603428439944889,dev,no_trade,0
0001387131-23-012958,0001430306,TNXP,2023-11-01,acceptance_time,updated_after_release,2023-10-31T17:06:35,0,no,aact,0,no,0,no,1,market cap outside $300M-$10B,False,False,1387.0,2023-11-02,10479781.19,19823.277590000005,0.023211212927023335,-0.1906363675925855,dev,clean_short,-1
0001739614-23-000071,0001739614,INBX,2023-11-02,acceptance_time,updated_after_release,2023-11-02T09:16:37,1,yes,aact,1,unclear,1,unclear,0,60-day window crosses the period end,False,False,1388.0,2023-11-03,689083454.3399999,1260754.82775,0.04055798368675968,0.004813542367889889,dev,clean_long,1
0001626199-23-000103,0001626199,ALPN,2023-11-02,acceptance_time,updated_after_release,2023-11-02T09:12:20,2,yes,aact,2,unclear,2,yes,2,illiquid (Nasdaq 20-day dollar volume < $1.2M),False,False,1388.0,2023-11-03,516616243.5,880050.6595000001,0.044625616515411526,0.39404765426359867,dev,spun_short,-1
0001193125-23-268319,0001783183,PHAT,2023-11-02,acceptance_time,unchanged_since_release,2023-11-01T17:06:00,0,yes,aact,0,yes,0,yes,0,illiquid (Nasdaq 20-day dollar volume < $1.2M),False,False,1388.0,2023-11-03,545878588.63,707426.09525,0.0371183604297525,-0.17937685393718417,dev,clean_long,1
0000950170-23-058629,0001673772,RAPT,2023-11-03,acceptance_time,updated_after_release,2023-11-03T12:03:08,2,yes,aact,2,unclear,2,yes,0,60-day window crosses the period end,False,False,1389.0,2023-11-06,487885758.4,1312725.8480000002,0.04865790024560026,0.04297517933144501,dev,spun_short,-1
0001104659-23-114274,0001736243,ACXP,2023-11-03,release_date_only,updated_after_release,2023-11-02T23:59,4,no,aact,4,no,4,no,2,market cap outside $300M-$10B,False,False,1389.0,2023-11-06,49289435.12,807517.969,0.20143490123550817,-0.18964587682077183,dev,no_trade,0
0001193125-23-269869,0001785530,HOWL,2023-11-03,acceptance_time,updated_after_release,2023-11-03T07:05:31,1,unclear,aact,2,unclear,1,unclear,0,market cap outside $300M-$10B,False,False,1389.0,2023-11-06,76664807.5,70663.95475,0.10131628103207167,0.4365552644935806,dev,no_trade,0
0001104659-23-114509,0001080014,INVA,2023-11-03,release_date_only,updated_after_release,2023-11-02T23:59,0,yes,aact,0,yes,0,yes,1,"no ticker printed in the release (missing, or today's SEC ticker)",,,,,,,,,dev,no_trade,0
0000950170-23-059024,0001841387,CADL,2023-11-06,release_date_only,updated_after_release,2023-11-03T23:59,2,yes,aact,2,unclear,2,yes,1,market cap outside $300M-$10B,False,False,1390.0,2023-11-07,21689857.5,9559.151355,0.04329998673395009,0.27129444677577286,dev,spun_short,-1
0001193125-23-270879,0001804591,ME,2023-11-06,acceptance_time,updated_after_release,2023-11-06T08:15:54,1,yes,aact,1,unclear,1,yes,2,no shares outstanding,False,False,,,,,,,dev,no_trade,0
0001437749-23-030286,0001659617,MBRX,2023-11-06,acceptance_time,updated_after_release,2023-11-06T08:35:10,2,unclear,aact,2,unclear,2,unclear,2,market cap outside $300M-$10B,False,False,1390.0,2023-11-07,15367283.3665,14053.657389999998,0.07880076658640903,0.183939774936135,dev,spun_short,-1
0001628280-23-036888,0001821586,MLTX,2023-11-06,release_date_only,updated_after_release,2023-11-05T23:59,0,yes,aact,1,yes,0,yes,3,no shares outstanding,False,False,,,,,,,dev,no_trade,0
0000950170-23-059031,0001445283,KA,2023-11-06,acceptance_time,updated_after_release,2023-11-06T08:30:22,1,yes,aact,2,unclear,1,yes,1,market cap outside $300M-$10B,False,False,1390.0,2023-11-07,43341174.39,16051.871000000003,0.04784158949615285,0.10109780408992142,dev,clean_long,1
0001372514-23-000154,0001372514,KPRX,2023-11-06,release_date_only,updated_after_release,2023-11-04T23:59,2,yes,aact,1,yes,2,yes,2,market cap outside $300M-$10B,False,False,1390.0,2023-11-07,4493895.705,8221.218635,0.02831086107486576,0.11984855095251834,dev,spun_short,-1
0001558370-23-017593,0001840233,XLO,2023-11-06,acceptance_time,updated_after_release,2023-11-03T16:05:21,2,unclear,aact,2,unclear,2,unclear,1,market cap outside $300M-$10B,False,False,1390.0,2023-11-07,66095088.0,7763.813,0.043132553600213314,-0.06970555322422711,dev,no_trade,0
0001193125-23-270377,0001829802,SNSE,2023-11-06,acceptance_time,updated_after_release,2023-11-03T16:11:17,1,unclear,aact,1,unclear,0,yes,3,market cap outside $300M-$10B,False,False,1390.0,2023-11-07,18709691.8122,10197.247855,0.10516871292218528,0.11602192617332896,dev,no_trade,0
0000950170-23-058996,0001468748,KOD,2023-11-06,acceptance_time,,2023-11-06T06:05:54,0,yes,text,0,yes,,,0,market cap outside $300M-$10B,False,False,1390.0,2023-11-07,123527198.865,276179.07800000004,0.09629162343705373,-0.11604313284206169,dev,clean_long,1
0001193125-23-271351,0001501796,AURA,2023-11-07,acceptance_time,updated_after_release,2023-11-06T16:01:05,1,yes,aact,1,unclear,1,yes,2,illiquid (Nasdaq 20-day dollar volume < $1.2M),False,False,1391.0,2023-11-08,418258223.09999996,188874.413,0.06614593484887889,-0.35410410331964515,dev,clean_long,1
0001193125-23-271463,0001851194,VTYX,2023-11-07,acceptance_time,updated_after_release,2023-11-06T17:15:32,0,yes,aact,0,yes,0,yes,0,60-day window crosses the period end,False,False,1391.0,2023-11-08,830915831.9599999,5269169.586000001,0.06720728265218982,-0.8298261696672273,dev,clean_long,1
0000950170-23-060249,0001082038,DRRX,2023-11-08,acceptance_time,updated_after_release,2023-11-07T16:10:15,3,no,aact,3,no,3,no,3,market cap outside $300M-$10B,False,False,1392.0,2023-11-09,71208203.82000001,234944.52000000002,0.06859179894409805,-0.7642811839323468,dev,no_trade,0
0001126234-23-000102,0001126234,LUMO,2023-11-08,acceptance_time,,2023-11-07T16:08:53,1,yes,text,1,yes,,,0,market cap outside $300M-$10B,False,False,1392.0,2023-11-09,28809078.48,10311.670999999998,0.06901109069633475,0.13623376623376626,dev,clean_long,1
0001193125-23-273808,0001604464,ATRA,2023-11-09,acceptance_time,updated_after_release,2023-11-08T21:16:51,0,no,aact,0,no,0,no,1,market cap outside $300M-$10B,False,False,1393.0,2023-11-10,123325922.5,234271.17974999998,0.04206432002515981,-0.7603315785338257,dev,clean_short,-1
0001104659-23-116327,0001828185,BRNS,2023-11-10,acceptance_time,updated_after_release,2023-11-09T16:32:00,2,unclear,"text, match rejected",2,unclear,2,unclear,1,market cap outside $300M-$10B,False,False,1394.0,2023-11-13,130736272.08,110213.25,0.355437409380747,-0.09760713497237672,dev,no_trade,0
0001193125-23-274580,0001613780,DBVT,2023-11-10,acceptance_time,updated_after_release,2023-11-09T16:52:32,0,yes,aact,1,yes,0,yes,0,market cap outside $300M-$10B,False,False,1394.0,2023-11-13,88681757.31300001,24977.456804999998,0.026772625506384814,0.025325806328440947,dev,clean_long,1
0001171843-23-006951,0001447028,ABUS,2023-11-10,acceptance_time,,2023-11-09T16:02:39,2,unclear,text,2,unclear,,,1,illiquid (Nasdaq 20-day dollar volume < $1.2M),False,False,1394.0,2023-11-13,303528397.07,174263.12050000002,0.025521557193735833,-0.03102358569680197,dev,no_trade,0
0001140361-23-052447,0001472091,PDSB,2023-11-10,acceptance_time,,2023-11-09T16:07:59,2,unclear,text,2,unclear,,,0,market cap outside $300M-$10B,False,False,1394.0,2023-11-13,151562803.08,361012.5639999999,0.03110946804450472,0.07937800762385394,dev,spun_short,-1
0001558370-23-018691,0001557746,ACRS,2023-11-13,acceptance_time,updated_after_release,2023-11-13T07:42:20,0,unclear,aact,4,unclear,0,unclear,0,"no ticker printed in the release (missing, or today's SEC ticker)",,,,,,,,,dev,no_trade,0
0001193125-23-275264,0001840574,VERV,2023-11-13,release_date_only,updated_after_release,2023-11-12T23:59,1,yes,aact,1,unclear,1,yes,0,60-day window crosses the period end,False,False,1395.0,2023-11-14,1000280616.12,4918963.616,0.10923653441331517,-0.41287206237734353,dev,clean_long,1
0001193125-23-278840,0001827087,VIGL,2023-11-17,acceptance_time,updated_after_release,2023-11-16T16:31:03,2,unclear,aact,2,unclear,2,unclear,2,market cap outside $300M-$10B,False,False,1399.0,2023-11-20,239302398.07,69126.6795,0.06193430403562895,-0.44108993631526483,dev,no_trade,0
0001104659-23-119287,0001773427,SWTX,2023-11-17,release_date_only,updated_after_release,2023-11-16T23:59,0,yes,aact,0,yes,0,yes,0,60-day window crosses the period end,False,False,1399.0,2023-11-20,1278486457.11,3779743.61575,0.053194866239311314,0.013634243445075134,dev,clean_long,1
0001493152-23-041984,0000764195,VBIV,2023-11-20,acceptance_time,updated_after_release,2023-11-20T08:00:27,2,unclear,aact,2,unclear,2,unclear,1,market cap outside $300M-$10B,False,False,1400.0,2023-11-21,14444756.411,10723.440444999998,0.07657773652174729,0.10356060858733085,dev,spun_short,-1
0000950170-23-065306,0001785345,LABP,2023-11-21,acceptance_time,updated_after_release,2023-11-21T08:08:41,2,unclear,"text, match rejected",2,unclear,1,unclear,2,market cap outside $300M-$10B,False,False,1401.0,2023-11-22,11999406.65,11226.682499999999,0.04382592944909266,0.1583397965114739,dev,spun_short,-1
0000950170-23-066032,0001582313,XENE,2023-11-27,acceptance_time,updated_after_release,2023-11-27T07:03:57,2,no,aact,2,no,2,no,2,60-day window crosses the period end,False,False,1404.0,2023-11-28,1899424510.3300002,3513603.54375,0.030017447084028044,0.18178865158284474,dev,spun_short,-1
0001140361-23-054630,0001635088,ROIV,2023-11-27,acceptance_time,,2023-11-27T08:06:05,0,no,text,0,no,,,2,60-day window crosses the period end,False,False,1404.0,2023-11-28,7323723553.16,8182894.516499999,0.02688042926186167,0.0039129312087889945,dev,clean_short,-1
0001764013-23-000150,0001764013,IMVT,2023-11-28,acceptance_time,,2023-11-28T07:43:41,2,unclear,text,2,unclear,,,1,60-day window crosses the period end,False,False,1405.0,2023-11-29,4853407751.5,8344397.797000001,0.02787300061619024,0.07518561744183172,dev,spun_short,-1
0001493152-23-042766,0001861657,THAR,2023-11-28,acceptance_time,,2023-11-27T16:05:44,0,yes,text,0,yes,,,2,unverified price jump before the signal,,,,,,,,,dev,no_trade,0
0001520138-23-000511,0001580149,BIVI,2023-11-29,acceptance_time,unchanged_since_release,2023-11-29T08:20:37,4,no,aact,4,no,4,no,1,market cap outside $300M-$10B,False,False,1406.0,2023-11-30,188713475.0,518330.2039999999,0.1038031641599501,-0.6052267250821468,dev,no_trade,0
0001493152-23-043142,0001610820,BCTX,2023-11-30,acceptance_time,,2023-11-30T07:00:38,3,unclear,text,3,unclear,,,0,market cap outside $300M-$10B,False,False,1407.0,2023-12-01,81826437.12,66902.10725,0.04351793093022856,0.013222862510154254,dev,spun_short,-1
0001326190-23-000050,0001326190,ALT,2023-12-01,acceptance_time,,2023-11-30T16:28:39,0,yes,text,0,yes,,,1,market cap outside $300M-$10B,False,False,1408.0,2023-12-04,170051876.715,577693.2617500001,0.04781316167566435,0.09380093782101051,dev,clean_long,1
0001193125-23-286862,0001623526,STOK,2023-12-01,acceptance_time,updated_after_release,2023-12-01T09:04:58,2,yes,aact,2,unclear,2,yes,0,market cap outside $300M-$10B,False,False,1408.0,2023-12-04,169237833.78,185700.66124999998,0.05186108222179152,0.011214769013931036,dev,spun_short,-1
0001104659-23-123459,0001737953,REPL,2023-12-05,acceptance_time,updated_after_release,2023-12-05T07:19:32,2,no,aact,2,no,3,no,2,60-day window crosses the period end,False,False,1410.0,2023-12-06,727020512.33,3090182.0945,0.057012198595354766,-0.44792933447530703,dev,no_trade,0
0001213900-23-092925,0001860657,ALLR,2023-12-05,acceptance_time,updated_after_release,2023-12-05T07:30:22,2,unclear,"text, match rejected",2,unclear,3,unclear,2,market cap outside $300M-$10B,False,False,1410.0,2023-12-06,2666794.4549999996,7278.648080000001,0.04437045736924397,-0.05528073386569898,dev,no_trade,0
0000950170-23-068277,0001750284,OLMA,2023-12-06,acceptance_time,updated_after_release,2023-12-05T17:15:28,1,unclear,"text, match rejected",1,unclear,1,unclear,2,60-day window crosses the period end,False,False,1411.0,2023-12-07,705708873.0,3016087.4807499996,0.06525237993819877,-0.10161329810709452,dev,no_trade,0
0001655759-23-000098,0001655759,ARVN,2023-12-06,release_date_only,updated_after_release,2023-12-05T23:59,1,unclear,aact,1,unclear,1,yes,1,60-day window crosses the period end,False,False,1411.0,2023-12-07,1274390672.64,3750394.5265,0.07128906325088305,0.29821248236222253,dev,no_trade,0
0001104659-23-123990,0001649904,RYTM,2023-12-07,acceptance_time,updated_after_release,2023-12-06T16:30:24,1,yes,aact,1,yes,1,yes,2,60-day window crosses the period end,False,False,1412.0,2023-12-08,2200160982.4199996,5116228.134000001,0.04262339916036015,0.007808561892852506,dev,clean_long,1
0001493152-23-043932,0000715446,ANIX,2023-12-07,release_date_only,updated_after_release,2023-12-06T23:59,1,yes,aact,1,yes,1,yes,0,market cap outside $300M-$10B,False,False,1412.0,2023-12-08,122726586.9,49907.9455,0.04439618820875496,-0.10827041348089339,dev,clean_long,1
0001193125-23-291224,0001828522,EFTR,2023-12-08,acceptance_time,updated_after_release,2023-12-08T08:23:32,1,unclear,aact,2,unclear,1,unclear,0,market cap outside $300M-$10B,False,True,1413.0,2023-12-11,37384127.2415,139848.206685,0.06925433392939698,-0.08606750376032979,dev,no_trade,0
0001193125-23-292306,0001816736,IRON,2023-12-11,acceptance_time,updated_after_release,2023-12-11T12:11:01,1,unclear,aact,1,unclear,1,unclear,0,60-day window crosses the period end,False,False,1414.0,2023-12-12,1471600490.88,2316280.8740000003,0.03134675331973151,0.005916624533514048,dev,no_trade,0
0001193125-23-292080,0001783328,TCRX,2023-12-11,release_date_only,updated_after_release,2023-12-09T23:59,2,yes,aact,2,unclear,2,yes,2,market cap outside $300M-$10B,False,False,1414.0,2023-12-12,158367701.91,178940.76875,0.09200856352269933,-0.09525680349464416,dev,no_trade,0
0001193125-23-292027,0001661460,PSTX,2023-12-11,release_date_only,updated_after_release,2023-12-10T23:59,1,yes,aact,2,unclear,1,yes,1,illiquid (Nasdaq 20-day dollar volume < $1.2M),False,False,1414.0,2023-12-12,302173227.24,313856.12,0.06486092284444175,-0.09425904575453548,dev,clean_long,1
0001193125-23-292084,0001622229,COGT,2023-12-11,release_date_only,updated_after_release,2023-12-09T23:59,2,unclear,aact,2,unclear,2,unclear,1,60-day window crosses the period end,False,False,1414.0,2023-12-12,743252268.8700001,1920320.5045000003,0.04770364451829464,-0.5229648409640637,dev,no_trade,0
0001171843-23-007528,0000882361,APTO,2023-12-11,release_date_only,updated_after_release,2023-12-09T23:59,1,yes,aact,2,unclear,1,yes,1,market cap outside $300M-$10B,False,False,1414.0,2023-12-12,21887384.4,25101.12725,0.08909290075099609,-0.06421835859359515,dev,clean_long,1
0001104659-23-124911,0001850119,IPSC,2023-12-11,release_date_only,updated_after_release,2023-12-09T23:59,2,unclear,aact,2,unclear,2,unclear,1,market cap outside $300M-$10B,False,False,1414.0,2023-12-12,142407223.84,58095.22199999999,0.09160560557425937,0.005424498549261969,dev,spun_short,-1
0001549595-23-000062,0001549595,NRIX,2023-12-11,acceptance_time,,2023-12-11T12:03:09,2,unclear,text,2,unclear,,,2,illiquid (Nasdaq 20-day dollar volume < $1.2M),False,False,1414.0,2023-12-12,417132404.8,1054593.766,0.05950546013321347,-0.015505734008877559,dev,no_trade,0
0000950170-23-069381,0001262104,MEIP,2023-12-12,acceptance_time,updated_after_release,2023-12-11T16:00:09,1,yes,aact,1,unclear,1,yes,1,market cap outside $300M-$10B,False,False,1415.0,2023-12-13,43774970.49,104985.30875,0.05840050553728327,-0.016996448503297845,dev,clean_long,1
0001558370-23-019717,0001133869,CAPR,2023-12-12,acceptance_time,updated_after_release,2023-12-11T16:30:20,0,unclear,aact,1,unclear,1,unclear,1,market cap outside $300M-$10B,False,False,1415.0,2023-12-13,111008292.745,97619.448,0.03105527518100681,0.06913033718459971,dev,no_trade,0
0001193125-23-292551,0001796280,ORIC,2023-12-12,acceptance_time,updated_after_release,2023-12-11T16:05:55,1,yes,aact,1,unclear,1,unclear,1,illiquid (Nasdaq 20-day dollar volume < $1.2M),False,False,1415.0,2023-12-13,487143019.7,613728.8134999999,0.03543717139062866,-0.04682936169076457,dev,clean_long,1
0001104659-23-125566,0001701541,BDTX,2023-12-13,acceptance_time,updated_after_release,2023-12-13T07:08:08,2,yes,aact,2,unclear,2,unclear,1,market cap outside $300M-$10B,False,False,1416.0,2023-12-14,149225681.76000002,204499.0205,0.0553311050332262,-0.13361345772677424,dev,no_trade,0
0001193125-23-293959,0001826892,BCAB,2023-12-13,acceptance_time,updated_after_release,2023-12-13T08:31:30,1,unclear,aact,2,unclear,1,unclear,0,market cap outside $300M-$10B,False,False,1416.0,2023-12-14,55905470.73,133647.53125,0.07472548701697897,0.1708148079691676,dev,no_trade,0
0001628280-23-041317,0001662579,CCCC,2023-12-13,acceptance_time,updated_after_release,2023-12-12T16:28:23,1,unclear,aact,2,unclear,1,yes,0,market cap outside $300M-$10B,False,False,1416.0,2023-12-14,114824837.18,2308356.2425,0.23445681067775237,1.320260341224768,dev,no_trade,0
0001193125-23-293874,0001680367,STTK,2023-12-13,acceptance_time,updated_after_release,2023-12-13T06:10:01,1,yes,aact,2,unclear,1,yes,1,market cap outside $300M-$10B,False,False,1416.0,2023-12-14,89219518.5,14740.276000000002,0.07648944728610699,1.2368759144927017,dev,clean_long,1
0001599901-23-000103,0001599901,RNA,2023-12-14,release_date_only,updated_after_release,2023-12-13T23:59,1,yes,aact,1,unclear,1,yes,0,60-day window crosses the period end,False,False,1417.0,2023-12-15,580212818.82,2872305.8927499996,0.059867096402477914,0.005482253514186075,dev,clean_long,1
0001104659-23-125870,0001761612,BCYC,2023-12-14,acceptance_time,,2023-12-14T07:05:21,2,unclear,text,2,unclear,,,1,illiquid (Nasdaq 20-day dollar volume < $1.2M),False,False,1417.0,2023-12-15,493013605.26,1090177.6285,0.03770521043276708,-0.10342946978321454,dev,no_trade,0
0001193125-23-295566,0001422142,AADI,2023-12-15,acceptance_time,updated_after_release,2023-12-14T17:08:00,2,unclear,aact,1,unclear,1,unclear,0,market cap outside $300M-$10B,False,False,1418.0,2023-12-18,131703868.2,131743.8065,0.041960551091416005,-0.5674059224154165,dev,no_trade,0
0001104659-23-126599,0001346830,CARA,2023-12-18,acceptance_time,updated_after_release,2023-12-18T07:10:29,0,no,aact,0,no,0,no,0,market cap outside $300M-$10B,False,False,1419.0,2023-12-19,65921651.839999996,109076.69653,0.04905480271878687,-0.46444852958901395,dev,clean_short,-1
0001493152-23-045197,0001603207,NTBL,2023-12-18,acceptance_time,updated_after_release,2023-12-18T08:15:18,2,no,aact,2,no,3,no,0,market cap outside $300M-$10B,False,False,1419.0,2023-12-19,26103828.0,14212.404250000001,0.04742354904202901,-0.0464348504781561,dev,no_trade,0
0001193125-23-297099,0001832038,IVVD,2023-12-18,acceptance_time,updated_after_release,2023-12-18T07:16:59,2,yes,aact,2,unclear,2,unclear,3,market cap outside $300M-$10B,False,False,1419.0,2023-12-19,182790833.6,25355.099000000002,0.03536224824536414,1.1782847174487237,dev,spun_short,-1
0001104659-23-126639,0001888886,GPCR,2023-12-18,acceptance_time,updated_after_release,2023-12-18T08:28:47,0,yes,aact,0,yes,0,yes,3,60-day window crosses the period end,False,False,1419.0,2023-12-19,8266063311.0,6870516.4925,0.0462085700419181,-0.4126487132437431,dev,clean_long,1
0001140361-23-058214,0001741830,KRON,2023-12-19,acceptance_time,updated_after_release,2023-12-18T18:07:01,0,no,aact,0,no,0,no,0,market cap outside $300M-$10B,False,False,1420.0,2023-12-20,84558954.0,38083.8485,0.052807462054758586,-0.1640066537787167,dev,clean_short,-1
0001157523-23-001841,0001341235,ALDX,2023-12-19,acceptance_time,updated_after_release,2023-12-19T07:05:14,4,unclear,aact,4,unclear,4,unclear,0,market cap outside $300M-$10B,False,False,1420.0,2023-12-20,174701586.51000002,644733.4099999999,0.05493914329414751,0.15574256252222352,dev,spun_short,-1
0001493152-23-045362,0001533743,PCSA,2023-12-19,acceptance_time,,2023-12-19T09:00:27,2,unclear,text,2,unclear,,,0,market cap outside $300M-$10B,False,True,1420.0,2023-12-20,16256772.84,57418.1046,0.11525940354549873,-0.25183319505353396,dev,no_trade,0
0000950170-23-071084,0001658247,CRNX,2023-12-19,acceptance_time,updated_after_release,2023-12-18T16:12:21,2,yes,aact,1,unclear,2,yes,0,60-day window crosses the period end,False,False,1420.0,2023-12-20,2217735332.4,6211463.3005,0.020470972000856943,0.09049064576428267,dev,spun_short,-1
0001193125-23-297614,0001759425,MIRM,2023-12-19,acceptance_time,,2023-12-18T16:06:55,0,no,text,0,no,,,0,60-day window crosses the period end,False,False,1420.0,2023-12-20,1369527370.12,5236421.176,0.04029951702060902,0.048124516851080656,dev,clean_short,-1
0001193125-23-300370,0001878313,MAIA,2023-12-20,release_date_only,updated_after_release,2023-12-19T23:59,2,yes,aact,3,unclear,3,unclear,0,market cap outside $300M-$10B,False,False,1421.0,2023-12-21,14497781.22,11083.258375,0.049767150729301046,0.029565386279266193,dev,spun_short,-1
0001493152-23-045515,0001401914,DARE,2023-12-20,acceptance_time,updated_after_release,2023-12-20T08:05:38,2,yes,aact,2,unclear,2,yes,1,market cap outside $300M-$10B,False,False,1421.0,2023-12-21,34398258.055999994,50011.110945,0.05486355227576868,-0.034608162796524566,dev,no_trade,0
0001839882-23-034226,0001430306,TNXP,2023-12-20,acceptance_time,updated_after_release,2023-12-20T10:31:30,0,yes,aact,0,yes,0,yes,2,market cap outside $300M-$10B,False,False,1421.0,2023-12-21,14168893.4881,97536.854225,0.08917239021614945,-0.32049690930047037,dev,clean_long,1
0001739410-23-000019,0001739410,RLYB,2023-12-20,acceptance_time,,2023-12-20T08:15:28,0,yes,text,0,yes,,,0,market cap outside $300M-$10B,False,False,1421.0,2023-12-21,108467933.35000001,64050.91850000001,0.07413372534227196,-0.0040190230942392935,dev,clean_long,1
0001104659-23-127507,0001787297,PASG,2023-12-20,acceptance_time,updated_after_release,2023-12-20T07:05:51,1,unclear,aact,1,unclear,1,unclear,0,market cap outside $300M-$10B,False,False,1421.0,2023-12-21,41114728.5,23882.769159999996,0.04576938316078339,0.12609479804397228,dev,no_trade,0
0001140361-23-058688,0001635088,IMVT,2023-12-21,acceptance_time,updated_after_release,2023-12-20T17:05:51,2,unclear,aact,2,unclear,2,unclear,2,market cap outside $300M-$10B,False,False,1422.0,2023-12-22,29101953087.2,17315926.067500003,0.04660544752769299,0.05634848018696137,dev,spun_short,-1
0001764013-23-000159,0001764013,IMVT,2023-12-21,acceptance_time,updated_after_release,2023-12-20T16:37:01,2,unclear,aact,2,unclear,2,unclear,2,60-day window crosses the period end,False,False,1422.0,2023-12-22,5236761866.0,17315926.067500003,0.04660544752769299,0.05634848018696137,dev,spun_short,-1
0001437749-23-035028,0001822791,CLNN,2023-12-21,acceptance_time,updated_after_release,2023-12-21T07:00:30,3,no,aact,3,unclear,3,no,2,market cap outside $300M-$10B,False,False,1422.0,2023-12-22,64618732.436,30574.49285,0.0664110410656407,-0.39776837635108453,dev,no_trade,0
0000950170-23-072258,0001800315,DMRA,2023-12-22,acceptance_time,updated_after_release,2023-12-21T16:30:08,2,yes,aact,2,yes,2,yes,0,"no ticker printed in the release (missing, or today's SEC ticker)",,,,,,,,,dev,no_trade,0
0001193125-23-301777,0001754068,ALVR,2023-12-22,acceptance_time,,2023-12-22T07:07:52,0,no,text,0,no,,,0,market cap outside $300M-$10B,False,False,1423.0,2023-12-26,264626939.51999998,345150.97075000004,0.051956133131796915,-0.7049314703031192,dev,clean_short,-1
0000950170-23-073144,0001061983,CYTK,2023-12-27,acceptance_time,updated_after_release,2023-12-27T07:30:58,0,yes,aact,0,yes,0,yes,2,60-day window crosses the period end,False,False,1425.0,2023-12-28,4481541936.135,18766559.72475,0.06176533973247563,0.8097490830888532,dev,clean_long,1
0000950170-24-000033,0001832168,LBPH,2024-01-02,acceptance_time,,2024-01-02T09:44:01,1,yes,text,1,yes,,,2,market cap outside $300M-$10B,False,False,1428.0,2024-01-03,143859211.47,104023.05824999999,0.04680704547039829,3.173549748735877,val,clean_long,1
0001193125-24-000991,0001818794,DYN,2024-01-03,acceptance_time,updated_after_release,2024-01-03T06:37:51,2,unclear,aact,2,unclear,2,unclear,2,,False,False,1429.0,2024-01-04,800337797.92,1890350.7755,0.043109589048600884,0.15593863126460872,val,spun_short,-1
0001104659-24-001422,0001697532,APLT,2024-01-05,acceptance_time,unchanged_since_release,2024-01-04T17:02:48,2,no,aact,2,no,2,no,3,market cap outside $300M-$10B,False,False,1431.0,2024-01-08,293470986.59999996,656586.0210000001,0.05705892085203737,-0.40731023568310465,val,no_trade,0
0001104659-24-001556,0001583107,TBPH,2024-01-05,acceptance_time,updated_after_release,2024-01-05T06:07:26,0,no,aact,0,no,0,no,0,illiquid (Nasdaq 20-day dollar volume < $1.2M),False,False,1431.0,2024-01-08,574169394.98,1054476.6147500002,0.015125805695247605,-0.09870682124936203,val,clean_short,-1
0001104659-24-002401,0001279704,CLRB,2024-01-09,release_date_only,updated_after_release,2024-01-08T23:59,0,yes,aact,0,yes,0,yes,1,market cap outside $300M-$10B,False,False,1433.0,2024-01-10,39199756.75,772476.834,0.05534558925561601,0.13946035068247165,val,clean_long,1
0001104659-24-004162,0001509745,LPTX,2024-01-17,acceptance_time,updated_after_release,2024-01-16T17:10:22,2,unclear,aact,2,unclear,2,unclear,4,market cap outside $300M-$10B,False,False,1438.0,2024-01-18,87433715.88,215176.408,0.08716985869177057,-0.02137813086174556,val,no_trade,0
0000950170-24-004829,0001445283,KA,2024-01-17,acceptance_time,updated_after_release,2024-01-17T08:30:09,1,yes,aact,1,unclear,1,yes,1,market cap outside $300M-$10B,False,False,1438.0,2024-01-18,29725601.619999997,16918.135,0.049534251159168506,-0.062068434709944054,val,clean_long,1
0001140361-24-002995,0000874015,IONS,2024-01-22,acceptance_time,updated_after_release,2024-01-22T07:10:32,0,yes,aact,0,yes,0,yes,1,,False,False,1441.0,2024-01-23,7311339184.24,13384423.243999999,0.024488453885503508,-0.02117982119581452,val,clean_long,1
0001193125-24-014808,0001831828,VERA,2024-01-25,acceptance_time,updated_after_release,2024-01-25T06:31:03,1,yes,"text, match rejected",1,yes,2,yes,2,,False,False,1444.0,2024-01-26,753582747.2,2491020.4825000004,0.05812459263176061,0.4834419630084561,val,clean_long,1
0001493152-24-003705,0001533743,PCSA,2024-01-25,acceptance_time,,2024-01-25T08:35:27,2,yes,text,2,yes,,,0,reverse split between shares filing and event,False,False,,,,,,,val,no_trade,0
0000950170-24-008530,0001659323,ITRM,2024-01-30,acceptance_time,updated_after_release,2024-01-30T07:15:32,0,yes,aact,0,yes,0,yes,0,market cap outside $300M-$10B,False,False,1447.0,2024-01-31,22707012.18,22911.07525,0.04615285834852102,-0.09226279736934351,val,clean_long,1
0001193125-24-023459,0001746473,PLRX,2024-02-05,release_date_only,updated_after_release,2024-02-04T23:59,1,yes,aact,1,yes,2,yes,4,,False,False,1451.0,2024-02-06,1041590709.62,2164215.453,0.047342391576334415,-0.09654781919012267,val,clean_long,1
0000950170-24-011011,0001856725,RANI,2024-02-05,acceptance_time,unchanged_since_release,2024-02-05T08:10:21,0,yes,aact,0,yes,0,yes,0,no shares outstanding,False,False,,,,,,,val,no_trade,0
0001171843-24-000648,0001069530,SAVA,2024-02-07,acceptance_time,updated_after_release,2024-02-07T09:20:27,3,unclear,aact,3,unclear,3,unclear,3,no shares outstanding,False,False,,,,,,,val,no_trade,0
0001493152-24-005897,0001535955,LPCN,2024-02-07,release_date_only,,2024-02-06T23:59,0,yes,text,0,yes,,,1,market cap outside $300M-$10B,False,False,1453.0,2024-02-08,21741744.7,20204.0305,0.06148049428305986,-0.019852625427818293,val,clean_long,1
0001493152-24-005649,0000946644,AIM,2024-02-09,release_date_only,updated_after_release,2024-02-08T23:59,3,no,aact,3,no,3,no,1,market cap outside $300M-$10B,False,False,1455.0,2024-02-12,18984751.6872,2339.7119100000004,0.03621669726117224,0.019161895801661055,val,spun_short,-1
0000950170-24-013803,0001527599,SYBX,2024-02-09,release_date_only,,2024-02-08T23:59,0,no,text,0,no,,,0,market cap outside $300M-$10B,False,False,1455.0,2024-02-12,31703267.85,17218.18075,0.052270839740024395,-0.5045153188454534,val,clean_short,-1
0000950170-24-013563,0001374690,LRMR,2024-02-12,acceptance_time,,2024-02-12T07:03:55,2,unclear,text,2,unclear,,,1,illiquid (Nasdaq 20-day dollar volume < $1.2M),False,False,1456.0,2024-02-13,341587925.34000003,201159.374,0.0730998970899219,-0.01853082580882548,val,no_trade,0
0001104659-24-024347,0001697532,APLT,2024-02-15,acceptance_time,updated_after_release,2024-02-15T07:07:35,2,yes,aact,2,yes,2,yes,0,market cap outside $300M-$10B,False,False,1459.0,2024-02-16,206201982.69,496248.51449999993,0.04302635108196304,0.3782685285240144,val,spun_short,-1
0001714899-24-000065,0001714899,DNLI,2024-02-16,acceptance_time,,2024-02-16T08:02:47,0,no,text,0,no,,,0,,False,False,1460.0,2024-02-20,2537294129.2799997,3901842.2474999996,0.035181135723272354,-0.07201949849008693,val,clean_short,-1
0001437749-24-005132,0001822791,CLNN,2024-02-22,acceptance_time,updated_after_release,2024-02-22T08:04:03,4,unclear,text,4,unclear,3,unclear,0,market cap outside $300M-$10B,False,False,1463.0,2024-02-23,57748497.5685,35023.448025000005,0.041476415766590835,-0.04618505564201414,val,no_trade,0
0001493152-24-007772,0001582554,MTNB,2024-02-26,acceptance_time,,2024-02-26T08:05:14,3,unclear,text,3,unclear,,,1,market cap outside $300M-$10B,False,False,1465.0,2024-02-27,52013127.5244,6198.329525,0.03867425259311067,0.09744914557762163,val,spun_short,-1
0000950170-24-020183,0001817713,JANX,2024-02-27,acceptance_time,,2024-02-26T16:23:58,2,unclear,text,2,unclear,,,2,illiquid (Nasdaq 20-day dollar volume < $1.2M),False,False,1466.0,2024-02-28,697143293.0,431161.57675,0.0916984749828098,2.239152524728122,val,spun_short,-1
0001839882-24-005612,0001430306,TNXP,2024-02-27,acceptance_time,,2024-02-27T08:07:07,0,yes,text,0,yes,,,1,market cap outside $300M-$10B,False,False,1466.0,2024-02-28,8192248.6335,48422.340425,0.05778487680046023,0.007674845597242408,val,clean_long,1
0000950170-24-020616,0001607678,VKTX,2024-02-27,acceptance_time,updated_after_release,2024-02-27T07:04:52,0,yes,aact,0,yes,0,yes,1,,False,False,1466.0,2024-02-28,3866791284.72,25869003.117000002,0.05714316503984958,1.1773910179335025,val,clean_long,1
0001213900-24-017751,0001873875,IXHL,2024-02-28,acceptance_time,,2024-02-28T07:42:46,0,yes,text,0,yes,,,1,market cap outside $300M-$10B,False,False,1467.0,2024-02-29,66667074.6,89383.8725,0.12872344097324423,0.4927558257345491,val,clean_long,1
0001628280-24-007972,0001213037,CRDF,2024-03-01,acceptance_time,updated_after_release,2024-02-29T16:08:01,3,no,aact,3,unclear,3,no,0,market cap outside $300M-$10B,False,False,1469.0,2024-03-04,78185045.75,59145.6615,0.06007142545921023,0.6138069592230755,val,spun_short,-1
0001437749-24-006362,0000925741,BCDA,2024-03-04,acceptance_time,updated_after_release,2024-03-04T08:00:21,3,unclear,aact,3,unclear,3,unclear,0,market cap outside $300M-$10B,False,True,1470.0,2024-03-05,12396582.3088,13414.57415,0.05165645710840926,-0.19804143209619574,val,no_trade,0
0001493152-24-008670,0001857044,INDP,2024-03-04,acceptance_time,updated_after_release,2024-03-04T11:01:33,1,unclear,"text, match rejected",1,unclear,1,yes,0,market cap outside $300M-$10B,False,False,1470.0,2024-03-05,17306156.82,6899.431,0.06791736587299016,0.18788343778233518,val,no_trade,0
0001493152-24-009400,0001878313,MAIA,2024-03-07,release_date_only,updated_after_release,2024-03-06T23:59,3,unclear,aact,3,unclear,3,unclear,0,market cap outside $300M-$10B,False,False,1473.0,2024-03-08,20751726.06,11693.89475,0.04163435504438522,-0.02751490379222521,val,no_trade,0
0001193125-24-062154,0001840439,BMEA,2024-03-07,release_date_only,updated_after_release,2024-03-06T23:59,2,unclear,aact,2,unclear,2,unclear,0,,False,False,1473.0,2024-03-08,563794360.9399999,3506117.913,0.05252822671998549,0.01991410884799283,val,spun_short,-1
0001839882-24-007193,0001430306,TNXP,2024-03-07,acceptance_time,updated_after_release,2024-03-07T08:06:09,2,no,text,2,no,1,no,1,market cap outside $300M-$10B,False,False,1473.0,2024-03-08,8728858.806,64435.63074500001,0.05656331208840593,0.03297989372255894,val,spun_short,-1
0000950170-24-027613,0001671584,APVO,2024-03-07,acceptance_time,unchanged_since_release,2024-03-07T08:56:23,2,unclear,aact,2,unclear,2,unclear,2,reverse split between shares filing and event,False,False,,,,,,,val,no_trade,0
0001193125-24-062878,0001658551,AMLX,2024-03-08,acceptance_time,,2024-03-08T07:10:02,0,no,text,0,no,,,1,,False,False,1474.0,2024-03-11,1287182819.61,6277879.459000001,0.05970199417193555,-0.8250894722886195,val,clean_short,-1
0001493152-24-009481,0001106838,SONN,2024-03-11,acceptance_time,updated_after_release,2024-03-11T07:30:24,1,yes,aact,0,yes,1,yes,0,market cap outside $300M-$10B,False,False,1475.0,2024-03-12,5678604.600000001,21167.314,0.058522485466144504,0.12442426261379602,val,clean_long,1
0001213900-24-021233,0001821586,MLTX,2024-03-11,release_date_only,updated_after_release,2024-03-10T23:59,1,yes,aact,1,yes,1,yes,4,no shares outstanding,False,False,,,,,,,val,no_trade,0
0001193125-24-064405,0001851194,VTYX,2024-03-11,acceptance_time,,2024-03-11T09:01:59,1,unclear,text,1,unclear,,,1,,False,False,1475.0,2024-03-12,588968349.06,8928365.05025,0.17877446438303998,-0.16741324894202536,val,no_trade,0
0001962918-24-000018,0001962918,,2024-03-11,acceptance_time,updated_after_release,2024-03-11T08:05:53,4,unclear,aact,4,unclear,4,unclear,0,"no ticker printed in the release (missing, or today's SEC ticker)",,,,,,,,,val,no_trade,0
0001193125-24-064791,0001070494,ACAD,2024-03-12,acceptance_time,,2024-03-11T16:05:55,0,no,text,0,no,,,0,,False,False,1476.0,2024-03-13,3977584516.94,11817453.238,0.030245496902983702,-0.16634051717831388,val,clean_short,-1
0001193125-24-068000,0001505512,RGLS,2024-03-13,release_date_only,updated_after_release,2024-03-12T23:59,2,yes,aact,2,unclear,2,yes,2,market cap outside $300M-$10B,False,False,1477.0,2024-03-14,47725505.919999994,1775842.981,0.17352837518695405,0.02019860663408557,val,spun_short,-1
0001628280-24-011308,0001398733,AQST,2024-03-15,acceptance_time,,2024-03-14T21:56:50,0,yes,text,0,yes,,,0,,False,False,1479.0,2024-03-18,384831305.25,2163470.29375,0.08341457573464808,0.15333121536234962,val,clean_long,1
0001193125-24-070706,0001658247,CRNX,2024-03-19,acceptance_time,updated_after_release,2024-03-19T06:31:10,0,yes,aact,0,yes,0,yes,0,,False,False,1481.0,2024-03-20,2639783941.86,6746250.09375,0.042873958006292553,0.1800310420212874,val,clean_long,1
0001193805-24-000392,0001768224,ARCT,2024-03-19,acceptance_time,,2024-03-19T06:00:29,0,yes,text,0,yes,,,0,"no ticker printed in the release (missing, or today's SEC ticker)",,,,,,,,,val,no_trade,0
0001962918-24-000021,0001962918,SLRN,2024-03-20,acceptance_time,updated_after_release,2024-03-20T07:04:42,2,yes,aact,1,yes,2,yes,3,,False,False,1482.0,2024-03-21,774335674.77,2038522.9970000002,0.04895636214153062,0.02949388155776078,val,spun_short,-1
0001104659-24-036125,0001017491,SEEL,2024-03-20,acceptance_time,,2024-03-19T16:05:48,3,no,text,3,no,,,4,market cap outside $300M-$10B,False,True,1482.0,2024-03-21,8892374.4,54659.00967,0.10785934366418652,-0.16974752442783136,val,no_trade,0
0001599298-24-000043,0001599298,SMMT,2024-03-22,acceptance_time,updated_after_release,2024-03-22T08:07:13,2,unclear,aact,2,unclear,2,unclear,2,,False,True,1484.0,2024-03-25,2487516499.555,2202906.52875,0.06273875141578097,-0.031978109883707195,val,no_trade,0
0001104659-24-038165,0001454789,ATXS,2024-03-25,acceptance_time,updated_after_release,2024-03-25T07:37:24,1,yes,aact,1,unclear,1,yes,0,,False,False,1485.0,2024-03-26,832330404.76,3509317.666,0.046633137478986675,-0.017938736516467713,val,clean_long,1
0000950170-24-035655,0001579428,AXSM,2024-03-25,acceptance_time,updated_after_release,2024-03-25T09:02:44,1,yes,aact,0,yes,0,yes,1,,False,False,1485.0,2024-03-26,3818374624.9999995,13666099.72775,0.0365433536269028,-0.03075946757704895,val,clean_long,1
0001193125-24-075582,0001832038,IVVD,2024-03-25,acceptance_time,,2024-03-22T20:58:35,2,unclear,text,2,unclear,,,0,illiquid (Nasdaq 20-day dollar volume < $1.2M),False,False,1485.0,2024-03-26,484505824.00000006,317194.137,0.10344456107432246,-0.2506444213329705,val,no_trade,0
0001193125-24-076478,0001623526,STOK,2024-03-26,acceptance_time,updated_after_release,2024-03-25T16:07:39,2,yes,aact,3,unclear,2,yes,1,illiquid (Nasdaq 20-day dollar volume < $1.2M),False,False,1486.0,2024-03-27,300974329.5,426926.0745,0.07389872527094055,0.5836160647633583,val,spun_short,-1
0001437749-24-009476,0001434647,ZVRA,2024-03-27,acceptance_time,updated_after_release,2024-03-26T20:28:30,2,yes,aact,2,yes,2,yes,3,market cap outside $300M-$10B,False,False,1487.0,2024-03-28,206805716.44,380376.192,0.0372303035598245,0.019832033373395674,val,spun_short,-1
0001493152-24-011600,0001535955,LPCN,2024-03-28,acceptance_time,unchanged_since_release,2024-03-28T06:26:08,1,yes,aact,0,yes,1,yes,0,market cap outside $300M-$10B,False,False,1488.0,2024-04-01,27217049.6,28228.414,0.06931281793922439,0.02364822595090077,val,clean_long,1
0000950170-24-038902,0001824893,SRZN,2024-04-01,acceptance_time,,2024-04-01T08:52:36,0,unclear,text,0,unclear,,,1,illiquid (Nasdaq 20-day dollar volume < $1.2M),False,False,1489.0,2024-04-02,480333988.37,29676.235999999997,0.03223520344617745,-0.34603194599878095,val,no_trade,0
0001193125-24-082709,0001746466,EQ,2024-04-01,acceptance_time,,2024-04-01T08:05:53,3,unclear,text,3,unclear,,,0,market cap outside $300M-$10B,False,False,1489.0,2024-04-02,80380834.55999999,138677.6095,0.08689721539517843,-0.06788192422250694,val,no_trade,0
0001193125-24-083358,0001656634,GRTS,2024-04-02,acceptance_time,,2024-04-01T16:08:12,3,unclear,text,3,unclear,,,3,market cap outside $300M-$10B,False,False,1490.0,2024-04-03,230454145.9,730500.3962500001,0.07047072635972215,-0.4578150224011899,val,no_trade,0
0001140361-24-017141,0001635088,ROIV,2024-04-02,acceptance_time,updated_after_release,2024-04-02T07:10:35,1,yes,aact,1,yes,1,yes,0,,False,False,1490.0,2024-04-03,8421090762.7,19185432.487,0.0284634848326747,0.07865041585596177,val,clean_long,1
0001104659-24-042231,0001730430,KNSA,2024-04-02,acceptance_time,updated_after_release,2024-04-02T07:32:54,0,unclear,aact,0,unclear,0,unclear,0,no shares outstanding,False,False,,,,,,,val,no_trade,0
0001193125-24-084937,0001816736,IRON,2024-04-02,release_date_only,updated_after_release,2024-04-01T23:59,1,yes,aact,1,yes,1,yes,1,,False,False,1490.0,2024-04-03,845078398.72,6434099.660000001,0.10476976768091902,-0.030870053222426752,val,clean_long,1
0001493152-24-012910,0000764195,VBIV,2024-04-03,acceptance_time,updated_after_release,2024-04-03T08:00:23,2,unclear,aact,2,unclear,2,unclear,3,market cap outside $300M-$10B,False,False,1491.0,2024-04-04,16581386.499999998,12043.708714999999,0.03365735851476083,0.07000491524355668,val,spun_short,-1
0001815776-24-000035,0001815776,LENZ,2024-04-03,acceptance_time,,2024-04-03T07:32:00,0,yes,"text, match rejected",0,yes,,,2,illiquid (Nasdaq 20-day dollar volume < $1.2M),False,False,1491.0,2024-04-04,1232875723.42,434888.4357142858,0.1325608980903217,-0.002018028274899608,val,clean_long,1
0001193125-24-086664,0001828522,EFTR,2024-04-04,acceptance_time,updated_after_release,2024-04-04T08:38:37,0,no,aact,0,no,0,no,1,market cap outside $300M-$10B,False,False,1492.0,2024-04-05,60693106.14,553517.46075,0.06977140889754345,-0.8007882466020266,val,clean_short,-1
0001193125-24-089091,0001693011,INZY,2024-04-08,acceptance_time,,2024-04-08T06:44:01,2,unclear,text,2,unclear,,,2,illiquid (Nasdaq 20-day dollar volume < $1.2M),False,False,1494.0,2024-04-09,395268787.20000005,1138681.71575,0.05461689765647379,-0.08503004074731135,val,no_trade,0
0001140361-24-018449,0000874015,IONS,2024-04-08,release_date_only,updated_after_release,2024-04-07T23:59,0,yes,aact,0,yes,0,yes,2,,False,False,1494.0,2024-04-09,6302307702.280001,7834177.7485,0.01614495654004425,-0.025113007907348384,val,clean_long,1
0001601485-24-000025,0001601485,ELTX,2024-04-08,acceptance_time,updated_after_release,2024-04-05T16:33:57,2,unclear,aact,2,unclear,2,unclear,1,market cap outside $300M-$10B,False,False,1494.0,2024-04-09,90583900.64999999,149907.423,0.06658449368506117,-0.020296636792509037,val,no_trade,0
0001104659-24-044767,0001408443,MIST,2024-04-09,acceptance_time,updated_after_release,2024-04-08T16:38:37,1,yes,aact,1,yes,1,yes,0,market cap outside $300M-$10B,False,False,1495.0,2024-04-10,97264093.74000001,82799.23849999999,0.0339751789448733,-0.11263214594679893,val,clean_long,1
0001193125-24-089653,0001661460,PSTX,2024-04-09,acceptance_time,updated_after_release,2024-04-08T16:30:56,2,unclear,aact,2,unclear,2,unclear,1,market cap outside $300M-$10B,False,False,1495.0,2024-04-10,286090261.555,547539.2412500001,0.058505961780678725,-0.0007807650826183732,val,no_trade,0
0000950170-24-042791,0001520262,ALKS,2024-04-09,acceptance_time,,2024-04-09T07:09:35,0,yes,text,0,yes,,,1,,False,False,1495.0,2024-04-10,4332284128.69,11002147.5055,0.015645205601230016,0.0163879775888236,val,clean_long,1
0000950170-24-042972,0001805890,FUSN,2024-04-10,acceptance_time,updated_after_release,2024-04-09T16:10:23,2,yes,aact,2,unclear,2,yes,1,,False,False,1496.0,2024-04-11,1811574393.15,10526117.368250001,0.2211030871480782,0.01835566235629016,val,spun_short,-1
0001104659-24-045577,0001485003,CARM,2024-04-10,acceptance_time,updated_after_release,2024-04-10T08:00:33,2,unclear,aact,2,unclear,2,unclear,0,market cap outside $300M-$10B,False,False,1496.0,2024-04-11,81423366.64,69536.6755,0.05433642164731743,-0.005985771271859397,val,no_trade,0
0001193125-24-091463,0001658551,AMLX,2024-04-10,acceptance_time,updated_after_release,2024-04-10T09:19:31,2,yes,aact,2,yes,2,yes,1,market cap outside $300M-$10B,False,False,1496.0,2024-04-11,181656132.52,1672081.58975,0.044576476653009664,-0.06256511942903276,val,no_trade,0
0001493152-24-014273,0001535955,LPCN,2024-04-11,acceptance_time,unchanged_since_release,2024-04-11T07:24:28,2,yes,"text, match rejected",2,yes,3,no,2,market cap outside $300M-$10B,False,False,1497.0,2024-04-12,34499736.7,43619.68175,0.07519937685525202,-0.040450398115416175,val,no_trade,0
0001193125-24-092522,0001672619,ELVN,2024-04-11,acceptance_time,updated_after_release,2024-04-11T08:02:54,1,yes,aact,1,unclear,1,yes,1,illiquid (Nasdaq 20-day dollar volume < $1.2M),False,False,1497.0,2024-04-12,817029208.32,757253.8219999999,0.09610903979692688,0.18106526285162738,val,clean_long,1
0000950123-24-003302,0001515673,RARE,2024-04-15,acceptance_time,updated_after_release,2024-04-15T08:07:03,3,yes,aact,3,unclear,3,unclear,1,,False,False,1499.0,2024-04-16,3866483861.52,6263073.659999999,0.026343775210373115,-0.06639440215559766,val,no_trade,0
0001193125-24-096988,0001567514,ITCI,2024-04-16,acceptance_time,updated_after_release,2024-04-16T07:10:01,0,yes,"text, match rejected",0,yes,0,yes,2,,False,False,1500.0,2024-04-17,6270201761.07,7832156.699499999,0.017823308069830478,0.24110553160029813,val,clean_long,1
0001437749-24-012182,0001822791,CLNN,2024-04-17,acceptance_time,unchanged_since_release,2024-04-16T16:06:45,2,yes,"text, match rejected",2,yes,2,yes,1,market cap outside $300M-$10B,False,True,1501.0,2024-04-18,39980289.507400006,16056.393495000002,0.04102204747184993,0.10352315376446164,val,spun_short,-1
0001193125-24-098524,0001597553,SAGE,2024-04-17,acceptance_time,,2024-04-17T06:35:32,0,no,text,0,no,,,1,,False,False,1501.0,2024-04-18,939467517.8100001,3017129.7189999996,0.024865589508611445,-0.184448222539355,val,clean_short,-1
0001193125-24-100080,0001808898,BNTC,2024-04-18,acceptance_time,updated_after_release,2024-04-18T08:53:27,2,unclear,aact,2,unclear,2,unclear,0,market cap outside $300M-$10B,False,False,1502.0,2024-04-19,12936245.66,20446.9555,0.05088029846629677,0.3889255178993546,val,spun_short,-1
0001828185-24-000022,0001828185,BRNS,2024-04-19,acceptance_time,updated_after_release,2024-04-18T16:15:43,1,yes,aact,1,yes,1,yes,1,market cap outside $300M-$10B,False,False,1503.0,2024-04-22,105476484.52,9731.919000000002,0.08351724010190058,-0.0698215118759935,val,clean_long,1
0001104659-24-050307,0000894158,TOVX,2024-04-23,acceptance_time,,2024-04-23T07:00:47,1,yes,text,1,yes,,,1,"no trade on previous day, reaction day or entry day",,,,,,,,,val,no_trade,0
0001437749-24-013283,0001411685,VTGN,2024-04-26,acceptance_time,,2024-04-25T19:18:40,1,yes,text,1,yes,,,1,market cap outside $300M-$10B,False,False,1508.0,2024-04-29,126477978.11999999,334472.13625,0.04509090405892468,0.0040276556331042546,val,clean_long,1
0000950170-24-049870,0001831363,TERN,2024-04-30,acceptance_time,unchanged_since_release,2024-04-29T16:15:24,1,unclear,"text, match rejected",1,unclear,1,unclear,2,illiquid (Nasdaq 20-day dollar volume < $1.2M),False,False,1510.0,2024-05-01,330370151.23,1060635.5629999998,0.044502714590910326,0.0006400481316194417,val,no_trade,0
0001437749-24-014059,0000925741,BCDA,2024-05-01,acceptance_time,,2024-05-01T07:00:23,0,unclear,text,0,unclear,,,0,market cap outside $300M-$10B,False,True,1511.0,2024-05-02,10267969.3822,3575.5753749999994,0.026025127370451057,-0.04426389552420107,val,no_trade,0
0001193125-24-126425,0001420565,ALRN,2024-05-01,acceptance_time,updated_after_release,2024-05-01T08:40:55,2,yes,aact,2,unclear,2,yes,1,market cap outside $300M-$10B,False,False,1511.0,2024-05-02,75402105.6,153093.602,0.07860290011733395,-0.09846654945182876,val,no_trade,0
0001437749-24-013983,0000072444,VXRT,2024-05-01,acceptance_time,,2024-04-30T16:22:06,0,yes,text,0,yes,,,0,market cap outside $300M-$10B,False,False,1511.0,2024-05-02,124258945.5548,246073.52312000003,0.04378723300493806,-0.05415766247652065,val,clean_long,1
0001104659-24-055041,0001719406,NRXP,2024-05-01,acceptance_time,updated_after_release,2024-04-30T17:26:58,3,no,aact,3,no,3,no,1,market cap outside $300M-$10B,False,False,1511.0,2024-05-02,27285721.925,222237.93349999998,0.10034058235785438,-0.1941311780309226,val,no_trade,0
0001104659-24-056664,0001837607,AEON,2024-05-03,acceptance_time,updated_after_release,2024-05-03T07:01:29,0,no,aact,0,no,0,no,1,market cap outside $300M-$10B,False,False,1513.0,2024-05-06,123947454.24,35312.221000000005,0.08588705759503745,-0.4881794651751248,val,clean_short,-1
0001213900-24-039306,0001860657,ALLR,2024-05-03,release_date_only,updated_after_release,2024-05-02T23:59,4,unclear,"text, match rejected",4,unclear,4,unclear,0,market cap outside $300M-$10B,False,False,1513.0,2024-05-06,2863527.6,854517.29173,0.08272948970437208,-0.18533393671984022,val,no_trade,0
0001193125-24-130800,0001991792,CGON,2024-05-06,acceptance_time,updated_after_release,2024-05-03T16:31:07,0,yes,aact,0,yes,0,yes,0,no shares outstanding,False,False,,,,,,,val,no_trade,0
0001558370-24-006793,0001253689,GLYC,2024-05-07,acceptance_time,updated_after_release,2024-05-06T16:01:01,0,no,aact,0,no,0,no,0,market cap outside $300M-$10B,False,False,1515.0,2024-05-08,20398546.8525,435144.73269999993,0.19390883931640865,-0.03340522871368867,val,clean_short,-1
0001404644-24-000049,0001404644,NGNE,2024-05-07,acceptance_time,updated_after_release,2024-05-07T06:20:01,0,unclear,"text, match rejected",0,unclear,0,unclear,1,illiquid (Nasdaq 20-day dollar volume < $1.2M),False,False,1515.0,2024-05-08,422092027.40000004,906676.858,0.050354513631985856,0.03421373094133806,val,no_trade,0
0001193125-24-133086,0001528115,ANNX,2024-05-08,acceptance_time,updated_after_release,2024-05-07T16:05:07,3,unclear,aact,2,unclear,3,unclear,1,market cap outside $300M-$10B,False,False,1516.0,2024-05-09,182405662.45000002,1819508.0984999998,0.04092844695753663,0.04702226188886194,val,spun_short,-1
0000950170-24-055046,0001061983,CYTK,2024-05-08,acceptance_time,updated_after_release,2024-05-08T07:00:11,0,yes,aact,0,yes,0,yes,1,,False,False,1516.0,2024-05-09,6724147468.8,15949432.735,0.02142346845416506,0.015616160864942885,val,clean_long,1
0001816590-24-000083,0001816590,CMPS,2024-05-08,acceptance_time,updated_after_release,2024-05-08T06:34:00,1,yes,aact,2,yes,2,yes,0,illiquid (Nasdaq 20-day dollar volume < $1.2M),False,False,1516.0,2024-05-09,547859474.63,862588.176,0.02983732123450888,0.01179278948825635,val,clean_long,1
0001193125-24-134284,0001501989,CTMX,2024-05-09,acceptance_time,updated_after_release,2024-05-08T16:41:03,1,yes,aact,1,unclear,1,yes,2,market cap outside $300M-$10B,False,False,1517.0,2024-05-10,280367664.12,7080724.209000001,0.483891872664085,-0.5065728249481007,val,clean_long,1
0001140361-24-025476,0001228627,IRD,2024-05-13,acceptance_time,updated_after_release,2024-05-10T16:30:24,3,no,aact,3,unclear,3,no,3,"no ticker printed in the release (missing, or today's SEC ticker)",,,,,,,,,val,no_trade,0
0000950170-24-058654,0001061983,CYTK,2024-05-14,acceptance_time,updated_after_release,2024-05-13T16:09:19,0,yes,aact,0,yes,0,yes,3,,False,False,1520.0,2024-05-15,6060556460.4,18276016.86,0.0242439754557118,0.01791988880542794,val,clean_long,1
0001193125-24-137731,0001746473,PLRX,2024-05-14,acceptance_time,updated_after_release,2024-05-14T07:43:03,2,yes,aact,2,yes,2,yes,1,,False,False,1520.0,2024-05-15,824654123.4399999,1220121.9525,0.03293006913519738,0.025438120074871007,val,spun_short,-1
0000950170-24-060031,0001750284,OLMA,2024-05-15,acceptance_time,updated_after_release,2024-05-15T07:06:06,0,unclear,aact,4,unclear,0,unclear,0,"no ticker printed in the release (missing, or today's SEC ticker)",,,,,,,,,val,no_trade,0
0001493152-24-020551,0001106838,SONN,2024-05-20,acceptance_time,updated_after_release,2024-05-20T09:25:20,1,yes,aact,2,unclear,1,yes,0,market cap outside $300M-$10B,False,False,1524.0,2024-05-21,5851313.88,3425.6230000000005,0.039568346483646336,-0.08719436047665174,val,clean_long,1
0001193125-24-142232,0001818794,DYN,2024-05-20,acceptance_time,,2024-05-20T07:37:38,2,unclear,text,2,unclear,,,3,,False,False,1524.0,2024-05-21,2420499072.6,4515370.6225000005,0.02902415038889519,0.26236397733731254,val,spun_short,-1
0001213900-24-045573,0001506251,CTXR,2024-05-22,acceptance_time,unchanged_since_release,2024-05-21T16:05:34,0,yes,aact,0,yes,0,yes,0,market cap outside $300M-$10B,False,False,1526.0,2024-05-23,131891549.14999999,123698.824455,0.052728259402344435,-0.013837740488890748,val,clean_long,1
0001104659-24-065073,0001509261,RZLT,2024-05-22,release_date_only,updated_after_release,2024-05-21T23:59,1,yes,aact,2,yes,1,yes,1,market cap outside $300M-$10B,False,False,1526.0,2024-05-23,120405441.0,102895.1855,0.05945643004078185,-0.07698842542039752,val,clean_long,1
0000950170-24-064309,0001991792,CGON,2024-05-24,acceptance_time,,2024-05-24T08:15:17,1,yes,text,1,yes,,,0,,False,False,1528.0,2024-05-28,1999870901.5,5970311.046,0.06306412058302088,0.09545590341359567,val,clean_long,1
0001601485-24-000037,0001601485,ELTX,2024-05-24,acceptance_time,updated_after_release,2024-05-23T17:41:48,2,unclear,aact,1,unclear,1,unclear,2,market cap outside $300M-$10B,False,False,1528.0,2024-05-28,90789319.4,223045.44449999998,0.04344335333449308,-0.048812749117008836,val,no_trade,0
0001558370-24-008779,0001133818,BPTH,2024-05-24,release_date_only,updated_after_release,2024-05-23T23:59,2,unclear,aact,2,unclear,3,unclear,1,market cap outside $300M-$10B,False,False,1528.0,2024-05-28,3329032.3499999996,34143.234000000004,0.06062445689224093,0.000510769038818526,val,spun_short,-1
0001104659-24-064825,0001425205,IOVA,2024-05-24,acceptance_time,updated_after_release,2024-05-23T20:00:33,1,unclear,"text, match rejected",1,unclear,0,yes,1,,False,False,1528.0,2024-05-28,2876680382.16,15271920.492500002,0.050269581246153765,-0.022724223314589564,val,no_trade,0
0000950170-24-064025,0001789972,CGEM,2024-05-24,acceptance_time,updated_after_release,2024-05-23T17:07:21,1,unclear,aact,1,unclear,1,unclear,1,,False,False,1528.0,2024-05-28,1306568084.7800002,6868487.4325,0.08133636358294921,0.0698881871972542,val,no_trade,0
0001193125-24-146093,0001829802,SNSE,2024-05-24,acceptance_time,updated_after_release,2024-05-23T17:10:36,1,unclear,aact,2,unclear,1,yes,1,market cap outside $300M-$10B,False,False,1528.0,2024-05-28,36618198.68,133889.574,0.10655713065990705,-0.4534182161721132,val,no_trade,0
0001104659-24-064762,0001760542,HOOK,2024-05-24,acceptance_time,updated_after_release,2024-05-23T17:05:13,2,unclear,aact,2,unclear,2,unclear,1,market cap outside $300M-$10B,False,True,1528.0,2024-05-28,22668193.8,82876.95920499999,0.05517464205494857,-0.23403791610688174,val,no_trade,0
0001104659-24-064781,0001526119,VSTM,2024-05-24,acceptance_time,updated_after_release,2024-05-23T17:24:02,2,unclear,aact,2,unclear,2,unclear,1,illiquid (Nasdaq 20-day dollar volume < $1.2M),False,False,1528.0,2024-05-28,309984744.24,317785.2215,0.04375243624135892,-0.6603637797856866,val,no_trade,0
0001356576-24-000034,0001356576,SUPN,2024-05-24,acceptance_time,updated_after_release,2024-05-23T16:25:14,2,unclear,aact,2,unclear,2,yes,1,,False,False,1528.0,2024-05-28,1527734518.6599998,3996044.2080000006,0.019783824370785803,-0.0056691983426978565,val,no_trade,0
0000950170-24-064022,0001841387,CADL,2024-05-24,acceptance_time,updated_after_release,2024-05-23T17:05:10,3,unclear,aact,3,unclear,3,unclear,2,,False,False,1528.0,2024-05-28,317078832.46,1468716.10225,0.10208958738711683,-0.26093061690202146,val,no_trade,0
0001140361-24-027535,0001104506,INSM,2024-05-28,acceptance_time,,2024-05-28T06:30:24,0,yes,text,0,yes,,,2,,False,False,1529.0,2024-05-29,3269300056.0,9497783.476,0.023212933474270038,1.1821941297473213,val,clean_long,1
0001683168-24-003849,0001533040,PHIO,2024-05-29,acceptance_time,updated_after_release,2024-05-28T17:00:13,0,yes,aact,0,unclear,0,yes,1,market cap outside $300M-$10B,False,True,1530.0,2024-05-30,3572342.6,8687.590470000001,0.0584923282501944,-0.004293716503994571,val,clean_long,1
0001193125-24-148089,0001651311,MRUS,2024-05-29,acceptance_time,updated_after_release,2024-05-28T16:06:03,1,yes,aact,2,unclear,2,unclear,0,,False,False,1530.0,2024-05-30,3220772798.88,10502773.046,0.08633875125263159,0.004265270807419119,val,clean_long,1
0001493152-24-021727,0000764195,VBIV,2024-05-29,acceptance_time,updated_after_release,2024-05-29T08:00:20,3,unclear,"text, match rejected",3,unclear,2,unclear,1,market cap outside $300M-$10B,False,False,1530.0,2024-05-30,18356656.0,9203.574315000002,0.02380092622939491,-0.08396996971736215,val,no_trade,0
0001193125-24-149338,0001802768,RPRX,2024-05-30,acceptance_time,,2024-05-29T17:25:01,1,yes,text,1,yes,,,0,market cap outside $300M-$10B,False,False,1531.0,2024-05-31,10242814036.0,15637514.857500002,0.011553326916937574,-0.017468551898096485,val,clean_long,1
0001839882-24-016704,0001430306,TNXP,2024-05-30,acceptance_time,,2024-05-30T08:05:48,2,no,text,2,no,,,1,market cap outside $300M-$10B,False,True,1531.0,2024-05-31,16404871.3185,42259.584480000005,0.04440266774235761,-0.01650720930238747,val,no_trade,0
0000950170-24-066553,0001515673,RARE,2024-05-31,acceptance_time,updated_after_release,2024-05-30T16:04:17,0,yes,aact,0,yes,0,yes,1,,False,False,1532.0,2024-06-03,3213934963.06,7590788.9765,0.01700018981632038,0.035033861967946445,val,clean_long,1
0001599298-24-000096,0001599298,SMMT,2024-05-31,acceptance_time,,2024-05-30T16:48:30,1,yes,text,1,yes,,,2,reverse split between shares filing and event,False,False,,,,,,,val,no_trade,0
0001140361-24-028247,0000874015,IONS,2024-05-31,acceptance_time,updated_after_release,2024-05-31T07:15:31,0,yes,aact,0,yes,0,yes,2,,False,False,1532.0,2024-06-03,5332115112.22,10562618.760000002,0.020968271763710813,0.026544641434865124,val,clean_long,1
0001193125-24-152493,0001740279,INAB,2024-06-03,acceptance_time,,2024-06-03T08:53:31,3,unclear,text,3,unclear,,,1,market cap outside $300M-$10B,False,False,1533.0,2024-06-04,52948738.8,7807.010999999999,0.04881225613608629,-0.14217258067529948,val,no_trade,0
0001193125-24-152380,0001785530,HOWL,2024-06-03,release_date_only,updated_after_release,2024-06-01T23:59,1,unclear,aact,1,unclear,1,unclear,2,market cap outside $300M-$10B,False,False,1533.0,2024-06-04,225533354.73000002,183723.34425,0.049315225555849974,-0.26250013366181213,val,no_trade,0
0000950170-24-067650,0001683553,SPRB,2024-06-03,acceptance_time,updated_after_release,2024-06-03T07:05:12,3,no,aact,2,no,3,no,0,market cap outside $300M-$10B,False,False,1533.0,2024-06-04,30503937.018799998,50906.12302499999,0.030444518748207017,-0.061393663603883764,val,no_trade,0
0001104659-24-067483,0001888886,GPCR,2024-06-03,acceptance_time,unchanged_since_release,2024-06-03T08:00:25,2,yes,aact,0,yes,2,yes,3,,False,False,1533.0,2024-06-04,4784725887.7,3221669.34025,0.028014656570585217,0.5158562607940562,val,spun_short,-1
0001193125-24-152391,0001804591,ME,2024-06-03,acceptance_time,updated_after_release,2024-06-03T08:06:02,2,unclear,aact,2,unclear,2,yes,3,no shares outstanding,False,False,,,,,,,val,no_trade,0
0000950170-24-067644,0001676725,IDYA,2024-06-03,acceptance_time,updated_after_release,2024-06-03T06:05:36,1,yes,aact,2,unclear,2,unclear,0,,False,False,1533.0,2024-06-04,2769373718.5200005,6926970.257000001,0.024298699256048568,0.037352790555455595,val,clean_long,1
0000950170-24-067662,0001789972,CGEM,2024-06-03,release_date_only,updated_after_release,2024-06-01T23:59,1,yes,aact,1,unclear,1,yes,0,,False,False,1533.0,2024-06-04,1354404499.0,4399553.1205,0.03876205703360966,-0.06508038209373923,val,clean_long,1
0001619856-24-000046,0001619856,CRBU,2024-06-03,release_date_only,updated_after_release,2024-06-02T23:59,2,unclear,aact,2,unclear,2,unclear,1,market cap outside $300M-$10B,False,False,1533.0,2024-06-04,260566769.33499998,1485570.63225,0.03360394012212813,-0.2820050474575063,val,no_trade,0
0000950170-24-067670,0001498382,KTRA,2024-06-03,acceptance_time,updated_after_release,2024-06-03T08:45:11,3,yes,aact,2,yes,3,yes,3,market cap outside $300M-$10B,False,False,1533.0,2024-06-04,17199734643.0,211380.68830500002,0.13086630527220414,-0.15412327735268427,val,no_trade,0
0001558370-24-008844,0001133818,BPTH,2024-06-03,acceptance_time,updated_after_release,2024-06-03T07:10:12,1,yes,aact,2,unclear,1,yes,0,repeat: same company and same trial within 30 days,,,,,,,,,val,no_trade,0
0001140361-24-028366,0001671927,IMCR,2024-06-03,acceptance_time,updated_after_release,2024-05-31T16:21:44,2,unclear,"text, match rejected",2,unclear,2,unclear,2,,False,False,1533.0,2024-06-04,2442704655.39,8816849.197999997,0.024882213974987296,-0.1544065870659448,val,no_trade,0
0001558370-24-008865,0001727196,SRRK,2024-06-04,acceptance_time,updated_after_release,2024-06-03T16:25:30,2,yes,aact,2,unclear,2,yes,1,,False,False,1534.0,2024-06-05,757663617.5,2895789.0054999995,0.04528512342746207,0.03718262530711813,val,spun_short,-1
0001437749-24-019074,0001434647,ZVRA,2024-06-04,acceptance_time,updated_after_release,2024-06-03T17:06:30,2,yes,aact,1,yes,3,unclear,2,market cap outside $300M-$10B,False,False,1534.0,2024-06-05,204245050.72,192943.94649999996,0.027468160783419748,-0.03338683112083696,val,no_trade,0
0001193125-24-153075,0001658247,CRNX,2024-06-04,acceptance_time,,2024-06-03T16:35:07,2,unclear,text,2,unclear,,,0,,False,False,1534.0,2024-06-05,3654349693.4,10233145.764999999,0.02869620279103113,0.024862247322882558,val,spun_short,-1
0001193125-24-153625,0001528115,ANNX,2024-06-04,acceptance_time,updated_after_release,2024-06-04T07:05:38,1,yes,aact,0,yes,1,yes,1,market cap outside $300M-$10B,False,False,1534.0,2024-06-05,176235492.05,1541403.7264999999,0.0415117636969103,0.3120323316298177,val,clean_long,1
0001140361-24-029050,0001743881,BBIO,2024-06-05,release_date_only,,2024-06-04T23:59,1,yes,text,1,yes,,,1,,False,False,1535.0,2024-06-06,5080559409.0,10181621.483500002,0.030029803921386686,-0.001863845340234871,val,clean_long,1
0001171843-24-003302,0001447028,ABUS,2024-06-05,acceptance_time,updated_after_release,2024-06-05T06:00:21,2,unclear,"text, match rejected",2,unclear,1,yes,0,illiquid (Nasdaq 20-day dollar volume < $1.2M),False,False,1535.0,2024-06-06,628428971.97,630157.04775,0.02518433746628967,0.054284015227515026,val,spun_short,-1
0001104659-24-068948,0001737953,REPL,2024-06-06,acceptance_time,updated_after_release,2024-06-06T09:15:41,0,yes,aact,0,yes,0,yes,1,illiquid (Nasdaq 20-day dollar volume < $1.2M),False,False,1536.0,2024-06-07,341467983.79999995,1151510.30625,0.04867579154754493,0.29153121097768064,val,clean_long,1
0001493152-24-022906,0001878313,MAIA,2024-06-06,acceptance_time,updated_after_release,2024-06-06T14:57:40,3,unclear,aact,3,unclear,3,unclear,0,market cap outside $300M-$10B,False,False,1536.0,2024-06-07,69878876.8,64035.9535,0.08856632091832338,0.042677793711493495,val,spun_short,-1
0001171843-24-003323,0001447028,ABUS,2024-06-06,acceptance_time,,2024-06-06T11:16:15,1,yes,text,1,yes,,,0,illiquid (Nasdaq 20-day dollar volume < $1.2M),False,False,1536.0,2024-06-07,683157020.58,672740.80275,0.030668287142367804,-0.06279527258684903,val,clean_long,1
0001828185-24-000063,0001828185,BRNS,2024-06-07,acceptance_time,updated_after_release,2024-06-06T16:02:55,2,unclear,"text, match rejected",2,unclear,2,unclear,0,market cap outside $300M-$10B,False,False,1537.0,2024-06-10,75724326.52,4106.8635,0.050304133629158344,0.020353518123193415,val,spun_short,-1
0001516551-24-000059,0001516551,SKYE,2024-06-10,acceptance_time,updated_after_release,2024-06-10T09:27:39,0,no,aact,0,no,0,no,0,illiquid (Nasdaq 20-day dollar volume < $1.2M),False,False,1538.0,2024-06-11,306782223.51,143527.296,0.027622216600355444,-0.09403145394269852,val,clean_short,-1
0001493152-24-023289,0001535955,LPCN,2024-06-10,acceptance_time,unchanged_since_release,2024-06-10T09:00:30,3,unclear,aact,4,unclear,3,unclear,0,market cap outside $300M-$10B,False,False,1538.0,2024-06-11,40216508.8,41475.66925,0.02705468327360749,0.03144911875395895,val,spun_short,-1
0000950170-24-071093,0001832168,LBPH,2024-06-10,acceptance_time,updated_after_release,2024-06-10T09:05:13,1,yes,aact,2,unclear,1,yes,1,illiquid (Nasdaq 20-day dollar volume < $1.2M),False,False,1538.0,2024-06-11,681956147.16,1158229.214,0.030757534315518326,0.025952563767181136,val,clean_long,1
0001193125-24-157913,0001850270,PROK,2024-06-10,acceptance_time,updated_after_release,2024-06-10T08:00:36,2,unclear,aact,2,unclear,2,unclear,1,no shares outstanding,False,False,,,,,,,val,no_trade,0
0001193125-24-158710,0001597553,,2024-06-11,acceptance_time,updated_after_release,2024-06-11T06:45:00,0,yes,aact,3,yes,1,yes,2,"no ticker printed in the release (missing, or today's SEC ticker)",,,,,,,,,val,no_trade,0
0001104659-24-070450,0001477845,ANVS,2024-06-12,acceptance_time,updated_after_release,2024-06-11T17:00:39,3,unclear,aact,2,yes,4,unclear,0,market cap outside $300M-$10B,False,False,1540.0,2024-06-13,75575062.2,125325.8305,0.0781037634959787,-0.11629812926790073,val,no_trade,0
0001104659-24-070914,0001346830,CARA,2024-06-13,acceptance_time,updated_after_release,2024-06-12T17:12:54,0,no,aact,0,no,0,no,0,market cap outside $300M-$10B,False,False,1541.0,2024-06-14,36993750.476399995,31677.24816,0.053639328490002865,-0.34420415132227045,val,clean_short,-1
0001193125-24-160703,0001740279,INAB,2024-06-14,acceptance_time,updated_after_release,2024-06-13T16:07:54,1,yes,aact,1,yes,1,yes,2,market cap outside $300M-$10B,False,False,1542.0,2024-06-17,73686994.83,42290.3805,0.0926134672748236,-0.32492687259751585,val,clean_long,1
0001104659-24-071445,0001855644,ZURA,2024-06-14,acceptance_time,,2024-06-14T06:04:41,1,unclear,text,1,unclear,,,0,market cap outside $300M-$10B,False,False,1542.0,2024-06-17,236903758.32000002,205311.8155,0.05780345865441189,0.033131204796084,val,no_trade,0
0001104659-24-072012,0001267813,MRNS,2024-06-17,acceptance_time,updated_after_release,2024-06-17T07:01:43,2,no,aact,2,no,2,no,0,market cap outside $300M-$10B,False,False,1543.0,2024-06-18,80203310.03999999,242153.42175000004,0.03720535859774112,0.01231741879223891,val,spun_short,-1
0001549595-24-000086,0001549595,NRIX,2024-06-17,release_date_only,updated_after_release,2024-06-16T23:59,1,yes,aact,1,unclear,1,yes,2,,False,False,1543.0,2024-06-18,745617544.98,2926494.60825,0.040731739267234716,0.019568572384855876,val,clean_long,1
0001615219-24-000049,0001615219,SLRX,2024-06-17,acceptance_time,,2024-06-17T08:05:28,1,unclear,text,1,unclear,,,0,reverse split between shares filing and event,False,False,,,,,,,val,no_trade,0
0000950170-24-073998,0001636651,OVID,2024-06-17,acceptance_time,,2024-06-17T07:10:10,2,no,text,2,no,,,3,market cap outside $300M-$10B,False,False,1543.0,2024-06-18,234117269.1,78214.79225,0.029020007911236625,-0.7460159145410944,val,no_trade,0
0001664710-24-000055,0001664710,KROS,2024-06-17,acceptance_time,updated_after_release,2024-06-17T06:07:19,1,yes,aact,2,unclear,1,yes,3,,False,False,1543.0,2024-06-18,1781461451.82,3223129.1024999996,0.022174547869955052,-0.08592037744029091,val,clean_long,1
0001193125-24-162056,0001759425,MIRM,2024-06-17,acceptance_time,updated_after_release,2024-06-17T08:03:33,0,yes,aact,0,yes,1,yes,2,,False,False,1543.0,2024-06-18,1220745243.8999999,3241846.2205,0.029182592639084556,0.285290391765212,val,clean_long,1
0001104659-24-072058,0001798749,AVTE,2024-06-17,acceptance_time,updated_after_release,2024-06-17T08:35:53,0,no,aact,0,no,0,no,0,,False,False,1543.0,2024-06-18,709261183.08,1418156.4995,0.058540677402847706,-0.9202577233686059,val,clean_short,-1
0001193125-24-163038,0001567514,ITCI,2024-06-18,acceptance_time,updated_after_release,2024-06-18T07:37:30,0,yes,aact,0,yes,0,yes,3,,False,False,1544.0,2024-06-20,7265661521.099999,10891239.167,0.012339564326397986,0.10521886258915947,val,clean_long,1
0001193125-24-163050,0001806310,TSHA,2024-06-18,acceptance_time,updated_after_release,2024-06-18T07:45:05,2,yes,aact,3,unclear,2,yes,1,,False,False,1544.0,2024-06-20,755553831.0,1429080.9544999998,0.04779182181423806,-0.25233319601687576,val,no_trade,0
0001404644-24-000073,0001404644,NGNE,2024-06-18,acceptance_time,updated_after_release,2024-06-18T14:11:01,0,unclear,"text, match rejected",0,unclear,0,unclear,1,illiquid (Nasdaq 20-day dollar volume < $1.2M),False,False,1544.0,2024-06-20,519211560.0,760666.562,0.043541474054173315,-0.2324569583931133,val,no_trade,0
0001558370-24-009313,0001070081,PTCT,2024-06-20,acceptance_time,,2024-06-20T07:55:18,2,unclear,text,2,unclear,,,2,,False,False,1545.0,2024-06-21,2731939481.7,6362118.174500001,0.021595845478210175,-0.06870753281416553,val,no_trade,0
0001193125-24-166299,0001505512,RGLS,2024-06-24,acceptance_time,updated_after_release,2024-06-24T07:23:01,2,yes,aact,2,unclear,2,yes,1,market cap outside $300M-$10B,False,False,1547.0,2024-06-25,163010031.24,230120.89575,0.03925189445301545,-0.19098790488145367,val,no_trade,0
0001628280-24-029426,0001560241,GTHX,2024-06-24,acceptance_time,updated_after_release,2024-06-24T06:35:21,0,no,aact,0,no,0,no,2,market cap outside $300M-$10B,False,False,1547.0,2024-06-25,129657849.67999999,628281.3655000001,0.042665328519289905,-0.1191197872496359,val,clean_short,-1
0001104659-24-074078,0001689375,TRDA,2024-06-24,acceptance_time,,2024-06-24T06:07:40,1,yes,text,1,yes,,,3,illiquid (Nasdaq 20-day dollar volume < $1.2M),False,False,1547.0,2024-06-25,503008742.40000004,299533.92949999997,0.03486624040079726,-0.061932084283626065,val,clean_long,1
0001193125-24-167481,0001631574,WVE,2024-06-25,acceptance_time,updated_after_release,2024-06-25T07:36:30,2,yes,aact,2,yes,2,yes,2,illiquid (Nasdaq 20-day dollar volume < $1.2M),False,False,1548.0,2024-06-26,638017433.6,673998.7277500001,0.03377581609252466,-0.0782660012795906,val,no_trade,0
0001104659-24-074545,0001720893,BTAI,2024-06-25,acceptance_time,updated_after_release,2024-06-25T07:05:28,4,unclear,aact,3,unclear,4,unclear,0,market cap outside $300M-$10B,False,False,1548.0,2024-06-26,45224639.305,150885.712,0.03617262016100733,-0.00530146611341642,val,no_trade,0
0001213900-24-055436,0001766140,UNCY,2024-06-25,acceptance_time,unchanged_since_release,2024-06-25T09:15:57,2,yes,"text, match rejected",2,yes,2,yes,2,market cap outside $300M-$10B,False,False,1548.0,2024-06-26,25869600.777,41675.54995,0.05901069844504161,-0.26600350050879484,val,no_trade,0
0001193125-24-167467,0001785530,HOWL,2024-06-25,acceptance_time,updated_after_release,2024-06-25T07:07:31,1,unclear,aact,1,unclear,1,unclear,1,market cap outside $300M-$10B,False,False,1548.0,2024-06-26,113418507.86999999,223445.646,0.07070590095324249,-0.09630160919540232,val,no_trade,0
0001193125-24-168501,0001160308,SVRA,2024-06-26,acceptance_time,updated_after_release,2024-06-26T06:40:01,0,yes,aact,0,yes,0,yes,2,illiquid (Nasdaq 20-day dollar volume < $1.2M),False,False,1549.0,2024-06-27,525808730.255,1074913.3047500001,0.033106509390374884,0.01897495944031291,val,clean_long,1
0000950170-24-077299,0001564824,ALLK,2024-06-26,acceptance_time,updated_after_release,2024-06-25T16:20:09,0,yes,aact,0,yes,0,yes,1,market cap outside $300M-$10B,False,False,1549.0,2024-06-27,103597034.58,99255.11175000001,0.058008020193160384,-0.10133457479826191,val,clean_long,1
0001193125-24-168597,0001806952,LYEL,2024-06-26,acceptance_time,updated_after_release,2024-06-26T08:32:21,1,yes,aact,1,unclear,1,yes,0,illiquid (Nasdaq 20-day dollar volume < $1.2M),False,False,1549.0,2024-06-27,520076012.88,265516.6745,0.04715228700121764,-0.3529685617263666,val,clean_long,1
0001193125-24-169805,0001534133,CALC,2024-06-27,acceptance_time,updated_after_release,2024-06-27T08:45:55,3,no,aact,2,yes,3,no,1,market cap outside $300M-$10B,False,False,1550.0,2024-06-28,50198133.55,26748.287,0.038261848864294325,-0.3325339848929185,val,no_trade,0
0001628280-24-030243,0001501697,XFOR,2024-06-27,acceptance_time,updated_after_release,2024-06-27T08:01:09,1,yes,aact,1,yes,1,yes,0,market cap outside $300M-$10B,False,False,1550.0,2024-06-28,169617158.81,220507.74959,0.0391909110184335,-0.3436858495440517,val,clean_long,1
0001140361-24-031563,0001601485,ELTX,2024-06-28,acceptance_time,updated_after_release,2024-06-27T16:09:40,3,unclear,aact,2,unclear,2,unclear,1,market cap outside $300M-$10B,False,False,1551.0,2024-07-01,70146046.55,40959.42599999999,0.044731730415941875,-0.3981988786053898,val,no_trade,0
0000950170-24-079290,0001394319,TCON,2024-07-01,acceptance_time,unchanged_since_release,2024-07-01T09:02:10,0,no,aact,0,no,0,no,0,"no trade on previous day, reaction day or entry day",,,,,,,,,val,no_trade,0
0001193125-24-172762,0001580063,BIOR,2024-07-01,acceptance_time,updated_after_release,2024-07-01T08:21:57,0,yes,aact,0,yes,1,yes,0,market cap outside $300M-$10B,False,False,1552.0,2024-07-02,23672571.2271,12569.961025,0.04358033163853451,-0.053398369565323844,val,clean_long,1
0001628280-24-030546,0001636651,OVID,2024-07-01,acceptance_time,,2024-07-01T08:04:04,0,yes,text,0,yes,,,1,market cap outside $300M-$10B,False,False,1552.0,2024-07-02,53208470.25,276620.14551999996,0.17690525835362436,0.1507029492159404,val,clean_long,1
0001140361-24-032080,0001453687,RNAC,2024-07-02,acceptance_time,updated_after_release,2024-07-02T06:30:27,0,yes,aact,0,yes,0,yes,2,illiquid (Nasdaq 20-day dollar volume < $1.2M),False,False,1553.0,2024-07-03,436715140.62,669803.4457500001,0.07260518496295373,-0.3383417673388336,val,clean_long,1
0001437749-24-022267,0000925741,BCDA,2024-07-08,acceptance_time,updated_after_release,2024-07-08T07:00:39,4,unclear,aact,3,unclear,4,unclear,1,reverse split between shares filing and event,False,False,,,,,,,val,no_trade,0
0001193125-24-175867,0001676725,IDYA,2024-07-08,acceptance_time,updated_after_release,2024-07-08T06:04:01,1,yes,aact,2,unclear,1,yes,1,,False,False,1556.0,2024-07-09,2592267009.0,6790798.734,0.02656091232525142,0.1366810678862349,val,clean_long,1
0001193125-24-175915,0001888012,HLVX,2024-07-08,acceptance_time,,2024-07-08T07:40:53,0,no,text,0,no,,,0,illiquid (Nasdaq 20-day dollar volume < $1.2M),False,False,1556.0,2024-07-09,699573668.01,556268.0225000001,0.046688433160037866,-0.9010462496449827,val,clean_short,-1
0001104659-24-078451,0001485003,,2024-07-09,acceptance_time,updated_after_release,2024-07-09T07:30:18,3,unclear,aact,3,no,3,unclear,0,"no ticker printed in the release (missing, or today's SEC ticker)",,,,,,,,,val,no_trade,0
0000950170-24-083386,0001907108,LXEO,2024-07-15,acceptance_time,updated_after_release,2024-07-15T07:55:24,1,yes,aact,2,unclear,2,yes,2,illiquid (Nasdaq 20-day dollar volume < $1.2M),False,False,1561.0,2024-07-16,579179094.78,857449.5629999998,0.05752258513836618,-0.27002306930391395,val,clean_long,1
0001193125-24-178937,0001746473,PLRX,2024-07-15,acceptance_time,updated_after_release,2024-07-15T11:54:00,2,yes,aact,2,yes,1,yes,4,,False,False,1561.0,2024-07-16,767947841.36,1733465.9329999997,0.03761370421073644,0.02742091251145662,val,spun_short,-1
0001193125-24-179950,0001650648,FDMT,2024-07-17,acceptance_time,updated_after_release,2024-07-17T06:04:01,1,yes,aact,1,unclear,0,yes,1,,False,False,1563.0,2024-07-18,1330071553.44,3536182.3905,0.03799975033368898,-0.2978694672510649,val,clean_long,1
0001193125-24-180412,0001501756,ADVM,2024-07-18,acceptance_time,,2024-07-17T16:38:02,3,unclear,text,3,unclear,,,1,market cap outside $300M-$10B,False,False,1564.0,2024-07-19,182245143.0,615626.9075000001,0.03887825635856228,0.10228304245808151,val,spun_short,-1
0001104659-24-081680,0001279704,CLRB,2024-07-23,acceptance_time,updated_after_release,2024-07-23T06:45:24,0,yes,aact,0,yes,0,yes,1,market cap outside $300M-$10B,False,False,1567.0,2024-07-24,108442995.1,269307.43049999996,0.0770693444757122,-0.1987281777693094,val,clean_long,1
0001104659-24-081721,0001585608,JAGX,2024-07-23,acceptance_time,updated_after_release,2024-07-23T08:05:13,2,no,aact,2,no,2,no,2,illiquid (Nasdaq 20-day dollar volume < $1.2M),False,False,1567.0,2024-07-24,733378710.48,247627.908,0.03536441870223567,-0.5997670284683132,val,no_trade,0
0001193125-24-183284,0001597553,SAGE,2024-07-24,acceptance_time,,2024-07-24T06:39:54,0,no,text,0,no,,,0,,False,False,1568.0,2024-07-25,787180965.48,2317484.1645,0.028656523529312108,-0.2000687498562922,val,clean_short,-1
0001193125-24-183318,0001827087,VIGL,2024-07-24,acceptance_time,updated_after_release,2024-07-24T07:15:52,1,yes,aact,1,unclear,1,yes,0,market cap outside $300M-$10B,False,False,1568.0,2024-07-25,149209718.64000002,442679.1947500001,0.06308326679411957,0.07764676174062357,val,clean_long,1
0001628280-24-032815,0001001233,SGMO,2024-07-25,acceptance_time,updated_after_release,2024-07-24T16:05:28,0,yes,aact,0,yes,0,yes,0,market cap outside $300M-$10B,False,False,1569.0,2024-07-26,114753072.02800001,481332.610255,0.10809649563158578,0.1919851916554438,val,clean_long,1
0001628280-24-032917,0001398733,AQST,2024-07-25,acceptance_time,,2024-07-25T08:16:24,0,yes,text,0,yes,,,0,illiquid (Nasdaq 20-day dollar volume < $1.2M),False,False,1569.0,2024-07-26,306799852.84000003,907316.009,0.047910253521791,0.005634506694534691,val,clean_long,1
0001558370-24-010223,0001374339,PMN,2024-07-26,acceptance_time,updated_after_release,2024-07-26T08:50:25,1,yes,aact,0,yes,0,yes,2,"no trade on previous day, reaction day or entry day",,,,,,,,,val,no_trade,0
0001193125-24-186747,0001936258,NAMS,2024-07-29,acceptance_time,updated_after_release,2024-07-29T08:30:35,0,yes,aact,0,yes,0,yes,0,illiquid (Nasdaq 20-day dollar volume < $1.2M),False,False,1571.0,2024-07-30,1697857272.0600002,623296.5495,0.02401860161756497,-0.06996530194541795,val,clean_long,1
0001654954-24-009490,0000725363,CVM,2024-07-29,acceptance_time,unchanged_since_release,2024-07-26T17:27:40,4,no,aact,3,unclear,4,no,1,market cap outside $300M-$10B,False,False,1571.0,2024-07-30,70678717.785,134248.48549999998,0.05823814389346822,-0.04476566011291594,val,no_trade,0
0001493152-24-029517,0000749647,IMNN,2024-07-30,acceptance_time,updated_after_release,2024-07-30T08:12:44,2,yes,aact,2,yes,2,yes,2,market cap outside $300M-$10B,False,False,1572.0,2024-07-31,11187057.91,14521.729000000001,0.06510322010022254,1.7777745176282802,val,spun_short,-1
0001013762-24-002270,0001690080,ATNF,2024-07-30,acceptance_time,,2024-07-30T08:00:33,1,yes,text,1,yes,,,1,market cap outside $300M-$10B,False,True,1572.0,2024-07-31,2175072.9,443989.127,0.20143969942331896,0.021726643933347667,val,clean_long,1
0001193125-24-188977,0001835597,PEPG,2024-07-31,acceptance_time,updated_after_release,2024-07-30T16:55:09,1,yes,aact,2,unclear,2,yes,1,illiquid (Nasdaq 20-day dollar volume < $1.2M),False,False,1573.0,2024-08-01,548174530.71,340975.5775,0.04044822775553031,-0.3258729433919879,val,clean_long,1
0001193125-24-189569,0001205922,VCNX,2024-07-31,acceptance_time,updated_after_release,2024-07-31T09:05:29,2,yes,aact,2,yes,2,yes,1,market cap outside $300M-$10B,False,False,1573.0,2024-08-01,12943731.0,103201.7,0.09192711166534329,-0.37820196296207853,val,no_trade,0
0001818382-24-000146,0001818382,HUMA,2024-08-01,acceptance_time,updated_after_release,2024-07-31T16:08:23,0,yes,aact,0,yes,0,yes,1,,False,False,1574.0,2024-08-02,1126537979.38,5236161.175,0.07824895768607373,-0.08621748044050626,val,clean_long,1
0001193125-24-193404,0001528115,ANNX,2024-08-05,acceptance_time,updated_after_release,2024-08-05T08:11:59,2,unclear,text,2,unclear,1,yes,4,market cap outside $300M-$10B,False,False,1576.0,2024-08-06,230610118.70000002,2172576.18,0.04425087251609239,-0.06388619048279887,val,no_trade,0
0001213900-24-065375,0001733413,TFFP,2024-08-06,acceptance_time,,2024-08-06T08:00:17,2,unclear,text,2,unclear,,,0,market cap outside $300M-$10B,False,False,1577.0,2024-08-07,5018977.08,4779.7935,0.04966543339602681,0.007165835643933471,val,spun_short,-1
0001193125-24-196465,0001492422,APLS,2024-08-08,acceptance_time,updated_after_release,2024-08-08T07:06:59,0,yes,aact,0,yes,0,yes,4,,False,False,1579.0,2024-08-09,4090130957.5200005,13161607.1515,0.036641878197702184,0.0894738960797572,val,clean_long,1
0001193125-24-197047,0001880438,ANTX,2024-08-09,acceptance_time,updated_after_release,2024-08-08T16:50:01,0,no,aact,0,no,1,no,0,market cap outside $300M-$10B,False,False,1580.0,2024-08-12,78450375.2,46193.452999999994,0.04365845964169765,-0.6133097849240844,val,clean_short,-1
0001599901-24-000135,0001599901,RNA,2024-08-09,acceptance_time,,2024-08-09T07:02:28,4,unclear,text,4,unclear,,,0,,False,False,1580.0,2024-08-12,4006223373.7200003,14432751.606999999,0.035405250494706386,0.11608650646736551,val,spun_short,-1
0001999371-24-009889,0001430306,TNXP,2024-08-12,acceptance_time,updated_after_release,2024-08-12T08:18:07,0,yes,aact,0,yes,0,yes,2,reverse split between shares filing and event,False,False,,,,,,,val,no_trade,0
0001193125-24-198969,0001556263,SYRS,2024-08-13,acceptance_time,updated_after_release,2024-08-12T17:03:51,0,no,aact,0,no,0,no,0,market cap outside $300M-$10B,False,False,1582.0,2024-08-14,133641685.0,94907.6,0.041894372090969065,-0.6280016697975371,val,clean_short,-1
0001437749-24-026563,0001645469,MNPR,2024-08-14,acceptance_time,updated_after_release,2024-08-14T08:00:10,1,unclear,aact,0,unclear,1,unclear,1,reverse split between shares filing and event,False,False,,,,,,,val,no_trade,0
0001140361-24-037428,0001010086,SIGA,2024-08-15,acceptance_time,updated_after_release,2024-08-15T07:40:18,2,no,aact,2,no,2,no,1,"no ticker printed in the release (missing, or today's SEC ticker)",,,,,,,,,val,no_trade,0
0001558370-24-012413,0001133818,BPTH,2024-08-22,acceptance_time,updated_after_release,2024-08-21T16:15:26,2,unclear,aact,3,unclear,3,unclear,0,market cap outside $300M-$10B,False,False,1589.0,2024-08-23,3828285.0,54309.0465,0.04138892637690651,-0.13732626272545745,val,no_trade,0
0001213900-24-072570,0001840563,ELAB,2024-08-26,acceptance_time,,2024-08-26T15:32:49,3,unclear,text,3,unclear,,,0,market cap outside $300M-$10B,False,False,1591.0,2024-08-27,6421092.252,17620.36342,0.10961567754003565,0.0028457973621327515,val,spun_short,-1
0001193125-24-207466,0001832038,IVVD,2024-08-27,acceptance_time,updated_after_release,2024-08-27T08:05:02,2,unclear,aact,2,unclear,2,unclear,4,market cap outside $300M-$10B,False,False,1592.0,2024-08-28,151692146.45,56103.243669999996,0.08471352761076398,-0.2554215613198747,val,no_trade,0
0000914475-24-000199,0000914475,NBIX,2024-08-28,acceptance_time,updated_after_release,2024-08-28T07:00:59,0,yes,aact,0,yes,0,yes,1,market cap outside $300M-$10B,False,False,1593.0,2024-08-29,15393829160.05,27538955.469499998,0.023826703383387143,-0.18317744612692577,val,clean_long,1
0001711279-24-000045,0001711279,KRYS,2024-08-29,acceptance_time,updated_after_release,2024-08-28T16:31:56,1,yes,aact,1,unclear,1,yes,1,,False,False,1594.0,2024-08-30,5851428916.5,13649427.667250002,0.025812500850016754,-0.04561785662070361,val,clean_long,1
0001193125-24-211572,0001649094,PCVX,2024-09-03,acceptance_time,updated_after_release,2024-09-03T08:04:02,0,yes,aact,0,yes,1,yes,0,,False,False,1596.0,2024-09-04,9002436062.859999,8558720.833,0.023766414166148036,0.38974164838179604,val,clean_long,1
0001104659-24-096035,0001689548,PRAX,2024-09-03,acceptance_time,,2024-09-03T08:15:48,4,unclear,text,4,unclear,,,0,"no ticker printed in the release (missing, or today's SEC ticker)",,,,,,,,,val,no_trade,0
0001193125-24-211534,0001818794,DYN,2024-09-03,acceptance_time,updated_after_release,2024-09-03T07:16:35,2,yes,aact,1,yes,2,yes,1,,False,False,1596.0,2024-09-04,4622452739.92,9172714.2045,0.02385767182250338,-0.281751547521765,val,no_trade,0
0000950170-24-102788,0001620463,ATHA,2024-09-04,acceptance_time,updated_after_release,2024-09-03T16:01:11,2,no,aact,2,no,2,no,4,market cap outside $300M-$10B,False,False,1597.0,2024-09-05,108014643.75,103631.586,0.053196558507461765,-0.780571932839996,val,no_trade,0
0001104659-24-098059,0001868279,AVBP,2024-09-09,acceptance_time,updated_after_release,2024-09-09T12:15:45,0,yes,aact,1,unclear,0,yes,1,,False,False,1600.0,2024-09-10,940405004.0,1889328.9615000002,0.03663317493165083,-0.023541484683831104,val,clean_long,1
0000950170-24-104550,0001831363,TERN,2024-09-09,acceptance_time,,2024-09-09T07:16:14,0,yes,text,0,yes,,,2,,False,False,1600.0,2024-09-10,548900905.8,1738083.4715,0.04404240559262151,0.15205375341140703,val,clean_long,1
0001326732-24-000046,0001326732,XNCR,2024-09-09,acceptance_time,updated_after_release,2024-09-09T09:00:54,1,yes,aact,1,unclear,1,yes,2,,False,False,1600.0,2024-09-10,1001703186.0,1635610.0259999998,0.024402525370260948,0.21378214847313526,val,clean_long,1
0001599298-24-000128,0001599298,SMMT,2024-09-09,release_date_only,updated_after_release,2024-09-08T23:59,0,yes,"text, match rejected",0,yes,0,yes,3,,False,False,1600.0,2024-09-10,8882832827.26,4758467.6775,0.03618686021602097,0.5457459774462083,val,clean_long,1
0000950170-24-104557,0001812364,RLAY,2024-09-09,acceptance_time,updated_after_release,2024-09-09T08:00:16,1,yes,aact,1,unclear,1,yes,2,,False,False,1600.0,2024-09-10,834134488.1800001,1281683.48775,0.040362646275538004,0.5118718379485925,val,clean_long,1
0001140361-24-040650,0001635088,ROIV,2024-09-10,acceptance_time,updated_after_release,2024-09-10T07:15:22,1,yes,"text, match rejected",1,yes,1,yes,3,,False,False,1601.0,2024-09-11,9229232363.52,12454880.125500001,0.01667031811637128,-0.026780499463083807,val,clean_long,1
0000950170-24-104915,0001720580,ACET,2024-09-10,acceptance_time,updated_after_release,2024-09-10T07:01:18,2,unclear,aact,3,unclear,2,unclear,1,market cap outside $300M-$10B,False,False,1601.0,2024-09-11,121953420.8,122957.9365,0.041927879497285256,-0.035724539657123966,val,no_trade,0
0001193125-24-216320,0001847903,CNTA,2024-09-10,acceptance_time,,2024-09-10T07:08:39,0,yes,text,0,yes,,,3,illiquid (Nasdaq 20-day dollar volume < $1.2M),False,False,1601.0,2024-09-11,1694048710.25,1111491.603,0.050191312488214096,-0.020000956542236437,val,clean_long,1
0001140361-24-040755,0001743881,BBIO,2024-09-11,acceptance_time,updated_after_release,2024-09-10T18:23:18,1,no,aact,0,no,1,no,0,,False,False,1602.0,2024-09-12,5640982140.0,14949567.39325,0.03809583635889277,-0.07525772249974516,val,clean_short,-1
0001682852-24-000049,0001682852,MRNA,2024-09-12,acceptance_time,,2024-09-12T06:03:14,1,yes,text,1,yes,,,0,market cap outside $300M-$10B,False,False,1603.0,2024-09-13,30574860226.2,68713594.6585,0.031220937812910125,-0.12545485886618535,val,clean_long,1
0001193125-24-217822,0001680581,FULC,2024-09-12,acceptance_time,updated_after_release,2024-09-12T12:43:53,0,no,aact,0,no,0,no,1,,False,False,1603.0,2024-09-13,552870822.1999999,1629771.0890000002,0.04461459832537035,-0.6122272765659271,val,clean_short,-1
0001193125-24-217619,0001501796,AURA,2024-09-12,acceptance_time,updated_after_release,2024-09-12T06:50:35,1,yes,aact,1,yes,1,yes,1,illiquid (Nasdaq 20-day dollar volume < $1.2M),False,False,1603.0,2024-09-13,450423524.2,250690.92325,0.044945374278358374,0.0765760368458328,val,clean_long,1
0001104659-24-099121,0001566044,VYNE,2024-09-12,acceptance_time,,2024-09-12T08:01:12,0,yes,text,0,yes,,,1,market cap outside $300M-$10B,False,False,1603.0,2024-09-13,27286384.450000003,9396.024500000003,0.03480971367606831,-0.03405022818571857,val,clean_long,1
0000950170-24-105987,0001260990,ONCT,2024-09-13,acceptance_time,,2024-09-12T16:49:42,0,no,text,0,no,,,1,market cap outside $300M-$10B,False,False,1604.0,2024-09-16,4883414.25,15758.24325,0.14492396153056894,-0.10665345153534134,val,clean_short,-1
0001790340-24-000069,0001790340,IMRX,2024-09-13,acceptance_time,updated_after_release,2024-09-12T16:11:22,2,unclear,aact,2,unclear,2,unclear,0,market cap outside $300M-$10B,False,False,1604.0,2024-09-16,37091431.519999996,69424.23524999998,0.049569823179898415,0.3837894389075489,val,spun_short,-1
0000950170-24-106362,0001678660,PRLD,2024-09-16,acceptance_time,updated_after_release,2024-09-13T16:15:28,0,yes,aact,1,unclear,0,yes,2,market cap outside $300M-$10B,False,False,1605.0,2024-09-17,152968026.6,275646.5085,0.10766789093391597,-0.06893809196863021,val,clean_long,1
0001125345-24-000151,0001125345,MGNX,2024-09-16,release_date_only,,2024-09-15T23:59,1,yes,text,1,yes,,,1,market cap outside $300M-$10B,False,False,1605.0,2024-09-17,232385914.02,651098.701,0.0411005614241339,-0.07616631748538283,val,clean_long,1
0001279569-24-001116,0001633932,EPIX,2024-09-16,acceptance_time,updated_after_release,2024-09-13T17:33:33,1,yes,aact,1,unclear,2,unclear,1,illiquid (Nasdaq 20-day dollar volume < $1.2M),False,False,1605.0,2024-09-17,304814748.33,49413.90825,0.05787055757941762,0.016874480680673987,val,clean_long,1
0000950170-24-106614,0001671584,APVO,2024-09-16,acceptance_time,unchanged_since_release,2024-09-16T08:09:44,2,unclear,aact,2,unclear,2,unclear,2,market cap outside $300M-$10B,False,True,1605.0,2024-09-17,3334853.1059999997,8526.442304999999,0.03837472412770202,-0.07234418065700143,val,no_trade,0
0001140361-24-041100,0001671927,IMCR,2024-09-16,release_date_only,updated_after_release,2024-09-14T23:59,1,yes,aact,2,unclear,2,yes,0,,False,False,1605.0,2024-09-17,1677128888.68,3623500.11625,0.023361763302443016,-0.01639950846025051,val,clean_long,1
0001193125-24-219180,0001781174,ACRV,2024-09-16,release_date_only,updated_after_release,2024-09-14T23:59,2,unclear,aact,2,unclear,1,yes,2,market cap outside $300M-$10B,False,False,1605.0,2024-09-17,275032807.44,159866.31900000002,0.05944558173662969,-0.07379096642582128,val,no_trade,0
0001558370-24-012793,0001787297,PASG,2024-09-16,acceptance_time,updated_after_release,2024-09-16T07:00:19,1,yes,aact,0,yes,1,yes,0,market cap outside $300M-$10B,False,False,1605.0,2024-09-17,49969734.374000005,20252.081005,0.06086421106602386,-0.09762614276408776,val,clean_long,1
0001213900-24-079165,0001860657,ALLR,2024-09-17,release_date_only,updated_after_release,2024-09-16T23:59,3,unclear,aact,3,unclear,3,unclear,0,reverse split between shares filing and event,False,False,,,,,,,val,no_trade,0
0001193125-24-221375,0001650648,FDMT,2024-09-19,acceptance_time,updated_after_release,2024-09-18T16:06:01,1,yes,aact,2,unclear,1,yes,2,,False,False,1608.0,2024-09-20,836770314.8699999,1663223.3129999998,0.028137689549639647,-0.21307403031017158,val,clean_long,1
0000950170-24-108629,0001426800,ASMB,2024-09-23,acceptance_time,updated_after_release,2024-09-23T08:05:08,0,yes,aact,0,yes,0,yes,1,market cap outside $300M-$10B,False,False,1610.0,2024-09-24,122786605.35000001,123276.55549999999,0.0331513974068127,-0.1417479788336533,val,clean_long,1
0001193125-24-223230,0001676725,IDYA,2024-09-23,acceptance_time,updated_after_release,2024-09-23T06:12:30,2,unclear,aact,2,unclear,2,unclear,1,,False,False,1610.0,2024-09-24,2956852290.0,3958654.8745000004,0.020502789781180298,-0.01265901611678355,val,no_trade,0
0001104659-24-101874,0001701541,BDTX,2024-09-23,acceptance_time,updated_after_release,2024-09-23T07:09:18,1,unclear,aact,2,unclear,1,yes,2,market cap outside $300M-$10B,False,False,1610.0,2024-09-24,268963300.2,764733.82075,0.05122007005603222,-0.028894310234430565,val,no_trade,0
0001935979-24-000073,0001935979,BHVN,2024-09-23,acceptance_time,updated_after_release,2024-09-23T09:11:53,1,yes,text,1,yes,0,yes,1,,False,False,1610.0,2024-09-24,3815725331.08,3455843.4837500006,0.02376622824944321,0.16163462681115082,val,clean_long,1
0001193125-24-224116,0001631574,WVE,2024-09-24,acceptance_time,updated_after_release,2024-09-24T07:34:59,1,yes,aact,2,unclear,1,yes,2,illiquid (Nasdaq 20-day dollar volume < $1.2M),False,False,1611.0,2024-09-25,666100183.0799999,805802.6705,0.052856906329933194,0.5361707575149938,val,clean_long,1
0001437749-24-029936,0000946486,WINT,2024-09-25,acceptance_time,,2024-09-25T08:05:12,1,yes,text,1,yes,,,1,market cap outside $300M-$10B,False,False,1612.0,2024-09-26,1923704.25,419479.85075000004,0.15242848105221854,-0.09151314508276542,val,clean_long,1
0001213900-24-081982,0001841330,KTTA,2024-09-26,acceptance_time,updated_after_release,2024-09-26T08:45:07,1,yes,aact,1,unclear,1,yes,1,market cap outside $300M-$10B,False,False,1613.0,2024-09-27,3977948.61,19127.5735,0.1011651611864257,0.4996407721948013,val,clean_long,1
0000950170-24-109463,0001980845,ENGN,2024-09-26,acceptance_time,updated_after_release,2024-09-26T06:33:37,2,unclear,aact,2,unclear,1,unclear,1,market cap outside $300M-$10B,False,False,1613.0,2024-09-27,273694421.63,109155.973,0.03290563075533296,-0.1399989820443196,val,no_trade,0
0001193125-24-228441,0001661460,PSTX,2024-09-30,release_date_only,updated_after_release,2024-09-27T23:59,1,yes,aact,2,unclear,1,yes,0,market cap outside $300M-$10B,False,True,1615.0,2024-10-01,282619709.25,369483.7405,0.04627891556755962,-0.021449989541615477,val,clean_long,1
0001193125-24-229255,0001656634,GRTS,2024-10-01,acceptance_time,,2024-09-30T20:05:58,3,unclear,text,3,unclear,,,2,market cap outside $300M-$10B,False,False,1616.0,2024-10-02,68491452.01259999,55234.02788999999,0.06092021329243149,-0.6118212505175878,val,no_trade,0
0001140361-24-042537,0001472091,PDSB,2024-10-02,acceptance_time,updated_after_release,2024-10-02T08:05:27,3,unclear,aact,3,unclear,3,unclear,0,market cap outside $300M-$10B,False,False,1617.0,2024-10-03,134760504.6,155181.17225,0.04033111903998318,0.12182791236302548,val,spun_short,-1
0001493152-24-039016,0001610820,BCTX,2024-10-02,acceptance_time,,2024-10-01T16:02:31,4,unclear,text,4,unclear,,,1,market cap outside $300M-$10B,False,False,1617.0,2024-10-03,14719152.105,626515.670835,0.1543571343678571,0.2411131175356147,val,spun_short,-1
0001104659-24-106461,0001727196,SRRK,2024-10-07,acceptance_time,updated_after_release,2024-10-07T08:00:33,1,yes,aact,2,yes,2,yes,4,60-day window crosses the period end,False,False,1620.0,2024-10-08,594642388.89,2228253.5695,0.050834678671718675,3.620342088091535,val,clean_long,1
0001193125-24-233797,0001796129,,2024-10-08,acceptance_time,updated_after_release,2024-10-07T16:12:00,1,yes,aact,2,unclear,1,yes,1,"no ticker printed in the release (missing, or today's SEC ticker)",,,,,,,,,val,no_trade,0
0001193125-24-234111,0001597553,SAGE,2024-10-08,acceptance_time,,2024-10-08T06:37:30,0,no,text,0,no,,,1,illiquid (Nasdaq 20-day dollar volume < $1.2M),False,False,1621.0,2024-10-09,410258808.96,1035275.9594999999,0.0307031448728224,-0.05157914164627986,val,clean_short,-1
0001493152-24-040651,0001535955,LPCN,2024-10-10,acceptance_time,,2024-10-10T06:04:19,1,unclear,text,1,unclear,,,1,market cap outside $300M-$10B,False,False,1623.0,2024-10-11,27702329.2,39800.1415,0.04111486164055702,-0.02771155242342027,val,no_trade,0
0001193125-24-237227,0001808898,BNTC,2024-10-14,release_date_only,updated_after_release,2024-10-12T23:59,2,unclear,aact,2,unclear,2,unclear,1,market cap outside $300M-$10B,False,False,1625.0,2024-10-15,115479664.32,85698.405,0.05818535884310677,-0.06133595067968067,val,no_trade,0
0001558370-24-013273,0001735438,MGTX,2024-10-15,acceptance_time,updated_after_release,2024-10-15T07:09:08,2,yes,"text, match rejected",2,yes,2,yes,4,illiquid (Nasdaq 20-day dollar volume < $1.2M),False,False,1626.0,2024-10-16,301130979.52,188785.89325000002,0.03107482599311269,0.14648602031509994,val,spun_short,-1
0001213900-24-087394,0001788028,JSPR,2024-10-15,release_date_only,updated_after_release,2024-10-14T23:59,1,yes,aact,0,yes,1,yes,0,60-day window crosses the period end,False,False,1626.0,2024-10-16,1854380837.8200002,1206920.584,0.05592777214878821,0.09765878681993412,val,clean_long,1
0001193125-24-237869,0001631574,WVE,2024-10-16,acceptance_time,updated_after_release,2024-10-16T08:34:02,1,yes,aact,1,unclear,0,yes,1,60-day window crosses the period end,False,False,1627.0,2024-10-17,1066508720.1000001,4032448.6322500007,0.12972656694187223,0.7327182615415788,val,clean_long,1
0001104659-24-109439,0001526119,VSTM,2024-10-17,acceptance_time,updated_after_release,2024-10-17T11:50:50,0,yes,aact,2,unclear,0,yes,0,"no ticker printed in the release (missing, or today's SEC ticker)",,,,,,,,,val,no_trade,0
0001193125-24-238572,0001658551,AMLX,2024-10-17,acceptance_time,updated_after_release,2024-10-17T09:12:58,1,yes,aact,1,yes,2,yes,0,market cap outside $300M-$10B,False,False,1628.0,2024-10-18,278797706.46,842850.5445000001,0.0433078343896387,-0.028177157328448832,val,clean_long,1
0001356576-24-000058,0001356576,SUPN,2024-10-18,acceptance_time,updated_after_release,2024-10-17T16:16:40,2,yes,aact,2,unclear,1,yes,2,60-day window crosses the period end,False,False,1629.0,2024-10-21,1863664188.34,2258721.5825,0.016230012172106418,0.016448909367345443,val,spun_short,-1
0001437749-24-031684,0001645469,MNPR,2024-10-22,acceptance_time,updated_after_release,2024-10-22T08:00:17,1,yes,aact,1,unclear,1,yes,2,reverse split between shares filing and event,False,False,,,,,,,val,no_trade,0
0001193125-24-241092,0001999480,ANRO,2024-10-23,acceptance_time,updated_after_release,2024-10-22T16:35:00,0,no,aact,0,no,0,no,1,illiquid (Nasdaq 20-day dollar volume < $1.2M),False,False,1632.0,2024-10-24,391444287.96,463165.80724999995,0.04742891132296336,-0.6858093632505093,val,clean_short,-1
0001558370-24-013486,0001781983,APRE,2024-10-23,acceptance_time,updated_after_release,2024-10-23T09:00:25,1,unclear,aact,1,unclear,1,unclear,3,market cap outside $300M-$10B,False,False,1632.0,2024-10-24,22542397.450000003,35810.1235,0.08614714460956216,-0.0466693320513325,val,no_trade,0
0001558370-24-013565,0001267813,MRNS,2024-10-24,acceptance_time,updated_after_release,2024-10-24T08:05:19,0,no,aact,0,no,0,no,1,market cap outside $300M-$10B,False,False,1633.0,2024-10-25,92816604.03,169403.957,0.038584337455193025,-0.8310595531495536,val,clean_short,-1
0001628280-24-043505,0001398733,AQST,2024-10-24,acceptance_time,updated_after_release,2024-10-24T08:06:00,2,unclear,"text, match rejected",2,unclear,2,unclear,0,60-day window crosses the period end,False,False,1633.0,2024-10-25,489446210.0,1293827.0072500003,0.03314511042046309,0.012708302761011536,val,spun_short,-1
0000950170-24-116853,0001678660,PRLD,2024-10-24,acceptance_time,updated_after_release,2024-10-24T07:40:21,0,yes,aact,1,unclear,0,yes,1,market cap outside $300M-$10B,False,False,1633.0,2024-10-25,89965008.45,89278.25775,0.039969267617033365,-0.051767908034806576,val,clean_long,1
0000950170-24-116856,0001761918,ERAS,2024-10-24,acceptance_time,updated_after_release,2024-10-24T08:10:07,2,unclear,aact,2,unclear,2,unclear,0,illiquid (Nasdaq 20-day dollar volume < $1.2M),False,False,1633.0,2024-10-25,726036097.26,783503.76175,0.035006889191125025,0.0018857527655360418,val,spun_short,-1
0001558370-24-013563,0001787297,PASG,2024-10-24,acceptance_time,updated_after_release,2024-10-24T07:00:15,1,unclear,aact,1,unclear,1,unclear,1,market cap outside $300M-$10B,False,False,1633.0,2024-10-25,34589680.160000004,12814.665674999998,0.052941773909045885,0.13249650874107788,val,no_trade,0
0001193125-24-243475,0001863127,TYRA,2024-10-25,acceptance_time,updated_after_release,2024-10-25T08:01:32,0,unclear,aact,4,unclear,0,unclear,0,illiquid (Nasdaq 20-day dollar volume < $1.2M),False,False,1634.0,2024-10-28,1510783579.57,1144811.94825,0.03834384300388468,-0.23271350799004653,val,no_trade,0
0000950170-24-117318,0001816736,IRON,2024-10-25,acceptance_time,updated_after_release,2024-10-25T13:11:07,1,yes,aact,1,unclear,0,yes,0,60-day window crosses the period end,False,False,1634.0,2024-10-28,1367385098.0,2299901.3724999996,0.0344655291414714,0.0009886788403410396,val,clean_long,1
0001558370-24-013664,0001006281,PLX,2024-10-25,acceptance_time,,2024-10-25T08:27:50,0,unclear,text,0,unclear,,,0,market cap outside $300M-$10B,False,False,1634.0,2024-10-28,76116667.58999999,8041.13,0.026541435335495737,0.04908046627995466,val,no_trade,0
0000950170-24-117087,0001693011,INZY,2024-10-25,acceptance_time,updated_after_release,2024-10-24T16:34:14,0,yes,aact,1,yes,0,yes,2,illiquid (Nasdaq 20-day dollar volume < $1.2M),False,False,1634.0,2024-10-28,307712207.475,212269.439,0.03085997529201689,-0.024712912260133058,val,clean_long,1
0001193125-24-243413,0001676725,IDYA,2024-10-25,acceptance_time,updated_after_release,2024-10-25T06:04:53,0,yes,aact,1,unclear,0,yes,1,60-day window crosses the period end,False,False,1634.0,2024-10-28,2466859624.7999997,4277875.612749999,0.031354385497501136,0.0038534793168152337,val,clean_long,1
0001815776-24-000064,0001815776,LENZ,2024-10-28,release_date_only,updated_after_release,2024-10-27T23:59,1,yes,aact,0,yes,0,yes,2,illiquid (Nasdaq 20-day dollar volume < $1.2M),False,False,1635.0,2024-10-29,743784788.25,831594.0464999999,0.053929648302653656,0.03945325010251355,val,clean_long,1
0001193125-24-245704,0001831828,VERA,2024-10-28,release_date_only,updated_after_release,2024-10-26T23:59,1,yes,"text, match rejected",1,yes,1,yes,3,60-day window crosses the period end,False,False,1635.0,2024-10-29,2258351521.35,4972948.103,0.028013024998154345,0.13515689835983435,val,clean_long,1
0000950170-24-117578,0001841387,CADL,2024-10-28,acceptance_time,updated_after_release,2024-10-28T08:30:08,3,unclear,"text, match rejected",3,unclear,3,unclear,1,market cap outside $300M-$10B,False,False,1635.0,2024-10-29,179674751.2,295146.13399999996,0.026178815752209664,-0.030222614698120154,val,no_trade,0
0001818382-24-000192,0001818382,HUMA,2024-10-29,acceptance_time,updated_after_release,2024-10-28T16:07:53,0,yes,aact,0,yes,0,yes,1,60-day window crosses the period end,False,False,1636.0,2024-10-30,646883081.24,3310067.4064999996,0.051412042805122404,-0.020701129479328007,val,clean_long,1
0001104659-24-112054,0001253689,GLYC,2024-10-29,acceptance_time,,2024-10-29T08:09:13,0,no,text,0,no,,,1,market cap outside $300M-$10B,False,False,1636.0,2024-10-30,10994514.839000002,11863.172335,0.038221301465919934,1.8734943667278332,val,clean_short,-1
0000950170-24-117946,0001404281,ELDN,2024-10-29,acceptance_time,updated_after_release,2024-10-29T08:00:12,1,yes,aact,2,unclear,1,yes,1,market cap outside $300M-$10B,False,False,1636.0,2024-10-30,133639715.74000001,42603.726,0.028626866048384228,0.05300653638071329,val,clean_long,1
0001193125-24-246171,0001835022,COYA,2024-10-29,acceptance_time,,2024-10-29T08:00:55,2,yes,text,2,yes,,,3,market cap outside $300M-$10B,False,False,1636.0,2024-10-30,154191850.04000002,133510.51825000002,0.06167558756161041,-0.27483830559936173,val,no_trade,0
0000950170-24-118569,0001907108,LXEO,2024-10-30,acceptance_time,updated_after_release,2024-10-30T06:15:39,1,yes,aact,1,yes,1,yes,2,illiquid (Nasdaq 20-day dollar volume < $1.2M),False,False,1637.0,2024-10-31,329618209.88,495425.49000000005,0.06694299789183407,-0.16828554236456583,val,clean_long,1
0001193125-24-247004,0001534133,CALC,2024-10-30,acceptance_time,updated_after_release,2024-10-30T07:24:04,3,unclear,aact,3,unclear,3,unclear,1,market cap outside $300M-$10B,False,False,1637.0,2024-10-31,42248113.08,9128.40375,0.02955890339304638,0.2281875920514047,val,spun_short,-1
0001193125-24-246627,0001701108,SPRO,2024-10-30,acceptance_time,updated_after_release,2024-10-29T17:01:05,0,no,aact,0,no,0,no,1,market cap outside $300M-$10B,False,False,1637.0,2024-10-31,69723389.31,41111.61325,0.020197599078856196,0.0017244877257049929,val,clean_short,-1
0001493152-24-043187,0001858685,BFRI,2024-10-31,acceptance_time,updated_after_release,2024-10-31T15:25:57,0,yes,aact,0,yes,0,yes,0,market cap outside $300M-$10B,False,False,1638.0,2024-11-01,5266342.1,42151.87200499999,0.08715403531489949,0.3089630386300065,val,clean_long,1
0001279569-24-001310,0001633932,EPIX,2024-11-01,release_date_only,updated_after_release,2024-10-31T23:59,0,no,aact,0,no,0,no,0,market cap outside $300M-$10B,False,False,1639.0,2024-11-04,228500138.85000002,42254.23775,0.0410201888794086,-0.7436849168787523,val,clean_short,-1
0000950170-24-120268,0001488039,ATOS,2024-11-04,acceptance_time,updated_after_release,2024-11-04T06:35:08,1,yes,aact,1,yes,1,yes,1,market cap outside $300M-$10B,False,False,1640.0,2024-11-05,177317956.56,73798.353,0.02036283925704604,-0.0029416870816534324,val,clean_long,1
0001193125-24-250965,0001567514,ITCI,2024-11-05,acceptance_time,,2024-11-05T07:10:52,0,yes,text,0,yes,,,1,60-day window crosses the period end,False,False,1641.0,2024-11-06,9134433594.48,9553360.987,0.029355625935218628,0.021519902775098743,val,clean_long,1
0000950170-24-121099,0001745999,BEAM,2024-11-05,acceptance_time,updated_after_release,2024-11-05T09:00:08,1,unclear,aact,1,unclear,1,unclear,1,60-day window crosses the period end,False,False,1641.0,2024-11-06,2005996166.46,5022470.4455,0.04083616658654223,-0.031367027123147206,val,no_trade,0
0001193125-24-251014,0001786205,ACLX,2024-11-05,acceptance_time,updated_after_release,2024-11-05T09:17:00,0,yes,aact,1,unclear,0,yes,0,60-day window crosses the period end,False,False,1641.0,2024-11-06,4646640892.76,8932944.029000001,0.02999695055456937,-0.0062447523310134034,val,clean_long,1
0001683168-24-007713,0001533040,PHIO,2024-11-07,acceptance_time,updated_after_release,2024-11-07T10:21:15,1,yes,aact,2,unclear,1,yes,0,market cap outside $300M-$10B,False,True,1643.0,2024-11-08,2797343.25,50179.91025,0.08473212690708545,-0.005270863836017492,val,clean_long,1
0001493152-24-044218,0001878313,MAIA,2024-11-08,acceptance_time,updated_after_release,2024-11-08T12:51:36,2,unclear,aact,3,unclear,2,unclear,0,market cap outside $300M-$10B,False,False,1644.0,2024-11-11,79850088.08,10347.257999999998,0.04198722678043511,-0.13421191406874577,val,no_trade,0
0000950170-24-123722,0001445283,KANT,2024-11-08,acceptance_time,updated_after_release,2024-11-08T09:00:09,1,yes,aact,2,unclear,1,yes,2,no prices for the release's ticker,,,,,,,,,val,no_trade,0
0001601485-24-000067,0001601485,ELTX,2024-11-08,acceptance_time,updated_after_release,2024-11-07T16:27:28,2,unclear,aact,2,unclear,2,unclear,1,market cap outside $300M-$10B,False,False,1644.0,2024-11-11,49670786.14,19322.424000000006,0.03827591408378861,0.07531047282774295,val,spun_short,-1
0001493152-24-044224,0000715446,ANIX,2024-11-08,acceptance_time,updated_after_release,2024-11-08T13:31:46,1,yes,aact,1,yes,1,yes,1,market cap outside $300M-$10B,False,False,1644.0,2024-11-11,116489761.04,63650.43125000001,0.059299843275153565,-0.058418749017632554,val,clean_long,1
0000950170-24-124458,0001515673,RARE,2024-11-11,release_date_only,updated_after_release,2024-11-09T23:59,2,yes,aact,2,unclear,2,yes,1,60-day window crosses the period end,False,False,1645.0,2024-11-12,4649533893.8,7748787.642999999,0.015330336360196085,0.01358174453015315,val,spun_short,-1
0000950170-24-124545,0001395937,SNDX,2024-11-12,acceptance_time,updated_after_release,2024-11-12T07:05:36,0,yes,aact,0,yes,0,yes,2,60-day window crosses the period end,False,False,1646.0,2024-11-13,1853398677.24,3901148.5815000003,0.024497265142653123,-0.22602866610771744,val,clean_long,1
0001404644-24-000091,0001404644,NGNE,2024-11-12,release_date_only,updated_after_release,2024-11-11T23:59,3,unclear,"text, match rejected",3,unclear,3,unclear,2,60-day window crosses the period end,False,False,1646.0,2024-11-13,929433137.89,2172166.14925,0.10366614929733108,-0.4138192211504109,val,no_trade,0
0001213900-24-096268,0001506251,CTXR,2024-11-12,release_date_only,,2024-11-11T23:59,2,unclear,text,2,unclear,,,1,market cap outside $300M-$10B,False,True,1646.0,2024-11-13,81326433.15,40664.061349999996,0.05678674760560937,0.09101449275362317,val,spun_short,-1
0001628280-24-046860,0001636282,SYRE,2024-11-12,acceptance_time,,2024-11-12T07:35:35,0,yes,text,0,yes,,,2,60-day window crosses the period end,False,False,1646.0,2024-11-13,2025361443.6000001,2832150.741,0.02691416173669515,-0.06338650041831972,val,clean_long,1
0001213900-24-096269,0001851484,CTXR,2024-11-12,release_date_only,,2024-11-11T23:59,1,unclear,text,1,unclear,,,1,market cap outside $300M-$10B,False,True,1646.0,2024-11-13,1059862.05,40664.061349999996,0.05678674760560937,0.09101449275362317,val,no_trade,0
0001193125-24-256586,0001556263,SYRS,2024-11-13,release_date_only,updated_after_release,2024-11-12T23:59,0,no,aact,0,no,0,no,0,market cap outside $300M-$10B,False,False,1647.0,2024-11-14,72984283.04,182803.76024999996,0.10021995488903421,-0.8631984416329207,val,clean_short,-1
0001628280-24-047433,0001501697,XFOR,2024-11-13,acceptance_time,updated_after_release,2024-11-13T08:11:57,1,yes,aact,1,yes,1,yes,0,market cap outside $300M-$10B,False,False,1647.0,2024-11-14,99768562.2394,120094.59817000001,0.045919597056637146,-0.5389223294400279,val,clean_long,1
0001558370-24-015446,0001621227,ADAP,2024-11-13,acceptance_time,updated_after_release,2024-11-13T09:10:04,0,yes,aact,0,yes,0,yes,0,illiquid (Nasdaq 20-day dollar volume < $1.2M),False,False,1647.0,2024-11-14,1221593692.5870001,102564.04892,0.03656250189625904,-0.03198202908498493,val,clean_long,1
0001171843-24-006400,0001447028,ABUS,2024-11-15,acceptance_time,updated_after_release,2024-11-15T11:03:13,2,yes,aact,2,unclear,2,unclear,1,illiquid (Nasdaq 20-day dollar volume < $1.2M),False,False,1649.0,2024-11-18,687854816.55,674693.21725,0.019870967950661407,0.054740380503426334,val,spun_short,-1
0001213900-24-099633,0001513525,ADIL,2024-11-15,release_date_only,,2024-11-14T23:59,0,yes,text,0,yes,,,2,market cap outside $300M-$10B,False,False,1649.0,2024-11-18,7302590.339999999,23635.37429,0.0547272897440177,-0.022575843941984863,val,clean_long,1
0001104659-24-119760,0001682639,EYEN,2024-11-18,acceptance_time,,2024-11-15T16:57:18,0,no,text,0,no,,,0,market cap outside $300M-$10B,False,True,1650.0,2024-11-19,8799755.9998,79676.612215,0.16376994354824034,0.06112443645754917,val,clean_short,-1
0001104659-24-120165,0001377121,PTGX,2024-11-19,acceptance_time,,2024-11-18T16:36:22,0,yes,text,0,yes,,,1,"no ticker printed in the release (missing, or today's SEC ticker)",,,,,,,,,val,no_trade,0
0001140361-24-047166,0001281895,RCKT,2024-11-19,acceptance_time,unchanged_since_release,2024-11-18T16:15:31,0,yes,aact,0,yes,0,yes,1,60-day window crosses the period end,False,False,1651.0,2024-11-20,1243382639.4,2817067.6517499997,0.0250471338607788,-0.04845436882555754,val,clean_long,1
0001193125-24-262103,0001597553,SAGE,2024-11-20,acceptance_time,,2024-11-20T06:40:29,0,no,text,0,no,,,1,60-day window crosses the period end,False,False,1652.0,2024-11-21,301584186.59,1376225.1765000003,0.06699133320297707,-0.012747782256309348,val,clean_short,-1
0000950170-24-129018,0001671584,APVO,2024-11-20,acceptance_time,,2024-11-20T08:45:07,3,unclear,text,3,unclear,,,2,market cap outside $300M-$10B,False,True,1652.0,2024-11-21,4624318.5832,71295.07315000001,0.11828094755256664,0.15223775586993193,val,spun_short,-1
0001193125-24-262125,0001936258,NAMS,2024-11-20,acceptance_time,updated_after_release,2024-11-20T07:07:03,0,yes,aact,0,yes,0,yes,1,60-day window crosses the period end,False,False,1652.0,2024-11-21,2193702530.64,1570913.5082499997,0.0441044964334962,-0.16640840131692525,val,clean_long,1
0001193125-24-262940,0001232524,JAZZ,2024-11-21,release_date_only,updated_after_release,2024-11-20T23:59,0,yes,"text, match rejected",0,yes,0,yes,0,60-day window crosses the period end,False,False,1653.0,2024-11-22,7214046463.36,17444509.914500006,0.025176241672477506,0.046303193397116305,val,clean_long,1
0001193125-24-263398,0001937653,ZYME,2024-11-22,acceptance_time,,2024-11-21T16:07:02,0,yes,text,0,yes,,,0,60-day window crosses the period end,False,False,1654.0,2024-11-25,942244555.68,1936603.28475,0.04420500538737485,0.02233289900259039,val,clean_long,1
0001171843-24-006545,0001069530,SAVA,2024-11-25,acceptance_time,updated_after_release,2024-11-25T07:35:10,0,no,aact,0,no,0,no,3,no shares outstanding,False,False,,,,,,,val,no_trade,0
0001193125-24-264714,0001740279,INAB,2024-11-25,acceptance_time,,2024-11-25T07:09:29,0,unclear,text,0,unclear,,,0,market cap outside $300M-$10B,False,False,1655.0,2024-11-26,23020681.1528,20583.56431,0.06562341194472127,-0.046664327377899495,val,no_trade,0
0000950170-24-130564,0001653087,ALEC,2024-11-26,acceptance_time,updated_after_release,2024-11-25T16:10:07,0,no,aact,0,no,0,no,0,illiquid (Nasdaq 20-day dollar volume < $1.2M),False,False,1656.0,2024-11-27,387813115.8,831536.7904999999,0.06194773795306519,-0.36162785164219,val,clean_short,-1
0000950170-24-130755,0001579428,AXSM,2024-11-26,acceptance_time,updated_after_release,2024-11-26T07:05:36,1,yes,aact,0,yes,1,yes,1,60-day window crosses the period end,False,False,1656.0,2024-11-27,4726050907.5199995,12278133.622250002,0.027634791558110248,-0.017827874843853952,val,clean_long,1
0001104659-24-123554,0001649989,OTLK,2024-11-27,acceptance_time,updated_after_release,2024-11-27T12:26:46,1,no,aact,0,no,1,no,1,market cap outside $300M-$10B,False,False,1657.0,2024-11-29,115439503.67999999,385102.33124999993,0.03456520729961973,-0.6646072542642862,val,clean_short,-1
0001193125-24-268404,0001628171,RVMD,2024-12-02,acceptance_time,updated_after_release,2024-12-02T07:30:32,0,unclear,aact,1,unclear,0,yes,0,60-day window crosses the period end,False,False,1659.0,2024-12-03,9729809575.44,15084968.217999998,0.022083655117304837,-0.10121444114441314,val,no_trade,0
0001140361-24-048114,0001854270,SNTI,2024-12-02,acceptance_time,updated_after_release,2024-12-02T08:26:07,0,unclear,aact,0,unclear,0,unclear,0,reverse split between shares filing and event,False,False,,,,,,,val,no_trade,0
0001104659-24-124279,0001974640,APGE,2024-12-02,acceptance_time,,2024-12-02T06:17:35,2,unclear,text,2,unclear,,,1,60-day window crosses the period end,False,False,1659.0,2024-12-03,2568434176.3,5114121.911250001,0.038781985706978626,0.02503256295103662,val,spun_short,-1
0000950170-24-132302,0001817713,JANX,2024-12-03,acceptance_time,updated_after_release,2024-12-02T17:10:46,1,yes,aact,2,unclear,1,yes,1,60-day window crosses the period end,False,False,1660.0,2024-12-04,2108727563.6,7827867.529249999,0.035935984589046545,0.5040151076097954,val,clean_long,1
0001140361-24-048238,0001635088,ROIV,2024-12-03,acceptance_time,updated_after_release,2024-12-03T07:20:26,0,no,aact,0,no,0,no,0,"no ticker printed in the release (missing, or today's SEC ticker)",,,,,,,,,val,no_trade,0
0000950170-24-132452,0001831363,TERN,2024-12-03,acceptance_time,updated_after_release,2024-12-03T07:10:04,1,unclear,aact,1,unclear,1,yes,3,60-day window crosses the period end,False,False,1660.0,2024-12-04,522798652.52500004,1717721.0965000005,0.038976420078064414,0.04870413695337894,val,no_trade,0
0000950170-24-132883,0001563880,TRVI,2024-12-04,acceptance_time,,2024-12-03T17:20:34,2,no,text,2,no,,,1,"no ticker printed in the release (missing, or today's SEC ticker)",,,,,,,,,val,no_trade,0
0001140361-24-048293,0001854270,SNTI,2024-12-04,acceptance_time,updated_after_release,2024-12-03T16:02:26,0,unclear,aact,0,unclear,1,unclear,0,repeat: same company and same trial within 30 days,,,,,,,,,val,no_trade,0
0001213900-24-105245,0001553643,RLMD,2024-12-04,acceptance_time,,2024-12-04T07:30:15,0,no,text,0,no,,,0,market cap outside $300M-$10B,False,False,1661.0,2024-12-05,83884281.55999999,92674.27949999999,0.050854720916624185,-0.780236918233298,val,clean_short,-1
0001193125-24-271116,0001991792,CGON,2024-12-05,acceptance_time,updated_after_release,2024-12-05T07:52:59,0,yes,aact,0,yes,0,yes,1,60-day window crosses the period end,False,False,1662.0,2024-12-06,2424523848.75,3634766.3055,0.0328833302735925,-0.048816510018838466,val,clean_long,1
0000950170-24-133525,0001826457,GLUE,2024-12-05,acceptance_time,updated_after_release,2024-12-05T07:03:23,1,unclear,aact,0,unclear,1,unclear,1,60-day window crosses the period end,False,False,1662.0,2024-12-06,565857437.2800001,1835788.4702500005,0.059295102148059615,-0.027517532899786756,val,no_trade,0
0001213900-24-105782,0001359931,TARA,2024-12-05,acceptance_time,updated_after_release,2024-12-05T08:45:39,2,unclear,aact,2,unclear,2,unclear,2,"no ticker printed in the release (missing, or today's SEC ticker)",,,,,,,,,val,no_trade,0
0001171843-24-006814,0000882361,APTO,2024-12-09,acceptance_time,updated_after_release,2024-12-09T12:05:43,1,yes,aact,2,unclear,1,yes,2,market cap outside $300M-$10B,False,True,1664.0,2024-12-10,3787109.5020000003,16072.090994999995,0.07688920753292793,0.039805962573741915,val,clean_long,1
0001493152-24-049207,0001106838,SONN,2024-12-09,acceptance_time,updated_after_release,2024-12-09T08:50:14,1,yes,aact,1,yes,2,yes,0,market cap outside $300M-$10B,False,False,1664.0,2024-12-10,11029310.6,70514.5385,0.0953322679543488,-0.05951809889289894,val,clean_long,1
0001193125-24-272936,0001177648,ENTA,2024-12-09,acceptance_time,updated_after_release,2024-12-09T08:29:32,1,yes,text,1,yes,3,no,2,market cap outside $300M-$10B,False,False,1664.0,2024-12-10,169554608.0,519473.0779999999,0.026139757716128458,0.12762812752219532,val,clean_long,1
0001628280-24-050349,0001662579,CCCC,2024-12-09,release_date_only,updated_after_release,2024-12-08T23:59,1,unclear,aact,2,unclear,1,yes,0,illiquid (Nasdaq 20-day dollar volume < $1.2M),False,False,1664.0,2024-12-10,311650253.985,1094689.50325,0.05548506210735562,-0.04208449988437302,val,no_trade,0
0001193125-24-272814,0001786205,ACLX,2024-12-09,release_date_only,,2024-12-08T23:59,0,yes,text,0,yes,,,1,60-day window crosses the period end,False,False,1664.0,2024-12-10,4567146628.2,9379251.950499998,0.03980526212798568,-0.009710553510245856,val,clean_long,1
0001193125-24-272891,0001817229,VOR,2024-12-09,acceptance_time,,2024-12-09T07:39:09,2,unclear,text,2,unclear,,,0,market cap outside $300M-$10B,False,False,1664.0,2024-12-10,56065136.8368,45753.656235,0.04966265809573898,0.2827634778406667,val,spun_short,-1
0001628280-24-050545,0001001233,SGMOQ,2024-12-09,release_date_only,updated_after_release,2024-12-07T23:59,0,yes,aact,0,yes,0,yes,0,"no ticker printed in the release (missing, or today's SEC ticker)",,,,,,,,,val,no_trade,0
0001193125-24-273688,0001806952,LYEL,2024-12-10,acceptance_time,,2024-12-09T21:03:01,1,yes,text,1,yes,,,1,market cap outside $300M-$10B,False,False,1665.0,2024-12-11,251298552.6,183271.09572,0.03594339058402385,0.025235794426348157,val,clean_long,1
0000950170-24-134759,0001750284,OLMA,2024-12-10,acceptance_time,updated_after_release,2024-12-10T07:15:12,1,yes,aact,2,unclear,1,yes,1,60-day window crosses the period end,False,False,1665.0,2024-12-11,542037613.7,1408193.2715,0.06188465393799142,0.029488554586085014,val,clean_long,1
0001664710-24-000099,0001664710,KROS,2024-12-10,acceptance_time,updated_after_release,2024-12-09T19:31:33,1,yes,aact,2,unclear,1,yes,3,60-day window crosses the period end,False,False,1665.0,2024-12-11,2720882662.53,5698003.358,0.047448772497856444,-0.003116545407903293,val,clean_long,1
0001655759-24-000140,0001655759,ARVN,2024-12-10,acceptance_time,updated_after_release,2024-12-10T09:07:13,1,unclear,aact,1,unclear,1,unclear,2,60-day window crosses the period end,False,False,1665.0,2024-12-11,1726073021.76,3354808.364,0.05306053094804545,-0.014742266437063112,val,no_trade,0
0000950170-24-134757,0001637715,OKUR,2024-12-10,acceptance_time,updated_after_release,2024-12-10T07:05:15,0,yes,aact,0,unclear,1,yes,2,illiquid (Nasdaq 20-day dollar volume < $1.2M),False,False,1665.0,2024-12-11,501432120.0,240244.374,0.031141005566144377,-0.06765309446254086,val,clean_long,1
0001193125-24-273959,0001936258,NAMS,2024-12-10,acceptance_time,updated_after_release,2024-12-10T07:24:10,2,yes,aact,2,yes,2,yes,1,60-day window crosses the period end,False,False,1665.0,2024-12-11,1716529501.7599998,2090571.4459999998,0.043674137048976415,0.42007995182378877,val,spun_short,-1
0000950170-24-134749,0001213037,CRDF,2024-12-10,acceptance_time,updated_after_release,2024-12-10T06:02:28,4,unclear,aact,4,unclear,4,unclear,0,"no ticker printed in the release (missing, or today's SEC ticker)",,,,,,,,,val,no_trade,0
0001437749-24-037053,0001053691,CRVO,2024-12-10,acceptance_time,updated_after_release,2024-12-10T07:10:21,0,unclear,aact,0,unclear,0,unclear,0,market cap outside $300M-$10B,False,False,1665.0,2024-12-11,84353233.02000001,394411.08200000005,0.08869031232625718,-0.7807920377110731,val,no_trade,0
0001104659-24-126758,0001034842,RIGL,2024-12-10,acceptance_time,updated_after_release,2024-12-09T16:15:15,1,yes,aact,1,unclear,0,yes,0,60-day window crosses the period end,False,False,1665.0,2024-12-11,409197379.2,1889049.7349999999,0.05653503149579551,-0.10659067517713405,val,clean_long,1
0000950170-24-134765,0001382101,STRO,2024-12-10,acceptance_time,updated_after_release,2024-12-10T08:00:08,2,unclear,aact,2,unclear,2,unclear,0,market cap outside $300M-$10B,False,False,1665.0,2024-12-11,232121310.875,681927.24075,0.052556403191596754,-0.14795860067923705,val,no_trade,0
0001193125-24-274856,0001661998,QTTB,2024-12-11,release_date_only,updated_after_release,2024-12-10T23:59,3,no,aact,3,no,3,no,4,market cap outside $300M-$10B,False,False,1666.0,2024-12-12,298548981.51,993729.6155,0.061804857094247545,-0.750886833800423,val,no_trade,0
0001193125-24-274870,0001841387,CADL,2024-12-11,acceptance_time,updated_after_release,2024-12-11T07:45:07,0,yes,aact,0,yes,0,yes,2,market cap outside $300M-$10B,False,False,1666.0,2024-12-12,149874603.255,621035.64125,0.07266042595209579,0.6820668813347529,val,clean_long,1
0000950170-24-135212,0001678660,PRLD,2024-12-11,acceptance_time,updated_after_release,2024-12-11T07:45:09,1,yes,aact,1,unclear,1,yes,0,market cap outside $300M-$10B,False,False,1666.0,2024-12-12,53119946.084,45336.38905,0.04713789820442297,-0.021181458844997447,val,clean_long,1
0001962918-24-000137,0001962918,SLRN,2024-12-11,acceptance_time,updated_after_release,2024-12-10T16:34:53,0,no,"text, match rejected",0,no,0,no,0,illiquid (Nasdaq 20-day dollar volume < $1.2M),False,False,1666.0,2024-12-12,406820182.29499996,536587.8007499999,0.04526555445255017,-0.15290272001611982,val,clean_short,-1
0001140361-24-048907,0001010086,SIGA,2024-12-11,acceptance_time,updated_after_release,2024-12-10T16:05:17,0,no,aact,0,no,0,no,2,"no ticker printed in the release (missing, or today's SEC ticker)",,,,,,,,,val,no_trade,0
0000950170-24-134969,0001683553,SPRB,2024-12-11,acceptance_time,updated_after_release,2024-12-10T16:08:57,0,no,aact,0,no,0,no,1,market cap outside $300M-$10B,False,False,1666.0,2024-12-12,22179495.663000003,18056.035320000003,0.035471837606750455,-0.19749373692285166,val,clean_short,-1
0001711279-24-000062,0001711279,KRYS,2024-12-12,acceptance_time,,2024-12-12T08:30:31,0,unclear,text,0,unclear,,,0,60-day window crosses the period end,False,False,1667.0,2024-12-13,5381961347.24,8622752.473000001,0.025304462723398705,-0.04322502642750281,val,no_trade,0
0001193125-24-277086,0001808158,RPTX,2024-12-13,acceptance_time,updated_after_release,2024-12-12T16:28:58,1,yes,aact,1,unclear,1,yes,1,market cap outside $300M-$10B,False,False,1668.0,2024-12-16,168767510.76000002,180853.37649999998,0.06583890559060514,-0.5466073819591969,val,clean_long,1
0000950170-24-136384,0001374690,LRMR,2024-12-16,acceptance_time,,2024-12-16T07:02:46,2,unclear,text,2,unclear,,,2,illiquid (Nasdaq 20-day dollar volume < $1.2M),False,False,1669.0,2024-12-17,393367861.62,994781.2525000001,0.04815381410886889,-0.22959104636764494,val,no_trade,0
0001193125-24-279038,0001528115,ANNX,2024-12-16,acceptance_time,,2024-12-16T07:46:31,2,yes,text,2,yes,,,1,market cap outside $300M-$10B,False,False,1669.0,2024-12-17,171607864.25,1419731.9940000002,0.03504297149566347,0.12353415297259596,val,spun_short,-1
0001437749-24-037520,0001742927,RVPH,2024-12-16,acceptance_time,updated_after_release,2024-12-16T08:10:18,1,yes,aact,1,yes,1,yes,3,market cap outside $300M-$10B,False,False,1669.0,2024-12-17,87448735.385,1015456.8527500002,0.09882920644554141,-0.1446872146773065,val,clean_long,1
0001437749-24-037689,0001710340,ETON,2024-12-17,acceptance_time,updated_after_release,2024-12-17T07:05:13,0,yes,aact,0,yes,1,yes,0,illiquid (Nasdaq 20-day dollar volume < $1.2M),False,False,1670.0,2024-12-18,329928325.08,796278.9619999999,0.037756340936833846,-0.010630030468192886,val,clean_long,1
0001193125-24-280112,0001858848,TNYA,2024-12-17,acceptance_time,updated_after_release,2024-12-17T07:58:31,1,yes,aact,2,unclear,1,yes,2,market cap outside $300M-$10B,False,False,1670.0,2024-12-18,227758983.5,2659096.914,0.09413265424907578,-0.5128832734629837,val,clean_long,1
0001104659-24-129001,0001710072,EWTX,2024-12-17,acceptance_time,updated_after_release,2024-12-16T17:25:51,1,yes,aact,2,yes,2,yes,2,60-day window crosses the period end,False,False,1670.0,2024-12-18,3090633194.88,5068842.804500001,0.05058616315505379,-0.07377468437517465,val,clean_long,1
0001558370-24-016343,0001626971,CRVS,2024-12-18,acceptance_time,updated_after_release,2024-12-18T07:30:14,2,unclear,"text, match rejected",2,unclear,2,unclear,2,60-day window crosses the period end,False,False,1671.0,2024-12-19,476788802.42,1383643.6432500002,0.0472179827091002,-0.3155409828030692,val,no_trade,0
0001558370-24-016344,0001638287,MTVA,2024-12-18,acceptance_time,unchanged_since_release,2024-12-18T08:30:20,3,no,aact,3,no,3,no,2,market cap outside $300M-$10B,False,False,1671.0,2024-12-19,19386022.5,12588.489615384615,0.037740134807746406,-0.12808965006871753,val,no_trade,0
0001711279-24-000065,0001711279,KRYS,2024-12-18,acceptance_time,updated_after_release,2024-12-18T08:39:33,2,yes,aact,2,unclear,1,yes,1,60-day window crosses the period end,False,False,1671.0,2024-12-19,4868297959.96,9610853.685,0.030200161554610826,-0.02557624282322557,val,no_trade,0
0001193125-24-283008,0001840439,BMEA,2024-12-18,release_date_only,,2024-12-17T23:59,2,yes,text,2,yes,,,2,market cap outside $300M-$10B,False,False,1671.0,2024-12-19,167966314.245,990597.16025,0.06035557889494092,-0.11428166732869605,val,no_trade,0
0001683168-24-008794,0001652935,ACTU,2024-12-18,acceptance_time,updated_after_release,2024-12-17T16:57:31,0,yes,aact,0,yes,0,yes,2,market cap outside $300M-$10B,False,False,1671.0,2024-12-19,149612331.76,105324.80649999999,0.05734008587832647,-0.01950247281313311,val,clean_long,1
0001104659-24-129981,0000921114,ARMP,2024-12-19,acceptance_time,updated_after_release,2024-12-19T07:38:42,3,no,aact,3,no,3,no,3,"no trade on previous day, reaction day or entry day",,,,,,,,,val,no_trade,0
0001104659-24-130002,0001094038,MRKR,2024-12-19,acceptance_time,updated_after_release,2024-12-19T08:21:17,1,unclear,aact,2,unclear,1,unclear,1,market cap outside $300M-$10B,False,False,1672.0,2024-12-20,36497074.1,66233.838,0.08946500204297744,-0.08301711328243888,val,no_trade,0
0001104659-24-130812,0001829635,RNAZ,2024-12-19,release_date_only,updated_after_release,2024-12-18T23:59,0,unclear,aact,0,unclear,0,unclear,1,reverse split between shares filing and event,False,False,,,,,,,val,no_trade,0
0001140361-24-050005,0001133416,GALT,2024-12-20,acceptance_time,updated_after_release,2024-12-20T07:50:19,3,no,aact,2,no,3,no,3,market cap outside $300M-$10B,False,False,1673.0,2024-12-23,125837459.125,292364.2285000001,0.05464112472292621,-0.5051532358810005,val,no_trade,0
0001104659-24-131064,0001566044,VYNE,2024-12-23,acceptance_time,,2024-12-23T07:42:43,0,yes,text,0,yes,,,3,market cap outside $300M-$10B,False,False,1674.0,2024-12-24,37616154.15,33506.72275,0.043656690188699006,0.000719068863845207,val,clean_long,1
0000950170-24-139962,0001426800,ASMB,2024-12-26,acceptance_time,updated_after_release,2024-12-26T08:25:41,0,yes,aact,0,unclear,0,yes,2,market cap outside $300M-$10B,False,False,1676.0,2024-12-27,95026475.69999999,204644.64149999997,0.053798302658404545,0.027401026339612056,val,clean_long,1
0000950170-24-140949,0001579428,AXSM,2024-12-30,acceptance_time,updated_after_release,2024-12-30T07:56:30,1,yes,aact,1,unclear,1,yes,2,60-day window crosses the period end,False,False,1678.0,2024-12-31,4201687999.2000003,9118366.501749998,0.021554920188008912,-0.006108986975976283,val,clean_long,1
0001193125-25-000084,0001885522,NMRA,2025-01-02,acceptance_time,updated_after_release,2025-01-02T07:10:30,1,no,aact,1,no,1,no,3,,False,False,1680.0,2025-01-03,1715778499.6799998,2261071.434,0.03469659325662595,-0.8312377815018094,oos,clean_short,-1
0001104659-25-001350,0001671502,QNRX,2025-01-07,acceptance_time,updated_after_release,2025-01-06T16:34:50,3,unclear,aact,3,unclear,3,unclear,0,illiquid (Nasdaq 20-day dollar volume < $1.2M),False,False,1683.0,2025-01-08,2175826508.2314,54157.39477499999,0.0984015923232375,0.013792052952621203,oos,spun_short,-1
0001962918-25-000003,0001962918,SLRN,2025-01-07,acceptance_time,updated_after_release,2025-01-06T16:01:46,2,unclear,aact,2,unclear,3,unclear,1,illiquid (Nasdaq 20-day dollar volume < $1.2M),False,False,1683.0,2025-01-08,350637863.65500003,710208.711,0.06721180464599681,-0.37515264007389104,oos,no_trade,0
0001714899-25-000007,0001714899,DNLI,2025-01-07,acceptance_time,updated_after_release,2025-01-06T18:13:37,0,no,aact,0,no,0,no,1,,False,False,1683.0,2025-01-08,2852526587.68,3847460.9660000005,0.03233044728631289,0.06214209696576045,oos,clean_short,-1
0000950170-25-002555,0001776111,MBX,2025-01-07,acceptance_time,unchanged_since_release,2025-01-07T07:21:00,1,yes,aact,1,yes,1,yes,2,,False,False,1683.0,2025-01-08,545038087.5799999,1296338.6259999997,0.06514710979345319,-0.11232819699193708,oos,clean_long,1
0001790340-25-000012,0001790340,IMRX,2025-01-07,acceptance_time,updated_after_release,2025-01-07T08:26:10,1,unclear,aact,2,unclear,1,unclear,1,market cap outside $300M-$10B,False,False,1683.0,2025-01-08,61991972.96,185530.46174999996,0.06836448562251643,-0.0242209444657,oos,no_trade,0
0001437749-25-000678,0001659617,MBRX,2025-01-08,acceptance_time,updated_after_release,2025-01-08T08:30:51,3,unclear,text,3,unclear,3,unclear,0,market cap outside $300M-$10B,False,True,1684.0,2025-01-10,5238306.775,21397.900249999995,0.07287590056162829,0.020678930079543023,oos,spun_short,-1
0001193125-25-003214,0001706431,VIR,2025-01-08,acceptance_time,updated_after_release,2025-01-08T07:50:01,2,unclear,aact,2,unclear,2,unclear,1,,False,False,1684.0,2025-01-10,1087988948.0,1523979.9527500002,0.031162136669771905,0.5860991179581111,oos,spun_short,-1
0001213900-25-001810,0001788028,JSPR,2025-01-08,acceptance_time,updated_after_release,2025-01-08T07:05:29,1,yes,aact,1,yes,1,yes,1,,False,False,1684.0,2025-01-10,1977113624.9199998,1213266.126,0.05427309189395127,-0.5991781915255588,oos,clean_long,1
0001193125-25-004045,0002012593,RAPP,2025-01-10,release_date_only,updated_after_release,2025-01-09T23:59,0,unclear,"text, match rejected",0,unclear,0,unclear,1,illiquid (Nasdaq 20-day dollar volume < $1.2M),False,False,1685.0,2025-01-13,608632244.48,536796.67775,0.035779537621415856,-0.07276036500745964,oos,no_trade,0
0000950170-25-003781,0001832038,IVVD,2025-01-10,acceptance_time,,2025-01-10T07:08:18,0,unclear,text,0,unclear,,,0,market cap outside $300M-$10B,False,False,1685.0,2025-01-13,55753033.9135,75804.385715,0.08158076759316364,0.0009549620517715907,oos,no_trade,0
0001104659-25-002278,0001787297,PASG,2025-01-10,acceptance_time,updated_after_release,2025-01-10T07:00:25,2,unclear,aact,2,unclear,2,unclear,0,market cap outside $300M-$10B,False,False,1685.0,2025-01-13,39741071.8124,45535.90081499999,0.10532696048830897,0.07254884717063281,oos,spun_short,-1
0001193125-25-004455,0001496323,IGMS,2025-01-10,release_date_only,,2025-01-09T23:59,0,no,text,0,no,,,0,market cap outside $300M-$10B,False,False,1685.0,2025-01-13,160872974.91,419810.5710000001,0.052063348895352024,-0.6306297676458841,oos,clean_short,-1
0000950170-25-003832,0001650648,FDMT,2025-01-10,acceptance_time,updated_after_release,2025-01-10T08:36:20,2,unclear,aact,2,unclear,1,yes,0,"no ticker printed in the release (missing, or today's SEC ticker)",,,,,,,,,oos,no_trade,0
0001104659-25-002312,0001442836,MRSN,2025-01-10,acceptance_time,updated_after_release,2025-01-10T08:32:35,2,unclear,aact,2,unclear,1,unclear,1,market cap outside $300M-$10B,False,False,1685.0,2025-01-13,160592781.70000002,566479.47775,0.06570123185301119,-0.43133248039207506,oos,no_trade,0
0000950170-25-003801,0001658247,CRNX,2025-01-10,acceptance_time,updated_after_release,2025-01-10T07:34:34,1,yes,aact,0,yes,0,yes,1,,False,False,1685.0,2025-01-13,4494992780.69,7021541.9925,0.03237151173516324,-0.13198774693283766,oos,clean_long,1
0001683168-25-000274,0001533040,PHIO,2025-01-13,acceptance_time,updated_after_release,2025-01-13T10:55:47,1,yes,aact,2,unclear,1,yes,0,reverse split between shares filing and event,False,False,,,,,,,oos,no_trade,0
0001411685-25-000007,0001411685,VTGN,2025-01-15,acceptance_time,,2025-01-14T17:16:28,3,unclear,text,3,unclear,,,1,market cap outside $300M-$10B,False,False,1688.0,2025-01-16,78797008.78,191089.94275,0.048912316180699175,0.024775120317175547,oos,spun_short,-1
0002007919-25-000007,0002007919,INBX,2025-01-22,acceptance_time,,2025-01-21T17:03:34,2,unclear,text,2,unclear,,,0,market cap outside $300M-$10B,False,False,1692.0,2025-01-23,205413077.76,381305.46575,0.03633853266737254,-0.049589183611073784,oos,no_trade,0
0001213900-25-005700,0001873875,IXHL,2025-01-23,acceptance_time,unchanged_since_release,2025-01-23T07:30:25,0,yes,aact,0,yes,0,yes,0,market cap outside $300M-$10B,False,False,1693.0,2025-01-24,33344952.479999997,7185.776749999999,0.04937773591244169,-0.09336597366850563,oos,clean_long,1
0001193125-25-010817,0001827087,VIGL,2025-01-23,acceptance_time,updated_after_release,2025-01-23T07:15:17,0,yes,aact,1,unclear,0,yes,1,market cap outside $300M-$10B,False,False,1693.0,2025-01-24,82985354.55,86829.03874999999,0.04948281441867376,0.13834356838586426,oos,clean_long,1
0001104659-25-005455,0001130598,TRAW,2025-01-23,acceptance_time,,2025-01-23T07:00:19,0,yes,text,0,yes,,,0,market cap outside $300M-$10B,False,False,1693.0,2025-01-24,17396935.5,2157345.1945,0.3168086605332083,0.09722983953600317,oos,clean_long,1
0000320017-25-000004,0000320017,LSTA,2025-01-23,release_date_only,unchanged_since_release,2025-01-22T23:59,3,no,aact,2,no,3,no,4,market cap outside $300M-$10B,False,False,1693.0,2025-01-24,23085983.25,55656.280000000006,0.09261609135132953,-0.13929189959443156,oos,no_trade,0
0001104659-25-005648,0001390478,SLS,2025-01-24,acceptance_time,updated_after_release,2025-01-23T16:42:03,3,unclear,aact,3,unclear,3,unclear,0,market cap outside $300M-$10B,False,False,1694.0,2025-01-27,69607777.231,335881.93317,0.0524502738470324,0.03715186874959964,oos,spun_short,-1
0000950170-25-008992,0001564824,ALLK,2025-01-27,acceptance_time,updated_after_release,2025-01-27T07:05:07,0,yes,aact,0,no,0,yes,2,market cap outside $300M-$10B,False,False,1695.0,2025-01-28,107212360.8,106624.378465,0.09526234386737087,-0.8016969983775013,oos,clean_long,1
0001193125-25-012750,0001744659,AKRO,2025-01-27,acceptance_time,updated_after_release,2025-01-27T08:31:17,2,no,aact,2,no,2,no,1,,False,False,1695.0,2025-01-28,1827341694.6399999,4902191.57025,0.03700906383218014,0.9732248885590915,oos,spun_short,-1
0001104659-25-006544,0001509745,LPTX,2025-01-28,acceptance_time,updated_after_release,2025-01-28T08:00:32,2,unclear,aact,2,unclear,2,unclear,4,market cap outside $300M-$10B,False,False,1696.0,2025-01-29,86215268.25,381369.00299999997,0.06549235051005936,-0.7213852003790469,oos,no_trade,0
0000950170-25-009474,0001833214,SABS,2025-01-28,acceptance_time,,2025-01-28T07:11:34,1,yes,text,1,yes,,,1,market cap outside $300M-$10B,False,False,1696.0,2025-01-29,39685878.199999996,31998.727000000003,0.05132565785996944,-0.524434295986282,oos,clean_long,1
0001725160-25-000013,0001725160,ZNTL,2025-01-29,acceptance_time,updated_after_release,2025-01-29T09:18:14,1,yes,aact,2,unclear,2,unclear,1,market cap outside $300M-$10B,False,False,1697.0,2025-01-30,171036960.0,1106432.4725,0.059215407466406224,-0.1978341562019248,oos,clean_long,1
0000950170-25-010199,0001789972,CGEM,2025-01-29,release_date_only,updated_after_release,2025-01-28T23:59,0,yes,aact,0,yes,0,yes,0,"no ticker printed in the release (missing, or today's SEC ticker)",,,,,,,,,oos,no_trade,0
0001193125-25-015648,0001750149,IKT,2025-01-30,acceptance_time,,2025-01-29T16:05:22,2,yes,text,2,yes,,,1,market cap outside $300M-$10B,False,False,1698.0,2025-01-31,188811121.70000002,94108.91125,0.0340717765440898,-0.329252799733077,oos,no_trade,0
0001193125-25-016224,0001681087,TECX,2025-01-30,acceptance_time,,2025-01-30T06:35:25,0,unclear,text,0,unclear,,,0,"no ticker printed in the release (missing, or today's SEC ticker)",,,,,,,,,oos,no_trade,0
0001193125-25-021348,0001746466,EQ,2025-02-06,acceptance_time,,2025-02-06T08:01:27,2,unclear,text,2,unclear,,,0,market cap outside $300M-$10B,False,False,1703.0,2025-02-07,24953886.380900003,13843.827815,0.04117925281989575,0.35505880018458635,oos,spun_short,-1
0001999371-25-001243,0001430306,TNXP,2025-02-06,acceptance_time,,2025-02-06T08:06:04,0,yes,text,0,yes,,,1,reverse split between shares filing and event,False,False,,,,,,,oos,no_trade,0
0001140361-25-003645,0001444192,GRCE,2025-02-10,acceptance_time,unchanged_since_release,2025-02-10T08:11:31,2,yes,aact,2,yes,2,yes,1,market cap outside $300M-$10B,False,False,1705.0,2025-02-11,33258744.08,62663.925,0.04860622102853732,0.08336139574413515,oos,spun_short,-1
0000950170-25-016708,0001650648,FDMT,2025-02-10,release_date_only,updated_after_release,2025-02-08T23:59,1,yes,aact,2,unclear,1,yes,1,market cap outside $300M-$10B,False,False,1705.0,2025-02-11,297175418.19,1132363.1905,0.061409397832992325,-0.09868705790623045,oos,clean_long,1
0001213900-25-011733,0001711754,INMB,2025-02-11,acceptance_time,,2025-02-10T16:00:32,3,unclear,text,3,unclear,,,2,market cap outside $300M-$10B,False,False,1706.0,2025-02-12,203099651.16,1239201.03025,0.08460265320552651,-0.08735811969406693,oos,no_trade,0
0001753926-25-000211,0001347242,LIPO,2025-02-11,acceptance_time,updated_after_release,2025-02-11T09:28:38,1,yes,aact,1,yes,1,yes,4,market cap outside $300M-$10B,False,False,1706.0,2025-02-12,3699292.14,1327246.9855,0.2005166652778233,0.4292029443239712,oos,clean_long,1
0001193125-25-024005,0001740279,INAB,2025-02-11,acceptance_time,,2025-02-11T08:11:58,2,unclear,text,2,unclear,,,1,market cap outside $300M-$10B,False,False,1706.0,2025-02-12,19577726.6353,14245.836105,0.05669991393321918,0.09969414462983706,oos,spun_short,-1
0001370053-25-000010,0001370053,ANAB,2025-02-12,acceptance_time,unchanged_since_release,2025-02-12T08:30:37,2,yes,aact,1,yes,2,yes,2,,False,False,1707.0,2025-02-13,376402796.34,2228820.0395,0.04816611281395226,0.294326032852843,oos,spun_short,-1
0001628280-25-005018,0001398733,AQST,2025-02-12,acceptance_time,updated_after_release,2025-02-12T07:22:34,1,yes,aact,2,unclear,1,yes,0,market cap outside $300M-$10B,False,False,1707.0,2025-02-13,271255124.175,721664.2555,0.03392644017788714,0.12905222729181487,oos,clean_long,1
0000950170-25-020424,0001595097,CRBP,2025-02-14,acceptance_time,,2025-02-14T08:05:18,1,unclear,text,1,unclear,,,1,market cap outside $300M-$10B,False,False,1709.0,2025-02-18,115461489.36,719191.747,0.0659389177307345,-0.10998418476727723,oos,no_trade,0
0001356576-25-000008,0001356576,SUPN,2025-02-19,acceptance_time,,2025-02-18T16:35:35,0,no,text,0,no,,,0,,False,False,1711.0,2025-02-20,2194966101.75,3597532.4524999997,0.021160012529798065,-0.17045172675294418,oos,clean_short,-1
0001193805-25-000212,0001280776,IMUX,2025-02-20,acceptance_time,,2025-02-20T07:30:56,3,unclear,text,3,unclear,,,2,market cap outside $300M-$10B,False,False,1712.0,2025-02-21,94132571.72,103873.03496000002,0.0350976175166967,0.12724149805127616,oos,spun_short,-1
0000950170-25-024134,0001426800,ASMB,2025-02-21,acceptance_time,updated_after_release,2025-02-20T16:05:09,0,yes,aact,0,unclear,0,yes,1,market cap outside $300M-$10B,False,False,1713.0,2025-02-24,79707826.44,106293.49949999999,0.03437351403249565,0.0018302089052736337,oos,clean_long,1
0000950170-25-026100,0001841387,CADL,2025-02-25,acceptance_time,unchanged_since_release,2025-02-25T08:15:09,2,yes,aact,2,yes,2,yes,1,,False,False,1715.0,2025-02-26,355607130.15,2014963.06925,0.059796001917670386,-0.21712169180286,oos,no_trade,0
0001104659-25-017178,0001455365,CGTX,2025-02-26,acceptance_time,updated_after_release,2025-02-26T07:09:28,3,unclear,aact,2,unclear,3,unclear,1,market cap outside $300M-$10B,False,False,1716.0,2025-02-27,21467849.016500004,41897.174575000005,0.0434019672058363,-0.06121232275871591,oos,no_trade,0
0001140361-25-005994,0001472091,PDSB,2025-02-26,acceptance_time,,2025-02-26T08:05:28,3,unclear,text,3,unclear,,,0,market cap outside $300M-$10B,False,False,1716.0,2025-02-27,47322558.305,55578.941249999996,0.05882020145028235,0.22178765199747108,oos,spun_short,-1
0001104659-25-018234,0001671502,QNRX,2025-02-28,acceptance_time,,2025-02-27T16:16:27,4,yes,text,4,yes,,,0,illiquid (Nasdaq 20-day dollar volume < $1.2M),False,True,1718.0,2025-03-03,1205996962.2405,157313.92210499998,0.06823597788994583,-0.15389329210775549,oos,no_trade,0
0001689548-25-000037,0001689548,PRAX,2025-02-28,acceptance_time,updated_after_release,2025-02-28T08:03:42,0,no,aact,0,no,0,no,0,,False,False,1718.0,2025-03-03,1214251171.5500002,6917172.8025,0.050520750592370614,-0.426073144529203,oos,clean_short,-1
0001104659-25-019516,0001377121,PTGX,2025-03-03,acceptance_time,updated_after_release,2025-03-03T08:18:56,0,yes,aact,0,yes,0,yes,0,,False,False,1719.0,2025-03-04,2308049266.4,5108374.459999999,0.02772971542747674,0.05968708879509299,oos,clean_long,1
0001999371-25-002252,0001430306,TNXP,2025-03-04,acceptance_time,,2025-03-04T07:05:40,0,yes,text,0,yes,,,0,reverse split between shares filing and event,False,False,,,,,,,oos,no_trade,0
0001493152-25-008988,0001862150,CING,2025-03-04,acceptance_time,,2025-03-04T09:05:29,1,unclear,"text, match rejected",1,unclear,,,1,market cap outside $300M-$10B,False,False,1720.0,2025-03-05,12591953.36,43674.3805,0.027011399460294367,-0.021029084373763385,oos,no_trade,0
0001104659-25-021986,0001377121,PTGX,2025-03-10,release_date_only,updated_after_release,2025-03-08T23:59,0,yes,aact,0,yes,0,yes,2,"no ticker printed in the release (missing, or today's SEC ticker)",,,,,,,,,oos,no_trade,0
0001193125-25-050372,0001661998,QTTB,2025-03-10,release_date_only,updated_after_release,2025-03-08T23:59,2,yes,aact,2,yes,2,yes,1,market cap outside $300M-$10B,False,False,1724.0,2025-03-11,27041156.220000003,121537.52474999998,0.04196632797337251,-0.06454908516764202,oos,no_trade,0
0001628280-25-011459,0001933414,MLYS,2025-03-10,acceptance_time,updated_after_release,2025-03-10T07:05:22,0,yes,aact,0,yes,0,yes,2,illiquid (Nasdaq 20-day dollar volume < $1.2M),False,False,1724.0,2025-03-11,523772544.87,869993.4185,0.05435627133970846,0.43257934678476717,oos,clean_long,1
0001193125-25-050334,0001745999,BEAM,2025-03-10,acceptance_time,updated_after_release,2025-03-10T06:06:45,1,yes,aact,1,unclear,0,yes,0,,False,False,1724.0,2025-03-11,2382605758.65,11557995.529,0.050074296906982965,-0.08561915418291632,oos,clean_long,1
0001655759-25-000057,0001655759,ARVN,2025-03-11,acceptance_time,updated_after_release,2025-03-11T06:48:49,0,yes,aact,1,no,0,yes,1,,False,False,1725.0,2025-03-12,1208321703.19,5572952.863,0.039669024031986154,-0.5270136019070716,oos,clean_long,1
0000950170-25-036503,0001563880,TRVI,2025-03-11,acceptance_time,,2025-03-10T17:03:50,0,yes,text,0,yes,,,1,"no ticker printed in the release (missing, or today's SEC ticker)",,,,,,,,,oos,no_trade,0
0001437749-25-006832,0001053691,CRVO,2025-03-11,acceptance_time,updated_after_release,2025-03-10T16:13:02,4,unclear,aact,0,unclear,4,unclear,0,market cap outside $300M-$10B,False,False,1725.0,2025-03-12,18818529.479999997,33169.126000000004,0.031144488215969265,0.036247139588100774,oos,spun_short,-1
0001140361-25-007867,0001671927,IMCR,2025-03-11,acceptance_time,,2025-03-10T16:17:36,2,unclear,text,2,unclear,,,1,,False,False,1725.0,2025-03-12,1451474972.74,1317860.9185,0.02691677706174037,-0.019192425174098027,oos,no_trade,0
0001437749-25-007615,0001710340,ETON,2025-03-14,acceptance_time,,2025-03-14T07:15:13,0,yes,text,0,yes,,,0,"no ticker printed in the release (missing, or today's SEC ticker)",,,,,,,,,oos,no_trade,0
0001599901-25-000065,0001599901,RNA,2025-03-17,acceptance_time,,2025-03-17T07:02:13,4,unclear,text,4,unclear,,,0,,False,False,1729.0,2025-03-18,3738602561.1000004,9721992.646,0.03670694696833518,0.07496871319878462,oos,spun_short,-1
0001437749-25-008139,0001860657,ALLR,2025-03-18,release_date_only,updated_after_release,2025-03-17T23:59,0,unclear,"text, match rejected",0,unclear,0,unclear,0,market cap outside $300M-$10B,False,False,1730.0,2025-03-19,4078900.04,151934.89481000003,0.08496739472013491,-0.051194667388842485,oos,no_trade,0
0001764013-25-000037,0001764013,IMVT,2025-03-19,acceptance_time,updated_after_release,2025-03-19T07:51:41,1,yes,aact,1,yes,0,yes,0,,False,False,1731.0,2025-03-20,3189983626.7400002,4573425.3462499995,0.037958310778267015,-0.00958089421020003,oos,clean_long,1
0001213900-25-024826,0001782107,ONCO,2025-03-19,acceptance_time,,2025-03-19T08:30:37,1,unclear,text,1,unclear,,,0,market cap outside $300M-$10B,False,True,1731.0,2025-03-20,1028547.016,22923.145490000003,0.08450614627487261,-0.022696253721004145,oos,no_trade,0
0001140361-25-009362,0001635088,IMVT,2025-03-19,acceptance_time,,2025-03-19T07:51:07,0,yes,text,0,yes,,,0,market cap outside $300M-$10B,False,False,1731.0,2025-03-20,13400458821.240002,4573425.3462499995,0.037958310778267015,-0.00958089421020003,oos,clean_long,1
0001104659-25-025878,0001783032,ELEV,2025-03-20,acceptance_time,updated_after_release,2025-03-20T08:08:12,0,no,aact,0,no,0,no,0,market cap outside $300M-$10B,False,False,1732.0,2025-03-21,28299228.4305,41555.24102,0.045836678984693666,-0.4024842482155727,oos,clean_short,-1
0001104659-25-026392,0001130598,TRAW,2025-03-21,acceptance_time,,2025-03-21T07:01:01,2,unclear,text,2,unclear,,,0,market cap outside $300M-$10B,False,False,1733.0,2025-03-24,8713595.52,46743.25824999999,0.08021321076236569,-0.016074211984759113,oos,no_trade,0
0000950170-25-043483,0001463361,UBX,2025-03-24,acceptance_time,updated_after_release,2025-03-24T07:00:11,2,no,aact,2,no,2,no,3,market cap outside $300M-$10B,False,False,1734.0,2025-03-25,31205146.950000003,31727.59475,0.05652003026524657,-0.31670028237192416,oos,no_trade,0
0001171843-25-001678,0001069530,SAVA,2025-03-25,acceptance_time,updated_after_release,2025-03-25T08:15:10,0,no,aact,0,no,0,no,2,no shares outstanding,False,False,,,,,,,oos,no_trade,0
0001104659-25-027545,0001130598,TRAW,2025-03-25,acceptance_time,,2025-03-25T07:30:22,1,unclear,text,1,unclear,,,0,market cap outside $300M-$10B,False,False,1735.0,2025-03-26,8501806.74,47098.92224999999,0.0776045757795489,-0.03790582681596255,oos,no_trade,0
0000950170-25-044096,0001579428,AXSM,2025-03-25,acceptance_time,updated_after_release,2025-03-25T07:06:40,0,yes,aact,0,yes,0,yes,3,,False,False,1735.0,2025-03-26,6299027105.509999,15275943.826500002,0.014859245548832058,-0.049171016528435474,oos,clean_long,1
0001193125-25-061872,0001971543,MURA,2025-03-25,acceptance_time,updated_after_release,2025-03-25T06:38:54,0,no,aact,0,no,0,no,1,market cap outside $300M-$10B,False,False,1735.0,2025-03-26,66415061.805,83652.90949999998,0.034530503544477356,-0.5970493341157211,oos,clean_short,-1
0001193125-25-063184,0001631574,WVE,2025-03-26,acceptance_time,updated_after_release,2025-03-26T07:38:33,2,yes,aact,2,yes,2,yes,3,,False,False,1736.0,2025-03-27,1448908038.24,2679901.4274999998,0.052798487264962224,0.08709548736110839,oos,spun_short,-1
0001654954-25-003372,0001853816,DRMA,2025-03-27,acceptance_time,,2025-03-27T08:00:59,0,yes,text,0,yes,,,1,market cap outside $300M-$10B,False,False,1737.0,2025-03-28,7331374.800000001,24546.15725,0.03412824594999557,0.03186360964138735,oos,clean_long,1
0001193125-25-064685,0001505512,,2025-03-27,acceptance_time,,2025-03-27T07:15:19,3,unclear,text,3,unclear,,,0,"no ticker printed in the release (missing, or today's SEC ticker)",,,,,,,,,oos,no_trade,0
0001641172-25-001045,0001878313,MAIA,2025-03-28,acceptance_time,updated_after_release,2025-03-28T07:01:04,0,unclear,aact,0,unclear,0,unclear,0,market cap outside $300M-$10B,False,False,1738.0,2025-03-31,48819068.099999994,3818.5362499999997,0.0426237081737594,-0.005314816193281446,oos,no_trade,0
0001213900-25-025820,0001739174,PHGE,2025-03-31,acceptance_time,,2025-03-31T09:07:10,3,no,text,3,no,,,2,market cap outside $300M-$10B,False,False,1739.0,2025-04-01,13731329.15,569.00908,0.06348857354316369,0.012977517801549099,oos,spun_short,-1
0001104659-25-029654,0000894158,TOVX,2025-03-31,acceptance_time,updated_after_release,2025-03-31T08:31:30,0,unclear,aact,0,unclear,0,unclear,0,market cap outside $300M-$10B,False,False,1739.0,2025-04-01,3144167.3699999996,769.0835000000002,0.06065221474472186,0.03934115416518558,oos,no_trade,0
0001654954-25-003600,0000911216,PTN,2025-03-31,release_date_only,unchanged_since_release,2025-03-28T23:59,3,unclear,aact,3,unclear,3,unclear,0,market cap outside $300M-$10B,False,False,1739.0,2025-04-01,17340698.1128,9610.51903,0.04149456301712974,-0.08663365087380659,oos,no_trade,0
0000950170-25-046978,0000921299,FGEN,2025-03-31,acceptance_time,unchanged_since_release,2025-03-28T17:44:39,0,yes,aact,2,unclear,0,yes,1,market cap outside $300M-$10B,False,True,1739.0,2025-04-01,31637465.706,77670.324395,0.08014355902491473,0.015736688455456616,oos,clean_long,1
0001437749-25-009978,0000925741,BCDA,2025-03-31,acceptance_time,updated_after_release,2025-03-31T08:00:11,3,no,aact,3,no,3,no,1,market cap outside $300M-$10B,False,False,1739.0,2025-04-01,13244414.15,14711.844500000001,0.061825694012153404,-0.06313234406803003,oos,no_trade,0
0001193125-25-067871,0001088856,CORT,2025-03-31,acceptance_time,updated_after_release,2025-03-31T08:05:57,0,yes,aact,0,yes,0,yes,0,,False,False,1739.0,2025-04-01,5759432352.88,12354539.659,0.023380940497600203,1.1327648581402723,oos,clean_long,1
0001193125-25-067901,0001649094,PCVX,2025-03-31,acceptance_time,updated_after_release,2025-03-31T08:36:21,1,yes,aact,1,yes,1,yes,0,,False,False,1739.0,2025-04-01,8938631799.24,16364568.0825,0.028021926409262016,-0.41672338055103453,oos,clean_long,1
0001664710-25-000029,0001664710,KROS,2025-03-31,acceptance_time,,2025-03-31T06:01:11,0,yes,text,0,yes,,,1,,False,False,1739.0,2025-04-01,438475728.07,1798772.09925,0.0254921152797744,-0.022638494308449886,oos,clean_long,1
0000875320-25-000156,0000875320,VRTX,2025-03-31,acceptance_time,updated_after_release,2025-03-28T16:08:01,0,no,aact,0,no,0,no,0,market cap outside $300M-$10B,False,False,1739.0,2025-04-01,126469010482.5,138688624.78350002,0.013688419302312661,0.02374724553574392,oos,clean_short,-1
0001171843-25-001900,0001738021,CMPX,2025-04-01,acceptance_time,updated_after_release,2025-04-01T07:00:17,0,yes,aact,0,yes,0,yes,0,market cap outside $300M-$10B,False,False,1740.0,2025-04-02,262736746.2,435622.46900000004,0.04468270896129499,0.22035213233527884,oos,clean_long,1
0001628280-25-015759,0001398733,AQST,2025-04-01,acceptance_time,,2025-04-01T08:26:39,1,unclear,text,1,unclear,,,0,market cap outside $300M-$10B,False,False,1740.0,2025-04-02,286232613.255,789451.07675,0.05119725439728004,0.02059756456871209,oos,no_trade,0
0001104659-25-030839,0001710072,EWTX,2025-04-02,acceptance_time,updated_after_release,2025-04-02T06:06:33,1,yes,aact,1,unclear,1,yes,4,,False,False,1741.0,2025-04-03,1917434399.6200001,9149246.544,0.04485370502998723,-0.2615006955407362,oos,clean_long,1
0001104659-25-031240,0001671502,QNRX,2025-04-03,acceptance_time,,2025-04-02T16:59:29,4,unclear,text,4,unclear,,,0,illiquid (Nasdaq 20-day dollar volume < $1.2M),False,True,1742.0,2025-04-04,967145825.3517,109902.47832499999,0.09538668007918044,-0.10205701298669434,oos,no_trade,0
0001655759-25-000066,0001655759,ARVN,2025-04-04,acceptance_time,,2025-04-04T07:01:53,0,unclear,text,0,unclear,,,1,,False,False,1743.0,2025-04-07,474525882.3,6506544.766,0.12267611969854568,0.007958952661953234,oos,no_trade,0
0001558370-25-004507,0001649904,RYTM,2025-04-07,acceptance_time,,2025-04-07T07:01:12,0,yes,text,0,yes,,,1,,False,False,1744.0,2025-04-08,2962663847.22,6066342.001500001,0.03496178226531659,0.18296364683228583,oos,clean_long,1
0001739410-25-000052,0001739410,RLYB,2025-04-08,acceptance_time,updated_after_release,2025-04-08T08:25:00,0,no,aact,0,no,0,no,0,market cap outside $300M-$10B,False,False,1745.0,2025-04-09,17685116.575,6957.051194999998,0.09019630192259144,-0.4279738203859236,oos,clean_short,-1
0001193125-25-079607,0001840574,VERV,2025-04-14,acceptance_time,updated_after_release,2025-04-14T07:15:21,1,yes,aact,1,yes,1,yes,1,market cap outside $300M-$10B,False,False,1749.0,2025-04-15,289474203.68,1669806.4297500001,0.06957262520365225,0.23058814786679793,oos,clean_long,1
0001558370-25-004796,0001638287,MTVA,2025-04-15,acceptance_time,updated_after_release,2025-04-15T07:01:18,2,yes,aact,2,unclear,2,yes,3,market cap outside $300M-$10B,False,False,1750.0,2025-04-16,15924958.96,5133.011,0.0690696266643598,-0.5595756552413628,oos,no_trade,0
0001599298-25-000064,0001599298,SMMT,2025-04-23,acceptance_time,,2025-04-23T08:54:14,0,yes,text,0,yes,,,1,market cap outside $300M-$10B,False,False,1755.0,2025-04-24,20175539904.4,20722440.0115,0.07280456468109664,0.19646916362092082,oos,clean_long,1
0001854270-25-000046,0001854270,SNTI,2025-04-28,acceptance_time,updated_after_release,2025-04-28T07:12:26,1,yes,aact,3,unclear,1,yes,0,market cap outside $300M-$10B,False,False,1758.0,2025-04-29,129501742.68,14495.5245,0.06111654366482954,-0.28065082760950355,oos,clean_long,1
0001213900-25-035941,0001553643,RLMD,2025-04-28,acceptance_time,updated_after_release,2025-04-28T13:18:07,2,unclear,aact,2,unclear,2,unclear,2,market cap outside $300M-$10B,False,False,1758.0,2025-04-29,21408596.19,98603.47598999999,0.19717299960602203,-0.4631949576179092,oos,no_trade,0
0001213900-25-035785,0001359931,TARA,2025-04-28,release_date_only,updated_after_release,2025-04-26T23:59,1,yes,aact,2,unclear,1,yes,1,market cap outside $300M-$10B,False,False,1758.0,2025-04-29,158467774.14999998,308893.28374999994,0.0512955736397465,-0.20151758931991814,oos,clean_long,1
0001193805-25-000582,0001280776,IMUX,2025-04-30,acceptance_time,unchanged_since_release,2025-04-30T07:37:26,2,unclear,aact,3,no,3,no,4,market cap outside $300M-$10B,False,False,1760.0,2025-05-01,114491603.63,90558.67048500001,0.05342937049628268,-0.24179060237856498,oos,no_trade,0
0001193125-25-105825,0001585608,JAGX,2025-04-30,acceptance_time,,2025-04-30T08:15:22,3,unclear,text,3,unclear,,,1,illiquid (Nasdaq 20-day dollar volume < $1.2M),False,False,1760.0,2025-05-01,2051061487.0200002,218686.90425,0.09724959750222699,0.0191373079484336,oos,spun_short,-1
0001193125-25-110019,0001880438,ANTX,2025-05-02,acceptance_time,updated_after_release,2025-05-01T16:27:52,1,no,aact,0,no,0,no,0,market cap outside $300M-$10B,False,False,1762.0,2025-05-05,37322412.8,11396.05275,0.032175278138490436,-0.020068881352749868,oos,clean_short,-1
0001104659-25-045309,0000894158,TOVX,2025-05-07,acceptance_time,unchanged_since_release,2025-05-07T07:10:40,3,no,aact,3,no,3,no,1,market cap outside $300M-$10B,False,False,1765.0,2025-05-08,3784130.64,441.78569000000005,0.08746541674856825,-0.41862512578904054,oos,no_trade,0
0001437749-25-014880,0001645469,MNPR,2025-05-07,acceptance_time,unchanged_since_release,2025-05-07T06:00:58,2,unclear,"text, match rejected",2,unclear,3,unclear,1,market cap outside $300M-$10B,False,False,1765.0,2025-05-08,239888712.285,132797.52625000002,0.059032099517222644,-0.008079205739277784,oos,no_trade,0
0001104659-25-045886,0001455365,CGTX,2025-05-08,acceptance_time,unchanged_since_release,2025-05-08T07:35:46,3,unclear,aact,3,unclear,3,unclear,1,market cap outside $300M-$10B,False,False,1766.0,2025-05-09,21703765.404600002,13655.48928,0.06761185719364954,-0.06856446330948618,oos,no_trade,0
0001558370-25-007074,0001735438,MGTX,2025-05-09,acceptance_time,updated_after_release,2025-05-09T08:13:51,3,unclear,aact,3,yes,3,unclear,1,illiquid (Nasdaq 20-day dollar volume < $1.2M),False,False,1767.0,2025-05-12,430547950.56,833557.5487500001,0.052412044884404055,0.015846176381936306,oos,spun_short,-1
0000950170-25-069815,0001808865,ITOS,2025-05-13,acceptance_time,updated_after_release,2025-05-13T07:56:19,0,yes,aact,0,yes,0,no,2,market cap outside $300M-$10B,False,False,1769.0,2025-05-14,264854661.4,962872.413,0.05179730741281828,0.16181153888101207,oos,clean_long,1
0001753926-25-000842,0001347242,LIPO,2025-05-15,acceptance_time,,2025-05-15T09:10:57,0,yes,text,0,yes,,,1,market cap outside $300M-$10B,False,False,1771.0,2025-05-16,10766421.950000001,16235.620749999998,0.03675629636199762,-0.08704020483883945,oos,clean_long,1
0001736730-25-000041,0001736730,CAMP,2025-05-16,acceptance_time,updated_after_release,2025-05-16T06:28:22,0,yes,aact,0,unclear,0,yes,3,market cap outside $300M-$10B,False,False,1772.0,2025-05-19,42338253.300000004,65623.32999999999,0.08351458909971193,0.07005864958712182,oos,clean_long,1
0001193125-25-122156,0001894562,PRME,2025-05-19,acceptance_time,updated_after_release,2025-05-19T09:09:57,1,yes,aact,1,unclear,1,yes,1,market cap outside $300M-$10B,False,False,1773.0,2025-05-20,210071126.4,384846.61925,0.09815837831118303,-0.1743569665907364,oos,clean_long,1
0001140361-25-019620,0000874015,IONS,2025-05-19,acceptance_time,updated_after_release,2025-05-19T07:18:21,0,yes,aact,0,yes,0,yes,2,,False,False,1773.0,2025-05-20,5344562544.42,9193985.9795,0.023373624693065826,0.004966663546249972,oos,clean_long,1
0001104659-25-050219,0000921114,ARMP,2025-05-19,acceptance_time,updated_after_release,2025-05-19T07:06:04,1,yes,aact,0,yes,1,yes,1,market cap outside $300M-$10B,False,False,1773.0,2025-05-20,51213772.785000004,964.4812500000002,0.05825193233006467,0.6979818143279914,oos,clean_long,1
0001827506-25-000063,0001827506,TRML,2025-05-20,acceptance_time,updated_after_release,2025-05-20T09:02:35,0,yes,aact,0,yes,0,yes,1,,False,False,1774.0,2025-05-21,427713175.34999996,1204894.5555,0.04450652031526238,-0.048780093605084285,oos,clean_long,1
0001140361-25-020157,0001124105,GYRE,2025-05-23,acceptance_time,unchanged_since_release,2025-05-22T16:01:49,0,yes,aact,0,yes,0,yes,1,illiquid (Nasdaq 20-day dollar volume < $1.2M),False,False,1777.0,2025-05-27,1051022718.4200001,309484.27650000004,0.057484155652232374,-0.22865134089872508,oos,clean_long,1
0001104659-25-052220,0001526119,VSTM,2025-05-23,release_date_only,updated_after_release,2025-05-22T23:59,1,yes,aact,2,unclear,1,yes,0,,False,False,1777.0,2025-05-27,411294537.45,3226220.69575,0.047873008023432105,0.11573085197348976,oos,clean_long,1
0001193125-25-125881,0001559053,PRTA,2025-05-27,acceptance_time,updated_after_release,2025-05-23T16:33:24,0,no,aact,0,no,0,no,1,,False,False,1778.0,2025-05-28,353105001.91999996,2998457.2767499993,0.04245358715027599,-0.30848358992793545,oos,clean_short,-1
0000950170-25-076911,0001782303,BOLD,2025-05-27,acceptance_time,updated_after_release,2025-05-23T16:06:08,0,no,aact,0,no,0,no,0,market cap outside $300M-$10B,False,False,1778.0,2025-05-28,34473840.94,18133.483249999997,0.05377949449110602,-0.16269645023835677,oos,clean_short,-1
0001140361-25-020409,0001281895,RCKT,2025-05-27,acceptance_time,updated_after_release,2025-05-27T07:40:06,0,unclear,aact,0,unclear,0,unclear,0,,False,False,1778.0,2025-05-28,674978062.535,4390012.92075,0.06525915422700383,-0.6316981189606958,oos,no_trade,0
0001193125-25-128680,0001701108,SPRO,2025-05-28,acceptance_time,updated_after_release,2025-05-28T07:12:40,0,yes,aact,0,yes,0,yes,0,market cap outside $300M-$10B,False,False,1779.0,2025-05-29,38024826.9441,12967.745789999997,0.04995809102650985,2.4474774983317213,oos,clean_long,1
0001664710-25-000052,0001664710,KROS,2025-05-29,acceptance_time,updated_after_release,2025-05-29T06:58:59,0,no,aact,0,no,0,no,0,,False,False,1780.0,2025-05-30,594203506.82,2406175.6445,0.01961494155971149,-0.06451162347248551,oos,clean_short,-1
0001193125-25-129849,0001806310,TSHA,2025-05-29,release_date_only,updated_after_release,2025-05-28T23:59,3,unclear,aact,2,yes,2,yes,1,,False,False,1780.0,2025-05-30,523774584.59999996,2031467.39725,0.08552527600621587,0.10969811846805877,oos,spun_short,-1
0000950170-25-078428,0001835597,PEPG,2025-05-29,acceptance_time,updated_after_release,2025-05-28T17:11:50,0,no,aact,0,no,0,no,1,market cap outside $300M-$10B,False,False,1780.0,2025-05-30,51699089.940000005,62521.82674999999,0.07888048227094391,0.04184171672495851,oos,clean_short,-1
0001599298-25-000099,0001599298,SMMT,2025-06-02,acceptance_time,,2025-05-30T16:17:49,1,no,text,1,no,,,3,market cap outside $300M-$10B,False,False,1782.0,2025-06-03,13527659805.66,19423821.210750002,0.08594133080721067,-0.05355241525695953,oos,clean_short,-1
0001193125-25-132890,0001563880,TIVI,2025-06-02,acceptance_time,,2025-06-02T09:31:48,0,yes,text,0,yes,,,1,no prices for the release's ticker,,,,,,,,,oos,no_trade,0
0001437749-25-019062,0001742927,RVPH,2025-06-02,acceptance_time,unchanged_since_release,2025-06-02T07:05:26,1,yes,aact,1,yes,1,yes,1,market cap outside $300M-$10B,False,False,1782.0,2025-06-03,45510688.3413,51070.630525,0.07599235586822528,-0.12308778341649751,oos,clean_long,1
0001193125-25-132760,0001815442,KYMR,2025-06-02,acceptance_time,updated_after_release,2025-06-02T07:05:27,1,yes,aact,1,yes,1,yes,3,,False,False,1782.0,2025-06-03,1928841604.16,4620091.418,0.04925492310065003,0.42743356824010625,oos,clean_long,1
0001193125-25-132736,0001831828,VERA,2025-06-02,acceptance_time,updated_after_release,2025-06-02T06:36:56,0,yes,aact,0,yes,0,yes,2,,False,False,1782.0,2025-06-03,1207882552.52,5362053.646,0.043279949657110454,0.6481108981928265,oos,clean_long,1
0001641172-25-013176,0001878313,MAIA,2025-06-02,acceptance_time,updated_after_release,2025-06-02T06:06:48,0,unclear,aact,0,unclear,0,unclear,0,market cap outside $300M-$10B,False,False,1782.0,2025-06-03,53947017.14,16909.889750000002,0.054573902283198486,-0.03226948693821996,oos,no_trade,0
0001711279-25-000055,0001711279,KRYS,2025-06-03,acceptance_time,updated_after_release,2025-06-02T17:12:19,1,yes,aact,2,unclear,1,yes,0,"no ticker printed in the release (missing, or today's SEC ticker)",,,,,,,,,oos,no_trade,0
0001193125-25-134462,0002036042,SION,2025-06-04,acceptance_time,,2025-06-04T07:13:27,0,yes,text,0,yes,,,2,illiquid (Nasdaq 20-day dollar volume < $1.2M),False,False,1784.0,2025-06-05,642009932.7,306378.419,0.05086485840610357,0.08427081083168186,oos,clean_long,1
0001104659-25-056160,0001400118,SGMT,2025-06-04,acceptance_time,updated_after_release,2025-06-04T06:03:02,0,yes,aact,0,yes,0,yes,0,market cap outside $300M-$10B,False,False,1784.0,2025-06-05,111349723.64999999,218283.85525000002,0.04286563388482484,0.12094968959116059,oos,clean_long,1
0001437749-25-019375,0001659617,MBRX,2025-06-04,acceptance_time,unchanged_since_release,2025-06-04T08:45:11,3,yes,aact,3,unclear,3,yes,1,market cap outside $300M-$10B,False,False,1784.0,2025-06-05,11867094.959999999,30806.301480000002,0.04359070659589509,-0.20687793732737547,oos,no_trade,0
0001193125-25-137422,0002040807,MTSR,2025-06-09,acceptance_time,,2025-06-09T07:04:25,0,yes,text,0,yes,,,0,,False,False,1787.0,2025-06-10,2881673407.34,3926405.8079999997,0.05261934110430196,0.10918702150929649,oos,clean_long,1
0001193125-25-137432,0001936258,NAMS,2025-06-09,acceptance_time,updated_after_release,2025-06-09T07:28:48,3,yes,aact,2,yes,2,yes,2,,False,False,1787.0,2025-06-10,2263376848.32,2336038.4875,0.02852404951560472,0.0,oos,no_trade,0
0001140361-25-022023,0001104506,INSM,2025-06-10,acceptance_time,,2025-06-10T07:00:27,0,yes,text,0,yes,,,2,market cap outside $300M-$10B,False,False,1788.0,2025-06-11,12873579077.640001,30534862.790499996,0.02356990816236882,0.2741355446623641,oos,clean_long,1
0001437749-25-020040,0000072444,VXRT,2025-06-11,acceptance_time,,2025-06-11T08:18:02,1,yes,text,1,yes,,,1,market cap outside $300M-$10B,False,False,1789.0,2025-06-12,89417752.98539999,79360.67937,0.05791352897329662,0.29715858973880116,oos,clean_long,1
0001193125-25-138737,0001759138,CABA,2025-06-11,acceptance_time,,2025-06-11T06:11:28,2,unclear,text,2,unclear,,,1,market cap outside $300M-$10B,False,False,1789.0,2025-06-12,118992571.84500001,648801.9774999999,0.09895129630349157,-0.2408111546262257,oos,no_trade,0
0001171843-25-003854,0000882361,APS,2025-06-12,acceptance_time,updated_after_release,2025-06-12T12:15:09,1,unclear,aact,2,unclear,1,unclear,2,no prices for the release's ticker,,,,,,,,,oos,no_trade,0
0001549595-25-000086,0001549595,NRIX,2025-06-12,acceptance_time,updated_after_release,2025-06-12T08:02:05,1,yes,aact,1,unclear,1,yes,1,,False,False,1790.0,2025-06-13,962093196.28,2342014.654,0.04063246634933132,-0.052535018962577285,oos,clean_long,1
0001193125-25-140285,0001672619,ELVN,2025-06-13,acceptance_time,updated_after_release,2025-06-13T06:05:38,1,yes,aact,1,yes,1,yes,2,,False,False,1791.0,2025-06-16,964701612.28,1442167.798,0.06131102643822199,0.12404500591592993,oos,clean_long,1
0001641172-25-015172,0001053369,ELTP,2025-06-16,acceptance_time,,2025-06-16T07:05:36,0,yes,text,0,yes,,,0,no prices for the release's ticker,,,,,,,,,oos,no_trade,0
0001213900-25-054465,0001788028,JSPR,2025-06-16,release_date_only,updated_after_release,2025-06-14T23:59,1,yes,aact,0,yes,1,yes,0,market cap outside $300M-$10B,False,False,1792.0,2025-06-17,83222555.88,212854.48224999997,0.04338053362157406,0.013343188377498705,oos,clean_long,1
0001933414-25-000070,0001933414,MLYS,2025-06-17,acceptance_time,updated_after_release,2025-06-17T07:07:35,0,yes,aact,0,yes,0,yes,2,,False,False,1793.0,2025-06-18,876607610.15,2368220.834,0.029047002484788878,0.04113746798050677,oos,clean_long,1
0000950170-25-087068,0001851194,VTYX,2025-06-17,acceptance_time,updated_after_release,2025-06-17T08:00:29,2,yes,aact,2,yes,2,yes,2,market cap outside $300M-$10B,False,False,1793.0,2025-06-18,180393644.535,746074.46925,0.07712755966810553,-0.11900712482064912,oos,no_trade,0
0001193125-25-141739,0001818794,DYN,2025-06-17,acceptance_time,updated_after_release,2025-06-17T07:04:28,2,unclear,aact,2,unclear,1,unclear,1,,False,False,1793.0,2025-06-18,1569735442.18,5392340.224000001,0.03284479480017299,-0.19813610404989002,oos,no_trade,0
0001790340-25-000077,0001790340,IMRX,2025-06-17,acceptance_time,,2025-06-17T06:09:26,2,unclear,text,2,unclear,,,0,market cap outside $300M-$10B,False,False,1793.0,2025-06-18,61343521.36000001,78307.09650000001,0.06916629661484623,-0.20687215186277808,oos,no_trade,0
0001641172-25-015342,0001701478,AZTR,2025-06-17,acceptance_time,updated_after_release,2025-06-17T08:10:36,0,unclear,aact,0,unclear,0,unclear,1,market cap outside $300M-$10B,False,True,1793.0,2025-06-18,4440377.403,1536.3808349999997,0.03828306876387809,0.009178242925158342,oos,no_trade,0
0001193125-25-141756,0001636282,SYRE,2025-06-17,acceptance_time,updated_after_release,2025-06-17T07:35:45,0,yes,text,0,yes,0,unclear,2,,False,False,1793.0,2025-06-18,1036874177.98,1472283.1825,0.03210443773473514,-0.10188134441914543,oos,clean_long,1
0001193125-25-141795,0001806952,LYEL,2025-06-17,acceptance_time,,2025-06-17T08:49:17,0,yes,text,0,yes,,,0,reverse split between shares filing and event,False,False,,,,,,,oos,no_trade,0
0001558370-25-008711,0001727196,SRRK,2025-06-18,acceptance_time,updated_after_release,2025-06-18T07:10:13,0,yes,aact,0,yes,0,yes,1,,False,False,1794.0,2025-06-20,2957554256.2999997,7100579.342,0.0375733599350161,0.16210030440894396,oos,clean_long,1
0001816590-25-000085,0001816590,CMPS,2025-06-20,release_date_only,,2025-06-19T23:59,0,yes,text,0,yes,,,1,,False,False,1795.0,2025-06-23,448628605.635,1501341.6169999999,0.0394413259536316,-0.030041009311099987,oos,clean_long,1
0001104659-25-061375,0001868279,AVBP,2025-06-23,acceptance_time,updated_after_release,2025-06-23T07:06:57,1,unclear,"text, match rejected",1,unclear,0,yes,3,,False,False,1796.0,2025-06-24,862156537.1999999,1711611.2079999999,0.032648497466949124,-0.09429964508260213,oos,no_trade,0
0000950170-25-088738,0000876343,LCTX,2025-06-23,acceptance_time,updated_after_release,2025-06-23T09:26:11,3,unclear,aact,2,yes,2,yes,1,market cap outside $300M-$10B,False,False,1796.0,2025-06-24,203807988.825,48466.583135,0.07295420859942908,0.08727365090245864,oos,spun_short,-1
0001193125-25-144174,0001419041,FBRX,2025-06-23,acceptance_time,,2025-06-23T07:47:28,0,yes,text,0,yes,,,1,market cap outside $300M-$10B,False,False,1796.0,2025-06-24,96158154.86999999,122155.50899999999,0.11590931476472896,-0.12597478604932422,oos,clean_long,1
0001104659-25-061371,0001787297,PASG,2025-06-23,acceptance_time,updated_after_release,2025-06-23T07:00:59,2,unclear,aact,1,unclear,2,unclear,0,market cap outside $300M-$10B,False,True,1796.0,2025-06-24,23896011.353,14228.442560000001,0.08832338865535835,-0.11752038114469066,oos,no_trade,0
0000950170-25-089213,0001861560,NUVL,2025-06-24,acceptance_time,updated_after_release,2025-06-24T06:35:07,0,yes,aact,0,yes,0,yes,0,market cap outside $300M-$10B,False,False,1797.0,2025-06-25,237770596.32000002,7117260.9344999995,0.02255446338110908,-0.006271306418464961,oos,clean_long,1
0001213900-25-056909,0000906709,NKTR,2025-06-24,acceptance_time,updated_after_release,2025-06-24T07:45:13,0,yes,aact,0,yes,0,yes,1,reverse split between shares filing and event,False,False,,,,,,,oos,no_trade,0
0001628280-25-032748,0001001233,SGMO,2025-06-24,acceptance_time,,2025-06-24T08:08:25,1,yes,text,1,yes,,,1,market cap outside $300M-$10B,False,False,1797.0,2025-06-25,101637483.0948,226405.28935500002,0.03600286126919282,0.15115271413825426,oos,clean_long,1
0000950170-25-089949,0001426800,ASMB,2025-06-26,acceptance_time,updated_after_release,2025-06-25T16:05:30,0,yes,aact,0,yes,0,yes,1,market cap outside $300M-$10B,False,False,1799.0,2025-06-27,132320605.725,95838.59225,0.029281732373414877,-0.017791240707406786,oos,clean_long,1
0001140361-25-023732,0001228627,IRD,2025-06-26,acceptance_time,updated_after_release,2025-06-26T07:06:15,0,yes,aact,0,yes,0,yes,0,market cap outside $300M-$10B,False,False,1799.0,2025-06-27,57781869.2945,195305.17655499998,0.030468517264100225,0.05869603041073668,oos,clean_long,1
0001326190-25-000037,0001326190,ALT,2025-06-26,acceptance_time,updated_after_release,2025-06-26T07:30:26,2,no,aact,2,yes,3,no,2,,False,False,1799.0,2025-06-27,626145831.56,4602867.817749999,0.04421809513588855,-0.5371876474095131,oos,no_trade,0
0001824293-25-000082,0001824293,GRI,2025-06-26,acceptance_time,updated_after_release,2025-06-26T08:01:08,1,unclear,aact,0,unclear,0,unclear,4,market cap outside $300M-$10B,False,False,1799.0,2025-06-27,2890988.5500000003,21742.065499999997,0.04333741357887936,-0.06406348697965325,oos,no_trade,0
0000950170-25-090172,0001832038,IVVD,2025-06-26,acceptance_time,unchanged_since_release,2025-06-26T07:13:10,2,yes,aact,2,unclear,2,yes,0,market cap outside $300M-$10B,False,False,1799.0,2025-06-27,84488845.71350001,120773.57652499997,0.04972096220885761,0.1253959710585355,oos,spun_short,-1
0001999480-25-000053,0001999480,ANRO,2025-06-26,acceptance_time,updated_after_release,2025-06-26T07:40:43,2,no,aact,2,no,2,no,1,market cap outside $300M-$10B,False,False,1799.0,2025-06-27,69575371.53,52440.969,0.04145140485473061,-0.10986259347914873,oos,no_trade,0
0001600620-25-000083,0001600620,AUPH,2025-06-30,acceptance_time,,2025-06-30T06:03:53,0,yes,text,0,yes,,,0,,False,False,1801.0,2025-07-01,1164599083.24,2371772.45825,0.021143938040163797,-0.013755905291700343,oos,clean_long,1
0001213900-25-059252,0001711754,INMB,2025-06-30,release_date_only,updated_after_release,2025-06-29T23:59,3,no,aact,3,no,3,no,0,market cap outside $300M-$10B,False,False,1801.0,2025-07-01,123247101.86999999,3438156.6144999997,0.07520050858320725,-0.5692961677217344,oos,no_trade,0
0001140361-25-024290,0001840904,ATAI,2025-07-01,acceptance_time,updated_after_release,2025-07-01T07:16:59,0,yes,aact,0,yes,0,yes,1,illiquid (Nasdaq 20-day dollar volume < $1.2M),False,False,1802.0,2025-07-02,437737675.665,843359.7784999998,0.06045442083168493,0.23581471736273119,oos,clean_long,1
0001193805-25-000946,0001768224,ARCT,2025-07-01,acceptance_time,updated_after_release,2025-06-30T16:05:54,2,yes,aact,2,unclear,1,yes,4,,False,False,1802.0,2025-07-02,352839045.03,1425993.5555,0.04022495361684433,-0.0029401921682227217,oos,no_trade,0
0001193125-25-155811,0001622229,COGT,2025-07-07,acceptance_time,updated_after_release,2025-07-07T07:15:14,0,yes,aact,0,yes,0,yes,1,,False,False,1805.0,2025-07-08,865309050.4,3412119.1424999996,0.04226913546320412,0.2515871411553393,oos,clean_long,1
0001104659-25-065926,0001974640,APGE,2025-07-07,acceptance_time,updated_after_release,2025-07-07T06:06:11,1,yes,aact,2,yes,1,yes,2,,False,False,1805.0,2025-07-08,2761315375.36,8414809.511,0.03466111175391846,-0.15273584959857245,oos,clean_long,1
0000950170-25-094445,0001850270,PROK,2025-07-08,acceptance_time,updated_after_release,2025-07-08T07:03:08,2,yes,aact,2,yes,2,yes,3,no shares outstanding,False,False,,,,,,,oos,no_trade,0
0001104659-25-066724,0001649904,RYTM,2025-07-10,acceptance_time,,2025-07-09T16:39:20,1,yes,text,1,yes,,,2,,False,False,1808.0,2025-07-11,5662311008.0,12505546.712000001,0.08428806878298248,-0.005355251076150314,oos,clean_long,1
0001641172-25-018894,0001401914,DARE,2025-07-14,acceptance_time,updated_after_release,2025-07-14T08:01:40,1,unclear,aact,1,unclear,1,unclear,1,market cap outside $300M-$10B,False,False,1810.0,2025-07-15,22214468.86,54205.19299999999,0.03288345641974801,0.2246760086092412,oos,no_trade,0
0001641172-25-019645,0001962011,KAPA,2025-07-15,acceptance_time,,2025-07-15T09:11:08,1,unclear,text,1,unclear,,,2,market cap outside $300M-$10B,False,False,1811.0,2025-07-16,11543459.5406,5347.682015,0.05751410480559284,0.7341254952131632,oos,no_trade,0
0001437749-25-022877,0001401040,DMAC,2025-07-17,acceptance_time,unchanged_since_release,2025-07-17T08:05:13,2,yes,aact,1,yes,2,yes,1,market cap outside $300M-$10B,False,False,1813.0,2025-07-18,170676190.7,153803.0545,0.05089955344680049,-0.015979281443088356,oos,no_trade,0
0000950170-25-097323,0001520262,ALKS,2025-07-22,acceptance_time,updated_after_release,2025-07-21T17:16:35,0,yes,aact,0,yes,0,yes,4,,False,False,1816.0,2025-07-23,4395443751.675,11431801.1345,0.023145946910499055,0.003065501415520311,oos,clean_long,1
0001023024-25-000072,0001023024,ANIP,2025-07-23,acceptance_time,unchanged_since_release,2025-07-23T06:53:00,3,no,aact,2,no,3,no,3,,False,False,1817.0,2025-07-24,1621636736.0000002,3569962.4665,0.0169531888192968,-0.010182067214770552,oos,no_trade,0
0001711279-25-000069,0001711279,KRYS,2025-07-25,acceptance_time,unchanged_since_release,2025-07-24T16:45:59,1,yes,aact,1,yes,1,yes,1,,False,False,1819.0,2025-07-28,4338558828.4,7886181.922,0.018182938190646477,-0.017756881179168293,oos,clean_long,1
0001493152-25-011441,0000946644,AIM,2025-07-28,acceptance_time,updated_after_release,2025-07-28T09:20:23,3,unclear,aact,3,unclear,3,unclear,2,illiquid (Nasdaq 20-day dollar volume < $1.2M),False,False,1820.0,2025-07-29,611391112.0,3287.0464999999995,0.02963151800171815,-0.09079708283381871,oos,no_trade,0
0001437749-25-023646,0001053691,CRVO,2025-07-29,acceptance_time,updated_after_release,2025-07-28T16:08:43,3,no,aact,3,unclear,3,no,2,market cap outside $300M-$10B,False,False,1821.0,2025-07-30,76235818.44,466594.10875,0.055757964824073095,-0.028211750605592556,oos,no_trade,0
0001558370-25-009739,0001557746,ACRS,2025-07-30,acceptance_time,,2025-07-29T16:15:18,4,unclear,text,4,unclear,,,0,"no ticker printed in the release (missing, or today's SEC ticker)",,,,,,,,,oos,no_trade,0
0001104659-25-071953,0001566044,VYNE,2025-07-30,acceptance_time,,2025-07-30T08:05:49,1,no,text,1,no,,,2,market cap outside $300M-$10B,False,False,1822.0,2025-07-31,23997444.48,167051.32825000002,0.09223977116852887,-0.7274869265817542,oos,clean_short,-1
0001213900-25-068954,0001873875,IXHL,2025-07-30,acceptance_time,updated_after_release,2025-07-30T08:00:36,0,yes,aact,1,yes,1,yes,2,market cap outside $300M-$10B,False,False,1822.0,2025-07-31,31199825.880000003,3783527.2203450003,0.23821658381000788,-0.20767298528196376,oos,clean_long,1
0000950170-25-099891,0001936258,NAMS,2025-07-30,acceptance_time,updated_after_release,2025-07-30T08:25:54,2,unclear,aact,2,unclear,2,unclear,3,,False,False,1822.0,2025-07-31,2549667074.67,2989315.78425,0.0320985168738497,-0.01745518579208738,oos,no_trade,0
0001824293-25-000094,0001824293,GRI,2025-07-31,acceptance_time,updated_after_release,2025-07-31T09:02:46,2,unclear,aact,2,unclear,2,unclear,3,market cap outside $300M-$10B,False,False,1823.0,2025-08-01,4411434.38,38444.05449999999,0.06649012020531656,-0.36625279626954,oos,no_trade,0
0001789769-25-000074,0001789769,TIL,2025-08-01,acceptance_time,,2025-07-31T16:31:09,2,unclear,text,2,unclear,,,0,market cap outside $300M-$10B,False,False,1824.0,2025-08-04,157438248.0,1517541.53275,0.0781613070754284,-0.07521120421191951,oos,no_trade,0
0001104659-25-072708,0000812796,SNGX,2025-08-01,acceptance_time,updated_after_release,2025-07-31T16:18:24,3,unclear,aact,3,yes,3,unclear,2,market cap outside $300M-$10B,False,False,1824.0,2025-08-04,9499246.860000001,3559561.393,0.30048833865646385,-0.0664934207067649,oos,no_trade,0
0001437749-25-024720,0000946486,WINT,2025-08-05,acceptance_time,updated_after_release,2025-08-05T09:05:15,3,unclear,aact,3,unclear,3,unclear,1,market cap outside $300M-$10B,False,False,1826.0,2025-08-06,2123547.6199999996,994978.2034700001,0.095621524445082,-0.08919590544550315,oos,no_trade,0
0001628280-25-038094,0001357874,DTIL,2025-08-06,acceptance_time,updated_after_release,2025-08-06T08:00:17,1,yes,aact,1,yes,1,yes,0,market cap outside $300M-$10B,False,False,1827.0,2025-08-07,53888817.24,125341.06199999999,0.032023985217448,0.010580013260858223,oos,clean_long,1
0001193125-25-176138,0001426800,ASMB,2025-08-08,acceptance_time,updated_after_release,2025-08-08T08:24:47,0,yes,aact,0,yes,0,yes,1,market cap outside $300M-$10B,False,False,1829.0,2025-08-11,164569998.45,194563.915,0.03866494517224718,0.11496755984183471,oos,clean_long,1
0001193125-25-177471,0001865494,IOBT,2025-08-11,acceptance_time,updated_after_release,2025-08-11T08:00:33,3,no,aact,2,no,3,no,4,market cap outside $300M-$10B,False,False,1830.0,2025-08-12,119903263.48,210968.92549999998,0.07121024330825378,-0.42564539860888184,oos,no_trade,0
0001607678-25-000003,0001607678,VKTX,2025-08-19,acceptance_time,updated_after_release,2025-08-19T07:09:43,0,yes,aact,0,yes,0,yes,2,,False,False,1836.0,2025-08-20,4737306206.93,34112544.706,0.04022587294212212,-0.40652944139220637,oos,clean_long,1
0001193125-25-184680,0001029142,DVAX,2025-08-21,acceptance_time,updated_after_release,2025-08-21T08:15:30,1,yes,aact,0,yes,1,yes,1,,False,False,1838.0,2025-08-22,1221927162.44,2819280.6112499996,0.020826935886021376,0.04290497458927689,oos,clean_long,1
0001104659-25-082783,0001094038,MRKR,2025-08-26,acceptance_time,updated_after_release,2025-08-26T07:16:20,0,yes,aact,1,unclear,0,yes,3,market cap outside $300M-$10B,False,False,1841.0,2025-08-27,16303026.6,33565.831750000005,0.0465964521657191,-0.21975973221326395,oos,clean_long,1
0001213900-25-080509,0001873875,IXHL,2025-08-26,acceptance_time,,2025-08-26T08:00:30,0,yes,text,0,yes,,,1,market cap outside $300M-$10B,False,False,1841.0,2025-08-27,21630898.1502,2317266.4632900003,0.17437355778885538,-0.04854012993501411,oos,clean_long,1
0001104659-25-083402,0001720893,BTAI,2025-08-27,acceptance_time,updated_after_release,2025-08-27T07:01:35,1,yes,"text, match rejected",1,yes,1,yes,2,market cap outside $300M-$10B,False,False,1842.0,2025-08-28,76131765.89,6648181.683749999,0.2448490597938796,-0.24598994692259324,oos,clean_long,1
0001104659-25-085976,0001082554,UTHR,2025-09-02,acceptance_time,unchanged_since_release,2025-09-02T07:00:49,0,yes,aact,0,yes,0,yes,3,market cap outside $300M-$10B,False,False,1845.0,2025-09-03,13793105384.76,41025230.872,0.015131778491392781,0.2917883668180272,oos,clean_long,1
0002022626-25-000005,0002022626,UPB,2025-09-02,acceptance_time,updated_after_release,2025-09-02T08:38:15,1,yes,aact,1,yes,0,yes,3,,False,False,1845.0,2025-09-03,921312107.43,1536571.055,0.044552577292141834,0.1533060920256506,oos,clean_long,1
0001140361-25-033541,0000874015,IONS,2025-09-02,acceptance_time,,2025-09-02T07:05:42,0,yes,text,0,yes,,,1,,False,False,1845.0,2025-09-03,6796442004.56,20925071.585249998,0.020333175475251684,0.3131540221428868,oos,clean_long,1
0000950170-25-112564,0001061983,CYTK,2025-09-02,release_date_only,updated_after_release,2025-08-30T23:59,0,yes,aact,0,yes,0,yes,2,,False,False,1845.0,2025-09-03,4226889035.7000003,12458523.93275,0.03149076994441025,0.3710160882696725,oos,clean_long,1
0001140361-25-033767,0001635088,IMVT,2025-09-03,acceptance_time,updated_after_release,2025-09-03T13:38:54,2,unclear,aact,2,unclear,2,unclear,1,market cap outside $300M-$10B,False,False,1846.0,2025-09-04,10284199049.58,3820586.7299999995,0.025652849575916455,0.1011491414168264,oos,spun_short,-1
0001764013-25-000136,0001764013,IMVT,2025-09-03,acceptance_time,updated_after_release,2025-09-03T13:09:06,2,unclear,aact,2,unclear,2,unclear,1,,False,False,1846.0,2025-09-04,2625211625.46,3820586.7299999995,0.025652849575916455,0.1011491414168264,oos,spun_short,-1
0001193125-25-194511,0001631574,WVE,2025-09-03,acceptance_time,updated_after_release,2025-09-03T07:40:03,1,yes,aact,1,unclear,1,yes,1,,False,False,1846.0,2025-09-04,1530931225.1999998,3158735.52225,0.03319188020315691,-0.17666751986597018,oos,clean_long,1
0001640334-25-001617,0001621221,ARTL,2025-09-04,acceptance_time,,2025-09-03T17:29:52,3,unclear,text,3,unclear,,,1,market cap outside $300M-$10B,False,False,1847.0,2025-09-05,11259623.04,65777.588,0.05389283954197376,-0.48644744732097545,oos,no_trade,0
0000950170-25-113379,0001520262,ALKS,2025-09-08,acceptance_time,updated_after_release,2025-09-08T09:15:27,0,yes,aact,0,yes,0,yes,4,,False,False,1849.0,2025-09-09,4944085471.05,9018075.02575,0.022689156941632514,-0.03888045706303156,oos,clean_long,1
0001193125-25-197605,0001676725,IDYA,2025-09-08,release_date_only,updated_after_release,2025-09-07T23:59,1,unclear,text,1,unclear,1,yes,0,,False,False,1849.0,2025-09-09,2381278948.6200004,5323977.455,0.020549208989746305,-0.1279210184698174,oos,no_trade,0
0001193125-25-197751,0001690585,DNTH,2025-09-08,acceptance_time,updated_after_release,2025-09-08T08:01:42,0,yes,aact,0,yes,0,yes,3,,False,False,1849.0,2025-09-09,851381725.25,1800977.6925000001,0.03482933457453215,0.21498373372754254,oos,clean_long,1
0001493152-25-012769,0001878313,MAIA,2025-09-08,acceptance_time,updated_after_release,2025-09-08T06:11:22,2,unclear,aact,3,unclear,2,unclear,0,market cap outside $300M-$10B,False,False,1849.0,2025-09-09,50149694.4,14573.6185,0.03916110742649529,0.05396617328579534,oos,spun_short,-1
0001193125-25-197610,0002012593,RAPP,2025-09-08,acceptance_time,updated_after_release,2025-09-08T06:12:16,0,yes,aact,1,yes,0,yes,2,illiquid (Nasdaq 20-day dollar volume < $1.2M),False,False,1849.0,2025-09-09,523380172.8,856945.12675,0.05637186769743826,1.2078557350563308,oos,clean_long,1
0001810560-25-000006,0001810560,REVB,2025-09-09,acceptance_time,updated_after_release,2025-09-09T08:02:12,3,yes,aact,2,yes,2,yes,2,market cap outside $300M-$10B,False,False,1850.0,2025-09-10,4741987.23,26152.4695,0.03990807384385183,-0.16679646404612591,oos,no_trade,0
0001558370-25-011954,0001868279,AVBP,2025-09-09,acceptance_time,unchanged_since_release,2025-09-09T08:00:13,0,unclear,"text, match rejected",0,unclear,1,unclear,1,,False,False,1850.0,2025-09-10,820709737.12,1401863.1985000004,0.02905014446684925,-0.025278756393805057,oos,no_trade,0
0001193125-25-200760,0001842295,MAZE,2025-09-11,acceptance_time,,2025-09-11T07:48:53,1,yes,text,1,yes,,,2,illiquid (Nasdaq 20-day dollar volume < $1.2M),False,False,1852.0,2025-09-12,702929670.5200001,1154442.8025,0.03561056377387417,0.5281428524923648,oos,clean_long,1
0001193125-25-200078,0001628171,RVMD,2025-09-11,acceptance_time,,2025-09-10T16:05:33,0,unclear,text,0,unclear,,,0,,False,False,1852.0,2025-09-12,7561447535.500001,18128134.890999995,0.020528009826676952,0.12443056087598126,oos,no_trade,0
0001193125-25-202865,0001339970,ATYR,2025-09-15,acceptance_time,updated_after_release,2025-09-15T08:30:27,4,unclear,aact,4,unclear,4,unclear,0,"no ticker printed in the release (missing, or today's SEC ticker)",,,,,,,,,oos,no_trade,0
0001437749-25-029005,0001645469,MNPR,2025-09-15,release_date_only,,2025-09-14T23:59,2,unclear,text,2,unclear,,,2,illiquid (Nasdaq 20-day dollar volume < $1.2M),False,False,1854.0,2025-09-16,304549274.96,276486.64,0.0608384969904018,0.11189885872788352,oos,spun_short,-1
0001193125-25-205107,0001671584,APVO,2025-09-17,acceptance_time,,2025-09-16T17:07:43,3,unclear,text,3,unclear,,,1,market cap outside $300M-$10B,False,False,1856.0,2025-09-18,4915437.41,493985.14025000005,0.0381144518506986,-0.06407865455630324,oos,no_trade,0
0001193125-25-205522,0001601485,ELTX,2025-09-17,acceptance_time,updated_after_release,2025-09-17T08:16:34,2,unclear,aact,2,unclear,2,unclear,0,market cap outside $300M-$10B,False,False,1856.0,2025-09-18,185276140.56,339995.17675,0.04815913413186483,0.013575843388049957,oos,spun_short,-1
0001140361-25-035190,0001635088,ROIV,2025-09-17,acceptance_time,updated_after_release,2025-09-17T07:45:44,0,yes,aact,0,yes,0,yes,1,,False,False,1856.0,2025-09-18,9683263115.74,15760244.388500001,0.01952184080490653,0.0766879345913496,oos,clean_long,1
0001213900-25-090129,0000907654,ORKA,2025-09-18,release_date_only,updated_after_release,2025-09-17T23:59,1,yes,aact,1,unclear,1,yes,1,illiquid (Nasdaq 20-day dollar volume < $1.2M),False,False,1857.0,2025-09-19,607451083.9,694978.29325,0.04165274639512117,-0.008411982673453888,oos,clean_long,1
0001213900-25-088792,0000906709,NKTR,2025-09-18,acceptance_time,updated_after_release,2025-09-18T08:56:13,4,no,aact,2,unclear,4,no,0,"no ticker printed in the release (missing, or today's SEC ticker)",,,,,,,,,oos,no_trade,0
0001437749-25-029347,0000925741,BCDA,2025-09-18,acceptance_time,updated_after_release,2025-09-18T07:00:10,0,unclear,aact,0,unclear,0,unclear,0,market cap outside $300M-$10B,False,False,1857.0,2025-09-19,8904878.84,26961.16175,0.059602308986190324,-0.2683918201684835,oos,no_trade,0
0001753926-25-001525,0001347242,LIPO,2025-09-18,acceptance_time,unchanged_since_release,2025-09-18T08:01:38,1,yes,aact,1,yes,1,yes,2,"no trade on previous day, reaction day or entry day",,,,,,,,,oos,no_trade,0
0001437749-25-029349,0001855175,CTNM,2025-09-18,acceptance_time,unchanged_since_release,2025-09-18T08:16:26,1,yes,aact,0,yes,1,yes,0,illiquid (Nasdaq 20-day dollar volume < $1.2M),False,False,1857.0,2025-09-19,347719498.0,642884.8215000001,0.050700959629229006,-0.030606803881838562,oos,clean_long,1
0001493152-25-014393,0001904286,MIRA,2025-09-22,acceptance_time,updated_after_release,2025-09-22T07:30:50,0,yes,text,0,yes,0,yes,1,market cap outside $300M-$10B,False,False,1859.0,2025-09-23,23741297.175,53565.02925000001,0.04572725983752886,0.05048880531016198,oos,clean_long,1
0001193125-25-210049,0001776111,MBX,2025-09-22,acceptance_time,updated_after_release,2025-09-22T08:00:09,0,yes,aact,0,yes,0,yes,3,illiquid (Nasdaq 20-day dollar volume < $1.2M),False,False,1859.0,2025-09-23,335266782.68,1031870.0432499999,0.06273105924576543,0.986223728972748,oos,clean_long,1
0001140361-25-035634,0000874015,IONS,2025-09-22,acceptance_time,updated_after_release,2025-09-22T07:05:51,0,yes,aact,0,yes,0,yes,4,,False,False,1859.0,2025-09-23,9724458881.289999,43109150.5415,0.08023428089708547,-0.013276829265511658,oos,clean_long,1
0001628280-25-042245,0001662579,CCCC,2025-09-22,release_date_only,updated_after_release,2025-09-20T23:59,1,unclear,aact,2,unclear,2,yes,0,market cap outside $300M-$10B,False,False,1859.0,2025-09-23,224899775.4,587494.80575,0.08353625931893437,-0.193417198451721,oos,no_trade,0
0001140361-25-035777,0001840904,ATAI,2025-09-23,acceptance_time,updated_after_release,2025-09-23T07:10:47,1,yes,aact,1,unclear,1,yes,1,,False,False,1860.0,2025-09-24,1048114428.81,3432903.3575000004,0.02875044315307516,0.15258410911152365,oos,clean_long,1
0001104659-25-092740,0001590560,QURE,2025-09-24,acceptance_time,updated_after_release,2025-09-24T07:06:10,4,no,aact,2,yes,4,no,3,no shares outstanding,False,False,,,,,,,oos,no_trade,0
0001104659-25-092776,0001802665,HRMY,2025-09-24,acceptance_time,updated_after_release,2025-09-24T08:39:11,0,no,aact,0,no,0,no,0,,False,False,1861.0,2025-09-25,1846796492.1000001,6116883.641999999,0.018346039852152596,-0.17462821727466982,oos,clean_short,-1
0001193805-25-001357,0001280776,IMUX,2025-09-25,acceptance_time,unchanged_since_release,2025-09-25T07:01:02,2,unclear,aact,2,unclear,2,unclear,3,market cap outside $300M-$10B,False,False,1862.0,2025-09-26,86694138.492,82353.95485499999,0.039703731566118575,0.03201929119726432,oos,spun_short,-1
0001193125-25-217810,0001661181,ORGO,2025-09-26,acceptance_time,,2025-09-25T17:00:11,3,no,text,3,no,,,2,illiquid (Nasdaq 20-day dollar volume < $1.2M),False,False,1863.0,2025-09-29,594962655.21,453786.73975,0.0319675168864894,-0.14866830047550705,oos,no_trade,0
0001104659-25-094125,0001479419,KALA,2025-09-29,acceptance_time,updated_after_release,2025-09-29T08:08:47,0,no,aact,0,no,0,no,1,market cap outside $300M-$10B,False,False,1864.0,2025-09-30,133750812.0,1172777.8025,0.08499660298595832,-0.9076147640809831,oos,clean_short,-1
0001193125-25-221527,0001177648,ENTA,2025-09-29,acceptance_time,,2025-09-29T06:51:36,3,no,text,3,no,,,2,market cap outside $300M-$10B,False,False,1864.0,2025-09-30,168885591.70000002,482406.7430000001,0.04744709345051122,0.9055517863027505,oos,spun_short,-1
0001193125-25-221538,0001374690,LRMR,2025-09-29,acceptance_time,updated_after_release,2025-09-29T07:00:16,3,unclear,aact,3,unclear,3,unclear,1,,False,False,1864.0,2025-09-30,436083047.23999995,1461884.59775,0.050353837021203315,-0.35621266382830363,oos,no_trade,0
0001213900-25-092614,0001821586,MLTX,2025-09-29,release_date_only,,2025-09-28T23:59,2,no,text,2,no,,,2,no shares outstanding,False,False,,,,,,,oos,no_trade,0
0001193125-25-223440,0002040807,MTSR,2025-09-30,acceptance_time,,2025-09-29T17:16:53,1,yes,text,1,yes,,,1,,False,False,1865.0,2025-10-01,5473393529.8,26931664.8,0.14085226270732962,-0.004109714170065226,oos,clean_long,1
0001140361-25-036637,0001228627,IRD,2025-09-30,acceptance_time,updated_after_release,2025-09-30T07:24:16,4,unclear,aact,4,unclear,0,unclear,0,"no ticker printed in the release (missing, or today's SEC ticker)",,,,,,,,,oos,no_trade,0
0001213900-25-093930,0001711754,INMB,2025-09-30,release_date_only,updated_after_release,2025-09-29T23:59,3,no,aact,3,no,2,no,3,market cap outside $300M-$10B,False,False,1865.0,2025-10-01,56360746.96,218776.06749999998,0.044107713148992166,-0.03153339142353284,oos,no_trade,0
0001628280-25-044212,0001655759,ARVN,2025-10-06,release_date_only,,2025-10-05T23:59,1,unclear,text,1,unclear,,,0,,False,False,1869.0,2025-10-07,706277263.9,4821422.321500001,0.025573684018482083,-9.652509652524621e-05,oos,no_trade,0
0001724521-25-000107,0001724521,RCUS,2025-10-06,acceptance_time,updated_after_release,2025-10-06T10:02:38,1,yes,aact,1,unclear,1,yes,0,illiquid (Nasdaq 20-day dollar volume < $1.2M),False,False,1869.0,2025-10-07,1420321374.72,1175382.013,0.024097492986898023,0.08645274429275918,oos,clean_long,1
0001193125-25-230409,0001636651,OVID,2025-10-06,acceptance_time,,2025-10-03T17:09:37,1,unclear,text,1,unclear,,,1,market cap outside $300M-$10B,False,False,1869.0,2025-10-07,130841505.76,797282.6884999999,0.09470978521258713,-0.024553046835655734,oos,no_trade,0
0001628280-25-044223,0001516551,SKYE,2025-10-06,acceptance_time,updated_after_release,2025-10-06T08:18:06,1,no,aact,1,no,1,no,2,market cap outside $300M-$10B,False,False,1869.0,2025-10-07,146265342.4,247358.07749999996,0.05202030480056036,-0.5954355081473727,oos,clean_short,-1
0001193125-25-232514,0001907108,LXEO,2025-10-07,acceptance_time,updated_after_release,2025-10-07T06:03:59,2,unclear,aact,3,unclear,2,unclear,0,"no ticker printed in the release (missing, or today's SEC ticker)",,,,,,,,,oos,no_trade,0
0001493152-25-017208,0001962011,KAPA,2025-10-07,acceptance_time,updated_after_release,2025-10-07T08:00:47,1,unclear,aact,2,unclear,2,unclear,1,market cap outside $300M-$10B,False,False,1870.0,2025-10-08,25618549.775000002,71328.73325,0.06797162008050629,0.0030834251926505907,oos,no_trade,0
0001104659-25-097153,0001819411,GANX,2025-10-07,acceptance_time,unchanged_since_release,2025-10-06T17:01:14,3,unclear,"text, match rejected",3,unclear,3,yes,0,market cap outside $300M-$10B,False,False,1870.0,2025-10-08,79446419.26,179335.2485,0.04916938399463144,-0.08920045192094772,oos,no_trade,0
0001193125-25-232539,0001720580,ACET,2025-10-07,acceptance_time,updated_after_release,2025-10-07T06:48:42,2,yes,aact,2,unclear,2,yes,1,market cap outside $300M-$10B,False,True,1870.0,2025-10-08,84086316.79,45911.52292,0.06052251408918649,-0.15710377166468692,oos,no_trade,0
0001437749-25-030719,0001053691,CRVO,2025-10-09,acceptance_time,updated_after_release,2025-10-08T16:33:30,0,unclear,aact,0,unclear,0,unclear,0,market cap outside $300M-$10B,False,False,1872.0,2025-10-10,82534253.48,153857.9585,0.03461296957841318,-0.0527933686539136,oos,no_trade,0
0001193125-25-235533,0001759138,CABA,2025-10-09,acceptance_time,updated_after_release,2025-10-09T12:03:05,1,yes,aact,1,unclear,1,yes,0,market cap outside $300M-$10B,False,False,1872.0,2025-10-10,220888537.695,885931.41225,0.04890620644929643,0.15336860481162784,oos,clean_long,1
0001104659-25-098908,0001346830,TVRD,2025-10-14,release_date_only,updated_after_release,2025-10-13T23:59,0,no,"text, match rejected",0,no,0,no,1,market cap outside $300M-$10B,False,False,1875.0,2025-10-15,61047088.83,750395.0754999999,0.19653888474038478,0.07059710804864439,oos,clean_short,-1
0001104659-25-099029,0001829635,RNAZ,2025-10-14,acceptance_time,unchanged_since_release,2025-10-14T08:11:31,1,yes,aact,1,yes,1,yes,2,market cap outside $300M-$10B,False,False,1875.0,2025-10-15,11329751.97,358604.11675,0.06365695043023196,0.05224531101707808,oos,clean_long,1
0001193125-25-243558,0001676725,IDYA,2025-10-20,release_date_only,updated_after_release,2025-10-17T23:59,2,unclear,"text, match rejected",2,unclear,2,unclear,0,,False,False,1879.0,2025-10-21,2567083562.94,8407759.543,0.02270847412641159,0.020936075985495073,oos,spun_short,-1
0001193125-25-243053,0001673772,,2025-10-20,acceptance_time,,2025-10-20T08:02:29,4,unclear,text,4,unclear,,,0,"no ticker printed in the release (missing, or today's SEC ticker)",,,,,,,,,oos,no_trade,0
0001628280-25-045445,0001655759,ARVN,2025-10-20,acceptance_time,,2025-10-20T06:06:41,2,unclear,text,2,unclear,,,0,,False,False,1879.0,2025-10-21,698935504.4,6817917.102750001,0.030450632452406295,-0.002649245818200807,oos,no_trade,0
0001193125-25-243765,0001750284,OLMA,2025-10-20,release_date_only,updated_after_release,2025-10-18T23:59,1,yes,aact,2,unclear,1,yes,3,,False,False,1879.0,2025-10-21,641044632.86,3279270.2075,0.055983395279669765,-0.19071156924864385,oos,clean_long,1
0001104659-25-100537,0001526119,VSTM,2025-10-20,release_date_only,,2025-10-19T23:59,1,unclear,text,1,unclear,,,1,,False,False,1879.0,2025-10-21,567139663.05,3360126.2865000004,0.03848708006853907,-0.15284707589977242,oos,no_trade,0
0001104659-25-100646,0001509745,LPTX,2025-10-20,acceptance_time,unchanged_since_release,2025-10-20T08:49:15,3,no,aact,3,no,3,no,1,market cap outside $300M-$10B,False,True,1879.0,2025-10-21,22853900.243499998,267946.12465,0.17630535211746454,-0.07049543687848714,oos,no_trade,0
0001193125-25-243046,0001595097,CRBP,2025-10-20,release_date_only,updated_after_release,2025-10-18T23:59,1,yes,aact,1,unclear,1,yes,1,market cap outside $300M-$10B,False,False,1879.0,2025-10-21,237506260.5,934615.05975,0.056316986757065306,-0.07935756072311029,oos,clean_long,1
0001213900-25-100371,0001191070,NEUP,2025-10-21,acceptance_time,updated_after_release,2025-10-20T16:15:43,0,no,aact,0,no,0,no,1,market cap outside $300M-$10B,False,False,1880.0,2025-10-22,36071478.9,284599.59325000003,0.10010900509237684,-0.6778503994190269,oos,clean_short,-1
0001193125-25-246226,0001808158,RPTX,2025-10-22,acceptance_time,updated_after_release,2025-10-22T12:01:29,0,unclear,aact,0,unclear,0,unclear,0,market cap outside $300M-$10B,False,False,1881.0,2025-10-23,80978039.22,71293.5585,0.019460640407240774,0.03362417726350608,oos,no_trade,0
0001193805-25-001499,0001768224,ARCT,2025-10-22,acceptance_time,updated_after_release,2025-10-22T07:50:46,0,unclear,aact,0,unclear,0,unclear,0,,False,False,1881.0,2025-10-23,628627346.3499999,5101081.91175,0.0659664158737326,-0.4809343185342835,oos,no_trade,0
0001193125-25-245404,0001831363,TERN,2025-10-22,acceptance_time,updated_after_release,2025-10-21T17:40:22,0,yes,aact,0,no,0,no,0,,False,False,1881.0,2025-10-23,710589709.76,2014714.0330000003,0.036445826850551075,0.021593104887606462,oos,clean_long,1
0001193125-25-245102,0001653087,ALEC,2025-10-22,acceptance_time,updated_after_release,2025-10-21T16:08:27,0,no,aact,0,no,0,no,1,illiquid (Nasdaq 20-day dollar volume < $1.2M),False,False,1881.0,2025-10-23,325397637.735,840026.1125,0.04357573256295153,-0.4819712371360053,oos,clean_short,-1
0001104659-25-101447,0000921114,ARMP,2025-10-22,acceptance_time,updated_after_release,2025-10-22T11:15:43,1,yes,aact,1,yes,1,yes,1,market cap outside $300M-$10B,False,False,1881.0,2025-10-23,125355253.32,534.21225,0.026611211181294153,1.0550436587188656,oos,clean_long,1
0001193125-25-246808,0001851194,VTYX,2025-10-23,acceptance_time,,2025-10-22T16:19:05,1,yes,text,1,yes,,,1,market cap outside $300M-$10B,False,False,1882.0,2025-10-24,274894336.89,1053063.5482499998,0.05525757484229541,0.7096389181943696,oos,clean_long,1
0001104659-25-101817,0001526119,VSTM,2025-10-24,acceptance_time,updated_after_release,2025-10-23T16:02:05,1,unclear,aact,1,unclear,1,unclear,1,,False,False,1883.0,2025-10-27,481284011.40000004,3541707.8869999996,0.04663664808740643,0.009453106328942251,oos,no_trade,0
0002007919-25-000089,0002007919,INBX,2025-10-24,acceptance_time,,2025-10-23T16:05:56,0,yes,text,0,yes,,,3,,False,False,1883.0,2025-10-27,408344017.99,1699044.61975,0.05413241986885542,1.0273085156858,oos,clean_long,1
0001326732-25-000082,0001326732,XNCR,2025-10-24,acceptance_time,updated_after_release,2025-10-24T13:57:11,1,yes,aact,2,unclear,1,yes,0,,False,False,1883.0,2025-10-27,877986696.26,3536118.13375,0.06055497480711945,0.06530097085178688,oos,clean_long,1
0001193125-25-250674,0001434316,FATE,2025-10-27,release_date_only,updated_after_release,2025-10-26T23:59,1,yes,aact,2,unclear,1,yes,1,market cap outside $300M-$10B,False,False,1884.0,2025-10-28,189717351.565,685695.831,0.08772430858506786,-0.08469556209690843,oos,clean_long,1
0001104659-25-102317,0001953926,ZBIO,2025-10-27,acceptance_time,updated_after_release,2025-10-27T07:19:24,0,yes,aact,0,yes,0,yes,1,,False,False,1884.0,2025-10-28,1008963099.48,2123101.216,0.07749644013305305,0.29722770413708854,oos,clean_long,1
0001193125-25-252200,0001341235,ALDX,2025-10-28,acceptance_time,updated_after_release,2025-10-28T07:00:28,3,yes,aact,3,unclear,3,yes,1,illiquid (Nasdaq 20-day dollar volume < $1.2M),False,False,1885.0,2025-10-29,312954447.29999995,796860.8497499999,0.035273306754378585,-0.018071372610869774,oos,no_trade,0
0001140361-25-039463,0001743881,BBIO,2025-10-28,acceptance_time,updated_after_release,2025-10-27T16:11:32,0,yes,aact,0,yes,0,yes,2,market cap outside $300M-$10B,False,False,1885.0,2025-10-29,12150670114.24,24019721.0665,0.04175398598597863,0.010993204129338574,oos,clean_long,1
0001193125-25-253636,0001817229,VOR,2025-10-29,acceptance_time,updated_after_release,2025-10-28T16:37:05,4,unclear,text,4,unclear,4,unclear,0,"no ticker printed in the release (missing, or today's SEC ticker)",,,,,,,,,oos,no_trade,0
0001140361-25-039656,0001472091,PDSB,2025-10-29,acceptance_time,unchanged_since_release,2025-10-29T08:45:37,2,unclear,aact,2,unclear,2,unclear,0,market cap outside $300M-$10B,False,False,1886.0,2025-10-30,43648826.832,60420.778425000004,0.03171949974927663,0.09898012537341438,oos,spun_short,-1
0001193125-25-254571,0001994702,KYTX,2025-10-29,acceptance_time,updated_after_release,2025-10-29T06:32:20,1,yes,aact,1,yes,1,yes,1,,False,False,1886.0,2025-10-30,328234612.53,1286518.114,0.10049513035028822,-0.046099432749621916,oos,clean_long,1
0001193125-25-256682,0001631574,WVE,2025-10-30,acceptance_time,updated_after_release,2025-10-29T17:22:21,1,yes,aact,2,unclear,1,yes,0,,False,False,1887.0,2025-10-31,1312908795.0,4529256.5735,0.04623024315669364,-0.0018208567388895425,oos,clean_long,1
0001140361-25-039705,0001743881,BBIO,2025-10-30,acceptance_time,updated_after_release,2025-10-29T16:09:02,0,yes,aact,0,yes,0,yes,1,market cap outside $300M-$10B,False,False,1887.0,2025-10-31,12861386179.619999,29550005.091499995,0.04180929414609886,-0.05837591889778748,oos,clean_long,1
0001193125-25-261665,0001808898,BNTC,2025-11-03,acceptance_time,updated_after_release,2025-11-03T07:11:20,2,yes,aact,2,unclear,2,yes,1,illiquid (Nasdaq 20-day dollar volume < $1.2M),False,False,1889.0,2025-11-04,429457672.84,190934.48949999997,0.025012534802885986,-0.004316106236307626,oos,no_trade,0
0001193125-25-261798,0001831363,TERN,2025-11-03,acceptance_time,updated_after_release,2025-11-03T09:13:48,1,yes,aact,2,unclear,1,yes,3,,False,False,1889.0,2025-11-04,722841256.48,2773700.9524999997,0.04224154309947815,0.7226659322796498,oos,clean_long,1
0001619856-25-000065,0001619856,CRBU,2025-11-03,acceptance_time,unchanged_since_release,2025-11-03T07:02:57,2,unclear,aact,2,unclear,2,unclear,0,"no ticker printed in the release (missing, or today's SEC ticker)",,,,,,,,,oos,no_trade,0
0001193125-25-261799,0001789972,CGEM,2025-11-03,acceptance_time,updated_after_release,2025-11-03T09:14:11,1,unclear,aact,1,unclear,1,unclear,2,,False,False,1889.0,2025-11-04,511879598.0149999,2630679.2472500005,0.06733465560174916,-0.07449751925018888,oos,no_trade,0
0001193125-25-264748,0001774857,AARD,2025-11-05,acceptance_time,,2025-11-04T16:19:58,2,unclear,text,2,unclear,,,0,market cap outside $300M-$10B,False,False,1891.0,2025-11-06,212412582.46999997,447049.166,0.04424364043200585,0.06150854353871127,oos,spun_short,-1
0001193125-25-267934,0001650648,FDMT,2025-11-06,acceptance_time,updated_after_release,2025-11-06T06:02:14,1,yes,aact,2,unclear,1,yes,2,,False,False,1892.0,2025-11-07,523665896.03999996,2313389.621,0.061107822343005554,0.03584702318232469,oos,clean_long,1
0001193125-25-268331,0001831828,VERA,2025-11-06,acceptance_time,updated_after_release,2025-11-06T09:59:49,0,yes,aact,0,yes,0,yes,2,"no ticker printed in the release (missing, or today's SEC ticker)",,,,,,,,,oos,no_trade,0
0001193125-25-270286,0001404281,ELDN,2025-11-07,acceptance_time,unchanged_since_release,2025-11-06T18:44:31,2,no,aact,2,no,2,no,2,market cap outside $300M-$10B,False,False,1893.0,2025-11-10,245814686.37500003,1352452.8147500004,0.060927145228218536,-0.49384308969898927,oos,no_trade,0
0001193125-25-271189,0001840233,XLO,2025-11-07,acceptance_time,updated_after_release,2025-11-07T09:05:24,3,unclear,aact,2,unclear,2,unclear,0,market cap outside $300M-$10B,False,False,1893.0,2025-11-10,43240025.313,57355.681535,0.0338830412923133,-0.03800046641118704,oos,no_trade,0
0001193125-25-273315,0001622229,COGT,2025-11-10,acceptance_time,updated_after_release,2025-11-10T08:01:19,4,unclear,"text, match rejected",4,unclear,4,unclear,1,"no ticker printed in the release (missing, or today's SEC ticker)",,,,,,,,,oos,no_trade,0
0001493152-25-021418,0001855485,CLDI,2025-11-10,acceptance_time,,2025-11-10T08:30:53,0,unclear,text,0,unclear,,,0,market cap outside $300M-$10B,False,False,1894.0,2025-11-11,4865496.52,11620.753,0.05155086973671079,-0.035481526692287324,oos,no_trade,0
0001193125-25-273269,0001806952,LYEL,2025-11-10,acceptance_time,updated_after_release,2025-11-10T07:32:53,2,yes,aact,2,unclear,2,unclear,1,illiquid (Nasdaq 20-day dollar volume < $1.2M),False,False,1894.0,2025-11-11,336003922.97999996,142662.14299999998,0.04148279103800215,-0.005687841769715929,oos,no_trade,0
0001437749-25-033948,0001645469,MNPR,2025-11-10,release_date_only,unchanged_since_release,2025-11-09T23:59,0,yes,aact,1,unclear,0,yes,0,,False,False,1894.0,2025-11-11,493720279.21999997,1523259.3579999998,0.0488449410008374,0.02790667555292603,oos,clean_long,1
0001370053-25-000091,0001370053,ANAB,2025-11-10,acceptance_time,unchanged_since_release,2025-11-10T09:10:20,0,no,aact,0,no,0,no,1,,False,False,1894.0,2025-11-11,1097570950.8,3302260.8207499995,0.02917325553771855,-0.15437551626037194,oos,clean_short,-1
0001140361-25-041275,0001133416,GALT,2025-11-10,acceptance_time,updated_after_release,2025-11-10T07:56:04,3,no,aact,3,unclear,3,no,2,illiquid (Nasdaq 20-day dollar volume < $1.2M),False,False,1894.0,2025-11-11,333113362.40000004,333518.42949999997,0.05154805286020106,-0.005064408599112946,oos,no_trade,0
0001213900-25-107821,0000906709,NKTR,2025-11-10,release_date_only,updated_after_release,2025-11-08T23:59,1,yes,aact,1,yes,1,yes,1,,False,False,1894.0,2025-11-11,1139535815.78,11449660.1235,0.04734006798467263,0.025046403473498513,oos,clean_long,1
0001193125-25-273321,0000899460,MNKD,2025-11-10,acceptance_time,updated_after_release,2025-11-10T08:05:14,0,no,aact,0,no,0,no,0,,False,False,1894.0,2025-11-11,1727270330.625,3460704.703750001,0.0336670298901319,-0.047278083812788196,oos,clean_short,-1
0001140361-25-041225,0000874015,IONS,2025-11-10,release_date_only,updated_after_release,2025-11-08T23:59,0,yes,aact,0,yes,0,yes,1,market cap outside $300M-$10B,False,False,1894.0,2025-11-11,11921315324.8,34776050.57,0.015305676644942715,-0.0662684219770393,oos,clean_long,1
0001628280-25-051168,0001357874,DTIL,2025-11-11,acceptance_time,updated_after_release,2025-11-10T17:20:10,1,yes,aact,2,unclear,1,yes,1,market cap outside $300M-$10B,False,False,1895.0,2025-11-12,79805641.02,215885.43225,0.06266676816382756,-0.04072362485327441,oos,clean_long,1
0001193125-25-276161,0001520262,ALKS,2025-11-12,acceptance_time,updated_after_release,2025-11-12T08:45:28,0,yes,aact,0,yes,0,yes,2,,False,False,1896.0,2025-11-13,5583448566.835,18263633.400749996,0.02378855493369164,-0.07169228344896017,oos,clean_long,1
0001193125-25-275902,0001817241,ARTV,2025-11-12,acceptance_time,updated_after_release,2025-11-12T07:22:26,1,yes,aact,1,unclear,1,yes,1,market cap outside $300M-$10B,False,False,1896.0,2025-11-13,87322099.15,1981841.7652500004,0.273128330124261,0.12390552403706234,oos,clean_long,1
0001829126-25-009076,0001979414,NTHI,2025-11-13,acceptance_time,,2025-11-12T17:06:36,2,yes,text,2,yes,,,0,"no ticker printed in the release (missing, or today's SEC ticker)",,,,,,,,,oos,no_trade,0
0001453687-25-000123,0001453687,RNAC,2025-11-14,acceptance_time,updated_after_release,2025-11-13T16:08:56,2,yes,aact,3,yes,2,yes,1,market cap outside $300M-$10B,False,False,1898.0,2025-11-17,188786179.56,289543.861,0.039298235770233295,0.006958932219490732,oos,spun_short,-1
0001193125-25-283873,0001937653,ZYME,2025-11-17,acceptance_time,,2025-11-17T06:13:29,1,yes,text,1,yes,,,3,,False,False,1899.0,2025-11-18,1387469340.36,3630847.49825,0.04197801415458123,0.2817267582439722,oos,clean_long,1
0001193125-25-283887,0001232524,JAZZ,2025-11-17,acceptance_time,updated_after_release,2025-11-17T06:28:37,1,yes,aact,1,unclear,1,yes,3,,False,False,1899.0,2025-11-18,8577603774.559999,20625411.734,0.0154358159685046,0.19746866312028888,oos,clean_long,1
0001193125-25-283893,0001861560,,2025-11-17,acceptance_time,updated_after_release,2025-11-17T06:36:32,1,yes,aact,0,yes,0,yes,2,"no ticker printed in the release (missing, or today's SEC ticker)",,,,,,,,,oos,no_trade,0
0001437749-25-035860,0001855175,CTNM,2025-11-21,acceptance_time,,2025-11-20T16:07:30,0,unclear,text,0,unclear,,,0,market cap outside $300M-$10B,False,False,1903.0,2025-11-24,280423960.22,287205.083,0.033517614692746535,-0.12005997608134644,oos,no_trade,0
0001213900-25-114763,0001841330,KTTA,2025-11-21,release_date_only,updated_after_release,2025-11-20T23:59,1,yes,aact,2,unclear,1,yes,2,market cap outside $300M-$10B,False,False,1903.0,2025-11-24,3125557.9823,15279.972494999998,0.08064451443002174,-0.33386745279679564,oos,clean_long,1
0001193125-25-308154,0001501756,,2025-12-02,release_date_only,,2025-12-01T23:59,4,unclear,text,4,unclear,,,0,"no ticker printed in the release (missing, or today's SEC ticker)",,,,,,,,,oos,no_trade,0
0001213900-25-116943,0001788028,JSPR,2025-12-02,acceptance_time,,2025-12-02T07:06:37,1,yes,text,1,yes,,,1,market cap outside $300M-$10B,False,False,1909.0,2025-12-03,48272467.275000006,150295.93725000002,0.05556894671230762,-0.07809331070200642,oos,clean_long,1
0001437749-25-037025,0001053691,CRVO,2025-12-03,release_date_only,updated_after_release,2025-12-02T23:59,2,unclear,aact,2,unclear,2,unclear,0,market cap outside $300M-$10B,False,False,1910.0,2025-12-04,75964822.99000001,142476.4315,0.04878166789281551,-0.026094376051456925,oos,no_trade,0
0001104659-25-117975,0001701541,BDTX,2025-12-03,acceptance_time,updated_after_release,2025-12-03T08:20:44,1,unclear,aact,2,unclear,1,unclear,1,market cap outside $300M-$10B,False,False,1910.0,2025-12-04,196278575.285,958788.8969999999,0.05621226017743528,-0.25349414517438906,oos,no_trade,0
0001104659-25-117697,0001211583,FENC,2025-12-03,acceptance_time,,2025-12-02T16:02:26,1,yes,text,1,yes,,,4,market cap outside $300M-$10B,False,False,1910.0,2025-12-04,213969068.69,312383.15475,0.03924813103352057,-0.033786671431758064,oos,clean_long,1
0001104659-25-117947,0001133869,CAPR,2025-12-03,acceptance_time,updated_after_release,2025-12-03T07:21:12,0,yes,aact,0,yes,0,yes,2,market cap outside $300M-$10B,False,False,1910.0,2025-12-04,289855131.5,2436778.802,0.08582003839839583,3.6828260372323363,oos,clean_long,1
0001213900-25-117577,0001359931,TARA,2025-12-03,acceptance_time,updated_after_release,2025-12-03T08:08:52,1,unclear,aact,2,unclear,0,yes,1,"no ticker printed in the release (missing, or today's SEC ticker)",,,,,,,,,oos,no_trade,0
0001213900-25-118097,0001844417,ESLA,2025-12-04,acceptance_time,updated_after_release,2025-12-04T09:21:19,2,yes,aact,3,unclear,2,yes,2,market cap outside $300M-$10B,False,False,1911.0,2025-12-05,65334468.97,162789.4055,0.10572589797035578,0.10956947445570564,oos,spun_short,-1
0001193125-25-310516,0001818794,DYN,2025-12-08,acceptance_time,,2025-12-08T06:36:58,1,yes,text,1,yes,,,2,,False,False,1913.0,2025-12-09,2895056405.49,11033683.313499998,0.037326748787685556,0.09277684101061201,oos,clean_long,1
0001549595-25-000121,0001549595,NRIX,2025-12-08,release_date_only,updated_after_release,2025-12-06T23:59,1,yes,aact,1,unclear,1,yes,3,,False,False,1913.0,2025-12-09,1391205774.4199998,5955195.707749999,0.04628056773307255,0.18512382895847734,oos,clean_long,1
0001104659-25-119095,0001888886,GPCR,2025-12-08,acceptance_time,updated_after_release,2025-12-08T08:47:01,1,yes,aact,1,yes,1,yes,3,,False,False,1913.0,2025-12-09,6296518702.8,7932096.4545,0.042357873242469535,1.0206054479650357,oos,clean_long,1
0001493152-25-026500,0001873835,IMMX,2025-12-08,release_date_only,updated_after_release,2025-12-07T23:59,2,yes,aact,2,unclear,2,yes,0,market cap outside $300M-$10B,False,False,1913.0,2025-12-09,186189305.785,418825.695,0.0717311854720119,0.10535945542743641,oos,spun_short,-1
0001824293-25-000160,0001824293,GRI,2025-12-08,acceptance_time,unchanged_since_release,2025-12-08T08:00:31,3,yes,aact,3,yes,3,yes,2,market cap outside $300M-$10B,False,True,1913.0,2025-12-09,6766264.89,42063.36975,0.06413326580886083,-0.3521859678332806,oos,no_trade,0
0001193125-25-310572,0001815442,KYMR,2025-12-08,acceptance_time,updated_after_release,2025-12-08T07:17:49,3,yes,aact,2,yes,3,yes,2,,False,False,1913.0,2025-12-09,4792524688.47,10696983.591500003,0.02119993448749912,0.41255790503837053,oos,spun_short,-1
0001601830-25-000174,0001601830,RXRX,2025-12-08,acceptance_time,updated_after_release,2025-12-08T07:31:44,1,yes,aact,2,unclear,1,yes,2,,False,False,1913.0,2025-12-09,791949105.225,14515983.457750002,0.045861637482143426,0.0246230594632022,oos,clean_long,1
0001193125-25-311276,0001786205,ACLX,2025-12-08,release_date_only,updated_after_release,2025-12-06T23:59,0,yes,aact,0,yes,0,yes,0,,False,False,1913.0,2025-12-09,4019845991.9199996,16700127.063499998,0.04703480810923614,0.06379205677160149,oos,clean_long,1
0001689548-25-000114,0001689548,PRAX,2025-12-08,release_date_only,,2025-12-06T23:59,1,yes,text,1,yes,,,0,"no ticker printed in the release (missing, or today's SEC ticker)",,,,,,,,,oos,no_trade,0
0001193125-25-310509,0001680581,FULC,2025-12-08,release_date_only,updated_after_release,2025-12-06T23:59,1,yes,aact,1,unclear,1,yes,4,,False,False,1913.0,2025-12-09,481654098.20000005,1945564.46625,0.0641803737871522,0.4576061398581919,oos,clean_long,1
0001193125-25-310595,0001631574,WVE,2025-12-08,acceptance_time,updated_after_release,2025-12-08T07:37:55,2,yes,aact,2,unclear,2,yes,2,,False,False,1913.0,2025-12-09,1253863380.0,4012938.8445,0.04503819127473926,1.4673889113937724,oos,spun_short,-1
0001171843-25-007795,0000882361,APTO,2025-12-08,release_date_only,unchanged_since_release,2025-12-06T23:59,1,yes,aact,2,unclear,1,yes,1,"no trade on previous day, reaction day or entry day",,,,,,,,,oos,no_trade,0
0001193125-25-310764,0001789972,CGEM,2025-12-08,acceptance_time,updated_after_release,2025-12-08T10:34:15,1,yes,aact,2,unclear,1,yes,2,,False,False,1913.0,2025-12-09,626208345.4,2914383.2090000003,0.09246007131286116,0.1721121818340241,oos,clean_long,1
0001628280-25-055953,0001854270,SNTI,2025-12-09,acceptance_time,updated_after_release,2025-12-09T07:04:36,1,yes,aact,1,unclear,1,yes,1,market cap outside $300M-$10B,False,False,1914.0,2025-12-10,62046377.68,32263.80625,0.07130346567442708,-0.3318841284829912,oos,clean_long,1
0001193125-25-312972,0001671584,APVO,2025-12-10,acceptance_time,,2025-12-09T17:23:00,2,unclear,text,2,unclear,,,0,market cap outside $300M-$10B,False,True,1915.0,2025-12-11,20810360.09,75871.902,0.0532415402562357,-0.03526963055093746,oos,no_trade,0
0001828185-25-000075,0001828185,BRNS,2025-12-10,acceptance_time,updated_after_release,2025-12-10T08:05:05,1,yes,aact,1,unclear,1,yes,0,market cap outside $300M-$10B,False,False,1915.0,2025-12-11,27291007.9452,8805.280600000002,0.04865532259969001,0.04244208417296691,oos,clean_long,1
0001104659-25-120141,0001649904,RYTM,2025-12-11,acceptance_time,updated_after_release,2025-12-11T07:50:13,2,yes,aact,2,unclear,1,yes,1,,False,False,1916.0,2025-12-12,6991936587.12,14491053.8215,0.02710957718096037,0.11376175063278127,oos,spun_short,-1
0001193125-25-315951,0001858848,TNYA,2025-12-12,acceptance_time,unchanged_since_release,2025-12-11T16:11:50,1,yes,aact,2,unclear,1,yes,1,market cap outside $300M-$10B,False,False,1917.0,2025-12-15,227280533.025,290642.53125000006,0.05735634280207944,-0.38503778514506726,oos,clean_long,1
0001493152-25-027321,0000715446,ANIX,2025-12-12,acceptance_time,updated_after_release,2025-12-11T18:34:20,0,yes,aact,0,yes,0,yes,2,market cap outside $300M-$10B,False,False,1917.0,2025-12-15,158001192.0,249942.95275,0.054265514851965395,-0.255777254009536,oos,clean_long,1
0001724521-25-000120,0001724521,RCUS,2025-12-12,acceptance_time,updated_after_release,2025-12-12T08:34:23,0,no,aact,0,no,0,no,0,,False,False,1917.0,2025-12-15,2714454695.04,4217622.586500001,0.025082774992545295,-0.1443636700795441,oos,clean_short,-1
0001193125-25-318429,0001472012,IMNM,2025-12-15,acceptance_time,updated_after_release,2025-12-15T07:05:25,0,yes,"text, match rejected",0,yes,0,yes,2,,False,False,1918.0,2025-12-16,1800272737.51,4814523.856500001,0.0450075329347762,0.15561111825369134,oos,clean_long,1
0001193125-25-318377,0001994702,KYTX,2025-12-15,acceptance_time,,2025-12-15T06:30:11,0,yes,text,0,yes,,,1,illiquid (Nasdaq 20-day dollar volume < $1.2M),False,False,1918.0,2025-12-16,384530372.59999996,921593.541,0.06152423127671033,0.23348167805187103,oos,clean_long,1
0001193125-25-319981,0001826457,GLUE,2025-12-16,acceptance_time,updated_after_release,2025-12-16T07:30:38,2,unclear,aact,3,unclear,2,unclear,2,,False,False,1919.0,2025-12-17,1071187168.4499999,2722394.28175,0.04261771693017019,0.1412666380771408,oos,spun_short,-1
0001193125-25-320009,0000906709,NKTR,2025-12-16,acceptance_time,updated_after_release,2025-12-16T08:00:21,3,no,aact,3,no,3,no,1,,False,False,1919.0,2025-12-17,1084410109.5900002,7967538.305499999,0.05777932370221299,-0.07261466295558705,oos,no_trade,0
0001193125-25-320901,0001613780,DBVT,2025-12-17,acceptance_time,updated_after_release,2025-12-16T16:21:29,0,yes,aact,0,yes,0,yes,3,illiquid (Nasdaq 20-day dollar volume < $1.2M),False,False,1920.0,2025-12-18,3040662869.62,1015409.1835,0.06693675773677811,0.26214111578677446,oos,clean_long,1
0001104659-25-121749,0001130598,TRAW,2025-12-17,acceptance_time,updated_after_release,2025-12-17T06:00:56,2,unclear,aact,2,unclear,2,unclear,3,market cap outside $300M-$10B,False,False,1920.0,2025-12-18,17579907.400000002,69684.04225000001,0.06477653785366294,-0.35511037576950033,oos,no_trade,0
0001437749-25-038079,0001659617,MBRX,2025-12-17,acceptance_time,unchanged_since_release,2025-12-17T08:30:12,2,yes,aact,1,yes,2,yes,1,reverse split between shares filing and event,False,False,,,,,,,oos,no_trade,0
0001140361-25-045836,0001104506,INSM,2025-12-18,acceptance_time,updated_after_release,2025-12-17T16:02:43,0,no,aact,0,no,0,no,0,market cap outside $300M-$10B,False,False,1921.0,2025-12-19,42328385392.43,108238363.11699998,0.01956583886074373,-0.1535578871770733,oos,clean_short,-1
0001193125-25-322950,0001754068,KLRS,2025-12-18,acceptance_time,,2025-12-17T17:19:38,1,unclear,text,1,unclear,,,2,market cap outside $300M-$10B,False,False,1921.0,2025-12-19,193570026.29999998,297683.41725000006,0.07445441493307599,0.0181524115842967,oos,no_trade,0
0001193125-25-323704,0001782223,PYXS,2025-12-18,acceptance_time,,2025-12-18T07:25:28,1,unclear,text,1,unclear,,,1,market cap outside $300M-$10B,False,False,1921.0,2025-12-19,209207762.4,665764.51575,0.07561707497041986,-0.4790827505965177,oos,no_trade,0
0001104659-25-122353,0001819411,GANX,2025-12-18,acceptance_time,unchanged_since_release,2025-12-18T09:00:45,1,yes,"text, match rejected",1,yes,2,yes,2,market cap outside $300M-$10B,False,False,1921.0,2025-12-19,146014533.12,822708.7715,0.056727923591882404,-0.4387055212127988,oos,clean_long,1
0001628280-25-058594,0001411685,VTGN,2025-12-18,release_date_only,unchanged_since_release,2025-12-17T23:59,0,no,aact,0,no,0,no,1,market cap outside $300M-$10B,False,False,1921.0,2025-12-19,33768610.605,908924.68475,0.19375633641448184,-0.12194929194990123,oos,clean_short,-1
0001104659-25-122724,0001326190,ALT,2025-12-19,acceptance_time,updated_after_release,2025-12-19T06:30:43,3,unclear,aact,2,unclear,3,no,1,,False,False,1922.0,2025-12-22,524919761.055,3409985.75875,0.03995651029962244,-0.25822036711940843,oos,no_trade,0
0001193125-25-332520,0001719714,MREO,2025-12-29,acceptance_time,,2025-12-29T08:54:12,1,no,text,1,no,,,0,illiquid (Nasdaq 20-day dollar volume < $1.2M),False,False,1927.0,2025-12-30,1845927729.28,886316.708,0.052036018885831654,-0.8635679076708346,oos,clean_short,-1
0001193125-25-332422,0001515673,RARE,2025-12-29,acceptance_time,,2025-12-29T08:45:24,1,no,text,1,no,,,0,,False,False,1927.0,2025-12-30,3299532859.8,10312382.761,0.029797589371550318,-0.4108990228150169,oos,clean_short,-1
0001493152-26-000270,0001231457,GNLX,2026-01-05,acceptance_time,updated_after_release,2026-01-05T08:15:29,2,unclear,aact,2,unclear,2,unclear,3,market cap outside $300M-$10B,False,False,1931.0,2026-01-06,172374522.63,104059.96449999999,0.025958578178209513,-0.2179785003893514,oos,no_trade,0
0001104659-26-000432,0001638287,MTVA,2026-01-05,acceptance_time,updated_after_release,2026-01-05T08:32:38,3,yes,aact,1,yes,2,yes,3,reverse split between shares filing and event,False,False,,,,,,,oos,no_trade,0
0001193125-26-001472,0001885522,NMRA,2026-01-05,acceptance_time,,2026-01-05T06:44:27,2,yes,text,2,yes,,,3,market cap outside $300M-$10B,False,False,1931.0,2026-01-06,276532483.67,263220.08525,0.03147238481363913,-0.0035036666191855526,oos,no_trade,0
0001104659-26-000402,0001953926,ZBIO,2026-01-05,acceptance_time,updated_after_release,2026-01-05T07:16:12,0,yes,aact,0,yes,0,yes,1,,False,False,1931.0,2026-01-06,1850320852.02,2491887.1577500002,0.07517006523303765,-0.5033384544332749,oos,clean_long,1
0001193125-26-002368,0001658247,CRNX,2026-01-06,acceptance_time,updated_after_release,2026-01-05T16:01:16,0,yes,"text, match rejected",0,yes,1,yes,1,,False,False,1932.0,2026-01-07,4569042096.0,11522492.867999999,0.025229593265521343,-0.06200756668046381,oos,clean_long,1
0001104659-26-001076,0001557746,ACRS,2026-01-06,acceptance_time,,2026-01-06T07:15:11,1,yes,text,1,yes,,,1,market cap outside $300M-$10B,False,False,1932.0,2026-01-07,286573157.15500003,677686.79775,0.04603132070405594,-0.01631701631701632,oos,clean_long,1
0001104659-26-001073,0001847367,ALMS,2026-01-06,acceptance_time,,2026-01-06T07:12:41,1,yes,text,1,yes,,,2,no shares outstanding,False,False,,,,,,,oos,no_trade,0
0001104659-26-001063,0001974640,APGE,2026-01-06,acceptance_time,,2026-01-06T07:00:45,2,unclear,text,2,unclear,,,2,,False,False,1932.0,2026-01-07,4598156009.76,13052795.149999999,0.01397432162618725,-0.00793208339647955,oos,no_trade,0
0001193125-26-005420,0001826457,GLUE,2026-01-07,acceptance_time,updated_after_release,2026-01-07T07:06:15,1,yes,aact,1,yes,1,yes,2,,False,False,1933.0,2026-01-08,1042535353.6100001,4200214.840499999,0.05922178571133744,0.41597573150136324,oos,clean_long,1
0001193125-26-005425,0001869105,BBOT,2026-01-07,acceptance_time,updated_after_release,2026-01-07T07:09:49,1,yes,aact,2,unclear,1,yes,2,illiquid (Nasdaq 20-day dollar volume < $1.2M),False,False,1933.0,2026-01-08,928668656.0699999,469928.43125,0.033152173977269786,0.006038951033083828,oos,clean_long,1
0001140361-26-000435,0000874015,IONS,2026-01-07,acceptance_time,,2026-01-07T06:02:27,0,yes,text,0,yes,,,1,market cap outside $300M-$10B,False,False,1933.0,2026-01-08,13192814309.85,26018568.955250002,0.017149919970139902,-0.013819144245800441,oos,clean_long,1
0000879407-26-000004,0000879407,ARWR,2026-01-07,acceptance_time,,2026-01-06T16:05:43,2,unclear,"text, match rejected",2,unclear,,,1,,False,False,1933.0,2026-01-08,9615316706.4,33834541.49075,0.043168140732027876,-0.1076211023983531,oos,no_trade,0
0001193125-26-007007,0001781174,ACRV,2026-01-08,acceptance_time,,2026-01-08T07:30:25,3,unclear,text,3,unclear,,,1,market cap outside $300M-$10B,False,False,1934.0,2026-01-09,92929846.07,224909.09249999997,0.07885883839376491,-0.32344774326803427,oos,no_trade,0
0001193125-26-007042,0001835022,COYA,2026-01-08,acceptance_time,,2026-01-08T08:10:31,2,yes,text,2,yes,,,0,market cap outside $300M-$10B,False,False,1934.0,2026-01-09,107342459.28,262907.678,0.027395210945938293,0.017305573716182687,oos,spun_short,-1
0001711279-26-000005,0001711279,KRYS,2026-01-09,acceptance_time,updated_after_release,2026-01-08T16:35:06,1,yes,aact,1,unclear,1,yes,0,,False,False,1935.0,2026-01-12,7204433595.549999,14399464.488499999,0.017168175959805902,0.04589892951853991,oos,clean_long,1
0001193125-26-010091,0001907108,LXEO,2026-01-12,acceptance_time,unchanged_since_release,2026-01-12T11:45:40,1,yes,aact,2,unclear,2,yes,3,,False,False,1936.0,2026-01-13,768921489.945,2622400.2755,0.04563601916261736,-0.22537244257420774,oos,clean_long,1
0001683168-26-000217,0001652935,ACTU,2026-01-13,acceptance_time,updated_after_release,2026-01-12T16:00:25,0,yes,aact,0,yes,0,yes,1,market cap outside $300M-$10B,False,False,1937.0,2026-01-14,134346435.84,93143.69124999999,0.03862568458864799,-0.040092650032134136,oos,clean_long,1
0001437749-26-001140,0001659617,MBRX,2026-01-13,acceptance_time,,2026-01-13T08:55:12,2,unclear,text,2,unclear,,,0,reverse split between shares filing and event,False,False,,,,,,,oos,no_trade,0
0001104659-26-003900,0001372299,OCGN,2026-01-15,acceptance_time,updated_after_release,2026-01-15T08:31:02,2,unclear,aact,2,unclear,2,unclear,2,,False,False,1939.0,2026-01-16,585600210.0,1387114.42925,0.06407354224194377,-0.11637051635790296,oos,no_trade,0
0001104659-26-004795,0001626971,CRVS,2026-01-20,acceptance_time,updated_after_release,2026-01-20T07:13:09,1,yes,"text, match rejected",1,yes,2,unclear,3,,False,False,1941.0,2026-01-21,601935888.32,2815871.63125,0.04765451182791329,1.6449075163844047,oos,clean_long,1
0000885590-26-000008,0000885590,BHC,2026-01-26,acceptance_time,,2026-01-23T16:06:26,0,no,text,0,no,,,0,,False,False,1945.0,2026-01-27,2187902448.03,1627815.2365,0.03173259987118917,-0.016793633604229807,oos,clean_short,-1
0001193125-26-024375,0001213037,CRDF,2026-01-28,acceptance_time,updated_after_release,2026-01-27T16:01:24,2,no,aact,2,unclear,2,no,2,market cap outside $300M-$10B,False,False,1947.0,2026-01-29,134384325.18,548428.1287499999,0.0822703795241947,-0.16781898728771671,oos,no_trade,0
0001193125-26-025649,0001534133,CALC,2026-01-28,acceptance_time,,2026-01-28T07:06:11,0,unclear,text,0,unclear,,,0,market cap outside $300M-$10B,False,False,1947.0,2026-01-29,71537546.24,75975.7725,0.06259907696532069,-0.7357084374756866,oos,no_trade,0
0001193125-26-029524,0001662774,QNCX,2026-01-30,acceptance_time,updated_after_release,2026-01-29T16:40:03,0,no,aact,0,no,0,no,1,market cap outside $300M-$10B,False,True,1949.0,2026-02-02,15034002.3,726534.2285,0.21826226733013596,-0.35277949441690515,oos,clean_short,-1
0001104659-26-008925,0001400118,SGMT,2026-02-02,acceptance_time,unchanged_since_release,2026-02-02T07:05:54,1,yes,aact,0,yes,1,yes,1,market cap outside $300M-$10B,False,False,1950.0,2026-02-03,173773053.575,800440.12325,0.04255665259329963,0.07721013224473094,oos,clean_long,1
0001193125-26-034474,0001515673,RARE,2026-02-03,acceptance_time,updated_after_release,2026-02-03T08:15:25,2,yes,aact,3,unclear,2,yes,1,,False,False,1951.0,2026-02-04,2388784608.44,15384984.005249998,0.033517433137756,-0.0005831562108926658,oos,no_trade,0
0001001233-26-000005,0001001233,SGMO,2026-02-04,acceptance_time,,2026-02-03T16:07:22,1,unclear,text,1,unclear,,,1,market cap outside $300M-$10B,False,False,1952.0,2026-02-05,131300149.60779999,301794.69758000004,0.12642935255383755,-0.05862775346133031,oos,no_trade,0
0001493152-26-005208,0000946644,AIM,2026-02-05,acceptance_time,updated_after_release,2026-02-05T08:40:53,3,unclear,aact,3,unclear,3,unclear,2,market cap outside $300M-$10B,False,False,1953.0,2026-02-06,3010035.27,5268.9075,0.04399925200746989,0.20716838828517736,oos,spun_short,-1
0001193125-26-039399,0001683553,SPRB,2026-02-06,acceptance_time,updated_after_release,2026-02-05T16:11:53,2,unclear,text,2,unclear,3,unclear,1,market cap outside $300M-$10B,False,False,1954.0,2026-02-09,75321936.9,551609.9182500001,0.0604007191085219,0.0036755215945103448,oos,spun_short,-1
0001493152-26-005717,0001858685,BFRI,2026-02-09,acceptance_time,updated_after_release,2026-02-09T09:20:43,0,yes,aact,0,yes,0,yes,1,market cap outside $300M-$10B,False,False,1955.0,2026-02-10,9724020.0404,11431.663100000002,0.05570548732406227,-0.05808705761525046,oos,clean_long,1
0001193125-26-043771,0002044725,EVMN,2026-02-10,acceptance_time,unchanged_since_release,2026-02-10T08:28:34,0,yes,aact,0,yes,0,yes,0,illiquid (Nasdaq 20-day dollar volume < $1.2M),False,False,1956.0,2026-02-11,538116267.51,323384.77875000006,0.07258564467564736,0.7025706065475601,oos,clean_long,1
0001493152-26-006081,0001445815,BIXT,2026-02-11,acceptance_time,unchanged_since_release,2026-02-11T06:04:17,4,no,aact,1,yes,4,no,0,no prices for the release's ticker,,,,,,,,,oos,no_trade,0
0001193125-26-045500,0002022626,UPB,2026-02-11,acceptance_time,updated_after_release,2026-02-11T06:38:51,0,yes,aact,0,yes,0,yes,2,,False,False,1957.0,2026-02-12,1502813215.71,4177767.3195,0.045033900230471664,-0.4677060488244359,oos,clean_long,1
0001140361-26-004995,0001743881,BBIO,2026-02-13,acceptance_time,,2026-02-12T16:05:57,1,yes,text,1,yes,,,2,market cap outside $300M-$10B,False,False,1959.0,2026-02-17,14651651052.39,45176922.4255,0.044767995843391334,-0.007024637839512127,oos,clean_long,1
0001437749-26-004455,0001659617,MBRX,2026-02-18,acceptance_time,updated_after_release,2026-02-18T08:20:16,3,unclear,aact,3,unclear,3,unclear,1,reverse split between shares filing and event,False,False,,,,,,,oos,no_trade,0
0001104659-26-016797,0001781983,APRE,2026-02-18,acceptance_time,updated_after_release,2026-02-18T08:30:38,1,yes,aact,2,unclear,1,yes,2,market cap outside $300M-$10B,False,False,1961.0,2026-02-19,3710675.724,267116.18779000005,0.09739269492780694,0.19589412261934802,oos,clean_long,1
0001213900-26-018396,0001711754,INMB,2026-02-20,acceptance_time,,2026-02-19T16:00:25,2,unclear,text,2,unclear,,,0,market cap outside $300M-$10B,False,False,1963.0,2026-02-23,35092540.56,74898.28575000001,0.04404538213619023,-3.586157432233783e-06,oos,no_trade,0
0001628280-26-009808,0002023658,BCAX,2026-02-20,acceptance_time,unchanged_since_release,2026-02-19T16:32:45,1,yes,aact,1,unclear,1,yes,1,,False,False,1963.0,2026-02-23,845285488.5,1375654.5995,0.03285713518391163,0.01774028155403118,oos,clean_long,1
0001104659-26-018128,0001211583,FENC,2026-02-23,acceptance_time,,2026-02-20T16:02:24,2,yes,text,2,yes,,,1,market cap outside $300M-$10B,False,False,1964.0,2026-02-24,245459917.17000002,216459.70524999997,0.024314909576810605,0.013864629091440595,oos,spun_short,-1
0001728117-26-000004,0001728117,GOSS,2026-02-23,acceptance_time,updated_after_release,2026-02-23T08:30:24,3,no,aact,2,no,3,no,3,,False,False,1964.0,2026-02-24,496473649.815,2273872.8030000003,0.045537684157090946,-0.8209792898761896,oos,no_trade,0
0001193125-26-065159,0001583648,PVLA,2026-02-24,acceptance_time,,2026-02-24T06:30:26,0,yes,text,0,yes,,,1,,False,False,1965.0,2026-02-25,1044333512.7,4566031.266999999,0.04350677201230348,0.3465377267311527,oos,clean_long,1
0001213900-26-019606,0001937993,CVKD,2026-02-24,acceptance_time,,2026-02-24T08:35:37,2,no,text,2,no,,,2,market cap outside $300M-$10B,False,False,1965.0,2026-02-25,14032712.2,59320.05725000001,0.06911794524354259,0.1396339712829462,oos,spun_short,-1
0001193125-26-068614,0001544227,TPST,2026-02-25,acceptance_time,unchanged_since_release,2026-02-25T08:09:00,2,yes,aact,2,unclear,1,yes,1,market cap outside $300M-$10B,False,False,1966.0,2026-02-26,11056000.89,27926.38275,0.040671642250660174,-0.06586202328284807,oos,no_trade,0
0001140361-26-006880,0002081043,ATAI,2026-02-26,acceptance_time,updated_after_release,2026-02-26T07:50:46,2,yes,aact,1,yes,2,yes,4,no shares outstanding,False,False,,,,,,,oos,no_trade,0
0001104659-26-021869,0001082554,UTHR,2026-03-02,acceptance_time,updated_after_release,2026-03-02T06:32:18,0,yes,aact,1,yes,0,yes,1,market cap outside $300M-$10B,False,False,1969.0,2026-03-03,22076881991.920002,35506061.9695,0.03537174331662899,0.02597449533772611,oos,clean_long,1
0001104659-26-021801,0001649904,RYTM,2026-03-02,release_date_only,,2026-03-01T23:59,0,yes,text,0,yes,,,0,,False,False,1969.0,2026-03-03,6333437367.25,16130747.1875,0.029749728168804647,0.031158267694036512,oos,clean_long,1
0001193125-26-084142,0001984086,SEPN,2026-03-02,release_date_only,updated_after_release,2026-03-01T23:59,1,yes,aact,0,yes,1,yes,2,,False,False,1969.0,2026-03-03,1301585761.44,2200161.604,0.047990559246404524,-0.008775454884700329,oos,clean_long,1
0001437749-26-006481,0000925741,BCDA,2026-03-03,acceptance_time,unchanged_since_release,2026-03-03T08:01:30,3,no,aact,3,unclear,3,no,3,market cap outside $300M-$10B,False,False,1970.0,2026-03-04,14539445.580000002,13092.406749999998,0.04402946808858214,-0.04174843302772613,oos,no_trade,0
0001104659-26-022572,0001583107,TBPH,2026-03-03,acceptance_time,unchanged_since_release,2026-03-03T08:35:05,0,no,aact,0,no,0,no,2,,False,False,1970.0,2026-03-04,960242567.4499999,2215223.7735,0.026644869037410458,-0.239643392872111,oos,clean_short,-1
0001213900-26-023439,0001506251,CTOR,2026-03-04,acceptance_time,unchanged_since_release,2026-03-04T09:25:21,1,yes,aact,1,unclear,1,yes,3,market cap outside $300M-$10B,False,False,1971.0,2026-03-05,23719012.62,31554.6855,0.026318191688802346,0.004902971724846994,oos,clean_long,1
0001213900-26-023440,0001851484,CTOR,2026-03-04,acceptance_time,unchanged_since_release,2026-03-04T09:25:21,1,yes,aact,1,unclear,1,yes,3,market cap outside $300M-$10B,False,False,1971.0,2026-03-05,93571716.24000001,31554.6855,0.026318191688802346,0.004902971724846994,oos,clean_long,1
0001829126-26-002020,0001979414,NTHI,2026-03-05,release_date_only,updated_after_release,2026-03-04T23:59,1,yes,aact,1,unclear,1,yes,0,market cap outside $300M-$10B,False,False,1972.0,2026-03-06,188413881.525,112026.928,0.057928034588187634,-0.001410149478297873,oos,clean_long,1
0001193125-26-097577,0001582313,XENE,2026-03-09,acceptance_time,updated_after_release,2026-03-09T07:36:58,0,yes,aact,0,yes,0,yes,1,,False,False,1974.0,2026-03-10,3489001853.04,7788504.516,0.02144355975822539,0.47199585808998834,oos,clean_long,1
0001213900-26-024918,0001553643,RLMD,2026-03-09,acceptance_time,updated_after_release,2026-03-09T07:11:01,0,yes,aact,0,yes,0,yes,1,illiquid (Nasdaq 20-day dollar volume < $1.2M),False,False,1974.0,2026-03-10,325601281.68,677989.4892499999,0.05410889356021314,0.5904372608661548,oos,clean_long,1
0001933414-26-000048,0001933414,MLYS,2026-03-10,acceptance_time,updated_after_release,2026-03-09T16:36:20,1,no,aact,1,no,1,no,3,,False,False,1975.0,2026-03-11,2157355200.56,7400624.768249999,0.03290963339799682,0.038514250959358565,oos,clean_short,-1
0001193125-26-099376,0001833214,SABS,2026-03-10,acceptance_time,updated_after_release,2026-03-10T07:35:30,2,unclear,"text, match rejected",2,unclear,2,unclear,3,market cap outside $300M-$10B,False,False,1975.0,2026-03-11,195142471.71,176610.46600000004,0.03176669447727726,0.06719081873624444,oos,spun_short,-1
0001213900-26-025464,0001851484,CTOR,2026-03-10,acceptance_time,updated_after_release,2026-03-10T09:11:34,1,yes,aact,2,unclear,2,yes,1,market cap outside $300M-$10B,False,False,1975.0,2026-03-11,89157956.04,30254.7045,0.025635381890954104,-0.023305264814669213,oos,clean_long,1
0001193125-26-100539,0001671584,APVO,2026-03-11,acceptance_time,,2026-03-10T17:59:12,2,unclear,text,2,unclear,,,2,reverse split between shares filing and event,False,False,,,,,,,oos,no_trade,0
0001193125-26-103167,0001515673,RARE,2026-03-12,acceptance_time,updated_after_release,2026-03-12T08:45:25,1,yes,aact,1,yes,1,yes,1,,False,False,1977.0,2026-03-13,2146147591.48,11538662.74925,0.040280745562296875,0.006776658005390623,oos,clean_long,1
0001193125-26-102489,0001707502,SLDB,2026-03-12,acceptance_time,updated_after_release,2026-03-11T17:34:28,1,yes,aact,2,unclear,1,yes,0,,False,False,1977.0,2026-03-13,601467045.0799999,2453272.12425,0.08020433343835867,0.028218826845921474,oos,clean_long,1
0001193125-26-107312,0001812364,RLAY,2026-03-16,acceptance_time,updated_after_release,2026-03-16T08:30:08,1,unclear,"text, match rejected",1,unclear,1,unclear,2,,False,False,1979.0,2026-03-17,1855173897.42,4341607.41275,0.03756858051602997,-0.04140683736429607,oos,no_trade,0
0001104659-26-028023,0001888886,GPCR,2026-03-16,acceptance_time,updated_after_release,2026-03-16T08:01:08,0,yes,aact,0,yes,0,yes,2,market cap outside $300M-$10B,False,False,1979.0,2026-03-17,11404114949.42,9777195.204250002,0.024974630085247276,0.038212790105313976,oos,clean_long,1
0001140361-26-010651,0001104506,INSM,2026-03-23,acceptance_time,unchanged_since_release,2026-03-23T07:00:30,0,yes,aact,0,yes,0,yes,1,market cap outside $300M-$10B,False,False,1984.0,2026-03-24,29323679931.84,71449520.361,0.026086394954671,0.04635717215408719,oos,clean_long,1
0001104659-26-032950,0001974640,APGE,2026-03-23,acceptance_time,,2026-03-23T06:36:25,1,yes,text,1,yes,,,1,,False,False,1984.0,2026-03-24,4531589371.25,12451672.647499999,0.026103248280504435,0.18337839232795394,oos,clean_long,1
0001104659-26-033724,0001372299,OCGN,2026-03-24,acceptance_time,updated_after_release,2026-03-24T12:02:11,2,yes,aact,2,yes,2,yes,2,,False,False,1985.0,2026-03-25,690223808.08,4137192.408749999,0.08905540601977949,-0.07513020988394492,oos,no_trade,0
0001193125-26-120770,0001503802,KPTI,2026-03-24,acceptance_time,updated_after_release,2026-03-24T08:00:37,2,no,aact,2,no,2,no,3,market cap outside $300M-$10B,False,False,1985.0,2026-03-25,121987387.2,1206271.7000000002,0.05034685813952853,-0.16294475813104725,oos,no_trade,0
0001193125-26-125092,0001631574,WVE,2026-03-26,acceptance_time,updated_after_release,2026-03-26T07:41:00,3,yes,aact,2,unclear,2,yes,1,,False,False,1987.0,2026-03-27,2313653384.66,7436484.220000001,0.039007421944305024,-0.4954037759721399,oos,no_trade,0
0001193125-26-127041,0001468748,KOD,2026-03-27,acceptance_time,updated_after_release,2026-03-26T21:56:48,0,yes,aact,0,yes,0,yes,1,,False,False,1988.0,2026-03-30,2109205497.28,6889769.975,0.17220611862373067,-0.03521691037192409,oos,clean_long,1
0001104659-26-036386,0001847367,ALMS,2026-03-30,release_date_only,,2026-03-28T23:59,1,yes,text,1,yes,,,2,no shares outstanding,False,False,,,,,,,oos,no_trade,0
0001104659-26-036445,0001082554,UTHR,2026-03-30,acceptance_time,updated_after_release,2026-03-30T07:00:25,1,yes,aact,0,yes,0,yes,4,market cap outside $300M-$10B,False,False,1989.0,2026-03-31,22923632885.44,67903498.391,0.029239370968983172,0.13151860120286418,oos,clean_long,1
0001193125-26-130433,0001590750,VRDN,2026-03-30,acceptance_time,,2026-03-30T07:50:20,0,yes,text,0,yes,,,2,,False,False,1989.0,2026-03-31,2799437979.69,7188929.9942499995,0.027008405123571385,-0.31690159868788614,oos,clean_long,1
0001835268-26-000006,0001835268,CNTB,2026-03-30,acceptance_time,,2026-03-30T07:06:04,2,unclear,text,2,unclear,,,2,market cap outside $300M-$10B,False,False,1989.0,2026-03-31,192587602.285,155260.95575000002,0.051003449662969866,-0.15996934400614282,oos,no_trade,0
0001999371-26-007254,0001430306,TNXP,2026-03-31,acceptance_time,unchanged_since_release,2026-03-31T07:05:34,0,yes,aact,0,yes,0,yes,0,market cap outside $300M-$10B,False,False,1990.0,2026-04-01,161266974.03,1343497.7112500002,0.05441960899100392,0.06928901857160441,oos,clean_long,1
0001104659-26-036821,0001781983,APRE,2026-03-31,acceptance_time,updated_after_release,2026-03-30T17:30:52,1,yes,aact,2,unclear,1,yes,1,market cap outside $300M-$10B,False,False,1990.0,2026-04-01,8474814.48,26443.987025000002,0.04015112393462417,-0.021295331364366454,oos,clean_long,1
0001193125-26-131786,0001835597,PEPG,2026-03-31,acceptance_time,updated_after_release,2026-03-30T17:30:21,2,yes,aact,3,no,2,yes,2,market cap outside $300M-$10B,False,False,1990.0,2026-04-01,292012108.7,960693.7077499998,0.06457297894335942,-0.6587813380811425,oos,no_trade,0
0001104659-26-038593,0001999480,ANRO,2026-04-02,acceptance_time,unchanged_since_release,2026-04-01T16:55:20,2,no,aact,1,no,2,no,4,illiquid (Nasdaq 20-day dollar volume < $1.2M),False,False,1992.0,2026-04-06,747844529.5600001,659160.3605,0.05588601176074989,-0.08054723621851811,oos,no_trade,0
0001493152-26-014834,0001535955,LPCN,2026-04-02,acceptance_time,unchanged_since_release,2026-04-02T09:35:13,3,no,aact,2,no,2,no,4,market cap outside $300M-$10B,False,False,1992.0,2026-04-06,67814092.22999999,207564.12199999997,0.06345878858470666,-0.7840660603435251,oos,no_trade,0
0001140361-26-012885,0001635088,ROIV,2026-04-02,acceptance_time,unchanged_since_release,2026-04-02T07:00:32,1,no,aact,1,no,1,no,1,market cap outside $300M-$10B,False,False,1992.0,2026-04-06,19917962642.71,30287089.446750004,0.02138644720246616,0.014129542901921477,oos,clean_short,-1
0001689548-26-000031,0001689548,PRAX,2026-04-07,acceptance_time,,2026-04-06T16:23:42,1,yes,text,1,yes,,,0,"no ticker printed in the release (missing, or today's SEC ticker)",,,,,,,,,oos,no_trade,0
0001140361-26-013659,0001104506,INSM,2026-04-08,acceptance_time,updated_after_release,2026-04-07T16:01:21,0,no,aact,0,no,0,no,0,market cap outside $300M-$10B,False,False,1995.0,2026-04-09,35143581123.84,85880481.26650001,0.03337868687495599,-0.030719708529863277,oos,clean_short,-1
0001193125-26-151893,0001676725,IDYA,2026-04-13,acceptance_time,unchanged_since_release,2026-04-13T06:05:15,0,yes,aact,0,yes,0,yes,1,,False,False,1998.0,2026-04-14,2680084104.04,7114688.7535,0.030722206084782995,0.05505184293639531,oos,clean_long,1
0001193125-26-151999,0001737287,ALLO,2026-04-13,acceptance_time,updated_after_release,2026-04-13T07:45:15,2,unclear,aact,2,unclear,2,unclear,1,,False,False,1998.0,2026-04-14,663075942.4000001,2091989.9957500002,0.06739672239651398,0.10534673153403618,oos,spun_short,-1
0001193125-26-152039,0001628171,RVMD,2026-04-13,acceptance_time,updated_after_release,2026-04-13T08:25:24,0,yes,aact,0,yes,0,yes,1,market cap outside $300M-$10B,False,False,1998.0,2026-04-14,19095988534.92,35242737.3215,0.020624939989845336,0.3947302931778718,oos,clean_long,1
0001628280-26-024831,0001636282,SYRE,2026-04-13,acceptance_time,updated_after_release,2026-04-13T07:46:49,1,yes,aact,1,yes,1,yes,1,,False,False,1998.0,2026-04-14,4031466618.12,8890362.1945,0.04472871991739543,0.21276442099439064,oos,clean_long,1
0001193125-26-154927,0001799448,ALGS,2026-04-15,acceptance_time,updated_after_release,2026-04-14T16:17:32,1,unclear,"text, match rejected",1,unclear,1,unclear,1,illiquid (Nasdaq 20-day dollar volume < $1.2M),False,False,2000.0,2026-04-16,366435611.2,102020.00125,0.04726438625356108,-0.14293763057848385,oos,no_trade,0
0001104659-26-044025,0001735438,MGTX,2026-04-16,acceptance_time,,2026-04-16T07:09:05,1,yes,text,1,yes,,,2,,False,False,2001.0,2026-04-17,915454456.24,1715962.6590000005,0.050827615233104695,-0.150362915238214,oos,clean_long,1
0001437749-26-012751,0001645469,MNPR,2026-04-20,release_date_only,unchanged_since_release,2026-04-19T23:59,1,yes,aact,1,yes,1,yes,2,,False,False,2003.0,2026-04-21,376232110.8,1636672.151,0.02952650468969671,-0.01667077832783803,oos,clean_long,1
0001104659-26-045198,0001761612,BCYC,2026-04-20,acceptance_time,,2026-04-20T07:06:05,2,unclear,text,2,unclear,,,1,market cap outside $300M-$10B,False,False,2003.0,2026-04-21,160432215.24,809405.21875,0.03388012527081426,-0.0002795144727583132,oos,no_trade,0
0002007919-26-000010,0002007919,INBX,2026-04-22,acceptance_time,,2026-04-21T16:04:25,2,unclear,text,2,unclear,,,4,,False,False,2005.0,2026-04-23,1228013516.52,4286559.87725,0.05958547626028379,0.3647424087637883,oos,spun_short,-1
0001193125-26-167078,0002012593,RAPP,2026-04-22,acceptance_time,unchanged_since_release,2026-04-21T16:50:43,1,yes,aact,2,unclear,1,yes,2,,False,False,2005.0,2026-04-23,1770250608.72,2570377.373,0.04265879997778968,-0.015286183834018585,oos,clean_long,1
0001193125-26-168569,0001833214,SABS,2026-04-22,acceptance_time,updated_after_release,2026-04-22T08:13:57,2,unclear,"text, match rejected",2,unclear,2,unclear,1,market cap outside $300M-$10B,False,False,2005.0,2026-04-23,194632961.34,422023.80374999996,0.02103413616120251,0.039434621747608256,oos,spun_short,-1
0001193125-26-167512,0001994702,KYTX,2026-04-22,acceptance_time,,2026-04-21T18:45:14,0,yes,text,0,yes,,,2,,False,False,2005.0,2026-04-23,587475759.96,1695342.0020000003,0.05998306854066653,0.04506343264110768,oos,clean_long,1
0001628280-26-027354,0001827635,MANE,2026-04-27,acceptance_time,unchanged_since_release,2026-04-27T09:10:32,0,yes,aact,0,yes,0,yes,2,,False,False,2008.0,2026-04-28,2529057841.7000003,2972709.39375,0.06202104514476617,0.47832165133007787,oos,clean_long,1
0001193125-26-179048,0001759425,MIRM,2026-04-27,acceptance_time,,2026-04-27T08:07:58,0,yes,text,0,yes,,,0,,False,False,2008.0,2026-04-28,5520654539.33,15542948.513500001,0.021074992633166586,0.011303587588627595,oos,clean_long,1
0001193125-26-179404,0001812364,RLAY,2026-04-27,acceptance_time,,2026-04-27T09:15:24,2,unclear,text,2,unclear,,,0,,False,False,2008.0,2026-04-28,2702334232.08,8791908.006749999,0.057069773934533725,-0.00966763776285795,oos,no_trade,0
0001213900-26-047743,0000907654,ORKA,2026-04-27,acceptance_time,updated_after_release,2026-04-27T08:00:37,1,yes,aact,1,yes,1,yes,2,,False,False,2008.0,2026-04-28,3419931959.73,15292458.795000002,0.03851181198939574,0.10805119393902451,oos,clean_long,1
0001213900-26-047748,0001410098,CRMD,2026-04-27,acceptance_time,,2026-04-27T08:05:12,0,yes,text,0,yes,,,1,,False,False,2008.0,2026-04-28,586553930.9,1237552.46125,0.019682652520038563,0.05683181317055541,oos,clean_long,1
0001193125-26-182137,0001761918,ERAS,2026-04-28,acceptance_time,updated_after_release,2026-04-27T16:17:23,2,yes,aact,2,unclear,2,yes,0,,False,False,2009.0,2026-04-29,5954919320.52,26092414.653000005,0.057253041635643515,-0.46901926611348665,oos,no_trade,0
0001104659-26-049787,0000812796,SNGX,2026-04-28,acceptance_time,updated_after_release,2026-04-28T07:30:13,0,no,aact,0,no,0,no,0,market cap outside $300M-$10B,False,False,2009.0,2026-04-29,14634632.18,48484.5545,0.034229848355861243,-0.6893122767871318,oos,clean_short,-1
0001193125-26-183710,0001840439,BMEA,2026-04-28,acceptance_time,updated_after_release,2026-04-28T08:30:07,4,unclear,aact,4,unclear,4,unclear,0,"no ticker printed in the release (missing, or today's SEC ticker)",,,,,,,,,oos,no_trade,0
0001070081-26-000006,0001070081,PTCT,2026-04-29,acceptance_time,,2026-04-28T16:29:29,2,yes,text,2,yes,,,1,,False,False,2010.0,2026-04-30,5815752529.8,11637075.422500001,0.020892607482931064,-0.06426743537075363,oos,no_trade,0
0001213900-26-050211,0001795091,OSTX,2026-05-01,acceptance_time,,2026-04-30T16:06:12,2,unclear,text,2,unclear,,,0,market cap outside $300M-$10B,False,False,2012.0,2026-05-04,67799484.305,68820.4005,0.06060972163044716,-0.05198667348893071,oos,no_trade,0
0001628280-26-028876,0001855175,CTNM,2026-05-01,acceptance_time,unchanged_since_release,2026-04-30T16:07:33,2,yes,aact,2,yes,2,yes,4,market cap outside $300M-$10B,False,False,2012.0,2026-05-04,295669414.40000004,734240.9815,0.030245302799639932,0.036791114411943826,oos,spun_short,-1
0001193125-26-202389,0001759138,CABA,2026-05-04,acceptance_time,updated_after_release,2026-05-04T06:02:39,1,yes,aact,2,unclear,2,unclear,0,illiquid (Nasdaq 20-day dollar volume < $1.2M),False,False,2013.0,2026-05-05,326732039.385,1102828.8485,0.031173404984670527,0.2786125605050789,oos,clean_long,1
0001193125-26-202609,0001759425,MIRM,2026-05-04,acceptance_time,updated_after_release,2026-05-04T08:00:06,0,yes,aact,0,yes,0,yes,0,,False,False,2013.0,2026-05-05,5824172872.84,10153502.8025,0.018779671549214814,0.07312161177549048,oos,clean_long,1
0001193125-26-205099,0001590750,VRDN,2026-05-05,acceptance_time,,2026-05-05T07:56:52,0,yes,text,0,yes,,,0,,False,False,2014.0,2026-05-06,1437024388.26,6198394.88425,0.026498773059523726,0.33379246105249516,oos,clean_long,1
0001326732-26-000036,0001326732,XNCR,2026-05-05,acceptance_time,updated_after_release,2026-05-05T08:41:27,0,unclear,aact,0,unclear,0,unclear,0,,False,False,2014.0,2026-05-06,979804257.12,2767421.8085000003,0.035283845054635034,-0.04004805137925582,oos,no_trade,0
0001534120-26-000028,0001534120,AVTX,2026-05-06,acceptance_time,unchanged_since_release,2026-05-05T16:01:30,0,yes,aact,0,yes,0,yes,2,,False,False,2015.0,2026-05-07,371223883.08,1988402.829,0.06177322145093774,0.3099322665175641,oos,clean_long,1
0001193125-26-208958,0001671584,APVO,2026-05-07,acceptance_time,,2026-05-06T16:08:30,2,unclear,text,2,unclear,,,1,market cap outside $300M-$10B,False,False,2016.0,2026-05-08,5861356.0,17729.781,0.04749727504776211,0.02700464679223713,oos,spun_short,-1
0001689375-26-000027,0001689375,TRDA,2026-05-07,acceptance_time,updated_after_release,2026-05-07T07:11:40,2,yes,aact,2,yes,2,yes,3,illiquid (Nasdaq 20-day dollar volume < $1.2M),False,False,2016.0,2026-05-08,613697537.39,860764.9327499999,0.03639635184747735,-0.5411601349677695,oos,no_trade,0
0001193125-26-210316,0001980845,ENGN,2026-05-07,acceptance_time,,2026-05-07T07:11:10,2,unclear,text,2,unclear,,,2,illiquid (Nasdaq 20-day dollar volume < $1.2M),False,False,2016.0,2026-05-08,593526668.76,453377.26550000004,0.04456448095894063,-0.7768482986676042,oos,no_trade,0
0001193125-26-215676,0001776111,MBX,2026-05-11,acceptance_time,updated_after_release,2026-05-11T07:04:22,2,yes,aact,2,unclear,2,yes,1,,False,False,2018.0,2026-05-12,1950071049.9199998,3582688.5195,0.05567876713054759,-0.021924499242537143,oos,no_trade,0
0002007919-26-000020,0002007919,INBX,2026-05-12,acceptance_time,unchanged_since_release,2026-05-11T16:02:50,1,unclear,aact,1,unclear,2,unclear,1,,False,False,2019.0,2026-05-13,1859621753.16,14325163.278,0.09724470126988662,-0.1493992910407277,oos,no_trade,0
0001628280-26-033883,0001411685,VTGN,2026-05-12,acceptance_time,unchanged_since_release,2026-05-12T07:44:41,2,unclear,aact,2,unclear,2,unclear,2,market cap outside $300M-$10B,False,False,2019.0,2026-05-13,26874461.0211,50045.041305,0.03901170530239946,-0.08492684098889292,oos,no_trade,0
0001193125-26-218150,0001520262,ALKS,2026-05-12,acceptance_time,unchanged_since_release,2026-05-12T07:07:58,0,yes,aact,0,yes,0,yes,2,,False,False,2019.0,2026-05-13,5913657632.36,13718255.4225,0.020309286039088582,0.07786403932217056,oos,clean_long,1
0001140361-26-021036,0001743881,BBIO,2026-05-13,release_date_only,unchanged_since_release,2026-05-12T23:59,0,yes,"text, match rejected",0,yes,0,yes,1,market cap outside $300M-$10B,False,False,2020.0,2026-05-14,12911173072.64,41153018.28824999,0.02250849757161695,0.03368680615903452,oos,clean_long,1
0001171843-26-003397,0001626971,CRVS,2026-05-14,acceptance_time,updated_after_release,2026-05-14T07:01:18,2,unclear,"text, match rejected",2,unclear,2,unclear,1,,False,False,2021.0,2026-05-15,1331151411.92,4953111.208249999,0.056180326383455464,-0.1303537679841248,oos,no_trade,0
0001628280-26-034834,0001854270,SNTI,2026-05-14,acceptance_time,unchanged_since_release,2026-05-14T08:48:56,2,yes,aact,2,unclear,2,yes,4,market cap outside $300M-$10B,False,False,2021.0,2026-05-15,29992398.101999998,19634.83404,0.0644872038641244,0.09770211392313366,oos,spun_short,-1
0001193125-26-227875,0001807120,DSGN,2026-05-18,acceptance_time,unchanged_since_release,2026-05-18T07:15:07,2,yes,aact,2,unclear,2,yes,1,,False,False,2023.0,2026-05-19,897506716.38,2009443.7049999996,0.07216426535500214,-0.23320875612581815,oos,no_trade,0
0001193125-26-228956,0001662774,QNCX,2026-05-19,acceptance_time,updated_after_release,2026-05-18T16:20:26,3,unclear,aact,3,unclear,3,unclear,4,market cap outside $300M-$10B,False,True,2024.0,2026-05-20,16212716.004,371566.27087,0.045385076171908505,0.07759560015500411,oos,spun_short,-1
0001193125-26-229770,0001812364,RLAY,2026-05-19,acceptance_time,,2026-05-19T08:45:19,2,unclear,text,2,unclear,,,2,,False,False,2024.0,2026-05-20,2317234665.675,7436804.0245,0.039551467844284156,0.0022660425364225967,oos,spun_short,-1
0001193125-26-229076,0001631574,WVE,2026-05-19,acceptance_time,unchanged_since_release,2026-05-18T16:51:59,1,yes,aact,1,unclear,1,yes,0,,False,False,2024.0,2026-05-20,1232023770.39,6406337.539,0.03460724088801368,-0.03456055047447626,oos,clean_long,1
0001193125-26-232717,0001583648,PVLA,2026-05-21,acceptance_time,,2026-05-20T16:35:15,1,yes,text,1,yes,,,0,,False,False,2026.0,2026-05-22,1656598482.0,4779763.00775,0.047251451906959334,-0.006025303474050503,oos,clean_long,1
0001725160-26-000045,0001725160,ZNTL,2026-05-22,acceptance_time,unchanged_since_release,2026-05-21T17:29:34,1,yes,aact,1,unclear,1,yes,2,market cap outside $300M-$10B,False,False,2027.0,2026-05-26,294355548.97999996,943753.49825,0.048864407048866826,-0.009929398210646756,oos,clean_long,1
0001193125-26-234848,0001750284,OLMA,2026-05-22,acceptance_time,unchanged_since_release,2026-05-21T17:05:15,0,yes,aact,1,unclear,0,yes,1,,False,False,2027.0,2026-05-26,1228105442.26,3090146.3005,0.0309411271774963,-0.01810734004225123,oos,clean_long,1
0001104659-26-065231,0001761612,BCYC,2026-05-22,acceptance_time,updated_after_release,2026-05-21T17:05:25,2,unclear,aact,2,unclear,2,unclear,2,market cap outside $300M-$10B,False,False,2027.0,2026-05-26,133543295.27000001,473823.7425,0.023434376372484307,0.030705637282951614,oos,spun_short,-1
0001193125-26-234991,0000728387,CATX,2026-05-22,acceptance_time,updated_after_release,2026-05-21T18:02:43,1,unclear,aact,1,unclear,1,unclear,0,illiquid (Nasdaq 20-day dollar volume < $1.2M),False,False,2027.0,2026-05-26,441929013.375,699609.49375,0.040669397469912244,0.032724578463691256,oos,no_trade,0
0001714899-26-000070,0001714899,DNLI,2026-05-22,acceptance_time,updated_after_release,2026-05-21T18:17:45,0,no,aact,0,no,0,no,1,,False,False,2027.0,2026-05-26,3063097924.1,8278462.340500002,0.031927674194941365,-0.025470307045250995,oos,clean_short,-1
0001628280-26-038307,0001357874,DTIL,2026-05-27,acceptance_time,updated_after_release,2026-05-27T07:30:35,1,yes,aact,2,unclear,1,yes,1,market cap outside $300M-$10B,False,False,2029.0,2026-05-28,195064987.32,459349.8042499999,0.038130439350224705,-0.004127698055733875,oos,clean_long,1
0001104659-26-066572,0001974640,APGE,2026-05-27,acceptance_time,,2026-05-27T06:37:49,0,yes,text,0,yes,,,1,,False,False,2029.0,2026-05-28,6196518269.0,9530208.18675,0.02315157265710451,-0.06851891274906341,oos,clean_long,1
0001935979-26-000048,0001935979,BHVN,2026-05-27,release_date_only,unchanged_since_release,2026-05-26T23:59,3,no,aact,2,unclear,3,no,1,,False,False,2029.0,2026-05-28,1516149169.3,2083666.0729999996,0.04106678836261271,0.11305598442089781,oos,spun_short,-1
0001493152-26-025270,0001535955,LPCN,2026-05-27,acceptance_time,unchanged_since_release,2026-05-26T17:08:04,0,unclear,aact,0,unclear,0,unclear,0,market cap outside $300M-$10B,False,False,2029.0,2026-05-28,18796896.84,48527.0485,0.018280013440283804,-0.012481916936268433,oos,no_trade,0
0001493152-26-025324,0001430306,TNXP,2026-05-27,acceptance_time,,2026-05-27T07:05:55,0,yes,text,0,yes,,,1,market cap outside $300M-$10B,False,False,2029.0,2026-05-28,203564028.76999998,1352743.9449999998,0.05761982397662505,-0.05782187214928147,oos,clean_long,1
0001437749-26-018586,0001001316,TGTX,2026-05-28,acceptance_time,updated_after_release,2026-05-27T16:34:57,0,yes,aact,0,yes,0,yes,0,,False,False,2030.0,2026-05-29,6000876336.0,21293266.4015,0.04212873598973789,-0.02069923150699915,oos,clean_long,1
0001140361-26-023093,0000874015,IONS,2026-05-28,acceptance_time,,2026-05-28T12:41:22,0,yes,text,0,yes,,,2,market cap outside $300M-$10B,False,False,2030.0,2026-05-29,12637627657.32,26890105.97,0.01635147045304701,-0.00015142431036596626,oos,clean_long,1
0001193805-26-000703,0001280776,IMUX,2026-05-28,acceptance_time,unchanged_since_release,2026-05-28T07:01:07,3,unclear,aact,3,unclear,3,unclear,4,market cap outside $300M-$10B,False,False,2030.0,2026-05-29,190837579.26,712000.2495,0.04976480380533872,0.06144289729312913,oos,spun_short,-1
0001437749-26-018819,0001659617,MBRX,2026-05-29,acceptance_time,,2026-05-29T09:26:14,1,unclear,text,1,unclear,,,1,market cap outside $300M-$10B,False,False,2031.0,2026-06-01,14621599.000000002,76532.59,0.04796674319937365,0.012731846850619455,oos,no_trade,0
0001104659-26-068604,0001661059,NXTC,2026-06-01,acceptance_time,updated_after_release,2026-06-01T08:10:58,2,unclear,aact,2,unclear,2,unclear,2,market cap outside $300M-$10B,False,False,2032.0,2026-06-02,22322753.279999997,85075.11999999998,0.08061191544082233,-0.43054499177267724,oos,no_trade,0
0001213900-26-063530,0001851484,CTOR,2026-06-02,acceptance_time,unchanged_since_release,2026-06-01T16:30:18,2,unclear,aact,2,unclear,2,unclear,1,market cap outside $300M-$10B,False,False,2033.0,2026-06-03,72906562.0564,9021.60528,0.04482646225809642,0.027527979934735658,oos,spun_short,-1
0001104659-26-069206,0001509261,RZLT,2026-06-02,acceptance_time,updated_after_release,2026-06-02T07:05:59,1,unclear,aact,1,unclear,1,unclear,0,illiquid (Nasdaq 20-day dollar volume < $1.2M),False,False,2033.0,2026-06-03,348096776.565,820532.3385000001,0.03407133846496084,0.15311937163876743,oos,no_trade,0
0001689548-26-000053,0001689548,PRAX,2026-06-02,acceptance_time,,2026-06-01T16:28:49,1,no,text,1,no,,,0,"no ticker printed in the release (missing, or today's SEC ticker)",,,,,,,,,oos,no_trade,0
0001213900-26-063531,0001506251,CTOR,2026-06-02,acceptance_time,unchanged_since_release,2026-06-01T16:30:19,2,unclear,aact,2,unclear,2,unclear,1,market cap outside $300M-$10B,False,False,2033.0,2026-06-03,21525560.137000002,9021.60528,0.04482646225809642,0.027527979934735658,oos,spun_short,-1
0001193125-26-251399,0001676725,IDYA,2026-06-02,acceptance_time,unchanged_since_release,2026-06-01T16:05:32,1,unclear,aact,0,unclear,0,unclear,1,"no ticker printed in the release (missing, or today's SEC ticker)",,,,,,,,,oos,no_trade,0
0001437749-26-019262,0001001316,TGTX,2026-06-03,acceptance_time,,2026-06-03T07:34:29,0,yes,text,0,yes,,,0,,False,False,2034.0,2026-06-04,5613574878.6,20682579.17,0.04100758744628535,0.07776519878798616,oos,clean_long,1
0001193125-26-254658,0001213037,CRDF,2026-06-03,acceptance_time,updated_after_release,2026-06-03T08:30:20,2,unclear,aact,4,unclear,4,unclear,0,"no ticker printed in the release (missing, or today's SEC ticker)",,,,,,,,,oos,no_trade,0
0001104659-26-069810,0001829635,RNAZ,2026-06-03,acceptance_time,unchanged_since_release,2026-06-03T08:08:44,1,yes,aact,1,yes,1,yes,1,market cap outside $300M-$10B,False,False,2034.0,2026-06-04,4903558.32,12600.590750000001,0.04078204984379932,-0.03930026883335058,oos,clean_long,1
0000950103-26-008465,0001771910,ADCT,2026-06-04,acceptance_time,unchanged_since_release,2026-06-03T16:17:06,0,yes,aact,0,yes,0,yes,0,illiquid (Nasdaq 20-day dollar volume < $1.2M),False,False,2035.0,2026-06-05,390476855.06,334269.71975,0.03166507737847181,-0.5993149121033032,oos,clean_long,1
0001193125-26-257430,0001880438,ANTX,2026-06-05,acceptance_time,unchanged_since_release,2026-06-04T16:15:49,1,yes,aact,1,unclear,1,yes,2,market cap outside $300M-$10B,False,False,2036.0,2026-06-08,150547552.98,256118.86925,0.04234970003173123,-0.05051987451712869,oos,clean_long,1
0001193125-26-258372,0001768446,CLYM,2026-06-05,acceptance_time,unchanged_since_release,2026-06-05T07:12:49,0,yes,aact,1,unclear,0,yes,0,,False,False,2036.0,2026-06-08,628147937.3100001,1855477.0522499997,0.050050073160139284,-0.00313749630425586,oos,clean_long,1
0001193125-26-260640,0001789972,CGEM,2026-06-08,release_date_only,,2026-06-06T23:59,2,unclear,"text, match rejected",2,unclear,,,2,,False,False,2037.0,2026-06-09,830912781.92,3156869.477,0.048677784852653894,-0.016781191103196647,oos,no_trade,0
0001193125-26-260679,0001819133,TNGX,2026-06-08,acceptance_time,,2026-06-08T07:15:55,2,unclear,text,2,unclear,,,1,,False,False,2037.0,2026-06-09,2919719516.6699996,12594818.27225,0.06139472685902039,0.5340359177992193,oos,spun_short,-1
0001104659-26-071211,0001638287,MTVA,2026-06-08,acceptance_time,unchanged_since_release,2026-06-08T09:01:47,1,yes,aact,1,unclear,1,yes,2,market cap outside $300M-$10B,False,False,2037.0,2026-06-09,13324074.6,1815245.1520800006,0.2270660170732931,-0.1339489815715238,oos,clean_long,1
0001193125-26-263831,0001680367,STTK,2026-06-09,release_date_only,unchanged_since_release,2026-06-08T23:59,1,yes,aact,1,unclear,1,yes,2,market cap outside $300M-$10B,False,False,2038.0,2026-06-10,298287211.13,1122354.8969999999,0.050216258769220215,0.07744486137386031,oos,clean_long,1
0001104659-26-072382,0001818382,HUMA,2026-06-11,acceptance_time,updated_after_release,2026-06-10T16:34:18,0,yes,aact,0,yes,0,yes,1,market cap outside $300M-$10B,False,False,2040.0,2026-06-12,299725795.8,1171764.7198649996,0.08957442888252497,-0.23389853410035044,oos,clean_long,1
0001104659-26-072633,0000894158,TOVX,2026-06-11,acceptance_time,unchanged_since_release,2026-06-11T08:10:25,2,unclear,aact,2,unclear,2,yes,1,market cap outside $300M-$10B,False,False,2040.0,2026-06-12,11069311.5216,5156.9752499999995,0.06307003146141642,0.29899256595492885,oos,spun_short,-1
0001549595-26-000034,0001549595,NRIX,2026-06-11,acceptance_time,updated_after_release,2026-06-11T07:06:57,1,yes,aact,1,unclear,1,yes,3,,False,False,2040.0,2026-06-12,1583142997.03,7398550.11125,0.036806922107671586,0.07823103505077333,oos,clean_long,1
0001619856-26-000043,0001619856,CRBU,2026-06-11,acceptance_time,unchanged_since_release,2026-06-11T08:02:57,2,unclear,aact,2,unclear,2,unclear,1,market cap outside $300M-$10B,False,False,2040.0,2026-06-12,176541423.5,699946.0057500001,0.04909657145169505,-0.09480157196968031,oos,no_trade,0
0001193125-26-266731,0001672619,ELVN,2026-06-11,acceptance_time,unchanged_since_release,2026-06-11T08:09:27,1,yes,aact,1,unclear,1,yes,2,,False,False,2040.0,2026-06-12,2252873952.54,6130601.3245,0.03377167127561277,0.060099843839633404,oos,clean_long,1
0001193125-26-266688,0001768446,CLYM,2026-06-11,acceptance_time,unchanged_since_release,2026-06-11T07:12:53,1,yes,aact,1,unclear,1,yes,0,,False,False,2040.0,2026-06-12,618413648.4000001,2018624.8907499998,0.05064279104550265,-0.021861497063313307,oos,clean_long,1
0001193125-26-270328,0001885522,NMRA,2026-06-15,acceptance_time,,2026-06-15T08:15:16,0,no,text,0,no,,,1,illiquid (Nasdaq 20-day dollar volume < $1.2M),False,False,2042.0,2026-06-16,328879533.09999996,314023.38,0.042569253680213075,-0.5012041595366593,oos,clean_short,-1
0001628280-26-043042,0001842952,CNTX,2026-06-15,acceptance_time,,2026-06-15T09:18:44,0,unclear,text,0,unclear,,,0,"no ticker printed in the release (missing, or today's SEC ticker)",,,,,,,,,oos,no_trade,0
0001636282-26-000083,0001636282,SYRE,2026-06-15,acceptance_time,updated_after_release,2026-06-15T08:01:32,1,yes,aact,1,yes,1,yes,0,,False,False,2042.0,2026-06-16,7012431179.75,14827691.724499997,0.045365045651483055,0.017761523104076637,oos,clean_long,1
0001628280-26-043170,0001649904,RYTM,2026-06-15,release_date_only,unchanged_since_release,2026-06-13T23:59,1,unclear,aact,2,unclear,2,unclear,1,,False,False,2042.0,2026-06-16,6066506371.639999,9008860.454,0.026540991556738985,-0.003698383806817196,oos,no_trade,0
0001493152-26-028610,0001053369,ELTP,2026-06-15,acceptance_time,,2026-06-15T07:02:38,0,yes,text,0,yes,,,0,no prices for the release's ticker,,,,,,,,,oos,no_trade,0
0001601485-26-000046,0001601485,ELTX,2026-06-15,acceptance_time,updated_after_release,2026-06-15T09:21:02,3,no,aact,3,no,3,no,3,market cap outside $300M-$10B,False,False,2042.0,2026-06-16,283237442.04,467117.68875000003,0.057977600476771925,-0.7449183313600526,oos,no_trade,0
0001171843-26-004119,0000882361,APS,2026-06-15,acceptance_time,unchanged_since_release,2026-06-15T08:00:25,1,yes,aact,2,unclear,1,yes,2,no prices for the release's ticker,,,,,,,,,oos,no_trade,0
0001493152-26-028807,0001828673,HCWB,2026-06-16,acceptance_time,updated_after_release,2026-06-16T07:15:40,2,unclear,aact,2,unclear,2,unclear,1,market cap outside $300M-$10B,False,True,2043.0,2026-06-17,8350288.96,4505599.845499999,0.32280079787675303,-0.08966067052110605,oos,no_trade,0
0001104659-26-076044,0001590560,QURE,2026-06-22,release_date_only,updated_after_release,2026-06-19T23:59,1,unclear,aact,1,unclear,1,unclear,2,no shares outstanding,False,False,,,,,,,oos,no_trade,0
0001193125-26-276693,0001783328,TCRX,2026-06-22,acceptance_time,updated_after_release,2026-06-22T07:09:59,2,unclear,aact,2,unclear,2,unclear,0,market cap outside $300M-$10B,False,False,2046.0,2026-06-23,22197852.9036,66719.92728999999,0.03683248550288802,-0.09677699157912467,oos,no_trade,0
0001193125-26-276738,0001806310,TSHA,2026-06-22,acceptance_time,updated_after_release,2026-06-22T08:14:24,2,unclear,aact,2,unclear,2,unclear,1,,False,False,2046.0,2026-06-23,1837673722.8999999,2485728.64,0.033738258751556824,-0.01849623749977547,oos,no_trade,0
0001213900-26-070362,0001821586,MLTX,2026-06-22,release_date_only,,2026-06-21T23:59,2,unclear,text,2,unclear,,,2,,False,False,2046.0,2026-06-23,1414151757.16,3019783.3567500003,0.030834094765611487,0.11578439152170983,oos,spun_short,-1
0001672688-26-000118,0001672688,ABSI,2026-06-24,acceptance_time,updated_after_release,2026-06-24T06:32:11,0,yes,aact,0,yes,0,yes,1,,False,False,2048.0,2026-06-25,1150579313.28,7709620.956249999,0.0937099009852384,0.34571930226344527,oos,clean_long,1
0001193125-26-286918,0002044725,EVMN,2026-06-29,acceptance_time,updated_after_release,2026-06-29T08:32:15,0,no,aact,0,no,0,no,0,illiquid (Nasdaq 20-day dollar volume < $1.2M),False,False,2051.0,2026-06-30,905141688.36,971684.2612499999,0.04422116414934588,-0.4210240178850261,oos,clean_short,-1
0001193125-26-286780,0001374690,LRMR,2026-06-29,acceptance_time,,2026-06-29T06:33:36,2,unclear,text,2,unclear,,,1,,False,False,2051.0,2026-06-30,380211549.42,1606705.0129999998,0.04410314449257012,-0.14656106132471358,oos,no_trade,0
0001437749-26-022088,0001659617,MBRX,2026-06-30,acceptance_time,updated_after_release,2026-06-30T08:30:18,2,no,aact,1,no,2,no,3,market cap outside $300M-$10B,False,False,2052.0,2026-07-01,18944042.5,146758.126,0.05588721757438905,-0.22190357913016256,oos,no_trade,0
0001628280-26-046143,0001411685,VTGN,2026-06-30,acceptance_time,unchanged_since_release,2026-06-30T08:28:42,2,no,aact,2,no,2,no,3,market cap outside $300M-$10B,False,False,2052.0,2026-07-01,31328277.8655,78292.782685,0.07187379653939299,-0.7033631288317775,oos,no_trade,0
0001517022-26-000047,0001517022,AKBA,2026-06-30,acceptance_time,unchanged_since_release,2026-06-30T08:05:11,0,yes,aact,0,yes,0,yes,2,market cap outside $300M-$10B,False,False,2052.0,2026-07-01,299107940.945,633424.622685,0.04031529751830719,0.009600242002913983,oos,clean_long,1
0001193125-26-290768,0001369568,CPRX,2026-07-01,acceptance_time,,2026-06-30T16:57:55,1,yes,text,1,yes,,,2,,False,False,2053.0,2026-07-02,3846434578.56,7473471.626,0.000686605973673865,0.010938445696763388,oos,clean_long,1
0001437749-26-022876,0000072444,VXRT,2026-07-07,release_date_only,,2026-07-06T23:59,0,unclear,text,0,unclear,,,1,"no trade on previous day, reaction day or entry day",,,,,,,,,oos,no_trade,0
0001104659-26-080930,0001346830,TVRD,2026-07-07,acceptance_time,unchanged_since_release,2026-07-07T07:02:35,0,yes,"text, match rejected",0,yes,0,yes,1,market cap outside $300M-$10B,False,False,2056.0,2026-07-08,19091035.040000003,60157.481499999994,0.07942939017688136,0.5041789525706653,oos,clean_long,1
0001104659-26-081562,0001567892,,2026-07-08,acceptance_time,,2026-07-08T07:17:28,0,yes,text,0,yes,,,1,"no ticker printed in the release (missing, or today's SEC ticker)",,,,,,,,,oos,no_trade,0
0001193125-26-298005,0001609809,MCRB,2026-07-08,acceptance_time,updated_after_release,2026-07-08T08:00:09,1,yes,aact,1,yes,1,yes,2,market cap outside $300M-$10B,False,False,2057.0,2026-07-09,78032465.72,154290.0035,0.050249222977426546,-0.11876759300604,oos,clean_long,1
0001140361-26-028092,0000874015,IONS,2026-07-09,acceptance_time,updated_after_release,2026-07-09T14:55:22,2,no,aact,2,no,2,no,3,market cap outside $300M-$10B,False,False,2058.0,2026-07-10,13956422854.2,30143506.175,0.0180059725538773,-0.2470327499805055,oos,no_trade,0
0001193125-26-299177,0001419041,FBRX,2026-07-09,acceptance_time,unchanged_since_release,2026-07-09T08:05:21,1,yes,aact,1,yes,1,yes,1,market cap outside $300M-$10B,False,False,2058.0,2026-07-10,285350477.40000004,1455295.17325,0.04400921179669067,0.7757484058885136,oos,clean_long,1
0001193125-26-301464,0001661998,QTTB,2026-07-13,acceptance_time,unchanged_since_release,2026-07-13T07:09:59,1,yes,aact,1,yes,1,yes,3,market cap outside $300M-$10B,False,False,2060.0,2026-07-14,189911848.0,1017659.8740000001,0.0657353718001725,0.9288702825528553,oos,clean_long,1
0001493152-26-033289,0001962011,KAPA,2026-07-15,acceptance_time,unchanged_since_release,2026-07-15T08:30:36,2,unclear,"text, match rejected",2,unclear,2,unclear,0,market cap outside $300M-$10B,False,True,2062.0,2026-07-16,7740148.077,463.12273500000003,0.05018821879088777,-0.13283629749213932,oos,no_trade,0
0001437749-26-023538,0001053691,CRVO,2026-07-15,acceptance_time,updated_after_release,2026-07-14T16:21:27,3,no,aact,3,no,3,no,2,market cap outside $300M-$10B,False,False,2062.0,2026-07-16,28516854.52,5721840.356250001,0.20486337617366351,-0.01774585543074292,oos,no_trade,0
0001827635-26-000023,0001827635,MANE,2026-07-15,acceptance_time,,2026-07-15T08:54:36,1,yes,text,1,yes,,,2,60-day window crosses the period end,False,False,2062.0,2026-07-16,4591477701.3,5701415.723750001,0.05192630838843107,0.1255414305317022,oos,clean_long,1
0001140361-26-028602,0001104506,INSM,2026-07-16,acceptance_time,unchanged_since_release,2026-07-16T07:00:46,1,yes,aact,1,yes,1,yes,1,market cap outside $300M-$10B,False,False,2063.0,2026-07-17,23795084070.78,67742465.07200001,0.024459812957610357,0.006314752112799971,oos,clean_long,1
0001125345-26-000050,0001125345,MGNX,2026-07-24,acceptance_time,updated_after_release,2026-07-23T16:07:30,0,yes,aact,0,unclear,0,yes,0,market cap outside $300M-$10B,False,False,2069.0,2026-07-27,254570307.61499998,1074321.611,0.04307533864643725,-0.06472548436892134,oos,clean_long,1
0001193125-26-316820,0001770069,MPLT,2026-07-27,acceptance_time,updated_after_release,2026-07-27T07:07:27,4,unclear,"text, match rejected",4,unclear,4,unclear,0,"no ticker printed in the release (missing, or today's SEC ticker)",,,,,,,,,oos,no_trade,0
0001326190-26-000044,0001326190,ALT,2026-07-28,acceptance_time,updated_after_release,2026-07-28T07:04:40,0,yes,aact,0,yes,0,yes,2,60-day window crosses the period end,False,False,2071.0,2026-07-29,576615866.61,1694399.3419999997,0.029601115486398058,0.017314575018760325,oos,clean_long,1
0001104659-26-087269,0001374339,PMN,2026-07-28,acceptance_time,unchanged_since_release,2026-07-28T06:05:27,1,unclear,aact,1,unclear,1,unclear,3,market cap outside $300M-$10B,False,False,2071.0,2026-07-29,105639423.53999999,180116.66100000002,0.07799975516172632,0.2219787813650128,oos,no_trade,0
0001104659-26-087891,0001133869,CAPR,2026-07-29,acceptance_time,updated_after_release,2026-07-29T10:05:21,0,yes,aact,0,yes,0,yes,1,"no trade on previous day, reaction day or entry day",,,,,,,,,oos,no_trade,0
0001193125-26-326995,0001503802,KPTI,2026-07-31,release_date_only,,2026-07-30T23:59,1,no,text,1,no,,,1,market cap outside $300M-$10B,False,False,2074.0,2026-08-03,158413971.57,1110580.5354999998,0.059822480410699506,-0.6970138848934387,oos,clean_short,-1
0001140361-26-030568,0001281895,RCKT,2026-08-03,acceptance_time,unchanged_since_release,2026-08-03T07:41:33,1,unclear,aact,1,unclear,1,unclear,1,illiquid (Nasdaq 20-day dollar volume < $1.2M),False,False,2075.0,2026-08-04,340137905.13500005,1157683.5705,0.03053165011923769,0.0892144077902417,oos,no_trade,0
0001520138-26-000312,0001580149,BIVI,2026-08-06,acceptance_time,updated_after_release,2026-08-06T07:35:24,3,no,aact,2,yes,2,yes,4,market cap outside $300M-$10B,False,False,2078.0,2026-08-07,15536188.34,65290.12975,0.1087089973558386,-0.3525638584075742,oos,no_trade,0
0001193125-26-336867,0001528115,ANNX,2026-08-06,acceptance_time,unchanged_since_release,2026-08-06T08:17:10,3,unclear,aact,2,unclear,3,unclear,2,market cap outside $300M-$10B,False,False,2078.0,2026-08-07,207279161.875,3172468.05575,0.05394012857440266,0.031529616417442785,oos,spun_short,-1
0001628280-26-054341,0001411685,VTGN,2026-08-07,acceptance_time,unchanged_since_release,2026-08-06T16:16:48,3,no,aact,3,no,3,no,4,market cap outside $300M-$10B,False,False,2079.0,2026-08-10,11448054.387000002,55552.87706499999,0.05997333020980436,0.007753018481559515,oos,spun_short,-1
0001193125-26-341236,0000034956,TENX,2026-08-10,acceptance_time,unchanged_since_release,2026-08-10T07:19:06,3,no,aact,3,no,3,no,4,60-day window crosses the period end,False,False,2080.0,2026-08-11,502977444.47999996,4730607.3117499985,0.04933937133231829,-0.9019735879052792,oos,no_trade,0
0001193125-26-341293,0001479615,SLN,2026-08-10,acceptance_time,,2026-08-10T07:57:19,0,yes,text,0,yes,,,0,illiquid (Nasdaq 20-day dollar volume < $1.2M),False,False,2080.0,2026-08-11,1690526811.2,1117134.39925,0.050092847772944156,0.2894699268434535,oos,clean_long,1
0001703057-26-000053,0001703057,ABCL,2026-08-10,acceptance_time,unchanged_since_release,2026-08-10T07:49:17,1,yes,aact,0,yes,4,no,1,60-day window crosses the period end,False,False,2080.0,2026-08-11,2124817459.3799999,5318816.376999999,0.05150216913574159,0.34385523604854473,oos,clean_long,1
0001193125-26-341230,0002036042,SION,2026-08-10,acceptance_time,updated_after_release,2026-08-10T07:15:06,0,no,aact,0,no,0,no,1,60-day window crosses the period end,False,False,2080.0,2026-08-11,2307640844.96,6181559.0565,0.04187053951087366,-0.915741967514176,oos,clean_short,-1
0001829126-26-008654,0001979414,NTHI,2026-08-12,acceptance_time,updated_after_release,2026-08-12T08:30:57,0,yes,"text, match rejected",0,yes,0,yes,2,market cap outside $300M-$10B,False,False,2082.0,2026-08-13,113082551.4,93845.1735,0.0701234966698781,-0.21891456262460052,oos,clean_long,1
0001193125-26-347400,0001789972,CGEM,2026-08-13,acceptance_time,,2026-08-12T19:35:50,0,yes,text,0,yes,,,1,60-day window crosses the period end,False,False,2083.0,2026-08-14,1263282643.22,2119753.0579999997,0.04122436776512711,0.015428330559474013,oos,clean_long,1
0001193125-26-354716,0001658551,AMLX,2026-08-18,acceptance_time,updated_after_release,2026-08-18T07:09:58,0,yes,aact,0,yes,0,yes,2,60-day window crosses the period end,False,False,2086.0,2026-08-19,2391138610.08,8651382.49275,0.0451996625420849,0.6337035316042143,oos,clean_long,1
0001193125-26-357185,0001515673,RARE,2026-08-20,acceptance_time,,2026-08-19T17:24:44,0,yes,text,0,yes,,,0,60-day window crosses the period end,False,False,2088.0,2026-08-21,2586972027.52,9898221.13725,0.026476767319119743,0.001969490980586186,oos,clean_long,1
0001185185-26-003691,0001098009,AAGH,2026-08-25,acceptance_time,,2026-08-24T16:08:00,4,unclear,text,4,unclear,,,1,"no ticker printed in the release (missing, or today's SEC ticker)",,,,,,,,,oos,no_trade,0
0001636282-26-000105,0001636282,SYRE,2026-08-26,acceptance_time,unchanged_since_release,2026-08-25T16:04:39,2,no,aact,2,no,2,no,4,60-day window crosses the period end,False,False,2092.0,2026-08-27,9471625514.04,14959330.704499999,0.030796846349559252,-0.12432031206869887,oos,no_trade,0
0001599298-26-000074,0001599298,SMMT,2026-08-26,release_date_only,,2026-08-25T23:59,0,yes,text,0,yes,,,1,market cap outside $300M-$10B,False,False,2092.0,2026-08-27,10653945934.710001,13229647.734000001,0.04124721836915158,0.06868238116696967,oos,clean_long,1
0001193125-26-372456,0001061983,CYTK,2026-08-28,acceptance_time,updated_after_release,2026-08-28T09:21:49,0,yes,aact,0,yes,0,yes,1,market cap outside $300M-$10B,False,False,2094.0,2026-08-31,10843826604.0,26802298.247250002,0.023439958337825046,-0.040859943670214616,oos,clean_long,1
0001104659-26-104145,0001847367,ALMS,2026-09-01,acceptance_time,unchanged_since_release,2026-09-01T08:30:46,2,no,aact,2,no,3,no,2,no shares outstanding,False,False,,,,,,,oos,no_trade,0
