adsh,cik,ticker,reaction_day,timing_basis,registry_source,event_time,spin_used,met_used,spin_source,spin_text,met_text,spin_registry,met_registry,spin_keyword,excluded,jump_during_hold,split_during_hold,entry_idx,entry_date,mcap,dv20,sigma20,first_day,period,group,direction
0001193125-25-000084,0001885522,NMRA,2025-01-02,acceptance_time,updated_after_release,2025-01-02T07:10:30,1,no,aact,1,no,1,no,3,,False,False,1680.0,2025-01-03,1715778499.6799998,2261071.434,0.03469659325662595,-0.8312377815018094,oos,clean_short,-1
0001104659-25-001350,0001671502,QNRX,2025-01-07,acceptance_time,updated_after_release,2025-01-06T16:34:50,3,unclear,aact,3,unclear,3,unclear,0,illiquid (Nasdaq 20-day dollar volume < $1.2M),False,False,1683.0,2025-01-08,2175826508.2314,54157.39477499999,0.0984015923232375,0.013792052952621203,oos,spun_short,-1
0001962918-25-000003,0001962918,SLRN,2025-01-07,acceptance_time,updated_after_release,2025-01-06T16:01:46,2,unclear,aact,2,unclear,3,unclear,1,illiquid (Nasdaq 20-day dollar volume < $1.2M),False,False,1683.0,2025-01-08,350637863.65500003,710208.711,0.06721180464599681,-0.37515264007389104,oos,no_trade,0
0001714899-25-000007,0001714899,DNLI,2025-01-07,acceptance_time,updated_after_release,2025-01-06T18:13:37,0,no,aact,0,no,0,no,1,,False,False,1683.0,2025-01-08,2852526587.68,3847460.9660000005,0.03233044728631289,0.06214209696576045,oos,clean_short,-1
0000950170-25-002555,0001776111,MBX,2025-01-07,acceptance_time,unchanged_since_release,2025-01-07T07:21:00,1,yes,aact,1,yes,1,yes,2,,False,False,1683.0,2025-01-08,545038087.5799999,1296338.6259999997,0.06514710979345319,-0.11232819699193708,oos,clean_long,1
0001790340-25-000012,0001790340,IMRX,2025-01-07,acceptance_time,updated_after_release,2025-01-07T08:26:10,1,unclear,aact,2,unclear,1,unclear,1,market cap outside $300M-$10B,False,False,1683.0,2025-01-08,61991972.96,185530.46174999996,0.06836448562251643,-0.0242209444657,oos,no_trade,0
0001437749-25-000678,0001659617,MBRX,2025-01-08,acceptance_time,updated_after_release,2025-01-08T08:30:51,3,unclear,text,3,unclear,3,unclear,0,market cap outside $300M-$10B,False,True,1684.0,2025-01-10,5238306.775,21397.900249999995,0.07287590056162829,0.020678930079543023,oos,spun_short,-1
0001193125-25-003214,0001706431,VIR,2025-01-08,acceptance_time,updated_after_release,2025-01-08T07:50:01,2,unclear,aact,2,unclear,2,unclear,1,,False,False,1684.0,2025-01-10,1087988948.0,1523979.9527500002,0.031162136669771905,0.5860991179581111,oos,spun_short,-1
0001213900-25-001810,0001788028,JSPR,2025-01-08,acceptance_time,updated_after_release,2025-01-08T07:05:29,1,yes,aact,1,yes,1,yes,1,,False,False,1684.0,2025-01-10,1977113624.9199998,1213266.126,0.05427309189395127,-0.5991781915255588,oos,clean_long,1
0001193125-25-004045,0002012593,RAPP,2025-01-10,release_date_only,updated_after_release,2025-01-09T23:59,0,unclear,"text, match rejected",0,unclear,0,unclear,1,illiquid (Nasdaq 20-day dollar volume < $1.2M),False,False,1685.0,2025-01-13,608632244.48,536796.67775,0.035779537621415856,-0.07276036500745964,oos,no_trade,0
0000950170-25-003781,0001832038,IVVD,2025-01-10,acceptance_time,,2025-01-10T07:08:18,0,unclear,text,0,unclear,,,0,market cap outside $300M-$10B,False,False,1685.0,2025-01-13,55753033.9135,75804.385715,0.08158076759316364,0.0009549620517715907,oos,no_trade,0
0001104659-25-002278,0001787297,PASG,2025-01-10,acceptance_time,updated_after_release,2025-01-10T07:00:25,2,unclear,aact,2,unclear,2,unclear,0,market cap outside $300M-$10B,False,False,1685.0,2025-01-13,39741071.8124,45535.90081499999,0.10532696048830897,0.07254884717063281,oos,spun_short,-1
0001193125-25-004455,0001496323,IGMS,2025-01-10,release_date_only,,2025-01-09T23:59,0,no,text,0,no,,,0,market cap outside $300M-$10B,False,False,1685.0,2025-01-13,160872974.91,419810.5710000001,0.052063348895352024,-0.6306297676458841,oos,clean_short,-1
0000950170-25-003832,0001650648,FDMT,2025-01-10,acceptance_time,updated_after_release,2025-01-10T08:36:20,2,unclear,aact,2,unclear,1,yes,0,"no ticker printed in the release (missing, or today's SEC ticker)",,,,,,,,,oos,no_trade,0
0001104659-25-002312,0001442836,MRSN,2025-01-10,acceptance_time,updated_after_release,2025-01-10T08:32:35,2,unclear,aact,2,unclear,1,unclear,1,market cap outside $300M-$10B,False,False,1685.0,2025-01-13,160592781.70000002,566479.47775,0.06570123185301119,-0.43133248039207506,oos,no_trade,0
0000950170-25-003801,0001658247,CRNX,2025-01-10,acceptance_time,updated_after_release,2025-01-10T07:34:34,1,yes,aact,0,yes,0,yes,1,,False,False,1685.0,2025-01-13,4494992780.69,7021541.9925,0.03237151173516324,-0.13198774693283766,oos,clean_long,1
0001683168-25-000274,0001533040,PHIO,2025-01-13,acceptance_time,updated_after_release,2025-01-13T10:55:47,1,yes,aact,2,unclear,1,yes,0,reverse split between shares filing and event,False,False,,,,,,,oos,no_trade,0
0001411685-25-000007,0001411685,VTGN,2025-01-15,acceptance_time,,2025-01-14T17:16:28,3,unclear,text,3,unclear,,,1,market cap outside $300M-$10B,False,False,1688.0,2025-01-16,78797008.78,191089.94275,0.048912316180699175,0.024775120317175547,oos,spun_short,-1
0002007919-25-000007,0002007919,INBX,2025-01-22,acceptance_time,,2025-01-21T17:03:34,2,unclear,text,2,unclear,,,0,market cap outside $300M-$10B,False,False,1692.0,2025-01-23,205413077.76,381305.46575,0.03633853266737254,-0.049589183611073784,oos,no_trade,0
0001213900-25-005700,0001873875,IXHL,2025-01-23,acceptance_time,unchanged_since_release,2025-01-23T07:30:25,0,yes,aact,0,yes,0,yes,0,market cap outside $300M-$10B,False,False,1693.0,2025-01-24,33344952.479999997,7185.776749999999,0.04937773591244169,-0.09336597366850563,oos,clean_long,1
0001193125-25-010817,0001827087,VIGL,2025-01-23,acceptance_time,updated_after_release,2025-01-23T07:15:17,0,yes,aact,1,unclear,0,yes,1,market cap outside $300M-$10B,False,False,1693.0,2025-01-24,82985354.55,86829.03874999999,0.04948281441867376,0.13834356838586426,oos,clean_long,1
0001104659-25-005455,0001130598,TRAW,2025-01-23,acceptance_time,,2025-01-23T07:00:19,0,yes,text,0,yes,,,0,market cap outside $300M-$10B,False,False,1693.0,2025-01-24,17396935.5,2157345.1945,0.3168086605332083,0.09722983953600317,oos,clean_long,1
0000320017-25-000004,0000320017,LSTA,2025-01-23,release_date_only,unchanged_since_release,2025-01-22T23:59,3,no,aact,2,no,3,no,4,market cap outside $300M-$10B,False,False,1693.0,2025-01-24,23085983.25,55656.280000000006,0.09261609135132953,-0.13929189959443156,oos,no_trade,0
0001104659-25-005648,0001390478,SLS,2025-01-24,acceptance_time,updated_after_release,2025-01-23T16:42:03,3,unclear,aact,3,unclear,3,unclear,0,market cap outside $300M-$10B,False,False,1694.0,2025-01-27,69607777.231,335881.93317,0.0524502738470324,0.03715186874959964,oos,spun_short,-1
0000950170-25-008992,0001564824,ALLK,2025-01-27,acceptance_time,updated_after_release,2025-01-27T07:05:07,0,yes,aact,0,no,0,yes,2,market cap outside $300M-$10B,False,False,1695.0,2025-01-28,107212360.8,106624.378465,0.09526234386737087,-0.8016969983775013,oos,clean_long,1
0001193125-25-012750,0001744659,AKRO,2025-01-27,acceptance_time,updated_after_release,2025-01-27T08:31:17,2,no,aact,2,no,2,no,1,,False,False,1695.0,2025-01-28,1827341694.6399999,4902191.57025,0.03700906383218014,0.9732248885590915,oos,spun_short,-1
0001104659-25-006544,0001509745,LPTX,2025-01-28,acceptance_time,updated_after_release,2025-01-28T08:00:32,2,unclear,aact,2,unclear,2,unclear,4,market cap outside $300M-$10B,False,False,1696.0,2025-01-29,86215268.25,381369.00299999997,0.06549235051005936,-0.7213852003790469,oos,no_trade,0
0000950170-25-009474,0001833214,SABS,2025-01-28,acceptance_time,,2025-01-28T07:11:34,1,yes,text,1,yes,,,1,market cap outside $300M-$10B,False,False,1696.0,2025-01-29,39685878.199999996,31998.727000000003,0.05132565785996944,-0.524434295986282,oos,clean_long,1
0001725160-25-000013,0001725160,ZNTL,2025-01-29,acceptance_time,updated_after_release,2025-01-29T09:18:14,1,yes,aact,2,unclear,2,unclear,1,market cap outside $300M-$10B,False,False,1697.0,2025-01-30,171036960.0,1106432.4725,0.059215407466406224,-0.1978341562019248,oos,clean_long,1
0000950170-25-010199,0001789972,CGEM,2025-01-29,release_date_only,updated_after_release,2025-01-28T23:59,0,yes,aact,0,yes,0,yes,0,"no ticker printed in the release (missing, or today's SEC ticker)",,,,,,,,,oos,no_trade,0
0001193125-25-015648,0001750149,IKT,2025-01-30,acceptance_time,,2025-01-29T16:05:22,2,yes,text,2,yes,,,1,market cap outside $300M-$10B,False,False,1698.0,2025-01-31,188811121.70000002,94108.91125,0.0340717765440898,-0.329252799733077,oos,no_trade,0
0001193125-25-016224,0001681087,TECX,2025-01-30,acceptance_time,,2025-01-30T06:35:25,0,unclear,text,0,unclear,,,0,"no ticker printed in the release (missing, or today's SEC ticker)",,,,,,,,,oos,no_trade,0
0001193125-25-021348,0001746466,EQ,2025-02-06,acceptance_time,,2025-02-06T08:01:27,2,unclear,text,2,unclear,,,0,market cap outside $300M-$10B,False,False,1703.0,2025-02-07,24953886.380900003,13843.827815,0.04117925281989575,0.35505880018458635,oos,spun_short,-1
0001999371-25-001243,0001430306,TNXP,2025-02-06,acceptance_time,,2025-02-06T08:06:04,0,yes,text,0,yes,,,1,reverse split between shares filing and event,False,False,,,,,,,oos,no_trade,0
0001140361-25-003645,0001444192,GRCE,2025-02-10,acceptance_time,unchanged_since_release,2025-02-10T08:11:31,2,yes,aact,2,yes,2,yes,1,market cap outside $300M-$10B,False,False,1705.0,2025-02-11,33258744.08,62663.925,0.04860622102853732,0.08336139574413515,oos,spun_short,-1
0000950170-25-016708,0001650648,FDMT,2025-02-10,release_date_only,updated_after_release,2025-02-08T23:59,1,yes,aact,2,unclear,1,yes,1,market cap outside $300M-$10B,False,False,1705.0,2025-02-11,297175418.19,1132363.1905,0.061409397832992325,-0.09868705790623045,oos,clean_long,1
0001213900-25-011733,0001711754,INMB,2025-02-11,acceptance_time,,2025-02-10T16:00:32,3,unclear,text,3,unclear,,,2,market cap outside $300M-$10B,False,False,1706.0,2025-02-12,203099651.16,1239201.03025,0.08460265320552651,-0.08735811969406693,oos,no_trade,0
0001753926-25-000211,0001347242,LIPO,2025-02-11,acceptance_time,updated_after_release,2025-02-11T09:28:38,1,yes,aact,1,yes,1,yes,4,market cap outside $300M-$10B,False,False,1706.0,2025-02-12,3699292.14,1327246.9855,0.2005166652778233,0.4292029443239712,oos,clean_long,1
0001193125-25-024005,0001740279,INAB,2025-02-11,acceptance_time,,2025-02-11T08:11:58,2,unclear,text,2,unclear,,,1,market cap outside $300M-$10B,False,False,1706.0,2025-02-12,19577726.6353,14245.836105,0.05669991393321918,0.09969414462983706,oos,spun_short,-1
0001370053-25-000010,0001370053,ANAB,2025-02-12,acceptance_time,unchanged_since_release,2025-02-12T08:30:37,2,yes,aact,1,yes,2,yes,2,,False,False,1707.0,2025-02-13,376402796.34,2228820.0395,0.04816611281395226,0.294326032852843,oos,spun_short,-1
0001628280-25-005018,0001398733,AQST,2025-02-12,acceptance_time,updated_after_release,2025-02-12T07:22:34,1,yes,aact,2,unclear,1,yes,0,market cap outside $300M-$10B,False,False,1707.0,2025-02-13,271255124.175,721664.2555,0.03392644017788714,0.12905222729181487,oos,clean_long,1
0000950170-25-020424,0001595097,CRBP,2025-02-14,acceptance_time,,2025-02-14T08:05:18,1,unclear,text,1,unclear,,,1,market cap outside $300M-$10B,False,False,1709.0,2025-02-18,115461489.36,719191.747,0.0659389177307345,-0.10998418476727723,oos,no_trade,0
0001356576-25-000008,0001356576,SUPN,2025-02-19,acceptance_time,,2025-02-18T16:35:35,0,no,text,0,no,,,0,,False,False,1711.0,2025-02-20,2194966101.75,3597532.4524999997,0.021160012529798065,-0.17045172675294418,oos,clean_short,-1
0001193805-25-000212,0001280776,IMUX,2025-02-20,acceptance_time,,2025-02-20T07:30:56,3,unclear,text,3,unclear,,,2,market cap outside $300M-$10B,False,False,1712.0,2025-02-21,94132571.72,103873.03496000002,0.0350976175166967,0.12724149805127616,oos,spun_short,-1
0000950170-25-024134,0001426800,ASMB,2025-02-21,acceptance_time,updated_after_release,2025-02-20T16:05:09,0,yes,aact,0,unclear,0,yes,1,market cap outside $300M-$10B,False,False,1713.0,2025-02-24,79707826.44,106293.49949999999,0.03437351403249565,0.0018302089052736337,oos,clean_long,1
0000950170-25-026100,0001841387,CADL,2025-02-25,acceptance_time,unchanged_since_release,2025-02-25T08:15:09,2,yes,aact,2,yes,2,yes,1,,False,False,1715.0,2025-02-26,355607130.15,2014963.06925,0.059796001917670386,-0.21712169180286,oos,no_trade,0
0001104659-25-017178,0001455365,CGTX,2025-02-26,acceptance_time,updated_after_release,2025-02-26T07:09:28,3,unclear,aact,2,unclear,3,unclear,1,market cap outside $300M-$10B,False,False,1716.0,2025-02-27,21467849.016500004,41897.174575000005,0.0434019672058363,-0.06121232275871591,oos,no_trade,0
0001140361-25-005994,0001472091,PDSB,2025-02-26,acceptance_time,,2025-02-26T08:05:28,3,unclear,text,3,unclear,,,0,market cap outside $300M-$10B,False,False,1716.0,2025-02-27,47322558.305,55578.941249999996,0.05882020145028235,0.22178765199747108,oos,spun_short,-1
0001104659-25-018234,0001671502,QNRX,2025-02-28,acceptance_time,,2025-02-27T16:16:27,4,yes,text,4,yes,,,0,illiquid (Nasdaq 20-day dollar volume < $1.2M),False,True,1718.0,2025-03-03,1205996962.2405,157313.92210499998,0.06823597788994583,-0.15389329210775549,oos,no_trade,0
0001689548-25-000037,0001689548,PRAX,2025-02-28,acceptance_time,updated_after_release,2025-02-28T08:03:42,0,no,aact,0,no,0,no,0,,False,False,1718.0,2025-03-03,1214251171.5500002,6917172.8025,0.050520750592370614,-0.426073144529203,oos,clean_short,-1
0001104659-25-019516,0001377121,PTGX,2025-03-03,acceptance_time,updated_after_release,2025-03-03T08:18:56,0,yes,aact,0,yes,0,yes,0,,False,False,1719.0,2025-03-04,2308049266.4,5108374.459999999,0.02772971542747674,0.05968708879509299,oos,clean_long,1
0001999371-25-002252,0001430306,TNXP,2025-03-04,acceptance_time,,2025-03-04T07:05:40,0,yes,text,0,yes,,,0,reverse split between shares filing and event,False,False,,,,,,,oos,no_trade,0
0001493152-25-008988,0001862150,CING,2025-03-04,acceptance_time,,2025-03-04T09:05:29,1,unclear,"text, match rejected",1,unclear,,,1,market cap outside $300M-$10B,False,False,1720.0,2025-03-05,12591953.36,43674.3805,0.027011399460294367,-0.021029084373763385,oos,no_trade,0
0001104659-25-021986,0001377121,PTGX,2025-03-10,release_date_only,updated_after_release,2025-03-08T23:59,0,yes,aact,0,yes,0,yes,2,"no ticker printed in the release (missing, or today's SEC ticker)",,,,,,,,,oos,no_trade,0
0001193125-25-050372,0001661998,QTTB,2025-03-10,release_date_only,updated_after_release,2025-03-08T23:59,2,yes,aact,2,yes,2,yes,1,market cap outside $300M-$10B,False,False,1724.0,2025-03-11,27041156.220000003,121537.52474999998,0.04196632797337251,-0.06454908516764202,oos,no_trade,0
0001628280-25-011459,0001933414,MLYS,2025-03-10,acceptance_time,updated_after_release,2025-03-10T07:05:22,0,yes,aact,0,yes,0,yes,2,illiquid (Nasdaq 20-day dollar volume < $1.2M),False,False,1724.0,2025-03-11,523772544.87,869993.4185,0.05435627133970846,0.43257934678476717,oos,clean_long,1
0001193125-25-050334,0001745999,BEAM,2025-03-10,acceptance_time,updated_after_release,2025-03-10T06:06:45,1,yes,aact,1,unclear,0,yes,0,,False,False,1724.0,2025-03-11,2382605758.65,11557995.529,0.050074296906982965,-0.08561915418291632,oos,clean_long,1
0001655759-25-000057,0001655759,ARVN,2025-03-11,acceptance_time,updated_after_release,2025-03-11T06:48:49,0,yes,aact,1,no,0,yes,1,,False,False,1725.0,2025-03-12,1208321703.19,5572952.863,0.039669024031986154,-0.5270136019070716,oos,clean_long,1
0000950170-25-036503,0001563880,TRVI,2025-03-11,acceptance_time,,2025-03-10T17:03:50,0,yes,text,0,yes,,,1,"no ticker printed in the release (missing, or today's SEC ticker)",,,,,,,,,oos,no_trade,0
0001437749-25-006832,0001053691,CRVO,2025-03-11,acceptance_time,updated_after_release,2025-03-10T16:13:02,4,unclear,aact,0,unclear,4,unclear,0,market cap outside $300M-$10B,False,False,1725.0,2025-03-12,18818529.479999997,33169.126000000004,0.031144488215969265,0.036247139588100774,oos,spun_short,-1
0001140361-25-007867,0001671927,IMCR,2025-03-11,acceptance_time,,2025-03-10T16:17:36,2,unclear,text,2,unclear,,,1,,False,False,1725.0,2025-03-12,1451474972.74,1317860.9185,0.02691677706174037,-0.019192425174098027,oos,no_trade,0
0001437749-25-007615,0001710340,ETON,2025-03-14,acceptance_time,,2025-03-14T07:15:13,0,yes,text,0,yes,,,0,"no ticker printed in the release (missing, or today's SEC ticker)",,,,,,,,,oos,no_trade,0
0001599901-25-000065,0001599901,RNA,2025-03-17,acceptance_time,,2025-03-17T07:02:13,4,unclear,text,4,unclear,,,0,,False,False,1729.0,2025-03-18,3738602561.1000004,9721992.646,0.03670694696833518,0.07496871319878462,oos,spun_short,-1
0001437749-25-008139,0001860657,ALLR,2025-03-18,release_date_only,updated_after_release,2025-03-17T23:59,0,unclear,"text, match rejected",0,unclear,0,unclear,0,market cap outside $300M-$10B,False,False,1730.0,2025-03-19,4078900.04,151934.89481000003,0.08496739472013491,-0.051194667388842485,oos,no_trade,0
0001764013-25-000037,0001764013,IMVT,2025-03-19,acceptance_time,updated_after_release,2025-03-19T07:51:41,1,yes,aact,1,yes,0,yes,0,,False,False,1731.0,2025-03-20,3189983626.7400002,4573425.3462499995,0.037958310778267015,-0.00958089421020003,oos,clean_long,1
0001213900-25-024826,0001782107,ONCO,2025-03-19,acceptance_time,,2025-03-19T08:30:37,1,unclear,text,1,unclear,,,0,market cap outside $300M-$10B,False,True,1731.0,2025-03-20,1028547.016,22923.145490000003,0.08450614627487261,-0.022696253721004145,oos,no_trade,0
0001140361-25-009362,0001635088,IMVT,2025-03-19,acceptance_time,,2025-03-19T07:51:07,0,yes,text,0,yes,,,0,market cap outside $300M-$10B,False,False,1731.0,2025-03-20,13400458821.240002,4573425.3462499995,0.037958310778267015,-0.00958089421020003,oos,clean_long,1
0001104659-25-025878,0001783032,ELEV,2025-03-20,acceptance_time,updated_after_release,2025-03-20T08:08:12,0,no,aact,0,no,0,no,0,market cap outside $300M-$10B,False,False,1732.0,2025-03-21,28299228.4305,41555.24102,0.045836678984693666,-0.4024842482155727,oos,clean_short,-1
0001104659-25-026392,0001130598,TRAW,2025-03-21,acceptance_time,,2025-03-21T07:01:01,2,unclear,text,2,unclear,,,0,market cap outside $300M-$10B,False,False,1733.0,2025-03-24,8713595.52,46743.25824999999,0.08021321076236569,-0.016074211984759113,oos,no_trade,0
0000950170-25-043483,0001463361,UBX,2025-03-24,acceptance_time,updated_after_release,2025-03-24T07:00:11,2,no,aact,2,no,2,no,3,market cap outside $300M-$10B,False,False,1734.0,2025-03-25,31205146.950000003,31727.59475,0.05652003026524657,-0.31670028237192416,oos,no_trade,0
0001171843-25-001678,0001069530,SAVA,2025-03-25,acceptance_time,updated_after_release,2025-03-25T08:15:10,0,no,aact,0,no,0,no,2,no shares outstanding,False,False,,,,,,,oos,no_trade,0
0001104659-25-027545,0001130598,TRAW,2025-03-25,acceptance_time,,2025-03-25T07:30:22,1,unclear,text,1,unclear,,,0,market cap outside $300M-$10B,False,False,1735.0,2025-03-26,8501806.74,47098.92224999999,0.0776045757795489,-0.03790582681596255,oos,no_trade,0
0000950170-25-044096,0001579428,AXSM,2025-03-25,acceptance_time,updated_after_release,2025-03-25T07:06:40,0,yes,aact,0,yes,0,yes,3,,False,False,1735.0,2025-03-26,6299027105.509999,15275943.826500002,0.014859245548832058,-0.049171016528435474,oos,clean_long,1
0001193125-25-061872,0001971543,MURA,2025-03-25,acceptance_time,updated_after_release,2025-03-25T06:38:54,0,no,aact,0,no,0,no,1,market cap outside $300M-$10B,False,False,1735.0,2025-03-26,66415061.805,83652.90949999998,0.034530503544477356,-0.5970493341157211,oos,clean_short,-1
0001193125-25-063184,0001631574,WVE,2025-03-26,acceptance_time,updated_after_release,2025-03-26T07:38:33,2,yes,aact,2,yes,2,yes,3,,False,False,1736.0,2025-03-27,1448908038.24,2679901.4274999998,0.052798487264962224,0.08709548736110839,oos,spun_short,-1
0001654954-25-003372,0001853816,DRMA,2025-03-27,acceptance_time,,2025-03-27T08:00:59,0,yes,text,0,yes,,,1,market cap outside $300M-$10B,False,False,1737.0,2025-03-28,7331374.800000001,24546.15725,0.03412824594999557,0.03186360964138735,oos,clean_long,1
0001193125-25-064685,0001505512,,2025-03-27,acceptance_time,,2025-03-27T07:15:19,3,unclear,text,3,unclear,,,0,"no ticker printed in the release (missing, or today's SEC ticker)",,,,,,,,,oos,no_trade,0
0001641172-25-001045,0001878313,MAIA,2025-03-28,acceptance_time,updated_after_release,2025-03-28T07:01:04,0,unclear,aact,0,unclear,0,unclear,0,market cap outside $300M-$10B,False,False,1738.0,2025-03-31,48819068.099999994,3818.5362499999997,0.0426237081737594,-0.005314816193281446,oos,no_trade,0
0001213900-25-025820,0001739174,PHGE,2025-03-31,acceptance_time,,2025-03-31T09:07:10,3,no,text,3,no,,,2,market cap outside $300M-$10B,False,False,1739.0,2025-04-01,13731329.15,569.00908,0.06348857354316369,0.012977517801549099,oos,spun_short,-1
0001104659-25-029654,0000894158,TOVX,2025-03-31,acceptance_time,updated_after_release,2025-03-31T08:31:30,0,unclear,aact,0,unclear,0,unclear,0,market cap outside $300M-$10B,False,False,1739.0,2025-04-01,3144167.3699999996,769.0835000000002,0.06065221474472186,0.03934115416518558,oos,no_trade,0
0001654954-25-003600,0000911216,PTN,2025-03-31,release_date_only,unchanged_since_release,2025-03-28T23:59,3,unclear,aact,3,unclear,3,unclear,0,market cap outside $300M-$10B,False,False,1739.0,2025-04-01,17340698.1128,9610.51903,0.04149456301712974,-0.08663365087380659,oos,no_trade,0
0000950170-25-046978,0000921299,FGEN,2025-03-31,acceptance_time,unchanged_since_release,2025-03-28T17:44:39,0,yes,aact,2,unclear,0,yes,1,market cap outside $300M-$10B,False,True,1739.0,2025-04-01,31637465.706,77670.324395,0.08014355902491473,0.015736688455456616,oos,clean_long,1
0001437749-25-009978,0000925741,BCDA,2025-03-31,acceptance_time,updated_after_release,2025-03-31T08:00:11,3,no,aact,3,no,3,no,1,market cap outside $300M-$10B,False,False,1739.0,2025-04-01,13244414.15,14711.844500000001,0.061825694012153404,-0.06313234406803003,oos,no_trade,0
0001193125-25-067871,0001088856,CORT,2025-03-31,acceptance_time,updated_after_release,2025-03-31T08:05:57,0,yes,aact,0,yes,0,yes,0,,False,False,1739.0,2025-04-01,5759432352.88,12354539.659,0.023380940497600203,1.1327648581402723,oos,clean_long,1
0001193125-25-067901,0001649094,PCVX,2025-03-31,acceptance_time,updated_after_release,2025-03-31T08:36:21,1,yes,aact,1,yes,1,yes,0,,False,False,1739.0,2025-04-01,8938631799.24,16364568.0825,0.028021926409262016,-0.41672338055103453,oos,clean_long,1
0001664710-25-000029,0001664710,KROS,2025-03-31,acceptance_time,,2025-03-31T06:01:11,0,yes,text,0,yes,,,1,,False,False,1739.0,2025-04-01,438475728.07,1798772.09925,0.0254921152797744,-0.022638494308449886,oos,clean_long,1
0000875320-25-000156,0000875320,VRTX,2025-03-31,acceptance_time,updated_after_release,2025-03-28T16:08:01,0,no,aact,0,no,0,no,0,market cap outside $300M-$10B,False,False,1739.0,2025-04-01,126469010482.5,138688624.78350002,0.013688419302312661,0.02374724553574392,oos,clean_short,-1
0001171843-25-001900,0001738021,CMPX,2025-04-01,acceptance_time,updated_after_release,2025-04-01T07:00:17,0,yes,aact,0,yes,0,yes,0,market cap outside $300M-$10B,False,False,1740.0,2025-04-02,262736746.2,435622.46900000004,0.04468270896129499,0.22035213233527884,oos,clean_long,1
0001628280-25-015759,0001398733,AQST,2025-04-01,acceptance_time,,2025-04-01T08:26:39,1,unclear,text,1,unclear,,,0,market cap outside $300M-$10B,False,False,1740.0,2025-04-02,286232613.255,789451.07675,0.05119725439728004,0.02059756456871209,oos,no_trade,0
0001104659-25-030839,0001710072,EWTX,2025-04-02,acceptance_time,updated_after_release,2025-04-02T06:06:33,1,yes,aact,1,unclear,1,yes,4,,False,False,1741.0,2025-04-03,1917434399.6200001,9149246.544,0.04485370502998723,-0.2615006955407362,oos,clean_long,1
0001104659-25-031240,0001671502,QNRX,2025-04-03,acceptance_time,,2025-04-02T16:59:29,4,unclear,text,4,unclear,,,0,illiquid (Nasdaq 20-day dollar volume < $1.2M),False,True,1742.0,2025-04-04,967145825.3517,109902.47832499999,0.09538668007918044,-0.10205701298669434,oos,no_trade,0
0001655759-25-000066,0001655759,ARVN,2025-04-04,acceptance_time,,2025-04-04T07:01:53,0,unclear,text,0,unclear,,,1,,False,False,1743.0,2025-04-07,474525882.3,6506544.766,0.12267611969854568,0.007958952661953234,oos,no_trade,0
0001558370-25-004507,0001649904,RYTM,2025-04-07,acceptance_time,,2025-04-07T07:01:12,0,yes,text,0,yes,,,1,,False,False,1744.0,2025-04-08,2962663847.22,6066342.001500001,0.03496178226531659,0.18296364683228583,oos,clean_long,1
0001739410-25-000052,0001739410,RLYB,2025-04-08,acceptance_time,updated_after_release,2025-04-08T08:25:00,0,no,aact,0,no,0,no,0,market cap outside $300M-$10B,False,False,1745.0,2025-04-09,17685116.575,6957.051194999998,0.09019630192259144,-0.4279738203859236,oos,clean_short,-1
0001193125-25-079607,0001840574,VERV,2025-04-14,acceptance_time,updated_after_release,2025-04-14T07:15:21,1,yes,aact,1,yes,1,yes,1,market cap outside $300M-$10B,False,False,1749.0,2025-04-15,289474203.68,1669806.4297500001,0.06957262520365225,0.23058814786679793,oos,clean_long,1
0001558370-25-004796,0001638287,MTVA,2025-04-15,acceptance_time,updated_after_release,2025-04-15T07:01:18,2,yes,aact,2,unclear,2,yes,3,market cap outside $300M-$10B,False,False,1750.0,2025-04-16,15924958.96,5133.011,0.0690696266643598,-0.5595756552413628,oos,no_trade,0
0001599298-25-000064,0001599298,SMMT,2025-04-23,acceptance_time,,2025-04-23T08:54:14,0,yes,text,0,yes,,,1,market cap outside $300M-$10B,False,False,1755.0,2025-04-24,20175539904.4,20722440.0115,0.07280456468109664,0.19646916362092082,oos,clean_long,1
0001854270-25-000046,0001854270,SNTI,2025-04-28,acceptance_time,updated_after_release,2025-04-28T07:12:26,1,yes,aact,3,unclear,1,yes,0,market cap outside $300M-$10B,False,False,1758.0,2025-04-29,129501742.68,14495.5245,0.06111654366482954,-0.28065082760950355,oos,clean_long,1
0001213900-25-035941,0001553643,RLMD,2025-04-28,acceptance_time,updated_after_release,2025-04-28T13:18:07,2,unclear,aact,2,unclear,2,unclear,2,market cap outside $300M-$10B,False,False,1758.0,2025-04-29,21408596.19,98603.47598999999,0.19717299960602203,-0.4631949576179092,oos,no_trade,0
0001213900-25-035785,0001359931,TARA,2025-04-28,release_date_only,updated_after_release,2025-04-26T23:59,1,yes,aact,2,unclear,1,yes,1,market cap outside $300M-$10B,False,False,1758.0,2025-04-29,158467774.14999998,308893.28374999994,0.0512955736397465,-0.20151758931991814,oos,clean_long,1
0001193805-25-000582,0001280776,IMUX,2025-04-30,acceptance_time,unchanged_since_release,2025-04-30T07:37:26,2,unclear,aact,3,no,3,no,4,market cap outside $300M-$10B,False,False,1760.0,2025-05-01,114491603.63,90558.67048500001,0.05342937049628268,-0.24179060237856498,oos,no_trade,0
0001193125-25-105825,0001585608,JAGX,2025-04-30,acceptance_time,,2025-04-30T08:15:22,3,unclear,text,3,unclear,,,1,illiquid (Nasdaq 20-day dollar volume < $1.2M),False,False,1760.0,2025-05-01,2051061487.0200002,218686.90425,0.09724959750222699,0.0191373079484336,oos,spun_short,-1
0001193125-25-110019,0001880438,ANTX,2025-05-02,acceptance_time,updated_after_release,2025-05-01T16:27:52,1,no,aact,0,no,0,no,0,market cap outside $300M-$10B,False,False,1762.0,2025-05-05,37322412.8,11396.05275,0.032175278138490436,-0.020068881352749868,oos,clean_short,-1
0001104659-25-045309,0000894158,TOVX,2025-05-07,acceptance_time,unchanged_since_release,2025-05-07T07:10:40,3,no,aact,3,no,3,no,1,market cap outside $300M-$10B,False,False,1765.0,2025-05-08,3784130.64,441.78569000000005,0.08746541674856825,-0.41862512578904054,oos,no_trade,0
0001437749-25-014880,0001645469,MNPR,2025-05-07,acceptance_time,unchanged_since_release,2025-05-07T06:00:58,2,unclear,"text, match rejected",2,unclear,3,unclear,1,market cap outside $300M-$10B,False,False,1765.0,2025-05-08,239888712.285,132797.52625000002,0.059032099517222644,-0.008079205739277784,oos,no_trade,0
0001104659-25-045886,0001455365,CGTX,2025-05-08,acceptance_time,unchanged_since_release,2025-05-08T07:35:46,3,unclear,aact,3,unclear,3,unclear,1,market cap outside $300M-$10B,False,False,1766.0,2025-05-09,21703765.404600002,13655.48928,0.06761185719364954,-0.06856446330948618,oos,no_trade,0
0001558370-25-007074,0001735438,MGTX,2025-05-09,acceptance_time,updated_after_release,2025-05-09T08:13:51,3,unclear,aact,3,yes,3,unclear,1,illiquid (Nasdaq 20-day dollar volume < $1.2M),False,False,1767.0,2025-05-12,430547950.56,833557.5487500001,0.052412044884404055,0.015846176381936306,oos,spun_short,-1
0000950170-25-069815,0001808865,ITOS,2025-05-13,acceptance_time,updated_after_release,2025-05-13T07:56:19,0,yes,aact,0,yes,0,no,2,market cap outside $300M-$10B,False,False,1769.0,2025-05-14,264854661.4,962872.413,0.05179730741281828,0.16181153888101207,oos,clean_long,1
0001753926-25-000842,0001347242,LIPO,2025-05-15,acceptance_time,,2025-05-15T09:10:57,0,yes,text,0,yes,,,1,market cap outside $300M-$10B,False,False,1771.0,2025-05-16,10766421.950000001,16235.620749999998,0.03675629636199762,-0.08704020483883945,oos,clean_long,1
0001736730-25-000041,0001736730,CAMP,2025-05-16,acceptance_time,updated_after_release,2025-05-16T06:28:22,0,yes,aact,0,unclear,0,yes,3,market cap outside $300M-$10B,False,False,1772.0,2025-05-19,42338253.300000004,65623.32999999999,0.08351458909971193,0.07005864958712182,oos,clean_long,1
0001193125-25-122156,0001894562,PRME,2025-05-19,acceptance_time,updated_after_release,2025-05-19T09:09:57,1,yes,aact,1,unclear,1,yes,1,market cap outside $300M-$10B,False,False,1773.0,2025-05-20,210071126.4,384846.61925,0.09815837831118303,-0.1743569665907364,oos,clean_long,1
0001140361-25-019620,0000874015,IONS,2025-05-19,acceptance_time,updated_after_release,2025-05-19T07:18:21,0,yes,aact,0,yes,0,yes,2,,False,False,1773.0,2025-05-20,5344562544.42,9193985.9795,0.023373624693065826,0.004966663546249972,oos,clean_long,1
0001104659-25-050219,0000921114,ARMP,2025-05-19,acceptance_time,updated_after_release,2025-05-19T07:06:04,1,yes,aact,0,yes,1,yes,1,market cap outside $300M-$10B,False,False,1773.0,2025-05-20,51213772.785000004,964.4812500000002,0.05825193233006467,0.6979818143279914,oos,clean_long,1
0001827506-25-000063,0001827506,TRML,2025-05-20,acceptance_time,updated_after_release,2025-05-20T09:02:35,0,yes,aact,0,yes,0,yes,1,,False,False,1774.0,2025-05-21,427713175.34999996,1204894.5555,0.04450652031526238,-0.048780093605084285,oos,clean_long,1
0001140361-25-020157,0001124105,GYRE,2025-05-23,acceptance_time,unchanged_since_release,2025-05-22T16:01:49,0,yes,aact,0,yes,0,yes,1,illiquid (Nasdaq 20-day dollar volume < $1.2M),False,False,1777.0,2025-05-27,1051022718.4200001,309484.27650000004,0.057484155652232374,-0.22865134089872508,oos,clean_long,1
0001104659-25-052220,0001526119,VSTM,2025-05-23,release_date_only,updated_after_release,2025-05-22T23:59,1,yes,aact,2,unclear,1,yes,0,,False,False,1777.0,2025-05-27,411294537.45,3226220.69575,0.047873008023432105,0.11573085197348976,oos,clean_long,1
0001193125-25-125881,0001559053,PRTA,2025-05-27,acceptance_time,updated_after_release,2025-05-23T16:33:24,0,no,aact,0,no,0,no,1,,False,False,1778.0,2025-05-28,353105001.91999996,2998457.2767499993,0.04245358715027599,-0.30848358992793545,oos,clean_short,-1
0000950170-25-076911,0001782303,BOLD,2025-05-27,acceptance_time,updated_after_release,2025-05-23T16:06:08,0,no,aact,0,no,0,no,0,market cap outside $300M-$10B,False,False,1778.0,2025-05-28,34473840.94,18133.483249999997,0.05377949449110602,-0.16269645023835677,oos,clean_short,-1
0001140361-25-020409,0001281895,RCKT,2025-05-27,acceptance_time,updated_after_release,2025-05-27T07:40:06,0,unclear,aact,0,unclear,0,unclear,0,,False,False,1778.0,2025-05-28,674978062.535,4390012.92075,0.06525915422700383,-0.6316981189606958,oos,no_trade,0
0001193125-25-128680,0001701108,SPRO,2025-05-28,acceptance_time,updated_after_release,2025-05-28T07:12:40,0,yes,aact,0,yes,0,yes,0,market cap outside $300M-$10B,False,False,1779.0,2025-05-29,38024826.9441,12967.745789999997,0.04995809102650985,2.4474774983317213,oos,clean_long,1
0001664710-25-000052,0001664710,KROS,2025-05-29,acceptance_time,updated_after_release,2025-05-29T06:58:59,0,no,aact,0,no,0,no,0,,False,False,1780.0,2025-05-30,594203506.82,2406175.6445,0.01961494155971149,-0.06451162347248551,oos,clean_short,-1
0001193125-25-129849,0001806310,TSHA,2025-05-29,release_date_only,updated_after_release,2025-05-28T23:59,3,unclear,aact,2,yes,2,yes,1,,False,False,1780.0,2025-05-30,523774584.59999996,2031467.39725,0.08552527600621587,0.10969811846805877,oos,spun_short,-1
0000950170-25-078428,0001835597,PEPG,2025-05-29,acceptance_time,updated_after_release,2025-05-28T17:11:50,0,no,aact,0,no,0,no,1,market cap outside $300M-$10B,False,False,1780.0,2025-05-30,51699089.940000005,62521.82674999999,0.07888048227094391,0.04184171672495851,oos,clean_short,-1
0001599298-25-000099,0001599298,SMMT,2025-06-02,acceptance_time,,2025-05-30T16:17:49,1,no,text,1,no,,,3,market cap outside $300M-$10B,False,False,1782.0,2025-06-03,13527659805.66,19423821.210750002,0.08594133080721067,-0.05355241525695953,oos,clean_short,-1
0001193125-25-132890,0001563880,TIVI,2025-06-02,acceptance_time,,2025-06-02T09:31:48,0,yes,text,0,yes,,,1,no prices for the release's ticker,,,,,,,,,oos,no_trade,0
0001437749-25-019062,0001742927,RVPH,2025-06-02,acceptance_time,unchanged_since_release,2025-06-02T07:05:26,1,yes,aact,1,yes,1,yes,1,market cap outside $300M-$10B,False,False,1782.0,2025-06-03,45510688.3413,51070.630525,0.07599235586822528,-0.12308778341649751,oos,clean_long,1
0001193125-25-132760,0001815442,KYMR,2025-06-02,acceptance_time,updated_after_release,2025-06-02T07:05:27,1,yes,aact,1,yes,1,yes,3,,False,False,1782.0,2025-06-03,1928841604.16,4620091.418,0.04925492310065003,0.42743356824010625,oos,clean_long,1
0001193125-25-132736,0001831828,VERA,2025-06-02,acceptance_time,updated_after_release,2025-06-02T06:36:56,0,yes,aact,0,yes,0,yes,2,,False,False,1782.0,2025-06-03,1207882552.52,5362053.646,0.043279949657110454,0.6481108981928265,oos,clean_long,1
0001641172-25-013176,0001878313,MAIA,2025-06-02,acceptance_time,updated_after_release,2025-06-02T06:06:48,0,unclear,aact,0,unclear,0,unclear,0,market cap outside $300M-$10B,False,False,1782.0,2025-06-03,53947017.14,16909.889750000002,0.054573902283198486,-0.03226948693821996,oos,no_trade,0
0001711279-25-000055,0001711279,KRYS,2025-06-03,acceptance_time,updated_after_release,2025-06-02T17:12:19,1,yes,aact,2,unclear,1,yes,0,"no ticker printed in the release (missing, or today's SEC ticker)",,,,,,,,,oos,no_trade,0
0001193125-25-134462,0002036042,SION,2025-06-04,acceptance_time,,2025-06-04T07:13:27,0,yes,text,0,yes,,,2,illiquid (Nasdaq 20-day dollar volume < $1.2M),False,False,1784.0,2025-06-05,642009932.7,306378.419,0.05086485840610357,0.08427081083168186,oos,clean_long,1
0001104659-25-056160,0001400118,SGMT,2025-06-04,acceptance_time,updated_after_release,2025-06-04T06:03:02,0,yes,aact,0,yes,0,yes,0,market cap outside $300M-$10B,False,False,1784.0,2025-06-05,111349723.64999999,218283.85525000002,0.04286563388482484,0.12094968959116059,oos,clean_long,1
0001437749-25-019375,0001659617,MBRX,2025-06-04,acceptance_time,unchanged_since_release,2025-06-04T08:45:11,3,yes,aact,3,unclear,3,yes,1,market cap outside $300M-$10B,False,False,1784.0,2025-06-05,11867094.959999999,30806.301480000002,0.04359070659589509,-0.20687793732737547,oos,no_trade,0
0001193125-25-137422,0002040807,MTSR,2025-06-09,acceptance_time,,2025-06-09T07:04:25,0,yes,text,0,yes,,,0,,False,False,1787.0,2025-06-10,2881673407.34,3926405.8079999997,0.05261934110430196,0.10918702150929649,oos,clean_long,1
0001193125-25-137432,0001936258,NAMS,2025-06-09,acceptance_time,updated_after_release,2025-06-09T07:28:48,3,yes,aact,2,yes,2,yes,2,,False,False,1787.0,2025-06-10,2263376848.32,2336038.4875,0.02852404951560472,0.0,oos,no_trade,0
0001140361-25-022023,0001104506,INSM,2025-06-10,acceptance_time,,2025-06-10T07:00:27,0,yes,text,0,yes,,,2,market cap outside $300M-$10B,False,False,1788.0,2025-06-11,12873579077.640001,30534862.790499996,0.02356990816236882,0.2741355446623641,oos,clean_long,1
0001437749-25-020040,0000072444,VXRT,2025-06-11,acceptance_time,,2025-06-11T08:18:02,1,yes,text,1,yes,,,1,market cap outside $300M-$10B,False,False,1789.0,2025-06-12,89417752.98539999,79360.67937,0.05791352897329662,0.29715858973880116,oos,clean_long,1
0001193125-25-138737,0001759138,CABA,2025-06-11,acceptance_time,,2025-06-11T06:11:28,2,unclear,text,2,unclear,,,1,market cap outside $300M-$10B,False,False,1789.0,2025-06-12,118992571.84500001,648801.9774999999,0.09895129630349157,-0.2408111546262257,oos,no_trade,0
0001171843-25-003854,0000882361,APS,2025-06-12,acceptance_time,updated_after_release,2025-06-12T12:15:09,1,unclear,aact,2,unclear,1,unclear,2,no prices for the release's ticker,,,,,,,,,oos,no_trade,0
0001549595-25-000086,0001549595,NRIX,2025-06-12,acceptance_time,updated_after_release,2025-06-12T08:02:05,1,yes,aact,1,unclear,1,yes,1,,False,False,1790.0,2025-06-13,962093196.28,2342014.654,0.04063246634933132,-0.052535018962577285,oos,clean_long,1
0001193125-25-140285,0001672619,ELVN,2025-06-13,acceptance_time,updated_after_release,2025-06-13T06:05:38,1,yes,aact,1,yes,1,yes,2,,False,False,1791.0,2025-06-16,964701612.28,1442167.798,0.06131102643822199,0.12404500591592993,oos,clean_long,1
0001641172-25-015172,0001053369,ELTP,2025-06-16,acceptance_time,,2025-06-16T07:05:36,0,yes,text,0,yes,,,0,no prices for the release's ticker,,,,,,,,,oos,no_trade,0
0001213900-25-054465,0001788028,JSPR,2025-06-16,release_date_only,updated_after_release,2025-06-14T23:59,1,yes,aact,0,yes,1,yes,0,market cap outside $300M-$10B,False,False,1792.0,2025-06-17,83222555.88,212854.48224999997,0.04338053362157406,0.013343188377498705,oos,clean_long,1
0001933414-25-000070,0001933414,MLYS,2025-06-17,acceptance_time,updated_after_release,2025-06-17T07:07:35,0,yes,aact,0,yes,0,yes,2,,False,False,1793.0,2025-06-18,876607610.15,2368220.834,0.029047002484788878,0.04113746798050677,oos,clean_long,1
0000950170-25-087068,0001851194,VTYX,2025-06-17,acceptance_time,updated_after_release,2025-06-17T08:00:29,2,yes,aact,2,yes,2,yes,2,market cap outside $300M-$10B,False,False,1793.0,2025-06-18,180393644.535,746074.46925,0.07712755966810553,-0.11900712482064912,oos,no_trade,0
0001193125-25-141739,0001818794,DYN,2025-06-17,acceptance_time,updated_after_release,2025-06-17T07:04:28,2,unclear,aact,2,unclear,1,unclear,1,,False,False,1793.0,2025-06-18,1569735442.18,5392340.224000001,0.03284479480017299,-0.19813610404989002,oos,no_trade,0
0001790340-25-000077,0001790340,IMRX,2025-06-17,acceptance_time,,2025-06-17T06:09:26,2,unclear,text,2,unclear,,,0,market cap outside $300M-$10B,False,False,1793.0,2025-06-18,61343521.36000001,78307.09650000001,0.06916629661484623,-0.20687215186277808,oos,no_trade,0
0001641172-25-015342,0001701478,AZTR,2025-06-17,acceptance_time,updated_after_release,2025-06-17T08:10:36,0,unclear,aact,0,unclear,0,unclear,1,market cap outside $300M-$10B,False,True,1793.0,2025-06-18,4440377.403,1536.3808349999997,0.03828306876387809,0.009178242925158342,oos,no_trade,0
0001193125-25-141756,0001636282,SYRE,2025-06-17,acceptance_time,updated_after_release,2025-06-17T07:35:45,0,yes,text,0,yes,0,unclear,2,,False,False,1793.0,2025-06-18,1036874177.98,1472283.1825,0.03210443773473514,-0.10188134441914543,oos,clean_long,1
0001193125-25-141795,0001806952,LYEL,2025-06-17,acceptance_time,,2025-06-17T08:49:17,0,yes,text,0,yes,,,0,reverse split between shares filing and event,False,False,,,,,,,oos,no_trade,0
0001558370-25-008711,0001727196,SRRK,2025-06-18,acceptance_time,updated_after_release,2025-06-18T07:10:13,0,yes,aact,0,yes,0,yes,1,,False,False,1794.0,2025-06-20,2957554256.2999997,7100579.342,0.0375733599350161,0.16210030440894396,oos,clean_long,1
0001816590-25-000085,0001816590,CMPS,2025-06-20,release_date_only,,2025-06-19T23:59,0,yes,text,0,yes,,,1,,False,False,1795.0,2025-06-23,448628605.635,1501341.6169999999,0.0394413259536316,-0.030041009311099987,oos,clean_long,1
0001104659-25-061375,0001868279,AVBP,2025-06-23,acceptance_time,updated_after_release,2025-06-23T07:06:57,1,unclear,"text, match rejected",1,unclear,0,yes,3,,False,False,1796.0,2025-06-24,862156537.1999999,1711611.2079999999,0.032648497466949124,-0.09429964508260213,oos,no_trade,0
0000950170-25-088738,0000876343,LCTX,2025-06-23,acceptance_time,updated_after_release,2025-06-23T09:26:11,3,unclear,aact,2,yes,2,yes,1,market cap outside $300M-$10B,False,False,1796.0,2025-06-24,203807988.825,48466.583135,0.07295420859942908,0.08727365090245864,oos,spun_short,-1
0001193125-25-144174,0001419041,FBRX,2025-06-23,acceptance_time,,2025-06-23T07:47:28,0,yes,text,0,yes,,,1,market cap outside $300M-$10B,False,False,1796.0,2025-06-24,96158154.86999999,122155.50899999999,0.11590931476472896,-0.12597478604932422,oos,clean_long,1
0001104659-25-061371,0001787297,PASG,2025-06-23,acceptance_time,updated_after_release,2025-06-23T07:00:59,2,unclear,aact,1,unclear,2,unclear,0,market cap outside $300M-$10B,False,True,1796.0,2025-06-24,23896011.353,14228.442560000001,0.08832338865535835,-0.11752038114469066,oos,no_trade,0
0000950170-25-089213,0001861560,NUVL,2025-06-24,acceptance_time,updated_after_release,2025-06-24T06:35:07,0,yes,aact,0,yes,0,yes,0,market cap outside $300M-$10B,False,False,1797.0,2025-06-25,237770596.32000002,7117260.9344999995,0.02255446338110908,-0.006271306418464961,oos,clean_long,1
0001213900-25-056909,0000906709,NKTR,2025-06-24,acceptance_time,updated_after_release,2025-06-24T07:45:13,0,yes,aact,0,yes,0,yes,1,reverse split between shares filing and event,False,False,,,,,,,oos,no_trade,0
0001628280-25-032748,0001001233,SGMO,2025-06-24,acceptance_time,,2025-06-24T08:08:25,1,yes,text,1,yes,,,1,market cap outside $300M-$10B,False,False,1797.0,2025-06-25,101637483.0948,226405.28935500002,0.03600286126919282,0.15115271413825426,oos,clean_long,1
0000950170-25-089949,0001426800,ASMB,2025-06-26,acceptance_time,updated_after_release,2025-06-25T16:05:30,0,yes,aact,0,yes,0,yes,1,market cap outside $300M-$10B,False,False,1799.0,2025-06-27,132320605.725,95838.59225,0.029281732373414877,-0.017791240707406786,oos,clean_long,1
0001140361-25-023732,0001228627,IRD,2025-06-26,acceptance_time,updated_after_release,2025-06-26T07:06:15,0,yes,aact,0,yes,0,yes,0,market cap outside $300M-$10B,False,False,1799.0,2025-06-27,57781869.2945,195305.17655499998,0.030468517264100225,0.05869603041073668,oos,clean_long,1
0001326190-25-000037,0001326190,ALT,2025-06-26,acceptance_time,updated_after_release,2025-06-26T07:30:26,2,no,aact,2,yes,3,no,2,,False,False,1799.0,2025-06-27,626145831.56,4602867.817749999,0.04421809513588855,-0.5371876474095131,oos,no_trade,0
0001824293-25-000082,0001824293,GRI,2025-06-26,acceptance_time,updated_after_release,2025-06-26T08:01:08,1,unclear,aact,0,unclear,0,unclear,4,market cap outside $300M-$10B,False,False,1799.0,2025-06-27,2890988.5500000003,21742.065499999997,0.04333741357887936,-0.06406348697965325,oos,no_trade,0
0000950170-25-090172,0001832038,IVVD,2025-06-26,acceptance_time,unchanged_since_release,2025-06-26T07:13:10,2,yes,aact,2,unclear,2,yes,0,market cap outside $300M-$10B,False,False,1799.0,2025-06-27,84488845.71350001,120773.57652499997,0.04972096220885761,0.1253959710585355,oos,spun_short,-1
0001999480-25-000053,0001999480,ANRO,2025-06-26,acceptance_time,updated_after_release,2025-06-26T07:40:43,2,no,aact,2,no,2,no,1,market cap outside $300M-$10B,False,False,1799.0,2025-06-27,69575371.53,52440.969,0.04145140485473061,-0.10986259347914873,oos,no_trade,0
0001600620-25-000083,0001600620,AUPH,2025-06-30,acceptance_time,,2025-06-30T06:03:53,0,yes,text,0,yes,,,0,,False,False,1801.0,2025-07-01,1164599083.24,2371772.45825,0.021143938040163797,-0.013755905291700343,oos,clean_long,1
0001213900-25-059252,0001711754,INMB,2025-06-30,release_date_only,updated_after_release,2025-06-29T23:59,3,no,aact,3,no,3,no,0,market cap outside $300M-$10B,False,False,1801.0,2025-07-01,123247101.86999999,3438156.6144999997,0.07520050858320725,-0.5692961677217344,oos,no_trade,0
0001140361-25-024290,0001840904,ATAI,2025-07-01,acceptance_time,updated_after_release,2025-07-01T07:16:59,0,yes,aact,0,yes,0,yes,1,illiquid (Nasdaq 20-day dollar volume < $1.2M),False,False,1802.0,2025-07-02,437737675.665,843359.7784999998,0.06045442083168493,0.23581471736273119,oos,clean_long,1
0001193805-25-000946,0001768224,ARCT,2025-07-01,acceptance_time,updated_after_release,2025-06-30T16:05:54,2,yes,aact,2,unclear,1,yes,4,,False,False,1802.0,2025-07-02,352839045.03,1425993.5555,0.04022495361684433,-0.0029401921682227217,oos,no_trade,0
0001193125-25-155811,0001622229,COGT,2025-07-07,acceptance_time,updated_after_release,2025-07-07T07:15:14,0,yes,aact,0,yes,0,yes,1,,False,False,1805.0,2025-07-08,865309050.4,3412119.1424999996,0.04226913546320412,0.2515871411553393,oos,clean_long,1
0001104659-25-065926,0001974640,APGE,2025-07-07,acceptance_time,updated_after_release,2025-07-07T06:06:11,1,yes,aact,2,yes,1,yes,2,,False,False,1805.0,2025-07-08,2761315375.36,8414809.511,0.03466111175391846,-0.15273584959857245,oos,clean_long,1
0000950170-25-094445,0001850270,PROK,2025-07-08,acceptance_time,updated_after_release,2025-07-08T07:03:08,2,yes,aact,2,yes,2,yes,3,no shares outstanding,False,False,,,,,,,oos,no_trade,0
0001104659-25-066724,0001649904,RYTM,2025-07-10,acceptance_time,,2025-07-09T16:39:20,1,yes,text,1,yes,,,2,,False,False,1808.0,2025-07-11,5662311008.0,12505546.712000001,0.08428806878298248,-0.005355251076150314,oos,clean_long,1
0001641172-25-018894,0001401914,DARE,2025-07-14,acceptance_time,updated_after_release,2025-07-14T08:01:40,1,unclear,aact,1,unclear,1,unclear,1,market cap outside $300M-$10B,False,False,1810.0,2025-07-15,22214468.86,54205.19299999999,0.03288345641974801,0.2246760086092412,oos,no_trade,0
0001641172-25-019645,0001962011,KAPA,2025-07-15,acceptance_time,,2025-07-15T09:11:08,1,unclear,text,1,unclear,,,2,market cap outside $300M-$10B,False,False,1811.0,2025-07-16,11543459.5406,5347.682015,0.05751410480559284,0.7341254952131632,oos,no_trade,0
0001437749-25-022877,0001401040,DMAC,2025-07-17,acceptance_time,unchanged_since_release,2025-07-17T08:05:13,2,yes,aact,1,yes,2,yes,1,market cap outside $300M-$10B,False,False,1813.0,2025-07-18,170676190.7,153803.0545,0.05089955344680049,-0.015979281443088356,oos,no_trade,0
0000950170-25-097323,0001520262,ALKS,2025-07-22,acceptance_time,updated_after_release,2025-07-21T17:16:35,0,yes,aact,0,yes,0,yes,4,,False,False,1816.0,2025-07-23,4395443751.675,11431801.1345,0.023145946910499055,0.003065501415520311,oos,clean_long,1
0001023024-25-000072,0001023024,ANIP,2025-07-23,acceptance_time,unchanged_since_release,2025-07-23T06:53:00,3,no,aact,2,no,3,no,3,,False,False,1817.0,2025-07-24,1621636736.0000002,3569962.4665,0.0169531888192968,-0.010182067214770552,oos,no_trade,0
0001711279-25-000069,0001711279,KRYS,2025-07-25,acceptance_time,unchanged_since_release,2025-07-24T16:45:59,1,yes,aact,1,yes,1,yes,1,,False,False,1819.0,2025-07-28,4338558828.4,7886181.922,0.018182938190646477,-0.017756881179168293,oos,clean_long,1
0001493152-25-011441,0000946644,AIM,2025-07-28,acceptance_time,updated_after_release,2025-07-28T09:20:23,3,unclear,aact,3,unclear,3,unclear,2,illiquid (Nasdaq 20-day dollar volume < $1.2M),False,False,1820.0,2025-07-29,611391112.0,3287.0464999999995,0.02963151800171815,-0.09079708283381871,oos,no_trade,0
0001437749-25-023646,0001053691,CRVO,2025-07-29,acceptance_time,updated_after_release,2025-07-28T16:08:43,3,no,aact,3,unclear,3,no,2,market cap outside $300M-$10B,False,False,1821.0,2025-07-30,76235818.44,466594.10875,0.055757964824073095,-0.028211750605592556,oos,no_trade,0
0001558370-25-009739,0001557746,ACRS,2025-07-30,acceptance_time,,2025-07-29T16:15:18,4,unclear,text,4,unclear,,,0,"no ticker printed in the release (missing, or today's SEC ticker)",,,,,,,,,oos,no_trade,0
0001104659-25-071953,0001566044,VYNE,2025-07-30,acceptance_time,,2025-07-30T08:05:49,1,no,text,1,no,,,2,market cap outside $300M-$10B,False,False,1822.0,2025-07-31,23997444.48,167051.32825000002,0.09223977116852887,-0.7274869265817542,oos,clean_short,-1
0001213900-25-068954,0001873875,IXHL,2025-07-30,acceptance_time,updated_after_release,2025-07-30T08:00:36,0,yes,aact,1,yes,1,yes,2,market cap outside $300M-$10B,False,False,1822.0,2025-07-31,31199825.880000003,3783527.2203450003,0.23821658381000788,-0.20767298528196376,oos,clean_long,1
0000950170-25-099891,0001936258,NAMS,2025-07-30,acceptance_time,updated_after_release,2025-07-30T08:25:54,2,unclear,aact,2,unclear,2,unclear,3,,False,False,1822.0,2025-07-31,2549667074.67,2989315.78425,0.0320985168738497,-0.01745518579208738,oos,no_trade,0
0001824293-25-000094,0001824293,GRI,2025-07-31,acceptance_time,updated_after_release,2025-07-31T09:02:46,2,unclear,aact,2,unclear,2,unclear,3,market cap outside $300M-$10B,False,False,1823.0,2025-08-01,4411434.38,38444.05449999999,0.06649012020531656,-0.36625279626954,oos,no_trade,0
0001789769-25-000074,0001789769,TIL,2025-08-01,acceptance_time,,2025-07-31T16:31:09,2,unclear,text,2,unclear,,,0,market cap outside $300M-$10B,False,False,1824.0,2025-08-04,157438248.0,1517541.53275,0.0781613070754284,-0.07521120421191951,oos,no_trade,0
0001104659-25-072708,0000812796,SNGX,2025-08-01,acceptance_time,updated_after_release,2025-07-31T16:18:24,3,unclear,aact,3,yes,3,unclear,2,market cap outside $300M-$10B,False,False,1824.0,2025-08-04,9499246.860000001,3559561.393,0.30048833865646385,-0.0664934207067649,oos,no_trade,0
0001437749-25-024720,0000946486,WINT,2025-08-05,acceptance_time,updated_after_release,2025-08-05T09:05:15,3,unclear,aact,3,unclear,3,unclear,1,market cap outside $300M-$10B,False,False,1826.0,2025-08-06,2123547.6199999996,994978.2034700001,0.095621524445082,-0.08919590544550315,oos,no_trade,0
0001628280-25-038094,0001357874,DTIL,2025-08-06,acceptance_time,updated_after_release,2025-08-06T08:00:17,1,yes,aact,1,yes,1,yes,0,market cap outside $300M-$10B,False,False,1827.0,2025-08-07,53888817.24,125341.06199999999,0.032023985217448,0.010580013260858223,oos,clean_long,1
0001193125-25-176138,0001426800,ASMB,2025-08-08,acceptance_time,updated_after_release,2025-08-08T08:24:47,0,yes,aact,0,yes,0,yes,1,market cap outside $300M-$10B,False,False,1829.0,2025-08-11,164569998.45,194563.915,0.03866494517224718,0.11496755984183471,oos,clean_long,1
0001193125-25-177471,0001865494,IOBT,2025-08-11,acceptance_time,updated_after_release,2025-08-11T08:00:33,3,no,aact,2,no,3,no,4,market cap outside $300M-$10B,False,False,1830.0,2025-08-12,119903263.48,210968.92549999998,0.07121024330825378,-0.42564539860888184,oos,no_trade,0
0001607678-25-000003,0001607678,VKTX,2025-08-19,acceptance_time,updated_after_release,2025-08-19T07:09:43,0,yes,aact,0,yes,0,yes,2,,False,False,1836.0,2025-08-20,4737306206.93,34112544.706,0.04022587294212212,-0.40652944139220637,oos,clean_long,1
0001193125-25-184680,0001029142,DVAX,2025-08-21,acceptance_time,updated_after_release,2025-08-21T08:15:30,1,yes,aact,0,yes,1,yes,1,,False,False,1838.0,2025-08-22,1221927162.44,2819280.6112499996,0.020826935886021376,0.04290497458927689,oos,clean_long,1
0001104659-25-082783,0001094038,MRKR,2025-08-26,acceptance_time,updated_after_release,2025-08-26T07:16:20,0,yes,aact,1,unclear,0,yes,3,market cap outside $300M-$10B,False,False,1841.0,2025-08-27,16303026.6,33565.831750000005,0.0465964521657191,-0.21975973221326395,oos,clean_long,1
0001213900-25-080509,0001873875,IXHL,2025-08-26,acceptance_time,,2025-08-26T08:00:30,0,yes,text,0,yes,,,1,market cap outside $300M-$10B,False,False,1841.0,2025-08-27,21630898.1502,2317266.4632900003,0.17437355778885538,-0.04854012993501411,oos,clean_long,1
0001104659-25-083402,0001720893,BTAI,2025-08-27,acceptance_time,updated_after_release,2025-08-27T07:01:35,1,yes,"text, match rejected",1,yes,1,yes,2,market cap outside $300M-$10B,False,False,1842.0,2025-08-28,76131765.89,6648181.683749999,0.2448490597938796,-0.24598994692259324,oos,clean_long,1
0001104659-25-085976,0001082554,UTHR,2025-09-02,acceptance_time,unchanged_since_release,2025-09-02T07:00:49,0,yes,aact,0,yes,0,yes,3,market cap outside $300M-$10B,False,False,1845.0,2025-09-03,13793105384.76,41025230.872,0.015131778491392781,0.2917883668180272,oos,clean_long,1
0002022626-25-000005,0002022626,UPB,2025-09-02,acceptance_time,updated_after_release,2025-09-02T08:38:15,1,yes,aact,1,yes,0,yes,3,,False,False,1845.0,2025-09-03,921312107.43,1536571.055,0.044552577292141834,0.1533060920256506,oos,clean_long,1
0001140361-25-033541,0000874015,IONS,2025-09-02,acceptance_time,,2025-09-02T07:05:42,0,yes,text,0,yes,,,1,,False,False,1845.0,2025-09-03,6796442004.56,20925071.585249998,0.020333175475251684,0.3131540221428868,oos,clean_long,1
0000950170-25-112564,0001061983,CYTK,2025-09-02,release_date_only,updated_after_release,2025-08-30T23:59,0,yes,aact,0,yes,0,yes,2,,False,False,1845.0,2025-09-03,4226889035.7000003,12458523.93275,0.03149076994441025,0.3710160882696725,oos,clean_long,1
0001140361-25-033767,0001635088,IMVT,2025-09-03,acceptance_time,updated_after_release,2025-09-03T13:38:54,2,unclear,aact,2,unclear,2,unclear,1,market cap outside $300M-$10B,False,False,1846.0,2025-09-04,10284199049.58,3820586.7299999995,0.025652849575916455,0.1011491414168264,oos,spun_short,-1
0001764013-25-000136,0001764013,IMVT,2025-09-03,acceptance_time,updated_after_release,2025-09-03T13:09:06,2,unclear,aact,2,unclear,2,unclear,1,,False,False,1846.0,2025-09-04,2625211625.46,3820586.7299999995,0.025652849575916455,0.1011491414168264,oos,spun_short,-1
0001193125-25-194511,0001631574,WVE,2025-09-03,acceptance_time,updated_after_release,2025-09-03T07:40:03,1,yes,aact,1,unclear,1,yes,1,,False,False,1846.0,2025-09-04,1530931225.1999998,3158735.52225,0.03319188020315691,-0.17666751986597018,oos,clean_long,1
0001640334-25-001617,0001621221,ARTL,2025-09-04,acceptance_time,,2025-09-03T17:29:52,3,unclear,text,3,unclear,,,1,market cap outside $300M-$10B,False,False,1847.0,2025-09-05,11259623.04,65777.588,0.05389283954197376,-0.48644744732097545,oos,no_trade,0
0000950170-25-113379,0001520262,ALKS,2025-09-08,acceptance_time,updated_after_release,2025-09-08T09:15:27,0,yes,aact,0,yes,0,yes,4,,False,False,1849.0,2025-09-09,4944085471.05,9018075.02575,0.022689156941632514,-0.03888045706303156,oos,clean_long,1
0001193125-25-197605,0001676725,IDYA,2025-09-08,release_date_only,updated_after_release,2025-09-07T23:59,1,unclear,text,1,unclear,1,yes,0,,False,False,1849.0,2025-09-09,2381278948.6200004,5323977.455,0.020549208989746305,-0.1279210184698174,oos,no_trade,0
0001193125-25-197751,0001690585,DNTH,2025-09-08,acceptance_time,updated_after_release,2025-09-08T08:01:42,0,yes,aact,0,yes,0,yes,3,,False,False,1849.0,2025-09-09,851381725.25,1800977.6925000001,0.03482933457453215,0.21498373372754254,oos,clean_long,1
0001493152-25-012769,0001878313,MAIA,2025-09-08,acceptance_time,updated_after_release,2025-09-08T06:11:22,2,unclear,aact,3,unclear,2,unclear,0,market cap outside $300M-$10B,False,False,1849.0,2025-09-09,50149694.4,14573.6185,0.03916110742649529,0.05396617328579534,oos,spun_short,-1
0001193125-25-197610,0002012593,RAPP,2025-09-08,acceptance_time,updated_after_release,2025-09-08T06:12:16,0,yes,aact,1,yes,0,yes,2,illiquid (Nasdaq 20-day dollar volume < $1.2M),False,False,1849.0,2025-09-09,523380172.8,856945.12675,0.05637186769743826,1.2078557350563308,oos,clean_long,1
0001810560-25-000006,0001810560,REVB,2025-09-09,acceptance_time,updated_after_release,2025-09-09T08:02:12,3,yes,aact,2,yes,2,yes,2,market cap outside $300M-$10B,False,False,1850.0,2025-09-10,4741987.23,26152.4695,0.03990807384385183,-0.16679646404612591,oos,no_trade,0
0001558370-25-011954,0001868279,AVBP,2025-09-09,acceptance_time,unchanged_since_release,2025-09-09T08:00:13,0,unclear,"text, match rejected",0,unclear,1,unclear,1,,False,False,1850.0,2025-09-10,820709737.12,1401863.1985000004,0.02905014446684925,-0.025278756393805057,oos,no_trade,0
0001193125-25-200760,0001842295,MAZE,2025-09-11,acceptance_time,,2025-09-11T07:48:53,1,yes,text,1,yes,,,2,illiquid (Nasdaq 20-day dollar volume < $1.2M),False,False,1852.0,2025-09-12,702929670.5200001,1154442.8025,0.03561056377387417,0.5281428524923648,oos,clean_long,1
0001193125-25-200078,0001628171,RVMD,2025-09-11,acceptance_time,,2025-09-10T16:05:33,0,unclear,text,0,unclear,,,0,,False,False,1852.0,2025-09-12,7561447535.500001,18128134.890999995,0.020528009826676952,0.12443056087598126,oos,no_trade,0
0001193125-25-202865,0001339970,ATYR,2025-09-15,acceptance_time,updated_after_release,2025-09-15T08:30:27,4,unclear,aact,4,unclear,4,unclear,0,"no ticker printed in the release (missing, or today's SEC ticker)",,,,,,,,,oos,no_trade,0
0001437749-25-029005,0001645469,MNPR,2025-09-15,release_date_only,,2025-09-14T23:59,2,unclear,text,2,unclear,,,2,illiquid (Nasdaq 20-day dollar volume < $1.2M),False,False,1854.0,2025-09-16,304549274.96,276486.64,0.0608384969904018,0.11189885872788352,oos,spun_short,-1
0001193125-25-205107,0001671584,APVO,2025-09-17,acceptance_time,,2025-09-16T17:07:43,3,unclear,text,3,unclear,,,1,market cap outside $300M-$10B,False,False,1856.0,2025-09-18,4915437.41,493985.14025000005,0.0381144518506986,-0.06407865455630324,oos,no_trade,0
0001193125-25-205522,0001601485,ELTX,2025-09-17,acceptance_time,updated_after_release,2025-09-17T08:16:34,2,unclear,aact,2,unclear,2,unclear,0,market cap outside $300M-$10B,False,False,1856.0,2025-09-18,185276140.56,339995.17675,0.04815913413186483,0.013575843388049957,oos,spun_short,-1
0001140361-25-035190,0001635088,ROIV,2025-09-17,acceptance_time,updated_after_release,2025-09-17T07:45:44,0,yes,aact,0,yes,0,yes,1,,False,False,1856.0,2025-09-18,9683263115.74,15760244.388500001,0.01952184080490653,0.0766879345913496,oos,clean_long,1
0001213900-25-090129,0000907654,ORKA,2025-09-18,release_date_only,updated_after_release,2025-09-17T23:59,1,yes,aact,1,unclear,1,yes,1,illiquid (Nasdaq 20-day dollar volume < $1.2M),False,False,1857.0,2025-09-19,607451083.9,694978.29325,0.04165274639512117,-0.008411982673453888,oos,clean_long,1
0001213900-25-088792,0000906709,NKTR,2025-09-18,acceptance_time,updated_after_release,2025-09-18T08:56:13,4,no,aact,2,unclear,4,no,0,"no ticker printed in the release (missing, or today's SEC ticker)",,,,,,,,,oos,no_trade,0
0001437749-25-029347,0000925741,BCDA,2025-09-18,acceptance_time,updated_after_release,2025-09-18T07:00:10,0,unclear,aact,0,unclear,0,unclear,0,market cap outside $300M-$10B,False,False,1857.0,2025-09-19,8904878.84,26961.16175,0.059602308986190324,-0.2683918201684835,oos,no_trade,0
0001753926-25-001525,0001347242,LIPO,2025-09-18,acceptance_time,unchanged_since_release,2025-09-18T08:01:38,1,yes,aact,1,yes,1,yes,2,"no trade on previous day, reaction day or entry day",,,,,,,,,oos,no_trade,0
0001437749-25-029349,0001855175,CTNM,2025-09-18,acceptance_time,unchanged_since_release,2025-09-18T08:16:26,1,yes,aact,0,yes,1,yes,0,illiquid (Nasdaq 20-day dollar volume < $1.2M),False,False,1857.0,2025-09-19,347719498.0,642884.8215000001,0.050700959629229006,-0.030606803881838562,oos,clean_long,1
0001493152-25-014393,0001904286,MIRA,2025-09-22,acceptance_time,updated_after_release,2025-09-22T07:30:50,0,yes,text,0,yes,0,yes,1,market cap outside $300M-$10B,False,False,1859.0,2025-09-23,23741297.175,53565.02925000001,0.04572725983752886,0.05048880531016198,oos,clean_long,1
0001193125-25-210049,0001776111,MBX,2025-09-22,acceptance_time,updated_after_release,2025-09-22T08:00:09,0,yes,aact,0,yes,0,yes,3,illiquid (Nasdaq 20-day dollar volume < $1.2M),False,False,1859.0,2025-09-23,335266782.68,1031870.0432499999,0.06273105924576543,0.986223728972748,oos,clean_long,1
0001140361-25-035634,0000874015,IONS,2025-09-22,acceptance_time,updated_after_release,2025-09-22T07:05:51,0,yes,aact,0,yes,0,yes,4,,False,False,1859.0,2025-09-23,9724458881.289999,43109150.5415,0.08023428089708547,-0.013276829265511658,oos,clean_long,1
0001628280-25-042245,0001662579,CCCC,2025-09-22,release_date_only,updated_after_release,2025-09-20T23:59,1,unclear,aact,2,unclear,2,yes,0,market cap outside $300M-$10B,False,False,1859.0,2025-09-23,224899775.4,587494.80575,0.08353625931893437,-0.193417198451721,oos,no_trade,0
0001140361-25-035777,0001840904,ATAI,2025-09-23,acceptance_time,updated_after_release,2025-09-23T07:10:47,1,yes,aact,1,unclear,1,yes,1,,False,False,1860.0,2025-09-24,1048114428.81,3432903.3575000004,0.02875044315307516,0.15258410911152365,oos,clean_long,1
0001104659-25-092740,0001590560,QURE,2025-09-24,acceptance_time,updated_after_release,2025-09-24T07:06:10,4,no,aact,2,yes,4,no,3,no shares outstanding,False,False,,,,,,,oos,no_trade,0
0001104659-25-092776,0001802665,HRMY,2025-09-24,acceptance_time,updated_after_release,2025-09-24T08:39:11,0,no,aact,0,no,0,no,0,,False,False,1861.0,2025-09-25,1846796492.1000001,6116883.641999999,0.018346039852152596,-0.17462821727466982,oos,clean_short,-1
0001193805-25-001357,0001280776,IMUX,2025-09-25,acceptance_time,unchanged_since_release,2025-09-25T07:01:02,2,unclear,aact,2,unclear,2,unclear,3,market cap outside $300M-$10B,False,False,1862.0,2025-09-26,86694138.492,82353.95485499999,0.039703731566118575,0.03201929119726432,oos,spun_short,-1
0001193125-25-217810,0001661181,ORGO,2025-09-26,acceptance_time,,2025-09-25T17:00:11,3,no,text,3,no,,,2,illiquid (Nasdaq 20-day dollar volume < $1.2M),False,False,1863.0,2025-09-29,594962655.21,453786.73975,0.0319675168864894,-0.14866830047550705,oos,no_trade,0
0001104659-25-094125,0001479419,KALA,2025-09-29,acceptance_time,updated_after_release,2025-09-29T08:08:47,0,no,aact,0,no,0,no,1,market cap outside $300M-$10B,False,False,1864.0,2025-09-30,133750812.0,1172777.8025,0.08499660298595832,-0.9076147640809831,oos,clean_short,-1
0001193125-25-221527,0001177648,ENTA,2025-09-29,acceptance_time,,2025-09-29T06:51:36,3,no,text,3,no,,,2,market cap outside $300M-$10B,False,False,1864.0,2025-09-30,168885591.70000002,482406.7430000001,0.04744709345051122,0.9055517863027505,oos,spun_short,-1
0001193125-25-221538,0001374690,LRMR,2025-09-29,acceptance_time,updated_after_release,2025-09-29T07:00:16,3,unclear,aact,3,unclear,3,unclear,1,,False,False,1864.0,2025-09-30,436083047.23999995,1461884.59775,0.050353837021203315,-0.35621266382830363,oos,no_trade,0
0001213900-25-092614,0001821586,MLTX,2025-09-29,release_date_only,,2025-09-28T23:59,2,no,text,2,no,,,2,no shares outstanding,False,False,,,,,,,oos,no_trade,0
0001193125-25-223440,0002040807,MTSR,2025-09-30,acceptance_time,,2025-09-29T17:16:53,1,yes,text,1,yes,,,1,,False,False,1865.0,2025-10-01,5473393529.8,26931664.8,0.14085226270732962,-0.004109714170065226,oos,clean_long,1
0001140361-25-036637,0001228627,IRD,2025-09-30,acceptance_time,updated_after_release,2025-09-30T07:24:16,4,unclear,aact,4,unclear,0,unclear,0,"no ticker printed in the release (missing, or today's SEC ticker)",,,,,,,,,oos,no_trade,0
0001213900-25-093930,0001711754,INMB,2025-09-30,release_date_only,updated_after_release,2025-09-29T23:59,3,no,aact,3,no,2,no,3,market cap outside $300M-$10B,False,False,1865.0,2025-10-01,56360746.96,218776.06749999998,0.044107713148992166,-0.03153339142353284,oos,no_trade,0
0001628280-25-044212,0001655759,ARVN,2025-10-06,release_date_only,,2025-10-05T23:59,1,unclear,text,1,unclear,,,0,,False,False,1869.0,2025-10-07,706277263.9,4821422.321500001,0.025573684018482083,-9.652509652524621e-05,oos,no_trade,0
0001724521-25-000107,0001724521,RCUS,2025-10-06,acceptance_time,updated_after_release,2025-10-06T10:02:38,1,yes,aact,1,unclear,1,yes,0,illiquid (Nasdaq 20-day dollar volume < $1.2M),False,False,1869.0,2025-10-07,1420321374.72,1175382.013,0.024097492986898023,0.08645274429275918,oos,clean_long,1
0001193125-25-230409,0001636651,OVID,2025-10-06,acceptance_time,,2025-10-03T17:09:37,1,unclear,text,1,unclear,,,1,market cap outside $300M-$10B,False,False,1869.0,2025-10-07,130841505.76,797282.6884999999,0.09470978521258713,-0.024553046835655734,oos,no_trade,0
0001628280-25-044223,0001516551,SKYE,2025-10-06,acceptance_time,updated_after_release,2025-10-06T08:18:06,1,no,aact,1,no,1,no,2,market cap outside $300M-$10B,False,False,1869.0,2025-10-07,146265342.4,247358.07749999996,0.05202030480056036,-0.5954355081473727,oos,clean_short,-1
0001193125-25-232514,0001907108,LXEO,2025-10-07,acceptance_time,updated_after_release,2025-10-07T06:03:59,2,unclear,aact,3,unclear,2,unclear,0,"no ticker printed in the release (missing, or today's SEC ticker)",,,,,,,,,oos,no_trade,0
0001493152-25-017208,0001962011,KAPA,2025-10-07,acceptance_time,updated_after_release,2025-10-07T08:00:47,1,unclear,aact,2,unclear,2,unclear,1,market cap outside $300M-$10B,False,False,1870.0,2025-10-08,25618549.775000002,71328.73325,0.06797162008050629,0.0030834251926505907,oos,no_trade,0
0001104659-25-097153,0001819411,GANX,2025-10-07,acceptance_time,unchanged_since_release,2025-10-06T17:01:14,3,unclear,"text, match rejected",3,unclear,3,yes,0,market cap outside $300M-$10B,False,False,1870.0,2025-10-08,79446419.26,179335.2485,0.04916938399463144,-0.08920045192094772,oos,no_trade,0
0001193125-25-232539,0001720580,ACET,2025-10-07,acceptance_time,updated_after_release,2025-10-07T06:48:42,2,yes,aact,2,unclear,2,yes,1,market cap outside $300M-$10B,False,True,1870.0,2025-10-08,84086316.79,45911.52292,0.06052251408918649,-0.15710377166468692,oos,no_trade,0
0001437749-25-030719,0001053691,CRVO,2025-10-09,acceptance_time,updated_after_release,2025-10-08T16:33:30,0,unclear,aact,0,unclear,0,unclear,0,market cap outside $300M-$10B,False,False,1872.0,2025-10-10,82534253.48,153857.9585,0.03461296957841318,-0.0527933686539136,oos,no_trade,0
0001193125-25-235533,0001759138,CABA,2025-10-09,acceptance_time,updated_after_release,2025-10-09T12:03:05,1,yes,aact,1,unclear,1,yes,0,market cap outside $300M-$10B,False,False,1872.0,2025-10-10,220888537.695,885931.41225,0.04890620644929643,0.15336860481162784,oos,clean_long,1
0001104659-25-098908,0001346830,TVRD,2025-10-14,release_date_only,updated_after_release,2025-10-13T23:59,0,no,"text, match rejected",0,no,0,no,1,market cap outside $300M-$10B,False,False,1875.0,2025-10-15,61047088.83,750395.0754999999,0.19653888474038478,0.07059710804864439,oos,clean_short,-1
0001104659-25-099029,0001829635,RNAZ,2025-10-14,acceptance_time,unchanged_since_release,2025-10-14T08:11:31,1,yes,aact,1,yes,1,yes,2,market cap outside $300M-$10B,False,False,1875.0,2025-10-15,11329751.97,358604.11675,0.06365695043023196,0.05224531101707808,oos,clean_long,1
0001193125-25-243558,0001676725,IDYA,2025-10-20,release_date_only,updated_after_release,2025-10-17T23:59,2,unclear,"text, match rejected",2,unclear,2,unclear,0,,False,False,1879.0,2025-10-21,2567083562.94,8407759.543,0.02270847412641159,0.020936075985495073,oos,spun_short,-1
0001193125-25-243053,0001673772,,2025-10-20,acceptance_time,,2025-10-20T08:02:29,4,unclear,text,4,unclear,,,0,"no ticker printed in the release (missing, or today's SEC ticker)",,,,,,,,,oos,no_trade,0
0001628280-25-045445,0001655759,ARVN,2025-10-20,acceptance_time,,2025-10-20T06:06:41,2,unclear,text,2,unclear,,,0,,False,False,1879.0,2025-10-21,698935504.4,6817917.102750001,0.030450632452406295,-0.002649245818200807,oos,no_trade,0
0001193125-25-243765,0001750284,OLMA,2025-10-20,release_date_only,updated_after_release,2025-10-18T23:59,1,yes,aact,2,unclear,1,yes,3,,False,False,1879.0,2025-10-21,641044632.86,3279270.2075,0.055983395279669765,-0.19071156924864385,oos,clean_long,1
0001104659-25-100537,0001526119,VSTM,2025-10-20,release_date_only,,2025-10-19T23:59,1,unclear,text,1,unclear,,,1,,False,False,1879.0,2025-10-21,567139663.05,3360126.2865000004,0.03848708006853907,-0.15284707589977242,oos,no_trade,0
0001104659-25-100646,0001509745,LPTX,2025-10-20,acceptance_time,unchanged_since_release,2025-10-20T08:49:15,3,no,aact,3,no,3,no,1,market cap outside $300M-$10B,False,True,1879.0,2025-10-21,22853900.243499998,267946.12465,0.17630535211746454,-0.07049543687848714,oos,no_trade,0
0001193125-25-243046,0001595097,CRBP,2025-10-20,release_date_only,updated_after_release,2025-10-18T23:59,1,yes,aact,1,unclear,1,yes,1,market cap outside $300M-$10B,False,False,1879.0,2025-10-21,237506260.5,934615.05975,0.056316986757065306,-0.07935756072311029,oos,clean_long,1
0001213900-25-100371,0001191070,NEUP,2025-10-21,acceptance_time,updated_after_release,2025-10-20T16:15:43,0,no,aact,0,no,0,no,1,market cap outside $300M-$10B,False,False,1880.0,2025-10-22,36071478.9,284599.59325000003,0.10010900509237684,-0.6778503994190269,oos,clean_short,-1
0001193125-25-246226,0001808158,RPTX,2025-10-22,acceptance_time,updated_after_release,2025-10-22T12:01:29,0,unclear,aact,0,unclear,0,unclear,0,market cap outside $300M-$10B,False,False,1881.0,2025-10-23,80978039.22,71293.5585,0.019460640407240774,0.03362417726350608,oos,no_trade,0
0001193805-25-001499,0001768224,ARCT,2025-10-22,acceptance_time,updated_after_release,2025-10-22T07:50:46,0,unclear,aact,0,unclear,0,unclear,0,,False,False,1881.0,2025-10-23,628627346.3499999,5101081.91175,0.0659664158737326,-0.4809343185342835,oos,no_trade,0
0001193125-25-245404,0001831363,TERN,2025-10-22,acceptance_time,updated_after_release,2025-10-21T17:40:22,0,yes,aact,0,no,0,no,0,,False,False,1881.0,2025-10-23,710589709.76,2014714.0330000003,0.036445826850551075,0.021593104887606462,oos,clean_long,1
0001193125-25-245102,0001653087,ALEC,2025-10-22,acceptance_time,updated_after_release,2025-10-21T16:08:27,0,no,aact,0,no,0,no,1,illiquid (Nasdaq 20-day dollar volume < $1.2M),False,False,1881.0,2025-10-23,325397637.735,840026.1125,0.04357573256295153,-0.4819712371360053,oos,clean_short,-1
0001104659-25-101447,0000921114,ARMP,2025-10-22,acceptance_time,updated_after_release,2025-10-22T11:15:43,1,yes,aact,1,yes,1,yes,1,market cap outside $300M-$10B,False,False,1881.0,2025-10-23,125355253.32,534.21225,0.026611211181294153,1.0550436587188656,oos,clean_long,1
0001193125-25-246808,0001851194,VTYX,2025-10-23,acceptance_time,,2025-10-22T16:19:05,1,yes,text,1,yes,,,1,market cap outside $300M-$10B,False,False,1882.0,2025-10-24,274894336.89,1053063.5482499998,0.05525757484229541,0.7096389181943696,oos,clean_long,1
0001104659-25-101817,0001526119,VSTM,2025-10-24,acceptance_time,updated_after_release,2025-10-23T16:02:05,1,unclear,aact,1,unclear,1,unclear,1,,False,False,1883.0,2025-10-27,481284011.40000004,3541707.8869999996,0.04663664808740643,0.009453106328942251,oos,no_trade,0
0002007919-25-000089,0002007919,INBX,2025-10-24,acceptance_time,,2025-10-23T16:05:56,0,yes,text,0,yes,,,3,,False,False,1883.0,2025-10-27,408344017.99,1699044.61975,0.05413241986885542,1.0273085156858,oos,clean_long,1
0001326732-25-000082,0001326732,XNCR,2025-10-24,acceptance_time,updated_after_release,2025-10-24T13:57:11,1,yes,aact,2,unclear,1,yes,0,,False,False,1883.0,2025-10-27,877986696.26,3536118.13375,0.06055497480711945,0.06530097085178688,oos,clean_long,1
0001193125-25-250674,0001434316,FATE,2025-10-27,release_date_only,updated_after_release,2025-10-26T23:59,1,yes,aact,2,unclear,1,yes,1,market cap outside $300M-$10B,False,False,1884.0,2025-10-28,189717351.565,685695.831,0.08772430858506786,-0.08469556209690843,oos,clean_long,1
0001104659-25-102317,0001953926,ZBIO,2025-10-27,acceptance_time,updated_after_release,2025-10-27T07:19:24,0,yes,aact,0,yes,0,yes,1,,False,False,1884.0,2025-10-28,1008963099.48,2123101.216,0.07749644013305305,0.29722770413708854,oos,clean_long,1
0001193125-25-252200,0001341235,ALDX,2025-10-28,acceptance_time,updated_after_release,2025-10-28T07:00:28,3,yes,aact,3,unclear,3,yes,1,illiquid (Nasdaq 20-day dollar volume < $1.2M),False,False,1885.0,2025-10-29,312954447.29999995,796860.8497499999,0.035273306754378585,-0.018071372610869774,oos,no_trade,0
0001140361-25-039463,0001743881,BBIO,2025-10-28,acceptance_time,updated_after_release,2025-10-27T16:11:32,0,yes,aact,0,yes,0,yes,2,market cap outside $300M-$10B,False,False,1885.0,2025-10-29,12150670114.24,24019721.0665,0.04175398598597863,0.010993204129338574,oos,clean_long,1
0001193125-25-253636,0001817229,VOR,2025-10-29,acceptance_time,updated_after_release,2025-10-28T16:37:05,4,unclear,text,4,unclear,4,unclear,0,"no ticker printed in the release (missing, or today's SEC ticker)",,,,,,,,,oos,no_trade,0
0001140361-25-039656,0001472091,PDSB,2025-10-29,acceptance_time,unchanged_since_release,2025-10-29T08:45:37,2,unclear,aact,2,unclear,2,unclear,0,market cap outside $300M-$10B,False,False,1886.0,2025-10-30,43648826.832,60420.778425000004,0.03171949974927663,0.09898012537341438,oos,spun_short,-1
0001193125-25-254571,0001994702,KYTX,2025-10-29,acceptance_time,updated_after_release,2025-10-29T06:32:20,1,yes,aact,1,yes,1,yes,1,,False,False,1886.0,2025-10-30,328234612.53,1286518.114,0.10049513035028822,-0.046099432749621916,oos,clean_long,1
0001193125-25-256682,0001631574,WVE,2025-10-30,acceptance_time,updated_after_release,2025-10-29T17:22:21,1,yes,aact,2,unclear,1,yes,0,,False,False,1887.0,2025-10-31,1312908795.0,4529256.5735,0.04623024315669364,-0.0018208567388895425,oos,clean_long,1
0001140361-25-039705,0001743881,BBIO,2025-10-30,acceptance_time,updated_after_release,2025-10-29T16:09:02,0,yes,aact,0,yes,0,yes,1,market cap outside $300M-$10B,False,False,1887.0,2025-10-31,12861386179.619999,29550005.091499995,0.04180929414609886,-0.05837591889778748,oos,clean_long,1
0001193125-25-261665,0001808898,BNTC,2025-11-03,acceptance_time,updated_after_release,2025-11-03T07:11:20,2,yes,aact,2,unclear,2,yes,1,illiquid (Nasdaq 20-day dollar volume < $1.2M),False,False,1889.0,2025-11-04,429457672.84,190934.48949999997,0.025012534802885986,-0.004316106236307626,oos,no_trade,0
0001193125-25-261798,0001831363,TERN,2025-11-03,acceptance_time,updated_after_release,2025-11-03T09:13:48,1,yes,aact,2,unclear,1,yes,3,,False,False,1889.0,2025-11-04,722841256.48,2773700.9524999997,0.04224154309947815,0.7226659322796498,oos,clean_long,1
0001619856-25-000065,0001619856,CRBU,2025-11-03,acceptance_time,unchanged_since_release,2025-11-03T07:02:57,2,unclear,aact,2,unclear,2,unclear,0,"no ticker printed in the release (missing, or today's SEC ticker)",,,,,,,,,oos,no_trade,0
0001193125-25-261799,0001789972,CGEM,2025-11-03,acceptance_time,updated_after_release,2025-11-03T09:14:11,1,unclear,aact,1,unclear,1,unclear,2,,False,False,1889.0,2025-11-04,511879598.0149999,2630679.2472500005,0.06733465560174916,-0.07449751925018888,oos,no_trade,0
0001193125-25-264748,0001774857,AARD,2025-11-05,acceptance_time,,2025-11-04T16:19:58,2,unclear,text,2,unclear,,,0,market cap outside $300M-$10B,False,False,1891.0,2025-11-06,212412582.46999997,447049.166,0.04424364043200585,0.06150854353871127,oos,spun_short,-1
0001193125-25-267934,0001650648,FDMT,2025-11-06,acceptance_time,updated_after_release,2025-11-06T06:02:14,1,yes,aact,2,unclear,1,yes,2,,False,False,1892.0,2025-11-07,523665896.03999996,2313389.621,0.061107822343005554,0.03584702318232469,oos,clean_long,1
0001193125-25-268331,0001831828,VERA,2025-11-06,acceptance_time,updated_after_release,2025-11-06T09:59:49,0,yes,aact,0,yes,0,yes,2,"no ticker printed in the release (missing, or today's SEC ticker)",,,,,,,,,oos,no_trade,0
0001193125-25-270286,0001404281,ELDN,2025-11-07,acceptance_time,unchanged_since_release,2025-11-06T18:44:31,2,no,aact,2,no,2,no,2,market cap outside $300M-$10B,False,False,1893.0,2025-11-10,245814686.37500003,1352452.8147500004,0.060927145228218536,-0.49384308969898927,oos,no_trade,0
0001193125-25-271189,0001840233,XLO,2025-11-07,acceptance_time,updated_after_release,2025-11-07T09:05:24,3,unclear,aact,2,unclear,2,unclear,0,market cap outside $300M-$10B,False,False,1893.0,2025-11-10,43240025.313,57355.681535,0.0338830412923133,-0.03800046641118704,oos,no_trade,0
0001193125-25-273315,0001622229,COGT,2025-11-10,acceptance_time,updated_after_release,2025-11-10T08:01:19,4,unclear,"text, match rejected",4,unclear,4,unclear,1,"no ticker printed in the release (missing, or today's SEC ticker)",,,,,,,,,oos,no_trade,0
0001493152-25-021418,0001855485,CLDI,2025-11-10,acceptance_time,,2025-11-10T08:30:53,0,unclear,text,0,unclear,,,0,market cap outside $300M-$10B,False,False,1894.0,2025-11-11,4865496.52,11620.753,0.05155086973671079,-0.035481526692287324,oos,no_trade,0
0001193125-25-273269,0001806952,LYEL,2025-11-10,acceptance_time,updated_after_release,2025-11-10T07:32:53,2,yes,aact,2,unclear,2,unclear,1,illiquid (Nasdaq 20-day dollar volume < $1.2M),False,False,1894.0,2025-11-11,336003922.97999996,142662.14299999998,0.04148279103800215,-0.005687841769715929,oos,no_trade,0
0001437749-25-033948,0001645469,MNPR,2025-11-10,release_date_only,unchanged_since_release,2025-11-09T23:59,0,yes,aact,1,unclear,0,yes,0,,False,False,1894.0,2025-11-11,493720279.21999997,1523259.3579999998,0.0488449410008374,0.02790667555292603,oos,clean_long,1
0001370053-25-000091,0001370053,ANAB,2025-11-10,acceptance_time,unchanged_since_release,2025-11-10T09:10:20,0,no,aact,0,no,0,no,1,,False,False,1894.0,2025-11-11,1097570950.8,3302260.8207499995,0.02917325553771855,-0.15437551626037194,oos,clean_short,-1
0001140361-25-041275,0001133416,GALT,2025-11-10,acceptance_time,updated_after_release,2025-11-10T07:56:04,3,no,aact,3,unclear,3,no,2,illiquid (Nasdaq 20-day dollar volume < $1.2M),False,False,1894.0,2025-11-11,333113362.40000004,333518.42949999997,0.05154805286020106,-0.005064408599112946,oos,no_trade,0
0001213900-25-107821,0000906709,NKTR,2025-11-10,release_date_only,updated_after_release,2025-11-08T23:59,1,yes,aact,1,yes,1,yes,1,,False,False,1894.0,2025-11-11,1139535815.78,11449660.1235,0.04734006798467263,0.025046403473498513,oos,clean_long,1
0001193125-25-273321,0000899460,MNKD,2025-11-10,acceptance_time,updated_after_release,2025-11-10T08:05:14,0,no,aact,0,no,0,no,0,,False,False,1894.0,2025-11-11,1727270330.625,3460704.703750001,0.0336670298901319,-0.047278083812788196,oos,clean_short,-1
0001140361-25-041225,0000874015,IONS,2025-11-10,release_date_only,updated_after_release,2025-11-08T23:59,0,yes,aact,0,yes,0,yes,1,market cap outside $300M-$10B,False,False,1894.0,2025-11-11,11921315324.8,34776050.57,0.015305676644942715,-0.0662684219770393,oos,clean_long,1
0001628280-25-051168,0001357874,DTIL,2025-11-11,acceptance_time,updated_after_release,2025-11-10T17:20:10,1,yes,aact,2,unclear,1,yes,1,market cap outside $300M-$10B,False,False,1895.0,2025-11-12,79805641.02,215885.43225,0.06266676816382756,-0.04072362485327441,oos,clean_long,1
0001193125-25-276161,0001520262,ALKS,2025-11-12,acceptance_time,updated_after_release,2025-11-12T08:45:28,0,yes,aact,0,yes,0,yes,2,,False,False,1896.0,2025-11-13,5583448566.835,18263633.400749996,0.02378855493369164,-0.07169228344896017,oos,clean_long,1
0001193125-25-275902,0001817241,ARTV,2025-11-12,acceptance_time,updated_after_release,2025-11-12T07:22:26,1,yes,aact,1,unclear,1,yes,1,market cap outside $300M-$10B,False,False,1896.0,2025-11-13,87322099.15,1981841.7652500004,0.273128330124261,0.12390552403706234,oos,clean_long,1
0001829126-25-009076,0001979414,NTHI,2025-11-13,acceptance_time,,2025-11-12T17:06:36,2,yes,text,2,yes,,,0,"no ticker printed in the release (missing, or today's SEC ticker)",,,,,,,,,oos,no_trade,0
0001453687-25-000123,0001453687,RNAC,2025-11-14,acceptance_time,updated_after_release,2025-11-13T16:08:56,2,yes,aact,3,yes,2,yes,1,market cap outside $300M-$10B,False,False,1898.0,2025-11-17,188786179.56,289543.861,0.039298235770233295,0.006958932219490732,oos,spun_short,-1
0001193125-25-283873,0001937653,ZYME,2025-11-17,acceptance_time,,2025-11-17T06:13:29,1,yes,text,1,yes,,,3,,False,False,1899.0,2025-11-18,1387469340.36,3630847.49825,0.04197801415458123,0.2817267582439722,oos,clean_long,1
0001193125-25-283887,0001232524,JAZZ,2025-11-17,acceptance_time,updated_after_release,2025-11-17T06:28:37,1,yes,aact,1,unclear,1,yes,3,,False,False,1899.0,2025-11-18,8577603774.559999,20625411.734,0.0154358159685046,0.19746866312028888,oos,clean_long,1
0001193125-25-283893,0001861560,,2025-11-17,acceptance_time,updated_after_release,2025-11-17T06:36:32,1,yes,aact,0,yes,0,yes,2,"no ticker printed in the release (missing, or today's SEC ticker)",,,,,,,,,oos,no_trade,0
0001437749-25-035860,0001855175,CTNM,2025-11-21,acceptance_time,,2025-11-20T16:07:30,0,unclear,text,0,unclear,,,0,market cap outside $300M-$10B,False,False,1903.0,2025-11-24,280423960.22,287205.083,0.033517614692746535,-0.12005997608134644,oos,no_trade,0
0001213900-25-114763,0001841330,KTTA,2025-11-21,release_date_only,updated_after_release,2025-11-20T23:59,1,yes,aact,2,unclear,1,yes,2,market cap outside $300M-$10B,False,False,1903.0,2025-11-24,3125557.9823,15279.972494999998,0.08064451443002174,-0.33386745279679564,oos,clean_long,1
0001193125-25-308154,0001501756,,2025-12-02,release_date_only,,2025-12-01T23:59,4,unclear,text,4,unclear,,,0,"no ticker printed in the release (missing, or today's SEC ticker)",,,,,,,,,oos,no_trade,0
0001213900-25-116943,0001788028,JSPR,2025-12-02,acceptance_time,,2025-12-02T07:06:37,1,yes,text,1,yes,,,1,market cap outside $300M-$10B,False,False,1909.0,2025-12-03,48272467.275000006,150295.93725000002,0.05556894671230762,-0.07809331070200642,oos,clean_long,1
0001437749-25-037025,0001053691,CRVO,2025-12-03,release_date_only,updated_after_release,2025-12-02T23:59,2,unclear,aact,2,unclear,2,unclear,0,market cap outside $300M-$10B,False,False,1910.0,2025-12-04,75964822.99000001,142476.4315,0.04878166789281551,-0.026094376051456925,oos,no_trade,0
0001104659-25-117975,0001701541,BDTX,2025-12-03,acceptance_time,updated_after_release,2025-12-03T08:20:44,1,unclear,aact,2,unclear,1,unclear,1,market cap outside $300M-$10B,False,False,1910.0,2025-12-04,196278575.285,958788.8969999999,0.05621226017743528,-0.25349414517438906,oos,no_trade,0
0001104659-25-117697,0001211583,FENC,2025-12-03,acceptance_time,,2025-12-02T16:02:26,1,yes,text,1,yes,,,4,market cap outside $300M-$10B,False,False,1910.0,2025-12-04,213969068.69,312383.15475,0.03924813103352057,-0.033786671431758064,oos,clean_long,1
0001104659-25-117947,0001133869,CAPR,2025-12-03,acceptance_time,updated_after_release,2025-12-03T07:21:12,0,yes,aact,0,yes,0,yes,2,market cap outside $300M-$10B,False,False,1910.0,2025-12-04,289855131.5,2436778.802,0.08582003839839583,3.6828260372323363,oos,clean_long,1
0001213900-25-117577,0001359931,TARA,2025-12-03,acceptance_time,updated_after_release,2025-12-03T08:08:52,1,unclear,aact,2,unclear,0,yes,1,"no ticker printed in the release (missing, or today's SEC ticker)",,,,,,,,,oos,no_trade,0
0001213900-25-118097,0001844417,ESLA,2025-12-04,acceptance_time,updated_after_release,2025-12-04T09:21:19,2,yes,aact,3,unclear,2,yes,2,market cap outside $300M-$10B,False,False,1911.0,2025-12-05,65334468.97,162789.4055,0.10572589797035578,0.10956947445570564,oos,spun_short,-1
0001193125-25-310516,0001818794,DYN,2025-12-08,acceptance_time,,2025-12-08T06:36:58,1,yes,text,1,yes,,,2,,False,False,1913.0,2025-12-09,2895056405.49,11033683.313499998,0.037326748787685556,0.09277684101061201,oos,clean_long,1
0001549595-25-000121,0001549595,NRIX,2025-12-08,release_date_only,updated_after_release,2025-12-06T23:59,1,yes,aact,1,unclear,1,yes,3,,False,False,1913.0,2025-12-09,1391205774.4199998,5955195.707749999,0.04628056773307255,0.18512382895847734,oos,clean_long,1
0001104659-25-119095,0001888886,GPCR,2025-12-08,acceptance_time,updated_after_release,2025-12-08T08:47:01,1,yes,aact,1,yes,1,yes,3,,False,False,1913.0,2025-12-09,6296518702.8,7932096.4545,0.042357873242469535,1.0206054479650357,oos,clean_long,1
0001493152-25-026500,0001873835,IMMX,2025-12-08,release_date_only,updated_after_release,2025-12-07T23:59,2,yes,aact,2,unclear,2,yes,0,market cap outside $300M-$10B,False,False,1913.0,2025-12-09,186189305.785,418825.695,0.0717311854720119,0.10535945542743641,oos,spun_short,-1
0001824293-25-000160,0001824293,GRI,2025-12-08,acceptance_time,unchanged_since_release,2025-12-08T08:00:31,3,yes,aact,3,yes,3,yes,2,market cap outside $300M-$10B,False,True,1913.0,2025-12-09,6766264.89,42063.36975,0.06413326580886083,-0.3521859678332806,oos,no_trade,0
0001193125-25-310572,0001815442,KYMR,2025-12-08,acceptance_time,updated_after_release,2025-12-08T07:17:49,3,yes,aact,2,yes,3,yes,2,,False,False,1913.0,2025-12-09,4792524688.47,10696983.591500003,0.02119993448749912,0.41255790503837053,oos,spun_short,-1
0001601830-25-000174,0001601830,RXRX,2025-12-08,acceptance_time,updated_after_release,2025-12-08T07:31:44,1,yes,aact,2,unclear,1,yes,2,,False,False,1913.0,2025-12-09,791949105.225,14515983.457750002,0.045861637482143426,0.0246230594632022,oos,clean_long,1
0001193125-25-311276,0001786205,ACLX,2025-12-08,release_date_only,updated_after_release,2025-12-06T23:59,0,yes,aact,0,yes,0,yes,0,,False,False,1913.0,2025-12-09,4019845991.9199996,16700127.063499998,0.04703480810923614,0.06379205677160149,oos,clean_long,1
0001689548-25-000114,0001689548,PRAX,2025-12-08,release_date_only,,2025-12-06T23:59,1,yes,text,1,yes,,,0,"no ticker printed in the release (missing, or today's SEC ticker)",,,,,,,,,oos,no_trade,0
0001193125-25-310509,0001680581,FULC,2025-12-08,release_date_only,updated_after_release,2025-12-06T23:59,1,yes,aact,1,unclear,1,yes,4,,False,False,1913.0,2025-12-09,481654098.20000005,1945564.46625,0.0641803737871522,0.4576061398581919,oos,clean_long,1
0001193125-25-310595,0001631574,WVE,2025-12-08,acceptance_time,updated_after_release,2025-12-08T07:37:55,2,yes,aact,2,unclear,2,yes,2,,False,False,1913.0,2025-12-09,1253863380.0,4012938.8445,0.04503819127473926,1.4673889113937724,oos,spun_short,-1
0001171843-25-007795,0000882361,APTO,2025-12-08,release_date_only,unchanged_since_release,2025-12-06T23:59,1,yes,aact,2,unclear,1,yes,1,"no trade on previous day, reaction day or entry day",,,,,,,,,oos,no_trade,0
0001193125-25-310764,0001789972,CGEM,2025-12-08,acceptance_time,updated_after_release,2025-12-08T10:34:15,1,yes,aact,2,unclear,1,yes,2,,False,False,1913.0,2025-12-09,626208345.4,2914383.2090000003,0.09246007131286116,0.1721121818340241,oos,clean_long,1
0001628280-25-055953,0001854270,SNTI,2025-12-09,acceptance_time,updated_after_release,2025-12-09T07:04:36,1,yes,aact,1,unclear,1,yes,1,market cap outside $300M-$10B,False,False,1914.0,2025-12-10,62046377.68,32263.80625,0.07130346567442708,-0.3318841284829912,oos,clean_long,1
0001193125-25-312972,0001671584,APVO,2025-12-10,acceptance_time,,2025-12-09T17:23:00,2,unclear,text,2,unclear,,,0,market cap outside $300M-$10B,False,True,1915.0,2025-12-11,20810360.09,75871.902,0.0532415402562357,-0.03526963055093746,oos,no_trade,0
0001828185-25-000075,0001828185,BRNS,2025-12-10,acceptance_time,updated_after_release,2025-12-10T08:05:05,1,yes,aact,1,unclear,1,yes,0,market cap outside $300M-$10B,False,False,1915.0,2025-12-11,27291007.9452,8805.280600000002,0.04865532259969001,0.04244208417296691,oos,clean_long,1
0001104659-25-120141,0001649904,RYTM,2025-12-11,acceptance_time,updated_after_release,2025-12-11T07:50:13,2,yes,aact,2,unclear,1,yes,1,,False,False,1916.0,2025-12-12,6991936587.12,14491053.8215,0.02710957718096037,0.11376175063278127,oos,spun_short,-1
0001193125-25-315951,0001858848,TNYA,2025-12-12,acceptance_time,unchanged_since_release,2025-12-11T16:11:50,1,yes,aact,2,unclear,1,yes,1,market cap outside $300M-$10B,False,False,1917.0,2025-12-15,227280533.025,290642.53125000006,0.05735634280207944,-0.38503778514506726,oos,clean_long,1
0001493152-25-027321,0000715446,ANIX,2025-12-12,acceptance_time,updated_after_release,2025-12-11T18:34:20,0,yes,aact,0,yes,0,yes,2,market cap outside $300M-$10B,False,False,1917.0,2025-12-15,158001192.0,249942.95275,0.054265514851965395,-0.255777254009536,oos,clean_long,1
0001724521-25-000120,0001724521,RCUS,2025-12-12,acceptance_time,updated_after_release,2025-12-12T08:34:23,0,no,aact,0,no,0,no,0,,False,False,1917.0,2025-12-15,2714454695.04,4217622.586500001,0.025082774992545295,-0.1443636700795441,oos,clean_short,-1
0001193125-25-318429,0001472012,IMNM,2025-12-15,acceptance_time,updated_after_release,2025-12-15T07:05:25,0,yes,"text, match rejected",0,yes,0,yes,2,,False,False,1918.0,2025-12-16,1800272737.51,4814523.856500001,0.0450075329347762,0.15561111825369134,oos,clean_long,1
0001193125-25-318377,0001994702,KYTX,2025-12-15,acceptance_time,,2025-12-15T06:30:11,0,yes,text,0,yes,,,1,illiquid (Nasdaq 20-day dollar volume < $1.2M),False,False,1918.0,2025-12-16,384530372.59999996,921593.541,0.06152423127671033,0.23348167805187103,oos,clean_long,1
0001193125-25-319981,0001826457,GLUE,2025-12-16,acceptance_time,updated_after_release,2025-12-16T07:30:38,2,unclear,aact,3,unclear,2,unclear,2,,False,False,1919.0,2025-12-17,1071187168.4499999,2722394.28175,0.04261771693017019,0.1412666380771408,oos,spun_short,-1
0001193125-25-320009,0000906709,NKTR,2025-12-16,acceptance_time,updated_after_release,2025-12-16T08:00:21,3,no,aact,3,no,3,no,1,,False,False,1919.0,2025-12-17,1084410109.5900002,7967538.305499999,0.05777932370221299,-0.07261466295558705,oos,no_trade,0
0001193125-25-320901,0001613780,DBVT,2025-12-17,acceptance_time,updated_after_release,2025-12-16T16:21:29,0,yes,aact,0,yes,0,yes,3,illiquid (Nasdaq 20-day dollar volume < $1.2M),False,False,1920.0,2025-12-18,3040662869.62,1015409.1835,0.06693675773677811,0.26214111578677446,oos,clean_long,1
0001104659-25-121749,0001130598,TRAW,2025-12-17,acceptance_time,updated_after_release,2025-12-17T06:00:56,2,unclear,aact,2,unclear,2,unclear,3,market cap outside $300M-$10B,False,False,1920.0,2025-12-18,17579907.400000002,69684.04225000001,0.06477653785366294,-0.35511037576950033,oos,no_trade,0
0001437749-25-038079,0001659617,MBRX,2025-12-17,acceptance_time,unchanged_since_release,2025-12-17T08:30:12,2,yes,aact,1,yes,2,yes,1,reverse split between shares filing and event,False,False,,,,,,,oos,no_trade,0
0001140361-25-045836,0001104506,INSM,2025-12-18,acceptance_time,updated_after_release,2025-12-17T16:02:43,0,no,aact,0,no,0,no,0,market cap outside $300M-$10B,False,False,1921.0,2025-12-19,42328385392.43,108238363.11699998,0.01956583886074373,-0.1535578871770733,oos,clean_short,-1
0001193125-25-322950,0001754068,KLRS,2025-12-18,acceptance_time,,2025-12-17T17:19:38,1,unclear,text,1,unclear,,,2,market cap outside $300M-$10B,False,False,1921.0,2025-12-19,193570026.29999998,297683.41725000006,0.07445441493307599,0.0181524115842967,oos,no_trade,0
0001193125-25-323704,0001782223,PYXS,2025-12-18,acceptance_time,,2025-12-18T07:25:28,1,unclear,text,1,unclear,,,1,market cap outside $300M-$10B,False,False,1921.0,2025-12-19,209207762.4,665764.51575,0.07561707497041986,-0.4790827505965177,oos,no_trade,0
0001104659-25-122353,0001819411,GANX,2025-12-18,acceptance_time,unchanged_since_release,2025-12-18T09:00:45,1,yes,"text, match rejected",1,yes,2,yes,2,market cap outside $300M-$10B,False,False,1921.0,2025-12-19,146014533.12,822708.7715,0.056727923591882404,-0.4387055212127988,oos,clean_long,1
0001628280-25-058594,0001411685,VTGN,2025-12-18,release_date_only,unchanged_since_release,2025-12-17T23:59,0,no,aact,0,no,0,no,1,market cap outside $300M-$10B,False,False,1921.0,2025-12-19,33768610.605,908924.68475,0.19375633641448184,-0.12194929194990123,oos,clean_short,-1
0001104659-25-122724,0001326190,ALT,2025-12-19,acceptance_time,updated_after_release,2025-12-19T06:30:43,3,unclear,aact,2,unclear,3,no,1,,False,False,1922.0,2025-12-22,524919761.055,3409985.75875,0.03995651029962244,-0.25822036711940843,oos,no_trade,0
0001193125-25-332520,0001719714,MREO,2025-12-29,acceptance_time,,2025-12-29T08:54:12,1,no,text,1,no,,,0,illiquid (Nasdaq 20-day dollar volume < $1.2M),False,False,1927.0,2025-12-30,1845927729.28,886316.708,0.052036018885831654,-0.8635679076708346,oos,clean_short,-1
0001193125-25-332422,0001515673,RARE,2025-12-29,acceptance_time,,2025-12-29T08:45:24,1,no,text,1,no,,,0,,False,False,1927.0,2025-12-30,3299532859.8,10312382.761,0.029797589371550318,-0.4108990228150169,oos,clean_short,-1
0001493152-26-000270,0001231457,GNLX,2026-01-05,acceptance_time,updated_after_release,2026-01-05T08:15:29,2,unclear,aact,2,unclear,2,unclear,3,market cap outside $300M-$10B,False,False,1931.0,2026-01-06,172374522.63,104059.96449999999,0.025958578178209513,-0.2179785003893514,oos,no_trade,0
0001104659-26-000432,0001638287,MTVA,2026-01-05,acceptance_time,updated_after_release,2026-01-05T08:32:38,3,yes,aact,1,yes,2,yes,3,reverse split between shares filing and event,False,False,,,,,,,oos,no_trade,0
0001193125-26-001472,0001885522,NMRA,2026-01-05,acceptance_time,,2026-01-05T06:44:27,2,yes,text,2,yes,,,3,market cap outside $300M-$10B,False,False,1931.0,2026-01-06,276532483.67,263220.08525,0.03147238481363913,-0.0035036666191855526,oos,no_trade,0
0001104659-26-000402,0001953926,ZBIO,2026-01-05,acceptance_time,updated_after_release,2026-01-05T07:16:12,0,yes,aact,0,yes,0,yes,1,,False,False,1931.0,2026-01-06,1850320852.02,2491887.1577500002,0.07517006523303765,-0.5033384544332749,oos,clean_long,1
0001193125-26-002368,0001658247,CRNX,2026-01-06,acceptance_time,updated_after_release,2026-01-05T16:01:16,0,yes,"text, match rejected",0,yes,1,yes,1,,False,False,1932.0,2026-01-07,4569042096.0,11522492.867999999,0.025229593265521343,-0.06200756668046381,oos,clean_long,1
0001104659-26-001076,0001557746,ACRS,2026-01-06,acceptance_time,,2026-01-06T07:15:11,1,yes,text,1,yes,,,1,market cap outside $300M-$10B,False,False,1932.0,2026-01-07,286573157.15500003,677686.79775,0.04603132070405594,-0.01631701631701632,oos,clean_long,1
0001104659-26-001073,0001847367,ALMS,2026-01-06,acceptance_time,,2026-01-06T07:12:41,1,yes,text,1,yes,,,2,no shares outstanding,False,False,,,,,,,oos,no_trade,0
0001104659-26-001063,0001974640,APGE,2026-01-06,acceptance_time,,2026-01-06T07:00:45,2,unclear,text,2,unclear,,,2,,False,False,1932.0,2026-01-07,4598156009.76,13052795.149999999,0.01397432162618725,-0.00793208339647955,oos,no_trade,0
0001193125-26-005420,0001826457,GLUE,2026-01-07,acceptance_time,updated_after_release,2026-01-07T07:06:15,1,yes,aact,1,yes,1,yes,2,,False,False,1933.0,2026-01-08,1042535353.6100001,4200214.840499999,0.05922178571133744,0.41597573150136324,oos,clean_long,1
0001193125-26-005425,0001869105,BBOT,2026-01-07,acceptance_time,updated_after_release,2026-01-07T07:09:49,1,yes,aact,2,unclear,1,yes,2,illiquid (Nasdaq 20-day dollar volume < $1.2M),False,False,1933.0,2026-01-08,928668656.0699999,469928.43125,0.033152173977269786,0.006038951033083828,oos,clean_long,1
0001140361-26-000435,0000874015,IONS,2026-01-07,acceptance_time,,2026-01-07T06:02:27,0,yes,text,0,yes,,,1,market cap outside $300M-$10B,False,False,1933.0,2026-01-08,13192814309.85,26018568.955250002,0.017149919970139902,-0.013819144245800441,oos,clean_long,1
0000879407-26-000004,0000879407,ARWR,2026-01-07,acceptance_time,,2026-01-06T16:05:43,2,unclear,"text, match rejected",2,unclear,,,1,,False,False,1933.0,2026-01-08,9615316706.4,33834541.49075,0.043168140732027876,-0.1076211023983531,oos,no_trade,0
0001193125-26-007007,0001781174,ACRV,2026-01-08,acceptance_time,,2026-01-08T07:30:25,3,unclear,text,3,unclear,,,1,market cap outside $300M-$10B,False,False,1934.0,2026-01-09,92929846.07,224909.09249999997,0.07885883839376491,-0.32344774326803427,oos,no_trade,0
0001193125-26-007042,0001835022,COYA,2026-01-08,acceptance_time,,2026-01-08T08:10:31,2,yes,text,2,yes,,,0,market cap outside $300M-$10B,False,False,1934.0,2026-01-09,107342459.28,262907.678,0.027395210945938293,0.017305573716182687,oos,spun_short,-1
0001711279-26-000005,0001711279,KRYS,2026-01-09,acceptance_time,updated_after_release,2026-01-08T16:35:06,1,yes,aact,1,unclear,1,yes,0,,False,False,1935.0,2026-01-12,7204433595.549999,14399464.488499999,0.017168175959805902,0.04589892951853991,oos,clean_long,1
0001193125-26-010091,0001907108,LXEO,2026-01-12,acceptance_time,unchanged_since_release,2026-01-12T11:45:40,1,yes,aact,2,unclear,2,yes,3,,False,False,1936.0,2026-01-13,768921489.945,2622400.2755,0.04563601916261736,-0.22537244257420774,oos,clean_long,1
0001683168-26-000217,0001652935,ACTU,2026-01-13,acceptance_time,updated_after_release,2026-01-12T16:00:25,0,yes,aact,0,yes,0,yes,1,market cap outside $300M-$10B,False,False,1937.0,2026-01-14,134346435.84,93143.69124999999,0.03862568458864799,-0.040092650032134136,oos,clean_long,1
0001437749-26-001140,0001659617,MBRX,2026-01-13,acceptance_time,,2026-01-13T08:55:12,2,unclear,text,2,unclear,,,0,reverse split between shares filing and event,False,False,,,,,,,oos,no_trade,0
0001104659-26-003900,0001372299,OCGN,2026-01-15,acceptance_time,updated_after_release,2026-01-15T08:31:02,2,unclear,aact,2,unclear,2,unclear,2,,False,False,1939.0,2026-01-16,585600210.0,1387114.42925,0.06407354224194377,-0.11637051635790296,oos,no_trade,0
0001104659-26-004795,0001626971,CRVS,2026-01-20,acceptance_time,updated_after_release,2026-01-20T07:13:09,1,yes,"text, match rejected",1,yes,2,unclear,3,,False,False,1941.0,2026-01-21,601935888.32,2815871.63125,0.04765451182791329,1.6449075163844047,oos,clean_long,1
0000885590-26-000008,0000885590,BHC,2026-01-26,acceptance_time,,2026-01-23T16:06:26,0,no,text,0,no,,,0,,False,False,1945.0,2026-01-27,2187902448.03,1627815.2365,0.03173259987118917,-0.016793633604229807,oos,clean_short,-1
0001193125-26-024375,0001213037,CRDF,2026-01-28,acceptance_time,updated_after_release,2026-01-27T16:01:24,2,no,aact,2,unclear,2,no,2,market cap outside $300M-$10B,False,False,1947.0,2026-01-29,134384325.18,548428.1287499999,0.0822703795241947,-0.16781898728771671,oos,no_trade,0
0001193125-26-025649,0001534133,CALC,2026-01-28,acceptance_time,,2026-01-28T07:06:11,0,unclear,text,0,unclear,,,0,market cap outside $300M-$10B,False,False,1947.0,2026-01-29,71537546.24,75975.7725,0.06259907696532069,-0.7357084374756866,oos,no_trade,0
0001193125-26-029524,0001662774,QNCX,2026-01-30,acceptance_time,updated_after_release,2026-01-29T16:40:03,0,no,aact,0,no,0,no,1,market cap outside $300M-$10B,False,True,1949.0,2026-02-02,15034002.3,726534.2285,0.21826226733013596,-0.35277949441690515,oos,clean_short,-1
0001104659-26-008925,0001400118,SGMT,2026-02-02,acceptance_time,unchanged_since_release,2026-02-02T07:05:54,1,yes,aact,0,yes,1,yes,1,market cap outside $300M-$10B,False,False,1950.0,2026-02-03,173773053.575,800440.12325,0.04255665259329963,0.07721013224473094,oos,clean_long,1
0001193125-26-034474,0001515673,RARE,2026-02-03,acceptance_time,updated_after_release,2026-02-03T08:15:25,2,yes,aact,3,unclear,2,yes,1,,False,False,1951.0,2026-02-04,2388784608.44,15384984.005249998,0.033517433137756,-0.0005831562108926658,oos,no_trade,0
0001001233-26-000005,0001001233,SGMO,2026-02-04,acceptance_time,,2026-02-03T16:07:22,1,unclear,text,1,unclear,,,1,market cap outside $300M-$10B,False,False,1952.0,2026-02-05,131300149.60779999,301794.69758000004,0.12642935255383755,-0.05862775346133031,oos,no_trade,0
0001493152-26-005208,0000946644,AIM,2026-02-05,acceptance_time,updated_after_release,2026-02-05T08:40:53,3,unclear,aact,3,unclear,3,unclear,2,market cap outside $300M-$10B,False,False,1953.0,2026-02-06,3010035.27,5268.9075,0.04399925200746989,0.20716838828517736,oos,spun_short,-1
0001193125-26-039399,0001683553,SPRB,2026-02-06,acceptance_time,updated_after_release,2026-02-05T16:11:53,2,unclear,text,2,unclear,3,unclear,1,market cap outside $300M-$10B,False,False,1954.0,2026-02-09,75321936.9,551609.9182500001,0.0604007191085219,0.0036755215945103448,oos,spun_short,-1
0001493152-26-005717,0001858685,BFRI,2026-02-09,acceptance_time,updated_after_release,2026-02-09T09:20:43,0,yes,aact,0,yes,0,yes,1,market cap outside $300M-$10B,False,False,1955.0,2026-02-10,9724020.0404,11431.663100000002,0.05570548732406227,-0.05808705761525046,oos,clean_long,1
0001193125-26-043771,0002044725,EVMN,2026-02-10,acceptance_time,unchanged_since_release,2026-02-10T08:28:34,0,yes,aact,0,yes,0,yes,0,illiquid (Nasdaq 20-day dollar volume < $1.2M),False,False,1956.0,2026-02-11,538116267.51,323384.77875000006,0.07258564467564736,0.7025706065475601,oos,clean_long,1
0001493152-26-006081,0001445815,BIXT,2026-02-11,acceptance_time,unchanged_since_release,2026-02-11T06:04:17,4,no,aact,1,yes,4,no,0,no prices for the release's ticker,,,,,,,,,oos,no_trade,0
0001193125-26-045500,0002022626,UPB,2026-02-11,acceptance_time,updated_after_release,2026-02-11T06:38:51,0,yes,aact,0,yes,0,yes,2,,False,False,1957.0,2026-02-12,1502813215.71,4177767.3195,0.045033900230471664,-0.4677060488244359,oos,clean_long,1
0001140361-26-004995,0001743881,BBIO,2026-02-13,acceptance_time,,2026-02-12T16:05:57,1,yes,text,1,yes,,,2,market cap outside $300M-$10B,False,False,1959.0,2026-02-17,14651651052.39,45176922.4255,0.044767995843391334,-0.007024637839512127,oos,clean_long,1
0001437749-26-004455,0001659617,MBRX,2026-02-18,acceptance_time,updated_after_release,2026-02-18T08:20:16,3,unclear,aact,3,unclear,3,unclear,1,reverse split between shares filing and event,False,False,,,,,,,oos,no_trade,0
0001104659-26-016797,0001781983,APRE,2026-02-18,acceptance_time,updated_after_release,2026-02-18T08:30:38,1,yes,aact,2,unclear,1,yes,2,market cap outside $300M-$10B,False,False,1961.0,2026-02-19,3710675.724,267116.18779000005,0.09739269492780694,0.19589412261934802,oos,clean_long,1
0001213900-26-018396,0001711754,INMB,2026-02-20,acceptance_time,,2026-02-19T16:00:25,2,unclear,text,2,unclear,,,0,market cap outside $300M-$10B,False,False,1963.0,2026-02-23,35092540.56,74898.28575000001,0.04404538213619023,-3.586157432233783e-06,oos,no_trade,0
0001628280-26-009808,0002023658,BCAX,2026-02-20,acceptance_time,unchanged_since_release,2026-02-19T16:32:45,1,yes,aact,1,unclear,1,yes,1,,False,False,1963.0,2026-02-23,845285488.5,1375654.5995,0.03285713518391163,0.01774028155403118,oos,clean_long,1
0001104659-26-018128,0001211583,FENC,2026-02-23,acceptance_time,,2026-02-20T16:02:24,2,yes,text,2,yes,,,1,market cap outside $300M-$10B,False,False,1964.0,2026-02-24,245459917.17000002,216459.70524999997,0.024314909576810605,0.013864629091440595,oos,spun_short,-1
0001728117-26-000004,0001728117,GOSS,2026-02-23,acceptance_time,updated_after_release,2026-02-23T08:30:24,3,no,aact,2,no,3,no,3,,False,False,1964.0,2026-02-24,496473649.815,2273872.8030000003,0.045537684157090946,-0.8209792898761896,oos,no_trade,0
0001193125-26-065159,0001583648,PVLA,2026-02-24,acceptance_time,,2026-02-24T06:30:26,0,yes,text,0,yes,,,1,,False,False,1965.0,2026-02-25,1044333512.7,4566031.266999999,0.04350677201230348,0.3465377267311527,oos,clean_long,1
0001213900-26-019606,0001937993,CVKD,2026-02-24,acceptance_time,,2026-02-24T08:35:37,2,no,text,2,no,,,2,market cap outside $300M-$10B,False,False,1965.0,2026-02-25,14032712.2,59320.05725000001,0.06911794524354259,0.1396339712829462,oos,spun_short,-1
0001193125-26-068614,0001544227,TPST,2026-02-25,acceptance_time,unchanged_since_release,2026-02-25T08:09:00,2,yes,aact,2,unclear,1,yes,1,market cap outside $300M-$10B,False,False,1966.0,2026-02-26,11056000.89,27926.38275,0.040671642250660174,-0.06586202328284807,oos,no_trade,0
0001140361-26-006880,0002081043,ATAI,2026-02-26,acceptance_time,updated_after_release,2026-02-26T07:50:46,2,yes,aact,1,yes,2,yes,4,no shares outstanding,False,False,,,,,,,oos,no_trade,0
0001104659-26-021869,0001082554,UTHR,2026-03-02,acceptance_time,updated_after_release,2026-03-02T06:32:18,0,yes,aact,1,yes,0,yes,1,market cap outside $300M-$10B,False,False,1969.0,2026-03-03,22076881991.920002,35506061.9695,0.03537174331662899,0.02597449533772611,oos,clean_long,1
0001104659-26-021801,0001649904,RYTM,2026-03-02,release_date_only,,2026-03-01T23:59,0,yes,text,0,yes,,,0,,False,False,1969.0,2026-03-03,6333437367.25,16130747.1875,0.029749728168804647,0.031158267694036512,oos,clean_long,1
0001193125-26-084142,0001984086,SEPN,2026-03-02,release_date_only,updated_after_release,2026-03-01T23:59,1,yes,aact,0,yes,1,yes,2,,False,False,1969.0,2026-03-03,1301585761.44,2200161.604,0.047990559246404524,-0.008775454884700329,oos,clean_long,1
0001437749-26-006481,0000925741,BCDA,2026-03-03,acceptance_time,unchanged_since_release,2026-03-03T08:01:30,3,no,aact,3,unclear,3,no,3,market cap outside $300M-$10B,False,False,1970.0,2026-03-04,14539445.580000002,13092.406749999998,0.04402946808858214,-0.04174843302772613,oos,no_trade,0
0001104659-26-022572,0001583107,TBPH,2026-03-03,acceptance_time,unchanged_since_release,2026-03-03T08:35:05,0,no,aact,0,no,0,no,2,,False,False,1970.0,2026-03-04,960242567.4499999,2215223.7735,0.026644869037410458,-0.239643392872111,oos,clean_short,-1
0001213900-26-023439,0001506251,CTOR,2026-03-04,acceptance_time,unchanged_since_release,2026-03-04T09:25:21,1,yes,aact,1,unclear,1,yes,3,market cap outside $300M-$10B,False,False,1971.0,2026-03-05,23719012.62,31554.6855,0.026318191688802346,0.004902971724846994,oos,clean_long,1
0001213900-26-023440,0001851484,CTOR,2026-03-04,acceptance_time,unchanged_since_release,2026-03-04T09:25:21,1,yes,aact,1,unclear,1,yes,3,market cap outside $300M-$10B,False,False,1971.0,2026-03-05,93571716.24000001,31554.6855,0.026318191688802346,0.004902971724846994,oos,clean_long,1
0001829126-26-002020,0001979414,NTHI,2026-03-05,release_date_only,updated_after_release,2026-03-04T23:59,1,yes,aact,1,unclear,1,yes,0,market cap outside $300M-$10B,False,False,1972.0,2026-03-06,188413881.525,112026.928,0.057928034588187634,-0.001410149478297873,oos,clean_long,1
0001193125-26-097577,0001582313,XENE,2026-03-09,acceptance_time,updated_after_release,2026-03-09T07:36:58,0,yes,aact,0,yes,0,yes,1,,False,False,1974.0,2026-03-10,3489001853.04,7788504.516,0.02144355975822539,0.47199585808998834,oos,clean_long,1
0001213900-26-024918,0001553643,RLMD,2026-03-09,acceptance_time,updated_after_release,2026-03-09T07:11:01,0,yes,aact,0,yes,0,yes,1,illiquid (Nasdaq 20-day dollar volume < $1.2M),False,False,1974.0,2026-03-10,325601281.68,677989.4892499999,0.05410889356021314,0.5904372608661548,oos,clean_long,1
0001933414-26-000048,0001933414,MLYS,2026-03-10,acceptance_time,updated_after_release,2026-03-09T16:36:20,1,no,aact,1,no,1,no,3,,False,False,1975.0,2026-03-11,2157355200.56,7400624.768249999,0.03290963339799682,0.038514250959358565,oos,clean_short,-1
0001193125-26-099376,0001833214,SABS,2026-03-10,acceptance_time,updated_after_release,2026-03-10T07:35:30,2,unclear,"text, match rejected",2,unclear,2,unclear,3,market cap outside $300M-$10B,False,False,1975.0,2026-03-11,195142471.71,176610.46600000004,0.03176669447727726,0.06719081873624444,oos,spun_short,-1
0001213900-26-025464,0001851484,CTOR,2026-03-10,acceptance_time,updated_after_release,2026-03-10T09:11:34,1,yes,aact,2,unclear,2,yes,1,market cap outside $300M-$10B,False,False,1975.0,2026-03-11,89157956.04,30254.7045,0.025635381890954104,-0.023305264814669213,oos,clean_long,1
0001193125-26-100539,0001671584,APVO,2026-03-11,acceptance_time,,2026-03-10T17:59:12,2,unclear,text,2,unclear,,,2,reverse split between shares filing and event,False,False,,,,,,,oos,no_trade,0
0001193125-26-103167,0001515673,RARE,2026-03-12,acceptance_time,updated_after_release,2026-03-12T08:45:25,1,yes,aact,1,yes,1,yes,1,,False,False,1977.0,2026-03-13,2146147591.48,11538662.74925,0.040280745562296875,0.006776658005390623,oos,clean_long,1
0001193125-26-102489,0001707502,SLDB,2026-03-12,acceptance_time,updated_after_release,2026-03-11T17:34:28,1,yes,aact,2,unclear,1,yes,0,,False,False,1977.0,2026-03-13,601467045.0799999,2453272.12425,0.08020433343835867,0.028218826845921474,oos,clean_long,1
0001193125-26-107312,0001812364,RLAY,2026-03-16,acceptance_time,updated_after_release,2026-03-16T08:30:08,1,unclear,"text, match rejected",1,unclear,1,unclear,2,,False,False,1979.0,2026-03-17,1855173897.42,4341607.41275,0.03756858051602997,-0.04140683736429607,oos,no_trade,0
0001104659-26-028023,0001888886,GPCR,2026-03-16,acceptance_time,updated_after_release,2026-03-16T08:01:08,0,yes,aact,0,yes,0,yes,2,market cap outside $300M-$10B,False,False,1979.0,2026-03-17,11404114949.42,9777195.204250002,0.024974630085247276,0.038212790105313976,oos,clean_long,1
0001140361-26-010651,0001104506,INSM,2026-03-23,acceptance_time,unchanged_since_release,2026-03-23T07:00:30,0,yes,aact,0,yes,0,yes,1,market cap outside $300M-$10B,False,False,1984.0,2026-03-24,29323679931.84,71449520.361,0.026086394954671,0.04635717215408719,oos,clean_long,1
0001104659-26-032950,0001974640,APGE,2026-03-23,acceptance_time,,2026-03-23T06:36:25,1,yes,text,1,yes,,,1,,False,False,1984.0,2026-03-24,4531589371.25,12451672.647499999,0.026103248280504435,0.18337839232795394,oos,clean_long,1
0001104659-26-033724,0001372299,OCGN,2026-03-24,acceptance_time,updated_after_release,2026-03-24T12:02:11,2,yes,aact,2,yes,2,yes,2,,False,False,1985.0,2026-03-25,690223808.08,4137192.408749999,0.08905540601977949,-0.07513020988394492,oos,no_trade,0
0001193125-26-120770,0001503802,KPTI,2026-03-24,acceptance_time,updated_after_release,2026-03-24T08:00:37,2,no,aact,2,no,2,no,3,market cap outside $300M-$10B,False,False,1985.0,2026-03-25,121987387.2,1206271.7000000002,0.05034685813952853,-0.16294475813104725,oos,no_trade,0
0001193125-26-125092,0001631574,WVE,2026-03-26,acceptance_time,updated_after_release,2026-03-26T07:41:00,3,yes,aact,2,unclear,2,yes,1,,False,False,1987.0,2026-03-27,2313653384.66,7436484.220000001,0.039007421944305024,-0.4954037759721399,oos,no_trade,0
0001193125-26-127041,0001468748,KOD,2026-03-27,acceptance_time,updated_after_release,2026-03-26T21:56:48,0,yes,aact,0,yes,0,yes,1,,False,False,1988.0,2026-03-30,2109205497.28,6889769.975,0.17220611862373067,-0.03521691037192409,oos,clean_long,1
0001104659-26-036386,0001847367,ALMS,2026-03-30,release_date_only,,2026-03-28T23:59,1,yes,text,1,yes,,,2,no shares outstanding,False,False,,,,,,,oos,no_trade,0
0001104659-26-036445,0001082554,UTHR,2026-03-30,acceptance_time,updated_after_release,2026-03-30T07:00:25,1,yes,aact,0,yes,0,yes,4,market cap outside $300M-$10B,False,False,1989.0,2026-03-31,22923632885.44,67903498.391,0.029239370968983172,0.13151860120286418,oos,clean_long,1
0001193125-26-130433,0001590750,VRDN,2026-03-30,acceptance_time,,2026-03-30T07:50:20,0,yes,text,0,yes,,,2,,False,False,1989.0,2026-03-31,2799437979.69,7188929.9942499995,0.027008405123571385,-0.31690159868788614,oos,clean_long,1
0001835268-26-000006,0001835268,CNTB,2026-03-30,acceptance_time,,2026-03-30T07:06:04,2,unclear,text,2,unclear,,,2,market cap outside $300M-$10B,False,False,1989.0,2026-03-31,192587602.285,155260.95575000002,0.051003449662969866,-0.15996934400614282,oos,no_trade,0
0001999371-26-007254,0001430306,TNXP,2026-03-31,acceptance_time,unchanged_since_release,2026-03-31T07:05:34,0,yes,aact,0,yes,0,yes,0,market cap outside $300M-$10B,False,False,1990.0,2026-04-01,161266974.03,1343497.7112500002,0.05441960899100392,0.06928901857160441,oos,clean_long,1
0001104659-26-036821,0001781983,APRE,2026-03-31,acceptance_time,updated_after_release,2026-03-30T17:30:52,1,yes,aact,2,unclear,1,yes,1,market cap outside $300M-$10B,False,False,1990.0,2026-04-01,8474814.48,26443.987025000002,0.04015112393462417,-0.021295331364366454,oos,clean_long,1
0001193125-26-131786,0001835597,PEPG,2026-03-31,acceptance_time,updated_after_release,2026-03-30T17:30:21,2,yes,aact,3,no,2,yes,2,market cap outside $300M-$10B,False,False,1990.0,2026-04-01,292012108.7,960693.7077499998,0.06457297894335942,-0.6587813380811425,oos,no_trade,0
0001104659-26-038593,0001999480,ANRO,2026-04-02,acceptance_time,unchanged_since_release,2026-04-01T16:55:20,2,no,aact,1,no,2,no,4,illiquid (Nasdaq 20-day dollar volume < $1.2M),False,False,1992.0,2026-04-06,747844529.5600001,659160.3605,0.05588601176074989,-0.08054723621851811,oos,no_trade,0
0001493152-26-014834,0001535955,LPCN,2026-04-02,acceptance_time,unchanged_since_release,2026-04-02T09:35:13,3,no,aact,2,no,2,no,4,market cap outside $300M-$10B,False,False,1992.0,2026-04-06,67814092.22999999,207564.12199999997,0.06345878858470666,-0.7840660603435251,oos,no_trade,0
0001140361-26-012885,0001635088,ROIV,2026-04-02,acceptance_time,unchanged_since_release,2026-04-02T07:00:32,1,no,aact,1,no,1,no,1,market cap outside $300M-$10B,False,False,1992.0,2026-04-06,19917962642.71,30287089.446750004,0.02138644720246616,0.014129542901921477,oos,clean_short,-1
0001689548-26-000031,0001689548,PRAX,2026-04-07,acceptance_time,,2026-04-06T16:23:42,1,yes,text,1,yes,,,0,"no ticker printed in the release (missing, or today's SEC ticker)",,,,,,,,,oos,no_trade,0
0001140361-26-013659,0001104506,INSM,2026-04-08,acceptance_time,updated_after_release,2026-04-07T16:01:21,0,no,aact,0,no,0,no,0,market cap outside $300M-$10B,False,False,1995.0,2026-04-09,35143581123.84,85880481.26650001,0.03337868687495599,-0.030719708529863277,oos,clean_short,-1
0001193125-26-151893,0001676725,IDYA,2026-04-13,acceptance_time,unchanged_since_release,2026-04-13T06:05:15,0,yes,aact,0,yes,0,yes,1,,False,False,1998.0,2026-04-14,2680084104.04,7114688.7535,0.030722206084782995,0.05505184293639531,oos,clean_long,1
0001193125-26-151999,0001737287,ALLO,2026-04-13,acceptance_time,updated_after_release,2026-04-13T07:45:15,2,unclear,aact,2,unclear,2,unclear,1,,False,False,1998.0,2026-04-14,663075942.4000001,2091989.9957500002,0.06739672239651398,0.10534673153403618,oos,spun_short,-1
0001193125-26-152039,0001628171,RVMD,2026-04-13,acceptance_time,updated_after_release,2026-04-13T08:25:24,0,yes,aact,0,yes,0,yes,1,market cap outside $300M-$10B,False,False,1998.0,2026-04-14,19095988534.92,35242737.3215,0.020624939989845336,0.3947302931778718,oos,clean_long,1
0001628280-26-024831,0001636282,SYRE,2026-04-13,acceptance_time,updated_after_release,2026-04-13T07:46:49,1,yes,aact,1,yes,1,yes,1,,False,False,1998.0,2026-04-14,4031466618.12,8890362.1945,0.04472871991739543,0.21276442099439064,oos,clean_long,1
0001193125-26-154927,0001799448,ALGS,2026-04-15,acceptance_time,updated_after_release,2026-04-14T16:17:32,1,unclear,"text, match rejected",1,unclear,1,unclear,1,illiquid (Nasdaq 20-day dollar volume < $1.2M),False,False,2000.0,2026-04-16,366435611.2,102020.00125,0.04726438625356108,-0.14293763057848385,oos,no_trade,0
0001104659-26-044025,0001735438,MGTX,2026-04-16,acceptance_time,,2026-04-16T07:09:05,1,yes,text,1,yes,,,2,,False,False,2001.0,2026-04-17,915454456.24,1715962.6590000005,0.050827615233104695,-0.150362915238214,oos,clean_long,1
0001437749-26-012751,0001645469,MNPR,2026-04-20,release_date_only,unchanged_since_release,2026-04-19T23:59,1,yes,aact,1,yes,1,yes,2,,False,False,2003.0,2026-04-21,376232110.8,1636672.151,0.02952650468969671,-0.01667077832783803,oos,clean_long,1
0001104659-26-045198,0001761612,BCYC,2026-04-20,acceptance_time,,2026-04-20T07:06:05,2,unclear,text,2,unclear,,,1,market cap outside $300M-$10B,False,False,2003.0,2026-04-21,160432215.24,809405.21875,0.03388012527081426,-0.0002795144727583132,oos,no_trade,0
0002007919-26-000010,0002007919,INBX,2026-04-22,acceptance_time,,2026-04-21T16:04:25,2,unclear,text,2,unclear,,,4,,False,False,2005.0,2026-04-23,1228013516.52,4286559.87725,0.05958547626028379,0.3647424087637883,oos,spun_short,-1
0001193125-26-167078,0002012593,RAPP,2026-04-22,acceptance_time,unchanged_since_release,2026-04-21T16:50:43,1,yes,aact,2,unclear,1,yes,2,,False,False,2005.0,2026-04-23,1770250608.72,2570377.373,0.04265879997778968,-0.015286183834018585,oos,clean_long,1
0001193125-26-168569,0001833214,SABS,2026-04-22,acceptance_time,updated_after_release,2026-04-22T08:13:57,2,unclear,"text, match rejected",2,unclear,2,unclear,1,market cap outside $300M-$10B,False,False,2005.0,2026-04-23,194632961.34,422023.80374999996,0.02103413616120251,0.039434621747608256,oos,spun_short,-1
0001193125-26-167512,0001994702,KYTX,2026-04-22,acceptance_time,,2026-04-21T18:45:14,0,yes,text,0,yes,,,2,,False,False,2005.0,2026-04-23,587475759.96,1695342.0020000003,0.05998306854066653,0.04506343264110768,oos,clean_long,1
0001628280-26-027354,0001827635,MANE,2026-04-27,acceptance_time,unchanged_since_release,2026-04-27T09:10:32,0,yes,aact,0,yes,0,yes,2,,False,False,2008.0,2026-04-28,2529057841.7000003,2972709.39375,0.06202104514476617,0.47832165133007787,oos,clean_long,1
0001193125-26-179048,0001759425,MIRM,2026-04-27,acceptance_time,,2026-04-27T08:07:58,0,yes,text,0,yes,,,0,,False,False,2008.0,2026-04-28,5520654539.33,15542948.513500001,0.021074992633166586,0.011303587588627595,oos,clean_long,1
0001193125-26-179404,0001812364,RLAY,2026-04-27,acceptance_time,,2026-04-27T09:15:24,2,unclear,text,2,unclear,,,0,,False,False,2008.0,2026-04-28,2702334232.08,8791908.006749999,0.057069773934533725,-0.00966763776285795,oos,no_trade,0
0001213900-26-047743,0000907654,ORKA,2026-04-27,acceptance_time,updated_after_release,2026-04-27T08:00:37,1,yes,aact,1,yes,1,yes,2,,False,False,2008.0,2026-04-28,3419931959.73,15292458.795000002,0.03851181198939574,0.10805119393902451,oos,clean_long,1
0001213900-26-047748,0001410098,CRMD,2026-04-27,acceptance_time,,2026-04-27T08:05:12,0,yes,text,0,yes,,,1,,False,False,2008.0,2026-04-28,586553930.9,1237552.46125,0.019682652520038563,0.05683181317055541,oos,clean_long,1
0001193125-26-182137,0001761918,ERAS,2026-04-28,acceptance_time,updated_after_release,2026-04-27T16:17:23,2,yes,aact,2,unclear,2,yes,0,,False,False,2009.0,2026-04-29,5954919320.52,26092414.653000005,0.057253041635643515,-0.46901926611348665,oos,no_trade,0
0001104659-26-049787,0000812796,SNGX,2026-04-28,acceptance_time,updated_after_release,2026-04-28T07:30:13,0,no,aact,0,no,0,no,0,market cap outside $300M-$10B,False,False,2009.0,2026-04-29,14634632.18,48484.5545,0.034229848355861243,-0.6893122767871318,oos,clean_short,-1
0001193125-26-183710,0001840439,BMEA,2026-04-28,acceptance_time,updated_after_release,2026-04-28T08:30:07,4,unclear,aact,4,unclear,4,unclear,0,"no ticker printed in the release (missing, or today's SEC ticker)",,,,,,,,,oos,no_trade,0
0001070081-26-000006,0001070081,PTCT,2026-04-29,acceptance_time,,2026-04-28T16:29:29,2,yes,text,2,yes,,,1,,False,False,2010.0,2026-04-30,5815752529.8,11637075.422500001,0.020892607482931064,-0.06426743537075363,oos,no_trade,0
0001213900-26-050211,0001795091,OSTX,2026-05-01,acceptance_time,,2026-04-30T16:06:12,2,unclear,text,2,unclear,,,0,market cap outside $300M-$10B,False,False,2012.0,2026-05-04,67799484.305,68820.4005,0.06060972163044716,-0.05198667348893071,oos,no_trade,0
0001628280-26-028876,0001855175,CTNM,2026-05-01,acceptance_time,unchanged_since_release,2026-04-30T16:07:33,2,yes,aact,2,yes,2,yes,4,market cap outside $300M-$10B,False,False,2012.0,2026-05-04,295669414.40000004,734240.9815,0.030245302799639932,0.036791114411943826,oos,spun_short,-1
0001193125-26-202389,0001759138,CABA,2026-05-04,acceptance_time,updated_after_release,2026-05-04T06:02:39,1,yes,aact,2,unclear,2,unclear,0,illiquid (Nasdaq 20-day dollar volume < $1.2M),False,False,2013.0,2026-05-05,326732039.385,1102828.8485,0.031173404984670527,0.2786125605050789,oos,clean_long,1
0001193125-26-202609,0001759425,MIRM,2026-05-04,acceptance_time,updated_after_release,2026-05-04T08:00:06,0,yes,aact,0,yes,0,yes,0,,False,False,2013.0,2026-05-05,5824172872.84,10153502.8025,0.018779671549214814,0.07312161177549048,oos,clean_long,1
0001193125-26-205099,0001590750,VRDN,2026-05-05,acceptance_time,,2026-05-05T07:56:52,0,yes,text,0,yes,,,0,,False,False,2014.0,2026-05-06,1437024388.26,6198394.88425,0.026498773059523726,0.33379246105249516,oos,clean_long,1
0001326732-26-000036,0001326732,XNCR,2026-05-05,acceptance_time,updated_after_release,2026-05-05T08:41:27,0,unclear,aact,0,unclear,0,unclear,0,,False,False,2014.0,2026-05-06,979804257.12,2767421.8085000003,0.035283845054635034,-0.04004805137925582,oos,no_trade,0
0001534120-26-000028,0001534120,AVTX,2026-05-06,acceptance_time,unchanged_since_release,2026-05-05T16:01:30,0,yes,aact,0,yes,0,yes,2,,False,False,2015.0,2026-05-07,371223883.08,1988402.829,0.06177322145093774,0.3099322665175641,oos,clean_long,1
0001193125-26-208958,0001671584,APVO,2026-05-07,acceptance_time,,2026-05-06T16:08:30,2,unclear,text,2,unclear,,,1,market cap outside $300M-$10B,False,False,2016.0,2026-05-08,5861356.0,17729.781,0.04749727504776211,0.02700464679223713,oos,spun_short,-1
0001689375-26-000027,0001689375,TRDA,2026-05-07,acceptance_time,updated_after_release,2026-05-07T07:11:40,2,yes,aact,2,yes,2,yes,3,illiquid (Nasdaq 20-day dollar volume < $1.2M),False,False,2016.0,2026-05-08,613697537.39,860764.9327499999,0.03639635184747735,-0.5411601349677695,oos,no_trade,0
0001193125-26-210316,0001980845,ENGN,2026-05-07,acceptance_time,,2026-05-07T07:11:10,2,unclear,text,2,unclear,,,2,illiquid (Nasdaq 20-day dollar volume < $1.2M),False,False,2016.0,2026-05-08,593526668.76,453377.26550000004,0.04456448095894063,-0.7768482986676042,oos,no_trade,0
0001193125-26-215676,0001776111,MBX,2026-05-11,acceptance_time,updated_after_release,2026-05-11T07:04:22,2,yes,aact,2,unclear,2,yes,1,,False,False,2018.0,2026-05-12,1950071049.9199998,3582688.5195,0.05567876713054759,-0.021924499242537143,oos,no_trade,0
0002007919-26-000020,0002007919,INBX,2026-05-12,acceptance_time,unchanged_since_release,2026-05-11T16:02:50,1,unclear,aact,1,unclear,2,unclear,1,,False,False,2019.0,2026-05-13,1859621753.16,14325163.278,0.09724470126988662,-0.1493992910407277,oos,no_trade,0
0001628280-26-033883,0001411685,VTGN,2026-05-12,acceptance_time,unchanged_since_release,2026-05-12T07:44:41,2,unclear,aact,2,unclear,2,unclear,2,market cap outside $300M-$10B,False,False,2019.0,2026-05-13,26874461.0211,50045.041305,0.03901170530239946,-0.08492684098889292,oos,no_trade,0
0001193125-26-218150,0001520262,ALKS,2026-05-12,acceptance_time,unchanged_since_release,2026-05-12T07:07:58,0,yes,aact,0,yes,0,yes,2,,False,False,2019.0,2026-05-13,5913657632.36,13718255.4225,0.020309286039088582,0.07786403932217056,oos,clean_long,1
0001140361-26-021036,0001743881,BBIO,2026-05-13,release_date_only,unchanged_since_release,2026-05-12T23:59,0,yes,"text, match rejected",0,yes,0,yes,1,market cap outside $300M-$10B,False,False,2020.0,2026-05-14,12911173072.64,41153018.28824999,0.02250849757161695,0.03368680615903452,oos,clean_long,1
0001171843-26-003397,0001626971,CRVS,2026-05-14,acceptance_time,updated_after_release,2026-05-14T07:01:18,2,unclear,"text, match rejected",2,unclear,2,unclear,1,,False,False,2021.0,2026-05-15,1331151411.92,4953111.208249999,0.056180326383455464,-0.1303537679841248,oos,no_trade,0
0001628280-26-034834,0001854270,SNTI,2026-05-14,acceptance_time,unchanged_since_release,2026-05-14T08:48:56,2,yes,aact,2,unclear,2,yes,4,market cap outside $300M-$10B,False,False,2021.0,2026-05-15,29992398.101999998,19634.83404,0.0644872038641244,0.09770211392313366,oos,spun_short,-1
0001193125-26-227875,0001807120,DSGN,2026-05-18,acceptance_time,unchanged_since_release,2026-05-18T07:15:07,2,yes,aact,2,unclear,2,yes,1,,False,False,2023.0,2026-05-19,897506716.38,2009443.7049999996,0.07216426535500214,-0.23320875612581815,oos,no_trade,0
0001193125-26-228956,0001662774,QNCX,2026-05-19,acceptance_time,updated_after_release,2026-05-18T16:20:26,3,unclear,aact,3,unclear,3,unclear,4,market cap outside $300M-$10B,False,True,2024.0,2026-05-20,16212716.004,371566.27087,0.045385076171908505,0.07759560015500411,oos,spun_short,-1
0001193125-26-229770,0001812364,RLAY,2026-05-19,acceptance_time,,2026-05-19T08:45:19,2,unclear,text,2,unclear,,,2,,False,False,2024.0,2026-05-20,2317234665.675,7436804.0245,0.039551467844284156,0.0022660425364225967,oos,spun_short,-1
0001193125-26-229076,0001631574,WVE,2026-05-19,acceptance_time,unchanged_since_release,2026-05-18T16:51:59,1,yes,aact,1,unclear,1,yes,0,,False,False,2024.0,2026-05-20,1232023770.39,6406337.539,0.03460724088801368,-0.03456055047447626,oos,clean_long,1
0001193125-26-232717,0001583648,PVLA,2026-05-21,acceptance_time,,2026-05-20T16:35:15,1,yes,text,1,yes,,,0,,False,False,2026.0,2026-05-22,1656598482.0,4779763.00775,0.047251451906959334,-0.006025303474050503,oos,clean_long,1
0001725160-26-000045,0001725160,ZNTL,2026-05-22,acceptance_time,unchanged_since_release,2026-05-21T17:29:34,1,yes,aact,1,unclear,1,yes,2,market cap outside $300M-$10B,False,False,2027.0,2026-05-26,294355548.97999996,943753.49825,0.048864407048866826,-0.009929398210646756,oos,clean_long,1
0001193125-26-234848,0001750284,OLMA,2026-05-22,acceptance_time,unchanged_since_release,2026-05-21T17:05:15,0,yes,aact,1,unclear,0,yes,1,,False,False,2027.0,2026-05-26,1228105442.26,3090146.3005,0.0309411271774963,-0.01810734004225123,oos,clean_long,1
0001104659-26-065231,0001761612,BCYC,2026-05-22,acceptance_time,updated_after_release,2026-05-21T17:05:25,2,unclear,aact,2,unclear,2,unclear,2,market cap outside $300M-$10B,False,False,2027.0,2026-05-26,133543295.27000001,473823.7425,0.023434376372484307,0.030705637282951614,oos,spun_short,-1
0001193125-26-234991,0000728387,CATX,2026-05-22,acceptance_time,updated_after_release,2026-05-21T18:02:43,1,unclear,aact,1,unclear,1,unclear,0,illiquid (Nasdaq 20-day dollar volume < $1.2M),False,False,2027.0,2026-05-26,441929013.375,699609.49375,0.040669397469912244,0.032724578463691256,oos,no_trade,0
0001714899-26-000070,0001714899,DNLI,2026-05-22,acceptance_time,updated_after_release,2026-05-21T18:17:45,0,no,aact,0,no,0,no,1,,False,False,2027.0,2026-05-26,3063097924.1,8278462.340500002,0.031927674194941365,-0.025470307045250995,oos,clean_short,-1
0001628280-26-038307,0001357874,DTIL,2026-05-27,acceptance_time,updated_after_release,2026-05-27T07:30:35,1,yes,aact,2,unclear,1,yes,1,market cap outside $300M-$10B,False,False,2029.0,2026-05-28,195064987.32,459349.8042499999,0.038130439350224705,-0.004127698055733875,oos,clean_long,1
0001104659-26-066572,0001974640,APGE,2026-05-27,acceptance_time,,2026-05-27T06:37:49,0,yes,text,0,yes,,,1,,False,False,2029.0,2026-05-28,6196518269.0,9530208.18675,0.02315157265710451,-0.06851891274906341,oos,clean_long,1
0001935979-26-000048,0001935979,BHVN,2026-05-27,release_date_only,unchanged_since_release,2026-05-26T23:59,3,no,aact,2,unclear,3,no,1,,False,False,2029.0,2026-05-28,1516149169.3,2083666.0729999996,0.04106678836261271,0.11305598442089781,oos,spun_short,-1
0001493152-26-025270,0001535955,LPCN,2026-05-27,acceptance_time,unchanged_since_release,2026-05-26T17:08:04,0,unclear,aact,0,unclear,0,unclear,0,market cap outside $300M-$10B,False,False,2029.0,2026-05-28,18796896.84,48527.0485,0.018280013440283804,-0.012481916936268433,oos,no_trade,0
0001493152-26-025324,0001430306,TNXP,2026-05-27,acceptance_time,,2026-05-27T07:05:55,0,yes,text,0,yes,,,1,market cap outside $300M-$10B,False,False,2029.0,2026-05-28,203564028.76999998,1352743.9449999998,0.05761982397662505,-0.05782187214928147,oos,clean_long,1
0001437749-26-018586,0001001316,TGTX,2026-05-28,acceptance_time,updated_after_release,2026-05-27T16:34:57,0,yes,aact,0,yes,0,yes,0,,False,False,2030.0,2026-05-29,6000876336.0,21293266.4015,0.04212873598973789,-0.02069923150699915,oos,clean_long,1
0001140361-26-023093,0000874015,IONS,2026-05-28,acceptance_time,,2026-05-28T12:41:22,0,yes,text,0,yes,,,2,market cap outside $300M-$10B,False,False,2030.0,2026-05-29,12637627657.32,26890105.97,0.01635147045304701,-0.00015142431036596626,oos,clean_long,1
0001193805-26-000703,0001280776,IMUX,2026-05-28,acceptance_time,unchanged_since_release,2026-05-28T07:01:07,3,unclear,aact,3,unclear,3,unclear,4,market cap outside $300M-$10B,False,False,2030.0,2026-05-29,190837579.26,712000.2495,0.04976480380533872,0.06144289729312913,oos,spun_short,-1
0001437749-26-018819,0001659617,MBRX,2026-05-29,acceptance_time,,2026-05-29T09:26:14,1,unclear,text,1,unclear,,,1,market cap outside $300M-$10B,False,False,2031.0,2026-06-01,14621599.000000002,76532.59,0.04796674319937365,0.012731846850619455,oos,no_trade,0
0001104659-26-068604,0001661059,NXTC,2026-06-01,acceptance_time,updated_after_release,2026-06-01T08:10:58,2,unclear,aact,2,unclear,2,unclear,2,market cap outside $300M-$10B,False,False,2032.0,2026-06-02,22322753.279999997,85075.11999999998,0.08061191544082233,-0.43054499177267724,oos,no_trade,0
0001213900-26-063530,0001851484,CTOR,2026-06-02,acceptance_time,unchanged_since_release,2026-06-01T16:30:18,2,unclear,aact,2,unclear,2,unclear,1,market cap outside $300M-$10B,False,False,2033.0,2026-06-03,72906562.0564,9021.60528,0.04482646225809642,0.027527979934735658,oos,spun_short,-1
0001104659-26-069206,0001509261,RZLT,2026-06-02,acceptance_time,updated_after_release,2026-06-02T07:05:59,1,unclear,aact,1,unclear,1,unclear,0,illiquid (Nasdaq 20-day dollar volume < $1.2M),False,False,2033.0,2026-06-03,348096776.565,820532.3385000001,0.03407133846496084,0.15311937163876743,oos,no_trade,0
0001689548-26-000053,0001689548,PRAX,2026-06-02,acceptance_time,,2026-06-01T16:28:49,1,no,text,1,no,,,0,"no ticker printed in the release (missing, or today's SEC ticker)",,,,,,,,,oos,no_trade,0
0001213900-26-063531,0001506251,CTOR,2026-06-02,acceptance_time,unchanged_since_release,2026-06-01T16:30:19,2,unclear,aact,2,unclear,2,unclear,1,market cap outside $300M-$10B,False,False,2033.0,2026-06-03,21525560.137000002,9021.60528,0.04482646225809642,0.027527979934735658,oos,spun_short,-1
0001193125-26-251399,0001676725,IDYA,2026-06-02,acceptance_time,unchanged_since_release,2026-06-01T16:05:32,1,unclear,aact,0,unclear,0,unclear,1,"no ticker printed in the release (missing, or today's SEC ticker)",,,,,,,,,oos,no_trade,0
0001437749-26-019262,0001001316,TGTX,2026-06-03,acceptance_time,,2026-06-03T07:34:29,0,yes,text,0,yes,,,0,,False,False,2034.0,2026-06-04,5613574878.6,20682579.17,0.04100758744628535,0.07776519878798616,oos,clean_long,1
0001193125-26-254658,0001213037,CRDF,2026-06-03,acceptance_time,updated_after_release,2026-06-03T08:30:20,2,unclear,aact,4,unclear,4,unclear,0,"no ticker printed in the release (missing, or today's SEC ticker)",,,,,,,,,oos,no_trade,0
0001104659-26-069810,0001829635,RNAZ,2026-06-03,acceptance_time,unchanged_since_release,2026-06-03T08:08:44,1,yes,aact,1,yes,1,yes,1,market cap outside $300M-$10B,False,False,2034.0,2026-06-04,4903558.32,12600.590750000001,0.04078204984379932,-0.03930026883335058,oos,clean_long,1
0000950103-26-008465,0001771910,ADCT,2026-06-04,acceptance_time,unchanged_since_release,2026-06-03T16:17:06,0,yes,aact,0,yes,0,yes,0,illiquid (Nasdaq 20-day dollar volume < $1.2M),False,False,2035.0,2026-06-05,390476855.06,334269.71975,0.03166507737847181,-0.5993149121033032,oos,clean_long,1
0001193125-26-257430,0001880438,ANTX,2026-06-05,acceptance_time,unchanged_since_release,2026-06-04T16:15:49,1,yes,aact,1,unclear,1,yes,2,market cap outside $300M-$10B,False,False,2036.0,2026-06-08,150547552.98,256118.86925,0.04234970003173123,-0.05051987451712869,oos,clean_long,1
0001193125-26-258372,0001768446,CLYM,2026-06-05,acceptance_time,unchanged_since_release,2026-06-05T07:12:49,0,yes,aact,1,unclear,0,yes,0,,False,False,2036.0,2026-06-08,628147937.3100001,1855477.0522499997,0.050050073160139284,-0.00313749630425586,oos,clean_long,1
0001193125-26-260640,0001789972,CGEM,2026-06-08,release_date_only,,2026-06-06T23:59,2,unclear,"text, match rejected",2,unclear,,,2,,False,False,2037.0,2026-06-09,830912781.92,3156869.477,0.048677784852653894,-0.016781191103196647,oos,no_trade,0
0001193125-26-260679,0001819133,TNGX,2026-06-08,acceptance_time,,2026-06-08T07:15:55,2,unclear,text,2,unclear,,,1,,False,False,2037.0,2026-06-09,2919719516.6699996,12594818.27225,0.06139472685902039,0.5340359177992193,oos,spun_short,-1
0001104659-26-071211,0001638287,MTVA,2026-06-08,acceptance_time,unchanged_since_release,2026-06-08T09:01:47,1,yes,aact,1,unclear,1,yes,2,market cap outside $300M-$10B,False,False,2037.0,2026-06-09,13324074.6,1815245.1520800006,0.2270660170732931,-0.1339489815715238,oos,clean_long,1
0001193125-26-263831,0001680367,STTK,2026-06-09,release_date_only,unchanged_since_release,2026-06-08T23:59,1,yes,aact,1,unclear,1,yes,2,market cap outside $300M-$10B,False,False,2038.0,2026-06-10,298287211.13,1122354.8969999999,0.050216258769220215,0.07744486137386031,oos,clean_long,1
0001104659-26-072382,0001818382,HUMA,2026-06-11,acceptance_time,updated_after_release,2026-06-10T16:34:18,0,yes,aact,0,yes,0,yes,1,market cap outside $300M-$10B,False,False,2040.0,2026-06-12,299725795.8,1171764.7198649996,0.08957442888252497,-0.23389853410035044,oos,clean_long,1
0001104659-26-072633,0000894158,TOVX,2026-06-11,acceptance_time,unchanged_since_release,2026-06-11T08:10:25,2,unclear,aact,2,unclear,2,yes,1,market cap outside $300M-$10B,False,False,2040.0,2026-06-12,11069311.5216,5156.9752499999995,0.06307003146141642,0.29899256595492885,oos,spun_short,-1
0001549595-26-000034,0001549595,NRIX,2026-06-11,acceptance_time,updated_after_release,2026-06-11T07:06:57,1,yes,aact,1,unclear,1,yes,3,,False,False,2040.0,2026-06-12,1583142997.03,7398550.11125,0.036806922107671586,0.07823103505077333,oos,clean_long,1
0001619856-26-000043,0001619856,CRBU,2026-06-11,acceptance_time,unchanged_since_release,2026-06-11T08:02:57,2,unclear,aact,2,unclear,2,unclear,1,market cap outside $300M-$10B,False,False,2040.0,2026-06-12,176541423.5,699946.0057500001,0.04909657145169505,-0.09480157196968031,oos,no_trade,0
0001193125-26-266731,0001672619,ELVN,2026-06-11,acceptance_time,unchanged_since_release,2026-06-11T08:09:27,1,yes,aact,1,unclear,1,yes,2,,False,False,2040.0,2026-06-12,2252873952.54,6130601.3245,0.03377167127561277,0.060099843839633404,oos,clean_long,1
0001193125-26-266688,0001768446,CLYM,2026-06-11,acceptance_time,unchanged_since_release,2026-06-11T07:12:53,1,yes,aact,1,unclear,1,yes,0,,False,False,2040.0,2026-06-12,618413648.4000001,2018624.8907499998,0.05064279104550265,-0.021861497063313307,oos,clean_long,1
0001193125-26-270328,0001885522,NMRA,2026-06-15,acceptance_time,,2026-06-15T08:15:16,0,no,text,0,no,,,1,illiquid (Nasdaq 20-day dollar volume < $1.2M),False,False,2042.0,2026-06-16,328879533.09999996,314023.38,0.042569253680213075,-0.5012041595366593,oos,clean_short,-1
0001628280-26-043042,0001842952,CNTX,2026-06-15,acceptance_time,,2026-06-15T09:18:44,0,unclear,text,0,unclear,,,0,"no ticker printed in the release (missing, or today's SEC ticker)",,,,,,,,,oos,no_trade,0
0001636282-26-000083,0001636282,SYRE,2026-06-15,acceptance_time,updated_after_release,2026-06-15T08:01:32,1,yes,aact,1,yes,1,yes,0,,False,False,2042.0,2026-06-16,7012431179.75,14827691.724499997,0.045365045651483055,0.017761523104076637,oos,clean_long,1
0001628280-26-043170,0001649904,RYTM,2026-06-15,release_date_only,unchanged_since_release,2026-06-13T23:59,1,unclear,aact,2,unclear,2,unclear,1,,False,False,2042.0,2026-06-16,6066506371.639999,9008860.454,0.026540991556738985,-0.003698383806817196,oos,no_trade,0
0001493152-26-028610,0001053369,ELTP,2026-06-15,acceptance_time,,2026-06-15T07:02:38,0,yes,text,0,yes,,,0,no prices for the release's ticker,,,,,,,,,oos,no_trade,0
0001601485-26-000046,0001601485,ELTX,2026-06-15,acceptance_time,updated_after_release,2026-06-15T09:21:02,3,no,aact,3,no,3,no,3,market cap outside $300M-$10B,False,False,2042.0,2026-06-16,283237442.04,467117.68875000003,0.057977600476771925,-0.7449183313600526,oos,no_trade,0
0001171843-26-004119,0000882361,APS,2026-06-15,acceptance_time,unchanged_since_release,2026-06-15T08:00:25,1,yes,aact,2,unclear,1,yes,2,no prices for the release's ticker,,,,,,,,,oos,no_trade,0
0001493152-26-028807,0001828673,HCWB,2026-06-16,acceptance_time,updated_after_release,2026-06-16T07:15:40,2,unclear,aact,2,unclear,2,unclear,1,market cap outside $300M-$10B,False,True,2043.0,2026-06-17,8350288.96,4505599.845499999,0.32280079787675303,-0.08966067052110605,oos,no_trade,0
0001104659-26-076044,0001590560,QURE,2026-06-22,release_date_only,updated_after_release,2026-06-19T23:59,1,unclear,aact,1,unclear,1,unclear,2,no shares outstanding,False,False,,,,,,,oos,no_trade,0
0001193125-26-276693,0001783328,TCRX,2026-06-22,acceptance_time,updated_after_release,2026-06-22T07:09:59,2,unclear,aact,2,unclear,2,unclear,0,market cap outside $300M-$10B,False,False,2046.0,2026-06-23,22197852.9036,66719.92728999999,0.03683248550288802,-0.09677699157912467,oos,no_trade,0
0001193125-26-276738,0001806310,TSHA,2026-06-22,acceptance_time,updated_after_release,2026-06-22T08:14:24,2,unclear,aact,2,unclear,2,unclear,1,,False,False,2046.0,2026-06-23,1837673722.8999999,2485728.64,0.033738258751556824,-0.01849623749977547,oos,no_trade,0
0001213900-26-070362,0001821586,MLTX,2026-06-22,release_date_only,,2026-06-21T23:59,2,unclear,text,2,unclear,,,2,,False,False,2046.0,2026-06-23,1414151757.16,3019783.3567500003,0.030834094765611487,0.11578439152170983,oos,spun_short,-1
0001672688-26-000118,0001672688,ABSI,2026-06-24,acceptance_time,updated_after_release,2026-06-24T06:32:11,0,yes,aact,0,yes,0,yes,1,,False,False,2048.0,2026-06-25,1150579313.28,7709620.956249999,0.0937099009852384,0.34571930226344527,oos,clean_long,1
0001193125-26-286918,0002044725,EVMN,2026-06-29,acceptance_time,updated_after_release,2026-06-29T08:32:15,0,no,aact,0,no,0,no,0,illiquid (Nasdaq 20-day dollar volume < $1.2M),False,False,2051.0,2026-06-30,905141688.36,971684.2612499999,0.04422116414934588,-0.4210240178850261,oos,clean_short,-1
0001193125-26-286780,0001374690,LRMR,2026-06-29,acceptance_time,,2026-06-29T06:33:36,2,unclear,text,2,unclear,,,1,,False,False,2051.0,2026-06-30,380211549.42,1606705.0129999998,0.04410314449257012,-0.14656106132471358,oos,no_trade,0
0001437749-26-022088,0001659617,MBRX,2026-06-30,acceptance_time,updated_after_release,2026-06-30T08:30:18,2,no,aact,1,no,2,no,3,market cap outside $300M-$10B,False,False,2052.0,2026-07-01,18944042.5,146758.126,0.05588721757438905,-0.22190357913016256,oos,no_trade,0
0001628280-26-046143,0001411685,VTGN,2026-06-30,acceptance_time,unchanged_since_release,2026-06-30T08:28:42,2,no,aact,2,no,2,no,3,market cap outside $300M-$10B,False,False,2052.0,2026-07-01,31328277.8655,78292.782685,0.07187379653939299,-0.7033631288317775,oos,no_trade,0
0001517022-26-000047,0001517022,AKBA,2026-06-30,acceptance_time,unchanged_since_release,2026-06-30T08:05:11,0,yes,aact,0,yes,0,yes,2,market cap outside $300M-$10B,False,False,2052.0,2026-07-01,299107940.945,633424.622685,0.04031529751830719,0.009600242002913983,oos,clean_long,1
0001193125-26-290768,0001369568,CPRX,2026-07-01,acceptance_time,,2026-06-30T16:57:55,1,yes,text,1,yes,,,2,,False,False,2053.0,2026-07-02,3846434578.56,7473471.626,0.000686605973673865,0.010938445696763388,oos,clean_long,1
0001437749-26-022876,0000072444,VXRT,2026-07-07,release_date_only,,2026-07-06T23:59,0,unclear,text,0,unclear,,,1,"no trade on previous day, reaction day or entry day",,,,,,,,,oos,no_trade,0
0001104659-26-080930,0001346830,TVRD,2026-07-07,acceptance_time,unchanged_since_release,2026-07-07T07:02:35,0,yes,"text, match rejected",0,yes,0,yes,1,market cap outside $300M-$10B,False,False,2056.0,2026-07-08,19091035.040000003,60157.481499999994,0.07942939017688136,0.5041789525706653,oos,clean_long,1
0001104659-26-081562,0001567892,,2026-07-08,acceptance_time,,2026-07-08T07:17:28,0,yes,text,0,yes,,,1,"no ticker printed in the release (missing, or today's SEC ticker)",,,,,,,,,oos,no_trade,0
0001193125-26-298005,0001609809,MCRB,2026-07-08,acceptance_time,updated_after_release,2026-07-08T08:00:09,1,yes,aact,1,yes,1,yes,2,market cap outside $300M-$10B,False,False,2057.0,2026-07-09,78032465.72,154290.0035,0.050249222977426546,-0.11876759300604,oos,clean_long,1
0001140361-26-028092,0000874015,IONS,2026-07-09,acceptance_time,updated_after_release,2026-07-09T14:55:22,2,no,aact,2,no,2,no,3,market cap outside $300M-$10B,False,False,2058.0,2026-07-10,13956422854.2,30143506.175,0.0180059725538773,-0.2470327499805055,oos,no_trade,0
0001193125-26-299177,0001419041,FBRX,2026-07-09,acceptance_time,unchanged_since_release,2026-07-09T08:05:21,1,yes,aact,1,yes,1,yes,1,market cap outside $300M-$10B,False,False,2058.0,2026-07-10,285350477.40000004,1455295.17325,0.04400921179669067,0.7757484058885136,oos,clean_long,1
0001193125-26-301464,0001661998,QTTB,2026-07-13,acceptance_time,unchanged_since_release,2026-07-13T07:09:59,1,yes,aact,1,yes,1,yes,3,market cap outside $300M-$10B,False,False,2060.0,2026-07-14,189911848.0,1017659.8740000001,0.0657353718001725,0.9288702825528553,oos,clean_long,1
0001493152-26-033289,0001962011,KAPA,2026-07-15,acceptance_time,unchanged_since_release,2026-07-15T08:30:36,2,unclear,"text, match rejected",2,unclear,2,unclear,0,market cap outside $300M-$10B,False,True,2062.0,2026-07-16,7740148.077,463.12273500000003,0.05018821879088777,-0.13283629749213932,oos,no_trade,0
0001437749-26-023538,0001053691,CRVO,2026-07-15,acceptance_time,updated_after_release,2026-07-14T16:21:27,3,no,aact,3,no,3,no,2,market cap outside $300M-$10B,False,False,2062.0,2026-07-16,28516854.52,5721840.356250001,0.20486337617366351,-0.01774585543074292,oos,no_trade,0
0001827635-26-000023,0001827635,MANE,2026-07-15,acceptance_time,,2026-07-15T08:54:36,1,yes,text,1,yes,,,2,60-day window crosses the period end,False,False,2062.0,2026-07-16,4591477701.3,5701415.723750001,0.05192630838843107,0.1255414305317022,oos,clean_long,1
0001140361-26-028602,0001104506,INSM,2026-07-16,acceptance_time,unchanged_since_release,2026-07-16T07:00:46,1,yes,aact,1,yes,1,yes,1,market cap outside $300M-$10B,False,False,2063.0,2026-07-17,23795084070.78,67742465.07200001,0.024459812957610357,0.006314752112799971,oos,clean_long,1
0001125345-26-000050,0001125345,MGNX,2026-07-24,acceptance_time,updated_after_release,2026-07-23T16:07:30,0,yes,aact,0,unclear,0,yes,0,market cap outside $300M-$10B,False,False,2069.0,2026-07-27,254570307.61499998,1074321.611,0.04307533864643725,-0.06472548436892134,oos,clean_long,1
0001193125-26-316820,0001770069,MPLT,2026-07-27,acceptance_time,updated_after_release,2026-07-27T07:07:27,4,unclear,"text, match rejected",4,unclear,4,unclear,0,"no ticker printed in the release (missing, or today's SEC ticker)",,,,,,,,,oos,no_trade,0
0001326190-26-000044,0001326190,ALT,2026-07-28,acceptance_time,updated_after_release,2026-07-28T07:04:40,0,yes,aact,0,yes,0,yes,2,60-day window crosses the period end,False,False,2071.0,2026-07-29,576615866.61,1694399.3419999997,0.029601115486398058,0.017314575018760325,oos,clean_long,1
0001104659-26-087269,0001374339,PMN,2026-07-28,acceptance_time,unchanged_since_release,2026-07-28T06:05:27,1,unclear,aact,1,unclear,1,unclear,3,market cap outside $300M-$10B,False,False,2071.0,2026-07-29,105639423.53999999,180116.66100000002,0.07799975516172632,0.2219787813650128,oos,no_trade,0
0001104659-26-087891,0001133869,CAPR,2026-07-29,acceptance_time,updated_after_release,2026-07-29T10:05:21,0,yes,aact,0,yes,0,yes,1,"no trade on previous day, reaction day or entry day",,,,,,,,,oos,no_trade,0
0001193125-26-326995,0001503802,KPTI,2026-07-31,release_date_only,,2026-07-30T23:59,1,no,text,1,no,,,1,market cap outside $300M-$10B,False,False,2074.0,2026-08-03,158413971.57,1110580.5354999998,0.059822480410699506,-0.6970138848934387,oos,clean_short,-1
0001140361-26-030568,0001281895,RCKT,2026-08-03,acceptance_time,unchanged_since_release,2026-08-03T07:41:33,1,unclear,aact,1,unclear,1,unclear,1,illiquid (Nasdaq 20-day dollar volume < $1.2M),False,False,2075.0,2026-08-04,340137905.13500005,1157683.5705,0.03053165011923769,0.0892144077902417,oos,no_trade,0
0001520138-26-000312,0001580149,BIVI,2026-08-06,acceptance_time,updated_after_release,2026-08-06T07:35:24,3,no,aact,2,yes,2,yes,4,market cap outside $300M-$10B,False,False,2078.0,2026-08-07,15536188.34,65290.12975,0.1087089973558386,-0.3525638584075742,oos,no_trade,0
0001193125-26-336867,0001528115,ANNX,2026-08-06,acceptance_time,unchanged_since_release,2026-08-06T08:17:10,3,unclear,aact,2,unclear,3,unclear,2,market cap outside $300M-$10B,False,False,2078.0,2026-08-07,207279161.875,3172468.05575,0.05394012857440266,0.031529616417442785,oos,spun_short,-1
0001628280-26-054341,0001411685,VTGN,2026-08-07,acceptance_time,unchanged_since_release,2026-08-06T16:16:48,3,no,aact,3,no,3,no,4,market cap outside $300M-$10B,False,False,2079.0,2026-08-10,11448054.387000002,55552.87706499999,0.05997333020980436,0.007753018481559515,oos,spun_short,-1
0001193125-26-341236,0000034956,TENX,2026-08-10,acceptance_time,unchanged_since_release,2026-08-10T07:19:06,3,no,aact,3,no,3,no,4,60-day window crosses the period end,False,False,2080.0,2026-08-11,502977444.47999996,4730607.3117499985,0.04933937133231829,-0.9019735879052792,oos,no_trade,0
0001193125-26-341293,0001479615,SLN,2026-08-10,acceptance_time,,2026-08-10T07:57:19,0,yes,text,0,yes,,,0,illiquid (Nasdaq 20-day dollar volume < $1.2M),False,False,2080.0,2026-08-11,1690526811.2,1117134.39925,0.050092847772944156,0.2894699268434535,oos,clean_long,1
0001703057-26-000053,0001703057,ABCL,2026-08-10,acceptance_time,unchanged_since_release,2026-08-10T07:49:17,1,yes,aact,0,yes,4,no,1,60-day window crosses the period end,False,False,2080.0,2026-08-11,2124817459.3799999,5318816.376999999,0.05150216913574159,0.34385523604854473,oos,clean_long,1
0001193125-26-341230,0002036042,SION,2026-08-10,acceptance_time,updated_after_release,2026-08-10T07:15:06,0,no,aact,0,no,0,no,1,60-day window crosses the period end,False,False,2080.0,2026-08-11,2307640844.96,6181559.0565,0.04187053951087366,-0.915741967514176,oos,clean_short,-1
0001829126-26-008654,0001979414,NTHI,2026-08-12,acceptance_time,updated_after_release,2026-08-12T08:30:57,0,yes,"text, match rejected",0,yes,0,yes,2,market cap outside $300M-$10B,False,False,2082.0,2026-08-13,113082551.4,93845.1735,0.0701234966698781,-0.21891456262460052,oos,clean_long,1
0001193125-26-347400,0001789972,CGEM,2026-08-13,acceptance_time,,2026-08-12T19:35:50,0,yes,text,0,yes,,,1,60-day window crosses the period end,False,False,2083.0,2026-08-14,1263282643.22,2119753.0579999997,0.04122436776512711,0.015428330559474013,oos,clean_long,1
0001193125-26-354716,0001658551,AMLX,2026-08-18,acceptance_time,updated_after_release,2026-08-18T07:09:58,0,yes,aact,0,yes,0,yes,2,60-day window crosses the period end,False,False,2086.0,2026-08-19,2391138610.08,8651382.49275,0.0451996625420849,0.6337035316042143,oos,clean_long,1
0001193125-26-357185,0001515673,RARE,2026-08-20,acceptance_time,,2026-08-19T17:24:44,0,yes,text,0,yes,,,0,60-day window crosses the period end,False,False,2088.0,2026-08-21,2586972027.52,9898221.13725,0.026476767319119743,0.001969490980586186,oos,clean_long,1
0001185185-26-003691,0001098009,AAGH,2026-08-25,acceptance_time,,2026-08-24T16:08:00,4,unclear,text,4,unclear,,,1,"no ticker printed in the release (missing, or today's SEC ticker)",,,,,,,,,oos,no_trade,0
0001636282-26-000105,0001636282,SYRE,2026-08-26,acceptance_time,unchanged_since_release,2026-08-25T16:04:39,2,no,aact,2,no,2,no,4,60-day window crosses the period end,False,False,2092.0,2026-08-27,9471625514.04,14959330.704499999,0.030796846349559252,-0.12432031206869887,oos,no_trade,0
0001599298-26-000074,0001599298,SMMT,2026-08-26,release_date_only,,2026-08-25T23:59,0,yes,text,0,yes,,,1,market cap outside $300M-$10B,False,False,2092.0,2026-08-27,10653945934.710001,13229647.734000001,0.04124721836915158,0.06868238116696967,oos,clean_long,1
0001193125-26-372456,0001061983,CYTK,2026-08-28,acceptance_time,updated_after_release,2026-08-28T09:21:49,0,yes,aact,0,yes,0,yes,1,market cap outside $300M-$10B,False,False,2094.0,2026-08-31,10843826604.0,26802298.247250002,0.023439958337825046,-0.040859943670214616,oos,clean_long,1
0001104659-26-104145,0001847367,ALMS,2026-09-01,acceptance_time,unchanged_since_release,2026-09-01T08:30:46,2,no,aact,2,no,3,no,2,no shares outstanding,False,False,,,,,,,oos,no_trade,0
